entity_id	business_name	business_address	country
S1-000000	Kestrel Services Limited	156 Maplecrest St Nagpur MP	IN
S1-000001	Clearwater Industries Limited	328 Silverline Mn, Surat, Gujarat	IN
S1-000002	Summit Packaging Incorporated	359 Lantern Road, Thistle Park, Tacoma	United States
S1-000003	Maplecrest Sunstone Packaging Private Limited	33/40 Orchid Main, Goldleaf Nagar, Surat, Tamil Nadu, 363121	IN
S1-000004	Meridian Systems Private Limited	Near Metro Pillar 42 33 Stonebridge Road Falcon Nagar Indore Gujarat 653200	IN
S1-000005	Stonebridge Redwood Trading Limited Liability Company	368 Summit Ave, Clearwater Park, Lubbock, IL	US
S1-000006	Ravenwood Solutions Limited	221 Silverline Street, Goldleaf Nagar, Pune, Maharashtra, 961909	India
S1-000007	Summit Enterprises Corporation	21 Reddwood Road, Lubbock, WA, 53331	USA
S1-000008	Kestrel Fabrics Corporation	315 Orchid Drive, Opp. City Library, Mobile	United States
S1-000009	Thistle Packaging Corporation	354 Apex Rd, Cobalt Park, Fresno, CA	United States
S1-000010	Goldleaf Foods Corporation	142 Harbor St Lantern Park Peorria AL 30169	United States
S1-000011	Harbor Foods Private Limited	270 Meridian Rd, Surat, 206988, Gujarat	India
S1-000012	Apex Motors Private Limited	6/88 Juniper St, Thistle Nagar, Surat, 478827	India
S1-000013	Sunstone Textiles Private Limited	325 Summit Mn, Bluepeak Nagar, Opp. Bus Depot,, Kochi	IN
S1-000014	Goldleaf Electricals Corporation	Behind the Civic Center 5/2 Sunstone Avenue Maplecrest Park Mobile WA	United States
S1-000015	Cobalt Stonebridge Textiles Private Limited	213 Northgate Road, Silverline Nagar, Kochi, Tamil Nadu, 791662	IN
S1-000016	Summit Logistics Limited	110 Northgate St, Juniper Nagar, Indore, 896882	IN
S1-000017	Vertex Motors Company	111 Sunstone Street, Ravenwood Park, Fresno, OH, 50888	United States
S1-000018	Goldleaf Foods Company	84 Juniper Street, Kestrel Park, Tacoma, OH, 45368	United States
S1-000019	Clearwater Fabrics Incorporated	Opp. City Library, 273 Thistle Drive, Goldleaf Park, Fresno, 53340	United States
S1-000020	Kestrel Textiles Limited	11/88 Silverline St, Orchid Nagar, Kochi, Tamil Nadu, 834096	India
S1-000021	Brightpath Kestrel Foods Company	321 Thiistle Blvd Brightpath Park Mobile TX	USA
S1-000022	Maplecrest Chemicals Private Limited	267 Vertex Road, Lantern Nagar, Jaipur, Tamil Nadu, 831189	IN
S1-000023	Apex Orchid Solutions Private Limited	312 Silverline Marg Surat 165052	IN
S1-000024	Juniper Electricals Limited	275 Brightpath Road, Onyx Nagar, Coimbatore, Kerala	India
S1-000025	Kestrel Falcon Logistics Private Limited	Opp. Bus Depot, 22/4 Maplecrest Marg, Orchid Nagar, Jaipur, Gujarat, 146314	IN
S1-000026	Stonebridge Services Private Limited	243 Northgate Road, Stonebridge Nagar, Pune, Rajasthan	IN
S1-000027	Sunstone Solutions Private Limited	279 Juniper Rd, Opp. Bus Depot, Lantern Nagar, Indore, MP	India
S1-000028	Quarry Services Private Limited	265 Ravenwood Marg Cobalt Nagar Jaipur559470 MP	IN
S1-000029	Lantern Motors Limited	124 Northgate Rd, Maplecrest Nagar, Coimbatore, 387788	IN
S1-000030	Ravenwood Trading Private Limited	Behind Ganesh Temple 103 Junipre Mn Indore Maharashtra	India
S1-000031	Lantern Sunstone Industries Limited Liability Company	194 Summit St Meridian Park Peoria OH	US
S1-000032	Cobalt Consultancy Private Limited	340 Meridian St, Nagpur, 134505, Silverline Nagar	India
S1-000033	Kestrel Logistics Limited	108 Goldleaf Mn Falcon Nagar Pune 525866	IN
S1-000034	Stonebridge Services Private Limited	260 Clearwater Mn, Northgate Nagar, Coimbatore, Rajasthan	India
S1-000035	Apex Packaging Limited	51 Cobalt Marg, Surat, Maharashtra, 363741	India
S1-000036	Redwood Trading Private Limited	306 Vertex St, Onyx Nagar, Surat, Gujarat, 394519	India
S1-000037	Northgate Meridian Packaging Private Limited	336 Juniper Crs, Apex Nagar, Jaipur, Gujarat, 928356	India
S1-000038	Quarry Logistics Company	155 Sunstone Ave, Orchid Park, Peoria, TX, 35470	US
S1-000039	Ravenwood Northgate Services Private Limited	332 Ironwood Road, Quarry Nagar, Pune, Gujarat, 425383	IN
S1-000040	Cobalt Trading Incorporated	247 Apex Rd, Clearwater Park, Mobile, CA, 21151	USA
S1-000041	Orchid Brightpath Packaging Corporation	36 Apex Dr, Akron, CA	US
S1-000042	Kestrel Services Company	395 Northgate Road, Mobile	USA
S1-000043	Sunstone Falcon Consultancy Limited	308 Goldleaf aMrg, Indore, Tamil Nadu, 941115	India
S1-000044	Thistle Industries Limited Liability Company	359 Cobalt Rd, Lubbock	United States
S1-000045	Clearwater Packaging Incorporated	97 Harbor Avenue, Goldleaf Park, Tacoma, OH, 56219	United States
S1-000046	Orchid Services Company	180 Goldleaf Drive, Kestrel Park, Lubbock, CA, 94475	United States
S1-000047	Thistle Services Private Limited	255 Goldleaf Road Cobalt Nagar Nagpur 192649	India
S1-000048	Summit Motors Private Limited	34/55 Orchid Marg, Juniper Nagar, Jaipur, Gujarat, 513937	IN
S1-000049	Ironwood Industries Private Limited	3/39 Kestrel Main Maplecrest Nagar Nagpur Maharashtra815609	IN
S1-000050	Falcon Consultancy Limited	228 Orchid Marg, Orchid Nagar, Kochi, MP, 939735	IN
S1-000051	Thistle Electricals Company	55 Summit Blvd, Lubbock, WA, 27172	United States
S1-000052	Falcon Logistics Corporation	63 Harbor Dr, Redwood Park, Austin, AL, 59995	United States
S1-000053	Onyx Chemicals Incorporated	30/67 Bluepeak Road, Silverline Park, Lubbock, WA	US
S1-000054	Ironwood Systems Limited	393 Meridian Mn Nagpur 592500	India
S1-000055	Summit Packaging Private Limited	374 Onyx Street, Brightpath Nagar, Kochi, Rajasthan, 439892	IN
S1-000056	Clearwater Textiles Company	82 Stonebridge Drive Vertex Park Mobile OH	USA
S1-000057	Orchid Fabrics Private Limited	8 Thistle Main, Silverline Nagar, Nagpur, Tamil Nadu, 618344	IN
S1-000058	Thistle Fabrics Limited Liability Company	228 Lantern Dr, Opp. City Library, Juniper Park, Mobile, AL, 72246	United States
S1-000059	Harbor Vertex Motors Private Limited	158 Meridian Rd, Near Metro Pillar 42, Goldleaf Nagar, Indore, 789070	India
S1-000060	Northgate Solutions Limited Liability Company	382 Summit Road, Brightpath Park, Near Exit 14, Tacoma, WA, 96924	US
S1-000061	Kestrel Motors Limited	218 Onyx Rd, Onyx Nagar, Kochi, Gujarat, 948167	India
S1-000062	Lantern Motors Limited Liability Company	31/65 Thistle Drrive, Lubbock, OH	United States
S1-000063	Juniper Trading Incorporated	229 Juniper Drive, Apex Park, Tacoma	United States
S1-000064	Northgate Thistle Industries Limited	Near SBI ATM, 28 Quarry Marg, Vertex Nagar, 194236, Jaipur	India
S1-000065	Sunstone Trading Private Limited	377 Lantern Marg, Meridian Nagra, Kochi, 880135	India
S1-000066	Meridian Motors Incorporated	Onyx Park Austin 144 Silverline St	USA
S1-000067	Silverline Apex Packaging Incorporated	103 Quarry Blvd, Peoria, AL	US
S1-000068	Apex Packaging Limited	264 Onyx St, Goldleaf Nagar, Nagpur, 810583	India
S1-000069	Juniper Foods Incorporated	142 Vertex Dr Brightpath Park Lubbock 84560	USA
S1-000070	Ravenwood Lantern Packaging Corporation	103 Quarry Avenue, Redwood Park, Mobile, TX, 23707	US
S1-000071	Meridian Foods Private Limited	380 Ravenwood St, Quarry Nagar, Kochi, MP, 913392	India
S1-000072	Brightpath Packaging Limited Liability Company	12 Lantern Blvd, Harbor Park, Akron, TX	US
S1-000073	Cobalt Harbor Logistics Private Limited	372 Onyx Rd, Cobalt NNagar, Surat, Gujarat	IN
S1-000074	Sunstone Foods Limited Liability Company	Near Exit 14, 15/24 Lantern Dr, Sunstone Park, Tacoma, 72358	USA
S1-000075	Lantern Enterprises Limited Liability Company	39 Gldleaf Dr Apex Park Lubbock WA 91571	USA
S1-000076	Clearwater Logistics Private Limited	253 Ravenwood St, Bluepeak Nagar, Surat, 280319	India
S1-000077	Thistle Motors Company	299 Sunstone St, Opp. Cit Library, Cobalt Park, Tacoma, AL	United States
S1-000078	Cobalt Systems Private Limited	312 Brightpath Road, Coimbatore	IN
S1-000079	Stonebridge Consultancy Incorporated	191 Harbor Road, Ravenwood Park, Opp. City Library, Akron	United States
S1-000080	Silverline Services Private Limited	174 Summit Road, Opp. Bus Depot, Harbor Nagar, Jaipur, MP	India
S1-000081	Vertex Systems Corporation	281 Onyx Drive, Apex Park, Mobile, TX, 16996	USA
S1-000082	Northgate Industries Limited	268 Quarry Mn, Coimbatore, Maharashtra	IN
S1-000083	Onyx Foods Limited	310 Bluepeak Main, Pune, Gujarat, 546236	India
S1-000084	Cobalt Fabrics Corporation	5 Quarry Street TX Akron	US
S1-000085	Juniper Solutions Incorporated	276 Stonebridge Avenue, Juniper Park, Akron, 56391	United States
S1-000086	Vertex Enterprises Limited Liability Company	99 Cobalt Blvd, Redwood Park, Lubbock	USA
S1-000087	Northgate Sunstone Textiles Limited	385 Apex Main, Ironwood Nagar, Nagpur, Kerala, 844581	IN
S1-000088	Ironwood Trading Private Limited	357 Clearwater Mn, Juniper Nagar, Indore, 693932	IN
S1-000089	Orchid Services Limited Liability Company	360 Vertex Ave, Vretex Park, Fresno, WA	USA
S1-000090	Redwood Bluepeak Motors Company	272 Ironwood Boulevard Harbor Park Akron WA	US
S1-000091	Goldleaf Enterprises Incorporated	120 Lantern St Summit Park Akron AL	US
S1-000092	Harbor Trading Incorporated	105 Hrabor Ave, Falcon Park, Akron, OH, 90632	US
S1-000093	Kestrel Services Limited	335 Orchid St Coimbatore MP	IN
S1-000094	Goldleaf Electricals Private Limited	251 Harbor Main, Surat, 927696	India
S1-000095	Ravenwood Textiles Private Limited	9 Silverline Main, Orchid Nagar, Kochi	India
S1-000096	Falcon Foods Company	233 Silverline Blvd, Stonebridge Park, Lubbock, WA, 95501	US
S1-000097	Northgate Packaging Corporation	24/6 Lantern Avenue Fresno 72270	US
S1-000098	Juniper Trading Limited Liability Company	141 Vertex Boulevard, Summit Park, Opp. City Library, Tacoma, CA, 74724	US
S1-000099	Northgate Systems Private Limited	119 Clearwater Street, Surat, MP, 579422	India
S1-000100	Thistle Solutions Private Limited	11/49 Bluepeak Street, Hrbor Nagar, Opp. Bus Depot, Surat, Kerala	IN
S1-000101	Harbor Apex Packaging Company	230 Quarry Boulevard, 15428, Akron	US
S1-000102	Bluepeak Solutions Private Limited	Behind Ganesh Temple, 14/188 Harbor Mn, Thistle Nagar, Indore, Tamil Nadu, 320824	India
S1-000103	Silverline Services Private Limited	26 Kestrel Mn, Ravenwood Nagar, Nagpur, Tamil Nadu,  981598	IN
S1-000104	Sunstone Vertex Consultancy Incorporated	374 Clearwater Street Redwood Park Mobile WA	USA
S1-000105	Redwood Foods Limited	214 Silverline Rd Orchid Nagar Indore Tamil Nadu 963249	IN
S1-000106	Redwood Trading Private Limited	Behind Ganesh Temple, 42 Sunstone Cross, Harbor Nagar, Nagpur, Gujarat, 883797	IN
S1-000107	Bluepeak Logistics Private Limited	160 Lantern Mn, Northgate Nagar, Jaipur, Tamil Nadu, 813943	India
S1-000108	Cobalt Onyx Textiles Limited	232 Lantern Mn, Behind Ganesh Temple, Indore, 202268	IN
S1-000109	Bluepeak Trading Company	96 Silverline St, Austin, OH, 55814	United States
S1-000110	Onyx Motors Private Limited	230 Brightpath Marg, Falcon Nagar, Indore, 376804	India
S1-000111	Thistle Trading Private Limited	300 Harbor St, Summit Nagar, Jaipur, 301343, Maharashtra	India
S1-000112	Falcon Textiles Limited	Near Metro Pillar 42, 237 Juniper Crs, Maplecrest Nagar, Nagpur, Tamil Nadu, 700212	IN
S1-000113	Harbor Foods Company	348 Cobalt St, Behind the Civic Center, Lantern Park, Tacoma, WA	United States
S1-000114	Apex Fabrics Private Limited	380 Kestrel Cross Goldleaf Nagar Jaipur Gujarat 483610	IN
S1-000115	Falcon Motors Limited Liability Company	176 Onyx Avenue, Juniper Park, Mobile, 93508	USA
S1-000116	Ravenwood Electricals Limited	291 Redwood Main, Summit Nagar, Pune, Maharashtra, 179629	IN
S1-000117	Ravenwood Consultancy Limited Liability Company	224 Noorthgate Dr, Behind the Civic Center, Falcon Park, Mobile	United States
S1-000118	Goldleaf Packaging Private Limited	208 Ravenwood Main, Meridian Nagar, Surat, Rajasthan, 838236	IN
S1-000119	Maplecrest Consultancy Limited	370 Stonebridge Marg, Redwood Nagar, Opp. Bus Depot, Jaipur, 492426	India
S1-000120	Thistle Consultancy Private Limited	250 Ironwood Rd, Pune, Tamil Nadu, 273708	India
S1-000121	Apex Industries Incorporated	95 Quarry St, Cobalt Park, Peoria	USA
S1-000122	Northgate Electricals Private Limited	36/35 Bluepeak Marg, Kochi, Rajasthan	India
S1-000123	Apex Logistics Corporation	341 Northgate Drive Austi nTX 88856	USA
S1-000124	Northgate Systems Private Limited	261 Quarry Crs Bluepeak Nagar Surat Maharashtra	India
S1-000125	Harbor Chemicals Limited Liability Company	54 Clearwater Avenue, Meridian Park, Fresno, WA, 76250	USA
S1-000126	Cobalt Enterprises Limited Liability Company	327 Falcon Street, Bluepeak Park, PPeoria, 70500	USA
S1-000127	Thistle Services Corporation	343 Falcon Avenue, Behind the Civic Center, Ravenwood Park, Mobile, 71506	USA
S1-000128	Meridian Chemicals Incorporated	298 Orchid Ave, Northgate Park, TX, 67341, Peoria	USA
S1-000129	Onyx Consultancy Company	209 Redwood St, Silverline Park, Lubbock	US
S1-000130	Ravenwood Industries Private Limited	312 Sunstone Road, Behind Ganesh Temple, Meridian Nagar, Nagpur, Gujarat, 504975	IN
S1-000131	Silverline Solutions Corporation	148 Northgate Boulevard Ironwood Park Lubbock	United States
S1-000132	Sunstone Foods Limited Liability Company	17 Cobalt Rd, Fresno	United States
S1-000133	Harbor Vertex Motors Private Limited	18 Kestrel Crs, Nagpur, MP	IN
S1-000134	Cobalt Logistics Limited	Near SBI ATM, 346 Redwood Marg, Cobalt Nagar, Jaipur	India
S1-000135	Ravenwood Enterprises Corporation	376 Summit Blvd, Goldlea fPark, Mobile, TX	US
S1-000136	Stonebridge Textiles Company	Quarry Park, Lubbock, CA, 347 Vertex St	US
S1-000137	Maplecrest Fabrics Limited	81 Apex Street, Brightpath Nagar, Nagpur, 980726	India
S1-000138	Kestrel Trading Limited	49 Thistle Marg, Falcon Nagar, Jaipur, Kerala, 811731	IN
S1-000139	Ironwood Services Private Limited	314 Meridian St, Ravenwood Nagar, Coimbatore, 982969	India
S1-000140	Orchid Silverline Electricals Incorporated	Opp. City Library, Onyx Park, Austin, AL, 74657, 143 Ravenwood Ave	US
S1-000141	Northgate Industries Limited	45 Apex Crs, Stonebridge Nagar, Pune, Maharashtra, 348459	India
S1-000142	Falcon Bluepeak Consultancy Limited	24 Silverline Mn Pune Gujarat 287982	India
S1-000143	Ironwood Consultancy Incorporated	365J uniper St, Ravenwood Park, Akron	USA
S1-000144	Brightpath Kestrel Consultancy Corporation	303 Lantern Boulevard Orchid Park Peoria 49273	US
S1-000145	Clearwater Logistics Corporation	Behind the Civic Center, 315 Summit Blvd, Onyx Park, Fresno, AL	United States
S1-000146	Falcon Ravenwood Trading Corporation	260 Orchid Street Austin WA 21017	US
S1-000147	Juniper Textiles Corporation	Behind the Civic Center 143 Meridian Ave Meridian Park Austin AL 75366	United States
S1-000148	Maplecrest Falcon Textiles Limited Liability Company	387 Stonebridge Street Lubbock OH	United States
S1-000149	Falcon Logistics Limited Liability Company	13/10 Summit Drive, Apex Park, kron, CA	United States
S1-000150	Thistle Trading Limited	Opp. Bus Depot, 197 Onyx Mn, Pune, Kerala, 430433	IN
S1-000151	Redwood Motors Corporation	2 Redwood Avenue, Redwood Park, Fresno	US
S1-000152	Orchid Clearwater Trading Limited Liability Company	Behind the Civic Center, 13 Goldleaf Avenue, Falcon Park, Austin	USA
S1-000153	Kestrel Meridian Systems Company	Maplecrest Park, Austin, TX, 13948, 170 Orchid Avenue	US
S1-000154	Apex Fabrics Private Limited	186 Sunstone Rd, Maplecrest Nagar, Coimbatore	IN
S1-000155	Apex Northgate Chemicals Private Limited	21/25 Goldleaf Road, Harbor Nagar, Kochi, MP, 433614	IN
S1-000156	Goldleaf Logistics Corporation	178 Clearwater Street, Northgate Park, Behind the Civic Center, Akron	US
S1-000157	Clearwater Foods Private Limited	18 Cobalt St, Falcon Nagar, Pune, Gujarat, 361584	India
S1-000158	Sunstone Logistics Private Limited	13/56 Silverline Road Jaipur, 390937	IN
S1-000159	Ironwood Northgate Chemicals Incorporated	292 Cobalt Street, Austin, AL	United States
S1-000160	Summit Packaging Private Limited	191 Cobalt Street, Harbor Nagar, Pune, 771489	IN
S1-000161	Falcon Services Private Limited	330 Northgate Main Coimbatore 634878	India
S1-000162	Maplecrest Motors Incorporated	263 Brightpath Road, Peoria, CA	United States
S1-000163	Ironwood Packaging Private Limited	23/59 Stonebridge Mn, Redwood Nagar, Coimbatore, 564455	IN
S1-000164	Bluepeak Thistle Industries Private Limited	295 Quarry St, Kestrel Nagar, Pune, MP, 504225	India
S1-000165	Northgate Fabrics Incorporated	360 Maplecrest Avenue, Juniper Park, Fresno, OH	United States
S1-000166	Clearwater Enterprises Limited	34/89 Meridina Marg, Stonebridge Nagar, Jaipur, MP	India
S1-000167	Onyx Systems Private Limited	34 Brightpath Cross, Near SBI ATM, Juinper Nagar, Pune, Rajasthan, 273864	India
S1-000168	Ironwood Consultancy Company	242 Ironwood Rd, Summit Park, Lubbock, WA, 46597	USA
S1-000169	Silverline Solutions Limited Liability Company	Opp. City Library, 279 Onyx Dr, Silverline Park, Peoia, 63152	United States
S1-000170	Falcon Services Corporation	124 Harbor Avenue, Harbor Park, Peoria, 27098	USA
S1-000171	Northgate Solutions Corporation	9/40 Brightpath Road, Falcon Park, Behind the Civic Center, Austin, 40430	US
S1-000172	Kestrel Goldleaf Trading Company	267 Clearwater Dr, Clearwater Park, Peoria, AL, 96198	United States
S1-000173	Summit Motors Private Limited	84 Ironwood Rd, Apex Nagar, Indore, MP, 295315	India
S1-000174	Silverline Systems Private Limited	42 Cobalt Cross, Onyx Nagar, Nagpur, Tamil Nadu	IN
S1-000175	Sunstone Silverline Solutions Private Limited	236 Goldleaf St, Ironwood Nagar, Coimbatore	India
S1-000176	Cobalt Fabrics Company	134 Orchid Avenue, Onyx Park, Lubbock, IL	US
S1-000177	Bluepeak Goldleaf Systems Company	91 Silverline Road, Akron, OH, 12672	US
S1-000178	Bluepeak Goldleaf Motors Private Limited	186 Cobalt Road Indore Tamil Nadu 497470	India
S1-000179	Vertex Consultancy Corporation	290 Meridian Blvd, Falcon Park, Lubbock, WA, 12577	US
S1-000180	Meridian Bluepeak Foods Limited	84 Ravenwood Main, Summit Nagar, Nagpur, Kerala	India
S1-000181	Redwood Clearwater Motors Limited	33 Brightpath Crs, Sunstone Nagar, Indore, 455605	IN
S1-000182	Thistle Solutions Incorporated	326 Silverline Drive, Apex Park, Mobile, 44908	USA
S1-000183	Thistle Apex Foods Private Limited	126 Redwood Main, Lantern Nagar, Kochi, Gujarat, 977996	India
S1-000184	Ravenwood Meridian Industries Corporation	125 Lantern Rd, Northgate Park, Tacoma, WA, 89187	USA
S1-000185	Harbor Packaging Corporation	54 Meridian Avenue Bluepeak Park Mobile AL 21920	USA
S1-000186	Bluepeak Solutions Limited	157 Juniper Marg, Thistle Nagar, Surat, MP, 271958	IN
S1-000187	Maplecrest Trading Incorporated	93 Ravenwood Blvd, Juniper Park, Behind the Civic Center, Tacoma, TX	USA
S1-000188	Onyx Motors Private Limited	257 Falcon Cross Lantern Nagar Kochi Rajasthan 469247	IN
S1-000189	Orchid Logistics Limited Liability Company	324 Goldleaf Avenue Stonebridge Park Lubbock 71825	United States
S1-000190	Stonebridge Industries Limited	332 Thistle Marg, Juniper Nagar, Coimbatore, Maharashtra, 491180	India
S1-000191	Cobalt Enterprises Company	109 Bluepeak Road, Maplecrest Park, Austin	US
S1-000192	Cobalt Foods Corporation	94 Cobalt Street, Behind the Civic Center, Akron	United States
S1-000193	Silverline Electricals Limited	378 Clearwater Marg Indore Maharashtra	IN
S1-000194	Clearwater Electricals Limited Liability Company	304 Brightpath Drive, Ironwood Park, Near Exit 14, Fresno	US
S1-000195	Maplecrest Textiles Incorporated	116 Clearwater Avenue, Austin, CA,, 32174	USA
S1-000196	Meridian Systems Incorporated	374 Summit Dr, Harbor Park, Austin	US
S1-000197	Meridian Meridian Foods Incorporated	12/78 Sunstone Drive, Akron	United States
S1-000198	Lantern Systems Limited Liability Company	62 Orchid Avenue, Quarry Park, Opp. City Library, Tacoma, OH, 10456	United States
S1-000199	Sunstone Juniper Consultancy Private Limited	86 Ironwood Road, Maplecrest Nagar, Kochi, 678657	IN
S1-000200	Meridian Foods Private Limited	277 Maplecrest Road, Goldleaf Nagar, Nagpur, 858621	India
S1-000201	Harbor Consultancy Private Limited	188 Maplecrest Marg Falcon Nagar Nagpur Maharashtra	IN
S1-000202	Lantern Textiles Corporation	245 Lantern Avenue, Apex Park, Tacoma, WA	USA
S1-000203	Goldleaf Juniper Enterprises Private Limited	187 Redwood Street, Orchid Nagar, Jaipur, MP	India
S1-000204	Falcon Chemicals Limited Liability Company	316 Apex Drive, Mobile	US
S1-000205	Ironwood Ravenwood Systems Company	149 Lantern Dr, Meridian Park, Akron, 73234	United States
S1-000206	Redwood Juniper Logistics Incorporated	165 Juniper Avenue, Meridian Park, Lubbock, 15430	United States
S1-000207	Lantern Clearwater Logistics Private Limited	127 Falcon Mn, Ravenwood Nagar, Pune, 266550	IN
S1-000208	Juniper Vertex Consultancy Incorporated	30 Onyx Boulevard, Akron, OH, 70684, Onyx Park	USA
S1-000209	Brightpath Packaging Private Limited	192 Harbor Main, Cobalt Nagar, Nagpur, Tamil Nadu, 652501	IN
S1-000210	Orchid Motors Private Limited	235 Kestrel Street, Opp. Bus Depot, Kochi, 586594	IN
S1-000211	Sunstone Solutions Limited	31 Bluepeak St, Juniper Nagar, Opp. Bus Depot, Kochi, MP	India
S1-000212	Orchid Falcon Fabrics Private Limited	157 Juniper St, Apex Nagar, Surat, Maharashtra, 307561	IN
S1-000213	Onyx Foods Incorporated	239 Goldleaf Road Silverline Park Tacoma WA 14208	United States
S1-000214	Juniper Chemicals Incorporated	171 Bluepeak Avenue, Brightpath Park, Mobile, IL	US
S1-000215	Harbor Systems Corporation	73 Northgate Street, Thistle Park, Mobile	United States
S1-000216	Kestrel Solutions Private Limited	131 Bluepeak Crs, Coimbatore	India
S1-000217	Apex Logistics Private Limited	308 Apex Road, Pune, Tamil Nadu, 164700	IN
S1-000218	Brightpath Vertex Logistics Corporation	215 Clearwater Ave, Tacoma	United States
S1-000219	Lantern Services Private Limited	Near Metro Pillar 42 39/48 Meridian Crs Meridian Nagar Nagpur 100661	IN
S1-000220	Thistle Summit Foods Private Limited	347 Northgate Mn, Vertex Nagar, Jaipur, MP	India
S1-000221	Falcon Consultancy Limited	Opp. Bus Depot, 26/18 Ravenwood Cross, Sunstone Nagar, Surat, Tamil Nadu, 401131	India
S1-000222	Onyx Logistics Limited	Near Metro Pillar 42, 85 Clearwater St, Falcon Nagar, Nagpur, Kerala, 386537	India
S1-000223	Maplecrest Services Corporation	80 Harbor Ave, Harbor Park, Lubbock, CA ,92006	United States
S1-000224	Northgate Foods Limited	37/70 Redwood Main, Kochi, 355176	India
S1-000225	Sunstone Electricals Incorporated	345 Lantern Road, Onyx Park, Lubbock, AL	US
S1-000226	Onyx Harbor Enterprises Limited	142 Falcon Crs, Coimbatore, Tamil Nadu, 134682	India
S1-000227	Ravenwood Enterprises Corporation	10 Goldleaf Road, Silverline Park, Lubbock, TX	US
S1-000228	Redwood Enterprises Limited	118 Meridian Road, Indore, Gujarat, 965243	India
S1-000229	Juniper Chemicals Private Limited	328 Ironwood Rd, Near Metro Pillar 42, Lantern Nagar, Coimbatore, 890717	IN
S1-000230	Redwood Services Corporation	61 Lantern Blvd, Redwood Park, Lubbock, CA, 51194	USA
S1-000231	Clearwater Apex Electricals Private Limited	342 Ravenwood Cross, Nagpur, Maharashtra, 917600	IN
S1-000232	Northgate Consultancy Private Limited	286 Goldleaf Street, Lantern Nagar, Indore	IN
S1-000233	Clearwater Chemicals Incorporated	Austin, 10961, 284 Cobalt Drive	United States
S1-000234	Harbor Thistle Trading Corporation	98 Lantern Street, Redwood Park, 84004, Lubbock	US
S1-000235	Ironwood Foods Private Limited	380 Orchid Mn, Sunstone Nagar, Coimbatore	India
S1-000236	Ironwood Trading Private Limited	26 Meridian St, Orchid Nagar, Surat	IN
S1-000237	Silverline Harbor Motors Company	325 Maplecrest Road, Thistle Park, Fresno, WA	US
S1-000238	Ironwood Stonebridge Motors Limited Liability Company	394 Silverline Drive, Tacoma, CA, 34352	United States
S1-000239	Ravenwood Motors Limited	345 Quarry Cross, Lantern Nagar, Nagpur, Maharashtr, 745933	IN
S1-000240	Clearwater Textiles Company	395 Lantern Boulevard, Akron, 13286	US
S1-000241	Falcon Summit Packaging Limited	15 Bluepeak Street, Falcon Nagar, Surat, Tamil Nadu, 7772127	India
S1-000242	Goldleaf Services Limited Liability Company	371 Northgate Rd, Akron, CA, 50576	USA
S1-000243	Goldleaf Consultancy Limited Liability Company	304 Meridian Boulevard, Falcon Park, Fresno, TX	USA
S1-000244	Ironwood Consultancy Private Limited	12/36 Falcon St, Coimbatore, Tamil Nadu, 941256	IN
S1-000245	Meridian Consultancy Private Limited	228 Stonebridge Mn, Behind Ganesh Temple, Falcon Nagar, Jaipur, Maharashtra, 679627	IN
S1-000246	Sunstone Fabrics Company	3/81 Quarry St, Akron, OH, 67690	US
S1-000247	Clearwater Services Private Limited	118 Kestrel Marg, Lantern Nagar, Opp. Bus Depot, Pune, Gujarat, 813707	India
S1-000248	Brightpath Enterprises Limited	249 Ironwood Marg, Goldleaf Nagar, Jaipur, 540078	India
S1-000249	Quarry Services Limited Liability Company	281 Thistle Avenue, Fresno, AL	USA
S1-000250	Goldleaf Onyx Systems Private Limited	241 Silverline Cross, Near SBI ATM, Kochi, Maharashtra, 202865	India
S1-000251	Harbor Cobalt Enterprises Limited	329 Summit Mn, Thistle Nagar, Jaipur	India
S1-000252	Sunstone Industries Corporation	289 Brightpath Dr, Ravenwood Park, Peoria, 34064	United States
S1-000253	Meridian Solutions Private Limited	13 Ironwood St, Sunstone Nagar, Kochi, Tamil Nadu	India
S1-000254	Ravenwood Industries Private Limited	306 Goldleaf CCrs, Onyx Nagar, Jaipur, 637544	IN
S1-000255	Onyx Textiles Private Limited	249 Ravenwood Main, Falcon Nagar, Indore, 924764	IN
S1-000256	Quarry Services Private Limited	331 Redwood Street, Quarry Nagar, Jaipur, 556344	IN
S1-000257	Quarry Consultancy Incorporated	143 Harbor Drive, Akron, IL, 71950	USA
S1-000258	Thistle Goldleaf Solutions Limited Liability Company	135 Vertex Road, Ravenwood Park, Tacoma, 18237	USA
S1-000259	Maplecrest Textiles Company	16/39 Kestrel Avenue, Fresno, TX	United States
S1-000260	Maplecrest Bluepeak Fabrics Private Limited	2133 Juniper Road, Falcon Nagar, Coimbatore, Maharashtra, 739899	IN
S1-000261	Bluepeak Chemicals Corporation	23 Goldleaf Boulevard, Summit Park, Peoria, 30935	US
S1-000262	Ironwood Systems Corporation	79 Kestrel Blvd, Akron, IL	USA
S1-000263	Quarry Clearwater Textiles Private Limited	6 Juniper Street, Clearwater Nagar, Opp. Bus Depot, Surat, 119768	India
S1-000264	Brightpath Industries Limited	257 Sunstone Main, Near SBI ATM, Goldleaf Nagar, Pune, Gujarat	IN
S1-000265	Juniper Clearwater Chemicals Limited	168 Onyx Cross, Meridian Nagar, Surat, Kerala, 762697	IN
S1-000266	Summit Motors Private Limited	334 Meridian Cross Thistle Nagar Coimbatore Maharashtra 527147	IN
S1-000267	Juniper Services Private Limited	36 Harbor Main, Opp. Bus Depot, Indore, Maharashtra, 864382	India
S1-000268	Falcon Trading Incorporated	318 Orchid Avenue, Onyx Park, Austin, TX, 53059	USA
S1-000269	Sunstone Solutions Private Limited	209 Orchid St, Bluepeak Nagar, Indore, Kerala, 143968	IN
S1-000270	Vertex Enterprises Company	8/64 Meridian Avenue, Lubbock	USA
S1-000271	Onyx Logistics Limited Liability Company	358 Meridian Ave, Behind the Civic Center, Clearwater Park, Fresno, 75592	US
S1-000272	Maplecrest Textiles Incorporated	3 Goldleaf Rd, Northgate Park, Near Exit 14, Akron, 90803	US
S1-000273	Quarry Enterprises Corporation	371 Falcon St, Northgate Park, Fresno, 51709	USA
S1-000274	Kestrel Kestrel Trading Corporation	Behind the CivicCenter 196 Redwood Ave Lubbock	USA
S1-000275	Quarry Quarry Solutions Limited	238 Coobalt Street, Orchid Nagar, Kochi, Maharashtra, 875379	India
S1-000276	Northgate Consultancy Private Limited	2 Brightpath Rd Lantern Nagar Coimbatore Maharashtra 553990	India
S1-000277	Northgate Goldleaf Fabrics Corporation	166 Cobalt Rd Fresno IL	United States
S1-000278	Bluepeak Logistics Company	89 Clearwater Road, Sunstone Park, Peoria, CA	US
S1-000279	Meridian Services Private Limited	360 Juniper Cross, Silverline Nagar, Surat	India
S1-000280	Onyx Enterprises Limited	114 Falcon Cross, Apex Nagar, Jaipur, Tamil Nadu	India
S1-000281	Kestrel Electricals Incorporated	46 Lantern St, Behind the Civic Center, Lubbock, OH, 59242	United States
S1-000282	Orchid Lantern Systems Private Limited	106 Brightpath Cross Cobalt Nagar Indore	India
S1-000283	Falcon Solutions Company	354 Summit Rd Stonebridge Park Fresno OH 79665	US
S1-000284	Bluepeak Packaging Private Limited	376 Meridian Cross Near Metro Pillar 42 Summit Nagar Surat Rajasthan	IN
S1-000285	Vertex Electricals Private Limited	Near SBI ATM, 202 Stonebridge Cross, Indore, MP, 385702	IN
S1-000286	Lantern Meridian Textiles Corporation	249 Quarry Drive, Clearwater Park, Tacoma, AL, 59706	US
S1-000287	Brightpath Clearwater Industries Private Limited	305 Falcon Mn, Silverline Nagar, oCimbatore, Rajasthan	India
S1-000288	Harbor Industries Company	129 Ironwood Drive, Harbor Park, Mobile, TX	US
S1-000289	Silverline Services Private Limited	131 Summit Marg, Near SBI ATM, Orchid Nagar, Jaipur, Rajasthan	IN
S1-000290	Kestrel Electricals Private Limited	Orchid Nagar, Nagpur, Maharashtra, 306 Onyx Marg	IN
S1-000291	Orchid Fabrics Corporation	239 Stonebridge Dr, Tacoma, WA, 86695	USA
S1-000292	Juniper Stonebridge Chemicals Private Limited	245 Maplecrest Cross, Lantern Nagar, Opp. Bus Depot, Pune, Kerala, 670400	IN
S1-000293	Orchid Consultancy Private Limited	Near SBI ATM, 174 Goldleaf Road, Apex Nagar, Pune, 625623	IN
S1-000294	Harbor Solutions Limited Liability Company	389 Bluepeak Street Juniper Park Frseno	United States
S1-000295	Cobalt Motors Limited Liability Company	153 Orchid Street, Stonebridge Park, Mobile	United States
S1-000296	Lantern Consultancy Limited Liability Company	99 Bluepeak Rd, Northgate Park, Lubbock, TX	US
S1-000297	Thistle Foods Corporation	16/12 Summit Rd, Stonebridge Park, Peoria, IL	US
S1-000298	Kestrel Packaging Private Limited	Pune, Maharashtra, 172 Redwood Main	IN
S1-000299	Lantern Apex Solutions Limited Liability Company	110 Maplecrest Street, Akron, TX, 68204	US
S1-000300	Falcon Fabrics Limited	32/40 Northgate Rd, Apex Nagar, Surat, 9881792	IN
S1-000301	Summit Brightpath Textiles Private Limited	244 JuniperRd, Jaipur, 501602	India
S1-000302	Goldleaf Packaging Limited	126 Goldleaf Road, Summit Nagar, Indore, Maharashtra, 542041	IN
S1-000303	Apex Meridian Enterprises Company	383 Stonebridge Blvd, Peoria	United States
S1-000304	Orchid Solutions Limited	115 Sunstone Marg, Cobalt Nagar, Kochi, Rajasthan, 454749	IN
S1-000305	Falcon Services Limited	Onyx Nagar, Indore, 667628, 139 Stonebridge Marg	IN
S1-000306	Vertex Textiles Incorporated	7/79 Falcon Street Silverline Park Peoria WA 37293	US
S1-000307	Ironwood Trading Limited	Near SBI ATM, 178 Goldleaf Street, Stonebridge Nagar, Indore, Kerala, 212984	IN
S1-000308	Lantern Services Private Limited	224 Cobalt Road Sunstone Nagar Kochi 834164 Rajasthan	IN
S1-000309	Thistle Packaging Private Limited	369 Orchid Crs, Falcon Nagar, Indore	India
S1-000310	Quarry Electricals Private Limited	13/21 Stonebridge Marg Onyx Nagar Nagpur Tamil Nadu 694025	India
S1-000311	Cobalt Services Incorporated	371 Apex Street, Akron, AL	US
S1-000312	Silverline Industries Limited	47 Bluepeak Rd, Kochhi, Maharashtra, 705854	IN
S1-000313	Meridian Packaging Limited	Near SBI ATM, 163 Harbor Main, Thistle Nagar, Coimbatore, Maharashtra	IN
S1-000314	Cobalt Thistle Packaging Limited Liability Company	168 Ironwood Rd, Clearwater Park, Peoria	United States
S1-000315	Redwood Systems Private Limited	183 Quarry Mn, Coimbatore, Kerala	IN
S1-000316	Lantern Foods Corporation	367 Northgate Rd Onyx Park Akron AL 67358	US
S1-000317	Cobalt Electricals Private Limited	88 Kestrel Cross, Juniper Nagar, Near Metro Pillar 42, Pune, Kerala, 407288	IN
S1-000318	Lantern Textiles Private Limited	177 Falcon Rd Vertex Nagar Nagpur Maharashtra	IN
S1-000319	Ravenwood Textiles Limited	298 Thistle St, Apex Nagar, Coimbatore, Maharashtra, 225700	IN
S1-000320	Brightpath Systems Limited	273 Cobalt Street Ironwood Nagar Kochi 434194	IN
S1-000321	Kestrel Motors Limited	13 Northgae Main Bluepeak Nagar Indore Kerala 832682	India
S1-000322	Orchid Enterprises Corporation	27/19 Silverline Road, CA, Akron	US
S1-000323	Ironwood Clearwater Fabrics Limited Liability Company	125 Vertex Street, Clearwater Park, Peoria, 92192	USA
S1-000324	Stonebridge Systems Private Limited	184 Cobalt Cross, Brightpath Nagar, Kochi, Kerala, 132682	IN
S1-000325	Cobalt Foods Private Limited	265 Falcon Mn, Near Metro Pillar 42, Kochi, 856761	India
S1-000326	Quarry Meridian Systems Private Limited	245 Thistle Main, Kochi, Rajasthan, 296983	IN
S1-000327	Stonebridge Electricals Limited	217 Quarry Mn, Kochi, 197262	India
S1-000328	Summit Packaging Private Limited	206 Brightpath Crs, Thistle Nagar, Jaipur, MP, 608252	IN
S1-000329	Stonebridge Systems Limited Liability Company	120 Bluepeak Road, Austi, 41120, TX	US
S1-000330	Brightpath Foods Private Limited	38 Vertex Street, Falcon Nagar, Nagpur, Maharashtra, 597779	India
S1-000331	Bluepeak Electricals Limited	217 Clearwater Street, Brightpath Nagar, Indore, Tamil Nadu, 417534	India
S1-000332	Quarry Thistle Consultancy Incorporated	325 Maplecrest Ave, Vertex Park, Mobile, CA, 83257	United States
S1-000333	Summit Electricals Corporation	360 Clearwater Ave, Clearwater Park, Lubbock, AL, 36893	USA
S1-000334	Onyx Enterprises Limited	22/23 Stonebridge Street, Vertex Nagar, Jaipur, 970791	India
S1-000335	Clearwater Electricals Private Limited	343 Ravenwood Cross, Ravenwood Nagar, Jaipur, Kerala, 673021	IN
S1-000336	Apex Trading Corporation	179 Stonebridge Blvd, Harbor Park, Lubbock, 81220	United States
S1-000337	Meridian Consultancy Private Limited	251 Meridian St, Indore, 237665	IN
S1-000338	Sunstone Foods Company	155 Thistle Ave, Ravenwood Park, Lubbock, AL	United States
S1-000339	Meridian Solutions Corporation	214 Goldleaf Boulevard Austin TX 28855	USA
S1-000340	Falcon Chemicals Limited Liability Company	236 Northgate Ave, Northgate Park, Lubbock, 87779	United States
S1-000341	Summit Electricals Private Limited	Opp. Bus Depot 41 Bluepek Main Ravenwood Nagar Kochi 476547	IN
S1-000342	Kestrel Logistics Private Limited	148 Sunstone Marg, Behind Ganesh Temple, Kochi	India
S1-000343	Bluepeak Motors Private Limited	190 Redwood Cross, Orchid Nagar, Kochi, Rajasthan	IN
S1-000344	Thistle Harbor Fabrics Corporation	81 Redwood Street, Opp. City Library, Peoria, IL, 50025	US
S1-000345	Ravenwood Chemicals Company	318 Goldleaf Dr, Orchid Park, Fresno	US
S1-000346	Apex Electricals Limited Liability Company	55 Summit Rd, Maplecrest Park, Mobile, CA	United States
S1-000347	Bluepeak Trading Corporation	14/85 Kestrel Drive, Clearwater Park, Akron, 37507	USA
S1-000348	Redwood Textiles Company	139 Cobalt Boulevard, Ravenwood Park, Lubbock, 69968	United States
S1-000349	Ravenwood Systems Limited Liability Company	282 Ravenwood Rd, Falcon Park, Near Exit 14, Peoria, 23100	USA
S1-000350	Stonebridge Logistics Private Limited	Opp. Bus Depot 167 Vertex Main Indore 625275	IN
S1-000351	Thistle Northgate Solutions Limited	Near Metro Pillar 42, 328 Stonebridge Cross, Suart	IN
S1-000352	Ironwood Industries Corporation	141 Cobalt Boulevard, Redwood Park, WA, 82813, Austin	United States
S1-000353	Harbor Orchid Industries Private Limited	34/3 Bluepeak Crs, Near Metro Pillar 42, Stonebridge Nagar, Indore, Maharashtra, 989489	India
S1-000354	Falcon Stonebridge Motors Incorporated	Behind thee Civic Center 293 Onyx Drive Maplecrest Park Austin	USA
S1-000355	Lantern Electricals Limited Liability Company	164S ilverline Ave, Opp. City Library, Quarry Park, Tacoma, IL, 87104	United States
S1-000356	Orchid Foods Private Limited	339 Sunstone Marg Sunstone Nagar Surat	India
S1-000357	Lantern Logistics Corporation	117 Brightpath Blvd, Sunstone Park, Akron, TX, 76399	United States
S1-000358	Vertex Packaging Corporation	Behind the Civic Center, 192 Juniper Boulevard, Ravenwood Park, Akron, 93194	United States
S1-000359	Thistle Chemicals Company	271 Falcon Blvd, Brightpath Park, Behind the Civic Center, Mobile, WA, 98653	United States
S1-000360	Maplecrest Motors Company	386 Silvelrine Street, Sunstone Park, Peoria, 38373	USA
S1-000361	Harbor Trading Limited	Nagpur, 223 Silverline Road	India
S1-000362	Orchid Foods Limited	19 Harbor Mn, Sunstone Nagar, Surat	India
S1-000363	Lantern Solutions Private Limited	205 rightpath Rd, Northgate Nagar, Jaipur, Gujarat, 388623	India
S1-000364	Quarry Services Private Limited	314 Quarry Mn Coimbatore MP	IN
S1-000365	Redwood Industries Limited Liability Company	380 Orchid Drive, Silverline Park, Tacoma, 58239, AL	US
S1-000366	Maplecrest Electricals Private Limited	339 Ironwood Marg, Orchid Nagar, Kochi, Maharashtra, 725008	IN
S1-000367	Sunstone Textiles Private Limited	338 Apex St, Ironwood Nagar, Pune, Maharashtra, 991894	India
S1-000368	Ironwood Quarry Motors Private Limited	151 Onyx Crs, Apex Nagar, Surat, 468333	IN
S1-000369	Vertex Brightpath Trading Incorporated	278 Sunstone Blvd Akron	United States
S1-000370	Sunstone Textiles Company	303 Orchid Road, Fresno, CA, 58837	US
S1-000371	Onyx Consultancy Limited Liability Company	10/33 Apex Ave, Mobile, 85625	USA
S1-000372	Vertex Industries Private Limited	309 Redwood Mn, Nagpur, 441917	India
S1-000373	Brightpath Solutions Incorporated	111 Stonebridge Street Quarry Park Fresno OH	US
S1-000374	Summit Sunstone Consultancy Private Limited	102 Clearwater Main, Ravenwood Nagar, Kochi, Rajasthan, 861276	India
S1-000375	Juniper Consultancy Incorporated	28 Goldleaf Street, Stonebridge Park, Peoria	US
S1-000376	Cobalt Logistics Private Limited	114 Brightpath Street, Meridian Nagar, Kochi, 989329	IN
S1-000377	Summit Juniper Trading Private Limited	Near SBI ATM, 332 Bluepeak Cross, Surat, Maharashttra, 196971	India
S1-000378	Lantern Goldleaf Electricals Private Limited	255 Meridian Marg, Surat, 105550	India
S1-000379	Harbor Packaging Limited	328 Silverline Rd, Indore, Gujarat, 835221	India
S1-000380	Vertex Industries Private Limited	101 Quarry Road, Surat, Rajasthan	IN
S1-000381	Juniper Solutions Limited Liability Company	102 Maplecrest Blvd, Tacoma	USA
S1-000382	Lantern Industries Private Limited	303 Harbor Cs, Orchid Nagar, Pune, MP, 765687	IN
S1-000383	Apex Solutions Limited Liability Company	335 Falcon Ave,Akron, 87134	US
S1-000384	Kestrel Packaging Limited Liability Company	361 Thistle Avenue, Behind the Civic Center, Ironwood Park, Mobile, AL, 39100	USA
S1-000385	Juniper Packaging Corporation	277 Ravenwood Road, Meridian Park, Austin, AL, 89679	US
S1-000386	Sunstone Maplecrest Electricals Corporation	383 Lantern Avenue, Fresno, T, 72086	United States
S1-000387	Harbor Enterprises Limited	Opp. Bus Depot, 158 Silverline Mn, Summit Nagar, Jaipur, Rajasthan, 695126	IN
S1-000388	Falcon Solutions Private Limited	157 Clearwater Cross, Kochi, Maharashtra, 490685	India
S1-000389	Brightpath Services Corporation	233 Ironwood Dr Apex Park Near Exit 14 Fresno TX 66174	United States
S1-000390	Redwood Fabrics Limited	44 Clearwater Crs, Cobalt Nagar, Jaipur, Gujarat, 344277	India
S1-000391	Stonebridge Onyx Solutions Private Limited	170 Maplecrest Roda, Kochi, Kerala, 815287	India
S1-000392	Clearwater Fabrics Private Limited	75 Bluepeak Crs Cobalt Nagar Indore 200399	India
S1-000393	Stonebridge Solutions Corporation	329 Kestrel Street, Tacoma, 90966	USA
S1-000394	Vertex Systems Limited	91 Quarry Cross, Brightpath Nagar, Surat	India
S1-000395	Stonebridge Solutions Limited Liability Company	98 Thistle Drive, Apex Park, Behind the Civic Center, Austin, 64735	United States
S1-000396	Maplecrest Textiles Limited	32/50 Silverline St, Falcon Nagar, Nagpur, Tamil Nadu, 213157	IN
S1-000397	Redwood Foods Private Limited	146 Cobalt Rd, Ironwood Nagar, JJaipur	India
S1-000398	Silverline Trading Limited Liability Company	391 Quarry Avenue Near Exit 144 Northgate Park Mobile 86415	US
S1-000399	Redwood Systems Limited	298 Brightpath Marg, Coimbatore, Maharashtra	India
S1-000400	Harbor Systems Company	354 Silverline St, Mobile, OH, 31195	US
S1-000401	Clearwater Motors Incorporated	64 Northgate Ave, Lantern Park, Lubbock, WA	United States
S1-000402	Kestrel Chemicals Corporation	67 Harbor Rd, Near Exit 14, Cobalt Park, Peoria, 22926	USA
S1-000403	Maplecrest Juniper Trading Private Limited	296 Brightpath Road, Bluepeak Nagar, Indore, 920853	India
S1-000404	Ironwood Motors Private Limited	150 Clearwater Cross, Sunstone Nagar, Jaipur, 852438	IN
S1-000405	Ravenwood Textiles Corporation	270 Orchid Avenue Stonebridge Park Peoria OH 70619	US
S1-000406	Goldleaf Packaging Private Limited	91 Apex Marg Near SBI ATM Harbor Nagar Surat Kerala	IN
S1-000407	Ravenwood Trading Limited Liability Company	Behind the Civic Center, 18 Summit Boulevard, Tacoma, IL, 16895	United States
S1-000408	Northgate Solutions Limited	224 Maplecrest St Harbor Nagar Surat Kerala	IN
S1-000409	Bluepeak Solutions Private Limited	82 Meridian St, Falcon Nagar, Surat, Maharashtra	India
S1-000410	Silverline Enterprises Incorporated	122 Onyx Blvd, Quarry Park, Peoria, AL	US
S1-000411	Falcon Consultancy Private Limited	292 Lantern Mn, Pune, 487924	IN
S1-000412	Thistle Trading Limited	56 Lantern Cross, Summit Nagar, Surat, MP, 268335	India
S1-000413	Apex Chemicals Limited Liability Company	185 Quarry Rd, Behind the Civic Center, Vertex Park, Akron, OH	US
S1-000414	Silverline Systems Limited Liability Company	89 Orchid Rd Harbor Park Fresno 88943	US
S1-000415	Cobalt Harbor Services Private Limited	153 Harbor Crs, Ironwood Nagar, Behind Ganesh Temple, Jaipur, 649796	IN
S1-000416	Silverline Stonebridge Textiles Incorporated	19 Stonebridge St, Lantern Park, Tacoma	USA
S1-000417	Juniper Harbor Systems Limited Liability Company	87 Falcon Road, Apex Park, 86162, Moobile	US
S1-000418	Harbor Packaging Private Limited	384 Silverline Crs, Coimbatore, 987688	IN
S1-000419	Orchid Enterprises Company	51 Silverline Dr, Cobalt Park, Opp. City Library, Peoria, WA	USA
S1-000420	Cobalt Cobalt Textiles Limited Liability Company	10/29 Redwood Boulevard Cobalt Park Austin IL 71403	United States
S1-000421	Onyx Kestrel Industries Private Limited	168 Falcon Marg, Harbor Nagar, Coimbatore, 276225	IN
S1-000422	Summit Packaging Corporation	Near Exit 14, 306 Onyx St, Akron, 10487, Vertex Park	US
S1-000423	Maplecrest Chemicals Corporation	294 Falcon  Dr, Brightpath Park, Austin, OH, 98554	US
S1-000424	Orchid Thistle Systems Private Limited	110 Orchid Rd, Redwood Nagar, Behinnd Ganesh Temple, Surat, 746047	IN
S1-000425	Kestrel Summit Electricals Private Limited	110 Sunstone Cross Maplecrest Nagar Jaipur 508979	India
S1-000426	Apex Solutions Corporation	344 Thistle Rd, Ironwod Park, Akron, IL	United States
S1-000427	Lantern Services Private Limited	161 Juniper St, Indore, Maharashtra, 698934	India
S1-000428	Harbor Enterprises Private Limited	144 Ironwood Marg, Surt, 991391	IN
S1-000429	Thistle Redwood Enterprises Private Limited	13/32 Stonebridge Road, Kestrel Nagar, Surat	IN
S1-000430	Summit Services Limited	127 Stonebridge Street, Harbor Nagar, Indore, MP, 922053	IN
S1-000431	Falcon Motors Company	304 Goldleaf Drive, Behind the Civic Center, Ravenwood Park, Fresno, 27282	United States
S1-000432	Lantern Solutions Limited	99 Brightpath St Lantern Nagar Jaipur MP	India
S1-000433	Lantern Goldleaf Foods Limited	27/61 Sunstone Marg, Near Metro Pillar 42, Northgate NNagar, Pune, Gujarat, 323555	India
S1-000434	Meridian Motors Private Limited	17/9 Harbor Main, Near SBI ATM, Pune, Tamil Nadu	IN
S1-000435	Goldleaf Textiles Corporation	312 Meridian Road, Behind the Civic Center, Akron, TX	USA
S1-000436	Clearwater Kestrel Systems Limited	Opp. Bus Depot 355 Apex Marg Pune MP 882143	India
S1-000437	Bluepeak Logistics Limited Liability Company	33/9 Meridian Drive, Maplecrest Park, Behind the Civic Center, Lubbock	United States
S1-000438	Maplecrest Fabrics Private Limited	302 Cobalt Marg Kochi 223588	IN
S1-000439	Sunstone Onyx Industries Incorporated	31/6 Falcon Road, Cobalt Park, Mobile, 58341, AL	USA
S1-000440	Falcon Solutions Incorporated	259 Quarry Dr, Ironwood Park, Lubbock, 68144	US
S1-000441	Vertex Consultancy Corporation	356 Kestrel St, Summit Park, Behind the Civic Center, Fresno, WA, 82119	USA
S1-000442	Brightpath Trading Company	132 Brightpath Dr, Quarry Park, Taacoma, TX, 56932	USA
S1-000443	Bluepeak Logistics Limited Liability Company	86 Stonebridge Ave, Stonebridge Park, Fresno, 47980	United States
S1-000444	Harbor Trading Incorporated	222 Sunstone Rd, Opp. City Library, Austin, TX, 99911	USA
S1-000445	Apex Packaging Limited	102 Silverline Crs, Quarry Nagar, Coimbatore, MP	India
S1-000446	Maplecrest Services Company	368 Clearwater Avenue, Ravenwood Park, Fresno, 44507	US
S1-000447	Clearwater Quarry Consultancy Private Limited	387 Ironwood Street, Near SBI ATM, Kochi, Kerala, 179268	India
S1-000448	Cobalt Juniper Enterprises Corporation	Onyx Park Lubbock 69120 3 Stonebridge Rd	USA
S1-000449	Brightpath Lantern Systems Limited	122 Brightpath Rd Redwood Nagar Kochi	IN
S1-000450	Silverline Meridian Textiles Limited Liability Company	24/26 Onyx Ave Kestrel Park Austin	USA
S1-000451	Meridian Services Private Limited	392 Redwood Main, Stonebridge Nagar, Jaipur, Gujarat	IN
S1-000452	Summit Logistics Incorporated	103 Orchid Boulevard, Fresno, IL	USA
S1-000453	Ironwood Maplecrest Systems Company	20/36 Kestrel Boulevard, Sunstone Park, Mobile, IL, 40639	US
S1-000454	Bluepeak Enterprises Private Limited	104 Falcon Rd, Onyx Nagar, Jaipur, Tamil Nadu, 117536	India
S1-000455	Ravenwood Brightpath Motors Private Limited	126 Lantern Mn Pune 181418	IN
S1-000456	Kestrel Ironwood Industries Limited	185 Apex Crs Clearwater Nagar Kochi Tamil Nadu 545336	India
S1-000457	Orchid Textiles Private Limited	58 Ravenwood St, Opp. Bus Depot, Kochi	India
S1-000458	Brightpath Ravenwood Logistics Incorporated	240 Northgate Rd, Brightpath Park, Lubbock, 94517	USA
S1-000459	Maplecrest Fabrics Incorporated	327 Clearwater Road Kestrel Park Tacoma WA	US
S1-000460	Maplecrest Systems Limited	Near SBI ATM, 240 Apex Road, Surat, Kerala	IN
S1-000461	Silverline Quarry Motors Company	40 Onyx Rd, Bluepeak Park, Peoria, 50926	United States
S1-000462	Quarry Enterprises Incorporated	92 Maplecrest Dr, Bluepeak Park, Tacoma, 39440	US
S1-000463	Sunstone Motors Company	54 Thistle St, Cobalt Park, Lubbock, AL	United States
S1-000464	Silverline Chemicals Limited	122 Juniper Marg, Vertex Nagar, Coimbatore, 753315	IN
S1-000465	Harbor Trading Limited	97 Meridian Crs Goldleaf Nagar Surat 145695	IN
S1-000466	Orchid Solutions Incorporated	Near Exit 14, 218 Falcon Blvd, Quarry Park, Mobile, CA, 91741	USA
S1-000467	Apex Services Limited Liability Company	57 Meridian Boulevard, Ironwood Park, Peoria	US
S1-000468	Brightpath Packaging Private Limited	Near Metro Pillar 42, 348 Falcon Cross, Apex Nagar, Nagpur, Tamil Nadu, 813575	IN
S1-000469	Maplecrest Brightpath Foods Company	386 Northgate St, Meridian Park, Tacoma, TX	USA
S1-000470	Harbor Consultancy Corporation	218 Orchid Ave, Clearwater Park, Fresno, AL, 57872	USA
S1-000471	Ironwood Redwood Services Incorporated	124 Vertex Avenue, Harbor Park, Near Exit 14, Fresno, 62144	United States
S1-000472	Stonebridge Services Company	112 Silverline Dr, Harobr Park, Lubbock, IL	US
S1-000473	Clearwater Fabrics Limited	22 Bluepeak Cross Brightpath Nagar Nagpur Tamiil Nadu	India
S1-000474	Harbor Redwood Systems Private Limited	165 Summit Marg, Redwood Nagar, Near Metro Pillar 42, Surat, Gujarat	IN
S1-000475	Brightpath Motors Corporation	25 Stonebridge Rd, Ironwood Park, Fresno, 545580	US
S1-000476	Ravenwood Logistics Limited Liability Company	Behind the Civic Center, 3155 Maplecrest Ave, Akron, OH, 31905	US
S1-000477	Clearwater Systems Company	27/89 Apex Blvd Ironwood Park Fresno AL	US
S1-000478	Sunstone Industries Corporation	179 Falcon Ave, Opp. City Library, Mobile, TX, 15549	USA
S1-000479	Orchid Chemicals Company	Opp. City Library 182 Bluepeak Drive Lantern Park Austin TX	US
S1-000480	Thistle Sunstone Textiles Private Limited	87 Vertex Marg, Indore, Kerala, 840537	IN
S1-000481	Quarry Foods Private Limited	144 Summit Crs, Meridian Nagar, Coimbatore, 786421	India
S1-000482	Harbor Bluepeak Industries Corporation	Near Exit 14, 17/16 Redwood Road, Cobalt Park, Austin, 20539	United States
S1-000483	Goldleaf Textiles Private Limited	275 Kestrel Mn, Northgate Nagar, Indore, Maharashtra	IN
S1-000484	Cobalt Ironwood Systems Incorporated	185 Falcon Avenue, Juniper Park, Fresno	United States
S1-000485	Apex Fabrics Private Limited	251 Ironwood St, Nagpur, Tamil Nadu, 506191	India
S1-000486	Redwood Foods Limited	326 Thistle Marg, Apex Nagar, Pune	IN
S1-000487	Vertex Fabrics Corporation	379 Orchid Drive, Northgate Park, Tacoma, OH, 60365	USA
S1-000488	Harbor Services Company	239 Falcon Blvd, Austin, IL	USA
S1-000489	Onyx Systems Private Limited	13 Juniper Rd, Orchid Nagar, Surat, Tamil Nadu	IN
S1-000490	Clearwater Fabrics Company	26/64 Thistle Boulevard, Fresno, CA, 77647, Orchid Park	USA
S1-000491	Vertex Chemicals Corporation	347 Ironwood Rd, Sunstone Park, Peoria	US
S1-000492	Juniper Industries Limited	109 Bluepeak Rd Sunstone Nagar Kochi	India
S1-000493	Northgate Electricals Corporation	37 Kestrel Ave, Austin, 84404, Kestrel Park	United States
S1-000494	Lantern Chemicals Limited Liability Company	62 Sunstone Dr, Silverline Park, Akron, IL, 40523	US
S1-000495	Goldleaf Summit Enterprises Incorporated	386 Lantern Blvd, Redwood Park, Tacoma	US
S1-000496	Ironwood Industries Company	103 Northgate Avenue, Ironwood Park, Akron, TX	United States
S1-000497	Summit Logistics Private Limited	46 Orchid Road, Quarry Nagar, Jaipur, Tamil Nadu, 748259	IN
S1-000498	Quarry Juniper Services Private Limited	293 Thistle Mn, Northgate Nagar, Indore, 245304	India
S1-000499	Onyx Industries Private Limited	250 Lantern Main Kochi 283085	India
S1-000500	Sunstone Systems Limited	36/57 Onyx St, Falcon Nagar, Nagpur, MP, 648332	India
S1-000501	Brightpath Enterprises Incorporated	154 Onyx Road Bluepeak Park Fresno IL 69330	US
S1-000502	Sunstone Systems Private Limited	299 Northgate Rd, Harbor Nagar, Indore, 397025	India
S1-000503	Sunstone Consultancy Private Limited	78Redwood Mn Meridian Nagar Coimbatore Maharashtra	India
S1-000504	Brightpath Consultancy Company	201 Falcon Ave, Lubbock, TX	United States
S1-000505	Clearwater Systems Limited	Behind Ganesh Temple, 75 Stonebridge St, Sunstone Nagar, Coimbatore, Rajasthan, 996421	IN
S1-000506	Vertex Solutions Incorporated	20/15 Juniper Drive, Fresno, TX, Quarry Park	US
S1-000507	Bluepeak Goldleaf Foods Corporation	174 Stonebridge St, Mobile, 91585	United States
S1-000508	Meridian Quarry Logistics Corporation	321 Northgate Road, Silverline Park, Tacoma, CA	USA
S1-000509	Brightpath Services Private Limited	234 Meridian Cross, Goldleaf Nagar, Pune, Tamil Nadu, 589362	IN
S1-000510	Clearwater Logistics Private Limited	193 Ravenwood Marg, Coimbatore, 483297	IN
S1-000511	Clearwater Services Private Limited	258 Redwood Mn, Thistle Nagar, Nagpur	IN
S1-000512	Clearwater Logistics Company	4 Onyx Rd Tacoma	US
S1-000513	Stonebridge Chemicals Private Limited	80 Cobalt St, Orchid Nagar, Pune	IN
S1-000514	Orchid Textiles Incorporated	183 Summit Road, Apex Park, Tacoma	US
S1-000515	Orchid Clearwater Chemicals Limited	99 Ravenwood Marg, Redwood Nagar, Jaipur, Kerala	IN
S1-000516	Meridian Systems Incorporated	34/39 Harbr St, Mobile	USA
S1-000517	Maplecrest Redwood Chemicals Private Limited	290 Silverline Cross, Quarry Nagar, Pune, Kerala,, 240019	India
S1-000518	Vertex Summit Packaging Company	317 avenwood Boulevard, Mobile, IL, 83938	USA
S1-000519	Onyx Chemicals Company	208 Meridian Drive ,Orchid Park, Austin, CA	United States
S1-000520	Ironwood Brightpath Solutions Limited	183 Maplecrest Cross Meridian Nagar Jaipur 846701	IN
S1-000521	Lantern Solutions Private Limited	226 Onyx Road, Lantern Ngaar, Coimbatore	India
S1-000522	Meridian Enterprises Private Limited	263 Quarry Crs, Kochi, Maplecrest Nagar	IN
S1-000523	Redwood Electricals Limited Liability Company	47 Goldleaf St, Tacoma, WA, 86355	United States
S1-000524	Quarry Quarry Systems Corporation	378 Bluepeak St Ironwood Park Behind the Civic Center Lubbock CA 78666	United States
S1-000525	Bluepeak Consultancy Private Limited	Near Metro Pillar 42 267 Stonebridge Rd Onyx Nagar Surat MP 326091	IN
S1-000526	Silverline Industries Incorporated	106 Thistle Drive, Gooldleaf Park, Fresno, IL, 73670	USA
S1-000527	Clearwater Systems Limited	139 Juniper Mn, Sunstone Nagar, Kochi, MP	IN
S1-000528	Maplecrest Enterprises Company	354 Northgate St, Falcon Park, Peoria, 24056	United States
S1-000529	Falcon Meridian Solutions Limited Liability Company	45 Vertex Rd, Lantern Park, Lubbock, OH	USA
S1-000530	Meridian Logistics Private Limited	78 Orchid Crs Onyx Nagar Pune Rajasthan 695188	IN
S1-000531	Bluepeak Harbor Consultancy Limited	4 Silverline Street, Silverline Nagar, Indore, 416363	India
S1-000532	Northgate Fabrics Private Limited	250 Brightpath Marg, Northgate Nagar, Coimbatore, Rajasthan, 342102	IN
S1-000533	Silverline Electricals Limited	Behind Ganesh Temple, 382 Juniper Road, Kochi, Kerala	India
S1-000534	Summit Fabrics Limited	3 Orchid St, Summit Nagar, Jaipur, Kerala, 715532	India
S1-000535	Juniper Motors Private Limited	272 Sunstone Road Clearwater Nagar Nagpur	IN
S1-000536	Falcon Packaging Company	218 Meridian Street, Behind the Civic Center, Austin, AL, 27660	USA
S1-000537	Northgate Motors Limited	332 Onyx Main Orchid Nagar Surat 350067	IN
S1-000538	Falcon Logistics Private Limited	255 Apex St, Clearwater Nagar, Indore, Kerala, 896828	India
S1-000539	Brightpath Consultancy Company	20 Bluepeak Street, Quarry Park, Peoria, AL, 52824	United States
S1-000540	Ironwood Industries Incorporated	306 Brightpath Avenue Harbor Park Mobile 15555	United States
S1-000541	Vertex Solutions Incorporated	247 Quarry Avenue Redwood Park Austin AL 90580	USA
S1-000542	Silverline Motors Company	Near Exit 14, 337 Orchid Drive, Summit Park, Austin, 94273	United States
S1-000543	Redwood Maplecrest Textiles Corporation	284 Stonebridge Ave, Bluepeak Park, Lubbock, AL	USA
S1-000544	Cobalt Sunstone Services Limited Liability Company	4 Goldleaf Ave, Thistle Park, Lubbock, 81823	US
S1-000545	Ironwood Juniper Enterprises Incorporated	342 Meridian St, Austin, WA, 71493	USA
S1-000546	Silverline Solutions Private Limited	383 Falcon Mn, Nagpur, MP, 147180	IN
S1-000547	Sunstone Enterprises Private Limited	386 Juniper Marg, Pune, Kerala	IN
S1-000548	Onyx Falcon Industries Corporation	311 Clearwater Drive, Harbor Park, Akron	US
S1-000549	Falcon Enterprises Limited	8 Meridian Cross, Juniper Nagar, Indore, Rajasthan, 719427	IN
S1-000550	Bluepeak Industries Limited Liability Company	322 Bluepeak St, Redwood Park, Opp. City Library, Tacoma, OH, 95078	United States
S1-000551	Falcon Clearwater Systems Limited Liability Company	Behind the Civic Center, 25 Maplecrest Street, Sunstone Park, Mobile, 31753	US
S1-000552	Ironwood Vertex Chemicals Incorporated	84 Sunstone Street, Harbor Park, Austin	United States
S1-000553	Thistle Logistics Private Limited	35/38 Clearwater Crs, Orchid Nagar, Indore, 269141	India
S1-000554	Kestrel Trading Private Limited	99 Falcon Marg, Vertex Nagar, Indore, MP, 704098	IN
S1-000555	Lantern Services Private Limited	4/13 Falcon St Apex Nagar Indore	IN
S1-000556	Thistle Chemicals Private Limited	70 Northgate Marg, Lantern Nagar, Kochi, 350301	IN
S1-000557	Thistle Logistics Limited	235 Harbor Street MaplecrestNagar Indore	India
S1-000558	Sunstone Chemicals Limited Liability Company	14/22 Juniper Rd, Ironwood Park, Near Exit 14, Peoria, AL	USA
S1-000559	Goldleaf Foods Limited	98 Quarry Crs Quarry Nagar Indore Kerala 906131	IN
S1-000560	Northgate Chemicals Private Limited	360 Vertex St Behind Ganesh Temple Silverline Nagar Nagpur Kerala	IN
S1-000561	Bluepeak Enterprises Private Limited	318 Quarry St, Jaipur, Maharashtra, 398826	IN
S1-000562	Lantern Chemicals Company	111 Quarry Blvd Meridian Park Behind the Civic Center Lubbock 36700	USA
S1-000563	Stonebridge Redwood Logistics Limited	136 Ravenwood Mn Northgate Nagar Nagpur Kerala	IN
S1-000564	Falcon Services Company	26 Meridian Street, Fresno, 46466	USA
S1-000565	Quarry Fabrics Private Limited	262 Goldleaf St, Thistle Nagar, Pune, MP, 879050	IN
S1-000566	Onyx Vertex Packaging Company	32 Sunstone Boulevard, Goldleaf Park, Tacoma	US
S1-000567	Onyx Fabrics Company	345 Cobalt Road, Falcon Park, Fresno	US
S1-000568	Orchid Solutions Corporation	Behind the Civic Center, Falcon Park, Mobile, OH, 19/26 Sunstone Dr	USA
S1-000569	Apex Ironwood Services Limited	Northgate Nagar, Coimbatore, 241 Lantern Road	India
S1-000570	Kestrel Stonebridge Motors Company	52 Thistle St, Northgate Park, Peoria, 83191	United States
S1-000571	Ironwood Brightpath Services Private Limited	14/43 Clearwater Marg Falcon Naga Nagpur 596155	IN
S1-000572	Onyx Solutions Corporation	127 Brightpath Dr, Orchid Park, Tacoma, 93447	US
S1-000573	Kestrel Solutions Company	170 Orchid St, Brightpath Park, Mobile	US
S1-000574	Goldleaf Chemicals Incorporated	181 Redwood Blvd, Tacoma, TX, 48345	USA
S1-000575	Meridian Systems Limited Liability Company	Opp. City Library, 136 Clearwater Blvd, Fresno	USA
S1-000576	Harbor Systems Limited Liability Company	36 Onyx Rd, Apex Park, Austin, OH	US
S1-000577	Quarry Logistics Limited	38/51 Onyx Road, Pune, Tamil Nadu	IN
S1-000578	Goldleaf Services Company	207 Quarry St, Fresno, 74903	US
S1-000579	Kestrel Consultancy Limited	233 Stonebridge Street, Surat, Rajastahn, Apex Nagar	India
S1-000580	Ravenwood Harbor Solutions Private Limited	24 Falcon Road, Surat, 511245	IN
S1-000581	Meridian Foods Limited	70 Redwood Rd Ravenwood Nagar Near SBI ATM Surat Rajasthan	India
S1-000582	Stonebridge Ironwood Textiles Corporation	4 Cllearwater St Mobile IL	United States
S1-000583	Onyx Enterprises Company	83 Summit Dr, Near Exit 14, Silverlnie Park, Peoria, TX	US
S1-000584	Sunstone Logistics Private Limited	Opp. Bus Depot, 238 Quarry Street, Surat, Gujarat, 575310	IN
S1-000585	Harbor Consultancy Private Limited	355 Ironwood Marg, Ravenwood Nagar, Nagpur, 559786	India
S1-000586	Clearwater Chemicals Private Limited	Near Metro Pillar 42, 158 Meridian Road, Apex Nagar, Kochi, Tamil Nadu	IN
S1-000587	Cobalt Motors Private Limited	15/19 Ravenwood Rd Ironwood Nagar Kochi MP 824921	IN
S1-000588	Stonebridge Industries Private Limited	45 Harbor St, Sunstone Nagar, Coimbatore, Maharashtra, 723846	IN
S1-000589	Summit Motors Corporation	241 Onyx Ave, Vertex Park, Lubbock, AL	USA
S1-000590	Falcon Motors Private Limited	130 Bluepeak Street, Juniper Nagar, Jaipur	India
S1-000591	Goldleaf Motors Limited	35 Thistle Cross Meridian Nagar Nagpur 429576	IN
S1-000592	Falcon Systems Limited	247 Falcon Mn, Silverline Nagar, Surat, Tamil Nadu, 697405	India
S1-000593	Falcon Consultancy Corporation	380 Lantern Street, Akron, AL, 83925	United States
S1-000594	Bluepeak Kestrel Fabrics Private Limited	46 Clearwater Marg, Brightpath Nagar, Coimbatore, Tamil Nadu, 155860	IN
S1-000595	Thistle Systems Incorporated	28 Bluepeak Ave, Cobalt Park, Peoria, OH, 25898	USA
S1-000596	Falcon Solutions Incorporated	30/20 Stonebridge Avenue, Mobile, 85189	USA
S1-000597	Harbor Vertex Logistics Corporation	Opp. City Library, 299 Clearwater Dr, Quarry Park, Mobile, OH, 81087	United States
S1-000598	Meridian Logistics Company	Near Exit 14 326 Clearwater Street Tacoma 81312	US
S1-000599	Bluepeak Systems Private Limited	103 nOyx Mn Surat Tamil Nadu 416218	India
S1-000600	Cobalt Trading Incorporated	329 Meridian Avenue, Orchid Park, Tacoma, IL ,77402	US
S1-000601	Silverline Systems Limited Liability Company	Opp. City Library, 48 Juniper Street, Thistle Park, Lubbock, OH, 36902	United States
S1-000602	Maplecrest Chemicals Private Limited	44 Ironwood Street, Indore	India
S1-000603	Apex Meridian Fabrics Limited	197 Sunstone Crs, Orchid Nagar, Coimbatore, Gujarat, 115254	India
S1-000604	Ravenwood Enterprises Limited	29 Apex Mn, Northgate Nagar, Kochi, MP, 947619	India
S1-000605	Meridian Sunstone Enterprises Incorporated	383 Silverline Street, Mobile, IL	US
S1-000606	Maplecrest Enterprises Company	193 Juniper Road Northgate Park Akron OH 19058	United States
S1-000607	Stonebridge Falcon Enterprises Incorporated	352 Redwood Avenue, Goldleaf Park, Tacoma, IL, 28294	US
S1-000608	Northgate Stonebridge Chemicals Corporation	190 Sunstone Boulevard Sunstone Park Tacoma 29083	USA
S1-000609	Falcon Vertex Trading Limited	32 Ironwood Rd, Juniper Nagar, Nagpur, Rajasthan, 22535	IN
S1-000610	Onyx Electricals Private Limited	Opp. Bus Depot, 128 Brightpath Marg, Pune, Gujarat, 326252	IN
S1-000611	Brightpath Motors Private Limited	15 Bluepeak Road, Redwood Nagar, Jaipur, Maharashtra, 130178	IN
S1-000612	Redwood Logistics Corporation	35 Ironwood Drive, Bluepeak Park, Behind the Civic Center, Austin, 97506	USA
S1-000613	Harbor Motors Corporation	81 Northgate Drive, Redwood Park, Tacoma, TX	US
S1-000614	Kestrel Chemicals Private Limited	399 Onyx Street Ironwood Nagar Nagpur MP	India
S1-000615	Thistle Harbor Systems Limited	305 Harbor Main, Lantern Nagar, Tamil Nadu, Surat	IN
S1-000616	Apex Onyx Industries Limited Liability Company	19/87 Quarry St Thistle Park 12047 Mobile	United States
S1-000617	Falcon Motors Limited	302 Harbor St, Ironwood Nagar, Coimbatore, 277917	India
S1-000618	Stonebridge Foods Company	46 Sunstone Boulevard, Fresno, OH	United States
S1-000619	Quarry Bluepeak Motors Incorporated	184 Redwood Road, Summit Park, Akron, 98443	US
S1-000620	Sunstone Industries Corporation	381 Vertex Street, Quarry Park, Peoria, IL, 92588	United States
S1-000621	Northgate Silverline Solutions Incorporated	287 Clearwater Boulevard Tacoma AL	US
S1-000622	Sunstone Industries Limited	198 Summit Cross, Orchid Nagar, Nagpur, Kerala	India
S1-000623	Kestrel Falcon Enterprises Limited	301 Onyx Road, Lantern Nagar, Nagpur, 265980	IN
S1-000624	Kestrel Consultancy Corporation	145 Juniper Rd, Lubbock, 67740	United States
S1-000625	Goldleaf Vertex Industries Corporation	116 Kestrel Dr, Bluepeak Park, Tacoma, WA	United States
S1-000626	Clearwater Kestrel Consultancy Company	Behind the Civic Center 365 Vertex Dr Akron TX 80056	USA
S1-000627	Ravenwood Solutions Private Limited	171 Falcon St Falcon Nagar Indore Kerala 843957	India
S1-000628	Sunstone Services Limited	361 Cobalt Main, Falcon Nagar, Kochi, 988012	IN
S1-000629	Juniper Consultancy Private Limited	237 Meridian Street, Clearwater Nagar, Surat	India
S1-000630	Vertex Motors Corporation	264 Harbor Ave Lantern Park Peoria 53011	United States
S1-000631	Thistle Chemicals Company	114 Orchid Drive, Northgate Park, Austin, 64166	United States
S1-000632	Lantern Services Corporation	59 Apex Avenue, Quarry Park, Tacoma	US
S1-000633	Vertex Apex Solutions Limited	51 Juniper Street Northgate Nagar Kochi Gujarat 915397	IN
S1-000634	Brightpath Systems Private Limited	69 Juniper dR Pune Rajasthan 165891	IN
S1-000635	Lantern Apex Chemicals Incorporated	49 Juniper Strete, Harbor Park, Akron, 64040	United States
S1-000636	Harbor Ravenwood Enterprises Limited Liability Company	66 Silverilne Boulevard, Thistle Park, Opp. City Library, Fresno, 15537	USA
S1-000637	Kestrel Packaging Private Limited	220 Cobalt Cross, Thistle Nagar, Indore, Kerala, 180592	IN
S1-000638	Vertex Vertex Electricals Private Limited	378 Cobalt Rd, Cobalt Nagar, Surat, MP, 967473	IN
S1-000639	Quarry Solutions Private Limited	295 Harbo Main, Silverline Nagar, Nagpur, Tamil Nadu, 957475	IN
S1-000640	Ravenwood Packaging Private Limited	192 Northgate St, Sunstone Nagar, Nagpur	India
S1-000641	Cobalt Motors Corporation	33/43 Lantern Road, Northgate Park, Behind the Civic Center, Mobile	USA
S1-000642	Lantern Lantern Foods Limited	337 Summit Road, Vertex Nagar, Nagpur, Maharashtra, 161712	IN
S1-000643	Ironwood Systems Private Limited	205 Maplecrest Road Silverline Nagar Coimbatore Tamil Nadu 610509	IN
S1-000644	Silverline Fabrics Private Limited	36 Meridian Cross Indore 396553	India
S1-000645	Sunstone Textiles Private Limited	214 Thistle Crs, Quarry Nagar, Pune, Tamil Nadu, 227629	India
S1-000646	Stonebridge Textiles Private Limited	205 Goldleaf Street, Sunstone Nagar, Kochi, 249373	India
S1-000647	Falcon Textiles Corporation	16/16 Sunstone St, Kestrel Park, Peoria	United States
S1-000648	Meridian Services Corporation	182 Sunstone Drive, Orchid Park, Austin, TX	US
S1-000649	Orchid Packaging Private Limited	390 Juniper Rd, Bluepeak Nagar, Surat, Rajasthan, 986823	India
S1-000650	Falcon Services Limited	32/39 Maplecrest Main, Near Metro Pillar 42, Vertex Nagar, Indore, 884576	India
S1-000651	Stonebridge Trading Limited Liability Company	80 Falcon Ave, Lantern Park, OH, 61908, Mobile	USA
S1-000652	Ravenwood Fabrics Private Limited	232 Thistle Marg, Orchid Nagar, Indore, 967714	IN
S1-000653	Northgate Chemicals Limited	300 Cobalt Mn Stonebridge Nagar Nagpur MP	IN
S1-000654	Meridian Chemicals Private Limited	70 Ravenwood Crs, Maplecrest Nagar, Nagpur	IN
S1-000655	Goldleaf Motors Incorporated	193 Vertex St, Summit Park, Tacoma	USA
S1-000656	Bluepeak Solutions Corporation	99 Harbor St, Quarry Park, Akron, AL, 59952	USA
S1-000657	Maplecrest Chemicals Limited	309 Onyx Main Indre	IN
S1-000658	Onyx Textiles Corporation	18/53 Onyx St Behind the Civic Center Ironwoo Park Mobile OH 19825	USA
S1-000659	Quarry Goldleaf Textiles Private Limited	14/35 Ravenwood Street, Apex Nagar, Jaipur	India
S1-000660	Cobalt Lantern Electricals Limited	206 Thistle Rd, Falcon Nagar, Pune, 17818	IN
S1-000661	Apex Industries Corporation	52 Juniper Street, Lantern Park, Fresno, 53037	US
S1-000662	Northgate Industries Limited Liability Company	48 Meridian Road, Orchid Park, Mobile, AL, 65720	US
S1-000663	Summit Solutions Limited	307 Summit Mn Maplecrest Nagar Kochi Tamil Nadu Opp. Bus Depot	IN
S1-000664	Quarry Systems Company	118 Silverline Road, Harbor Park, TX 55828, Mobile	United States
S1-000665	Falcon Fabrics Private Limited	376 Vertex Marg, Nagpur, MP, 328237	India
S1-000666	Apex Fabrics Incorporated	89 Northgate Boulevard, Lubbock, 50981	USA
S1-000667	Sunstone Textiles Company	9/55 Vertex Road, Quarry Park, Tacoma, 46916	USA
S1-000668	Bluepeak Northgate Electricals Private Limited	127 Harbor Road, Ironwood Nagar, Indore, Maharashtra, 522708	IN
S1-000669	Orchid Foods Limited Liability Company	347 Apex St Behind the Civic Center Mobile AL 17854	USA
S1-000670	Onyx Trading Limited Liability Company	25/26 Vertex Dr, Sunstone Park, Mobile, OH, 72973	USA
S1-000671	Sunstone Consultancy Incorporated	197 Juuniper Drive, Silverline Park, Peoria, IL, 50025	USA
S1-000672	Quarry Packaging Limited Liability Company	386 Ravenwood Rd, Near Exit 14, Tacoma, OH, 70888	US
S1-000673	Quarry Foods Limited Liability Company	48 Northgate Drive Summit Park Peoria 27623	US
S1-000674	Clearwater Systems Private Limited	33 Ironwood Crs, Thistle Nagar, Surat, Kerala, 183943	IN
S1-000675	Vertex Industries Limited	Opp. Bus Depot 376 Maplecrest Cross Coimbatore Maharashtra	IN
S1-000676	Meridian Services Company	266 Onyx Avenue, Silverline Park, Mobile, 90443, OH	United States
S1-000677	Redwood Maplecrest Motors Private Limited	Near Metro Pillar 42, 16/6 Silverline Road, Nagpur, Maharashtra	IN
S1-000678	Goldleaf Textiles Limited Liability Company	56 Ravenwood Boulevard, Silverline Park, Austin, AL	United States
S1-000679	Northgate Logistics Private Limited	346 Clearwater Street, Kestrel Nagar, Nagpur, Maharashtra, 979268	India
S1-000680	Quarry Textiles Limited	392 Silverline Road, Apex Nagar, Nagpur, Rajasthan	IN
S1-000681	Kestrel Packaging Private Limited	19 Silverline Cross, Thistle Nagar, Jaipur, Rajasthan, 833064	India
S1-000682	Silverline Services Limited Liability Company	201 Ironwood Drive, Opp. City Library, Mobile, 78200	United States
S1-000683	Summit Services Company	361 Cobalt Rd, Juniper Parkk, Akron	USA
S1-000684	Thistle Industries Limited	54 Bluepeak Rd, Kestrel Nagar, Coimbatore, Kerala, 103504	IN
S1-000685	Kestrel Industries Limited Liability Company	6 Brightpath Street Ravenwood Park Mobile TX	United States
S1-000686	Summit Enterprises Private Limited	35 Ironwood Road, Quarry Nagar, Kochi, Rajasthan, 727992	India
S1-000687	Onyx Electricals Corporation	381 Cobalt Blvd, Near Exit 14, Akron, 50606	USA
S1-000688	Northgate Fabrics Company	355 Apex Dr, 61160, Austin	USA
S1-000689	Vertex Chemicals Limited Liability Company	Opp. City Library, 347 Orchid Blvd, Austin, 43263	United States
S1-000690	Onyx Solutions Limited	302 Northgate St, Northgate Nagar, Jaipur, Maharashtra, 721867	India
S1-000691	Cobalt Services Private Limited	279 Maplecrest Road, SummitNagar, Kochi, Tamil Nadu	IN
S1-000692	Clearwater Apex Trading Incorporated	71 Stonebridge St Fresno OH 70674	USA
S1-000693	Lantern Logistics Corporation	239 Brightpath Blvd, Vertex Park, Peoria, IL, 23116	USA
S1-000694	Orchid Motors Private Limited	255 Northgate Crs, Pune, MP, 533955	IN
S1-000695	Ravenwood Electricals Company	284 Maplecrest Avenue, Summit Park, Akron	USA
S1-000696	Quarry Packaging Limited	93 Ravenwood Marg Jaipur 219451	India
S1-000697	Brightpath Services Limited Liability Company	47 Apex Dr, Goldleaf Park, Lubbock, 14570	US
S1-000698	Stonebridge Foods Limited	207 Summit Mn, Sunstone Nagar, Coimbatore, Kerala	IN
S1-000699	Falcon Packaging Limited Liability Company	110 Northgate Drive, Kestrel Park, Fresno, 66898	US
S1-000700	Lantern Orchid Enterprises Private Limited	266 Quarry Rd, Meridian Nagar, Indore, Maharashtra, 448192	IN
S1-000701	Northgate Chemicals Incorporated	196 Maplecrest Blvd, Near Exit 14, Akron, CA, 20360	United States
S1-000702	Cobalt Consultancy Private Limited	82 Vertex Crs, Redwood Nagar, Kochi, 294594	IN
S1-000703	Falcon Orchid Services Limited Liability Company	377 Clearwater Drive, Mobile, 23108, TX	USA
S1-000704	Summit Services Company	24 Silverline Boulevard, HHarbor Park, Mobile, TX	USA
S1-000705	Harbor Bluepeak Electricals Corporation	228 Summit Dr, Mobile, Ravenwood Park	United States
S1-000706	Goldleaf Enterprises Company	Behind the Civic Center, 360 Thistle Road, Harbor Park, Fresno, IL	United States
S1-000707	Vertex Brightpath Solutions Limited Liability Company	131 Thistle Avenue, Fresno, WA, 31054	US
S1-000708	Silverline Textiles Private Limited	340 Quarry Road,  Harbor Nagar, Pune, 624439	India
S1-000709	Goldleaf Industries Private Limited	5/7 Nrothgate Marg, Lantern Nagar, Pune, Kerala, 842173	IN
S1-000710	Silverline Chemicals Company	342 Goldleaf Avenue, Northgate Park, Tacoma, OH, 32415	US
S1-000711	Cobalt Trading Private Limited	218 Sunstone Marg, Behind Ganesh Temple, Stonebridge Nagar, Nagpur, MP, 404275	India
S1-000712	Falcon Trading Private Limited	11/47 Summit Main, Kochi, Gujarat, 970608	IN
S1-000713	Maplecrest Packaging Private Limited	88 Stonebridge Rd, Juniper Nagar, Nagpur, 41416	IN
S1-000714	Stonebridge Consultancy Incorporated	263 Vertex Drive, Brightpath Park, Mobile, OH, 41194	United States
S1-000715	Maplecrest Chemicals Company	170 OrchidAve, Vertex Park, Lubbock, TX, 44721	USA
S1-000716	Silverline Services Private Limited	327 Vertex  Marg, Kochi, Kerala, 124625	India
S1-000717	Redwood Ironwood Consultancy Private Limited	11 Onyx Street, Indore, Rajasthan, 442327	India
S1-000718	Bluepeak Services Private Limited	227 Northgate Rd  Pune Tamil Nadu 488336	IN
S1-000719	Harbor Trading Limited	209 Stonebridge Street, Coimbatore, MP, 420224	India
S1-000720	Meridian Motors Company	Behind the Civic Center 48 Redwood Rd Vertex Park Peoria TX 92297	US
S1-000721	Silverline Sunstone Solutions Incorporated	399 Silverline Boulevard, Vertex Park, WA Peoria	US
S1-000722	Meridian Systems Limited Liability Company	7/82 Orchid Dr Stonebridge Park Lubbock TX 50940	US
S1-000723	Cobalt Summit Enterprises Company	57 Bluepeak Blvd, Near Exit 14, Cobalt Park, Fresno, 24013	US
S1-000724	Bluepeak Goldleaf Packaging Limited	193 Stonebridge Cross Surat Rajasthan 970608	IN
S1-000725	Ravenwood Industries Limited	Near Metro Pillar 42, 27 Vertex Street, Thistle Nagar, Coimbatore, Tamil Nadu, 116994	India
S1-000726	Northgate Textiles Company	370 Onyx Avenue Juniper Park Behind the Civic Center Fresno TX	USA
S1-000727	Thistle Solutions Incorporated	177 Orchid St, Clearwater Park, Fresno	USA
S1-000728	Thistle Packaging Limited Liability Company	373 Thistle Rd, Stonebridge Park, Fresno, IL, 54664	USA
S1-000729	Summit Foods Limited Liability Company	307 Brightpath Street Meridian Park Tacoma IL	United States
S1-000730	Redwood Trading Corporation	149 Cobalt Dr, Northgate Park, Behind the Civic Center, Mobile, 11750	United States
S1-000731	Northgate Brightpath Industries Limited	255 Maplecrest Crs, Brigthpath Nagar, Indore, MP, 694086	IN
S1-000732	Harbor Industries Private Limited	150 Goldleaf Street, Vertex Nagar, Pune, Rajasthan	India
S1-000733	Clearwater Packaging Limited	185 Sunstone Cross Maplecrest Nagar Surat Maharashtra 317270	IN
S1-000734	Bluepeak Onyx Systems Corporation	10/60 Clearwater Ave, Vertex Park, Fresno, WA	USA
S1-000735	Sunstone Logistics Private Limited	Near SBI ATM, 230 Goldleaf Cross, Brightpath Nagar, Nagpur	IN
S1-000736	Apex Consultancy Private Limited	Near SBI ATM 257 Harbor Road Harbor Nagar Kochi Rajasthan 919407	India
S1-000737	Summit Meridian Electricals Limited	37 Stonebridge St, Maplecrest Nagar, Jaipur	IN
S1-000738	Harbor Enterprises Limited Liability Company	243 Cobalt St, Harbor Park, Lubbock, TX, 78613	US
S1-000739	Silverline Consultancy Company	145 Maplecrest Dr, Thistle Park, Akron, 46143	US
S1-000740	Redwood Solutions Incorporated	139 Redwood Blvd, Falcon Park, Akron, AL	United States
S1-000741	Brightpath Ironwood Fabrics Corporation	Opp. City Library, 265 Quarry St, Vertex Park, Fresno, 37802	US
S1-000742	Bluepeak Electricals Limited	221 Ravenwood Marg Maplecrest agar Nagpur Rajasthan	IN
S1-000743	Vertex Textiles Limited Liability Company	219 Apex Dr Juniper Park Tacoma	US
S1-000744	Bluepeak Industries Limited Liability Company	Behind the Civic Cente,r 205 Ravenwood Road, Austin, 77298	USA
S1-000745	Cobalt Kestrel Foods Incorporated	78 MeridianBlvd Lubbock 23562	United States
S1-000746	Summit Trading Private Limited	Near SBI ATM 329 Maplecrest Rd Surat 502262	IN
S1-000747	Vertex Logistics Limited Liability Company	205 Vertex Dr, Falcon Park, Lubbock, CCA	US
S1-000748	Sunstone Services Limited	173 Ironwood Main, Cobalt Nagar, Pune, Rajasthan, 815308	IN
S1-000749	Bluepeak Services Corporation	219 Redwood Boulevard Behind the Civic Center Apex Park Fresno CA	US
S1-000750	Quarry Fabrics Limited	315 hTistle Cross, Apex Nagar, Pune, Kerala, 155007	India
S1-000751	Lantern Chemicals Company	Opp. City Library, 207 Goldleaf Rd, Orchid Park, Tacoma, 60786	US
S1-000752	Cobalt Industries Private Limited	214 Kestrel Main Vertex Nagar Jaipur Tamil Nadu 124023	IN
S1-000753	Vertex Consultancy Private Limited	198 Redwood Rd, Harbor Nagar, Kochi, 737788	IN
S1-000754	Vertex Services Limited	191 Quarry Street, Falcon Nagar, Indore, Kerala	IN
S1-000755	Clearwater Systems Private Limited	Behind Ganesh Temple, 263 Sunstone Marg, Vertex Nagar, Jaipur	India
S1-000756	Sunstone Enterprises Private Limited	13/59 Lantern Crs Harbor Nagar Nagpur 209020	India
S1-000757	Stonebridge Fabrics Private Limited	375 Ironwood Street, Indore, 831032	IN
S1-000758	Redwood Maplecrest Motors Private Limited	397 Orchid Mn, Quarry Nagar, Indore, Tamil Nadu	IN
S1-000759	Orchid Logistics Corporation	30 Ravenwood Drive, Clearwater Park, Peoria, AL, 20388	United States
S1-000760	Falcon Foods Company	242 Thistle Street, Brightpath Park, Opp. City Library, Mobile, CA, 14187	USA
S1-000761	Onyx Northgate Fabrics Private Limited	151 Sunstone Mn, Near Metro Pillar 42, Cobalt Nagar, Coimbatore	IN
S1-000762	Redwood Goldleaf Foods Limited	34 Maplecrest Marg, Near Metro Pillar 42, Maplecrest Nagar, Surat, 554802	India
S1-000763	Orchid Solutions Private Limited	Near SBI ATM, 196 Maplecrest Road, Indore, 125276	India
S1-000764	Stonebridge Fabrics Company	144 Kestrel Rd, Ironwood Park, Lubbock, CA, 85914	US
S1-000765	Apex Logistics Limited	312 Quarry Road, Stonebridge Nagar, Jaipur, Tamil Nadu	IN
S1-000766	Harbor Logistics Limited	17/71 Clearwater Marg, Redwood Nagar, Jaipur, Kerala, 494530	IN
S1-000767	Quarry Quarry Motors Private Limited	61 Northgate Road, Pune, Kerala, 509481	IN
S1-000768	Harbor Chemicals Private Limited	Near SBI ATM, 120 Apex St, Orchid Nagar, Jaipur, 853532	IN
S1-000769	Harbor Electricals Limited	16/82 Redwood Rd, Maplecrest Nagar, Indore, Gujarat, 310092	India
S1-000770	Juniper Industries Incorporated	307 Stonebridge Rd, Kestrel Park, Mobile, 48145	United States
S1-000771	Summit Logistics Corporation	21/24 Falcon Street, Juniper Park, Akron, 42411	US
S1-000772	Onyx Foods Limited Liability Company	387 Apex Boulevard, Harbor Park, Lubbock, TX	USA
S1-000773	Kestrel Packaging Incorporated	72 Falcon St, Austin	US
S1-000774	Cobalt Packaging Company	Opp. City Library 177 Cobalt St Ironwood Park Fresno IL 24268	US
S1-000775	Silverline Electricals Private Limited	96 Sunstone Streeet, Summit Nagar, Coimbatore, Gujarat	India
S1-000776	Apex Solutions Limited	43 Summit Mn, Pune, Gujarat, 724331	India
S1-000777	Bluepeak Fabrics Private Limited	28/59 Thistle Mn Sunstone Nagar Kochi Rajasthan 478537	IN
S1-000778	Clearwater Systems Limited Liability Company	331 Onyx Road, Orchid Park, Peoria, 37452	United States
S1-000779	Quarry Services Limited	44 Stonebridge St, Sunstone Nagar, Kochi	India
S1-000780	Stonebridge Chemicals Corporation	71 Juniper St, Onyx Park, Mobile, IL, 15253	US
S1-000781	Clearwater Vertex Logistics Private Limited	35/80 Kestrel Cross, Thistle Nagar, Pune, MP, 701742	IN
S1-000782	Bluepeak Fabrics Limited Liability Company	329 Bluepeak Drive, Northgate Park, Lubbock, TX, 19742	United States
S1-000783	Harbor Solutions Corporation	63 Maplecrest Road, Silverline Park, Austin, CA, 80306	USA
S1-000784	Redwood Consultancy Corporation	67 Meridian Blvd, Juniper Park, Fresno	USA
S1-000785	Bluepeak Onyx Chemicals Private Limited	191 Summit St, Vertex Nagar, Coimbatore	IN
S1-000786	Goldleaf Systems Corporation	229 Sunstone Drive, Brightpath Park, Fresno, TX, 28400	USA
S1-000787	Vertex Onyx Motors Corporation	114 Orchid Dr, Maplecrest Park, Peoria, TX	United States
S1-000788	Cobalt Vertex Trading Limited	54 Vertex Marg Juniper Nagar Jaipur Gujarat 852794	IN
S1-000789	Sunstone Chemicals Private Limited	60 Meridian Marg, Near SBI ATM, Meridian Nagar, Surat, 791956	India
S1-000790	Vertex Solutions Private Limited	253 Bluepeak St Surat	India
S1-000791	Maplecrest Summit Solutions Incorporated	262 Apex Blvd, Northgate Park, Peoria, AL, 18340	USA
S1-000792	Vertex Industries Private Limited	320 Maplecrest Road, Harbor Nagar, Jaipur, 480413	India
S1-000793	Silverline Services Limited Liability Company	12/9 Redwood Rd, Quarry Park, Lubbock, AL, 38584	United States
S1-000794	Summit Enterprises Limited Liability Company	390 Kestrel Blvd Quarry Park Mobile OH 43687	USA
S1-000795	Kestrel Clearwater Consultancy Incorporated	178 Orchid Street, Maplecrest Park, Fresno, IL, 40437	USA
S1-000796	Vertex Fabrics Incorporated	Behind the Civic Center 128 Maplecrest Rd Fresno WA 25776	US
S1-000797	Brightpath Textiles Private Limited	261 Summit Road, Surat, Kerala	India
S1-000798	Northgate Brightpath Enterprises Private Limited	23 Sunstone Road, Coimbatore, MP, 279319	IN
S1-000799	Sunstone Packaging Corporation	89 Quarry Drive, Behind the Civic Center, Goldleaf Park, Peoria, TX, 62585	United States
S1-000800	Quarry Foods Company	80 Ravenwood Road, Clearwater Park, Akron, AL, 54827	United States
S1-000801	Stonebridge Services Limited	320 Ironwood Main, Maplecrest Nagar, Surat, Gujarat, 128966	India
S1-000802	Meridian Systems Limited Liability Company	33 Stonebridge St, Ravenwood Park, Austin, WA	US
S1-000803	Redwood Packaging Private Limited	228 Orchid St Falcon Nagar Nagpur Tamil Nadu 743974	IN
S1-000804	Sunstone Enterprises Corporation	28/80 Quarry Boulevard, Northgate Park, Fresno, IL, 38997	US
S1-000805	Orchid Services Private Limited	33/70 Maplecrest Cross, Stonebridge Nagar, Behind Ganesh Temple, Indore, Kerala, 295637	IN
S1-000806	Harbor Systems Limited Liability Company	Behind the Civic Center, 187 Falcon Roaad, Austin, 14720	United States
S1-000807	Maplecrest Clearwater Motors Company	59 Thistle Boulevard, Goldleaf Park, Fresno, WA	United States
S1-000808	Onyx Trading Company	26 Brightpath Rd, Near Exit 14, Mobile, CA	US
S1-000809	Kestrel Motors Incorporated	226 Ironwood Blvd, Cobalt Park, Fresno, IL	United States
S1-000810	Stonebridge Textiles Corporation	Opp. City Library, Lubbock, 23082, 150 Cobalt Street	USA
S1-000811	Stonebridge Consultancy Private Limited	280 Maplecrest Street, Nagpur, Gujarat, 731610	IN
S1-000812	Onyx Orchid Systems Private Limited	327 Thistle Mn Vertex Nagar Nagpur 970944	India
S1-000813	Ravenwood Goldleaf Industries Corporation	342 Redwood St Akron 94496	United States
S1-000814	Redwood Apex Motors Incorporated	Opp. City Library, 22/44 Bluepeak St, Austin, WA, 12236	United States
S1-000815	Orchid Fabrics Private Limited	18/77 Redwood Marg, Harbor Nagar, Nagpur, 955958	India
S1-000816	Onyx Foods Limited Liability Company	190 Onyx Blvd, Brightpath Park, Lubbock, 21682	US
S1-000817	Kestrel Fabrics Private Limited	219 Lantern Road Near SBI ATM Thistle Nagar Indore Kerala	India
S1-000818	Onyx Redwood Foods Private Limited	186 Orchid Mn, Onyx Nagar, Nagpur, Rajasthan, 504897	IN
S1-000819	Summit Consultancy Private Limited	Cobalt Nagar, Jaipur, 14/23 Harbor Mn	IN
S1-000820	Onyx Meridian Trading Private Limited	104 Northgate Street, Maplecrest Nagar, Nagpur, 171456, Tamil Nadu	India
S1-000821	Sunstone Consultancy Company	40 Falcon Blvd, Clearwater Park, Akron, 28635	USA
S1-000822	Lantern Clearwater Textiles Private Limited	272 Sunstone Street, Sunstone Nagar, Indore, 407465	India
S1-000823	Onyx Ironwood Fabrics Limited	282 Vertex Mn, Silverline Nagar, Opp. Bus Depot, Indore, Maharashtra, 833958	India
S1-000824	Meridian Sunstone Services Corporation	41 Summit Dr, Opp. City Library, Brightpath Park, Fresno, 11699	US
S1-000825	Harbor Motors Private Limited	341 Northgate Mn, Maplecrest Nagar, Surat, Tamil Nadu	IN
S1-000826	Lantern Logistics Incorporated	196 Goldleaf Ave Sunstone Park Tacoma TX	US
S1-000827	Sunstone Logistics Private Limited	253 Goldleaf Street, Near Metro Pillar 42, Orchid Nagar, Coimbatore	IN
S1-000828	Thistle Foods Corporation	289 Redwood Road, Sunstone Park, Akron, WA, 72682	US
S1-000829	Lantern Solutions Incorporated	293 Vertex Dr, Goldleaf Park, Mobile, IL, 94911	US
S1-000830	Onyx Motors Private Limited	127 Ironwood Street Maplecrest Nagar Surat	IN
S1-000831	Summit Packaging Company	64 Clearwater Street, Thistle Park, Austin	US
S1-000832	Apex Maplecrest Packaging Limited Liability Company	223 Thistle Blvd Tacoma 22779	US
S1-000833	Cobalt Trading Limited	191 Redwood Marg, Surat, Gujarat	IN
S1-000834	Brightpath Foods Corporation	40 Juniper Drive Ironwood Park Tacoma CA 69570	United States
S1-000835	Summit Motors Limited Liability Company	285 Brightpath Blvd, Clearwater Park, Mobile, TX, 52923	United States
S1-000836	Apex Consultancy Incorporated	149 Falcon Street, Lantern Park, Mobile, 87047	US
S1-000837	Apex Systems Corporation	320 Maplecrest St, Orchid Park, Fresno	US
S1-000838	Stonebridge Systems Limited	55 Maplecrest Mn, Jaipur, MP	India
S1-000839	Juniper Goldleaf Industries Limited Liability Company	396 Apex Road Brightpath Park Behind the Civic Center Austin	United States
S1-000840	Thistle Trading Company	21/88 Lantern Road, Fresno, OH	USA
S1-000841	Apex Industries Limited Liability Company	40 Apex Street, Onyx Park, Mobile, AL	USA
S1-000842	Quarry Foods Private Limited	102 Stonebridge Mn, Bluepeak Nagar, Surat, Gujarat, 449627	India
S1-000843	Clearwater Foods Company	307 Quarry Road, Mapleccrest Park, Mobile, 61640	United States
S1-000844	Ironwood Silverline Motors Limited	27 Kestrel Marg, Vertex Nagar, Jaipur, Tamil Nadu, 477517	IN
S1-000845	Stonebridge Chemicals Company	331 Cobalt Blvd, Peoria, WA, 14017	United States
S1-000846	Maplecrest Industries Private Limited	362 Northgate Road, Onyx Nagar, Jaipur, Kerala, 896920	IN
S1-000847	Orchid Logistics Incorporated	277 Ravenwood Avenue, Northgate Park, Lubbock, 61407	US
S1-000848	Lantern Chemicals Private Limited	334 Brightpath Marg, Quarry Nagar, Jaipur, Gujarat, 415593	India
S1-000849	Lantern Packaging Corporation	224 Vertex Road, Silverline Park, Austin, AL, 67104	United States
S1-000850	Stonebridge Systems Private Limited	264 Clearwater Rd Surat Tamil Nadu	IN
S1-000851	Brightpath Meridian Systems Private Limited	115 Harbor Main, Apex Nagar, Jaipur, 925177	IN
S1-000852	Meridian Services Incorporated	221 Orchid Dr, Silverline Park, Mobile, TX	US
S1-000853	Falcon Ravenwood Systems Limited Liability Company	42 Orchid Drive, Behind the Civic Center, Ironwood Park, Austin, 29531	United States
S1-000854	Onyx Trading Private Limited	133 Summit St, Nagpur, Rajasthan, 847086	IN
S1-000855	Cobalt Harbor Enterprises Private Limited	254 Thistle Crs Harbor Nagar Indore Kerala 361838	IN
S1-000856	Brightpath Chemicals Corporation	319 Maplecrest Dr Silverline Park Akron IL 64091	United States
S1-000857	Vertex Foods Limited	258 Maplecrest Rd, Thistle Nagar, Coimbatore, Tamil Nadu, 969459	IN
S1-000858	Redwood Solutions Incorporated	156 Goldleaf Ave, Goldleaf Park, Lubbock, AL, 77924	US
S1-000859	Brightpath Enterprises Corporation	291 Northgate Street Vertex Park Mobile 57599	USA
S1-000860	Kestrel Foods Company	379 Goldleaf Road, Meridian Park, Fresno, OH	US
S1-000861	Bluepeak Trading Corporation	22/16 Ravenwood Street, Tacoma, TX, 90238	USA
S1-000862	Vertex Goldleaf Enterprises Corporation	233 Falcon Avenue, Lantern Park, Lubbock	US
S1-000863	Apex Textiles Company	141 Silverline Street, Lubbock, 69172	US
S1-000864	Juniper Ravenwood Services Incorporated	Opp. City Library 48 Silverline Avenue Orchid Park Fresno AL 31554	United States
S1-000865	Apex Electricals Corporation	339 Ravenwood Rd, Redwood Park, Mobile, OH	US
S1-000866	Ravenwood Enterprises Company	1/39 Onyx Boulevard, Fresno	USA
S1-000867	Goldleaf Trading Limited	26/18 Kestreel Marg, Orchid Nagar, Pune	India
S1-000868	Goldleaf Enterprises Limited Liability Company	Near Exit 14, 21/79 Kestrel Road, Verex Park, Austin, 56205	United States
S1-000869	Quarry Electricals Private Limited	264 Ravenwood Road Redwood Nagar Coimbatore Rajasthan	IN
S1-000870	Clearwater Services Incorporated	280 Quarry Dr, Harbor Park, Lubbock, CA	USA
S1-000871	Bluepeak Foods Limited	10/60 Falcon Crs, Summit Nagar, Kochi, Rajasthan	IN
S1-000872	Orchid Logistics Limited Liability Company	140 Meridian Rd, Akron, Cobalt Park	US
S1-000873	Harbor Foods Private Limited	Near Metro Pillar 42 278 Ravenwood Street Clearwater Nagar Nagpur Tamil Nadu	India
S1-000874	Stonebridge Enterprises Limited	29/24 Ravenwood Marg Kochi	India
S1-000875	Cobalt Fabrics Private Limited	146 Ravenwood Crs, Bluepeak Nagar, Coimbatore, Gujarat, 828118	IN
S1-000876	Ravenwood Systems Company	97 Vertex Street, Tacoma, AL, 95961	USA
S1-000877	Quarry Foods Limited	326 Cobalt Mn, Thistle Nagar, Kochi, Rajasthan, 456563	India
S1-000878	Thistle Chemicals Company	165 Orchid Avenue, Near Exit 14, Austin, WA 43410	United States
S1-000879	Northgate Textiles Limited	149 Juniper Cross Vertex Nagar Kochi Kerala 428285	IN
S1-000880	Silverline Onyx Packaging Private Limited	71 Apex Marg, Clearwater Nagar, Coimbatore, Kerala, 926705	India
S1-000881	Goldleaf Chemicals Corporation	Near Exit 14, 235 Bluepeak Ave, Quarry Park, Austin, 73840	United States
S1-000882	Ironwood Textiles Incorporated	1 Kestrel Blvd, Quarry Park, Tacoma, OH	USA
S1-000883	Cobalt Industries Private Limited	312 Meridian St, Near Metro Pillar 42, Pune, 729094	India
S1-000884	Goldleaf Thistle Consultancy Private Limited	11 Ravenwood Main, Coimbatore	India
S1-000885	Bluepeak Enterprises Corporation	273 Juniper Ave, Thistle Park, Fresno, TX, 35721	US
S1-000886	Harbor Quarry Electricals Company	1/78 Meridian Drive, Near Exit 14, Northgate Park, Peoria, 68421	United States
S1-000887	Ravenwood Packaging Corporation	73 Silverline Road, Tacoma, WA, 62463	USA
S1-000888	Maplecrest Textiles Incorporated	154 Goldleaf Boulevard, Peoria, 24417	USA
S1-000889	Thistle Chemicals Private Limited	359 Bluepeak Mn, Coimbatore, 325052	IN
S1-000890	Onyx Consultancy Incorporated	27/44 Ravenwood Avenue, Austin, WA, 46587	USA
S1-000891	Northgate Services Incorporated	62 Brightpath Street, Maplecrest Park, Tacoma, 38169	US
S1-000892	Northgate Trading Corporation	207 Silverline Dr, Fresno, Opp. City Library	USA
S1-000893	Stonebridge Silverline Fabrics Limited	320 Kestrel Street, Vertex Nagar, Pune, 581757	IN
S1-000894	Thistle Ravenwood Fabrics Incorporated	354 Juniper St, Quarry Park, Frseno, IL	USA
S1-000895	Maplecrest Consultancy Limited Liability Company	142 Summit Drive, Ravenwood Park, Fresno	United States
S1-000896	Cobalt Industries Company	Opp. City Library, 17 Falcon Road, Silverline Park, Tacoma	USA
S1-000897	Kestrel Consultancy Company	257 Falocn Street, Quarry Park, Austin, AL	USA
S1-000898	Kestrel Stonebridge Chemicals Company	189 Northgate St, Northgate Park, Akron, OH, 31796	United States
S1-000899	Quarry Chemicals Corporation	37/84 Orchid Avenue, Juniper Park, Lubbock, OH, 11054	USA
S1-000900	Silverline Packaging Private Limited	87 Ironwood Marg, Coimbatore	IN
S1-000901	Northgate Enterprises Limited	Near SBI ATM, 16 Brightpath Main, Apex Nagar, Coimbatore, Tamil Nadu, 544227	India
S1-000902	Quarry Textiles Company	12/10 Sunstone Street, Meridian Park, Tacoma, OH, 29002	US
S1-000903	Thistle Packaging Limited	345 Juniper Cross, Summit Nagar, Coimbatore, 910519	India
S1-000904	Harbor Services Company	104 Brightpathh Road, Peoria, IL, 98122	US
S1-000905	Kestrel Electricals Company	365 Summit Drive, Orchid Park, Peoria, 43651, WA	USA
S1-000906	Goldleaf Motors Corporation	160 Apex Ave, Silverline Park, Lubbock, WA, 29437	United States
S1-000907	Clearwater Textiles Limited Liability Company	322 Clearwater Drrive, Lubbock, 35509	USA
S1-000908	Stonebridge Consultancy Corporation	92 Brightpath Ave, Fresno, 80268	US
S1-000909	Northgate Logistics Private Limited	179 Lantern Main, Summit Nagar, Kochi, Kerala, 684615	India
S1-000910	Apex Cobalt Services Corporation	340 Juniper Dr, Opp. City Library, Bluepeak Par,k Akron, IL, 77156	USA
S1-000911	Juniper Quarry Chemicals Private Limited	13/10 Brightpath Rd, Juniper Nagar Kochi, Kerala, 425867	India
S1-000912	Lantern Textiles Incorporated	19 Vertex Drive, Tacoma, 47423	United States
S1-000913	Ravenwood Brightpath Logistics Company	244 Silverline Street, Behind the Civic Center, Juniper Park, Tacoma, OH, 35092	United States
S1-000914	Northgate Systems Limited Liability Company	186 Orchid Blvd, Harbor Park, Akron, 75315	USA
S1-000915	Kestrel Systems Company	Apex Park, Peoria, 67613, 255 Clearwater St	US
S1-000916	Kestrel Textiles Limited Liability Company	236 Redwood Blvd, Apex Park, Fresno, TX	US
S1-000917	Goldleaf Consultancy Private Limited	16 Ironwood Cross, Harbor Nagar, Near Metro Pillar 42, Surat, Maharashtra	IN
S1-000918	Redwood Chemicals Corporation	42 Ironwood Boulevard Meridian Park Peoria AL	US
S1-000919	Harbor Packaging Private Limited	210 Falcon Main, Harbor Nagar, Coimbatore, Maharashtra	India
S1-000920	Falcon Chemicals Limited	31 Sunstone Street, Onyx Nagar, Nagpur, Maharashtra	IN
S1-000921	Ravenwood Industries Private Limited	255 Harbor Street, Nagpur, Gujarat, 825788	India
S1-000922	Ironwood Silverline Consultancy Incorporated	209 Maplecrest Ave, Fresno, 48588	USA
S1-000923	Meridian Cobalt Consultancy Corporation	Opp. City Library, 126 Ravenwood Street, Harbor Park, Peoria, CA, 28402	USA
S1-000924	Apex Electricals Private Limited	385 Lantern Street, Near SBI ATM, Northgate Nagar, Jaipur, Gujarat	India
S1-000925	Northgate Juniper Services Company	46 Sunstone Blvd, Kestrel Park, Austin, WA	US
S1-000926	Onyx Chemicals Private Limited	79 Sunstone Cross, Silverline Nagar, Near Metro Pillar 42, Jaipur, Tamil Nadu	India
S1-000927	Goldleaf Textiles Limited Liability Company	235 Brightpath Boulevard, Bluepeak Park, Mobile, 70970	United States
S1-000928	Sunstone Foods Company	246 Goldleaf Drive, Peoria, 12103	US
S1-000929	Juniper Foods Limited Liability Company	6 Brightpath Ave, Peoria	United States
S1-000930	Summit Solutions Private Limited	Near Metro Pillar 42, 4 Ravenwood Rd, Cobalt Nagar, Indore, Maharashtra	India
S1-000931	Sunstone Industries Incorporated	Behind the Civic Center, 18 Falcon Drive, Austin, 13243	USA
S1-000932	Bluepeak Motors Corporation	359 Falcon Road, Kestrel Park, Behind the Civic Center, Austin, 50868	United States
S1-000933	Kestrel Summit Services Private Limited	249 Cobalt Cross, Lanternn Nagar, Indore, Rajasthan, 599589	India
S1-000934	Apex Logistics Limited	148S unstone Crs, Pune	India
S1-000935	Vertex Fabrics Limited	35/43 Kestrel Marg, Pune, 703701	IN
S1-000936	Goldleaf Systems Company	178 Summit Rd Summit Park Mobile 93711	US
S1-000937	Clearwater Logistics Company	295 Lantern Boulevard, Silverline Park, Austin, TX	US
S1-000938	Sunstone Harbor Solutions Private Limited	265 Kestrel Road, Redwood Nagar, Pune, Kerala, 446072	IN
S1-000939	Ironwood Industries Private Limited	132 Falcon Cross, Silverline Nagar, Jaipur	IN
S1-000940	Kestrel Enterprises Private Limited	393 Falcon Street, Pune	India
S1-000941	Sunstone Consultancy Limited Liability Company	371 Northgate Rd, Quarry Park, Akron, TX	United States
S1-000942	Vertex Consultancy Private Limited	166/2 Ravenwood Rd Behind Ganesh Temple Maplecrest Nagar Jaipur Tamil Nadu 897866	IN
S1-000943	Stonebridge Enterprises Limited Liability Company	77 Lantern Road, Austin, 32030	US
S1-000944	Falcon Logistics Corporation	176 Maplecrest Avenue, Lantern Park, Behind the Civic Center, Lubbock, 30289	United States
S1-000945	Lantern Consultancy Incorporated	261 Falcon St, Brightpath Park, Tacoma, 24865	US
S1-000946	Bluepeak Trading Limited Liability Company	Op. City Library, 126 Summit Ave, Kestrel Park, Tacoma, WA	United States
S1-000947	Kestrel Enterprises Private Limited	Indore, Tamil Nadu, 416570, 149 Ravenwood Mn	IN
S1-000948	Brightpath Enterprises Company	78 Lantern Street, Clearwater Park, Akron, WA, 34694	USA
S1-000949	Vertex Foods Incorporated	272 Northgate Ave, LanternPark, Fresno, 29165	United States
S1-000950	Stonebridge Logistics Limited Liability Company	215 Cobalt Dr Peoria TX 46826	United States
S1-000951	Stonebridge Fabrics Private Limited	194 Juniper Rd, Harbor Nagar, Coimbatore, Rajasthan, 219476	India
S1-000952	Ravenwood Consultancy Limited Liability Company	278 Vertex Rd, Stonebridge Park, Lubbock, CA, 92286	US
S1-000953	Meridian Services Corporation	346 Brightpath Avenue, Vertex Park, Lubbock	United States
S1-000954	Cobalt Enterprises Company	87 Ravenwood Blvd, Peoria	United States
S1-000955	Redwood Industries Incorporated	61 Falcon Blvd, Brightpath Park, Tacoma	US
S1-000956	Ironwood Industries Private Limited	Near SBI ATM, 86 Kestrel Cross, Jaipur, 859476	IN
S1-000957	Stonebridge Electricals Limited Liability Company	104 Brightpath Street, Akron, OH	USA
S1-000958	Orchid Fabrics Private Limited	325 Lantern Rd, Falon Nagar, Coimbatore, MP, 623462	IN
S1-000959	Onyx Systems Limited	Behind Ganesh Temple, 118 Apex Main, Kochi	IN
S1-000960	Meridian Onyx Solutions Corporation	167 Vertex Ave, Falcon Park, Mobile	United States
S1-000961	Onyx Motors Incorporated	306 Goldleaf Street, Lubbock, TX, 42069	US
S1-000962	Brightpath Electricals Incorporated	64 Thistle Blvd, Cobalt Park, Mobile, 53979	USA
S1-000963	Summit Northgate Trading Private Limited	118 Stonebridge Marg, Falcon Nagar, Jaipur, Rajasthan, 778602	India
S1-000964	Vertex Kestrel Enterprises Private Limited	77 Onyx Rd Northgate Nagar Jaipur MP	IN
S1-000965	Silverline Logistics Private Limited	236 Ravenwood Rd Redwood Nagar Nagpur Gujarat	IN
S1-000966	Quarry Chemicals Incorporated	17/46 Bluepeak Ave, Onyx Park, Fresno, 53307	USA
S1-000967	Ravenwood Systems Company	345 Quarry Dr, Peoria, AL, 96456	US
S1-000968	Quarry Stonebridge Motors Private Limited	345 Vertex Rd, Thistle Nagar, Jaipur, 776161	IN
S1-000969	Ironwood Northgate Systems Incorporated	325 Thistle Drive, Bluepeak Park, Austn	USA
S1-000970	Maplecrest Industries Private Limited	Opp. Bus Depot 302 Stonebridge Road Meridin Nagar Jaipur Maharashtra	IN
S1-000971	Apex Logistics Private Limited	226 Maplecrest Crs, Nagpur, Maharashtra	India
S1-000972	Thistle Chemicals Limited Liability Company	200 Goldleaf St, Thistle Park, Akron, OH	US
S1-000973	Vertex Packaging Private Limited	255 Summit Street, Nagpur, Kerala	IN
S1-000974	Bluepeak Chemicals Limited	51 Summit Cross, Bluepeak Nagar, Indore, Maharashtra	India
S1-000975	Maplecrest Enterprises Private Limited	345 Thistle St Surat Kerala 508674	IN
S1-000976	Northgate Stonebridge Chemicals Limited	67 Silverline Main, Redwood Nagar, Coimbatore, Rajasthan	India
S1-000977	Meridian Meridian Logistics Company	14/63 Orchid Blvd Lantern Park Tacoma 27996	US
S1-000978	Brightpath Industries Private Limited	353 Ironwood Rd, Redwood Nagar, Pune, Rajasthan, 859599	IN
S1-000979	Vertex Trading Corporation	266 Maplecrest Rd, Goldleaf Park, Fresno, OH, 35800	USA
S1-000980	Orchid Stonebridge Logistics Private Limited	187 Orchid Rd, Harbor Nagar, Coimbatore	India
S1-000981	Ravenwood Textiles Private Limited	197 Northgate Cross, Ironwood Nagar, Indore, Gujarat, 716393	IN
S1-000982	Vertex Textiles Private Limited	37 Sunstone Cross, Stonebridge Nagar, Jaipur, Kerala, 624286	IN
S1-000983	Quarry Motors Private Limited	135 Brightpath Street, Apex Nagar, Indore, 897521	IN
S1-000984	Kestrel Cobalt Logistics Company	399 Goldleaf St, Fresno, AL, 58739	USA
S1-000985	Thistle Chemicals Incorporated	349 Brightpath Ave, Near Exit 14, Clearwater Park, Peoria, 52973	USA
S1-000986	Falcon Electricals Private Limited	17/70 Brightpath St  Nagpur 790799	India
S1-000987	Apex Trading Incorporated	80 Vertex Street, Orchid Park, Austin, AL, 10924	USA
S1-000988	Orchid Electricals Incorporated	Opp. City Library, 305 Clearwater Rd, Silverline Park, Mobile, WA	US
S1-000989	Silverline Services Limited	69 Lantern Main Near Metro Pillar 42 Pune 607133	India
S1-000990	Cobalt Electricals Private Limited	383 Onyx Road, Thistle Nagar, Surat, 438808, MP	India
S1-000991	Maplecrest Trading Limited	85 Goldleaf Road Juniper Nagar Pune Tamil Nadu	India
S1-000992	Harbor Chemicals Private Limited	16/53 Quarry Corss Stonebridge Nagar Jaipur Maharashtra	India
S1-000993	Lantern Electricals Company	28 Brightpath Street, Tacoma, TX, 91275	US
S1-000994	Cobalt Motors Limited	307 Lantern Main, Maplecrest Nagar, Suratt, Tamil Nadu	India
S1-000995	Goldleaf Trading Corporation	243 Clearwater Street, Near Exit 14, Ravenwood Park, Austin, 11490	United States
S1-000996	Thistle Clearwater Fabrics Corporation	255 Clearwater Boulevard Falcon Park Near Exit 14 Tacoma 78673	United States
S1-000997	Orchid Quarry Trading Limited	Quarry Nagar, Nagpur, MP, 407311, 387 Onyx Rd	India
S1-000998	Summit Industries Private Limited	312 Cobalt Rd, Surat, Kerala, 747994	IN
S1-000999	Silverline Systems Limited	57 Goldleaf Marg Silverline Nagar Near SBI ATM Indore 974154	India
S1-001000	Stonebridge Foods Limited	297 Summit Marg, Harbor Nagar, Pune, Gujarat	IN
S1-001001	Apex Vertex Solutions Private Limited	331 Apex Street, Kestrel Nagar, Coimbatore, 234836	IN
S1-001002	Kestrel Textiles Limited	341 Summit Rd, Kestrel Nagar, Kochi, Kerala	IN
S1-001003	Sunstone Services Limited	Near SBI ATM, 334 Lantern Road, Kochi, Tamil Nadu, 824292	India
S1-001004	Clearwater Clearwater Consultancy Limited	34 Clearwater Street, Nagpur	IN
S1-001005	Falcon Solutions Private Limited	Behind Ganesh Temple, 133 Juniper Cross, Jaipur, MP, 298742	India
S1-001006	Ravenwood Consultancy Private Limited	322 Summit Street, Cobalt Nagar, Surat, Gujarat	India
S1-001007	Stonebridge Enterprises Limited	11 Cobalt Marg, Nagpur, Kerala	IN
S1-001008	Goldleaf Harbor Foods Incorporated	182 Ravenwood Boulevard, Juniper Park, Lubbock, OH, 88463	USA
S1-001009	Summit Foods Limited	275 Summit Main, Redwood Nagar, Near Metro Pilar 42, Coimbatore, 719054	IN
S1-001010	Juniper Services Limited	234 Clearwater Mn, Harbor Nagar, Pune	IN
S1-001011	Lantern Packaging Private Limited	38 Stonebridge Mn, Redwood Nagar, Nagpur, Maharashtra	India
S1-001012	Clearwater Sunstone Textiles Limited	376 Ketrel Marg, Opp. Bus Depot, Brightpath Nagar, Surat, Maharashtra, 296255	IN
S1-001013	Bluepeak Foods Incorporated	323 Sunstone Blvd, Apex Park, Tacoma, 17117	United States
S1-001014	Stonebridge Redwood Trading Limited Liability Company	298 Falcon Street, Ironwood Park, Peoria, 90591	USA
S1-001015	Falcon Services Limited	78 Brightpath Street Ravenwood Nagar Nagpur MP 400247	IN
S1-001016	Silverline Logistics Incorporated	283 Cobalt Avenue, Northgate Park, Tacoma, WA	United States
S1-001017	Meridian Fabrics Incorporated	220 Redwood Street, Mobile, AL, 75541	USA
S1-001018	Clearwater Industries Private Limited	361 Falcon Marg, Kestrel Nagar, Nagpur, MP	India
S1-001019	Onyx Redwood Services Private Limited	386 Stonebridge Road Sunstone Nagar Pune Gujarat 107345	IN
S1-001020	Brightpath Logistics Private Limited	368 Orchid Road, Stonebridge Nagar, Pune, MP, 519266	India
S1-001021	Thistle Motors Private Limited	9/69 Juniper Cross, Clearwater Nagar, Surat, Tamil Nadu, 516981	IN
S1-001022	Northgate Systems Incorporated	237 Falcon Blvd Fresno AL 36087	United States
S1-001023	Stonebridge Fabrics Limited Liability Company	160 Thistle St, Brightpath Park, Fresno, 69977	United States
S1-001024	Goldleaf Foods Private Limited	Near SBI ATM 24/85 Summit Crs Kochi 972730	India
S1-001025	Bluepeak Enterprises Limited Liability Company	222 Northgate Road, Fresno, AL	US
S1-001026	Goldleaf Goldleaf Logistics Incorporated	13 Falcon Blvd, Behind the Civic Center, Meridian Park, Peoria, 84135	United States
S1-001027	Maplecrest Textiles Limited	25 Sunstone Crs Apex Nagar Nagpur 288130	IN
S1-001028	Meridian Fabrics Private Limited	91 Northgate St, Coimbatore, Rajasthan	India
S1-001029	Stonebridge Foods Company	208 Thistle St, Summit Park, Peoria, WA, 21482	USA
S1-001030	Stonebridge Chemicals Corporation	248 Clearwater Road, Clearwater Park, Mobile, 23778	US
S1-001031	Bluepeak Logistics Limited	213 Ironwood Marg, Indore, Kerala, 662883	IN
S1-001032	Thistle Textiles Corporation	254 Stonebridge Ave, Ravenwood Park, Lubbock, IL, 25092	US
S1-001033	Brightpath Logistics Corporation	137 Northgate Ave, Vertex Park, Austin, 65195	USA
S1-001034	Redwood Trading Corporation	Behind the Civic Center, 192 Bluepeak St, Stonebridge Park, Tacoma, WA, 20062	US
S1-001035	Clearwater Kestrel Chemicals Incorporated	342 Falcon Rd, Stonebridge Park, Lubbock, 77251	US
S1-001036	Stonebridge Fabrics Company	38 Thistle Blvd Austin 64952	United States
S1-001037	Meridian Lantern Textiles Private Limited	18 Stonebridge Road, Behind aGnesh Temple, Vertex Nagar, Surat, 530663	India
S1-001038	Sunstone Solutions Limited Liability Company	141 Goldleaf Street, Stonebridge Park, Tacoma, CA	US
S1-001039	Goldleaf Chemicals Private Limited	137 eridian Mn Maplecrest Nagar Surat Gujarat	India
S1-001040	Falcon Solutions Limited	355 Goldleaf Marg, Lantern Nagar, Surat, 653855	India
S1-001041	Apex Thistle Electricals Company	34 Juniper St, Mobile, CA, 46058	USA
S1-001042	Northgate Trading Private Limited	322 Ironwood Cross, Orchid Nagar, Indore, Kerala	IN
S1-001043	Meridian Fabrics Private Limited	61 Orchid St, Behind Ganeh Temple, Orchid Nagar, Surat, Tamil Nadu	IN
S1-001044	Meridian Redwood Chemicals Limited Liability Company	245 Meridian Ave, Maplecrest Park, Tacoma, 62049	US
S1-001045	Stonebridge Foods Company	32 Lantern Ave, Tacoma, 40139	United States
S1-001046	Ironwood Clearwater Services Private Limited	150 Apex Street, Opp. Bus Depot, Vertex Nagar,Kochi	India
S1-001047	Ravenwood Falcon Solutions Private Limited	384 Silverline Marg, Coimbatore	India
S1-001048	Ravenwood Services Limited	314 Apex Cross, Coimbatore, Kerala	IN
S1-001049	Clearwater Logistics Company	Near Exit 14, 172 Orchid Road, Lubbock, 76187	USA
S1-001050	Onyx Textiles Limited Liability Company	286 Onyx Drive, Mobile, TX, 57399	US
S1-001051	Sunstone Fabrics Corporation	65 Silverline Blvd, Cobalt Park, Akron	United States
S1-001052	Harbor Orchid Electricals Company	338 Maplecrest Dr, Ravenwood Park, Tacoma	USA
S1-001053	Lantern Textiles Incorporated	66 Thistle Drive, Apex Park, Mobile, IL, 42869	USA
S1-001054	Quarry Consultancy Limited Liability Company	245 Quarry Blvd, Northgate Park, Mobile	United States
S1-001055	Maplecrest Summit Fabrics Private Limited	219 Quarry Marg, Harbor Nagar, Near Metro Pillar 42, Kochi, 761793	India
S1-001056	Onyx Consultancy Limited	2 Quarry St, Kestrel Nagar, Indore, MP, 737012	India
S1-001057	Thistle Packaging Limited Liability Company	Opp. City Library 344 Clearwater Blvd Austin TX 80982	United States
S1-001058	Silverline Motors Limited Liability Company	34 Stonebridge Rd, Silverline Park, Tacoma, IL	USA
S1-001059	Meridian Enterprises Corporation	164 Onyx Avenue Fresno CA 22934	USA
S1-001060	Ravenwood Packaging Private Limited	315 Thistle Rd Northgte Nagar Coimbatore	India
S1-001061	Meridian Logistics Private Limited	305 Apex Marg, Brightpath Nagar, Nagpur, Kerala	India
S1-001062	Goldleaf Consultancy Corporation	246 Northgate Dr, Thistle Park, Peoria, TX, 41213	United States
S1-001063	Brightpath Chemicals Private Limited	46 Onyx Street, Coimbatore, Gujarat, 587008	IN
S1-001064	Northgate Thistle Services Limited	22 Silverline Rd, Redwood Nagar, Coimbatore, Gujarat, 331384	India
S1-001065	Goldleaf Trading Company	169 Silverline Avenue, Goldleaf Park, uLbbock, 46372	US
S1-001066	Redwood Silverline Motors Company	349 Falcon St, Redwood Park, Austin, OH	USA
S1-001067	Meridian Fabrics Private Limited	374 Bluepeak Road, Behind Ganesh Temple, Stonebridge Nagar, Nagpur, 962312	India
S1-001068	Redwood Juniper Packaging Corporation	109 Maplecrest Street, Austin, 50818	USA
S1-001069	Bluepeak Packaging Company	312 Maplecrest Dr, Silverline Park, Fresno, AL, 14645	US
S1-001070	Redwood Motors Limited	9 Juniper Marg, Ironwood Nagar, Kochi, 479834	India
S1-001071	Maplecrest Solutions Limited Liability Company	370 Meridian Boulevard Onyx Park Near xEit 14 Akron TX	US
S1-001072	Ravenwood Systems Company	237 Maplecrest Dr, Ravenwood Park, Mobile, TX, 26068	United States
S1-001073	Brightpath Fabrics Private Limited	363 Summit Main Quarry Nagar Coimbatore 321542	India
S1-001074	Stonebridge Logistics Incorporated	17 Kestrel Street, Vertex Park, Austin, OH	United States
S1-001075	Sunstone Solutions Limited	44 Falcon Crs, Indore, Kerala, 850751	IN
S1-001076	Goldleaf Ironwood Services Limited Liability Company	216 Onyx Blvd, Juniper Park, Austin, CA, 55171	United States
S1-001077	Brightpath Services Company	386 Harbor Ave, Thistle Park, Tacoma, TX, 28676	United States
S1-001078	Northgate Silverline Industries Private Limited	152 Quarry Cross, Coimbatore, Gujarat, 852990, Maplecrest Nagar	India
S1-001079	Ironwood Goldleaf Electricals Incorporated	283 Clearwater Drive Kestrel Park Peoria 96970	US
S1-001080	Sunstone Brightpath Consultancy Limited Liability Company	Mobile TX 16481 273 Stonebridge Drive	United States
S1-001081	Cobalt Services Private Limited	101 Lantern Rd, Kestrel Nagar, Kochi, Gujarat	IN
S1-001082	Bluepeak Packaging Limited Liability Company	316 Facon Drive, Tacoma, TX, 42462	USA
S1-001083	Meridian Electricals Limited	267 Bluepeak Mn, Quarry Nagra, Surat, 669934	IN
S1-001084	Harbor Systems Company	211 Falcon Road, BluepeakP ark, Austin, OH, 26630	US
S1-001085	Apex Fabrics Private Limited	1 Northgate Crs, Summit Nagar, Nagpur, 480938	IN
S1-001086	Northgate Foods Limited	107 Kestrel Road Onyx Nagar Kochi 729173	India
S1-001087	Onyx Orchid Packaging Incorporated	315 Vertex Boulevard, Onyx Park, Mobile, IL	United States
S1-001088	Quarry Chemicals Limited Liability Company	260 Harbor Avenue Juniper Park Peoria AL 86247	USA
S1-001089	Northgate Textiles Company	Behind the Civic Center, 20/40 Meridian Rd, Silverline Park, Akron, IL, 16529	USA
S1-001090	Harbor Systems Corporation	219 Kestrel Dr Mobile CA	United States
S1-001091	Sunstone Solutions Incorporated	64 Apex Road Cobalt Park Mobile 57709	USA
S1-001092	Goldleaf Redwood Solutions Corporation	74 Harbor Boulevard, Austin, WA, Behind the Civic Center	US
S1-001093	Maplecrest Summit Solutions Corporation	205 Falcon Avenue, Sunstone Park, Akron, CA	United States
S1-001094	Cobalt Trading Limited	267 Maplecrest Main, Coimbatore, Maharashtra, 178968	India
S1-001095	Ironwood Vertex Foods Private Limited	202 Silverline Marg, Meridian Nagar, Jaipur	India
S1-001096	Thistle Electricals Corporation	38/73 Vertex Boulevard, Falcon Park, Tacoma, CA, 53704	US
S1-001097	Goldleaf Motors Private Limited	245 Onyx Crs, Ironwood Nagar, Kochi, Gujarat	IN
S1-001098	Harbor Industries Private Limited	69 Brightpath Road, Summit Nagar,, Indore, Maharashtra	IN
S1-001099	Silverline Services Incorporated	232 Juniper Street Meridian Park Tacoma IL 11974	USA
S1-001100	Ironwood Trading Limited	170 Juniper St, Near SBI ATM, Falcon Nagar, Coimbatore, 680660, Kerala	India
S1-001101	Summit Fabrics Limited	Behind Ganesh Temple, 91 Harbor Main, Sunstone Nagar, Coimbatore, 427724	India
S1-001102	Falcon Motors Limited	192 Maplecrest St, Ironwood Nagar, Nagpur	IN
S1-001103	Sunstone Enterprises Corporation	66 Stonebridge Driev, Vertex Park, Fresno, IL, 29428	USA
S1-001104	Sunstone Textiles Private Limited	Behind Ganesh Temple, 163 Redwood Marg, Maplecrest Nagar, Coimbatore, Kerala, 437353	IN
S1-001105	Maplecrest Apex Motors Limited Liability Company	135 Summit Road Quarry Park Lubbock 96366	US
S1-001106	Kestrel Electricals Private Limited	109 Cobalt Street Stonebridge Nagar Surat MP	India
S1-001107	Vertex Electricals Company	23 Summit Street Opp. City Library Kestrel Park Fresno AL 61167	US
S1-001108	Northgate Electricals Company	208 Goldleaf Drive, Sunstone Park, Fresno, 68019	United States
S1-001109	Juniper Consultancy Limited	314 Lantern Marg, Nagpur, 421411	IN
S1-001110	Kestrel Summit Services Incorporated	92 Lantern Rd, Redwood Park, Akron, AL, 98972	United States
S1-001111	Northgate Meridian Chemicals Corporation	199 Vertex Dr Lantern Park Tacoma WA85921	United States
S1-001112	Stonebridge Enterprises Corporation	Near Exit 14, 251 Vertex Ave, Northgate Park, Fresno, IL, 96036	United States
S1-001113	Goldleaf Fabrics Company	106 Clearwater Road, Orchid Park, Mobile, WA	US
S1-001114	Maplecrest Bluepeak Textiles Private Limited	381 Redwood Rd Harbor Nagar Coimbatore 873402	IN
S1-001115	Thistle Solutions Limited Liability Company	171 Orchid St, Mobile, TX, 61018	United States
S1-001116	Quarry Motors Incorporated	Near Exit 14, 123 Maplecrest Boulevard, Stonebridge Park, Akron, TX, 44667	USA
S1-001117	Stonebridge Consultancy Limited Liability Company	117 Thistle Drive, Near Exit 14, Ironwood Park, Peoria, IL, 18757	US
S1-001118	Maplecrest Enterprises Limited	336 Stonebridge Crs, Stonebridge Nagar, Pune, Kerala, 194016	IN
S1-001119	Ravenwood Systems Limited Liability Company	5/14 Onyx Avenue, Peoria, 45352	USA
S1-001120	Ravenwood Northgate Fabrics Company	342 Kestrel Blvd, Juniper Park, Austin, 58246	USA
S1-001121	Ironwood Packaging Private Limited	181 Onyx Crs, Maplecrest Nagar, Nagpur, Rajasthan	India
S1-001122	Clearwater Chemicals Private Limited	152 Maplecrest Rd, Surat, 606507, Goldleaf Nagar	India
S1-001123	Summit Electricals Private Limited	Indore, MP, 114 Stonebridge St	India
S1-001124	Ravenwood Packaging Corporation	102 Northgate Ave, Lubbock	US
S1-001125	Ironwood Motors Private Limited	Vertex Nagar Coimbatore Tamil Nadu 759749 310 Ravenwood Street	IN
S1-001126	Ravenwood Stonebridge Fabrics Limited Liability Company	162 Sunstone Avenue, Kestrel Park, Peoria	United States
S1-001127	Bluepeak Packaging Incorporated	8/19 Northgate Dr, Lantern Park, Fresno, CA	USA
S1-001128	Falcon Fabrics Limited	167 Clearwater Marg, Kestrel Nagar, Jaipur, Gujarat, 470248	India
S1-001129	Vertex Foods Limited	210 Sunstone Cross, Kochi, Tamil Nadu, 433824	India
S1-001130	Summit Solutions Private Limited	187 Apex Cross, Onyx Nagar, Kochi, MP	India
S1-001131	Maplecrest Enterprises Company	46 Vertex Rd, Austin, IL, 6422	United States
S1-001132	Harbor Fabrics Incorporated	251 Juniper Boulevard, Vertex Park, Fresno, TX, 73148	United States
S1-001133	Cobalt Industries Limited	219 Thistle St Kestrel Nagar Pune Rajasthan 123057	India
S1-001134	Summit Packaging Incorporated	71 Vertex Ave Fresno 20725	USA
S1-001135	Stonebridge Electricals Limited	Nagpur, 209961, 397 Kestrel St	IN
S1-001136	Falcon Chemicals Private Limited	286 Northgate St, Near Metro Pillar 42, Sunstone Nagar, Surat, Kerala	India
S1-001137	Brightpath Redwood Packaging Private Limited	394 Kestrel Crs, Vertex Nagar, Kochi, MP	IN
S1-001138	Northgate Ironwood Services Limited	11/14 Cobalt Rd, Nagpur	India
S1-001139	Vertex Meridian Logistics Private Limited	360 Maplecrest Mn, Sunstone Nagar, Coimbatore, 944678	India
S1-001140	Quarry Juniper Chemicals Company	21/43 Quarry Drive, Ironwood Park, Tacoma, 26189	United States
S1-001141	Sunstone Logistics Corporation	344 Silverline Blvd Lubbock WA 82682	US
S1-001142	Silverline Consultancy Corporation	234 Cobalt Boulevard, Tacoma, OH, 39204, Sunstone Park	United States
S1-001143	Bluepeak Fabrics Limited Liability Company	209 Maplecrest Blvd, Onyx Park, Akron, WA, 35653	USA
S1-001144	Goldleaf Textiles Limited	17 Ravenwood Street, Falcon Nagar, Indore	India
S1-001145	Quarry Northgate Systems Limited Liability Company	100 Cobalt Dr, Peoria, OH, 13966	USA
S1-001146	Stonebridge Industries Limited	Near SBI ATM, 214 Brightpath Crs, Kochi, Gujarat	IN
S1-001147	Orchid Electricals Incorporated	96 Goldleaf Drive Orchid Park Peoria	United States
S1-001148	Ravenwood Falcon Services Corporation	27/56 Meridian Avenue, Austin, 52909, Opp. Citty Library	US
S1-001149	Brightpath Enterprises Limited	Near Metro Pillar 42, 319 Bluepeak Marg, Indore, 709018	India
S1-001150	Cobalt Solutions Company	Near Exit 14, 181 Onyx Road, Redwood Park, Tacoma, AL	United States
S1-001151	Maplecrest Packaging Private Limited	51 Kestrel Crs Ironwood Nagar Indore 104400	IN
S1-001152	Kestrel Electricals Company	152 Falcon Blvd, Vertex Park, Fresno, 11720, CA	USA
S1-001153	Harbor Foods Limited Liability Company	20 Tistle St, Ironwood Park, Lubbock, AL	US
S1-001154	Harbor Logistics Private Limited	16 Thistle Cross, Brightpath Nagar, Pune, Tamil Nadu, 397582	IN
S1-001155	Sunstone Packaging Private Limited	7 Summit Road, Falcon Nagar, Surat, Rajasthan, 146372	IN
S1-001156	Meridian Goldleaf Chemicals Company	380 Sunstone Blvd, Harbor Park, Akron, 63219	USA
S1-001157	Redwood Quarry Fabrics Incorporated	210 Lantern Drive Orchid Park Lubbock 78667	USA
S1-001158	Apex Systems Private Limited	189 Meridian St Sunstone Nagar Near SBI ATM Coimbatore Rajasthan	IN
S1-001159	Ironwood Services Corporation	87 Bluepeak Avenue, Lantern Park, Austin, 69958	USA
S1-001160	Apex Goldleaf Electricals Limited	36 Goldleaf Road, Quarry Nagar, Kochi, Kerala, 148340	India
S1-001161	Lantern Orchid Consultancy Limited	386 Juniper Marg Onyx Nagar Indore Maharashtra	IN
S1-001162	Redwood Systems Private Limited	143 Harbor St, Jaipur, Kerala, 393034	IN
S1-001163	Stonebridge Systems Limited	34/48 Orchid Rd, Brightpath Ngar, Surat, Maharashtra, 508241	India
S1-001164	Cobalt Foods Incorporated	286 Clearwater Dr, Ravenwood Park, Mobile, 24957	US
S1-001165	Ravenwood Fabrics Company	386 Orchid St, Ironwood Park, Fresno, CA	US
S1-001166	Meridian Trading Private Limited	15/47 Quarry Street, Redwood Nagar, Pune, 525015	India
S1-001167	Juniper Services Limited	67 Redwood Mn, Indore, 183700, Brightpath Nagar	IN
S1-001168	Sunstone Trading Corporation	348 Onyx Boulevard, Mobile, TX, 37304	USA
S1-001169	Harbor Logistics Company	137 Kestrel Ave Lanetrn Park Mobile AL	USA
S1-001170	Ravenwood Sunstone Solutions Limited	359 Falcon Main, Tamil Nadu, 345276, Kochi	India
S1-001171	Silverline Kestrel Foods Incorporated	212 Lantern Road, Behind the Civic Center, Maplecrest Park, Peoria, AL, 65781	United States
S1-001172	Falcon Industries Incorporated	129 Ironwood Avenue, Lubbock, WA, 30666	USA
S1-001173	Falcon Foods Incorporated	Near Exit 14, 266 Vertex Avenue, Juniper Park, Akron, 59818	US
S1-001174	Maplecrest Enterprises Limited Liability Company	112 Meridian Dr, Austin, WA, 47663	United States
S1-001175	Meridian Textiles Incorporated	78 Vertex Drive, Orchid Park, Tacoma, TX, 43059	US
S1-001176	Vertex Consultancy Incorporated	340 Lantern Drive, Brightpath Park, Fresno, CA	United States
S1-001177	Thistle Logistics Limited Liability Company	15/68 Falcon Road, Juniper Park, Lubbock, TX, 49566	United States
S1-001178	Apex Packaging Company	314 Summit Road, Akron, 11700	United States
S1-001179	Thistle Motors Limited	383 Brightpath Road Clearwater Nagar Pune Gujarat	IN
S1-001180	Redwood Systems Private Limited	246 Lantern Mn, Thistle Nagar, Indore, Gujarat	IN
S1-001181	Falcon Chemicals Corporation	387 Meridian Street, Fresno, 44497	United States
S1-001182	Summit Enterprises Limited Liability Company	90 Thistle Road Lubbock OH 56364 Thistle Park	USA
S1-001183	Quarry Foods Incorporated	184 Quarry Drive, Juniper Park, Akron	US
S1-001184	Redwood Brightpath Fabrics Private Limited	37 Goldleaf Main, Ironwood Nagar, Jaipur, Maharashtra, 9243889	India
S1-001185	Quarry Meridian Systems Limited	206 Quarry Main, Orchid Nagar, Coimbatore, 108041	IN
S1-001186	Lantern Services Corporation	166 Harbor Ave, Goldleaf Park, Akron, 61766	US
S1-001187	Falcon Electricals Limited	198 Lantern Mn, Stonebridge Nagar, Surat	India
S1-001188	Ravenwood Logistics Company	391 Vertex Drive, Northgate Park, Tacoma, OH	United States
S1-001189	Harbor Trading Limited	339 Meridian Rd, Juniper Nagar, Kochi	IN
S1-001190	Orchid Fabrics Private Limited	331 Stonebridge Main, Behind Ganesh Temple, Falcon Nagar, Surat, Maharashtra, 859743	India
S1-001191	Thistle Packaging Limited	Behind Ganesh Temple, 150 Kestrel Marg, Onyx Nagar, Jaipur, 105588	India
S1-001192	Kestrel Redwood Foods Private Limited	258 Thistle Cross Northgate Nagar Opp. Bus Depot Coimbatore 931861	India
S1-001193	Falcon Systems Corporation	33/53 Ravenwood Rd, Lantern Park, Fresno, 72489	USA
S1-001194	Northgate Systems Corporation	98 Vertex Drive, Bluepeak Park, Tacoma, TX, 97636	United States
S1-001195	Brightpath Consultancy Limited	129 Apex Mn, Coimbatore, Kerala	India
S1-001196	Harbor Motors Corporation	64 Bluepeak Street Goldleaf Park Fresno 60585	US
S1-001197	Kestrel Systems Private Limited	30/74 Cobalt MMarg, Kestrel Nagar, Surat, 111570	IN
S1-001198	Silverline Systems Private Limited	201 Quarry Rd Silverline Nagar Surat 180101	IN
S1-001199	Meridian Services Corporation	331 Quarry Avenue, Stonebridge Park, Peoria, 17166	USA
S1-001200	Cobalt Goldleaf Fabrics Company	9/9 Brightpath Street, Ravenwood Park, Fresno	USA
S1-001201	Meridian Foods Limited Liability Company	74 Ravenwood Drive, Apex Park, Mobile, 89407	USA
S1-001202	Apex Redwood Packaging Private Limited	163 Falcon Mn, Near SBI ATM, Summit Nagar, Surat, Rajasthan, 318905	India
S1-001203	Cobalt Textiles Corporation	114 Meridian Street Vertex Park Austin 92992	US
S1-001204	Maplecrest Harbor Trading Limited Liability Company	Thistle Park Mobile IL 217 Quarry Boulevard	United States
S1-001205	Onyx Consultancy Company	199 Vertex Drive, Ocrhid Park, Fresno, OH	USA
S1-001206	Quarry Packaging Corporation	351 Falcon Ave, Quarry Park, Akron, 66909	USA
S1-001207	Quarry Chemicals Incorporated	153 Silverline Boulevard, Falcon Park, Fresno, CA,14146	United States
S1-001208	Kestrel Logistics Corporation	173 Summit Street, Mobile, 17652	United States
S1-001209	Stonebridge Packaging Company	166 Thistle Dr, Meridian Park, Fresno, CA	USA
S1-001210	Clearwater Systems Private Limited	74 Lantern Marg, Verte Nagar, Kochi	India
S1-001211	Vertex Fabrics Private Limited	214H arbor Marg, Harbor Nagar, Nagpur, Kerala	IN
S1-001212	Ironwood Falcon Textiles Private Limited	211 Brightpath Main, Kochi, Maharashtra, 648115	India
S1-001213	Maplecrest Foods Incorporated	Near Exit 14, 281 Silverline Blvd, Thistle Park, Mobile, CA	US
S1-001214	Kestrel Fabrics Incorporated	85 Thistle Street, Stonebridge Park, Fresno, AL, 57966	United States
S1-001215	Sunstone Foods Limited Liability Company	170 Northgate Road, Cobalt Park, Near Exit 14, Tacoma, IL	USA
S1-001216	Ironwood Fabrics Corporation	244 Stonebridge Blvd, Behind the Civic Center, Maplecrest Park, Tacoma, 92955, OH	USA
S1-001217	Summit Services Private Limited	274 Silverline Marg, Onyx Nagar, 489170, Kochi	IN
S1-001218	Summit Industries Incorporated	315 Falcon Rd Northate Park Mobile AL 85435	US
S1-001219	Harbor Services Private Limited	Near SBI ATM, 121 Stonebridge Cross, Redwood Nagar, Surat, Rajasthan, 480613	IN
S1-001220	Stonebridge Ironwood Consultancy Private Limited	23/20 Summit St, Bluepeak Nagar, Nagpur, 322226	IN
S1-001221	Northgate Textiles Incorporated	375 Stonebridge Dr, Maplecrest Park, Lubbock, 20465	US
S1-001222	Onyx Services Limited Liability Company	185 Ironwood Boulevard AL Fresno	USA
S1-001223	Cobalt Textiles Company	115 Vertex St, Cobalt Park, Mobile, IL, 99887	US
S1-001224	Northgate Industries Company	343 Stonebridge Dr, Thistle Park, Lubbock, 87026	US
S1-001225	Sunstone Fabrics Private Limited	175 Vertex Road Lantern Nagar Pune MP 287208	India
S1-001226	Quarry Electricals Limited	212 pAex St, Clearwater Nagar, Behind Ganesh Temple, Pune, 580597	IN
S1-001227	Cobalt Consultancy Incorporated	14 Thistle Ave, Ravenwood Park, IL, 15274, Peoria	United States
S1-001228	Clearwater Ravenwood Consultancy Corporation	6/28 Juniper St, Onyx Park, Akron, 36945	USA
S1-001229	Onyx Systems Limited	322 Thistle Main Meridian Nagar Kochi Kerala	IN
S1-001230	Northgate Services Limited Liability Company	33/26 Bluepeak Dr Quarry Park Behind the Civic Center Mobile 81388	US
S1-001231	Quarry Industries Company	Opp. City Library 34 Thistle Rd Mobile TX Summit Park	USA
S1-001232	Clearwater Kestrel Textiles Corporation	Brightpath Park, Mobile, 23606, 109 Falcon Avenue	US
S1-001233	Kestrel Enterprises Limited	Behind Ganesh Temple 114 Meridian Mn, Goldleaf Nagar, Kochi, Kerala	IN
S1-001234	Ravenwood Textiles Company	312 Onyx Rd, Behind the Civic Center, Akron, IL, 51455	US
S1-001235	Quarry Logistics Limited Liability Company	Near Exit 14, 2 Goldleaf Avenue, Juniper Park, Tacoma, WA, 49990	USA
S1-001236	Brightpath Solutions Limited	Near Metro Pillar 42 345 Meridian Mn Kestrel Nagar Indore Maharashtra	IN
S1-001237	Onyx Redwood Industries Limited	198 Apex Crs, Redwood Nagar, Indore, 688530	IN
S1-001238	Thistle Solutions Limited	1/60 Cobalt Marg Summit Nagar Indore 217485	India
S1-001239	Falcon Apex Fabrics Private Limited	324 Apex Street, Redwood Nagar, Pune, 880529	IN
S1-001240	Onyx Systems Private Limited	145 Kestrel Marg, Ravenwood Nagar, Coimbatore, 288084	India
S1-001241	Silverline Logistics Limited	177 Goldleaf Main, Bluepeak Nagar, Coimbatore	IN
S1-001242	Goldleaf Solutions Company	343 Silverline Blvd, Lantern Park, Peoria, IL	US
S1-001243	Lantern Sunstone Packaging Incorporated	156 Vetex Ave, Mobile, OH, 15679	United States
S1-001244	Clearwater Meridian Electricals Private Limited	Opp. Bus Depot, 274 Northgate Rd, Apex Nagar, Pune, Rajasthan	India
S1-001245	Cobalt Foods Private Limited	305 Northgate Street, Bluepeak Nagar, Indore, MP, 779138	India
S1-001246	Meridian Fabrics Corporation	93 Brightpath Road, AL, Lubbock	USA
S1-001247	Bluepeak Brightpath Fabrics Private Limited	69 Onyx St, Near SBI ATM, Ravenwood Nagar, Indore, Gujarat, 111592	India
S1-001248	Juniper Electricals Company	Near Exit 14, 194 Goldleaf Dr, Silverline Park, Mobile	USA
S1-001249	Stonebridge Systems Incorporated	Behind the Civic Center, 139 Thistle Street, Austin	United States
S1-001250	Stonebridge Packaging Private Limited	232 Harbor Crs, KKochi, Gujarat	IN
S1-001251	Sunstone Consultancy Limited	56 Meridian Crs, Apex Nagar, Kochi, MP	IN
S1-001252	Falcon Kestrel Chemicals Private Limited	242 Redwood St, Coimbatore, 766328	IN
S1-001253	Northgate Logistics Limited	11/11 Goldleaf Cross, Ironwood Nagar, Opp. Bus Depot, Nagpur, Gujarat, 801865	IN
S1-001254	Apex Motors Limited Liability Company	270 Apex St, Maplecrest Park, Peoria, TX	USA
S1-001255	Onyx Chemicals Company	30 Summit Blvd, Kestrel Park, Peoria, 38789	United States
S1-001256	Stonebridge Consultancy Incorporated	166 Bluepeak Blvd, Harbor Park, Opp. City Library, Austin, 60667	United States
S1-001257	Summit Chemicals Private Limited	364 Lantern Road, Pune, Rajasthan, 231825	India
S1-001258	Ironwood Quarry Enterprises Private Limited	204 Orchid Mn Onyx Nagar Indore MP 682614	India
S1-001259	Vertex Solutions Company	125 Cobalt Blvd, Brightpath Park, Lubbock, 13291	US
S1-001260	Quarry Consultancy Limited Liability Company	6 Falcon Blvd Ravenwood Park Tacoma 23568 TX	USA
S1-001261	Silverline Textiles Private Limited	35/46 Ironwood St, Indore, Maharahtra	IN
S1-001262	Vertex Harbor Chemicals Private Limited	381 Summit St Nagpur	IN
S1-001263	Summit Ironwood Electricals Incorporated	11/24 Cobalt Street, Tacoma	US
S1-001264	Harbor Meridian Services Private Limited	Opp. Bus Depot, 363 Onyx St, Sunstone Nagar, Pune, Rajasthan, 892038	India
S1-001265	Falcon Industries Private Limited	349 Meridian Main, Coimbatore, Maharashtra, Summit Nagar	IN
S1-001266	Juniper Industries Corporation	126 Northgate Rd, Fresno, CA, 39309	USA
S1-001267	Clearwater Motors Limited	Opp. Bus Depot, 74 Stonebridge Road, Maplecrest Nagar, Indore, Rajasthan, 736116	India
S1-001268	Silverline Foods Limited	Behind Ganesh Temple, 347 Bluepeak Main, Pune	India
S1-001269	Ravenwood Stonebridge Systems Private Limited	124 Northgate Cross, Harbor Nagar, Jaipur, 691434	India
S1-001270	Apex Motors Corporation	306 Meridian Ave, Thistle Park, Akron, WA,71632	US
S1-001271	Brightpath Cobalt Systems Limited Liability Company	283 Ironwood Ave, Redwood Park, Mobile, OH	USA
S1-001272	Cobalt Falcon Consultancy Limited Liability Company	198 Ironwood Street, Akron, WA	USA
S1-001273	Redwood Ravenwood Services Private Limited	371 Onyx Rd, Jaipur, 135228	India
S1-001274	Thistle Stonebridge Industries Company	357 Sunstone Dr, Harbor Park, Akron, OH, 81275	US
S1-001275	Silverline Enterprises Limited	163 Apex Marg Near Metro Pillar 42 Northgate Naggar Kochi	IN
S1-001276	Cobalt Clearwater Enterprises Corporation	29/15 Brightpath Rd Juniper Park Tacoma TX	US
S1-001277	Clearwater Foods Company	281 Meridian Boulevard, Goldleaf Park, Austin, OH	US
S1-001278	Sunstone Systems Private Limited	59 Lantern Cross, Vertex Nagar, Coimbatore, Gujarat	India
S1-001279	Northgate Solutions Limited Liability Company	Opp. City Library, 203 Goldleaf Street, Peoria	United States
S1-001280	Cobalt Fabrics Incorporated	40 Quarry Blvd, Cobalt Park, Austin, 59948	US
S1-001281	Onyx Services Company	182 Clearwater Drive, Bluepeak Park, Akron, WA, 75686	US
S1-001282	Cobalt Harbor Chemicals Corporation	350 Clearwater Road Tacoma	US
S1-001283	Quarry Consultancy Limited	Near SBI ATM, 91 Kestrel Rd, Cobalt Nagar, Kochi, MP, 664100	IN
S1-001284	Meridian Silverline Packaging Private Limited	207 Vertex St, Redwood Nagar, Surat, Rajasthan	IN
S1-001285	Onyx Fabrics Limited	292 Kestrel Crs, Kochi, 915925	IN
S1-001286	Harbor Fabrics Private Limited	3/29 Falcon Street, Lantern Nagar, Coimbatore	IN
S1-001287	Apex Solutions Corporation	173 Apex Rd, Behind the Civic Center, Northgate Park, Akron, WA	US
S1-001288	Meridian Textiles Limited Liability Company	247 Maplecrest Rd, Austin, 77911	USA
S1-001289	Sunstone Logistics Private Limited	Falcon Nagar Indore MP 288609 82 Falcon Marg	India
S1-001290	Summit Motors Limited Liability Company	255 Northgate Blvd Onyx Park Behind the Civic Center Mobile WA 54066	US
S1-001291	Lantern Industries Incorporated	206 Lantern Ave, Apex Park, Fresno, CA	USA
S1-001292	Quarry Industries Limited	247 Apex Crs, Ravenwood Nagar, Indore, Maharashtra	India
S1-001293	Ravenwood Solutions Private Limited	Opp. Bus Depot, 391 Stonebridge Rd, Coimbatore, Maharashtra, 864082	IN
S1-001294	Quarry Services Limited Liability Company	Opp. City Library, Sunstone Park, Mobile, OH, 288 Maplecrest Street	US
S1-001295	Goldleaf Trading Limited Liability Company	70 Meridian Rd, Peoria, 43754	United States
S1-001296	Ravenwood Consultancy Incorporated	156 Summit Drive, Tacoma, AL, 49200	USA
S1-001297	Quarry Packaging Private Limited	383 Onyx Road, Vertex Nagar, Jaipur, 751904	India
S1-001298	Kestrel Systems Private Limited	178 Cobalt Mn, Pune, Kerala, 531426	IN
S1-001299	Juniper Systems Incorporated	202 Kestrel Ave, Fresno, 51105	United States
S1-001300	Redwood Motors Private Limited	91 Stonebridge Street, Kestrel Nagar, Pune, Tamil Nadu, 655386	India
S1-001301	Cobalt Enterprises Corporation	Near Exit 14, 11 Orchid St, Fresno, IL, 47720	US
S1-001302	Onyx Packaging Limited	54 Goldleaf Cross, Sunstone Nagar, Indore, Tamil Nadu	IN
S1-001303	Summit Motors Corporation	Opp. City Library, 211 Silverline Dr, Peoria, TX, 75883	US
S1-001304	Onyx Redwood Trading Corporation	9 Falcon Road, Mobile, CA, 61884	United States
S1-001305	Summit Electricals Corporation	321 Thistle Rd, Maplecrest Park, Mobile, CA	USA
S1-001306	Thistle Consultancy Limited	138 Thistle Mn, Orchid Nagar, Nagpur, Tamil Nadu, 990900	India
S1-001307	Kestrel Fabrics Limited Liability Company	227 Orchid Street Brightpath Park Mobile WA 76935	US
S1-001308	Ravenwood Fabrics Company	189 Sunstone Rod, Juniper Park, Peoria	USA
S1-001309	Quarry Fabrics Private Limited	50 Kestrel Cross, Jaipur, Clearwater Nagar	IN
S1-001310	Orchid Consultancy Incorporated	238 Goldlleaf Street, Thistle Park, Akron, TX, 30613	United States
S1-001311	Harbor Chemicals Limited	15 Onyx Marg, Indore, 482671, Falcon Nagar	IN
S1-001312	Juniper Fabrics Limited	Near Metro Pillar 42, 255 Thistle St, Silverline Nagar, Jaipur, 582776	India
S1-001313	Quarry Services Company	215 Falcon Drive Ironwood Park Tacoma 37850	US
S1-001314	Lantern Foods Corporation	Behind the Civic Center, 360 Juniper Street, Akron, OH	USA
S1-001315	Juniper Logistics Corporation	Opp. City Library, 347 Falcon Ave, Redwood Park, Peoria, TX	United States
S1-001316	Summit Industries Corporation	27/11 Thistle Boulevard, Ironwood Park, Fresno, 81691	United States
S1-001317	Harbor Textiles Limited Liability Company	65 Summit Ave, Orchid Park, Austin, WA, 59021	United States
S1-001318	Lantern Ironwood Packaging Limited	355 Maplecrest Main, Cobalt Nagar, Surat, Gujarat, 427623	IN
S1-001319	Falcon Enterprises Incorporated	8 Kestrel Drive, Stonebridge Park,, Akron, IL, 17472	United States
S1-001320	Northgate Trading Private Limited	98 Ravenwood Marg, Lantern Nagar, Pune, 783226	India
S1-001321	Brightpath Ravenwood Textiles Private Limited	Summit Nagar, Surat, 7/68 Quarry Road	IN
S1-001322	Orchid Ravenwood Systems Private Limited	Opp. Bus Depot, 18/13 Thistle Marg, Jaipur, MP	IN
S1-001323	Northgate Industries Company	344 Ironwood Boulevard, Northgate Par, Austin	US
S1-001324	Bluepeak Industries Company	52 Lantern Blvd, Near Exit 14, Goldleaf Park, Austin, WA, 23016	United States
S1-001325	Kestrel Foods Private Limited	225 Goldleaf Cross, Near Metro Pillar 42, Goldleaf Nagar, Nagpur, Kerala, 716132	India
S1-001326	Silverline Northgate Trading Private Limited	185 Juniper Marg, Behind Ganesh Temple, Goldleaf Nagar, Nagpur	IN
S1-001327	Falcon Textiles Limited	4/53 Ravenwood Cross, Bluepeak Nagar, Nagpur, Kerala, 283148	India
S1-001328	Brightpath Trading Limited	29 Ravenwood Crs Falcon Nagar Nagpur 464354	IN
S1-001329	Harbor Enterprises Company	184 Silverline Dr, Apex Park, Austin, 15546	US
S1-001330	Juniper Packaging Company	204 Brightpath Blvd, Northgate Park, Near Exit 14, Akron, TX	United States
S1-001331	Brightpath Electricals Incorporated	Behind the Civic Center, 389 Northgate Blvd, Tacoma, 51927	US
S1-001332	Brightpath Enterprises Corporation	121 Juniper Road, Fresno, AL, 98005	USA
S1-001333	Bluepeak Solutions Corporation	306 Goldleaf Boulevard Akron 15993	USA
S1-001334	Redwood Lantern Industries Incorporated	203 Summit Ave, Meridian Park, Behind the Civic Center, Mobile, OH, 47750	USA
S1-001335	Clearwater Chemicals Company	Near Exit 14, 382 Redwood Rd, Harbor Park, Tacoma, 29677	USA
S1-001336	Quarry Services Company	Behind the Civic Center, 355 Kestrel St, Fresno, TX	United States
S1-001337	Orchid Electricals Limited	398 Kestrel St Kestrel Nagar Indore MP 455957	India
S1-001338	Quarry Packaging Limited Liability Company	6 Onyx Rd, Ravenwood Park, Austiin, OH, 15876	US
S1-001339	Goldleaf Foods Limited	Near SBI ATM, 291 Ravenwood Crs, Northgate Nagar, Kochi, Rajasthan, 385580	IN
S1-001340	Ironwood Textiles Private Limited	10/60 Onyx Rd, Onyx Nagar, Jaipur, Tamil Nadu, 140852	IN
S1-001341	Ironwood Logistics Corporation	62 Maplecrest Street, Lubbock,CA, 90853	United States
S1-001342	Clearwater Solutions Private Limited	173 Orchid Crs Maplecrest Nagar Pune Maharashtra	IN
S1-001343	Clearwater Lantern Chemicals Limited Liability Company	17 Redwood Blvd, Meridian Park, WA, Peoria	US
S1-001344	Silverline Services Company	341 Kestrel Dr Ironwood Park 98856 Mobile	United States
S1-001345	Kestrel Systems Private Limited	358 Cobalt Main, Coimbatore, Maharashtra, 222166	IN
S1-001346	Clearwater Motors Company	59 Juniper Ave, Behind the Civic Center, Silverline Park, Akron, OH	US
S1-001347	Redwood Trading Limited Liability Company	394 Quarry tS, Akron, 17957	USA
S1-001348	Brightpath Solutions Incorporated	330 Kestrel Ave, Fresno, TX, 118665	USA
S1-001349	Stonebridge Harbor Chemicals Incorporated	385 Apex AAvenue, Austin, CA, 96469, Goldleaf Park	United States
S1-001350	Northgate Consultancy Incorporated	193 Apex Rd, Clearwater Park, Mobile, IL, 76685	United States
S1-001351	Ironwood Trading Incorporated	164 Cobalt Road, Peoria, CA	USA
S1-001352	Bluepeak Packaging Limited Liability Company	256 Brightpath St, Bluepeak Park, Lubbock	United States
S1-001353	Onyx Bluepeak Chemicals Private Limited	58 Sunstone Crs, Silverline Nagar, Kochi, 162953	IN
S1-001354	Cobalt Trading Private Limited	219 Summit Marrg, Near Metro Pillar 42, Vertex Nagar, Indore, Tamil Nadu, 985288	IN
S1-001355	Falcon Systems Company	129 Northgate Boulevard, Lantern Park, Austin, 27342	United States
S1-001356	Stonebridge Textiles Company	Near Exit 14 93 Thistle St Lubbock AL 95419	US
S1-001357	Silverline Solutions Limited Liability Company	100 Brightpath Street, Fresno, OH, 85894	United States
S1-001358	Goldleaf Industries Corporation	Opp. City Library, 44 Northgate St, Mobile, 38079	USA
S1-001359	Thistle Services Incorporated	2 Stonebridge Avenue Apex Park Austin IL 42122	United States
S1-001360	Ravenwood Fabrics Private Limited	39/84 Redwood Main Orchid Nagar Jaipur MP 166891	IN
S1-001361	Harbor Foods Incorporated	Behind the Civic Center, 369 Onyx Avenue, Sunstone Park, Akro,n CA	US
S1-001362	Falcon Onyx Logistics Limited	172 CClearwater Marg, Falcon Nagar, Surat, Kerala, 956270	India
S1-001363	Juniper Solutions Limited	25 Meridian Main, Falcon Nagar, Jaipur, Tamil Nadu, 574198	IN
S1-001364	Meridian Motors Incorporated	64 Summit Ave Goldleaf Park Austin TX	United States
S1-001365	Quarry Industries Incorporated	Fresno 120922 7 Silverline St	USA
S1-001366	Northgate Ravenwood Consultancy Limited	261 Meridian Crs, Clearwater Nagar, Coimbatore	IN
S1-001367	Redwood Packaging Company	292 Brightpath Dr, Clearwater Park, Peoria, 40304	United States
S1-001368	Lantern Ravenwood Electricals Corporation	32/15 Stonebridge Blvd, Fresno, OH, 48138, Ravenwood Park	US
S1-001369	Falcon Fabrics Corporation	162 Falcon St Summit Park Tacoma CA 53738	United States
S1-001370	Maplecrest Electricals Limited	22/15 Orchid Crs Stonebridge Nagar Jaipur Rajasthan	IN
S1-001371	Stonebridge Thistle Enterprises Limited	391 Apex Crs, Harbor Nagar, Pune, Maharashtra	IN
S1-001372	Kestrel Stonebridge Services Private Limited	182 Ironwood Rd, Behind Ganesh Temple, Maplecrest Nagar, Kochi, MP	IN
S1-001373	Onyx Silverline Textiles Incorporated	Vertex Park, Mobile, 281 Onyx Street	US
S1-001374	Meridian Orchid Logistics Private Limited	332 Juniper Cross, Coimbatore, 654308	IN
S1-001375	Juniper Textiles Corporation	243 Brightpath Road, Silverline Park, Peoria	US
S1-001376	Ironwood Textiles Incorporated	17 Meridian St, Falcon Park, Peoria, TX	United States
S1-001377	Ironwood Electricals Incorporated	83 Ironwood Boulevard, Redwood Park, Fresno, 93072	USA
S1-001378	Falcon Consultancy Private Limited	390 Ravenwood Street, Goldleaf Nagar, Kochi, MP, 352589	IN
S1-001379	Clearwater Motors Private Limited	185 Cobalt Marg, Summit Nagar, Nagpur, Rajasthan	IN
S1-001380	Juniper Trading Company	102 Kestrel Street, Onyx Park, Akron, WA, 73329	USA
S1-001381	Falcon Enterprises Corporation	11/25 Sunstone Blvd, Behind the Civic Center, Mobile, TX, 40218	US
S1-001382	Falcon Foods Incorporated	255 Meridian Rd, Harbor Park, Fresno, WA, 76068	US
S1-001383	Harbor Services Corporation	173 Lantern Blvd, Kestrel Park, Peoria	USA
S1-001384	Brightpath Chemicals Limited	346 Cobalt Rd, Cobalt Nagar, Surat, 585330	India
S1-001385	Bluepeak Industries Private Limited	44 Stonebridge Rd, Jaipur, 817967	IN
S1-001386	Onyx Summit Chemicals Private Limited	50 Vertex Cross Clearwater Nagar Jaipu 313767	IN
S1-001387	Orchid Thistle Systems Private Limited	328 Quarry Mn, Coimbatore, Kerala, 398732	IN
S1-001388	Falcon Industries Company	39 Maplecrest Ave Fresno CA 67628 Falcon Park	United States
S1-001389	Falcon Enterprises Private Limited	272 Stonebridge Main Northgate Nagar Coimbatore Maharashtra	India
S1-001390	Ravenwood Consultancy Limited	283 Northgate Main Quarry Nagar Gujarat 536004 Kochi	India
S1-001391	Cobalt Motors Private Limited	268 Onyx Main Sunstone Nagar Surat Kerala 859492	IN
S1-001392	Northgate Trading Private Limited	114 Apex Main, Cobalt Nagar, Kochi, Rajasthan, 220717	India
S1-001393	Juniper Systems Incorporated	146 Meridian Street, Northgate Park, Lubbock, 97486	US
S1-001394	Redwood Chemicals Corporation	334 Vertex St, Sunstone Park, Behind the Civic Center, Lubbock, WA	United States
S1-001395	Clearwater Fabrics Company	267 Summit Road, Near Exit 14, Silverline Park, Austin, IL, 85306	United States
S1-001396	Northgate Harbor Solutions Private Limited	47 Thistle Cross, Nagpur, Kerala, 222399	IN
S1-001397	Ravenwood Systems Incorporated	Quarry Park, Lubbock, AL, 29129, 359 Apex Avenue	United States
S1-001398	Vertex Foods Private Limited	83 Sunstoone Marg Summit Nagar Indore 194154 Gujarat	India
S1-001399	Falcon Trading Private Limited	215 Cobalt Marg Thistle Nagar, Jaipur, Tamil Nadu, 198358	IN
S1-001400	Harbor Packaging Corporation	164 Vertex Avenue, Cobalt Park, Austin, CA, 86271	United States
S1-001401	Summit Electricals Incorporated	235 Ravenwood Avenue, Goldleaf Park, Lubbock, TX, 43507	US
S1-001402	Redwood Textiles Company	162 Redwood Dr, IL, Lubbock	United States
S1-001403	Ironwood Consultancy Incorporated	26 Redwood Road, Thistle Park, Mobile, CA	USA
S1-001404	Juniper Maplecrest Enterprises Incorporated	3 Harbor Road, Thistle Park, Fresno, 81430	US
S1-001405	Redwood Solutions Limited Liability Company	165 Apex St, Harbor Park, Austin, TX, 37295	United States
S1-001406	Harbor Packaging Limited Liability Company	294 Northgate Road, Mobile, OH	US
S1-001407	Onyx Packaging Company	146 Juniper Ave, Mobile, 31019, edwood Park	United States
S1-001408	Vertex Sunstone Textiles Private Limited	188 Onyx St Falcon Nagar Nagpur Rajasthan	IN
S1-001409	Stonebridge Stonebridge Logistics Private Limited	21/79 Summit Marg, Quarry Nagar, Nagpur, Rajasthan	IN
S1-001410	Ironwood Trading Limited Liability Company	364 Redwood Rd, Austin	United States
S1-001411	Brightpath Solutions Limited Liability Company	316 Maplecrest Dr, Mobile, 15891, TX	USA
S1-001412	Silverline Trading Limited	28/70 Ironwood Cross Kestrel Nagar Pune Maharashtra	IN
S1-001413	Quarry Services Company	302 Orchid Rd, Goldleaf Par, Near Exit 14, Austin, IL, 88552	United States
S1-001414	Thistle Motors Private Limited	49 Goldleaf St, Near Metro Pillar 42, Northgate Nagar, Nagpur, Rajasthan	India
S1-001415	Ironwood Falcon Trading Private Limited	333 Falcon Main Stonebridge Nagar Pune Rajasthan 163423	India
S1-001416	Ironwood Enterprises Incorporated	12 Onyx St Maplecrest Park Austin AL 88445	USA
S1-001417	Juniper Logistics Limited	62 Quarry Rd, Stonebridge Nagar, Kochi, Maharashtra	India
S1-001418	Vertex Systems Private Limited	193 Falcon Marg, Thistle Nagar, Indore, Tamil Nadu	IN
S1-001419	Bluepeak Textiles Company	305 Ironwood Drivee, Akron, 65956, Lantern Park	USA
S1-001420	Apex Fabrics Limited Liability Company	Near Exit 14, 203 Goldleaf Ave, Harbor Park, Lubbock TX	USA
S1-001421	Ironwood Logistics Private Limited	399 Juniper Cross, Harbor Nagar, Indore, 954374	IN
S1-001422	Northgate Electricals Private Limited	Near SBI ATM, 222 Summit Marg, Apex Nagar, Tamil Nadu, Jaipur	India
S1-001423	Ironwood Cobalt Textiles Limited	40 Summit Cross, Coimbatore, 954932	India
S1-001424	Lantern Enterprises Private Limited	33 Falcon Mn, Juniper Nagar, Indore, Maharashtra	India
S1-001425	Bluepeak Textiles Private Limited	262 Quarry Rd Northgate Nagar Coimbatore Kerala	IN
S1-001426	Quarry Maplecrest Fabrics Corporation	93 Ironwood St, Juniper Park, 92579, Peoria	USA
S1-001427	Juniper Orchid Packaging Limited Liability Company	Behind the Civic Center, 33 Apex Blvd, Tacoma, 36493	USA
S1-001428	Ravenwood Trading Limited Liability Company	Behind the Civic Center, 45 Ironwood Rd, Tacoma, OH, 46384	United States
S1-001429	Meridian Services Private Limited	385 Oynx Cross, Northgate Nagar, Indore, 430062	India
S1-001430	Northgate Chemicals Private Limited	341 Meridian Crs, Meridian Nagar, Nagpur	IN
S1-001431	Thistle Textiles Limited	320S tonebridge Marg, Orchid Nagar, Surat, Tamil Nadu, 368114	India
S1-001432	Onyx Solutions Corporation	225 Vertex Street, Thistle Park, Tacoma, 73716	US
S1-001433	Orchid Enterprises Private Limited	239 Maplecrest Street, Thistle Nagar, Near Metro Pillar 42, Indore, 989995	IN
S1-001434	Ravenwood Juniper Trading Limited	110 Vertex Marg, 887897, Indore	India
S1-001435	Kestrel Fabrics Private Limited	332 Harbor St, Opp. Bus Depot, Summit Nagar, Indore, Kerala	IN
S1-001436	Harbor Consultancy Limited	229 Ironwood Crs Redwood Nagar Jaipur Rajasthan 997970	IN
S1-001437	Thistle Onyx Logistics Limited Liability Company	344 Goldleaf Street, Onyx Park, Fresno, 84247	US
S1-001438	Kestrel Maplecrest Fabrics Private Limited	55 Juniper Rd, Lantern Nagar, Surat, Rajasthan, 663555	IN
S1-001439	Juniper Electricals Incorporated	18/62 Goldleaf Avenue, Ironwood Park, Akron, CA, 605118	US
S1-001440	Onyx Meridian Textiles Private Limited	230 Meridian Rd Indore 800896	India
S1-001441	Quarry Trading Private Limited	394 Stonebridge Cross, Surat, 871469	India
S1-001442	Thistle Trading Corporation	379 Apex Blvd, Bluepeak Park, Akron, AL, 82733	US
S1-001443	Falcon Enterprises Corporation	173 Orchid Avenue, Summit Park, Austin, 54525	US
S1-001444	Orchid Enterprises Private Limited	220 Orchid Main, Silverline Nagar, Kochi, Tamil Nadu	India
S1-001445	Clearwater Apex Motors Limited	165 Stonebridge Mn Stonebridge Nagar Coimbatore 917309	India
S1-001446	Juniper Summit Foods Private Limited	39 Bluepeak St, Clearwater Nagar, Coimbatore, Maharashtra, 826341	IN
S1-001447	Apex Industries Incorporated	224 Goldleaf Blvd, Brightpath Park, Lubbock, IL, 16040	US
S1-001448	Cobalt Enterprises Incorporated	373 Lantern oad, Meridian Park, Akron, 81089	United States
S1-001449	Summit Packaging Corporation	75 Redwood Street, Kestrel Park, Tacoma, 18427	United States
S1-001450	Vertex Consultancy Private Limited	42 Brightpath Rd, Ravenwood Nagar, Pun, Maharashtra	IN
S1-001451	Brightpath Chemicals Company	315 Cobalt Avenue, Akron, OH, 22704	USA
S1-001452	Cobalt Logistics Limited	88 Vertex Street, Stonebridge Nagar, CCoimbatore, 516027	India
S1-001453	Ironwood Services Incorporated	139 Cobalt Drive, Kestrel Park, Peoria	United States
S1-001454	Stonebridge Logistics Private Limited	15/55 Quarry Road, Falcon Nagar, Kochi, MP, 561160	India
S1-001455	Kestrel Solutions Private Limited	388 Stonebridge Street, Apex Nagar, Coimbatore, 419431	India
S1-001456	Bluepeak Motors Corporation	Opp. City Library, 363 Sunstone Dr, Peoria, WA,5 9160	United States
S1-001457	Apex Falcon Motors Incorporated	182 Thistle Drive, Northgate Park, Lubbock, 79385	USA
S1-001458	Kestrel Motors Limited	26 Onyx Street, Indroe, Gujarat	India
S1-001459	Orchid Industries Limited	281 Clearwater Street, Indore, Onyx Nagar	IN
S1-001460	Stonebridge Meridian Industries Incorporated	321 Stonebridge St, Fresno, TX, 92676	United States
S1-001461	Northgate Trading Limited	67 Ironwood Rd, Jaipur, Kerala, 915713	India
S1-001462	Stonebridge Goldleaf Services Private Limited	288 Redwood Rd, Harbor Nagar, Kochi, 206756	India
S1-001463	Falcon Bluepeak Packaging Incorporated	Opp. City Library, 14/30 Suunstone Ave, Orchid Park, Austin, 21892	US
S1-001464	Ravenwood Vertex Chemicals Private Limited	70 Summit Marg, Vertex Nagar, Jaipur, Tamil Nadu	India
S1-001465	Harbor Electricals Limited Liability Company	195 Kestrel Blvd, Ironwood Park, Fresno, TX	USA
S1-001466	Brightpath Stonebridge Motors Incorporated	161 Ironwood Avenue Fresno 11265	US
S1-001467	Onyx Packaging Limited	184 Ironwood Crs Ravenwood Nagar Jaipur 295992	IN
S1-001468	Harbor Chemicals Private Limited	386 Ironwood Street, Bluepeak Nagar, Kochi, 704298	India
S1-001469	Vertex Systems Private Limited	343 Goldleaf Marg, Clearwater Nagar, Jaipur, Kerala, 154459	IN
S1-001470	Onyx Foods Company	Lubbock, WA, 54149, 83 Stonebridge Drive	United States
S1-001471	Redwood Maplecrest Enterprises Private Limited	12 Cobalt Road Meridian Nagar Nagpur 832141	IN
S1-001472	Lantern Fabrics Company	Near Exit 14, 56 Redwood Road, Peoria	United States
S1-001473	Orchid Enterprises Private Limited	Goldleaf Nagar, Indore, 30 Juniper Road	IN
S1-001474	Maplecrest Trading Incorporated	269 Sunstone St, Sunstone Park, Lubbock, TX, 15535	US
S1-001475	Goldleaf Consultancy Limited Liability Company	118 antern St, Thistle Park, Fresno, IL, 82098	United States
S1-001476	Silverline Enterprises Limited Liability Company	349 Harbor Drive, Apex Park, Peoria, 34962	USA
S1-001477	Clearwater Electricals Company	294 Goldleaf Rd, Lubbock, OH, 90538, Orchid Park	US
S1-001478	Orchid Logistics Limited	107 Ravenwood Marg, Lantern Nagar, Behind Ganesh Temple, Pune, Maharashtra, 384780	India
S1-001479	Stonebridge Services Company	160 Onyx Street, Akron, OH, 77574	USA
S1-001480	Falcon Industries Limited	116 Northgate Mn, Near SBI ATM, Redwood Nagar, Jaipur, MP	IN
S1-001481	Juniper Services Corporation	212 Silverline Roadd, Thistle Park, Austin, 45725	United States
S1-001482	Harbor Textiles Corporation	55 Bluepeak Blvd, Goldleaf Park, Tacoma, OH, 95316	United States
S1-001483	Kestrel Trading Corporation	92 Quarry St Meridian Park Mobile CA	United States
S1-001484	Lantern Vertex Packaging Company	369 Kestrel Boulevard, Onyx Park, Peoria, 58532	USA
S1-001485	Ironwood Trading Corporation	69 Orchid Rd, Orchid Park, Tacoma, IL, 24375	United States
S1-001486	Redwood Goldleaf Industries Limited Liability Company	221 Northgate Road, Ironwood Park, Peoria, 95741	USA
S1-001487	Falcon Solutions Incorporated	44 Meridian Ave, Lantern Park, Tacoma, 43631	United States
S1-001488	Apex Packaging Limited Liability Company	39 Onyx Ave, Akron	US
S1-001489	Kestrel Consultancy Limited	368 Stonebridge Rd Vertex Nagar Nagpur Kerala 537276	IN
S1-001490	Brightpath Services Corporation	25 Goldleaf Rd, Quarry Park, 53543, Tacoma	USA
S1-001491	Ironwood Services Private Limited	267 Stonebridge Marg, Coimbatore	IN
S1-001492	Ironwood Ravenwood Fabrics Private Limited	Behind Ganesh Temple, 300 Keestrel Crs, Silverline Nagar, Pune, Rajasthan	IN
S1-001493	Kestrel Lantern Consultancy Private Limited	340 Sunstone Main, Northgate Nagar, Kochi, Kerala	India
S1-001494	Meridian Chemicals Corporation	179 Quarry Road, Lantern Park, Tacoma, 43472	US
S1-001495	Kestrel Stonebridge Enterprises Company	42 Juniper Avenue Clearwater Park Tacoma 83534	US
S1-001496	Sunstone Trading Private Limited	210 Onyx Marg Opp. Bus Depot Clearwater Nagar Pune Kerala 229815	India
S1-001497	Summit Enterprises Limited	79 Onyx Mai,n Indore, 567733	IN
S1-001498	Goldleaf Motors Incorporated	38 Thistle Blvd, Lubbock, IL, 24135	USA
S1-001499	Orchid Northgate Logistics Company	Behind the Civic Center, Brightpath Park, Austin, 20613, 19/22 Meridian Rd	United States
S1-001500	Northgate Solutions Corporation	188 Harbor Road, Bluepeak Park, IL, 11477, Tacoma	US
S1-001501	Bluepeak Fabrics Private Limited	64 Maplecrest St, Brightpath Nagar, Indore	India
S1-001502	Orchid Kestrel Chemicals Limited Liability Company	126 Harbor Avenue, Falcon Park, Peooria, IL	US
S1-001503	Brightpath Foods Limited	155 Redwood Cross, Cobalt Nagar, Pune, Gujarat, 372551	India
S1-001504	Juniper Packaging Company	378 Vertex Boulevard, Harbor Park, Austin, AL, 93646	USA
S1-001505	Redwood Fabrics Limited	124 Harbor Marg, MaplecrestNagar, Surat, Maharashtra	IN
S1-001506	Apex Packaging Incorporated	327 Onyx Drie, Opp. City Library, Lubbock, 65390	USA
S1-001507	Orchid Chemicals Company	154 Goldleaf Ave, Meridian Park, CA, Austin	USA
S1-001508	Orchid Solutions Private Limited	194 Sunstone Marg Opp. Bus Depot Kochi Tamil Nadu 567155 Falcon Nagar	IN
S1-001509	Maplecrest Trading Company	54 Clearwater Blvd, Sunstone Park, Austin, 66275	US
S1-001510	Meridian Motors Company	384 Falcon Avenue, Quarry Park, Lubbock	USA
S1-001511	Stonebridge Consultancy Limited	Ony Nagar, Nagpur, Kerala, 361212, 258 Maplecrest Rd	India
S1-001512	Stonebridge Ravenwood Packaging Limited	1 Apex Mn, Kochi, Rajsathan, 932184	India
S1-001513	Redwood Fabrics Corporation	227 Harbor Blvd, Tacoma, TX, 38721, Brightpath Park	United States
S1-001514	Stonebridge Packaging Limited	Behind Ganesh Temple 135 Summit St Kochi	IN
S1-001515	Sunstone Vertex Fabrics Company	133 Kestrel St, Akron, 79047	US
S1-001516	Harbor Harbor Solutions Private Limited	180 Juniper Marg Summit Nagar Inddore Maharashtra	IN
S1-001517	Sunstone Textiles Limited	288 Apex Marg, Indore	India
S1-001518	Juniper Fabrics Limited	253 Juniper Road, Goldleaf Nagar, Kochi, 785396, Tamil Nadu	IN
S1-001519	Onyx Packaging Company	134 Quarry Avenue, Lantern Park, Opp. City Library, Fresno, WA	USA
S1-001520	Summit Electricals Private Limited	341 Ravenwood St, Goldleaf Nagar, Surat, Kerala, 250047	India
S1-001521	Northgate Solutions Limited	328 Ravenwood Rd Near Metro Pillar 42 Apex Nagar Coimbatore	India
S1-001522	Ravenwood Fabrics Limited	365 Summit Main, Sustone Nagar, Coimbatore, Maharashtra	IN
S1-001523	Ravenwood Industries Limited	6 Apex Street, Kochi, Rajasthan, 256439	IN
S1-001524	Maplecrest Chemicals Corporation	67 Meridian Rd, Falcon Park, Peoria, OH, 37321	United States
S1-001525	Thistle Solutions Private Limited	Opp. Bus Depot, 140 Maplecrest Marg, Indore, 451275	IN
S1-001526	Onyx Systems Private Limited	372 Meridian Road, Bluepeak Nagar, Nagpur, MP	India
S1-001527	Brightpath Solutions Private Limited	6 Brightpath Marg, Onyx Naga, Indore, Tamil Nadu, 168644	India
S1-001528	Quarry Electricals Company	332 Ravenwood Rd, Lantern Park, Lubbock, CA	USA
S1-001529	Falcon Fabrics Limited	255 Ironwood Road, Redwood Nagar, Indore, Rajasthan, 489758	India
S1-001530	Harbor Orchid Motors Limited Liability Company	185 Vertex Avenue, Opp. City Library, Lantern Park, Fresno	USA
S1-001531	Cobalt Services Private Limited	Behind Ganesh Temple, 194 Kestrel Marg, Onyx Nagar, Coimbatore	IN
S1-001532	Cobalt Maplecrest Solutions Corporation	131 Vertex St Ravenwodo Park Akron WA 48296	United States
S1-001533	Brightpath Orchid Enterprises Private Limited	285 Meridian Road,Goldleaf Nagar, Coimbatore, 129435	India
S1-001534	Ravenwood Chemicals Company	Near Exit 14, 21 Summit Ave, Northgate Park, Mobile, AL	United States
S1-001535	Thistle Summit Chemicals Private Limited	386 Apex Marg, Apex aNgar, Nagpur, MP, 653206	India
S1-001536	Northgate Chemicals Limited	165 Orchid Marg, Kochi, Kerala, 513426	IN
S1-001537	Meridian Consultancy Private Limited	111 Apex Road, Near SBI ATM, Indore, MP, 130116, Lantern Nagar	IN
S1-001538	Goldleaf Foods Private Limited	24/72 Redwood Cross Quarry Nagar Pune 865295	IN
S1-001539	Northgate Enterprises Limited	302 Sunstone Crs, Falcon Nagar, Surat	India
S1-001540	Falcon Motors Private Limited	266 Kestrel Main, Cobalt Nagar, Jaipur	IN
S1-001541	Harbor Redwood Systems Limited Liability Company	111 Orchid Street, Ravenwood Park, Opp. City Library, Mobile, IL, 89393	US
S1-001542	Kestrel Fabrics Corporation	300 Ravenwood Blvd, Behind the Civic Center, Mobile, TX, 39778	USA
S1-001543	Cobalt Motors Limited	Behind Ganesh Temple, 201 Goldleaf Rd, Kochi, Tamil Nadu, 996588	IN
S1-001544	Lantern Electricals Limited	264 Silverline Road, Juniper Nagar, Kochi, Rajasthan	IN
S1-001545	Sunstone Juniper Services Private Limited	153 Northgate Street, Kestrel Nagar, Surat, Tamil Nadu, 266929	India
S1-001546	Thistle Industries Corporation	35/23 Stonebridge Dr, Mobile, TX, 53032	USA
S1-001547	Meridian Orchid Enterprises Incorporated	9 Orchid Dr, Stonebridge Park, Mobile, 39239	USA
S1-001548	Brightpath Foods Private Limited	Opp. Bus Depot, 298 Lantern Street, Silverline Nagar, Nagpur, Tamil Nadu, 735495	IN
S1-001549	Silverline Enterprises Private Limited	78 Thistle Marg, Vertex Nagar,Pune	India
S1-001550	Onyx Harbor Electricals Private Limited	72 Reddwood Marg, Orchid Nagar, Jaipur, 375291	IN
S1-001551	Cobalt Fabrics Limited Liability Company	30/71 Brightpath Ave, Juniper Park, Fresno, 88155	US
S1-001552	Quarry Logistics Private Limited	87 Juniper Street Northgate Nagar Nagpur MP	India
S1-001553	Meridian Fabrics Incorporated	244 Summit Rd, Onyx Park, Mobile, TX, 67604	USA
S1-001554	Goldleaf Consultancy Corporation	38 Clearwater Blvdd, Meridian Park, Tacoma, 66951	USA
S1-001555	Ironwood Sunstone Chemicals Limited Liability Company	344 Stonebridge Drive, Kestrel Park, Lubbock, AL	US
S1-001556	Bluepeak Brightpath Motors Limited Liability Company	42 Cobalt Blvd, Tacoma, 21217	US
S1-001557	Maplecrest Onyx Consultancy Private Limited	65 Silverline Road, Clearwater Nagar, Jaipur	India
S1-001558	Sunstone Chemicals Private Limited	120 Stonebridge Cross, Sunstone Nagar, Nagpur, Kerala, 962091	India
S1-001559	Falcon Solutions Limited	252 Stonebridge Road, Pune, MP	India
S1-001560	Brightpath Packaging Private Limited	202 Apex Marg Sunstone Nagar Kochi 215612	India
S1-001561	Ravenwood Consultancy Limited Liability Company	188 Goldleaf Road Juniper Parkk Akron TX 28787	United States
S1-001562	Thistle Foods Private Limited	341 Stonebridge Marg, Surat, 247972	India
S1-001563	Goldleaf Kestrel Systems Private Limited	86 Goldleaf Marg, Opp. Bus Depot, Stonebridge Nagar, Pune	IN
S1-001564	Harbor Foods Private Limited	225 Cobalt Road, Thistle Nagar, Near Metro Pillar 42, Jaipur, 400190	IN
S1-001565	Northgate Trading Incorporated	204 Orchid Blvd, Behind the Civic Center, Vertex Park, Mobile, 35681	United States
S1-001566	Falcon Packaging Private Limited	373 Silverline St, Summit Naagar, Indore, 582834	India
S1-001567	Apex Trading Company	188 Sunstone Strete, Northgate Park, Mobile, 13122	USA
S1-001568	Summit Services Limited	Near Metro Pillar 42 247 Summit Road Harbor Nagar Pune Tamil Nadu	IN
S1-001569	Goldleaf Foods Company	221 Ironwood Ave, Lubbock, CA, 10566	USA
S1-001570	Northgate Quarry Fabrics Private Limited	133 Vertex Marg, Quarry Nagar, Indore, 882957	IN
S1-001571	Silverline Sunstone Enterprises Private Limited	59 Kestrel Street, Thistle Nagar, Nagpur, 104374	India
S1-001572	Orchid Logistics Incorporated	284 Sunstone Road, Austin, 16858	USA
S1-001573	Meridian Harbor Enterprises Limited Liability Company	384 Thistle Boulevard, Redwood Park, Fresno, TX	USA
S1-001574	Northgate Industries Limited	17 Orchid Crs, Lantern Nagar, Surat, Near SBI ATM	India
S1-001575	Lantern Packaging Private Limited	32 Sunstone Marg, Vertex Nagar, Jaipur, Maharashtra, 472246	India
S1-001576	Falcon Textiles Incorporated	10/79 Vertex Boulevard, Stonebridge Park, Fresno, TX, 79227	US
S1-001577	Orchid Industries Incorporated	30/2 Clearwter Dr, Opp. City Library, Kestrel Park, Austin, AL, 10345	USA
S1-001578	Quarry Industries Limited	109 Silverline Main, Indore, MP	IN
S1-001579	Harbor Onyx Enterprises Private Limited	Pune, 164516, 298 Goldleaf Main	India
S1-001580	Bluepeak Trading Limited Liability Company	149 Redwood Blvd, Redwood Park, Mobile	US
S1-001581	Northgate Enterprises Private Limited	257 Onyx Mn Ironwood Nagar Indore 156697	IN
S1-001582	Ironwood Motors Company	251 Cobalt Boulevard, pp. City Library, Cobalt Park, Fresno, OH	USA
S1-001583	Thistle Logistics Limited	9/27 Redwood Street, Thistle Nagar, Nagpur, Tamil Nadu	IN
S1-001584	Maplecrest Silverline Services Company	378 Goldleaf Blvd Silverline Park Akron OH	USA
S1-001585	Bluepeak Fabrics Company	146 Kestrel Avenue, Near Exit 14, Clearwaetr Park, Lubbock, 88513	US
S1-001586	Thistle Fabrics Private Limited	Near SBI ATM, 71 Vertex Marg, Ravenwood Nagar, Nagpur, Maharashtra, 961738	India
S1-001587	Bluepeak Industries Limited	262 Maplecrest Mn, Northgate Nagar, Coimbatore, MP, 914442	IN
S1-001588	Stonebridge Logistics Limited	223 Orchid Marg Brightpath Nagar Coimbatore Rajasthan	IN
S1-001589	Vertex Trading Incorporated	25 Onyx St, Akron, IL, 522690	USA
S1-001590	Quarry Logistics Private Limited	Near SBI ATM, 125 Stonebridge Marg, Ironwood Nagar, Indore	IN
S1-001591	Falcon Solutions Limited	191 Maplecrest Marg, Silverline Nagar, Surat, MP	IN
S1-001592	Stonebridge Electricals Private Limited	157 Redwood Marg, Summit Nagar, Behind Ganesh Temple, Pune, MP, 380595	IN
S1-001593	Summit Systems Incorporated	274 Redwood Dr, Lubbock, TX, 83173	USA
S1-001594	Brightpath Enterprises Private Limited	215 Goldleaf Mn, Ironwood Nagar, Surat, Kerala	India
S1-001595	Quarry Industries Company	385 Stonebriddge St, Juniper Park, Akron, CA, 40843	United States
S1-001596	Redwood Meridian Enterprises Limited Liability Company	229 Goldleaf Street, Peoria, 53892	USA
S1-001597	Silverline Thistle Services Incorporated	147 Clearwater Blvd, Vertex Park, Akron, WA, 24971	USA
S1-001598	Brightpath Enterprises Private Limited	52 Juniper St, Juniper Nagar, Near SBI ATM, Surat, 951018	India
S1-001599	Cobalt Packaging Private Limited	249 Brightpath Rd, Brightpath Nagar, Nagpur, Rajasthan	IN
S1-001600	Cobalt Chemicals Private Limited	302 Onyx Crs, Brightpath Nagar, Jaipur, Rajasthan	IN
S1-001601	Summit Brightpath Textiles Private Limited	72 Juniper Mn, Near Metro Pillar 42, Sunstone Nagar, Surat, Tamil Nadu, 216838	India
S1-001602	Ravenwood Motors Limited	229 Summit Mn, Ravenwood Nagar, Indore, Gujarat	IN
S1-001603	Juniper Electricals Incorporated	129 Summit Dr, Cobalt Park, Opp. City Library, Lubbock	USA
S1-001604	Kestrel Consultancy Company	309 Stonebridge St, Cobalt Park, Lubbock, CA	US
S1-001605	Falcon Packaging Private Limited	25 Orchid Cross, eKrala, Pune	India
S1-001606	Clearwater Textiles Limited Liability Company	379 Quarry Blvd, Ravenwood Park, Fresno, 50102	USA
S1-001607	Clearwater Packaging Limited Liability Company	311 Cobalt Road Mobile WA	United States
S1-001608	Brightpath Logistics Private Limited	29/77 Quarry Rd Apex Nagar Pune Tamil Nadu 320098	India
S1-001609	Apex Textiles Incorporated	32/43 Summit Blvd Bluepeak Park Fresno 26214	US
S1-001610	Cobalt Foods Limited	142 Silverline St Opp. Bus Depot Orhcid Nagar Kochi Maharashtra 150475	IN
S1-001611	Cobalt Services Limited Liability Company	107 Summit Ave, Orchid Park, Mobile, WA, 21306	USA
S1-001612	Harbor Fabrics Limited	37/80 Juniper StRavenwood Nagar Jaipur Rajasthan 835654	India
S1-001613	Brightpath Trading Private Limited	305 Maplecrest Marg, Behind Ganesh Temple, Jaipur	IN
S1-001614	Thistle Systems Company	153 Thistle Avenue, Mobile, 37867	USA
S1-001615	Kestrel Packaging Private Limited	258 Lantern St Lantern Nagar Nagpur Maharashtra 404139	India
S1-001616	Stonebridge Stonebridge Logistics Private Limited	255 Brightpath Marg, Near Metro Pillar 42, Stonebridge Nagar, Surat, Gujarat, 451729	IN
S1-001617	Stonebridge Ironwood Foods Company	321 Sunstone Road, Akron, WA	United States
S1-001618	Maplecrest Stonebridge Trading Limited	232 Meridian Marg, Falcon Nagar, Jaipur	India
S1-001619	Kestrel Consultancy Company	349 Thistle Blvd, Near Exit 14, Stonebridge Park, Akron	United States
S1-001620	Cobalt Textiles Private Limited	220 Maplecrest Mn, Brightpath Nagar, Surat	IN
S1-001621	Cobalt Motors Limited	103 Summit Crs, Surat, Maharashtra	India
S1-001622	Bluepeak Industries Limited Liability Company	334 Vertex St, Brightpath Park, Peoria	USA
S1-001623	Falcon Enterprises Private Limited	335 Maplecrest Crs, Northgate Ngar, Pune, Tamil Nadu, 778682	India
S1-001624	Maplecrest Redwood Industries Incorporated	Cobalt Park, Lubbock, 87578, 271 Summit Road	USA
S1-001625	Clearwater Foods Limited	349 Cobalt Marg, Onyx Nagar, Surat, Rajasthan, 785858	India
S1-001626	Northgate Logistics Limited	104 Ravenwood Main, Kochi, Tamil Nadu, 233250	IN
S1-001627	Clearwater Electricals Private Limited	210 Silverline Road, Falcon Nagar, Nagpur, 475172	India
S1-001628	Redwood Packaging Private Limited	250 Falcon Street, Redwood Nagar, Indore	IN
S1-001629	Quarry Packaging Private Limited	209 Sunstone Cross, Silverline Nagar, Jaipur, Maharashtra	IN
S1-001630	Clearwater Systems Private Limited	364 Vertex Marg, Behind Ganesh Temple, Onyx Naggar, Coimbatore, 237615	India
S1-001631	Cobalt Motors Limited	78 Falcon Road Silverline Nagar Indore Tamil Nadu	IN
S1-001632	Ironwood Electricals Private Limited	12/73 Summit Marg, Near SBI ATM, Indore	India
S1-001633	Redwood Electricals Incorporated	95 Summit Blvd Lubbock IL 15417	USA
S1-001634	Cobalt Chemicals Company	131 Harbor Dr, Peoria	United States
S1-001635	Sunstone Foods Private Limited	28/35 Bluepeak Marg, Harbor Nagar, Surat, 279545	India
S1-001636	Summit Trading Private Limited	22/5 Clearwater Mn, Maplecrest Nagar, Pune, 772839	IN
S1-001637	Thistle Brightpath Trading Incorporated	26 Northgate Ave, Thistle Park, Austin, AL, 46636	USA
S1-001638	Thistle Fabrics Private Limited	337 Silverline Road Summit Nagar Coimbatore Kerala 889775	IN
S1-001639	Ironwood Foods Limited	327 Harbor Marg, Stonebridge Nagar, Indore, Tamil Nadu, 534230	India
S1-001640	Vertex Consultancy Private Limited	120 Meridian Mn Indore Gujarat 440842	IN
S1-001641	Falcon Textiles Limited	359 Brightpath Cross, Silverline Nagar, Indore	IN
S1-001642	Redwood Bluepeak Electricals Limited Liability Company	9 Summit Rd, Vertex Park, Mobile	United States
S1-001643	Quarry Services Limited	85 Vertex Street, Cobalt Nagar, Coimbatore, Gujarat, 456453	India
S1-001644	Falcon Apex Trading Private Limited	313 Apex Cross, Lantern Nagar, Opp. Bus Depot, Coimbatore, 436290	IN
S1-001645	Ravenwood Trading Incorporated	294 Harbor Rd Clearwater Park Peoria 46068	United States
S1-001646	Maplecrest Enterprises Limited	19/12 Northgate Cross, Clearwater Nagar, Jaipur	India
S1-001647	Orchid Services Private Limited	25 Vertex Mn, Pune, 231860	India
S1-001648	Meridian Packaging Private Limited	129 SummitM arg, Thistle Nagar, Pune	India
S1-001649	Maplecrest Motors Private Limited	177 Sunstone Road, Onyx Nagar, Coimbatore	India
S1-001650	Goldleaf Maplecrest Textiles Corporation	309 Ape Ave, Fresno, 63394	United States
S1-001651	Stonebridge Services Company	134 Thistle Rd, Juniper Park, Akron, TX, 50773	United States
S1-001652	Bluepeak Enterprises Incorporated	55 Redwood Ave OH 21307 Lubbock	United States
S1-001653	Vertex Electricals Company	289 Kestrel Boulevard, Austin, AL, 92320	USA
S1-001654	Thistle Meridian Consultancy Limited Liability Company	82 Falcon Avenue Northgate Park Peoria CA	US
S1-001655	Stonebridge Foods Incorporated	331 Clearwater Avenue, Summit Park, Akron, WA, 34027	US
S1-001656	Thistle Kestrel Trading Corporation	20/49 Falcon Road, Summti Park, Tacoma, OH	USA
S1-001657	Onyx Enterprises Limited	133 Redwood Rd, Behind Ganesh Temple, Kochi, 374708	IN
S1-001658	Redwood Summit Systems Incorporated	Near Exit 14, 242 Redwood St, Tacoma, TX, 84597	USA
S1-001659	Cobalt Consultancy Limited Liability Company	314 Ironwood Street, Mobile, 25238	US
S1-001660	Brightpath Stonebridge Fabrics Private Limited	5/9 Northgate Main, Near SBI ATM, 19307, Kochi	India
S1-001661	Juniper Apex Consultancy Private Limited	44 Clearwater Marg, Lantern Nagar, Pune, Rajasthan, 544703	IN
S1-001662	Ironwood Harbor Industries Private Limited	346 Quarry Cross, Harbor Nagar, Near SBI ATM, Surat, 378640	India
S1-001663	Apex Industries Company	318 Lantern St, Summit Park, Akron, WA	USA
S1-001664	Falcon Solutions Private Limited	194 Northgate Main Kestrel Nagar Opp. Bus Depot Jaipur	IN
S1-001665	Clearwater Foods Private Limited	222 Cobalt Rd Apex Nagar Jaipur Maharashtra	IN
S1-001666	Orchid Enterprises Private Limited	178 Bluepeak Main, Ironwood Nagar, Surat, Gujarat, 845994	IN
S1-001667	Ironwood Orchid Packaging Private Limited	Opp. Bus Depot, 233 Ravenwood Crs, Pune, 138802	IN
S1-001668	Ravenwood Stonebridge Consultancy Limited Liability Company	380 Maplecrest St, Stonebridge Park, Mobile, WA, 67861	US
S1-001669	Brightpath Foods Private Limited	75 Falcon St, Behind Ganesh Temple, Sunstone Nagar, Nagpur, 766522	India
S1-001670	Orchid Quarry Chemicals Company	72 Lantern Rd, Near Exit 14, Summit Park, Tacoma	USA
S1-001671	Vertex Packaging Limited	278 Bluepeak St, Silverline Nagar, Coimbatore, Gujarat, 368822	India
S1-001672	Onyx Industries Private Limited	151 Ironwood Crs, Summit Nagar, Near Metro Pillar 42, Indore, 222062	India
S1-001673	Apex Industries Private Limited	Near SBI ATM, 380 Kestrel Rd, Juniper Nagar, Kochi, Rajasthan, 827384	IN
S1-001674	Orchid Services Limited	Near Metro Pillar 42 35/22 Apex Mn Kochi	India
S1-001675	Redwood Bluepeak Solutions Limited	283 Maplecrest Marg Falco Nagar Kochi	IN
S1-001676	Harbor Industries Company	394 Lantern Ave, Harbor Park, Austin, WA, 33911	USA
S1-001677	Orchid Services Company	39 Orchid Street Stonebridge Park Peori 47294	USA
S1-001678	Apex Industries Company	11 Lantern St, Near Exit 14, Stonebridge Park, Mobile, 51241	USA
S1-001679	Clearwater Consultancy Company	55 Summit Street, Summit Park, Mobbile, 85490	US
S1-001680	Falcon Solutions Company	31/82 Northgate Dr Lubbock 58202	USA
S1-001681	Brightpath Electricals Private Limited	81 Onyx Cross, Jaipur, Rajasthan, 873216	IN
S1-001682	Goldleaf Falcon Consultancy Limited Liability Company	272 Kestrel Street, Meridian Park, Near Exit 14, Mobile, TX, 11933	US
S1-001683	Sunstone Packaging Private Limited	200 Redwood Crs, Kestrel Nagar, Nagpur	India
S1-001684	Apex Northgate Textiles Limited	329 Sunstone Marg, Harbor Nagar, Kochi, Gujarat	IN
S1-001685	Kestrel Motors Company	203 Goldleaf Boulevard, Juniper Park, Tacoma	United States
S1-001686	Brightpath Systems Limited Liability Company	85 Apex Street, Juniper Park, Tacoma, AL, 56634	USA
S1-001687	Stonebridge Packaging Company	255 Kestrel Rd, Behind the Civic Center, Ravenwood Park, Austin, AL	US
S1-001688	Kestrel Motors Private Limited	394 Ironwood St Bluepeak Nagar Indore Maharashtra	IN
S1-001689	Bluepeak Textiles Incorporated	349 Ironwood Boulevard, Goldleaf Park, Mobile, IL, 42561	USA
S1-001690	Vertex Harbor Motors Limited Liability Company	127 Quarry Dr, Tacoma, OH, 39798	USA
S1-001691	Brightpath Industries Private Limited	301 Summit St, Kochi, MP	India
S1-001692	Bluepeak Packaging Private Limited	104 Kestrel Marg, Lantern Nagar, Coimbatore, MP	IN
S1-001693	Thistle Foods Company	147 Maplecrest Dr, Maplecrest Park, Lubbock, TX, 75566	US
S1-001694	Orchid Chemicals Limited	59 Ravenwood Main, Thistle Nagar, Coimbatore, Gujarat, 124206	IN
S1-001695	Kestrel Industries Private Limited	238 Lantern Marg, Surat, Tamil Nadu, 980008	India
S1-001696	Ironwood Consultancy Corporation	398 Maplecrest Dr, Clearwater Park, Lubbock, TX, 16990	USA
S1-001697	Maplecrest Packaging Private Limited	358 Falcon Cross Near SBI ATM Coimbatore	IN
S1-001698	Northgate Vertex Packaging Limited Liability Company	314 Orchid Rd nyx Park Austin 22929	US
S1-001699	Thistle Ravenwood Industries Corporation	328 Ironwood St, Falcon Park, Fresno, 75816	United States
S1-001700	Sunstone Kestrel Industries Private Limited	61 Kestrel Rd, Jaipur, Rajasthan, 559695	IN
S1-001701	Quarry Services Limited Liability Company	Sliverline Park, Fresno, 317 Juniper Ave	USA
S1-001702	Harbor Foods Private Limited	46 Ravenwood Rd, Maplecrest Nagar, Indore, Rajasthan, 309403	India
S1-001703	Bluepeak Textiles Private Limited	100 Sunstone Rd, Harbor Nagar, Kochi, Rajasthan, 774638	India
S1-001704	Brightpath Enterprises Limited Liability Company	3/69 Bluepeak Street, Quarry Park, Tacoma, AL, 40248	USA
S1-001705	Maplecrest Trading Company	18/32 Ironwood Ave, Ironwood Park, Mobile, 94909	USA
S1-001706	Stonebridge Industries Private Limited	117 Sunstone Street, Opp. Bus Depot, Goldleaf Nagar, Pune, 411533	India
S1-001707	Redwood Meridian Systems Company	207 Thistle Avenue, Near Exit 14, Cobalt Park, Akron, IL, 89390	United States
S1-001708	Falcon Chemicals Limited Liability Company	337 Ravenwood Avenue, Quarry Park, Lubbock, IL, 55990	USA
S1-001709	Stonebridge Systems Limited Liability Company	208 Thistle Boulevard Harbor Park Lubbock 32351	USA
S1-001710	Kestrel Ravenwood Packaging Corporation	299 Verex Rd, Harbor Park, Tacoma, 98351	United States
S1-001711	Bluepeak Brightpath Foods Private Limited	8 Orchid Crs, Indore, 863718	IN
S1-001712	Bluepeak Systems Corporation	Opp. City Library, 296 Brightpath Road, Orchid Park, Lubbock, TX, 76802	USA
S1-001713	Meridian Enterprises Limited Liability Company	276 Lantern Rd Ravenwood Park Austin WA 69821	USA
S1-001714	Kestrel Goldleaf Electricals Private Limited	Behind Ganesh Temple, 277 Summit Crs, Lantern Nagar, Surat, Maharashtra	India
S1-001715	Harbor Packaging Limited Liability Company	266 Summit Dr, AApex Park, Mobile, 67937	USA
S1-001716	Silverline Consultancy Limited	75 Cobalt Main, Redwood Nagar, Surat, Rajasthan, 187801	India
S1-001717	Orchid Fabrics Private Limited	234 Vertex Marg, Summit Nagar, Near SBI ATM, Pune, Tamil Nadu, 654983	IN
S1-001718	Thistle Stonebridge Logistics Corporation	35/21 Falcon Road Brightpath Park Akron 25117	USA
S1-001719	Maplecrest Electricals Incorporated	308 Apex Blvd, Bheind the Civic Center, Brightpath Park, Mobile	USA
S1-001720	Maplecrest Packaging Corporation	91 Stonebridge Dr, Cobalt  Park, Tacoma, 12310, IL	US
S1-001721	Brightpath Logistics Corporation	88 Meridan Boulevard, Ravenwood Park, Akron, OH	USA
S1-001722	Ravenwood Systems Private Limited	40 Harbor St, Harbor Nagar, Nagpur, Rajasthan	IN
S1-001723	Summit Fabrics Incorporated	288 Silverline St Behind the Civic Center Vertex Park Tacoma	USA
S1-001724	Quarry Services Limited	132 Silverline Marg Indore	India
S1-001725	Vertex Enterprises Private Limited	Near SBI ATM, 126 Onyx Main, Kestrel Nagar, Surat, Rajasthan, 747732	India
S1-001726	Kestrel Meridian Fabrics Private Limited	316 Meridian Mn, Ironwood Nagar, Pun,e Tamil Nadu, 303712	India
S1-001727	Harbor Enterprises Limited Liability Company	388 Blueepak Blvd, Akron	United States
S1-001728	Bluepeak Chemicals Limited	246 Goldleaf Crs, Vertex Nagar, Nagpur	IN
S1-001729	Brightpath Motors Private Limited	298 Quarry Rd, Falcon Nagar, Kochi, Maharashtra	India
S1-001730	Meridian Industries Private Limited	122 Cobalt Road, Coimbatore, Kerala	India
S1-001731	Harbor Systems Limited	214 Onyx Street Kestrel Nagar Pune 125034	IN
S1-001732	Clearwater Solutions Corporation	386 Thistle Dr, Cobalt Park, Peoria, IL	US
S1-001733	Juniper Packaging Private Limited	381 Sunstone Marg, Kochi, Rajasthan	India
S1-001734	Apex Services Private Limited	377 Lantern Main, Juniper Nagar, Nagpur, Rajasthan, 320690	IN
S1-001735	Thistle Packaging Incorporated	298 Bluepeak Street, Lubbock, AL, 56266	US
S1-001736	Ravenwood Sunstone Foods Private Limited	Maplecrest Nagar Pune Maharashtra 22/15 Northgate Marg	IN
S1-001737	Maplecrest Logistics Incorporated	Behind the Civic Center, Cobalt Park, Peoria, 76276, 234 Harbor Road	United States
S1-001738	Juniper Electricals Company	35/40 Cobalt Avenue, Summit Park, IL, Peoria	United States
S1-001739	Clearwater Orchid Enterprises Private Limited	243 Maplecrest Road Ironwood Nagar Indore Rajasthan 398607	India
S1-001740	Cobalt Foods Private Limited	110 Ravenwood Rd, Jaipur, Kerala, 639627	IN
S1-001741	Meridian Packaging Limited	35 Falcon Main, Onyx Nagar, Pune, Maharashtra, 552426	India
S1-001742	Sunstone Onyx Logistics Limited Liability Company	273 Redwood Rd, Clearwater Park, Tacoma	USA
S1-001743	Juniper Clearwater Solutions Corporation	Behind the Civic Center, 297 Vertex Avenue, Falcon Park, Tacoma, WA	United States
S1-001744	Quarry Solutions Incorporated	324 Brightpath Street, Thistle Park, Taoma, 12410	US
S1-001745	Silverline Services Private Limited	12 Ironwwood Marg Redwood Nagar Nagpur Maharashtra 787392	IN
S1-001746	Harbor Packaging Company	20 Apex Drive, Clearwater Park, Fresno, IL, 61806	United States
S1-001747	Summit Packaging Corporation	356 Juniper Rd AC 48374 Fresno	USA
S1-001748	Ravenwood Services Incorporated	Behind the Civic Center, 56 Lantern Boulevard, IL, 16210, Fresno	US
S1-001749	Stonebridge Fabrics Company	220 Silverline Avenue, Silverline Park, Fresno	US
S1-001750	Cobalt Logistics Company	296 Stonebridge Drive, Thistle Park, Fresno, OH	United States
S1-001751	Clearwater Motors Private Limited	10/63 Maplecrest Main, Maplecrest Nagar, Jaipur, Kerala	IN
S1-001752	Bluepeak Enterprises Limited	195 Orchid Street, Clearwater Nagar, Surat, MP	India
S1-001753	Orchid Industries Incorporated	259 Cobalt Drive Orchid Park Akron 92409	United States
S1-001754	Falcon Logistics Limited Liability Company	375 Norrthgate St, Quarry Park, Peoria, OH	US
S1-001755	Clearwater Electricals Limited Liability Company	12 Juniper Dr Clearwater Park Austin IL 97032	US
S1-001756	Lantern Enterprises Limited	22 Onyx Cross NNorthgate Nagar Indore Kerala 217674	IN
S1-001757	Orchid Enterprises Private Limited	254 Meridian Marg Goldleaf Nagar Indore	India
S1-001758	Ravenwood Trading Private Limited	153 Orchid Marg, Behind Ganesh Temple, Indore, MP, 542994	India
S1-001759	Kestrel Electricals Private Limited	351 Kestrel Marg, Coimbatore, MP	IN
S1-001760	Goldleaf Services Private Limited	196 Ravenwood Road, Surat, MP, 738374	IN
S1-001761	Goldleaf Industries Incorporated	386 Juniperr Ave, Fresno, AL, 35905	United States
S1-001762	Redwood Consultancy Limited	172 Vertex Main, Cobalt Naggar, Nagpur, Tamil Nadu, 920868	India
S1-001763	Falcon Systems Incorporated	186 Ironwood Road Opp. City Library Cobalt Prk Mobile CA	United States
S1-001764	Goldleaf Enterprises Private Limited	362 Orchid Road, Ironwood Nagar, 208255, Jaipur	IN
S1-001765	Redwood Stonebridge Systems Corporation	Behind the Civic Center 19 Apex Blvd Bluepeak Park Akron 45515	USA
S1-001766	Clearwater Services Limited	218 Harbor Marg, Sunstone Nagar, Nagpur, 206306	IN
S1-001767	Kestrel Enterprises Corporation	31 Thistle Boulevard, Brightpath Park, Austin, CA, 65939	United States
S1-001768	Northgate Consultancy Incorporated	360 Bluepeak Road, Ravenwood Park, Akron, 49211	USA
S1-001769	Vertex Bluepeak Fabrics Limited Liability Company	395 Ironwood Boulevard, Ravenwood Park, Peoria, AL	United States
S1-001770	Juniper Industries Incorporated	270 Ravenwood Rd, Mobile, OH, 33573	US
S1-001771	Falcon Systems Private Limited	256 Redwood Street, Ravenwood Nagar, Jaipur, MP, 867809	IN
S1-001772	Meridian Brightpath Logistics Limited Liability Company	141 Falcon Rd, Falcon Park, Peoria, IL	US
S1-001773	Harbor Silverline Motors Incorporated	Opp. City Library, 37/2 Clearwater Drive, Kestrel Park, Mobile, OH, 59571	USA
S1-001774	Quarry Industries Limited	14/55 Summit Marg, Harbor Nagar, Jaipur	India
S1-001775	Summit Packaging Private Limited	212 Sunstone Road Goldleaf Nagar Jaaipur 769806	India
S1-001776	Kestrel Solutions Limited	59 Cobalt Rd, Ironwood Nagar, Nagpur, Tamil Nadu, 452750	India
S1-001777	Brightpath Packaging Limited	47 Ironwood Street, Ironwood Nagar, Pune, Gujarat	India
S1-001778	Ironwood Industries Company	396 Northgate St, Onyx Park, Fresno	United States
S1-001779	Cobalt Electricals Corporation	68 Bluepeak Drive Goldleaf Park Peoria	US
S1-001780	Brightpath Electricals Company	236 Meridian St Falcon Park Behind the Civic Center Austin CA 58648	USA
S1-001781	Onyx Foods Incorporated	295 lCearwater Boulevard Behind the Civic Center Brightpath Park Mobile IL 92030	USA
S1-001782	Orchid Silverline Foods Company	353 Kestrel Rd Quarry Park Austin 69589	USA
S1-001783	Ravenwood Enterprises Limited	327 Harbor Cross Bluepeak Nagar Surat 495556	IN
S1-001784	Silverline Summit Electricals Limited Liability Company	120 Clearwater Ave, Stonebridge Park, Tacoma, IL	United States
S1-001785	Cobalt Chemicals Incorporated	145 Thistle Rd, Vertex Park, Akron, 13660	USA
S1-001786	Juniper Solutions Limited Liability Company	128 Apex Blvd Summit Park Akron	United States
S1-001787	Ravenwood Systems Private Limited	388 Bluepeak Crs Kestrel Nagar Indore MP	IN
S1-001788	Harbor Trading Company	133 Quarry Boulevard, Harbor Park, Fresno, CA	United States
S1-001789	Redwood Fabrics Incorporated	72 Clearwater Blvd, Clerawater Park, Mobile	US
S1-001790	Redwood Industries Incorporated	245 Sunstone Rd Lantern Park Akron AL 47987	United States
S1-001791	Silverline Motors Private Limited	Near BSI ATM, 28/51 Orchid Cross, Falcon Nagar, Kochi, MP	India
S1-001792	Ironwood Logistics Company	236 Brightpath Avenue, Northgate Park, Fresno, IL, 77231	US
S1-001793	Kestrel Motors Private Limited	15/79 Kestrel Rd, Orchid Nagar, Surat, 614086	IN
S1-001794	Clearwater Apex Electricals Private Limited	204 Apex MnTamil Nadu Jaipur	India
S1-001795	Juniper Motors Company	290 Bluepeak Drive, Northgate Park, Fresno	United States
S1-001796	Falcon Foods Private Limited	30 Clearwater Crs Lantern Nagar Near Metro Pillar 42 321517 Indore	IN
S1-001797	Brightpath Solutions Limited	364 Ravenwood Cross, Kochi, Gujarat, 921817	IN
S1-001798	Stonebridge Vertex Electricals Private Limited	84 Clearwater Crs, Thistle Nagar, Nagpur, 124278	IN
S1-001799	Ravenwood Services Company	63 Lantern Rd, Austin, IL, 63341	USA
S1-001800	Meridian Summit Industries Private Limited	348 Ironwood Marg, Juniper Nagar Jaipur	India
S1-001801	Bluepeak Motors Limited Liability Company	1/68 Redwod Road, Akron, OH, 80161	United States
S1-001802	Meridian Packaging Limited Liability Company	13/47 Ravenwood St, Tacoma, IL, 53684	United States
S1-001803	Silverline Systems Incorporated	163 Lantern Drive Cobalt Park Peoria 27979	United States
S1-001804	Harbor Solutions Limited	114 Stonebridge Crs, Juniper Nagar, Indore, Rajasthan, 694685	IN
S1-001805	Cobalt Fabrics Limited	390 Kestrel St Onyx Nagar Pune Rajasthan 821328	IN
S1-001806	Kestrel Logistics Corporation	279 Redwood Drive, Harbor Park, Lubbock, TX, 13922	United States
S1-001807	Apex Systems Private Limited	368 Apex St, Opp. Bus Depot, Lantern Nagar, Coimbatore	India
S1-001808	Ravenwood Services Company	Opp. City Library 68 Maplecrest Road Northgate Park Mobile AL 18167	United States
S1-001809	Silverline Motors Private Limited	26/20 Brightpath Marg, Opp. Bus Depot, Surat, Gujarat	IN
S1-001810	Orchid Systems Private Limited	30/22 Maplecrest Main, Apex Nagar, Kochi, Maharashtra	India
S1-001811	Maplecrest Services Company	327 Ironwood Dr Tacoma 82330	US
S1-001812	Northgate Lantern Logistics Company	345 Vertex Aveue, Onyx Park, Austin	US
S1-001813	Apex Vertex Solutions Incorporated	142 Lantern Boulevard Onyx Park Mobile AL 27079	United States
S1-001814	Vertex Trading Private Limited	92 Juniper Crs Thistle Nagar Jaipur Kerala 533506	India
S1-001815	Juniper Foods Private Limited	374 Summit Cross, IIndore	IN
S1-001816	Brightpath Textiles Private Limited	Behind Ganesh Temple, 93 Sunstone St, Goldleaf Nagar, Coimbatore, Rajasthan, 148979	IN
S1-001817	Stonebridge Logistics Private Limited	216 Brightpath Marg, Maplecrest Nagar, Indore, MP, 546256	India
S1-001818	Brightpath Maplecrest Electricals Incorporated	349 Northgate Drive, Falcon Park, Fresno, OH	US
S1-001819	Meridian Packaging Incorporated	26/31 Cobalt Road Clearwater Park Austin IL	USA
S1-001820	Stonebridge Maplecrest Trading Limited	12/7 1Cobalt Main, Jaipur, Gujarat, 817396	India
S1-001821	Meridian Consultancy Corporation	120 Kestrel Boulevard, Opp. City Library, Ironwood Park, Mobile, AL, 23936	United States
S1-001822	Northgate Industries Limited	215 Maplecrest Rd, Nagpur, MP, 659002	IN
S1-001823	Falcon Industries Limited Liability Company	32 Silverline Avenue, Austin, CA, 49994	USA
S1-001824	Falcon Enterprises Incorporated	57 Northgate Road, Mobile, OH, 47442	United States
S1-001825	Ironwood Industries Limited	32/3 Ironwood Rd, Clearwater Nagar, Surat, MP, 222600	India
S1-001826	Harbor Quarry Logistics Limited Liability Company	327 Maplecrest Avenue, Goldleaf Park, Lubbock, 87982	USA
S1-001827	Sunstone Packaging Company	323 Redwood Street Tacoma TX 12359	US
S1-001828	Juniper Motors Limited	189 Harbor Street, Northgate Nagar, Surat, Gujarat, 764054	India
S1-001829	Quarry Enterprises Private Limited	21 Juniper Crs, Cobalt Nagar, Jaipur	India
S1-001830	Bluepeak Summit Services Company	14/5 Quarry Avenue, Summit Park, Peoria	USA
S1-001831	Falcon Chemicals Company	44 Vertex Rd, Mobile, 18583, Summit Park	US
S1-001832	Bluepeak Trading Private Limited	26/79 aplecrest Rd, Bluepeak Nagar, Surat, MP	India
S1-001833	Apex Consultancy Corporation	31 Goldleaf Boulevard, Onyx Park, Fresno, WA, 27096	USA
S1-001834	Orchid Logistics Limited Liability Company	4 Cobalt Rd, Thistle Park, Austin, WA, 59307	USA
S1-001835	Kestrel Solutions Corporation	175 Goldleaf St, Maplecrest Park, Tacoma	USA
S1-001836	Falcon Chemicals Limited Liability Company	126 Kestrel Road Tacoma OH 82777	US
S1-001837	Summit Chemicals Corporation	336 Bluepeak Dr, Quarry Park, Akron, 69136	United States
S1-001838	Ironwood Motors Private Limited	241 Cobalt St, Near SBI ATM, Summit Nagar, Jaipur, Tamil Nadu, 501779	India
S1-001839	Falcon Packaging Private Limited	330 Falcon Street, Opp. Bus Depot, Surat	India
S1-001840	Thistle Solutions Private Limited	90 Redwood Marg, Indore, 495194, Vertex Nagar	IN
S1-001841	Clearwater Enterprises Limited Liability Company	252 Redwood Road, Quarry Park, BBehind the Civic Center, Peoria, CA, 40939	USA
S1-001842	Apex Packaging Limited Liability Company	113 Brightpath Blvd, Tacoma, 62451	US
S1-001843	Apex Logistics Corporation	52 Meridian Drive Ironwood Park Tacoma TX 61725	United States
S1-001844	Orchid Kestrel Electricals Limited	370 Bluepeak Street, Apex Nagar, Kochi, MP, 771743	IN
S1-001845	Orchid Services Limited	44 Onyx Street, Brightpath Nagar, Kochi	India
S1-001846	Redwood Lantern Electricals Private Limited	239 Apex Marg Ironwood Nagar Nagpur Gujarat 189564	India
S1-001847	Meridian Fabrics Incorporated	Opp. City Library 301 Meridian Drive Fresno 42661	United States
S1-001848	Redwood Trading Private Limited	41 Harbor Cross, Bluepeak Nagar, Jaipur, Kerala, 573715	IN
S1-001849	Redwood Packaging Private Limited	158 Brightpath St, Near SBI ATM, Kochi, Kerala, 247665	IN
S1-001850	Vertex Vertex Trading Company	345 Quarry Drive, Summit Park, Fresno, OH, 35791	United States
S1-001851	Kestrel Systems Private Limited	215 Summit Road Quarry Nagar Near Metro Pillar 42 Indore	IN
S1-001852	Ironwood Fabrics Limited Liability Company	43 Ironwood Avenue, Mobile, IL	USA
S1-001853	Onyx Trading Private Limited	74 Redwood Mn, Surat, 320101, Onyx Nagar	India
S1-001854	Clearwater Falcon Logistics Company	200 Lantern Dr Clearwater Park Tacoma WA 29798	USA
S1-001855	Vertex Sunstone Industries Company	282 VVertex Avenue, Austin, TX, 48849	United States
S1-001856	Sunstone Motors Limited	278 Summit Rd Pune Rajasthan 937476	IN
S1-001857	Onyx Orchid Solutions Limited	240 Stonebridge Csr, Redwood Nagar, Nagpur, MP, 361071	India
S1-001858	Lantern Maplecrest Systems Incorporated	333 Vertex Blvd, Lubbock, WA, 19165, Onyx Park	US
S1-001859	Ironwood Fabrics Limited	285 Orchid Street, Cobalt Nagar, Nagpur, Tamil Nadu, 578552	IN
S1-001860	Ravenwood Orchid Solutions Limited	69 Ironwood St Ravenwood Nagar Nagpur Gujarat 114040	IN
S1-001861	Ironwood Systems Limited	314 Goldleaf Rd Clearwater Nagar Nagpur Rajasthan	India
S1-001862	Harbor Bluepeak Solutions Limited	26 Stonebridge Road Ravenwood Nagar Pune Tamil Nadu 485419	India
S1-001863	Clearwater Ironwood Fabrics Corporation	137 Maplecrest Road, Opp. City Library, Northgate Park, Ausitn, 30769	United States
S1-001864	Lantern Foods Corporation	109 Thistle Avenue, Lubbock, OH, 97065	USA
S1-001865	Kestrel Enterprises Corporation	152 Vertex Street, Sunstone Park, Tacoma	USA
S1-001866	Brightpath Electricals Limited	344 Apex Mn, Cobalt Nagar, Opp. Bus Depot, Pune, Tamil Nadu, 212132	India
S1-001867	Juniper Electricals Private Limited	222 Sunstone St, Lantern Nagar, Nagpur, 279964	IN
S1-001868	Juniper Industries Private Limited	201 Ravenwood Cross, Near Metro Pillar 42, Orchid Nagar, Kochi	India
S1-001869	Onyx Fabrics Private Limited	167 Maplecrest Main, Maplecrest Nagar, Jaipur	IN
S1-001870	Stonebridge Consultancy Corporation	35 Goldleaf Rd, Apex Park, Lubbock, 52584	USA
S1-001871	Apex Logistics Company	56 Harbor Boulevard, Tacoma	United States
S1-001872	Brightpath Industries Limited	337 Quarry Crs, ThistleN agar, Kochi, Gujarat, 478382	India
S1-001873	Redwood Consultancy Corporation	Opp. City Library, 55 Silverline Drive, Juniper Park, Lubbock, OH, 17521	USA
S1-001874	Vertex Lantern Logistics Corporation	4 Clearwatre Dr, Lubbock, 88304	US
S1-001875	Orchid Thistle Systems Company	208 Clearwater St, Ravenwood Park, Tacoma, AL	US
S1-001876	Meridian Stonebridge Trading Private Limited	352 Quarry Mn, Summit Nagar, Pune	IN
S1-001877	Orchid Cobalt Enterprises Corporation	197 Redwood St, Tacoma, Clearwater Park	USA
S1-001878	Harbor Thistle Textiles Limited	168 Maplecrets Crs, Behind Ganesh Temple, Indore, Rajasthan	IN
S1-001879	Orchid Motors Private Limited	143 Redwood Cross, Kestrel Nagar, Coimbatore, 691313	IN
S1-001880	Stonebridge Motors Corporation	249 Quarry Street Vertex Park Tacoma TX 51127	US
S1-001881	Redwood Solutions Private Limited	324 Ravenwood Mn, Jaipur,, Gujarat	IN
S1-001882	Clearwater Systems Limited Liability Company	51 Harbor Drive, Lantern Park, Peoria, AL, 47687	USA
S1-001883	Onyx Solutions Incorporated	13/64 Sunstone Rd, Redwood Park, Fresno, CA	US
S1-001884	Cobalt Textiles Incorporated	54 Goldleaf Boulevard, Ravenwood Park, Opp. City Library, Fresno, CA, 27583	US
S1-001885	Stonebridge Services Company	22/51 Maplecrset Street Harbor Park Austin 35088	US
S1-001886	Silverline Redwood Packaging Company	300 Orchid Ave, Lantern Park, Lubbock, 30673	US
S1-001887	Cobalt Electricals Private Limited	28/2 Kestrel Street, Coimbatore, Gujarat, 476931	IN
S1-001888	Ravenwood Systems Corporation	30/30 Cobalt Rd, Lantern Park, Mobile, AL, 32234	United States
S1-001889	Kestrel Fabrics Private Limited	68 Clearwater Cross, Summit Nagar, Surat, MP, 427552	India
S1-001890	Redwood Logistics Company	343 Juniper St, Austin, IL, 18846	USA
S1-001891	Ironwood Chemicals Limited Liability Company	251 Ravenwood Ave, Cobalt Park, Lubbock, CA, 46819	US
S1-001892	Juniper Packaging Incorporated	151 Vertex Street Onyx Park Akron 22774	United States
S1-001893	Clearwater Solutions Limited Liability Company	36 Clearwater Blvd, Sunstone Park, Fresno	US
S1-001894	Clearwater Systems Corporation	270 Vertex Street, Tacoma, TX	US
S1-001895	Onyx Services Limited	6 Redwood Cross, Northgate Nagar, Kochi, MP, 640984	IN
S1-001896	Onyx Apex Chemicals Incorporated	347 Silverline Blvd Falcon Park Near Exit 14 Fresno OH 86833	United States
S1-001897	Ironwood Solutions Private Limited	117 Orchid St Bluepeak Nagar Pune 296058	IN
S1-001898	Vertex Trading Private Limited	Silverline Nagar, Pune, Tamil Nadu, 109 Meridian Mn	IN
S1-001899	Goldleaf Fabrics Corporation	195 Harbor Ave, Goldelaf Park, Peoria	USA
S1-001900	Juniper Solutions Limited	196 Summit Cross, Juniper Nagar, Kochi, 31724	IN
S1-001901	Brightpath Goldleaf Systems Incorporated	113 Goldleaf Rd, 25078, Tacoma	US
S1-001902	Ironwood Logistics Incorporated	158 Sunstone Road, Silverline Park, Lubbock, WA, 74017	US
S1-001903	Ironwood Orchid Trading Limited Liability Company	390 Northgate St, Tacoma, IL, 29719	United States
S1-001904	Lantern Logistics Private Limited	101 Juniper Street, Opp. Bus Depot, Onyx Nagar, Nagpur, Tamil Nadu	India
S1-001905	Harbor Fabrics Private Limited	350 Redwood Rd Nagpur	IN
S1-001906	Juniper Industries Private Limited	74 Sunstone Street, Apex Nagar, Pune, Tamil Nadu, 808753	India
S1-001907	Ravenwood Fabrics Limited Liability Company	366 Sunstone Road, Brightpath Park, Fresno, OH, 98707	USA
S1-001908	Sunstone Juniper Packaging Private Limited	323 Cobalt Mn, Clearwater Nagar, Kochi, 844277	IN
S1-001909	Silverline Quarry Foods Corporation	257 Bluepeak St, Falcon Park, Lubbock, TX	USA
S1-001910	Juniper Textiles Company	324 Ravenwood Blvd, Bluepeak Park, Akron, WA, 75946	USA
S1-001911	Apex Chemicals Limited Liability Company	152 Bluepeak Rd, Juniper Park, Akron, IL, 91509	United States
S1-001912	Apex Chemicals Limited	211 Sunstone Cross, Jaipur, 765504	IN
S1-001913	Silverline Motors Incorporated	327 Bluepeak Dr, Redwood Park, Near Exit 14, Austin, TX	United States
S1-001914	Ravenwood Industries Company	83 Orchid St, Orchid Park, Mobile, 20425	US
S1-001915	Harbor Solutions Company	109 Apex Rd, Ironwood Park, Akron, 62079	USA
S1-001916	Ravenwood Industries Private Limited	247 Goldleaf Rd Coimbatore 209272 Onyx Nagar	India
S1-001917	Harbor Falcon Industries Limited	203 Silverline Crs, Summit Nagar, Jaipur, MP, 656421	IN
S1-001918	Juniper Logistics Corporation	209 Quarry Ave, Behind the Civic Center, Quarry Park, Peoria, 17172	USA
S1-001919	Apex Textiles Private Limited	70 Vertex tSreet, Harbor Nagar, Kochi, Tamil Nadu, 902947	IN
S1-001920	Bluepeak Industries Limited	185 Silverline Main Silverline Nagar Surat Maharashtra	IN
S1-001921	Bluepeak Packaging Incorporated	54 Onyx Avenue, Clearwater Park, Austin, WA, 10011	United States
S1-001922	Ironwood Systems Company	11/17 Stonebridge Street Lubbock WA	United States
S1-001923	Juniper Quarry Services Incorporated	29/80 Thistle Avenue, Near Exit 14, Vertex Park, Akron, AL	US
S1-001924	Falcon Harbor Motors Limited	9/48 Merridian Cross, Clearwater Nagar, 724060, Indore	IN
S1-001925	Stonebridge Services Incorporated	177 Juniper Avenue, Akron, OH	US
S1-001926	Stonebridge Stonebridge Systems Incorporated	9 Onyx Ave, Peoria, AL, 20825	United States
S1-001927	Orchid Consultancy Private Limited	320 Stonebridge Marg Brightpath Nagar Coimbatore Kerala 400033	IN
S1-001928	Cobalt Industries Limited	Jaipur MP 590763 372 Redwood Rd	IN
S1-001929	Ironwood Northgate Enterprises Company	59 Harbor Street, Summit Park, Peoria, 55713, CA	USA
S1-001930	Orchid Electricals Limited	217 Stonebridge Main, Meridian Nagar, Kochi, Rajasthan, 355011	IN
S1-001931	Orchid Textiles Limited Liability Company	394 Junpier Dr, Lubbock	US
S1-001932	Stonebridge Textiles Company	333 Ravenwood Ave, Onyx Park, Lubbock, 17155	US
S1-001933	Lantern Motors Company	73 Ravenwood Blvd, Tacoma, OH, 54808	United States
S1-001934	Falcon Chemicals Limited	19/14 Brightpath Rd, Thistle Nagar, Kochi, 496874	India
S1-001935	Clearwater Packaging Private Limited	352 Quarry Rd, Cobalt Nagar, Coimbatore, Rajasthan	IN
S1-001936	Brightpath Orchid Logistics Limited Liability Company	267 Goldleaf Street, Goldleaf Park, Peoria, WA	US
S1-001937	Kestrel Kestrel Motors Private Limited	43 Ironwood St Vertex Nagar Surat Tamil Nadu	IN
S1-001938	Sunstone Logistics Company	357 Lantern Street, Thistle Park, Austin, AL, 44929	United States
S1-001939	Kestrel Fabrics Limited Liability Company	214 Sunstone Boulevard, Cobalt Park, Peoria	US
S1-001940	Harbor Services Private Limited	148 Harbor Rd, Opp. Bus Depot, Ravenwood Nagar, Kochi, Tamil Nadu, 626006	IN
S1-001941	Vertex Fabrics Incorporated	334 Lantern Ave Goldleaf Park Peoria IL 28811	US
S1-001942	Summit Goldleaf Trading Private Limited	211 Ironwood Rd, Harbor Nagar, Indore, Gujarat, 194411	IN
S1-001943	Sunstone Enterprises Company	125 Apex Road, Lubbock	USA
S1-001944	Silverline Onyx Motors Private Limited	132 Lantern Street, Orchid Nagar, Indore, Near Metro Pillar 42	India
S1-001945	Kestrel Logistics Limited Liability Company	212 Orchid Avenue Cobalt Park Peoria CA 64255	USA
S1-001946	Redwood Foods Private Limited	68 Kestrel Main, Jaipur, Tamil Nadu, 568032	India
S1-001947	Harbor Electricals Limited	362 Cobalt Crs Surat Kerala 273897	IN
S1-001948	Apex Packaging Private Limited	274 Harbor Main Kestrel Nagar Coimbatore Kerala 851932	IN
S1-001949	Ravenwood Logistics Limited	4 Quarry Mn, Northgate Nagar, Coimbatore	India
S1-001950	Goldleaf Orchid Logistics Limited	15/65 Meridian Marg, Orchid Nagar, Nagpur, Kerala, 808164	IN
S1-001951	Thistle Industries Private Limited	240 Silverline Crs Indore 425959	IN
S1-001952	Brightpath Packaging Private Limited	Nagpur, 257 Silverline Crs	IN
S1-001953	Ravenwood Packaging Private Limited	159 Juniper Main Kochi 445582	IN
S1-001954	Bluepeak Silverline Solutions Limited	9 Cobalt Marg Nagpur Gujarat 894408	India
S1-001955	Lantern Consultancy Incorporated	373 Ravenwood Ave, Ironwood Park, Peoria, AL	US
S1-001956	Orchid Packaging Limited	28/74 Lantern Mn Brightpath Nagar Indore 190986	India
S1-001957	Kestrel Industries Private Limited	159 Maplecrestt Main, Near SBI ATM, Apex Nagar, Coimbatore, Tamil Nadu, 492835	IN
S1-001958	Lantern Systems Private Limited	62 Redwood Road, JuniperN agar, Coimbatore, Rajasthan, 668137	India
S1-001959	Summit Foods Corporation	383 Thistlle Dr, TX, 44003, Lubbock	US
S1-001960	Lantern Solutions Limited	207 Clearwater Mn, Vertex Nagar, Jaipur, Tamil Nadu, 454596	India
S1-001961	Clearwater Packaging Private Limited	Behind Ganesh Temple 281 Quarry Cross Clearwater Nagar Nagpur Rajasthan	India
S1-001962	Quarry Solutions Incorporated	33/31 Quarry Blvd, Peoria, TX, 50721	United States
S1-001963	Lantern Systems Private Limited	302 Kestrel Street, Stonebridge Nagar, Pune, 455320	India
S1-001964	Ironwood Solutions Private Limited	277 Lanttern Main, Coimbatore, Maharashtra, 498569	IN
S1-001965	Thistle Summit Foods Corporation	98 Northgate Drive Northgate Park Lubbock	United States
S1-001966	Lantern Systems Corporation	306 Ravenwood Rd Clearwater Park Fresno IL 72508	USA
S1-001967	Onyx Stonebridge Chemicals Private Limited	313 Northgate St Meridian Nagar Coimbatore 781731	India
S1-001968	Redwood Textiles Corporation	366 Apex Blvd Peoria OH 22392	US
S1-001969	Apex Packaging Incorporated	178 Stonebridge Boulevard, Behind the Civic Center, MMobile, CA, 77292	USA
S1-001970	Stonebridge Enterprises Limited	221 Apex Crs Near SBI ATM Lantern Nagar Indore MP	IN
S1-001971	Silverline Kestrel Fabrics Incorporated	363 Stonebridge St, Fresno, OH, 71830	USA
S1-001972	Quarry Fabrics Private Limited	56 Flcon Rd, Kochi, 499036	India
S1-001973	Maplecrest Systems Limited Liability Company	204 Harbor Dr, Orchid Park, Opp. City Library, Mobile, IL	US
S1-001974	Northgate Motors Private Limited	89 Ironwood Marg Meridian Nagar ndore 334241	India
S1-001975	Silverline Electricals Private Limited	88 Goldleaf Street, Cobalt Nagar, Nagpur, 546237	India
S1-001976	Northgate Consultancy Private Limited	6 Ravenwood Marg, Maplecrest Nagar, Kochi, 486859	India
S1-001977	Northgate Enterprises Incorporated	198 Stonebridge St, Behind the Civic Center, Kestrel Park, Akron, OH	United States
S1-001978	Brightpath Trading Private Limited	271 Northgate Marg, Apex Nagar, Indore	IN
S1-001979	Orchid Industries Private Limited	198 Maplecres tMain, Behind Ganesh Temple, Maplecrest Nagar, Jaipur, Maharashtra	IN
S1-001980	Clearwater Juniper Industries Private Limited	Near Metro Pillar 42 190 Summit Marg Falcon Nagar Indore 788931	India
S1-001981	Harbor Solutions Corporation	29 Falcon Roa, Redwood Park, Tacoma, CA, 11377	USA
S1-001982	Apex Trading Limited	295 Thistle Marg, Meridian Nagar, Nagpur, Kerala, 178084	IN
S1-001983	Meridian Enterprises Incorporated	189 Kestrel Blvd, Redwood Park, Tacoma, OH	United States
S1-001984	Lantern Motors Company	101 Redwood Ave, Summit Park, Tacoma, 62499	US
S1-001985	Harbor Systems Incorporated	33/62 Ravenwood Drive, Fresno, WA, 88656	US
S1-001986	Silverline Motors Company	350 Harbor Rd Silverline Park Fresno 33556	United States
S1-001987	Vertex Industries Incorporated	Lubboc, 14 Sunstone St	US
S1-001988	Quarry Trading Company	178 Clearwater Ave, Bluepeak Park, Akron, CA	USA
S1-001989	Northgate Logistics Incorporated	355 Kestrel Blvd, Lubbock, TX, 13737	United States
S1-001990	Apex Northgate Foods Limited Liability Company	371 Lantern Street, Sunstone Park, Akron, 18950	United States
S1-001991	Bluepeak Consultancy Corporation	33/11 Thistle Drive, Apex Park, Fresno, IL, 31679	United States
S1-001992	Quarry Fabrics Limited Liability Company	17/35 Sunstone St Tacoma	United States
S1-001993	Stonebridge Systems Corporation	17/55 Lantern St, Lantern Park, Peoria, AL, 62517	US
S1-001994	Falcon Motors Incorporated	65 Redwood Drive Opp. City Library Goldleaf Park Lubbock	USA
S1-001995	Redwood Trading Limited	148 Thistle Rd, Kochi, 209339	IN
S1-001996	Meridian Orchid Enterprises Limited	161 Thistle Crs, Opp. Bus Depot, Harbor Nagar, Kochi, Kerala, 577446	IN
S1-001997	Goldleaf Summit Trading Limited Liability Company	59 Harbor Avenue, Goldleaf Park, Fresno	US
S1-001998	Clearwater Summit Packaging Company	205 Ironwood Avenue, Ironwood Park, Peoria	US
S1-001999	Goldleaf Textiles Limited Liability Company	106 Northgate Boulevard, Near Exit 14, Lubbock, IL, 74224	United States
S1-002000	Juniper Textiles Limited Liability Company	344 Apex Drive, Lantern ark, Fresno, 27598	USA
S1-002001	Ironwood Systems Corporation	206 Bluepeak Road Goldleaf Park Lubbock	US
S1-002002	Ironwood Services Private Limited	146 Northgate Cross, Orchid Nagar, Kochi, MP	India
S1-002003	Lantern Stonebridge Textiles Company	69 Redwood Street, Brightpath Park, Tacoma, AL, 12655	United States
S1-002004	Apex Consultancy Limited	Behind Ganesh Temple, 252 Onyx Marg, Harbor Nagar, Pune, Maharashtra, 144885	IN
S1-002005	Orchid Chemicals Limited Liability Company	51 Maplecrest Blvd Redwood Park Austin IL 42442	United States
S1-002006	Northgate Motors Limited	270 Silverline Cross, Surat, Kerala, 139394	India
S1-002007	Quarry Enterprises Private Limited	347 Apex Marg Near SBI ATM Thistle Nagar Indore Maharashtra	IN
S1-002008	Meridian Enterprises Private Limited	66 Falcon Mn, Pune, Gujarat, 211121	IN
S1-002009	Ironwood Consultancy Limited	Near SBI ATM, 272 Apex Rd, Surat, Gujarat, Stonebridge Nagar	India
S1-002010	Sunstone Electricals Company	190 Thistle Road, Lantern Park, Peoria,  CA, 41064	United States
S1-002011	Apex Consultancy Private Limited	204 Apex Road,, Vertex Nagar, Nagpur, 283897	IN
S1-002012	Maplecrest Fabrics Company	Behind the Civic Center 219 Meridian Road Cobalt Park Tacoma TX	US
S1-002013	Ravenwood Quarry Textiles Corporation	12/42 Vertex Ave, Near Exit 14, Cobalt Park, Akron, IL, 31252	United States
S1-002014	Silverline Vertex Foods Limited	52 Sunstone Rd, Indore, Maharashtra, 181358	India
S1-002015	Cobalt Consultancy Incorporated	388 Orchid Dr, Quarry Park, Austin, 89762	USA
S1-002016	Meridian Industries Private Limited	352 Stonebridge Cross, Ironwood Nagar, Coimbtaore, Tamil Nadu, 374010	IN
S1-002017	Stonebridge Summit Logistics Private Limited	22/77 Apex Main Jaipur 505588 Maharashtra	IN
S1-002018	Lantern Kestrel Motors Private Limited	122 Stonebridge Rd, Goldleaf Nagar, Pune, Maharashtra, 531626	IN
S1-002019	Silverline Fabrics Incorporated	42 Summit St Behind the Civic Center Sunstone Park Mobile 57790	United States
S1-002020	Goldleaf Industries Limited Liability Company	312 Redwood Dr, Meridian Park, Austin	United States
S1-002021	Apex Falcon Packaging Corporation	Behind the Civic Center, 296 Goldleaf Rd, Bluepeak Park, Peoria, AL	US
S1-002022	Northgate Textiles Limited	337 Vertex Main, Goldleaf Nagar, Coimbatore, Maharashtra	India
S1-002023	Ravenwood Maplecrest Solutions Limited Liability Company	182 Vertex Ave, Cobalt Park, Peoria, 93665	United States
S1-002024	Stonebridge Foods Company	Behind the Civic Center, 238 Onyx Dr, Mobile, IL, 18124	US
S1-002025	Cobalt Bluepeak Packaging Corporation	158 Brightpath Blvd, Brightpath Park, Tacoma, OH, 68455	USA
S1-002026	Lantern Electricals Incorporated	272 Stonebridge Dr, Harbor Park, Austin	United States
S1-002027	Onyx Industries Limited	59 Ironwood Mn, Ravenwood Nagar, Kochi, 460362	India
S1-002028	Redwood Falcon Trading Corporation	120 Goldleaf Ave, Juniper Park, Tacoma, WA, 79842	United States
S1-002029	Goldleaf Logistics Limited	25 Falcon Marg, Thistle Nagar, Jaipur, 609590	IN
S1-002030	Quarry Trading Private Limited	Opp. Bus Depot 30 Stonebridge Crs Kestrel Nagar Indore Tamil Nadu	India
S1-002031	Clearwater Logistics Incorporated	91 Silverline Boulevard, Austin, IL, 84193	USA
S1-002032	Ravenwood Solutions Limited Liability Company	344 Goldleaf Dr, Brightpath Park, Peoria, 77133	US
S1-002033	Ravenwood Electricals Corporation	Ironwood Park, Mobile, OH, 42 Thistle Dr	United States
S1-002034	Clearwater Chemicals Limited	260 Redwood Crs, Thistle Naggar, Indore, Kerala	IN
S1-002035	Kestrel Systems Incorporated	1 Goldleaf Drive Onyx Park Opp. City Library Tacoma IL 53250	USA
S1-002036	Meridian Services Company	348 Iornwood Blvd, Lantern Park, OH, Lubbock	US
S1-002037	Bluepeak Brightpath Packaging Private Limited	392 Cobalt St, Redwood Nagar, Surat, Tamil Nadu	India
S1-002038	Silverline Systems Company	50 Juniper Street, Akron, OH, 85614	US
S1-002039	Thistle Falcon Packaging Limited Liability Company	1 Orchid Dr, Lubbock, CA, 41287	US
S1-002040	Orchid Logistics Private Limited	187 Stonebridge Crs, Redwood Nagar, Kochi, 398743	IN
S1-002041	Summit Consultancy Private Limited	339 Northgate Road, Northgate Nagar, Nagpur, MP, 500531	India
S1-002042	Orchid Electricals Limited Liability Company	91 Kestrel Ave, Bluepeak Park, Lubbock, 75516	United States
S1-002043	Thistle Maplecrest Industries Private Limited	136 Harbor Main, Meridian Nagar, Coimbatore, MP, 554667	IN
S1-002044	Thistle Fabrics Company	192 Harbor Dr Lubbock WA 96489	United States
S1-002045	Vertex Electricals Private Limited	8/38 Northgate St, Nagpur, 724855	India
S1-002046	Stonebridge Electricals Limited	115 Meridian Marg, Clearwater Nagar, Surat, Gujarat, 222277	India
S1-002047	Goldleaf Motors Limited Liability Company	Opp. City Library, 249 Goldleaf St, CA, 13630, Lubbock	USA
S1-002048	Summit Textiles Company	118 Quarry Dr Cobalt Park Peoria AL 49089	USA
S1-002049	Apex Motors Private Limited	33/37 Bluepeak Road, Surat, Gujarat	IN
S1-002050	Ravenwood Brightpath Electricals Limited Liability Company	378 Thistle Avenue, Mobile, CA, 85573	US
S1-002051	Summit Fabrics Private Limited	87 Vertex Street, Behind Ganesh Temple, Silveerline Nagar, 211649, Pune	India
S1-002052	Northgate Foods Limited Liability Company	Peoria, WA, 58 Harbor Rd	USA
S1-002053	Kestrel Packaging Limited Liability Company	337 Harbor Street, Redwood Park, Mobile, 56622	United States
S1-002054	Harbor Chemicals Private Limited	83 Redwood t, Near Metro Pillar 42, Jaipur, Gujarat, 373553	IN
S1-002055	Ravenwood Fabrics Limited Liability Company	94 Orchid Avenue, Oynx Park, Mobile, IL, 30255	US
S1-002056	Clearwater Trading Incorporated	335 Lantern Dr Redwood Park Fresno	United States
S1-002057	Lantern Packaging Private Limited	394 Orchid Crs, Maplecrest Nagar, Pune, MP	India
S1-002058	Silverline Logistics Private Limited	19 Sunstone Street, Near SBI ATM, Goldleaf Nagar, Nagpur, MP, 111944	IN
S1-002059	Summit Consultancy Private Limited	348 Kestrel Crs, Juniper Nagar, Coimbatore, Kerala, 727740	IN
S1-002060	Bluepeak Services Limited	127 Ironwood Mn, Silverline Nagar, Near SBI ATM, Pune, Kerala, 313154	India
S1-002061	Redwood Packaging Private Limited	365 Kestrel  Marg, Apex Nagar, Surat, Tamil Nadu, 303656	India
S1-002062	Juniper Thistle Logistics Company	243 Thistle Avenue, Kestrel Park, Fresno, IL, 444730	USA
S1-002063	Meridian Chemicals Limited	32/46 Clearwater Crs Goldleaf Nagar Jaipu Kerala 446245	IN
S1-002064	Northgate Logistics Company	294 Maplecrest Road, Kestrel Park, Fresno, OH, 33273	USA
S1-002065	Lantern Industries Private Limited	14/77 Ironwood Cross, Harbor Nagar, Pune, 240859	India
S1-002066	Cobalt Enterprises Limited	139 Bluepeak Marg, Brightpath Nagar, Kochi, Rajasthan	India
S1-002067	Clearwater Textiles Corporation	90 Thistle Boulevard, Redwood Park, Akron, 64145	US
S1-002068	Ironwood Clearwater Consultancy Private Limited	34 Redwood Marg, Kochi, Maharashtra, 292110	IN
S1-002069	Lantern Foods Limited	248 Harbor Cross Cobalt Nagar ndore MP 370836	IN
S1-002070	Bluepeak Packaging Limited	92 Maplecrest Cross, Nagpur, Tamil Nadu, 147123	India
S1-002071	Clearwater Motors Company	Opp. City Library, 95 Juniper Dr, Redwood Park, Tacoma, IL	US
S1-002072	Thistle Systems Limited	27 Orchid Marg Stonebridge Nagar Behind Ganesh Temple Jaipur Tamil Nadu 182773	IN
S1-002073	Summit Trading Private Limited	239 Onyx Crs, Surat, Tamil Nadu, 834720	India
S1-002074	Lantern Falcon Industries Private Limited	26/65 Lantern Main, Northagte Nagar, Surat, Tamil Nadu, 370682	India
S1-002075	Brightpath Ironwood Systems Private Limited	275 Cobalt Main, Thistle Nagar, Kochi, 396222	India
S1-002076	Harbor Trading Limited	31/48 Vetex Street, Apex Nagar, Nagpur, 905152	IN
S1-002077	Vertex Trading Company	271 Cobalt Boulevard Orchid Park Akron 39315	US
S1-002078	Cobalt Kestrel Enterprises Private Limited	23/55 Maplecrest Road, Quarry Nagar, Pune	IN
S1-002079	Redwood Logistics Corporation	76 Clearwater Blvd, Vertex Park, Peoria, OH	United States
S1-002080	Onyx Systems Limited Liability Company	337 Cobalt Drive, Redwood Park, Mobile, IL, 29036	United States
S1-002081	Harbor Systems Limited Liability Company	60 Redwood Road, Onyx Park, Peoria	USA
S1-002082	Apex Systems Company	336 Quarry Blvd, Goldleaf Park, Fresno, 53608	USA
S1-002083	Quarry Trading Private Limited	255 Maplecrest Marg, Ravenwood Nagar, Surat, 203200	IN
S1-002084	Northgate Harbor Industries Company	162 Summit Drive, Fresno	US
S1-002085	Falcon Onyx Solutions Limited	95 Silverline Mn, Silverline Nagar, Pune, Kerala, 624129	IN
S1-002086	Ravenwood Solutions Incorporated	350 Brightpath Road, Apex Park, Akron, 63439	US
S1-002087	Ravenwood Services Limited	192 Northgate Street, Lantern Nagar, Pune	India
S1-002088	Falcon Industries Company	177 Maplecrest Blvd, Opp. City Library, Quarry Park, Fresno, OH, 77805	USA
S1-002089	Ravenwood Consultancy Company	77 Quarry Road, Bluepeak Park, 32279, Lubbock	USA
S1-002090	Northgate Consultancy Corporation	133 Stonebridge Road, Redwood Park, Tacoma, AL	United States
S1-002091	Silverline Fabrics Private Limited	185 Juniper Cross, Sunstone Nagar, Near SBI ATM, Jaipur, Tamil Nadu	India
S1-002092	Kestrel Motors Incorporated	137 Stonebridge Street, Orchid Park, Fresno, 16108, Behind the CivicCenter	USA
S1-002093	Juniper Logistics Private Limited	252 Thistle Street, Nagpur, MP, 589769	IN
S1-002094	Sunstone Kestrel Textiles Limited Liability Company	334 Summit Rd, Peoria, WA	US
S1-002095	Cobalt Enterprises Private Limited	38/37 Ironwood Main, Thistle Nagar, Indore, Kerala, 262919	IN
S1-002096	Harbor Foods Limited Liability Company	317 Thistle Street, Harbor Park, Austin, 84714	USA
S1-002097	Meridian Fabrics Private Limited	176 Lantern Rd, Sunstone Nagar, Jaipur, Rajasthan	India
S1-002098	Orchid Systems Limited	36 Ironwood Street, Summit Nagar, Kochi	India
S1-002099	Maplecrest Consultancy Private Limited	340 Onyx Marg, Pune, Gujarat, 561213	IN
S1-002100	Juniper Enterprises Company	259 Northgate Ave Redwood Park Austin 75999	United States
S1-002101	Clearwater Fabrics Corporation	18 Maplecrest Boulevard Quarry Park Tacoma AL	United States
S1-002102	Meridian Bluepeak Fabrics Corporation	374 Orchid Ave, Peoria, AL	United States
S1-002103	Ravenwood Foods Private Limited	313 Ravenwood Marg, Redwood Nagar, Jaipur, Tamil Nadu, 107559	India
S1-002104	Lantern Meridian Systems Private Limited	31 Onyx Main, Silverline Nagar, Indoe, 301596	IN
S1-002105	Brightpath Foods Private Limited	389 Stonebridge Rd Indore Tamil Nadu 899711	IN
S1-002106	Apex Solutions Private Limited	Behind Ganesh Temple 40 Ironwood Street Lantern Nagar Surat Gujarat 499300	India
S1-002107	Harbor Silverline Fabrics Private Limited	125 Vertex Main, Onyx Nagar, Coimbatore, Tamil Nadu	India
S1-002108	Ravenwood Foods Private Limited	218 Cobalt Crs, Opp. Bus Depot, Coimbatore, Tamil Nadu, 261928	IN
S1-002109	Meridian Trading Incorporated	304 Brightpath Rd, Peoria, IL, 37486	United States
S1-002110	Orchid Packaging Incorporated	367 Summit Avenue, Ravenwood Park, Peoria, WA, 12708	United States
S1-002111	Ironwood Enterprises Limited Liability Company	4 Stonebridge Dr, Silverline Park, Fresno, OH	United States
S1-002112	Brightpath Packaging Incorporated	154 Thistle Avenue Onyx Park Lubbock 87965	United States
S1-002113	Cobalt Motors Limited	141 Onyx Rd, Silverline Nagar, Surat, 416837	India
S1-002114	Harbor Packaging Private Limited	54 Meridian Rd Jaipur Rajasthan 481228	IN
S1-002115	Cobalt Enterprises Private Limited	Near SBI ATM, 280 Meridian St, Silverlin eNagar, Indore, 152265	India
S1-002116	Vertex Industries Private Limited	185 Thistle Cross Clearwater Nagar Pune	IN
S1-002117	Bluepeak Consultancy Corporation	250 Summit Blvd, Onyx Park, Tacoma, WA, 27054	USA
S1-002118	Kestrel Consultancy Limited	9 Brightpaath Crs, Nagpur, Tamil Nadu, 853148	IN
S1-002119	Cobalt Harbor Foods Company	312 Ravenwood Ave Akron AL 20995	USA
S1-002120	Cobalt Silverline Electricals Limited	2 Brightpath Marg, Behind Ganesh Temple, Goldleaf Nagar, Surat, 544158	IN
S1-002121	Harbor Textiles Private Limited	18/18 Bluepeak Main, Kestrel Nagar, Nagpur, 569719	IN
S1-002122	Lantern Fabrics Incorporated	361 Summit Street, Sunstone Park, Fresno, 18846	United States
S1-002123	Goldleaf Services Company	355 Silverline Ave Mobile AL 94801	US
S1-002124	Meridian Summit Textiles Incorporated	399 Onyx Avenue, Taccoma	United States
S1-002125	Kestrel Chemicals Private Limited	233 Silverline Marg, Pune, 333275	IN
S1-002126	Silverline Electricals Corporation	264 Sunstone Avenue Lantern Park Tacoma 67306	US
S1-002127	Cobalt Brightpath Textiles Limited	Near SBI ATM, 366 Sunstone Cross, Orchid Nagar, Tamil Nadu, Jaipur	IN
S1-002128	Onyx Industries Corporation	391 Maplerest Dr, Brightpath Park, Peoria, AL	USA
S1-002129	Northgate Apex Textiles Incorporated	Lubbock, 88346, 130 Sunstone Street	US
S1-002130	Sunstone Electricals Private Limited	271 Northgate Marg Coimbatore MP 272440	India
S1-002131	Orchid Consultancy Company	32 Stonebridge Blvd Fresno AL	USA
S1-002132	Quarry Foods Private Limited	125 Goldleaf Rd, Nagpur, MP, 744450	India
S1-002133	Lantern Kestrel Textiles Private Limited	327 Brightpath Crs, Orchid Nagar, Indore, Kerala, 718441	India
S1-002134	Bluepeak Fabrics Limited	357 Ravenwood Marg, Near SBI ATM, Jaipur, 734386	IN
S1-002135	Sunstone Packaging Limited	307 Summit Marg Meridian Nagar Nagpur Tamil Nadu 993448	IN
S1-002136	Brightpath Packaging Private Limited	77 Clearwater Road Quarry Nagar Opp. Bus Depot Surat MP 744177	India
S1-002137	Vertex Industries Limited	83 Orchid Mn, Surat, 268477	IN
S1-002138	Ironwood Industries Company	131 Apex Road, Meridian Park, Akron, 53717	United States
S1-002139	Sunstone Motors Incorporated	Near Exit 14 90 Lantern Rd Redwood Park Peoria IL 98906	US
S1-002140	Thistle Motors Limited Liability Company	55 Sunstone Rd, Cobalt Park, Peoria	US
S1-002141	Brightpath Solutions Private Limited	207 Summit Rd Harbor Nagar Jaipur Gujarat 953020	IN
S1-002142	Silverline Consultancy Private Limited	33/18 Redwood Crs Pune	India
S1-002143	Stonebridge Enterprises Limited	23 Maplecrst Mn, Harbor Nagar, Pune, 374738	IN
S1-002144	Maplecrest Sunstone Electricals Private Limited	272 Summit Crs, Quarry Nagar, Koch, Near Metro Pillar 42	India
S1-002145	Vertex Fabrics Private Limited	378 Onyx Marg Reddwood Nagar Near Metro Pillar 42 Kochi Tamil Nadu	IN
S1-002146	Ravenwood Enterprises Corporation	165 Cobalt Road, Goldleaf Park, Akron, 64439	United States
S1-002147	Juniper Motors Private Limited	282 Cobalt Marg, Vertex Nagar, Nagpur	IN
S1-002148	Ravenwood Chemicals Limited	268 Sunstone Crs, Ironwood Nagar, Indore, Maharashtra, 121802	IN
S1-002149	Brightpath Trading Limited Liability Company	Behind the Civic Center 191 Bluepeak Rd Meridian Park Akron 41573	US
S1-002150	Bluepeak Trading Company	17 Meridian Dr Peoria 52283	United States
S1-002151	Sunstone Chemicals Private Limited	Near SBI ATM, 300 Ironwood Main, Vertex Nagar, Pune	IN
S1-002152	Juniper Logistics Limited Liability Company	119 Thistle Street, Lubbock, CA	United States
S1-002153	Ironwood Textiles Private Limited	64 Northgate St, Coimbatore, 829637	India
S1-002154	Onyx Apex Electricals Company	199 Goldleaf Rd, Juniper Park, Lubbock, TX, 44813	US
S1-002155	Goldleaf Motors Private Limited	59 Silverline Marg, Bluepeak Nagar, Kochi, Gujarat	IN
S1-002156	Summit Electricals Limited	321 Meridian Cross Clearwater Nagar Indore Tamil Nadu 439432	IN
S1-002157	Orchid Onyx Chemicals Incorporated	11/28 Falcon Rd, Vertex Park, Mobile, 52465	USA
S1-002158	Quarry Falcon Industries Private Limited	26 Quarry Rd, Harbor Nagar, Coimbatore, 121037	India
S1-002159	Silverline Bluepeak Chemicals Incorporated	61 Cobalt Road, Fresno, AL, 43972	US
S1-002160	Kestrel Consultancy Incorporated	82 Goldleaf Street Behind the Civic Center Goldleaf Park Lubbock CA	USA
S1-002161	Goldleaf Services Company	45 Goldleaf St Meridian Park Fresno	United States
S1-002162	Silverline Solutions Limited	Near Metro Pillar 42, 207 Vertex Rd, Jaipur, Rajasthan	IN
S1-002163	Onyx Motors Limited	356 Silverline Mn, Maplecrest Nagar, Nagpur	India
S1-002164	Orchid Motors Private Limited	219 Quarry Main, Indore, 694639	India
S1-002165	Harbor Fabrics Incorporated	101 Apex Ave, Summit Park, Akron, WA, 32187	US
S1-002166	Brightpath Harbor Solutions Company	Near Exit 14, 27 Bluepeak Street, Cobalt Park, Peoria, 80460	United States
S1-002167	Thistle Foods Private Limited	19/35 Ironwood Marg Harbor Nagar Opp. Bus Depot Kochi MP 766341	IN
S1-002168	Falcon Consultancy Private Limited	349 Orchid Cross Behind Ganesh Temple Jaipur Tamil Nadu 756163	IN
S1-002169	Sunstone Systems Private Limited	7/30 Onyx Marg, Opp. Bus Depot, Goldleaf Nagar, Jaipur, Rajasthan, 953956	India
S1-002170	Maplecrest Motors Company	35/21 Falcon Ave, Kestrel Park, Fresno, TX	US
S1-002171	Bluepeak Packaging Corporation	18/12 Brightpath Ave, Lubbock, TX, 845543	USA
S1-002172	Clearwater Industries Private Limited	201 Cobalt Crs, Harbor Nagar, Kochi, Kerala	India
S1-002173	Apex Systems Limited	160 Goldleaf Cross, Juniper Nagar, Surat, 101217	IN
S1-002174	Apex Textiles Limited	147 Meridian Mn, Onyx Nagar, Indore, Rajasthan, 903331	India
S1-002175	Ravenwood Textiles Private Limited	4/69 Juniper Rd Orchid Nagar Nagpur Gujarat	India
S1-002176	Brightpath Services Incorporated	152 Redwood St, Redwood Park, Austin, 222292	United States
S1-002177	Cobalt Chemicals Corporation	96 Redwood St, Ravenwood Park, Akron, WA, 45668	United States
S1-002178	Silverline Foods Private Limited	207 Summit Street, Meridian Nagar, Near SBI ATM, Coimbatore	India
S1-002179	Redwood Trading Limited	8 Goldleaf Main Ravenwood Nagar Kochi	IN
S1-002180	Ironwood Fabrics Private Limited	125 Ironwood Cross, Silverline Nagar, Surat, Maharashtra	IN
S1-002181	Quarry Fabrics Limited	226 Lantern Road, Silverline Nagar, Surat, 507306	IN
S1-002182	Juniper Electricals Private Limited	246 Ironwood Marg Near SBI ATM Lantern Nagar Kochi MP 557147	IN
S1-002183	Kestrel Logistics Private Limited	139 Ironwood Crs, Ironwood Nagar, Pune, Maharashtra	India
S1-002184	Juniper Trading Limited Liability Company	6 Apex Street, Brightpath Park, Lubbock, TX	United States
S1-002185	Silverline Brightpath Fabrics Limited	36 Ironwood Mn, Onyx Nagar, Opp. Bus Depot, Pune, 890888	IN
S1-002186	Thistle Electricals Limited	29/82 Ravenwood Main, Surat, Maharashtra, 251536	India
S1-002187	Summit Solutions Company	197 Apex Blvd, Austin, WA, 86588	United States
S1-002188	Meridian Electricals Private Limited	170 Juniper Marg, Pune, Rajasthan	IN
S1-002189	Sunstone Quarry Industries Incorporated	Behind the Civic Center 382 Falcon St Falcon Park Peoria OH	US
S1-002190	Clearwater Textiles Limited	Behind Ganesh Temple, 396 Summit Mn, Thistle Nagar, Coimbatore, 477576	India
S1-002191	Meridian Services Private Limited	297 Sunstone Mn Onyx Nagar Surat MP	India
S1-002192	Vertex Services Private Limited	34 Brightpath Mn, Cobalt Nagar, Pune, MP	IN
S1-002193	Ravenwood Services Corporation	300 Goldleaf Drive, Cobalt Park, Akron, WA, 69677	US
S1-002194	Quarry Services Private Limited	323 Meridian Rd, Ravenwood Nagar, Surat, Gujarat, 482518	India
S1-002195	Juniper Trading Limited Liability Company	234 Orchid Avenue, Austin	United States
S1-002196	Northgate Services Corporation	16 Juniper Boulevard Cobalt Park Lubbock IL 11537	US
S1-002197	Apex Solutions Private Limited	26/13 Ravnwood Rd Bluepeak Nagar Kochi	IN
S1-002198	Meridian Thistle Trading Limited Liability Company	369 Redwood Ave, Fresno, WA, 37447	USA
S1-002199	Redwood Vertex Systems Private Limited	27 Silverline Rd, Sunstone Nagar, Nagpur, MP, 278234	IN
S1-002200	Cobalt Industries Company	16 Bluepeak Road, Lantern Park, Mobile, AL, 89722	US
S1-002201	Orchid Foods Private Limited	274 Meridian Main, Coimbatore, MP	IN
S1-002202	Thistle Fabrics Private Limited	101 Ravenwood Road, Meridian Nagar, Indore, 612501	India
S1-002203	Falcon Clearwater Motors Private Limited	287 Northgate Marg, Northgate Nagar, Surat	IN
S1-002204	Falcon Electricals Corporation	240 Clearwater St, Lubbock, 62729	United States
S1-002205	Stonebridge Textiles Company	144 Onyx Road, Austin, 79929	United States
S1-002206	Brightpath Motors Limited	350 Ravenwood Crs, Apex Naar, Coimbatore, Gujarat, 981755	IN
S1-002207	Vertex Redwood Services Company	226 Falcon Road, Harbor Park, Peoria, 89041	US
S1-002208	Harbor Packaging Private Limited	331 Sunstone Roa,d Opp. Bus Depot, Sunstone Nagar, Jaipur	IN
S1-002209	Lantern Textiles Incorporated	323 Clearwater Road, Juniper Park, Austin, 72027	United States
S1-002210	Clearwater Foods Private Limited	98 Onyx Main, Pune, Kerala, 963384	India
S1-002211	Juniper Trading Incorporated	22/66 Orchid Rd Orchid Park Austin	United States
S1-002212	Bluepeak Enterprises Limited	68 Maplecrest Main, Surat, Tamil Nadu, 197943	IN
S1-002213	Thistle Clearwater Foods Private Limited	120 Thistle Marg, Clearwater Nagar, Indore	India
S1-002214	Meridian Services Private Limited	37 Onyx Crs Falcon Nagar Coimbatore	IN
S1-002215	Vertex Consultancy Incorporated	126 Onyx Ave, Mobile, CA, 77229	US
S1-002216	Lantern Industries Private Limited	55 Vertex Main, Goldleaf Nagar, Jaipur, Rajasthan, 497179	India
S1-002217	Kestrel Ravenwood Foods Limited Liability Company	218 Thistle Rd, Behind the Civic Center, Summit Park, Peoria, WA	US
S1-002218	Ironwood Motors Company	83 Clearwater Blvd, Lubbock, TX, 22498	US
S1-002219	Summit Ironwood Logistics Limited Liability Company	38/33 Apex Ave, Clearwater Park, Peoria, 91436	US
S1-002220	Clearwater Logistics Company	349 Quarry Ave, Kestrel Park, Austin, TX, 21161	US
S1-002221	Apex Packaging Private Limited	299 Lantern St Lantern Nagar Surat Rajasthan	IN
S1-002222	Meridian Maplecrest Foods Limited	228 Juniper Street, Jaipur, Tamil Nadu, 727727	IN
S1-002223	Clearwater Fabrics Private Limited	365 Thistle Rd, Behind Ganesh Temple, Harbor Nagar, Surat, Kerala, 530824	India
S1-002224	Clearwater Consultancy Corporation	183 Stonebridge Road, Brightpath Park, Akron, 74175	United States
S1-002225	Orchid Systems Private Limited	Goldleaf Nagar, Jaipur, 687728, 186 Stonebridge Rd	India
S1-002226	Redwood Sunstone Electricals Incorporated	16/11 Ironwood Rd, Silverline Park, Fresno, WA, 27869	USA
S1-002227	Stonebridge Textiles Limited Liability Company	14 Kestrel Dr, Clearwater Park, Akron, 61993	United States
S1-002228	Sunstone Industries Private Limited	229 Kestrel St Near SBI ATM Orchid Nagar Indore Tamil Nadu 199307	IN
S1-002229	Summit Textiles Limited Liability Company	32/56 Juniper Drive, Brightpath Park, Lubbock, IL, 49015	United States
S1-002230	Falcon Packaging Corporation	238 Stonebridge Blvd, Silverline Park, Tacoma, CA, 85677	United States
S1-002231	Cobalt Bluepeak Logistics Private Limited	129 Ksetrel Mn Indore Rajasthan Redwood Nagar	IN
S1-002232	Cobalt Enterprises Corporation	148 Stonebridge Drive, Thistle Park, Peoria	USA
S1-002233	Goldleaf Logistics Private Limited	44 Redwood Main, Surat, 240424	India
S1-002234	Redwood Solutions Limited Liability Company	385 Summit Steet, Akron, AL, 14237	US
S1-002235	Sunstone Fabrics Incorporated	102 Summit Road Peoria TX 59125 Near Exit 14	USA
S1-002236	Apex Motors Private Limited	89 Meridian Crs, Onyx Nagar, Kochi, Rajasthan	India
S1-002237	Orchid Enterprises Private Limited	206 Maplecrest Cross, Kestrel Nagar, Jaipur, Tamil Nadu, 129360	IN
S1-002238	Vertex Trading Limited	82 Clearwater Road, Harbor Nagar, Koochi, 431714	IN
S1-002239	Onyx Motors Company	33 Falcon Road, Akrno, IL, 40381	United States
S1-002240	Redwood Trading Limited	18/28 Goldleaf St, Nagpur, Kerala, 978604	IN
S1-002241	Juniper Services Company	226 Redwood Boulevard, 6696, Mobile	USA
S1-002242	Quarry Chemicals Corporation	125 Orchid Dr, Behind the Civic Center, Mobile, WA, 60948	United States
S1-002243	Juniper Solutions Limited	Opp. Bus Depot, 272 Thistle Street, Apex Nagar, Surat, MP	IN
S1-002244	Meridian Ravenwood Solutions Limited Liability Company	302 Orchid Boulevard, Mobile, TX, 33019	US
S1-002245	Cobalt Falcon Industries Private Limited	52 Vertex Marg, Brightpath Nagar, Kochi, Rajasthan, 329430	India
S1-002246	Ironwood Trading Private Limited	216 Clearwater Rd Juniper Nagar Jaipur Gujarat	India
S1-002247	Goldleaf Consultancy Limited Liability Company	200 Brightpath Drive, Apex Park, Mobile	US
S1-002248	Summit Electricals Private Limited	156 Bluepeak Road Northgate Nagar Surat Maharashtra	IN
S1-002249	Clearwater Fabrics Private Limited	4/34 Meridian Marg, Goldleaf Nagar, Nagpur, Gujarat, 907621	India
S1-002250	Northgate Textiles Limited	15/9 Falcon Marg, Nagpur, 989762	IN
S1-002251	Onyx Solutions Corporation	334 Orchid Rd, Meridian Par, Peoria	United States
S1-002252	Meridian Industries Corporation	254 Northgate Avenue Meridian Park Lubbock TX 69404	US
S1-002253	Brightpath Stonebridge Textiles Corporation	187 Vertex Blvd, Apex Park, Fresno, CA	USA
S1-002254	Ironwood Electricals Private Limited	73 Ironwood Cross Nagpur 422541 MP	India
S1-002255	Redwood Foods Incorporated	59 rBightpath Dr, Stonebridge Park, Mobile	USA
S1-002256	Meridian Motors Private Limited	Ravenwood Nagar, Jaipur, 367 Harbor Marg	IN
S1-002257	Ironwood Foods Limited	142 Orchid Street, Indore, 889232	India
S1-002258	Thistle Silverline Industries Limited	97 Clearwater Rd, Jaipur	India
S1-002259	Harbor Trading Incorporated	76 Kestrel Blvd Thistle Park Mobile 77198 Opp. City Library	US
S1-002260	Thistle Logistics Limited	182 Falcon Street, Summit Nagar, Indore, Gujarat, 955362	India
S1-002261	Kestrel Trading Limited Liability Company	Near Exit 14 7/72 Harbor Street Akron WA	US
S1-002262	Stonebridge Kestrel Services Incorporated	130 Cobalt Ave, Opp. City Library, Lubbock, 201130	USA
S1-002263	Silverline Electricals Limited	208 Onyx Main, Sunstone Naga,r Indore, Rajasthan	IN
S1-002264	Ironwood Solutions Limited	275 Bluepeak Rd, Orchid Nagar, Indore, 896425	India
S1-002265	Juniper Trading Limited	125 Redwood Crs, Kestrel Nagar, Coimbatore, 813808	India
S1-002266	Meridian Packaging Incorporated	246 Clearwater Blvd, Summit Park, IL, Akron	US
S1-002267	Kestrel Juniper Foods Limited	146 Redwood Main, Ironwood Nagar, Nagpur, 220030	IN
S1-002268	Cobalt Redwood Logistics Limited Liability Company	Near Exit 14, 35 Harbor Ave, Onyx Park, Mobile, CA, 68586	United States
S1-002269	Summit Services Company	290 Ironwood Street, Tacoma, CA, 85007, Juniper Park	United States
S1-002270	Maplecrest Fabrics Limited	42 Silverline Main, Behind Ganesh Temple, Lantern Nagar, Surat, 121810	India
S1-002271	Thistle Industries Private Limited	377 Cobalt Mn, Northgate NNagar, Indore	IN
S1-002272	Vertex Consultancy Incorporated	362 Kestrel Road, Meridian Park, Lubbock, TX, 15684	United States
S1-002273	Meridian Systems Private Limited	160 Apex St Pune 423032	India
S1-002274	Silverline Logistics Company	277 Cobalt St, Stonebridge Park, Austin, OH, 59043	United States
S1-002275	Quarry Solutions Company	379 Brigthpath Avenue, Maplecrest Park, Austin, WA, 51046	USA
S1-002276	Orchid Maplecrest Systems Corporation	140 Ironwood Road, Kestrel Park, Near Exit 14, Mobile, 28683	USA
S1-002277	Bluepeak Foods Incorporated	354 Northgate Dr Behind the Civic Center Tacoma OH 27201	United States
S1-002278	Quarry Packaging Private Limited	173 Quarry Cross, Lantern Nagar, Nagpur, 900142	India
S1-002279	Lantern Redwood Solutions Private Limited	239 Redwood Rd Summit Nagar Surat 917890	IN
S1-002280	Kestrel Motors Incorporated	33 Vertex Avenue, Lubbock, CA	USA
S1-002281	Onyx Enterprises Corporation	262 Apex Road, Stonebridge Park, Akron, AL	United States
S1-002282	Ironwood Fabrics Incorporated	Opp. City Library, 124 Northgate Drive, Mobile, TX, 97799	USA
S1-002283	Redwood Textiles Limited Liability Company	319 Cobalt Blvd, Orchid Park, Tacoma, WA, 86592	USA
S1-002284	Orchid Services Company	219 Maplecrest Rd, Peoria, TX, 28790	USA
S1-002285	Orchid Sunstone Solutions Private Limited	172 Clearwater Mn, Stonebridge Nagar, Pune, 319349	IN
S1-002286	Kestrel Chemicals Incorporated	81 Goldleaf Road, Thistle Park, Austin, 84634	United States
S1-002287	Silverline Industries Limited Liability Company	173 Thistle Drive, Ravenwood Park, Opp. City Library, Akron, OH, 91898	United States
S1-002288	Harbor Consultancy Company	29 Northgate Blvd Quarry Park Akron 47612	United States
S1-002289	Vertex Bluepeak Services Private Limited	135 Stonebridge Crs, Silverline Nagar, Nagpur, Kerala, 548601	India
S1-002290	Stonebridge Industries Private Limited	242 Maplecreest Marg, Bluepeak Nagar, Pune, Gujarat	IN
S1-002291	Thistle Trading Private Limited	293 Ravenwood Street, Falcon Nagar, Nagpur, 126153	India
S1-002292	Ironwood Industries Incorporated	109 Iroonwood St, Redwood Park, Peoria, WA	USA
S1-002293	Silverline Logistics Private Limited	43 Northgate Rd, Falcon Nagar, Pune, MP, 399359	India
S1-002294	Cobalt Logistics Limited Liability Company	9/63 Harbor Drive, Silverline Park, Mobile, OH	US
S1-002295	Maplecrest Motors Company	125 Goldleaf Street, Mobile, 75047	US
S1-002296	Orchid Foods Incorporated	39/22 Falcon Blvd, Harbor Park, Opp. City Library, Mobile, 12143	USA
S1-002297	Harbor Silverline Logistics Limited	310 Harbor Road Onyx Nagar Jaipur Maharashtra	India
S1-002298	Harbor Packaging Private Limited	142 Goldleaf Marg, Jaipur	IN
S1-002299	Onyx Orchid Packaging Private Limited	165  Apex St, Jaipur, MP	IN
S1-002300	Ravenwood Trading Private Limited	14 Sunstone Cross, Surat, Kerala, 876510	India
S1-002301	Ironwood Motors Limited	71 Onyx Mn, Ironwood Nagar, Jaipur, Rajasthan, 955056	India
S1-002302	Summit Packaging Corporation	18/76 Apex Dr Lantern Park Akron 55036	United States
S1-002303	Ironwood Textiles Company	37/41 uniper St Orchid Park Peoria	United States
S1-002304	Maplecrest Motors Private Limited	26 Ravenwood Marg,C learwater Nagar, Coimbatore, Maharashtra, 101379	IN
S1-002305	Cobalt Fabrics Incorporated	89 Harbor Drive Orchid Park Fresno 23561	United States
S1-002306	Brightpath Packaging Private Limited	5/2 Lantern Marg, Surat, Rajasthan	IN
S1-002307	Brightpath Orchid Logistics Corporation	189 Northgate Rd, Tacoma, 80469, Blueepeak Park	US
S1-002308	Juniper Systems Private Limited	312 Lantern Marg, Maplecrest Nagar, Pune, 407913	IN
S1-002309	Orchid Solutions Limited	329 Stonebridge Main, Kestrel Nagar, Surat, Kerala, 241597	India
S1-002310	Meridian Logistics Limited	52 Goldleaf Marg Meridian Nagar Coimbatore Maharashtra 24542	IN
S1-002311	Ravenwood Textiles Private Limited	151 Falcon Crs, Near Metro Pillar 42, Goldleaf Nagar, Coimbatore, Rajasthan, 899208	IN
S1-002312	Summit Packaging Corporation	45 Onyx Blvd, Peoria, CA, Opp. Ciy Library	United States
S1-002313	Apex Summit Electricals Private Limited	296 Orchid Road, Summit Nagar, Kochi	India
S1-002314	Bluepeak Apex Logistics Incorporated	212 Silverline Blvd, Tacoma, TX, 87576, Sunstone Park	US
S1-002315	Maplecrest Chemicals Limited Liability Company	Vertex Park, Mobile, 63491, 114 Orchid Ave	USA
S1-002316	Quarry Industries Company	Opp. City Library, 295 Stonebridge Rd, Kestrel Park, Peoria, 83487	US
S1-002317	Meridian Logistics Private Limited	39/2 Bluepeak Main, Lantern Nagar, Jaipur, 983317	IN
S1-002318	Ironwood Foods Limited Liability Company	Behind the Civic Center 20/19 Vertex Street Lantern Park Peoria 38829	United States
S1-002319	Quarry Chemicals Limited	217 Apex Rd, Nagpur, 474787	IN
S1-002320	Juniper Juniper Foods Private Limited	Near SBI ATM, 173 Kestrel Road, Brightpath Nagar, Coimbatore, MP, 332334	India
S1-002321	Apex Vertex Textiles Company	Behind the Civic Center, 78 Juniper Avenue, Ravenwood Park, Austin, IL, 73011	USA
S1-002322	Brightpath Consultancy Incorporated	126 Vertex Street, Sunstone Park, Tacoma	United States
S1-002323	Bluepeak Industries Company	14 Quarry Dr, Thistle Park, Akron, 58256	US
S1-002324	Onyx Industries Limited	101 Orchid Road, Thistle Nagar, Jaipur, Kerala, 285087	India
S1-002325	Orchid Redwood Electricals Incorporated	217 Silverline Rd, Fresno, TX, 21934	USA
S1-002326	Apex Systems Corporation	173 Bluepeak Rd Behind the Civic Center Apex Park Peoria	USA
S1-002327	Quarry Consultancy Private Limited	61 Redwood Marg, Juniper Nagar, Coimbatore, Kerala, 572472	India
S1-002328	Harbor Textiles Limited	221 Harbor Marg, Surat, 461990	India
S1-002329	Falcon Foods Incorporated	342 Brightpath Rod Lantern Park Tacoma WA	United States
S1-002330	Falcon Meridian Services Company	392 Sunstone Rd, Fresno, WA, 30352	United States
S1-002331	Silverline Systems Incorporated	29/39 Maplecrest Boulevard, Siverline Park, Peoria, TX	United States
S1-002332	Cobalt Trading Limited	135 Summit Main, Brightpath Nagar, Jaipur, 355589	IN
S1-002333	Bluepeak Fabrics Incorporated	34/2 Orchid Rd, Juniper Park, Opp. City Library, Mobile, CA, 53817	United States
S1-002334	Northgate Foods Private Limited	317 Meridian Rd, Quarry Nagar, Kochi, 223590	IN
S1-002335	Onyx Services Limited Liability Company	331 Cobalt Avenue, Fresno, OH	US
S1-002336	Vertex Enterprises Private Limited	Behind Ganesh Temple  219 Juniper Main Harbor Nagar Surat Maharashtra 179693	IN
S1-002337	Lantern Trading Corporation	Near Exit 14, 285 Sunstone Street, Northgate Park, Akron, TX, 32717	United States
S1-002338	Apex Consultancy Company	48 Northgate Road, Peoria, TX	US
S1-002339	Falcon Logistics Limited	274 Bluepeak Marg, Lantern Nagar, Indore, MP, 564105	India
S1-002340	Orchid Motors Private Limited	326 Apex Road, Indore, Gujarat, 902130	India
S1-002341	Quarry Motors Private Limited	30 Redwood Road Goldleaf Nagar Pune MP 945613	IN
S1-002342	Brightpath Solutions Incorporated	398 Northgate Road Near Exit 14 Silverline Park Akron 33108	United States
S1-002343	Kestrel Systems Incorporated	14/30 Ravenwood Street, Lubbock, TX, 61627	USA
S1-002344	Bluepeak Sunstone Solutions Company	67 Bluepeak Drive, Stonebridge Park, Mobile, OH, 54351	USA
S1-002345	Orchid Ravenwood Solutions Company	123 Clearwater Dr, Cobalt Park, Lubbock, TX, 46504	US
S1-002346	Meridian Enterprises Private Limited	31 Northgate Cross, Northgate Nagar, Kochi, Kerala, 542634	India
S1-002347	Ravenwood Quarry Industries Private Limited	9/25 Orchid Mn, Silverline Nagar, Indore, Tamil Nadu, 511182	India
S1-002348	Thistle Meridian Chemicals Private Limited	157 Northgate Street, Falcon Nagar, Indore, Tamil Nadu, 656559	India
S1-002349	Maplecrest Fabrics Corporation	311 Brightpath Avenue, Kestrel Park, Tacoma, WA, 57922	US
S1-002350	Brightpath Clearwater Packaging Limited Liability Company	1/33 Sunstone Dr, Summit Park, Fresno, AL, 15460	USA
S1-002351	Kestrel Textiles Corporation	399G oldleaf Drive, Clearwater Park, Fresno, 76177	USA
S1-002352	Redwood Motors Limited Liability Company	60 Harbor Ave, Austin, IL, 16026	USA
S1-002353	Thistle Foods Private Limited	32 Northgate Cross, Indore, 530333	IN
S1-002354	Juniper Foods Limited	246 Juinper Crs, Cobalt Nagar, Indore	IN
S1-002355	Ravenwood Fabrics Limited	20/44 Goldleaf Road, Northgate Nagar, Jaipur, Mahaashtra, 215343	IN
S1-002356	Ironwood Consultancy Company	157 Falcon Road, Falcon Park, Fresno, WA, 15643	United States
S1-002357	Apex Logistics Limited	14 Maplecrest St Indore MP 964945	IN
S1-002358	Vertex Northgate Systems Limited	243 Falcon Road Apex Nagar Jaipur 889385	IN
S1-002359	Goldleaf Brightpath Enterprises Limited	331 Ravenwood Rd, Indore, 504499	India
S1-002360	Brightpath Consultancy Private Limited	247 Brightpath Crs Kochi Tamil Nadu Bluepeak Nagar	India
S1-002361	Redwood Packaging Private Limited	142 Redwood Main, Apex Nagar, Surat, Maharashtra, 265135	India
S1-002362	Clearwater Bluepeak Foods Private Limited	207 Onyx Rd, Redwood Nagar, Coimbatore, Tamil Nadu, 764530	India
S1-002363	Redwood Solutions Private Limited	148 Kestrel Main, Orchid Nagr, Indore, Kerala	India
S1-002364	Clearwater Textiles Private Limited	18/47 Kestrel Marg Surat Gujarat 217962	IN
S1-002365	Kestrel Systems Private Limited	320 Brigtpath Rd, Juniper Nagar, Kochi, MP, 109153	IN
S1-002366	Lantern Solutions Private Limited	190 Brightpath Marg Clearwater Nagar Pune Rajasthan 748236	India
S1-002367	Quarry Chemicals Private Limited	376 Falcon St Redwood Nagar Indore Tamil Nadu 970298	India
S1-002368	Orchid Motors Private Limited	223 Ironwood Road, Surat, 743939, Ironwood Nagar	IN
S1-002369	Cobalt Maplecrest Enterprises Incorporated	164 Ironwood Drive, Peoria, 66290	USA
S1-002370	Apex Goldleaf Industries Company	122 Cobalt Avenue, Mobile, 45889	United States
S1-002371	Falcon Packaging Limited	24/36 Vertex Mn, Near Metro Pillar 42, Silverline Nagar, Pune, 779105	IN
S1-002372	Onyx Redwood Fabrics Company	280 Ravenwood Blvd Lantern Park Lubbock OH	USA
S1-002373	Stonebridge Solutions Limited Liability Company	251 Kesstrel Road, Fresno, IL, 89945	USA
S1-002374	Bluepeak Packaging Private Limited	271 Northgate St, Apex Nagar, Surat, Rajasthan, 255056	India
S1-002375	Falcon Consultancy Company	355 Meridian Avenue, Mobile, WA	United States
S1-002376	Redwood Industries Incorporated	47 Redwood St Quarry Park Tacoma 51413	USA
S1-002377	Quarry Consultancy Incorporated	Opp. City Library 21 Vertex Boulevard Akron WA	United States
S1-002378	Northgate Chemicals Limited	132 Northgate Street, Lantern Nagar, Jaipur, Gujarat, 923392	India
S1-002379	Falcon Textiles Private Limited	146 Ravenwood Street, Quarryy Nagar, Coimbatore, Rajasthan	India
S1-002380	Ravenwood Ravenwood Solutions Corporation	Near Exit 14 316 Sunstone Rd Akron 97607	USA
S1-002381	Juniper Enterprises Limited	18 2Stonebridge Street, Goldleaf Nagar, Nagpur, Tamil Nadu	IN
S1-002382	Ironwood Textiles Limited	322 Lantern Road, Brightpath Nagar, Coimbatore, Kerala, 141420	India
S1-002383	Ravenwood Ironwood Solutions Private Limited	302 Ravenwood Street, Goldleaf Nagar, Jaipur, MP, 842689	India
S1-002384	Sunstone Maplecrest Systems Incorporated	306 Meridian Road, Brightpath Park, Fresno, 47588	United States
S1-002385	Silverline Motors Limited	267 Onyx Crs, Brightpath Nagar, Nagpur, Kerala	India
S1-002386	Onyx Motors Incorporated	355 Maplecrest Avenuee, Akron, WA, 34604	United States
S1-002387	Harbor Electricals Company	285 Juniper Road Stonebridge Park Behind the Civic Center Tacoma WA 17960	US
S1-002388	Lantern Logistics Corporation	60 Northgate Rd, Fresno, OH, 94305	USA
S1-002389	Stonebridge Quarry Solutions Private Limited	382 Onyx St, Near SBI ATM, Northgate Nagar, Nagpur, Gujarat, 425982	IN
S1-002390	Quarry Systems Incorporated	161 Clearwater Street, Northgate Park, Tacoma, 58953	United States
S1-002391	Onyx Solutions Limited	141 Vertex Street Quarry Nagar Coimbatore Kerala 257683	India
S1-002392	Maplecrest Foods Limited	62 Onyx Main Kestrel Nagar Indore MP	IN
S1-002393	Falcon Lantern Foods Limited Liability Company	235 Harbor Ave, Onyx Park, Peoria, CA	United States
S1-002394	Northgate Trading Private Limited	153 Goldleaf Cross, Stonebridge Nagar, Surat, MP	IN
S1-002395	Kestrel Foods Private Limited	30/83 Thistle St, Vertex Nagar, Kochi, Maharashtra	IN
S1-002396	Kestrel Trading Incorporated	Opp. City Library, 22 Brightpath Avenue, Peoria, 45693	US
S1-002397	Falcon Enterprises Private Limited	352 Maplecrest Marg Silverline Nagar Indore Gujarat	IN
S1-002398	Apex Services Limited	14 Onyx St, Kochi, Kerala	India
S1-002399	Onyx Systems Corporation	18 Brightpath Rd, Harbor Park, Peoria, OH, 27896	USA
S1-002400	Silverline Packaging Private Limited	329R edwood St, Stonebridge Nagar, Nagpur, 784651	IN
S1-002401	Meridian Systems Private Limited	318 Quarry Main, Juniper Nagar, Jaipur, Tamil Nadu	India
S1-002402	Harbor Thistle Solutions Limited	367 Sunstone Rd, Juniper Nagar, Kochi, 106776	India
S1-002403	Ironwood Consultancy Limited Liability Company	368 Ironwood Street, Fresno, WA	USA
S1-002404	Meridian Onyx Services Private Limited	249 Stonebridge Street, Indore, Tamil Nadu	India
S1-002405	Ironwood Electricals Corporation	Opp. City Library, 53 Onyx St, Harbor Park, Akorn, OH	United States
S1-002406	Quarry Industries Limited	9 Ironwood Crs, Jaipur, Maharashtra	IN
S1-002407	Bluepeak Bluepeak Fabrics Incorporated	Near Exit 14, 4 Ironwood St, Ironwood Park, Fresno, OH, 64060	USA
S1-002408	Kestrel Motors Private Limited	150 Thistle Marg, Norhtgate Nagar, Indore, Rajasthan, 708167	IN
S1-002409	Ironwood Textiles Limited	39/51 Onyx Road, Surat, 581686	IN
S1-002410	Quarry Motors Limited Liability Company	374 Orchd Drive, Peoria, 58642	USA
S1-002411	Harbor Apex Foods Company	277 Vertex St, Akron, 76401, Quarry Park	USA
S1-002412	Summit Northgate Foods Private Limited	300 Goldleaf Cross, Silverline Nagar, Kochi	India
S1-002413	Northgate Electricals Corporation	388 Clearwater Rd, Lantern Park, Akron, IL	United States
S1-002414	Ironwood Services Incorporated	Opp. City Library, 327 Vertex Drive, Apex Park, Austin, 66915	United States
S1-002415	Harbor Packaging Limited Liability Company	311 Redwood Road, Sunstone Park, Fresno, 99633	United States
S1-002416	Clearwater Enterprises Private Limited	350 Ravenwood Marg, Northgate Nagar, Indore, 356345	India
S1-002417	Onyx Foods Private Limited	69 Apex Marg, Summit Nagar, Surat, Gujarat, 265956	India
S1-002418	Apex Electricals Limited	66 Thistle Rd, Goldleaf Nagar, Pune, Tamil Nadu, 879297	India
S1-002419	Onyx Textiles Company	168 Northgate Ave Lantern Park Austin OH	USA
S1-002420	Apex Consultancy Private Limited	260 eridian Marg Clearwater Nagar Surat 975858 Maharashtra	India
S1-002421	Lantern Harbor Trading Private Limited	308 Juniper Marg, Kestrel Nagar, Surat	India
S1-002422	Goldleaf Ravenwood Electricals Corporation	278 Orchid Road Meridian Park Austin CA	United States
S1-002423	Apex Packaging Corporation	172 Cobalt St, Vertex Park, Mobile, 50496	USA
S1-002424	Harbor Motors Limited	204 Lantern Crs, Sunstone Nagar, Surat, Tamil Nadu, 537930	IN
S1-002425	Northgate Cobalt Textiles Incorporated	80 Northgate Boulevard, Peorria, 94175	United States
S1-002426	Summit Solutions Private Limited	238 Stonebridge Street Meridian Nagar Indore Rajasthan 821436	India
S1-002427	Onyx Textiles Private Limited	52 Orhid Rd Goldleaf Nagar Pune 723877	India
S1-002428	Stonebridge Motors Limited	307 Quarry Road, Summit Nagar, Nagpur, Kerala, 491947	IN
S1-002429	Kestrel Summit Motors Private Limited	330 Harbor Mn, Near SBI ATM, Lantern Nagar, Pune	IN
S1-002430	Ravenwood Ravenwood Chemicals Private Limited	143 Brightpath Mn, Falcon Nagar, Idore, 266835	IN
S1-002431	Summit Services Limited Liability Company	58 Thistle Dr, Austin OH, 66225, Northgate Park	USA
S1-002432	Ravenwood Services Company	355 Juniper Rd, Behind the Civic Center, Akron, 90247	USA
S1-002433	Summit Clearwater Motors Corporation	361 Ironwood Boulevard, Lubbock, CA, 10400	US
S1-002434	Bluepeak Trading Private Limited	Opp. Bus Depot, 225 Stonebridge Crs, Meridian Nagar, Nagpur, Maharashtra	India
S1-002435	Cobalt Services Limited	88 Brightpath Marg, Thistle Nagar, Surat, Maharashtra	IN
S1-002436	Sunstone Quarry Chemicals Private Limited	210 Apex Marg, Harbor Nagar, Kochi, Gujjarat, 250534	IN
S1-002437	Clearwater Solutions Private Limited	70 Junipeer Road, Clearwater Nagar, Coimbatore, Tamil Nadu, 206714	IN
S1-002438	Falcon Industries Limited	82 Lantern Road Onyx Nagar Pune Gujarat	IN
S1-002439	Bluepeak Fabrics Limited Liability Company	131 Sunstone Ave Clearwater Park Akron OH	United States
S1-002440	Ironwood Logistics Incorporated	351 Juniper Road, Opp. City Library, Tacoma, WA	USA
S1-002441	Kestrel Chemicals Limited	86 Bluepeak Mn, Coimbatore, 514110	India
S1-002442	Silverline Systems Private Limited	31 Redwood Cross Tamil Nadu 76804 5Surat	India
S1-002443	Vertex Foods Limited Liability Company	38/85 Onyx St, Behind the Civic Center, Orchid Park, Peoria, 52163	USA
S1-002444	Onyx Packaging Limited Liability Company	Behind the Civic Center, Ironwood Park, Peoria, OH, 52018, 172 Apex Blvd	USA
S1-002445	Ravenwood Packaging Corporation	128 Lantern Street, Meridian Park, Austin, OH, 37783	United States
S1-002446	Apex Kestrel Industries Corporation	264 Kestrel Boulevard, Vertex Park, Mobile, TX, 67522	US
S1-002447	Harbor Electricals Corporation	74 Silverline Dr, Brighpath Park, Fresno, IL, 37703	United States
S1-002448	Sunstone Redwood Foods Corporation	148 Summit Rd, Lantern Park, Akron, WA, 83047	USA
S1-002449	Goldleaf Services Limited Liability Company	105 Kestrel Street, Northgate Park, Akron, 14435	US
S1-002450	Meridian Services Limited	Near SBI ATM, 131 Brightpath Rd, Surat, Tamil Nadu, 586591	IN
S1-002451	Sunstone Trading Corporation	311 Apex Rd, Stonebridge Park, Mobile, WA, 51284	USA
S1-002452	Maplecrest Foods Limited	33/14 Clearwater Main, Brightpath Nagar, Behind Ganesh Temple, Indore, 365290	India
S1-002453	Cobalt Trading Private Limited	263 Silverline St Falcon Nagar Nagpur Maharashtra 952454	India
S1-002454	Goldleaf Services Company	331 Sunstone St, Vertex Park, Akron	US
S1-002455	Vertex Packaging Private Limited	6/53 Vertex Marg, Thistle Nagar, Pune, 824836	IN
S1-002456	Stonebridge Consultancy Incorporated	221 Harbor Ave, Northgate Park, Peoria, TX	US
S1-002457	Thistle Summit Chemicals Company	20/79 Thistle Blvd, Northgate Park, Fresno, AL, 11275	United States
S1-002458	Summit Solutions Limited	350 Onyx Marg Surat 432227	India
S1-002459	Goldleaf Logistics Private Limited	247 Meridian Road, Near Metro Pillar 42, Ravenwood Nagar, Coimbatore, Maharashtra, 939208	India
S1-002460	Clearwater Motors Private Limited	275 Falcon Mn, Jaipur, Maharashtra, 623917	India
S1-002461	Brightpath Systems Private Limited	128 Redwood Road, Brightpath Nagar, Coimbatore, MP	IN
S1-002462	Meridian Consultancy Incorporated	Lubbock, OH, 35315, 397 Ravenwood Ave	United States
S1-002463	Apex Motors Company	Stonebridge Park, Peoria, 385 Sunstone Ave	USA
S1-002464	Lantern Consultancy Company	298 Cobalt Drive, Clearwater Park, Fresno, 27548	United States
S1-002465	Sunstone Textiles Limited Liability Company	110 Juniper Road Lubbock 92051	USA
S1-002466	Orchid Motors Limited	37 Meridian MMain, Sunstone Nagar, Near Metro Pillar 42, Surat, Kerala	India
S1-002467	Vertex Fabrics Limited	123 Northgate Mn, Nagpur, Maharashtra, 759804	India
S1-002468	Summit Chemicals Limited Liability Company	375 Ravenwood Ave, Near Exit 14, Tacoma	USA
S1-002469	Orchid Logistics Private Limited	91 Bluepeak Mn, Behind Ganesh Temple, Ironwood Nagar, Coimbatore, Rajasthan, 472162	India
S1-002470	Ravenwood Thistle Fabrics Private Limited	305 Silverline Marg, Quarry Nagar, Pune, 169692	India
S1-002471	Bluepeak Juniper Chemicals Company	Behind the Civic Center, 7/37 Silverline Blvd, Harbor Park, Lubbock, 95059	USA
S1-002472	Onyx Systems Limited	347 Goldleaf Crs, Kestrel Nagar, Kochi, 317900	India
S1-002473	Kestrel Consultancy Limited Liability Company	317 Falcon Dr Lantern Park Tacoma AL 57557	US
S1-002474	Orchid Cobalt Packaging Company	213 Apex Drive, Clearwater Park, 13267, Lubbock	US
S1-002475	Redwood Chemicals Private Limited	34/73 Thistle Road, Northgate Nagar, Coimbatore, 557919	India
S1-002476	Silverline Enterprises Limited Liability Company	Opp. City Library, 27 Cobalt Rd, Summit Park, Tacoma, WA, 91619	USA
S1-002477	Quarry Textiles Company	327 Brightpath Road Orchid Park Peoria IL	United States
S1-002478	Apex Enterprises Limited	385 Bluepeak Road, Summit Nagar, Coimbatore, 509204	India
S1-002479	Thistle Bluepeak Foods Limited Liability Company	11 Quarry Avenue, Clearwater Park, Tacoma, IL	US
S1-002480	Brightpath Northgate Electricals Limited	2/86 Brightpath Marg Nrothgate Nagar Gujarat Nagpur	IN
S1-002481	Goldleaf Trading Private Limited	257 Falcon Mn, Thistle Nagar, Nagpur, MP, 242752	India
S1-002482	Ironwood Electricals Limited Liability Company	12/67 Onyx Ave, Vertex Park, Opp. City Library, Austin, 59029	USA
S1-002483	Stonebridge Electricals Incorporated	18 Lantern Blvd, Ravenwood Park, Austin, O,H 71275	USA
S1-002484	Northgate Logistics Limited Liability Company	30/80 Kestrel Ave, Quarry ark, Lubbock, WA	US
S1-002485	Cobalt Consultancy Limited	103 Kestrel Marg, Lantern Nagar, Kochi, MP	India
S1-002486	Bluepeak Packaging Private Limited	154 Juniper Road, Bluepeak Nagar, Coimbatore, Maharashtra	India
S1-002487	Ravenwood Packaging Corporation	272 Falcon Street, Behind the Civic Center, Silverline Park, Peoria	USA
S1-002488	Apex Solutions Limited Liability Company	385 Cobalt Street Silverline Park Lubbock WA 72010	US
S1-002489	Kestrel Packaging Incorporated	331 Meridian Ave, Lubbock, 96245	US
S1-002490	Brightpath Summit Electricals Private Limited	32 Meridian Street Near SBI ATM Onyx Nagar Surat	IN
S1-002491	Lantern Packaging Company	374 Harbor Street,O nyx Park, Mobile, OH, 62021	United States
S1-002492	Ironwood Solutions Company	164 Ravenwood Avenue, Quarry Park, Austin	USA
S1-002493	Apex Enterprises Corporation	Opp. City Library, Goldleaf Park, Mobile, OH, 27922, 143 Thistle Boulevard	USA
S1-002494	Silverline Trading Limited Liability Company	Opp.  City Library, Northgate Park, Mobile, 37736, 186 Brightpath Street	US
S1-002495	Kestrel Consultancy Incorporated	373 Onyx Avenue, Thistle Park, Lubbock, 13215, CA	USA
S1-002496	Northgate Electricals Incorporated	118 Maplecrest Ave, Fresno, AL	US
S1-002497	Vertex Foods Incorporated	253 Meridian Road, Clearwater Park, Akron	USA
S1-002498	Vertex Motors Company	158 Ravenwood Street, Peoria, AL, 20974	United States
S1-002499	Summit Packaging Private Limited	111 Brightpath Marg, Ironwood Nagar, Jaipur, 732463	India
S1-002500	Orchid Industries Private Limited	240 Ironwood Mn, Quarry Nagar, Surat, 545752	India
S1-002501	Sunstone Trading Private Limited	266 Goldleaf Crs, Maplecrest Nagaar, Jaipur, Tamil Nadu	India
S1-002502	Summit Apex Fabrics Limited Liability Company	287 Silverline Dr, Juniper Park, Austin, IL, 93271	USA
S1-002503	Meridian Solutions Incorporated	32/5 Quarry Road, Silverline Park, Behind the Civic Center, Mobile, IL, 73268	USA
S1-002504	Redwood Services Private Limited	162 Lantern Road, Coimbatore, 702783	IN
S1-002505	Sunstone Services Limited Liability Company	223 Ironwood Drive, Bluepeak Park, Peoria, IL, 63069	USA
S1-002506	Brightpath Fabrics Private Limited	85 Falcon Rd Bluepeak Nagar Near Metro Pillar 42 Surat	India
S1-002507	Falcon Services Private Limited	136 Ravenwood Marg, Cobalt Nagar, Pune, Maharashtra, 790658	IN
S1-002508	Meridian Packaging Private Limited	23 Harbor Marg, Coimbatore, 274828	India
S1-002509	Kestrel Lantern Packaging Company	197 Ravenwood Drive, Opp. City Library, Austin, 28610	US
S1-002510	Clearwater Fabrics Company	252 Cobalt Avenue, arbor Park, Peoria, 67300	US
S1-002511	Cobalt Fabrics Corporation	273 Kestrel Blvd, Tacoma, AL, 87531	USA
S1-002512	Vertex Fabrics Private Limited	283 Goldleaf Mn, Ravenwood Nagar, Pune	IN
S1-002513	Sunstone Fabrics Private Limited	61 Quarry Marg, Cobalt Nagar, Jaipur, 612132	IN
S1-002514	Lantern Packaging Private Limited	Opp. Bus Depot, 380 Meridian Cross, Nagpur, Gujarat, 217062	India
S1-002515	Brightpath Cobalt Solutions Incorporated	360 Harbor St, Summit Park, Austin, 72811	US
S1-002516	Bluepeak Trading Private Limited	199 Goldleaf Marg, Ironwood Nagar, Nagpur, Maharashtra, 615343	India
S1-002517	Clearwater Services Private Limited	383 Summit Crs, Summit Nagar, Pune, Gujarat, 237549, Near SBI ATM	India
S1-002518	Ironwood Thistle Fabrics Corporation	186 Orchid Road, Lubbock, IL	United States
S1-002519	Quarry Enterprises Limited Liability Company	318 Meridian Ave, Meridian Park, Fresn, WA, 64411	USA
S1-002520	Redwood Packaging Limited	36/68 Silverline Main, Juniper Nagar, Surat, 881524	IN
S1-002521	Sunstone Trading Private Limited	320 Clearwater Road Meridian Nagar Near Metro Pillar 42 Nagpur 370492	India
S1-002522	Quarry Fabrics Company	315 Bluepeak Street, Quarry Park, Tacoma, CA	US
S1-002523	Orchid Stonebridge Chemicals Private Limited	110 Cobalt Rd, Clearwater Nagar, Jaipur, Gujarat, 918032	India
S1-002524	Cobalt Consultancy Incorporated	3 Silverline St Lantern Park Behind the Civic Center Mobile 66747	US
S1-002525	Meridian Enterprises Private Limited	225 Brightpath Marg, Indore	India
S1-002526	Northgate Enterprises Private Limited	105 Apex Rd ,Silverline Nagar, Kochi, Kerala, 279765	IN
S1-002527	Clearwater Chemicals Limited Liability Company	114 Brightpath Drive Clearwater Park Near Exit 14 Akron WA 20582	USA
S1-002528	Ravenwood Enterprises Private Limited	242 Clearwater Road, Pune, Guarat, Apex Nagar	IN
S1-002529	Kestrel Ravenwood Chemicals Company	203 Apex Avenue, Vertex Park, Lubbock, 98688	USA
S1-002530	Onyx Thistle Logistics Incorporated	Behind the Civic Center, 148 Orchid Blvd, Cobalt Park, Mbile, WA, 57761	United States
S1-002531	Quarry Systems Private Limited	Near Metro Pillar 42, 391 Redwood Marg, Vertex Nagar, Jaipur, 321139	IN
S1-002532	Meridian Summit Textiles Private Limited	4 Harbor Cross, Thistle Nagar, Nagpur	IN
S1-002533	Ravenwood Ravenwood Solutions Incorporated	305 Summit St, Cobalt Park, Lubbock, 50119	US
S1-002534	Orchid Chemicals Private Limited	273 Summit Rd Vertex Nagar Nagpur 730986	IN
S1-002535	Meridian Consultancy Limited	330 Meriidan Street, Orchid Nagar, Nagpur, Rajasthan, 711667	IN
S1-002536	Sunstone Electricals Limited	123 Northgate Marg, Juniper Nagar, MP, 536090, Surat	India
S1-002537	Silverline Quarry Solutions Limited	367 Lantern Road, Maplecrest Nagar, Indoer, Rajasthan, 315992	IN
S1-002538	Lantern Textiles Corporation	18/45 Meridian Road, Orchid Park, Tacoma, 32817	US
S1-002539	Maplecrest Harbor Chemicals Private Limited	11 Kestrel Road, Behind Ganesh Temple, Indore, 352997	IN
S1-002540	Bluepeak Foods Private Limited	66 Sunstone Cross, Summit Nagar, Coimbatore, Rajasthan	IN
S1-002541	Kestrel Enterprises Limited Liability Company	14/48 Summit Blvd, Mobile, 64816	United States
S1-002542	Thistle Consultancy Limited Liability Company	112 Thistle Street, Maplecrest Park, Near Exit 14, Fresno, WA, 32440	USA
S1-002543	Onyx Kestrel Fabrics Company	Behind the Civic Center, 7/67 Stonebridge St, Silverline Park, Lubbock, WA	United States
S1-002544	Bluepeak Foods Private Limited	2 Ravenwood Cross, Ravenwood Nagar, Near Metro Pillar 422, Coimbatore, MP, 859743	India
S1-002545	Ironwood Electricals Company	172 Ravenwood Dr, Akron, CA, 89479	USA
S1-002546	Ironwood Motors Limited Liability Company	384 Meridian Avenue, Goldleaf Park, Austin, 68244	United States
S1-002547	Maplecrest Motors Limited Liability Company	370 Meridian Boulevard, Falcon Park, Fresno, CA	United States
S1-002548	Sunstone Systems Private Limited	105 Thistle Mn, Meridian Nagar, Kochi, Tamil Nadu, 711929	IN
S1-002549	Onyx Industries Limited Liability Company	331 Lantern Dr, Lantern Park, Austin, IL	US
S1-002550	Brightpath Vertex Consultancy Private Limited	49 Meridian Marg, Thistle Nagar, Indore, 528450	India
S1-002551	Ironwood Packaging Limited Liability Company	396 Falcon Blvd, Vertex Park, Lubbock, AL	USA
S1-002552	Brightpath Quarry Systems Company	Behind the Civic Center, 318 Summit Drive, Tacoma, WA, 26953	US
S1-002553	Northgate Chemicals Private Limited	262 Harbor Marg, Summit Nagar, Nagpur, 800199	IN
S1-002554	Vertex Sunstone Enterprises Corporation	Opp. City Library, 378 Goldleaf Rd, Goldleaf Park, Tacoma, OH, 85369	USA
S1-002555	Onyx Harbor Consultancy Corporation	179 Thhistle Boulevard, Austin	United States
S1-002556	Bluepeak Fabrics Limited	142 Silverline Rd, Apex Nagar, Jaipur, Tamil Nadu, 629244	India
S1-002557	Northgate Brightpath Chemicals Private Limited	117 Goldleaf Crs, Orchid Nagar, Pune, Rajasthan, 923223	India
S1-002558	Summit Fabrics Private Limited	183 Stonebridge Street, Clearwater Nagar, Pune, Kerala, 527449	India
S1-002559	Redwood Systems Limited	346 Stonebridge Main Northgate Nagar Nagpur Rajasthan 331175	India
S1-002560	Clearwater Systems Private Limited	51 Harbor Cross, Meridian Nagar, Indore, 549703	IN
S1-002561	Sunstone Trading Private Limited	184 Clearwater Marg, Opp. Bus Depot, Vertex Nagar, Coimbatore, MP, 418165	India
S1-002562	Orchid Electricals Limited	398 Cobalt Marg, Ravenwood Nagar, Surat	India
S1-002563	Orchid Textiles Private Limited	300 Quarry Marg, Pune, Tamil Nadu, 568881	India
S1-002564	Onyx Services Private Limited	75 Juniper Cross Redwood Nagar Kochi 639139	India
S1-002565	Northgate Textiles Company	2/84 Clearwater Dr, Akron, OH, 15863, Orchid Park	USA
S1-002566	Clearwater Quarry Fabrics Limited	349 Orchid Cross, Brightpath Nagar, Kochi, Tamil Nadu, 430920	IN
S1-002567	Sunstone Packaging Private Limited	191 Juniper Main, Surat, Tamil Nadu	IN
S1-002568	Bluepeak Orchid Industries Private Limited	170 Juniper St, Clearwater Nagar, Nagpur	India
S1-002569	Stonebridge Industries Company	85 Silverline Blvd, Austin, IL, 18265	US
S1-002570	Thistle Enterprises Company	32 Stonebridge Blvd, Lantern Park, Austin, 64437	USA
S1-002571	Ravenwood Ironwood Electricals Company	91 Thistle Drive, Kestrel Park, Austin, 21347	US
S1-002572	Meridian Harbor Motors Limited	233 Vertex Marg, Orchid Nagar, Indore, Maharashtra, 759096	IN
S1-002573	Cobalt Solutions Company	218 Clearwater Street, Falcon Park, Peoria	United States
S1-002574	Northgate Solutions Corporation	129 Brightpath St, Harbor Park, Lubbock, CA, 21288	United States
S1-002575	Clearwater Bluepeak Electricals Limited	140 Northgate Crs, Sunstone Nagar, Coimbatore, 227665	India
S1-002576	Ironwood Motors Company	182 Ironwood Boulevard, Summit Park, Fresno, 39875	United States
S1-002577	Summit Chemicals Private Limited	394 Gldleaf Road, Clearwater Nagar, Kochi, MP	IN
S1-002578	Falcon Enterprises Private Limited	154 Harbor Street, Brightpath Nagar, Coimbatore, Kerala	IN
S1-002579	Northgate Consultancy Private Limited	14 Silverline Mn, Maplecrest Nagar, Nagpur, 475484	IN
S1-002580	Vertex Packaging Corporation	65 Clearwater Avenue Fresno	United States
S1-002581	Ironwood Clearwater Consultancy Private Limited	332 Cobalt Main, Falcon Nagar, Jaipur, Kerala, 236652	India
S1-002582	Silverline Logistics Limited	263 Redwood Street, Silverline Nagar, Jaipur, Rajasthan, 743417	India
S1-002583	Stonebridge Ravenwood Motors Private Limited	217 Redwood Mn, Coimbatore, 649238	India
S1-002584	Orchid Packaging Company	212 Redwood St, Tacoma, 77314	US
S1-002585	Sunstone Fabrics Private Limited	Near SBI ATM Jaipur Rajasthan 795462 18 Northgate Crs	India
S1-002586	Juniper Trading Private Limited	163 Goldleaf Crs, Thistle Nagar, Indore, 384679	India
S1-002587	Northgate Fabrics Private Limited	33 Quarry Crs Thistle NagarSurat Maharashtra	India
S1-002588	Northgate Textiles Incorporated	360 Juniper Dr, Cbalt Park, Lubbock	US
S1-002589	Silverline Consultancy Company	77 Harbor Road, Onyx Park, Tacoma, IL	US
S1-002590	Kestrel Consultancy Private Limited	Kochi, Gujarat, 749380, 104 Brightpath Street	IN
S1-002591	Brightpath Systems Private Limited	60 Onyx Rd, Nagpur, Kerala, 908478	India
S1-002592	Goldleaf Chemicals Limited	395 Quarry St, Near Metrro Pillar 42, Onyx Nagar, Kochi, Gujarat	IN
S1-002593	Orchid Trading Limited Liability Company	Northgate Park, Akron, 41628, 32 Ironwood Avenue	United States
S1-002594	Orchid Cobalt Packaging Private Limited	35/27 Ravenwood Cross, Cobalt Nagar, Nagpur, Kerala	IN
S1-002595	Goldleaf Textiles Limited	141 Falcon Mn, Ravenwood Nagar, Jiapur, Maharashtra	IN
S1-002596	Redwood Systems Limited	240 Juniper Cross Falcon Nagar Jaipur Maharashtra 978228	India
S1-002597	Northgate Textiles Limited	182 Sunstone Cross, Pune, 952690	India
S1-002598	Onyx Foods Incorporated	344 Kestrel St, Kestrel Park, Austin, AL	US
S1-002599	Silverline Juniper Packaging Private Limited	277 Ironwood Street Pune MMaharashtra	India
S1-002600	Kestrel Solutions Limited	16 Thistle Road, Kochi, Rajasthan, 107862	India
S1-002601	Sunstone Trading Private Limited	6/52 Onyx Rd Summit Nagar Surat 859251	IN
S1-002602	Stonebridge Fabrics Private Limited	187 Cobalt Marg, Goldleaf Nagar, Coimbatore	IN
S1-002603	Goldleaf Foods Private Limited	175 Orchid Mn, Ravenwood Nagar, Pune	IN
S1-002604	Vertex Foods Incorporated	178 Sunstone Rd, Fresno, TX, 90487	US
S1-002605	Orchid Chemicals Limited	141 Redwood St, Near SBI ATM, Bluepeak Nagar, Jaipur, Maharashtra, 821931	IN
S1-002606	Harbor Industries Company	351 Clearwater Street Maplecrest Park Mobile 46608	USA
S1-002607	Silverline Summit Packaging Corporation	368 Apex Dr, Redwood Park, Fresno, 64222	United States
S1-002608	Summit Services Private Limited	372 Summit Crs, Behind Ganesh Temple, Kochi, Tamil Nadu	IN
S1-002609	Summit Textiles Limited	20/85 Meridian Marg, Cobalt Nagar, Kochi, Gujarat	India
S1-002610	Silverline Vertex Textiles Private Limited	Near Metro Pillar 42, 390 Redwood Rd, Coimbatore, 366954	IN
S1-002611	Cobalt Northgate Trading Corporation	32 Brightpath Drive, Behind the Civic Center, Maplecrest Park, Lubbock, TX, 62576	US
S1-002612	Kestrel Meridian Industries Company	287 Silverline Street, Sunstone Park, Lubbock, WA	US
S1-002613	Onyx Motors Private Limited	303 Sunstone Crs, Kestrel Nagar, Pune, Gujarat, 832033	India
S1-002614	Apex Orchid Motors Company	66 Apex Ave, Fresno, AL	USA
S1-002615	Stonebridge Trading Limited	362 Summit Marg, Maplecrest Nagar, Nagpur, Rajasthan, 582926	IN
S1-002616	Harbor Ravenwood Services Private Limited	346 Northgate Rd, Vertex Nagar, Nagpur	India
S1-002617	Falcon Industries Limited Liability Company	98 Summit Rd, Peoria, WA ,86570	United States
S1-002618	Silverline Enterprises Private Limited	26 Clearwater Rd Brightpath Nagar Nagpur Kerala 134080	IN
S1-002619	Thistle Packaging Incorporated	240 Ironwood Road, Lubbock, 36581	USA
S1-002620	Maplecrest Apex Packaging Corporation	184 Orchid Rd, Mobile, 83001	USA
S1-002621	Ravenwood Fabrics Limited	166 Juniper Marg, Silverline Nagar, Indore, Gujarat	India
S1-002622	Vertex Solutions Company	359 Cobalt Street, Silverline Park, Akron, 23466	USA
S1-002623	Silverline Solutions Private Limited	92 Goldleaf Street, Goldleaf Nagar, Surat, 248503	IN
S1-002624	Juniper Industries Incorporated	228 Thistle Blvd, Meridian Park, Tacoma, OH, 56657	USA
S1-002625	Clearwater Ravenwood Electricals Private Limited	388 Falcon Main Coimbatore Maharashtra	IN
S1-002626	Maplecrest Chemicals Limited Liability Company	237 Thistle Blvd, Juniper Park, Peoria, 11579	United States
S1-002627	Redwood Cobalt Electricals Company	203 Harbor Dr Thistle Park Austin AL	US
S1-002628	Ironwood Electricals Incorporated	360 Ironwood Blvd, Stonebridge Park, Akron, 23497	USA
S1-002629	Apex Vertex Logistics Company	137 Quarry Street Summit Park Behind the Civic Center Lubbock WA	USA
S1-002630	Lantern Chemicals Private Limited	137 Onyx Main, Indore, 587049	India
S1-002631	Kestrel Motors Private Limited	Opp. Bus Depot, 183 Thistle Main, Orchid Nagar, Surat, Tamil Nadu, 517003	IN
S1-002632	Sunstone Motors Company	Behind the Civic Center, 392 Lantern Rd, Bluepeak Park, Mobile, CA	US
S1-002633	Silverline Textiles Private Limited	120 Thistle Street, Jaipur, Gujarat	India
S1-002634	Maplecrest Packaging Private Limited	41 Goldleaf Crs, Vertex Nagar, Nagpur	IN
S1-002635	Summit Fabrics Corporation	182 Harbor Street, Goldleaf Park, Akron	USA
S1-002636	Lantern Trading Incorporated	234 Summit Ave, Ironwood Park, Behind the Civic Center, Akron	US
S1-002637	Northgate Meridian Foods Private Limited	Near Metro Pillar 42, 367 Stonebridge St, Orchid Nagar, Pune	IN
S1-002638	Silverline Textiles Corporation	24/49 Onyx St, Orchid Park, Mobile	United States
S1-002639	Brightpath Textiles Limited	391 Vertex Mn Jaipur Maharashtra 979427	IN
S1-002640	Stonebridge Enterprises Limited Liability Company	306 Harbor Drive, Sunstone Park, Tacoma, OH, 33857	United States
S1-002641	Harbor Textiles Limited	342 Bluepeak Cross, Vertex Nagar, Surat, Gujarat, 628347	India
S1-002642	Silverline Consultancy Corporation	125 Falcon St, Vertex Park, Lubbock, IL	USA
S1-002643	Silverline Maplecrest Trading Company	44 Lantern Blvd, Peoria, 56928	USA
S1-002644	Onyx Consultancy Private Limited	52 Orchid Main, Goldleaf Nagar, Surat	India
S1-002645	Harbor Chemicals Private Limited	191 Orchid Cross Summit Nagar Indore Maharashtra	IN
S1-002646	Falcon Textiles Corporation	Goldleaf Park, Mobile, TX, 116 Redwood Avenue	USA
S1-002647	Bluepeak Chemicals Incorporated	299 Onyx St Maplecrest Park Akron WA 42422	United States
S1-002648	Meridian Trading Company	273 Meridian Blvd, Lubbock, WA	United States
S1-002649	Lantern Harbor Systems Incorporated	356 Juniper Drive, Vertex Park, Peoria, 19015	USA
S1-002650	Summit Chemicals Private Limited	332 Thistle Street Silverline Nagar Kochi 827957	IN
S1-002651	Bluepeak Consultancy Limited	116 Summit RdS unstone Nagar Surat Gujarat	IN
S1-002652	Bluepeak Thistle Fabrics Limited	Opp. Bus Depot, 295 Sunstone Street, Coimbatore, 826141	IN
S1-002653	Vertex Fabrics Corporation	63 Ironwood Drive, Brightpath Park, Peoria, IL	United States
S1-002654	Stonebridge Vertex Fabrics Incorporated	Near Exit 14, 3/66 Bluepeak Ave, Ravnewood Park, Tacoma, TX, 45850	United States
S1-002655	Harbor Consultancy Incorporated	277 Juniper Street, Summit  Park, Austin	United States
S1-002656	Stonebridge Logistics Limited Liability Company	239 Sunstone Boulevard, Mobile, 87826	US
S1-002657	Ironwood Services Incorporated	332 Meridian Rd, Behind the Civic Center, Brightpath Park, Fresno	United States
S1-002658	Onyx Foods Private Limited	Behind Ganesh Temple, 140 Silverline St, Coimbatore, MP, 564603	India
S1-002659	Silverline Bluepeak Logistics Incorporated	70 Meridian Boulevard Goldleaf Park Fresno OH 83703	US
S1-002660	Sunstone Meridian Industries Private Limited	Silverline Nagar, Kochi, Gujarat, 758336, 14/8 Redwood Road	India
S1-002661	Onyx Trading Private Limited	310 Northgate St, Behind Ganesh Temple, Pune, Kerala, 150656	IN
S1-002662	Ravenwood Solutions Limited Liability Company	346 Meridian Blvd, Peoria, IL, 84010	United States
S1-002663	Ravenwood Fabrics Company	319 Falcon Road, Brightpath Park, Opp. City Library, Peoria, AL, 35830	USA
S1-002664	Thistle Enterprises Limited Liability Company	129A pex Ave, Onyx Park, Tacoma, 43369	US
S1-002665	Clearwater Industries Incorporated	13/78 Northgate Dr, Clearwater Park, Austin, IL, 61335	US
S1-002666	Ravenwood Foods Private Limited	353 Redwood Marg, Summit Nagar, Indore, 151971	India
S1-002667	Summit Northgate Fabrics Limited	81 Falcon Mn, Ravenwood Nagar, Jaipur	IN
S1-002668	Lantern Trading Limited	22 Juniper Cross, Goldleaf Nagar, Jaipur, Tamil Nadu	India
S1-002669	Lantern Enterprises Private Limited	98 Meridian Marg, Maharashtra, Nagpur	India
S1-002670	Meridian Clearwater Systems Incorporated	3/4 Summit Rd, Akron, 48559	USA
S1-002671	Onyx Solutions Corporation	238 Sunstone St, Norrthgate Park, Peoria, 44379	US
S1-002672	Apex Solutions Private Limited	24 Onyx Marg, Meridian Nagar, Coimbatore, Gujarat, 745350	India
S1-002673	Lantern Textiles Limited	29 Clearwater Marg, Near Metro Pillar 42, Clearwater Nagar, Jaipur, Tamil Nadu, 911733	IN
S1-002674	Vertex Fabrics Company	82 Quarry Dr, Ironwood Park, Behind the Civic Center, Austin, 11706	US
S1-002675	Vertex Fabrics Incorporated	104 Ravenwood Avenue, TX, 70446, Fresno	United States
S1-002676	Apex Textiles Private Limited	Surat, 29161, 279 Thistle Cross	India
S1-002677	Apex Fabrics Limited	10 Falcon Road, Kochi, Gujarat, 523260	IN
S1-002678	Apex Fabrics Incorporated	100 Ironwood Road, Ironwood Park, Lubbock, CA, 74949	US
S1-002679	Ravenwood Systems Incorporated	Opp. City Library, 97 Silverline Rd, Peoria	United States
S1-002680	Sunstone Packaging Private Limited	316 Thistle Marg, Pune, 249569	India
S1-002681	Ironwood Fabrics Limited Liability Company	108 Clearwater Drive, Onyx Park, Tacoma, 79490	US
S1-002682	Goldleaf Logistics Private Limited	392 Onyx Marg, Kestrel Nagar, Nagpur, 646562	IN
S1-002683	Ravenwood Textiles Corporation	61 Orchid Avenue, Austin, 18372	US
S1-002684	Cobalt Packaging Limited	165 Ironwood Road, Cobalt Nagar, Indore, Kerala, 155692	IN
S1-002685	Summit Ironwood Industries Limited	Near SBI ATM, 77 Maplecrest Rd, Kestrel Nagarr, Nagpur	India
S1-002686	Brightpath Services Company	277 Clearwater Street, Silverline Park, Tacoma, 26290	US
S1-002687	Harbor Solutions Private Limited	337 Onyx Street, Near SBI ATM, Maplecrest Nagar, Kochi, Kerala	India
S1-002688	Harbor Industries Company	399 Sunstone Road, Lbbock, 48858	US
S1-002689	Onyx Packaging Limited Liability Company	12 Vertex St, Mobile, OH	United States
S1-002690	Maplecrest Trading Limited Liability Company	363 Harbor Blvd Sunstone Park Akron TX	United States
S1-002691	Northgate Logistics Incorporated	391 Sunstone Boulvard, Meridian Park, Austin, CA, 84173	United States
S1-002692	Kestrel Thistle Industries Limited	126 Harbor St Northgate Nagar Pune Kerala 909384	India
S1-002693	Bluepeak Industries Limited	395 Orchid Crs, Stonebridge Nagar, Coimbatore	India
S1-002694	Bluepeak Onyx Textiles Limited	374 Brightpath Main, Pune, Bluepeak Nagar	India
S1-002695	Sunstone Packaging Private Limited	177 Thistle Mn, Ironwood Nagar, Indore	IN
S1-002696	Clearwater Enterprises Private Limited	315 Clearwater Mn, Clearwater Nagar, Indore, Rajasthan, 697263	IN
S1-002697	Kestrel Chemicals Private Limited	29/32 Thistle Street, Sunstone Nagar, Nagpur, 468480	India
S1-002698	Stonebridge Meridian Industries Company	25 Ironwood St, Meridian Park, Lubbock	United States
S1-002699	Ravenwood Textiles Corporation	21 Kestrel Drive, Quarry Park, Mobile, TX	United States
S1-002700	Ravenwood Packaging Private Limited	131 Silverline Street, Brightpath Nagar, Surat, Gujarat	India
S1-002701	Bluepeak Fabrics Limited	10 Brightpath Street, Pune, Rajasthan	IN
S1-002702	Thistle Solutions Private Limited	77 Ravenwood Marg, Nagpur	India
S1-002703	Cobalt Solutions Company	222 Clearwater Dr, Clearwater Park ,Lubbock, CA	US
S1-002704	Apex Electricals Limited Liability Company	11 Kestrel Dr, Peoria, OH, 27914	US
S1-002705	Maplecrest Systems Limited Liability Company	355 Orchid Road Austin AL	USA
S1-002706	Stonebridge Textiles Limited	368 Vertex Main Sunstone Nagar Indore Rajasthan	India
S1-002707	Clearwater Logistics Corporation	336 Brightpath Rd, Behind the Civic Center, Sunstone Park, Austin	US
S1-002708	Ironwood Enterprises Corporation	21 Silverline Boulevard, Near Exit 14, Northgate Park, Akron	US
S1-002709	Quarry Enterprises Private Limited	5/59 Quarry Rd, Kochi, Gujarat, 351494	India
S1-002710	Meridian Fabrics Limited Liability Company	378 Ironwood St, Lubbock	US
S1-002711	Northgate Solutions Limited Liability Company	Near Exit 14, 34 Bluepeak Blvd, Akron, CA, 15339	United States
S1-002712	Stonebridge Trading Limited Liability Company	207 Summit Rd, Cobalt Park, Austin, AL, 51855	USA
S1-002713	Stonebridge Textiles Incorporated	Behind the Civic Center 250 Ironwood Drive Bluepeak Park Fresno 52708	US
S1-002714	Clearwater Solutions Private Limited	191 Brightpath St, Redwood Nagar, Kochi	India
S1-002715	Onyx Chemicals Corporation	104 Clearwater Road, Harbor Park, Akron, OH	United States
S1-002716	Bluepeak Textiles Limited Liability Company	293 Lantern Avenue, Vertex Park, Tacoma, 77963	USA
S1-002717	Vertex Electricals Limited	266 Silverline Main Behind Ganesh Temple Meridian Nagar Coimbatore Kerala 732189	IN
S1-002718	Maplecrest Services Company	354 Cobalt St, Northgate Park, Peoria, 91461	USA
S1-002719	Ironwood Clearwater Systems Limited	128 Cobalt St, Near Metro Pillar 42, Northgate Nagar, Indore, 834077	IN
S1-002720	Maplecrest Trading Corporation	240 Falcon Boulevard, Ravenwood Park, Tacoma	USA
S1-002721	Silverline Cobalt Logistics Private Limited	Near SBI ATM, 110 Silverline Main, Ravenwood Nagar, Nagpur, Tamil Nadu, 671152	India
S1-002722	Falcon Textiles Private Limited	152 Onyx Road Thistle Nagar Nagpur 523795	IN
S1-002723	Onyx Consultancy Private Limited	181 Lantern Marg, Stonebridge Nagar, Pune, Kerala, 142111	India
S1-002724	Summit Lantern Logistics Private Limited	127 Stonebridge Rd, Kochi, Rajasthan, 570451	India
S1-002725	Apex Textiles Limited Liability Company	237 Vertex Blvd, Summit Park, Mobile, OH	United States
S1-002726	Meridian Orchid Services Limited Liability Company	252 Onyx Road, Clearwater Park, Mobile, 12137	US
S1-002727	Meridian Systems Incorporated	289 Apex Road, Mobile, CA, 53664	United States
S1-002728	Kestrel Meridian Packaging Incorporated	372 Orchid Street, Austtin, 93558	United States
S1-002729	Falcon Foods Limited	Behind Ganesh Temple 08 Goldleaf Main Coimbatore	India
S1-002730	Vertex Motors Limited	141 Lantern Main, Maplecrest Nagar, Coimbatore, Tamil Nadu, 840904	IN
S1-002731	Falcon Juniper Systems Limited	261 Brightpath Mn, Goldleaf Nagar, Surat, Gujarat, 662145	IN
S1-002732	Maplecrest Logistics Limited Liability Company	135 Vertex Avenue Fresno AL	US
S1-002733	Ironwood Enterprises Limited Liability Company	231 Meridian Rd Ravenwood Park Tacoma 72796	USA
S1-002734	Ironwood Solutions Incorporated	Near Exit 14, 365 Northgate Blvd, Falcon Park, Fresno, OH	US
S1-002735	Ironwood Electricals Limited	Indore, 49260, 85 Harbor Rd	India
S1-002736	Thistle Brightpath Logistics Limited	73 Clearwater Marg, Northgate Nagar, Pune, 133501	India
S1-002737	Thistle Orchid Services Private Limited	83 Ravenwood Crs Coimbatore 227276	India
S1-002738	Orchid Fabrics Incorporated	310 Kestrel Drive, Akron, WA, 58830	United States
S1-002739	Bluepeak Goldleaf Consultancy Corporation	334 Orchid Boulevard, Cobalt Park, Peoria, 46356	US
S1-002740	Lantern Redwood Systems Private Limited	36 Orchid Marg, Kochi, MP	India
S1-002741	Kestrel Industries Private Limited	234 Lantern Cross, Falcon Nagar, Pune, 645868	IN
S1-002742	Lantern Quarry Trading Incorporated	354 Clearwater Street, Brightpath Park, Austin, OH	United States
S1-002743	Redwood Systems Corporation	Near Exit 14, 106 Goldleaf Street, Meridian Park, Lubbock, 73285	United States
S1-002744	Sunstone Industries Corporation	303 Cobalt Rd, Akron, 24738	US
S1-002745	Vertex Trading Limited	386 Thistle Rd, Apex Nagar, Coimbatore, 111306	IN
S1-002746	Vertex Quarry Foods Limited Liability Company	226 Brightpath Boulevard, Brightpath Park, Near Exit 14, Peoria, OH	US
S1-002747	Brightpath Chemicals Private Limited	61 Ravenwood Road, Pune, 961720	India
S1-002748	Meridian Harbor Industries Limited Liability Company	302 Falcon Rd Meridian Park Mobile OH	USA
S1-002749	Juniper Logistics Company	287 Juniper Drive, Mobile, TX	USA
S1-002750	Lantern Falcon Motors Private Limited	98 Brightpath Rd Brightpath Nagar Opp. Bus Depot Indore 187288	IN
S1-002751	Clearwater Packaging Limited	3/10 Apex Cross, Cobalt Nagar, Near Metro Pillar 42, Nagpur, Gujarat, 990577	IN
S1-002752	Apex Trading Private Limited	114 Lantern Marg Goldleaf Nagar Kochi MP 181545	India
S1-002753	Stonebridge Electricals Limited	33/27 Clearwater Cross Maplecrest Nagar Surat 639562	IN
S1-002754	Thistle Chemicals Limited	167 Stonebridge St, Summit Nagar, Nagpur, Kerala, 746108	IN
S1-002755	Harbor Fabrics Private Limited	260 Kestrel Crs, Brightpath Nagar, Kochi, 946254	IN
S1-002756	Stonebridge Onyx Electricals Limited	19/81 Apex Street, Jaipur, 720916	India
S1-002757	Lantern Fabrics Limited	393 Stonebridge Marg, Bluepeak Nagar, Nagpur, MP, 702946	IN
S1-002758	Vertex Logistics Private Limited	39/8 Meridian  Crs Onyx Nagar Pune 507860	IN
S1-002759	Falcon Lantern Trading Corporation	272 Bluepeak Ave Tacoma OH 49618	US
S1-002760	Apex Solutions Limited	252 Harbor Crs, Falcon Nagar, Nagpur, 552228	India
S1-002761	Summit Logistics Private Limited	Behind Ganesh Temple, 376 Kestrel Cross, Juniper Nagar, Indore, Rajasthan, 706994	IN
S1-002762	Summit Services Limited Liability Company	21 Clearwater Drive, Stonebridge Park, Peoria	US
S1-002763	Vertex Motors Company	243 Silverline Ave, Bluepeak Park, Tacoma, IL	US
S1-002764	Clearwater Industries Company	Opp. City Library, 209 Juniper Ave, Fresno, TX, 17228	USA
S1-002765	Goldleaf Falcon Foods Limited Liability Company	342 Onyx Road, Tacoma, TX	United States
S1-002766	Northgate Textiles Incorporated	200 Sunstone Drive, Meriidian Park, Lubbock, TX	US
S1-002767	Orchid Fabrics Private Limited	243 Cobalt Rd, Indore	India
S1-002768	Clearwater Clearwater Logistics Incorporated	373 Clearwater Ave, Goldleaf Park, Austin, IL, 56324	US
S1-002769	Summit Falcon Motors Corporation	Lubbock, OH,57091, 338 Meridian Road	USA
S1-002770	Apex Logistics Corporation	328 Ironwood Blvd Lubbock TX 30600	USA
S1-002771	Summit Kestrel Enterprises Limited Liability Company	356 Onyx Ave Onyx Park Mobile WA 79104	United States
S1-002772	Vertex Services Limited	353 Onyx St Maplecrest Nagar Coimbatore Gujarat	India
S1-002773	Lantern Solutions Limited	392 Harbor Marg, Apex Nagar, Coimbatore, Gujarat	India
S1-002774	Onyx Foods Limited Liability Company	32/61 Goldleaf Ave Ironwood Park Behind the Civic Center Austin 81359	USA
S1-002775	Ravenwood Electricals Limited	370 Summit Mn, Bluepeak Nagarr, Coimbatore, 763923	India
S1-002776	Onyx Foods Limited	190 Kestrel Road, Summit Nagar, Kochi, 818260	India
S1-002777	Bluepeak Solutions Corporation	117 Clearwater Rd Redwood Park Tacoma 41800	USA
S1-002778	Harbor Onyx Motors Private Limited	40 Ravenwood Crs, Vertex Nagar, Pune, Rajasthan, 868799	IN
S1-002779	Ravenwood Systems Private Limited	106 Apex Marg, Ravenwood Nagar, Kochi, MP, 269121	IN
S1-002780	Ironwood Systems Corporation	340 Goldleaf Road, Stonebridge Park, Lubbock, 35926	US
S1-002781	Juniper Fabrics Corporation	397 Maplecrest Dr, Lubbock, WA, 21771, Ravenwood Park	USA
S1-002782	Cobalt Enterprises Limited	233 Ravenwood St, Onyx Nagar, Coimbatore, 473313	IN
S1-002783	Ironwood Enterprises Incorporated	338 Summit Boulevard, Silverline Park, Opp. City Library,  Austin, 61242	United States
S1-002784	Goldleaf Trading Corporation	381 Thistle Street, Tacoma, 38884	USA
S1-002785	Northgate Kestrel Fabrics Limited Liability Company	174 Thistle Drive, Apex Park, Mobile, OH, 67585	US
S1-002786	Onyx Stonebridge Solutions Private Limited	84 Lantern Road, Orchid Nagar, Jaiipur, 106057	IN
S1-002787	Lantern Solutions Company	90 Sunstne Rd, Quarry Park, Mobile, 20737	United States
S1-002788	Onyx Trading Incorporated	397 Thistle St, Ironwood Park, Mobile, AL	USA
S1-002789	Cobalt Motors Corporation	40 Summit Dr, Akron, CA, 51336, Kestrel Park	United States
S1-002790	Ironwood Packaging Limited	18/51 Ironwood Road, Kochi, 936908, Rajasthan	IN
S1-002791	Meridian Consultancy Private Limited	29 Silverline Road, Bluepeak Nagar, Pune, 320622	IN
S1-002792	Ravenwood Foods Company	Opp. City Library, 253 Meridian Dr, Redwood Park, Tacoma, TX, 59674	US
S1-002793	Orchid Solutions Incorporated	Opp. City Library, 138 Meridian Ave, Lubbock	USA
S1-002794	Maplecrest Systems Private Limited	Behind Ganesh Temple, 181 Lantern Mn, Surat, 927959	IN
S1-002795	Sunstone Maplecrest Chemicals Company	46 Goldleaf Avenue,Onyx Park, Lubbock, TX	USA
S1-002796	Juniper Redwood Services Private Limited	207 Quarry Rd, Orchid Nagar, 605862, Indore	India
S1-002797	Sunstone Northgate Foods Limited Liability Company	370 Apex Drive, 21785, Tacoma	USA
S1-002798	Harbor Textiles Limited Liability Company	105 Ironwood Dr Harbor Park Akron	United States
S1-002799	Quarry Enterprises Private Limited	93 Brightpath Marg, Lantern Nagar, Jaipur	IN
S1-002800	Lantern Goldleaf Chemicals Corporation	213 Thistle St, Clearwater Park, Akron, 79541	USA
S1-002801	Lantern Chemicals Corporation	247 Lantern Dr, Akron, WA	US
S1-002802	Meridian Quarry Textiles Private Limited	207 Northgate Marg Juniper Nagar Coimbatore Maharashtra 557840	India
S1-002803	Quarry Foods Corporation	139 Sunstone Avenue, Juniper Park, Akron	US
S1-002804	Orchid Services Private Limited	19 Sunstone Rd, Kochi, 784100	India
S1-002805	Falcon Apex Electricals Private Limited	289 Silverline Street, Sunstone Nagar, Pune, Tamil Nadu, 274057	IN
S1-002806	Harbor Silverline Consultancy Incorporated	398 Juniper Boulevard, Akron, AL, 81313	United States
S1-002807	Onyx Foods Company	395 Kestrel Rd, Cobalt Park, Behind the Civic Center, Lubbock, OH	USA
S1-002808	Kestrel Bluepeak Industries Corporation	139 Quarry Dr, Meridian Park, WA, 88371, Akron	USA
S1-002809	Juniper Electricals Private Limited	205 Onyx Main, 805205, Pune	India
S1-002810	Vertex Enterprises Private Limited	6/13 Brightpath Marg, Vertex Nagar, Jaipur, Maharashtra, 365543	IN
S1-002811	Thistle Fabrics Private Limited	125 Lantern Road, Near Metro Pillar 42, Quarry Nagar, Jaipur, Gujarat, 531181	IN
S1-002812	Thistle Systems Corporation	25 Sunstone Dr Austin 62681	USA
S1-002813	Vertex Trading Corporation	Redwood Park, Mobile, OH, 24/6 Stonebridge Road	US
S1-002814	Maplecrest Industries Corporation	276 Stonebridge Street, Orchid Park, Akron	USA
S1-002815	Goldleaf Logistics Limited	226 Redwood Rd, Nagpur, 482551	IN
S1-002816	Summit Industries Limited Liability Company	Behind the Civic Center, 336 Ravenwood St, Ravenwood Park, Tacoma	US
S1-002817	Summit Packaging Company	118 Northgate St, Kestrel Park, Lubbock	US
S1-002818	Summit Foods Corporation	39/80 Clearwater St, Onyx Park, Austin, IL, 70243	US
S1-002819	Northgate Motors Incorporated	227 Maplecrest Street, Mobile	US
S1-002820	Thistle Systems Company	131 Thistle Dr Northgate Park Mobile TX 61808	United States
S1-002821	Stonebridge Solutions Private Limited	366 Onyx Main, Ravenwood Nagar, Pune, 796693	India
S1-002822	Harbor Maplecrest Chemicals Private Limited	308 Maplecrest Mag Summit Nagar Jaipur Gujarat	IN
S1-002823	Meridian Stonebridge Trading Limited Liability Company	165 Harbor Dr, Brightpath Park, Peoria, TX, 31314	USA
S1-002824	Maplecrest Foods Private Limited	132 Silverline Marg Juniper Nagar Jaipur Tamil Nadu	IN
S1-002825	Sunstone Packaging Limited Liability Company	Near Exit 14, 35/80 Lantern Drive, Cobalt Park, Peoria, AL, 71875	USA
S1-002826	Lantern Sunstone Foods Corporation	34/4 Ironwood Boulevard, Northgate Park, Mobile, OH, 44397	United States
S1-002827	Ravenwood Trading Limited	16 Falcon Road Meridian Nagar Pune Tamil Nadu 476283	IN
S1-002828	Redwood Trading Company	111 Kestrel Street Stonebridge Park Austin IL 72786	United States
S1-002829	Maplecrest Services Incorporated	Goldleaf Park, Akron, 88121, 265 Orchid Boulevard	USA
S1-002830	Sunstone Chemicals Company	257 Goldleaf Rd, Ravenwood Park, Akron, WA, 46269	US
S1-002831	Sunstone Ravenwood Motors Company	321 Northgate Avve, Lubbock, 59392	USA
S1-002832	Brightpath Motors Limited	255 Juniper Mn Goldleaf Nagar Jaipur 296797	India
S1-002833	Juniper Foods Incorporated	398 Juniper Drive Mobile	US
S1-002834	Ravenwood Textiles Private Limited	378 Lantern Cross, Nagpur, MP, 153063	India
S1-002835	Summit Industries Corporation	351 Cobalt Drive Fresno AL	United States
S1-002836	Orchid Consultancy Limited Liability Company	Near Exit 14, 217 Onyx Rd, Falcon Park, Austin, IL	United States
S1-002837	Orchid Enterprises Company	Behind the Civic Center, 310 Onyx Rd, Goldleaf Park, Akron	US
S1-002838	Summit Consultancy Private Limited	21 Redwoo dCross, Silverline Nagar, Pune, 993949	IN
S1-002839	Goldleaf Ravenwood Consultancy Incorporated	248 Cobalt Drive, Behind the Civic Center, Fresno, IL	USA
S1-002840	Orchid Logistics Corporation	48 Juniper Avenue, Peoria, IL	United States
S1-002841	Orchid Chemicals Corporation	83 Thistle Boulevard, Bluepeak Park, Akron, AL, 35156	USA
S1-002842	Redwood Onyx Textiles Company	Near Exit 14, 2/26 Harbor Rd, Austin, CA, 28087	USA
S1-002843	Onyx Services Limited Liability Company	Opp. City Library 393 Redwood Rd Falcon Park Peoria	US
S1-002844	Ravenwood Juniper Foods Private Limited	112 Falcon Marg Nagpur Tamil Nadu 604473	IN
S1-002845	Ravenwood Electricals Company	114 Quarry Dr, Akron, OH, 75877	United States
S1-002846	Thistle Packaging Private Limited	5 Maplecrest Main, Silverline Nagar, Nagpur, Rajasthan	India
S1-002847	Sunstone Lantern Industries Private Limited	Near SBI ATM, 365 Cobalt Marg, Stonebridge Nagar, Coimbatore, Kerala, 770775	IN
S1-002848	Ironwood Motors Private Limited	20/44 Sunstone St Vertex Nagar Jaipur	IN
S1-002849	Falcon Trading Company	275 Ravenwood Road Cobalt Park 77608 Fresno	US
S1-002850	Stonebridge Ravenwood Consultancy Limited	219 Bluepeak Road, Ironwood Nagar, Pune	India
S1-002851	Kestrel Solutions Private Limited	349 Falcon Road, Pun, Maharashtra	India
S1-002852	Lantern Packaging Incorporated	344 Lantern Rd Quarry Park Peoria IL	USA
S1-002853	Quarry Motors Private Limited	Behind Ganesh Temple, 290 Quarry Mn, Redwood Nagar, Pune, Maharashtra, 618253	India
S1-002854	Brightpath Stonebridge Packaging Limited Liability Company	196 Ironwood Street, Behind the Civic Center, Peoria, 17389, Summit Park	USA
S1-002855	Lantern Onyx Fabrics Company	313 Juniper Drive Fresno OH 60235	US
S1-002856	Goldleaf Solutions Private Limited	383 Silverline Main, Near SBI ATM, Kestrel Nagar, Coimbatore, 543584	IN
S1-002857	Sunstone Solutions Company	158 Clearwater Boulevard, Meridian Park, Fresno, IL, 48004	US
S1-002858	Bluepeak Silverline Foods Limited	Near Metro Pillar 42, 129 Silverline Crs, Jaipur, 629994	India
S1-002859	Thistle Ironwood Trading Private Limited	167 Sunstone Marg, Harbor Nagar, Indore, MP, 417576	IN
S1-002860	Onyx Brightpath Fabrics Incorporated	38/81 Lantern Drive, Summit Park, Tacoma, 19915	United States
S1-002861	Juniper Trading Limited Liability Company	46 Clearwater Blvd, Bluepeak Park, Mobile, AL	USA
S1-002862	Orchid Cobalt Solutions Limited	130 Clearwater Cross Lantern Nagar Jaipur Rajasthan	IN
S1-002863	Onyx Electricals Limited	Behind Ganesh Temple, 100 Onyx Marg, Jaipur, MP	India
S1-002864	Kestrel Harbor Fabrics Limited Liability Company	239 Summit Dr, Bluepeakk Park, Peoria, 95761	United States
S1-002865	Quarry Electricals Limited	317 Brightpath Crs, Clearwater Nagar, Behind Ganesh Temple, Coimbatore, 525060	IN
S1-002866	Clearwater Electricals Private Limited	6/58 Norhtgate St, Summit Nagar, Coimbatore, MP, 489256	IN
S1-002867	Sunstone Services Private Limited	215 Ironwood St, Harbor Nagar, Indore, Rajasthan	India
S1-002868	Redwood Industries Corporation	238 Quarry Ave, Juniper Park, Lubbock, TX	US
S1-002869	Clearwater Solutions Incorporated	204 Bluepeak Ave, Stonebridge Park, Lubbock, OH, 87828	US
S1-002870	Harbor Falcon Solutions Limited	Near Metro Pillar 42, 290 Juniper Main, Brightpath Nagar, Coimbatore, 432364	IN
S1-002871	Juniper Motors Limited	229 Northgate Cross, Clearwater Nagar, Kochi, MP, 631495	IN
S1-002872	Summit Fabrics Limited Liability Company	Behind the Civic Center, 139 Northgate Drive, Mobile, 89001	US
S1-002873	Stonebridge Services Corporation	264 Lantern Rd, Apex Park, Tacoma	United States
S1-002874	Harbor Chemicals Incorporated	282Maplecrest Road, Sunstone Park, Mobile, OH	United States
S1-002875	Kestrel Kestrel Services Private Limited	294 Stonebridge St, Jaipur, MP, 96762	IN
S1-002876	Quarry Electricals Corporation	138 Vertex Rd, Bluepeak Park, Mobile, 61066	United States
S1-002877	Thistle Trading Corporation	269 Stonebridge Avenue Sunstone Park Austin 66730	US
S1-002878	Thistle Solutions Limited	325 Quarry St, Harbor Nagar, Kochi, 438657	India
S1-002879	Vertex Kestrel Logistics Private Limited	270 Redwodo Crs, Lantern Nagar, Jaipur, 214379	IN
S1-002880	Maplecrest Lantern Trading Corporation	Near Exit 14, Stonebridge Park, Lubbock, 397 Sunstone Road	United States
S1-002881	Kestrel Textiles Limited	253 Northgate Marg Near SBI ATM Meridian Nagar Coimbatore MP	IN
S1-002882	Thistle Solutions Private Limited	109 Meridian Mn, Surat, Rajasthan, 651730	IN
S1-002883	Brightpath Systems Corporation	19 Bluepeak Blvd Vertex Park Peoria 78159	US
S1-002884	Lantern Stonebridge Textiles Limited Liability Company	244 Clearwater Dr, Harbor Park, Peoria, TX	US
S1-002885	Stonebridge Solutions Company	32/46 Summit Ave, Ravenwood Park, Lubbock, IL, 82195	United States
S1-002886	Lantern Electricals Private Limited	219 Onyx Cros, Kochi, Maharashtra	India
S1-002887	Clearwater Chemicals Private Limited	166 Thistle Cross, Ironwood Nagar, Kochi, Tamil Nadu, 632340	IN
S1-002888	Meridian Industries Limited Liability Company	93 Ravenwood Dr, Harbor Park, Akron, OH, 20959	USA
S1-002889	Falcon Packaging Limited	Maplerest Nagar, Nagpur, Tamil Nadu, 893121, 197 Juniper Crs	IN
S1-002890	Quarry Packaging Limited	364 Silverline St, Nagpur, 345319	India
S1-002891	Ravenwood Motors Corporation	188 Meridian St, Stonebridge Park, Akron, WA	US
S1-002892	Cobalt Chemicals Private Limited	269 Harbor Road, Coimbatore, Kerala, 118874	IN
S1-002893	Vertex Systems Private Limited	197 Brightpath Road, Bluepeak Nagar, Nagpur, Tamil Nadu, 874595	India
S1-002894	Sunstone Consultancy Limited Liability Company	53 Goldleaf Blvd, Peoria, WA, 88919	USA
S1-002895	Ravenwood Chemicals Private Limited	268 Falcon Road Brightpath Nagar Surat	IN
S1-002896	Redwood Foods Private Limited	10/12 Apex Rd Cobalt Nagar Coimbtaore Kerala 311255	IN
S1-002897	Silverline Trading Private Limited	155 Brightpath Marg, Tamil Nadu, 464629, Jaipur	IN
S1-002898	Redwood Vertex Services Limited	114 Onyx Rd Sunstone Nagar Kochi Kerala 877087	India
S1-002899	Quarry Enterprises Private Limited	197 Apex Street, Coimbatore	India
S1-002900	Vertex Cobalt Fabrics Limited	62 Falcon Road, Ravenwood Nagar, Pune, 40746	IN
S1-002901	Kestrel Motors Company	240 Redwood Boulevard Quarry Park Mobile OH 21369	United States
S1-002902	Cobalt Industries Incorporated	30/52 Quarry Blvd, Summit Park, Akron, 75349	US
S1-002903	Redwood Logistics Private Limited	234 Silverline Marg, Thistle Nagar, Behind Ganesh Temple, Kochi, 296125	India
S1-002904	Ravenwood Summit Enterprises Private Limited	133 Redwood Cross, Orchid Nagar, Jaipur, Rajasthan, 230008	IN
S1-002905	Goldleaf Apex Consultancy Limited	60 Silverline Crs Ironwood Nagar Nagpur Kerala 602116	IN
S1-002906	Quarry Consultancy Company	286 Onyx Blvd, Ironwood Park, Austin, 19108	United States
S1-002907	Orchid Logistics Limited Liability Company	191 Golleaf Rd, Near Exit 14, Falcon Park, Tacoma, 58314	USA
S1-002908	Apex Fabrics Limited	371 Orchid Road Near SBI ATM Surat MP 800394	India
S1-002909	Lantern Services Limited	55 Quarry St Near SBI ATM Maplecrest Nagar Kochi Rajasthan 887286	India
S1-002910	Meridian Fabrics Private Limited	168 Sunstone Mn, Silverline Nagar, Jaipur, 969316	IN
S1-002911	Summit Trading Private Limited	51 Silverline Crs, Northgate Nagar, Nagpur, 413136	India
S1-002912	Onyx Chemicals Corporation	159 Vertex St Behind the Civic Center Lubbock	United States
S1-002913	Ravenwood Logistics Incorporated	319 Bluepeak Boulevard Redwood Park Tacoma CA	United States
S1-002914	Brightpath Packaging Private Limited	Behind Ganesh Temple, 390 Onyx Rd, Apex Nagar, Nagpur, Maharashtra, 148000	India
S1-002915	Onyx Orchid Packaging Company	273 Redwood St Apex Park Austin 59282	US
S1-002916	Goldleaf Chemicals Company	128 Goldleaf Rd, Harbor Park, Akron, IL, 64944	USA
S1-002917	Ironwood Chemicals Private Limited	394 Redwood Road, Brightpath Nagar, Jaipur, Maharashtra	India
S1-002918	Thistle Electricals Private Limited	342 Northgate St, Jaipur	IN
S1-002919	Redwood Consultancy Limited Liability Company	203 Kestrel Blvd Meridian Park Mobile	United States
S1-002920	Lantern Onyx Consultancy Incorporated	365 Apex Road, Ravenwood Park, Akron, 27201	US
S1-002921	Thistle Apex Fabrics Private Limited	36 Apex Rd, Brightpath Nagar, MP, 773440, Surat	India
S1-002922	Vertex Logistics Corporation	309 Redwood Blvd Fresno	USA
S1-002923	Sunstone Juniper Services Private Limited	211 Onyx Main, Vertex Nagar, Surat, Gujarat, 649652	IN
S1-002924	Maplecrest Solutions Corporation	9 uniper Ave, Stonebridge Park, Peoria, 45444	US
S1-002925	Northgate Packaging Private Limited	252 Thistle Street, Nagpur, Maharashtra, 536448	IN
S1-002926	Clearwater Motors Limited Liability Company	13 Falcon Drive, Stonebridge Park, OH, Tacoma	US
S1-002927	Clearwater Trading Incorporated	331 Juniper Rd, Behind the Civic Center, Redwood Park, Akron, 14300	USA
S1-002928	Harbor Chemicals Private Limited	249 Northgate Crs, Ironwood Nagar, Kochi, 710373	India
S1-002929	Bluepeak Electricals Private Limited	376 Redwood Street, Nagpur	IN
S1-002930	Sunstone Quarry Solutions Incorporated	58 Kestrel Boulevard, Vertex Park, Peoria, AL, 21552	United States
S1-002931	Apex Motors Corporation	258 Maplecrest Blvd, Ironwood Park, Akron, WA, 77336	US
S1-002932	Goldleaf Industries Private Limited	145 Quarry Marg, Kochi, MP, 274205	India
S1-002933	Bluepeak Enterprises Limited Liability Company	293 Meridian Street Thistle Park Peoria CA 41703	United States
S1-002934	Onyx Packaging Corporation	31 Stonebridge Blvd, Mobile, IL, 33942	US
S1-002935	Cobalt Bluepeak Trading Limited	284 Lantern Road Near SBI ATM Coimbatore MP 888357	India
S1-002936	Maplecrest Packaging Limited	313 Clearwater Mn, Sunstone Nagar, Jaipur, 604830	IN
S1-002937	Silverline Packaging Company	121 Orchid Avenue Akron IL Clearwater Park	USA
S1-002938	Falcon Fabrics Incorporated	3/13 Lantern Ave Fresno	US
S1-002939	Goldleaf Consultancy Private Limited	Near Metro Pillar 42, 147 Lantern Main, Onyx Nagar, Coimbatore, Rajasthan	India
S1-002940	Silverline Industries Limited Liability Company	163 Stoebridge St, Peoria, OH, 31627	United States
S1-002941	Falcon Falcon Fabrics Corporation	7/14 Northgate Boulevard, Fresno, 52410	United States
S1-002942	Ironwood Foods Limited Liability Company	Opp. City Library, 199 Silverline Boulevard, Bluepeak Park, Tacoma, WA, 15446	US
S1-002943	Onyx Trading Limited	240 Silverline Marg, Meridian Nagar, Surat, 575962	IN
S1-002944	Vertex Quarry Consultancy Incorporated	292 Sunstone Ave, Opp. City Library, Orchid Park, Austin, OH, 13727	USA
S1-002945	Silverline Foods Limited	19/80 Silverline Cross, Bluepeak Nagar, Coimbatore, MP	IN
S1-002946	Cobalt Fabrics Private Limited	296 Northgate Cross, Sunstone Nagar, Behind Ganesh Temple, Indore, 132185	IN
S1-002947	Orchid Textiles Incorporated	75 Falcon Dr Peoria	United States
S1-002948	Harbor Services Limited	291 Cobalt Marg, Bluepek Nagar, Indore	IN
S1-002949	Sunstone Falcon Enterprises Limited Liability Company	144 Ravenwood Avenue, Silverline Park, Akron, AL, 44837	United States
S1-002950	Vertex Systems Private Limited	306 Mreidian Mn, Vertex Nagar, Surat, Gujarat, 299837	IN
S1-002951	Clearwater Electricals Company	287 Brightpath Rd, Austin, CA, 80924	US
S1-002952	Vertex Solutions Private Limited	262 Brightpath Marg, Indore, 414990	IN
S1-002953	Lantern Motors Company	119 Vertex Rd, Brightpath Park, Mobile, 18148	United States
S1-002954	Vertex Meridian Packaging Private Limited	53 Meridian Crs, Stonebridge Nagar, Indore, MP, 286580	IN
S1-002955	Meridian Systems Limited	43 Stonebridge Road, Surat, Ravenwood Nagar	India
S1-002956	Falcon Electricals Private Limited	38 Redwood Crs, Lantern Nagar, Jaipur, 550244	IN
S1-002957	Summit Industries Corporation	288 Clearwater Road Mobile AL 84922	USA
S1-002958	Ravenwood Trading Limited Liability Company	264 Meridian Blvd, Behind the Civic Cener, Falcon Park, Tacoma, CA, 16383	United States
S1-002959	Thistle Thistle Chemicals Private Limited	376 Lantern Cross Cobalt Nagar Coimbatore Maharashtra	IN
S1-002960	Clearwater Electricals Corporation	396 Falcon Rd, Meridian Park, Akron, 98823	United States
S1-002961	Lantern Fabrics Incorporated	259 Apex Drive, Quarry Park, Austin, WA	United States
S1-002962	Northgate Consultancy Limited	374 Harbor St Maplecrest Nagar Coimbtaore	India
S1-002963	Maplecrest Trading Private Limited	39/11 Silverline St, Ironwood Nagar, Behind Ganesh Temple, Jaipur, Rajasthan, 990549	IN
S1-002964	Quarry Solutions Limited	80 Brightpath Mn, Stonebridge Nagar, Near Metro Pillar 42, Pune, Gujarat, 950284	IN
S1-002965	Quarry Solutions Corporation	361 Brightpath Road, Kestrel Park, Near Exit 14, Lubbock, CA	USA
S1-002966	Summit Trading Private Limited	312 Harbor Rd, Nagpur, MP, 454221	India
S1-002967	Sunstone Lantern Industries Company	35 Clearwater Road, Onyx Park, Fresno, WA, 19418	United States
S1-002968	Summit Enterprises Private Limited	370 Sunstone Street, Summit Nagar, Nagpur	IN
S1-002969	Northgate Packaging Incorporated	165 Ironwood Ave, Falcon Park, obile, 83815	United States
S1-002970	Redwood Logistics Incorporated	115 Harbor St, Vertex Park, Tacoma, 83188	US
S1-002971	Ironwood Foods Corporation	49 Ravenwood Blvd, Austin, TX	US
S1-002972	Falcon Services Company	299 Silverline Blvd, Onyx Park, Peoria, WA	United States
S1-002973	Summit Solutions Incorporated	332 Silverline Ave, Akron	USA
S1-002974	Quarry Maplecrest Enterprises Incorporated	194 Goldleaf St, Juniper Park, Akron	US
S1-002975	Juniper Electricals Limited	38/65 Bluepeak Marg, Lantern Nagar, Indore, 384478	IN
S1-002976	Harbor Fabrics Limited	231 Kestrel Marg, Kochi, Kerala	India
S1-002977	Stonebridge Systems Corporation	55 Clearwater Dr, Mobile	USA
S1-002978	Orchid Foods Corporation	212 Ironwood Blvd, Bluepeak Park, Lubbock, WA, 26451	US
S1-002979	Lantern Fabrics Private Limited	16/86 Meridian Marg, Bluepeak Nagar, Jaipur, Tamil Nadu, 173526	IN
S1-002980	Harbor Clearwater Electricals Company	375 Summit Road, Summit Park, Akron	United States
S1-002981	Juniper Enterprises Limited Liability Company	249 Harbor Blvd, Near Exit 14, Juniper Park, Mobile, WA, 61646	USA
S1-002982	Silverline Textiles Incorporated	64 Ravenwood Street, Vertex Park, Behind the Civic Center, Fresno	US
S1-002983	Orchid Industries Limited	216 Summit Marg, Pune, 917299	India
S1-002984	Quarry Northgate Solutions Private Limited	Thistle Nagar, Jaipur, 27 Bluepeak Mn	India
S1-002985	Summit Ravenwood Electricals Private Limited	239 Kestrel Rd, Pune, Gujarat, 427840	India
S1-002986	Harbor Systems Private Limited	119 Summit Main, Goldlef Nagar, Kochi, Gujarat	IN
S1-002987	Ravenwood Services Corporation	324 Vertex Rd, Summit Park, Mobile	United States
S1-002988	Ironwood Meridian Logistics Limited Liability Company	152 Apex Rd, Akron, CA, 31012	US
S1-002989	Summit Textiles Incorporated	348 Maplecrest Road, Summit Park, Behind the Civic Center, Mobile, WA, 24881	USA
S1-002990	Juniper Brightpath Consultancy Private Limited	Near Metro Pillar 42 49 Northgate Road Nagpur 143304	IN
S1-002991	Clearwater Trading Private Limited	119 Cobalt Mn, Summit Nagar, Jaipur, Gujarat	India
S1-002992	Bluepeak Logistics Company	360 Meridian Dr, Mobile, TX, 35241	USA
S1-002993	Apex Foods Private Limited	Near Metro Pillar 42, 251 Redwood Street, Jaipur, Rajasthan, 127391	IN
S1-002994	Cobalt Fabrics Private Limited	329 Bluepeak Road, Bluepeak Nagar, Pune	India
S1-002995	Apex Clearwater Fabrics Limited Liability Company	200 Apex Road, Tacoma, WA, 64611	US
S1-002996	Stonebridge Apex Industries Private Limited	167 Onyx Marg, Cobalt Nagar, Indore, Gujarat	IN
S1-002997	Summit Trading Corporation	25/77 Orchid Road, Peoria, AL	United States
S1-002998	Redwood Enterprises Private Limited	343 Juniper Crs, Ravenwood Nagar, Pune, MP	India
S1-002999	Thistle Quarry Enterprises Private Limited	62 Redwood St, Bluepeak Nagar, Indore, Gujarat	IN
S1-003000	Brightpath Services Limited	127 Quarry Road, Orchid Nagar, Nagpur, 513565	IN
S1-003001	Orchid Fabrics Incorporated	393 Falcon Boulevard, Kestrel Park, Peoria, TX	United States
S1-003002	Orchid Electricals Limited	313 Silverline Marg, Redwood Nagar, Indore, 404004	IN
S1-003003	Northgate Packaging Corporation	208 Brightpath Drive Onyx Park Lubbock 48895	US
S1-003004	Maplecrest Motors Private Limited	150 Lantern St, Quarry Nagar, Pune, 734570	IN
S1-003005	Northgate Kestrel Enterprises Incorporated	328 Summit Boulevard, Fresno, IL, Summit Park	US
S1-003006	Bluepeak Logistics Private Limited	Near SBI ATM, 47 Maplecrest Road, Silverline Nagar, Indore, Tamil Nadu, 381062	IN
S1-003007	Orchid Thistle Solutions Limited	91 Summit Marg, Apex Nagar, Kochi	IN
S1-003008	Orchid Juniper Logistics Limited Liability Company	184 Kestrel Boulevard, Peoria	USA
S1-003009	Redwood Textiles Corporation	287 Maplecrest Drive, Ironwood Park, Peoria, IL, 15936	US
S1-003010	Sunstone Systems Corporation	15 Northgate Rd, Orchid Park, Near Exit 14, Peoria, TX, 30285	USA
S1-003011	Maplecrest Solutions Limited Liability Company	76 Juniper Avenue, Orchidd Park, Tacoma, IL	USA
S1-003012	Juniper Maplecrest Chemicals Limited	188 Maplecrest Cross, Kochi, Kerala, 789545	India
S1-003013	Orchid Clearwater Enterprises Company	27 Goldleaf St, Kestrel Park, Tacoma, IL, 24328	US
S1-003014	Brightpath Chemicals Limited Liability Company	10 Ironwood Rd, Kestrel Park, Tacoma, WA	USA
S1-003015	Onyx Consultancy Limited	344 Quarry Mn Quarry Nagar Coimbatore	India
S1-003016	Harbor Solutions Limited Liability Company	150 Redwood Rd Summit Park Peoria OH 3052	United States
S1-003017	Meridian Stonebridge Packaging Private Limited	33 Ironwood St, Nagpur, Tamil Nadu, Cobalt Nagar	IN
S1-003018	Onyx Falcon Solutions Corporation	Behind the Civic Center, 32 Falcon Avenue, Brightpath Park, Tacoma, 96078	United States
S1-003019	Stonebridge Textiles Private Limited	124 Northgate Marg, Surat, Gujarat	India
S1-003020	Bluepeak Electricals Limited Liability Company	209 Northgate Street Quarry Park Peoria WA 77764	USA
S1-003021	Sunstone Enterprises Limited Liability Company	126 RRavenwood Avenue, Mobile, OH, 97206	United States
S1-003022	Quarry Trading Company	395 Lantern Road, Lubbock, OH, 86237	USA
S1-003023	Goldleaf Logistics Private Limited	314 Cobalt Rd, Indore, Rajsathan, 684201	India
S1-003024	Harbor Industries Private Limited	236 Cobalt Cross Juniper Nagar Jaipur Kerala	IN
S1-003025	Cobalt Summit Foods Corporation	379 Ravenwood Drive, Brightpath Park, Peoria, TX, 36893	USA
S1-003026	Juniper Kestrel Chemicals Incorporated	136 Northgate Street Redwood Park Akron	USA
S1-003027	Northgate Motors Private Limited	131 Bluepeak St, Stonebridge Nagar, Nagpur	IN
S1-003028	Lantern Brightpath Logistics Private Limited	337 Lantern Road, Lantern Nagar, Pune	India
S1-003029	Ironwood Motors Limited Liability Company	263 Clearwater Ave, Akron, AL, 14167	USA
S1-003030	Quarry Stonebridge Textiles Private Limited	28/19 Quarry St, Orchid Nagar, Indore, Tamil Nadu, 274143	India
S1-003031	Maplecrest Consultancy Incorporated	133 Vertex Ave, Vertex Park, Peoria, 38731	United States
S1-003032	Northgate Kestrel Electricals Private Limited	Clearwater Nagar, Kochi, 41 Redwood Marg	IN
S1-003033	Summit Stonebridge Fabrics Incorporated	90 Sunstone Ave, Apex Park, Fresno, OH, 45206	United States
S1-003034	Bluepeak Electricals Private Limited	Near Metro Pillar 42, 369 Brightpat St, Quarry Nagar, Jaipur, MP	India
S1-003035	Ironwood Goldleaf Electricals Private Limited	63 Ravenwood Rd, Falcon Nagar, Kochi, Gujarat	IN
S1-003036	Northgate Consultancy Limited	125 Apex Street, Opp. Bus Depot, Sunstone Nagar, Indore, 816484	IN
S1-003037	Apex Meridian Consultancy Company	381 Goldleaf St, Tacoma, 82527	USA
S1-003038	Silverline Electricals Corporation	395 Bluepeak Boulevard, Northgate Park, Peoria, IL, 84463	US
S1-003039	Ironwood Services Company	Near Exit 14 199 Goldleaf Blvd Brightpath Park Lubbock CA	USA
S1-003040	Quarry Services Limited Liability Company	14/24 Meridian Ave Apex Park Tacoma TX	US
S1-003041	Ironwood Foods Limited Liability Company	46 Summit Avenue, Harbor Park, Tacoma	US
S1-003042	Brightpath Services Incorporated	127 Juniper Street, Akron, 92314	USA
S1-003043	Juniper Motors Limited Liability Company	25 Meridian Rd, Ironwood Park, Fresno, CA, 81794	US
S1-003044	Northgate Enterprises Private Limited	214 Northgate  Mn, Juniper Nagar, Nagpur	IN
S1-003045	Thistle Services Private Limited	27/65 Sunstone Marg, Maplecrest Nagar, Indore, Maharashtra	India
S1-003046	Harbor Industries Private Limited	207 Vertex Crs, Harbor Nagar, Kochi, 437929	India
S1-003047	Thistle Thistle Consultancy Private Limited	28/61 Meridian Mn, Behind Ganesh Temple, Clearwater Nagar, Pune, 529621	India
S1-003048	Onyx Fabrics Corporation	184 Silverline Dr, Vertex Park, Lubbock	US
S1-003049	Orchid Cobalt Consultancy Private Limited	Behind Ganesh Temple 27 Redwood Marg Apex Nagar Indore 708721	India
S1-003050	Ironwood Consultancy Private Limited	294 Thistle Street Clearwater Nagar Nagpur 709261	IN
S1-003051	Brightpath Packaging Company	144 Apex Ave Peoria 81991	United States
S1-003052	Clearwater Onyx Motors Corporation	Peoria AL 91 Clearwater Drive	USA
S1-003053	Goldleaf Textiles Corporation	114 Silverline Ave, Poeria	USA
S1-003054	Thistle Systems Company	310 Meridian Blvd, Cobalt Park, Akron, IL	USA
S1-003055	Meridian Logistics Limited Liability Company	316 Clearwater Drive ,Clearwater Park, Akron, OH, 23659	US
S1-003056	Goldleaf Packaging Limited	55 Harbor Street Kochi 270470	IN
S1-003057	Lantern Summit Consultancy Private Limited	260 Summit St, Harbor Nagar, Nagpur, Rajasthan	India
S1-003058	Vertex Logistics Limited	Oppp. Bus Depot, 358 Clearwater Main, Northgate Nagar, Indore, Gujarat, 696056	IN
S1-003059	Silverline Services Company	19/61 Orchid Avenue, Near Exit 14, Austin, TX, 75772	USA
S1-003060	Sunstone Apex Packaging Limited Liability Company	20 Redwood Rd, Ravenwood Park, Opp. City Library, Austin, CA, 30517	United States
S1-003061	Cobalt Logistics Limited Liability Company	185 Bluepeak Avenue, Behind the Civic Center, Vertex Park, Lubbock, OH, 90451	US
S1-003062	Apex Systems Corporation	254 Falcon Boulevard, Northgate Park, Lubbock, TX	US
S1-003063	Maplecrest Motors Corporation	318 Meridian Dr Orchid Park IL Fresno	USA
S1-003064	Ironwood Ravenwood Consultancy Limited Liability Company	327 Vertex Blvd, Peoria, LI, 40952	US
S1-003065	Thistle Quarry Trading Limited	38 Onyx Marg, Harbor Nagar, Indore, 728962	IN
S1-003066	Meridian Fabrics Corporation	Behind the Civic Center, 57 Kestrel Dr, Onyx Park, Akron, IL	US
S1-003067	Ironwood Industries Private Limited	336 Clearwater Crs, Juniper Nagar, Nagur, 668058	IN
S1-003068	Bluepeak Motors Private Limited	242 Ironwood Cross, Ironwood Nagar, Nagpur, Gujarat	IN
S1-003069	Quarry Packaging Corporation	113 Meridian Ave, Behind the Civic Center, Peoria	US
S1-003070	Meridian Chemicals Incorporated	194 Summit Road, Ravenwood Park, Akron, 61522	US
S1-003071	Summit Consultancy Private Limited	392 Cbalt Marg, Cobalt Nagar, Coimbatore, Gujarat, 378871	IN
S1-003072	Sunstone Trading Incorporated	345 Bluepeak Avenue, Cobalt Park, Austin, AL, 21779	United States
S1-003073	Ravenwood Fabrics Limited	188 Juniper Rd, Vertex Nagar, Coimbatore, Tamil Nadu	India
S1-003074	Kestrel Motors Private Limited	49 Bluepeak Marg, Onyx Nagar, Coimbatore, Tamil Nadu, 989156	IN
S1-003075	Goldleaf Logistics Private Limited	Near SBI ATM, 191 Falcon Cross, Stonebridge Nagar, Nagpur, Gujarat	IN
S1-003076	Silverline Ravenwood Fabrics Limited	6 Clearwater Main, Ravenwood Nagar, Jaipur, 280803	IN
S1-003077	Falcon Textiles Private Limited	306 Bluepeak Crs, Nagpur,, Maharashtra, 732875	IN
S1-003078	Ironwood Solutions Company	146 Brightpath Drive, Fresno, 74794	USA
S1-003079	Silverline Electricals Private Limited	304 Harbor Marg, Nagpur, Tamil Nadu, 792941	IN
S1-003080	Ravenwood Fabrics Incorporated	110 Sunstone Dr, Thistle Park, Lubbock	US
S1-003081	Redwood Fabrics Corporation	20/77 Orchid Blvd, Silverline Park, Peoria	USA
S1-003082	Vertex Packaging Private Limited	44 Maplecrest Crs, Kochi	India
S1-003083	Quarry Quarry Trading Corporation	199 Apex Road, Stonebridge Park, Mobile, IL	United States
S1-003084	Cobalt Electricals Limited	130 Harbor Street, Kochi, 306825	IN
S1-003085	Apex Silverline Solutions Private Limited	325 Vertex St Kochi 616872 Rajasthan	IN
S1-003086	Redwood Kestrel Consultancy Limited	113 Ravenowod Marg Surat	IN
S1-003087	Stonebridge Solutions Private Limited	110 Goldleaf Mn, Silverline Nagar, Pune, 593403	India
S1-003088	Harbor Textiles Corporation	Near Exit 14, 184 Falcon St, Mobile, TX, 88950	US
S1-003089	Vertex Enterprises Private Limited	23 Redwood Main, Kochi, 735178	IN
S1-003090	Brightpath Trading Corporation	100 Silvelrine Boulevard, Fresno, OH, 12403	United States
S1-003091	Vertex Packaging Private Limited	12/15 Juniper Marg, Juniper Nagar, Kochi	India
S1-003092	Brightpath Foods Limited	84 Ironwood Marg Jaipur Gujarat 582370	India
S1-003093	Quarry Trading Private Limited	201 Redwood St, Brightpath Nagar, Near Metro Pillar 42, Kochi, 587811, Kerala	India
S1-003094	Meridian Foods Company	254 Sunstone Rd, Meridian Park, Peoria	US
S1-003095	Harbor Packaging Private Limited	93 Kestrel Street, Onyx Nagar, Surat, Kerala, 101108	IN
S1-003096	Kestrel Redwood Logistics Company	120 Maplecrest Street, Lantern Park, Akron, IL, 43384	US
S1-003097	Harbor Kestrel Motors Company	67 Summit Avenue, Ravenwood Park, Fresno, AL	United States
S1-003098	Vertex Trading Corporation	130 Falcon vAe, Vertex Park, Austin, AL	US
S1-003099	Silverline Logistics Incorporated	13 Clearwater Ave, Falcon Park, Mobile	United States
S1-003100	Quarry Logistics Private Limited	Near SBI ATM 191 Clearwater Marg Jaipur Kerala 199486	India
S1-003101	Meridian Textiles Corporation	374 Lantern Dr, Thistle Park, Mobile, 28675	United States
S1-003102	Harbor Chemicals Private Limited	36 Clearwater Crs, Redwood Nagar, Nagpur, Kerala, 320719	IN
S1-003103	Stonebridge Motors Private Limited	274 Stonebridge Marg, Behind Ganesh Temple, Indore, 641954	India
S1-003104	Onyx Enterprises Limited Liability Company	322 Vertex Rd, Apex Park, Peoria, 23138	US
S1-003105	Juniper Textiles Private Limited	85 Northgate St, Jaipur	India
S1-003106	Lantern Foods Company	Ravenwood Park, Fresno, TX, 18499, 381 Bluepeak Blvd	United States
S1-003107	Cobalt Enterprises Limited	20/68 Kestrel St Ironwood Nagar Jaipur Rajasthan 818063	India
S1-003108	Northgate Ironwood Logistics Company	322 Apex Blvd, Mobile, 72833	United States
S1-003109	Sunstone Thistle Consultancy Company	373 Silverline Rd Peoria	USA
S1-003110	Harbor Clearwater Electricals Private Limited	169 Lantern St, Brightpath Nagar, Surat, Maharashtra, 130555	India
S1-003111	Thistle Trading Incorporated	374 Brightpath St, Lubbock, 21819	US
S1-003112	Goldleaf Lantern Solutions Company	106 Meridian Blvd, Vertex Park, Tacoma, AL, 98589	US
S1-003113	Onyx Maplecrest Trading Private Limited	Near Metro Pillar 42, 37 Summit Main, Coimbatore, Maharashtra, 497472	IN
S1-003114	Sunstone Electricals Company	173 Ironwood Dr, Stonebridge Park, Austin	US
S1-003115	Maplecrest Fabrics Incorporated	386 Orchid Dr Peoria 12007 Vertex Park	United States
S1-003116	Apex Motors Corporation	36 Harbor Street, Austin	United States
S1-003117	Bluepeak Services Limited	201 Clearwater Marg, Summit Nagar, Pune, Kerala	India
S1-003118	Bluepeak Services Incorporated	338 Stonebridge Dr Quarry Park Mobile OH	US
S1-003119	Summit Packaging Limited Liability Company	321 Vertex Road Brightpath Park Tacoma 14796	USA
S1-003120	Quarry Industries Limited Liability Company	232 Maplecrest Rd, Tacoma, Onyx Park	US
S1-003121	Cobalt Bluepeak Trading Incorporated	344 Cobalt Rd, Tacoma, 66963	USA
S1-003122	Clearwater Packaging Limited Liability Company	302 Bluepeak Ave, Northgate Park, Peoria, WA, 38975	United States
S1-003123	Silverline Packaging Private Limited	309 Silverline Marg, Kochi, Gujarat	IN
S1-003124	Stonebridge Consultancy Private Limited	364 Clearwater Mn Jaipur Kerala 523201	IN
S1-003125	Kestrel Textiles Corporation	4 Brightpath Dr, Maplecrest Park, Peoria, WA, 30318	US
S1-003126	Sunstone Quarry Consultancy Company	Mobile, 92923, 49 Vertex Road	US
S1-003127	Juniper Industries Limited	70 ThistleCrs Goldleaf Nagar Indore Kerala 737888	IN
S1-003128	Silverline Chemicals Limited	181 Quarry Marg, Orchid Nagar, Pune, 903778	IN
S1-003129	Silverline Stonebridge Logistics Private Limited	165 Meridian Rd, Nagpur, Gujarat, 904359	IN
S1-003130	Apex Textiles Limited	32/24 Apex Mn Kestrel Nagar Indore Gujarat 284271	India
S1-003131	Juniper Chemicals Incorporated	74 Ravenwood Ave, Vertex Park, Mobile	United States
S1-003132	Onyx Enterprises Private Limited	202 Juniper Rd, Bluepeak Nagar, Nagpur, Gujarat	India
S1-003133	Sunstone Fabrics Corporation	305 Ironwood Dr, Clearwater Park, Peoria	United States
S1-003134	Juniper Northgate Electricals Limited Liability Company	Opp. City Library 276 Ironwood Dr Austin 88901	US
S1-003135	Redwood Trading Private Limited	100 Ravenwood Road, Sunstone Nagar, Gujarat, 283354, Jaipur	IN
S1-003136	Falcon Stonebridge Enterprises Limited Liability Company	143 Ironwood Ave, Lantern Park, Lubbock, 49321	US
S1-003137	Stonebridge Vertex Industries Private Limited	383 Orchid St, Vertex Nagar, Behind Ganesh Temple, Indore, MP, 311741	India
S1-003138	Vertex Cobalt Logistics Corporation	172 Orchid Ave, Onyx Park, Fresno, OH, 31764	USA
S1-003139	Stonebridge Consultancy Limited	Near SBI ATM, 382 Stonebridge Road, Sunstone Nagar, Coimbatore, MP, 853444	IN
S1-003140	Lantern Chemicals Limited Liability Company	149 Goldleaf St, Meridian Park,  Mobile, OH, 14262	US
S1-003141	Apex Enterprises Limited	182 Clearwater Road Silverline Nagar Nagpur Rajasthan 210258	India
S1-003142	Clearwater Solutions Limited	322 Quarry Marg, Surat	IN
S1-003143	Meridian Logistics Limited Liability Company	9 Quarry Avenue Bluepeak Park Mobile	United States
S1-003144	Kestrel Motors Private Limited	267 Maplecrest Rd, Vertex Nagar, Near SBI ATM, Coimbatore, 543101	India
S1-003145	Maplecrest Sunstone Industries Limited	271 Maplecrest Main, Coimbatore	India
S1-003146	Silverline Solutions Private Limited	173 Redwood St Gujarat Kochi	India
S1-003147	Ravenwood Sunstone Services Company	Behind the Civic Center, 366 Falcon St, Vertex Park, Austin, WA, 77926	USA
S1-003148	Silverline Motors Company	33/12 MaplecrestAvenue, Redwood Park, Mobile, TX, 56990	USA
S1-003149	Apex Brightpath Motors Private Limited	Near SBI ATM, 392 Brightpath Mn, Clearwater Nagar, Jaipur, Gujarat, 277147	India
S1-003150	Thistle Solutions Private Limited	90 Quarry Rd, Juniper Nagar, Nagpur, 297786	IN
S1-003151	Ravenwood Logistics Private Limited	Opp. Bus Depot 232 Redwood Crs Meridian Nagar Jaipur	IN
S1-003152	Silverline Orchid Packaging Limited	386 Northgate St, Surat, Tamil Nadu, 267686	India
S1-003153	Apex Summit Systems Limited	99 Kestrel Marg Falcon Nagar Jaipur Gujarat 420254	IN
S1-003154	Northgate Services Private Limited	226 Goldleaf Crs, Opp. Bus Depot, Redwood Nagar, Kochi, 643652	India
S1-003155	Onyx Sunstone Electricals Private Limited	361 Falcon St, Northgate Nagar, Surat, 338450	IN
S1-003156	Quarry Packaging Corporation	227 Juniper St, Lubbock, IL	US
S1-003157	Goldleaf Motors Private Limited	345 Onyx St, Vertex Nagar, Pune, Maharashtra, 534756	India
S1-003158	Redwood Solutions Incorporated	49 Kestrel Drive, Peoria, IL, 45019	United States
S1-003159	Onyx Solutions Corporation	25/27 Brightpath Road, Goldleaf Park, Lubbock, CA, 47193	United States
S1-003160	Onyx Systems Private Limited	195 Brightpath Marg, Behind Ganesh Temple, Coimbatore	IN
S1-003161	Silverline Solutions Incorporated	333 Bluepeak Blvd, Maplecrest Park, Austin, 76075	USA
S1-003162	Thistle Goldleaf Enterprises Company	100 Cobalt Avenue, Onyx Park, Lubbock, IL, 95586	United States
S1-003163	Northgate Quarry Fabrics Limited	322 Falcon Road, Pune, 453576	India
S1-003164	Kestrel Summit Chemicals Company	220 Goldleaf Street, Bluepeak Park, Lubbock, IL	US
S1-003165	Ironwood Foods Company	197 Summit Drive, Near Exit 14, Brightpath Park, Lubbock, 97725	US
S1-003166	Stonebridge Bluepeak Trading Incorporated	329 Apex Ave Kestrel Park Akron 54259	US
S1-003167	Lantern Chemicals Private Limited	205 Meridian Rd Meridian Nagar Indore 278713	IN
S1-003168	Summit Foods Incorporated	392 Apex St, Ironwood Park, Akron	United States
S1-003169	Stonebridge Trading Company	210 Ironwood Rd, Opp. City Library, Silverline Park, Austin, WA, 40226	USA
S1-003170	Northgate Silverline Foods Corporation	52 Ironwood Ave, Fresno, TX, 88411	United States
S1-003171	Silverline Clearwater Packaging Private Limited	130 Maplecrest Marg, Northgate Nagar, Jaipur, 936261	IN
S1-003172	Goldleaf Foods Limited	278 Lantern Rd Silverline Nagar Kochi 332041	IN
S1-003173	Bluepeak Fabrics Limited Liability Company	218 Cobalt Road, Bluepeak Park, Lubbock, CA, 76274	United States
S1-003174	Clearwater Logistics Private Limited	386 Apex Road, Kochi	India
S1-003175	Orchid Trading Corporation	171 Ironwood Ave, Juniper Park, Lubbock, TX, 92624	USA
S1-003176	Apex Foods Incorporated	208 Vertex Street, Austin, 78253	US
S1-003177	Harbor Thistle Industries Private Limited	2/18 Maplecrest Rd Ironwood Nagar Nagpur 498920	India
S1-003178	Vertex Packaging Corporation	367 Ironwood Rd Orchid Park Opp. City Library Tacoma IL	USA
S1-003179	Kestrel Systems Private Limited	154 Meridian Marg Sunstone Nagar Kochi	IN
S1-003180	Thistle Meridian Consultancy Company	Near Exit 14, 332 Ravenwood Street, Silverlin ePark, Mobile, WA, 93682	US
S1-003181	Apex Quarry Systems Private Limited	175 Brightpath Crs, Indore, MP	IN
S1-003182	Sunstone Chemicals Private Limited	382 Cobalt Crs Goldleaf Nagar Indore 436943	India
S1-003183	Summit Systems Limited Liability Company	8/88 Orchid Boulevard Austin 42066	United States
S1-003184	Kestrel Logistics Incorporated	264 Orchid Bulevard, Bluepeak Park, Fresno, TX	US
S1-003185	Meridian Enterprises Company	Near Exit 14, 342 Thistle Road, Ravenwood Park, Fresno, 30376	United States
S1-003186	Ravenwood Industries Private Limited	271 Cobalt Street, Surat, MP	IN
S1-003187	Redwood Fabrics Limited	245 Lantern Marg, Cobalt Nagar, Indore, Maharashtra, 905775	India
S1-003188	Ravenwood Vertex Motors Limited Liability Company	2299 Bluepeak Street, Silverline Park, Akron, TX, 42342	US
S1-003189	Brightpath Services Limited	311 Thistle Rd, Pune, Gujarat	India
S1-003190	Bluepeak Textiles Limited Liability Company	Apex Park, Mobile, WA, 58639, 211 Falcon Dr	US
S1-003191	Apex Electricals Limited	224 Sunstone Cross, Vertex Nagar, Indore, Rajasthan, 213523	IN
S1-003192	Onyx Systems Limited	Near Metro Pillar 42, 195 Goldleaf Main, Redwood Nagar, Kochi, 394476	IN
S1-003193	Cobalt Foods Incorporated	286 Clearwater Boulevard Stonebridge Park Lubbock WA 24836	United States
S1-003194	Summit Textiles Private Limited	362 Quarry Road, Coimbatore	India
S1-003195	Clearwater Packaging Corporation	Ironwood ark, Fresno, IL, 66998, 189 Bluepeak Blvd	United States
S1-003196	Juniper Solutions Limited	158 Lantern Cross, Nagpur, Maharashtra, 410286	IN
S1-003197	Maplecrest Silverline Chemicals Corporation	175 Sunstone Drive, Falcon Park, Lubbbock	US
S1-003198	Cobalt Bluepeak Enterprises Limited	50 Falcon Road, Apex Nagar, Coimbatore	India
S1-003199	Stonebridge Systems Private Limited	123 Lantern Cross, Thistle Nagar, Coimbatore	India
S1-003200	Summit Enterprises Private Limited	285 Harbor Marg, Goldleaf Nagar, Near SBI ATM, Nagpur	India
S1-003201	Clearwater Solutions Corporation	177 Falcon Ave, Orchid Park, Near Exit 14, Austin, 3637	US
S1-003202	Maplecrest Solutions Private Limited	339 Juniper Marg, Orchid Nagar, Kochi	India
S1-003203	Kestrel Electricals Limited	125 Apex St, Behind Ganesh Temple, Harbor Nagar, Pune, Rajasthan, 333074	IN
S1-003204	Ravenwood Fabrics Incorporated	228 Redwood Boulevard, Mobile, AL, 97186, Kestrel Park	USA
S1-003205	Redwood Solutions Private Limited	104 Clearwater Road, Summit Nagar, Surat, Tamil Nadu, 235114	IN
S1-003206	Kestrel Systems Limited	Redwood Nagar, Coimbatore, 331840, 179 Meridian Main	India
S1-003207	Apex Trading Private Limited	304 Harbor Marg, Behind Ganesh Temmple, Coimbatore, Maharashtra, 887611	India
S1-003208	Falcon Systems Private Limited	41 Silverline St, Summit Nagar, Opp. Bus Depot, Coimbatore, 472133	India
S1-003209	Apex Sunstone Systems Private Limited	46 Goldleaf Road, Thistle Nagar, Kochi, MP, 657932	IN
S1-003210	Apex Brightpath Services Private Limited	356 Meridian Road, Falcon Nagar, Coimbatore, Tamil Nadu	India
S1-003211	Thistle Services Limited Liability Company	171 Thistle Rd, Behind the Civic Center, Meridian Park, Austin, 85351	US
S1-003212	Bluepeak Consultancy Private Limited	298 Ravenwood Road, Sunstone Nagar, Kochi, 931297, Rajasthan	IN
S1-003213	Cobalt Services Company	274 Sunstone Road, Behind the Civic Center, Falcon Park, Tacoma, 39207	USA
S1-003214	Summit Lantern Services Company	36/15 Quarry Blvd,, Thistle Park, Austin, 30388	US
S1-003215	Maplecrest Brightpath Systems Limited Liability Company	Opp. City Library 208 Sunstone Dr Kestrel Park Austin 32169 OH	US
S1-003216	Cobalt Trading Limited	26/47 Kestrel Mn, Orchid Nagar, Indore	IN
S1-003217	Stonebridge Electricals Private Limited	278 Harbor Rd, Koch,i 979093	IN
S1-003218	Ravenwood Industries Private Limited	133 Clearwater St, Sunstone Nagar, Nagpur, Gujarat, 387270	India
S1-003219	Brightpath Textiles Limited	100 Cobalt Street, Behind Ganesh Temple, Coimbatore, 445597	IN
S1-003220	Meridian Brightpath Systems Limited	195 Quarry Rd, Clearwater Nagar, Kochi, Gujarat, 413128	India
S1-003221	Apex Solutions Limited	118 Cobalt Marg, Harbor Nagar, Kochi, Kerala	IN
S1-003222	Quarry Electricals Limited	76 Onyx Crs, Meridian Nagar, Nagpur, MP, 495479	India
S1-003223	Juniper Cobalt Logistics Private Limited	366 Redwood Crs, Orchid Nagar, Surat, Maharashtra	India
S1-003224	Sunstone Ironwood Foods Limited Liability Company	75 Quarry  Rd, Tacoma, 95356	US
S1-003225	Apex Electricals Incorporated	241 Falcon Dr Onyx Park Tacoma CA 84090	USA
S1-003226	Maplecrest Consultancy Limited	186 Ironwood Crs Harbor Nagar Coimbatore MP 515838	India
S1-003227	Silverline Trading Company	119 Thistle St, Orchid Park, Fresno	US
S1-003228	Lantern Thistle Trading Corporation	274 Sunstone Street, Fresno, TX, 97648	USA
S1-003229	Goldleaf Enterprises Incorporated	174 Clearwater Street, Behind the Civic Center, Juniper Park, Tacoma, IL, 43403	United States
S1-003230	Stonebridge Consultancy Limited Liability Company	167 Meridian St, Behind the Civic Center, Ravenwood Park, Peoria	United States
S1-003231	Maplecrest Services Limited	174 Harbor Crs Kestrel Nagar Pune MP	India
S1-003232	Meridian Sunstone Fabrics Corporation	298 Redwood Road, Meridian Park, 67930, Austin	USA
S1-003233	Juniper Consultancy Limited	144 Meridian Cross Harbor Nagar Jaipur Kerala 423777	India
S1-003234	Apex Foods Limited	163 Falcon Main, Silverline Nagar, Coimbatore, 31777	IN
S1-003235	Juniper Stonebridge Chemicals Private Limited	131 Summit St, Maplecrest Nagar, Kochi, MP, 579000	IN
S1-003236	Stonebridge Cobalt Chemicals Limited Liability Company	Harbor Park, Austin, TX, 243 Silverline St	USA
S1-003237	Vertex Ravenwood Electricals Incorporated	221 Quarry Ave, Thistle Park, Austin, CA, 19844	USA
S1-003238	Thistle Services Private Limited	266 Lantern Main, Juniper Naagr, Jaipur	IN
S1-003239	Quarry Stonebridge Packaging Limited	220 Falcon Marg, Sunstone Nagar, Nagpur, Gujarat, 435771	IN
S1-003240	Orchid Silverline Foods Limited	Behind Ganesh Temple6 9 Bluepeak Street Thistle Nagar Indore MP	IN
S1-003241	Harbor Motors Limited Liability Company	39/30 Onyx Drive, Kestrel Park, Fresno, 57980, OH	US
S1-003242	Orchid Northgate Trading Private Limited	236 Falcon Road Onyx Nagar Coimatore 913829	IN
S1-003243	Juniper Electricals Corporation	Maplecrest Park, Austin, AL, 90065,1 17 Ravenwood Rd	USA
S1-003244	Redwood Consultancy Limited Liability Company	Near Exit 14, 203 Kestrel Blvd, Ravenwood Park, Mobile, TX	US
S1-003245	Sunstone Solutions Limited Liability Company	53 Lantern Avenue, Ravenwood Park, Tacoma	US
S1-003246	Goldleaf Thistle Systems Corporation	177 Redwood Drive, Goldleaf Park, Peoria, TX, 46848	USA
S1-003247	Thistle Packaging Private Limited	Opp. Bus Depot, 235 Northgate Cross, Coimbatore, 620101	India
S1-003248	Juniper Logistics Private Limited	339 Onyx Cross Falcon Nagar Indore MP 357826	India
S1-003249	Northgate Packaging Incorporated	373 Onyx Rd Maplecrest Park Akron OH 10697	United States
S1-003250	Harbor Chemicals Private Limited	327 Onyx Cross Sunstone Nagar Indore Kerala	IN
S1-003251	Stonebridge Motors Limited	62 Onyx Crs, Brightpath Naagar, Surat, MP, 401306	India
S1-003252	Apex Harbor Industries Company	18/6 Silverline Dr, Kestrel Park, Peoria, IL	US
S1-003253	Meridian Electricals Company	Behind the Civic Center 108 Orhid St Lantern Park Fresno IL 78053	US
S1-003254	Meridian Electricals Private Limited	149 Thistle Cross, Goldleaf Nagar, Pune, 751662	IN
S1-003255	Vertex Enterprises Limited	Behind Ganesh Temple, 90 Stonebridge Marg, Goldleaf Nagar, Coimbatore, Tamil Nadu, 178944	IN
S1-003256	Clearwater Motors Private Limited	Thistle Nagar, Surrat, Tamil Nadu, 46 Kestrel Road	IN
S1-003257	Thistle Foods Limited Liability Company	319 Sunstone Blvd Goldleaf Park 69551 Mobile	US
S1-003258	Kestrel Maplecrest Chemicals Limited Liability Company	101 Maplecrest Rd, Austin, 32305	USA
S1-003259	Juniper Motors Limited Liability Company	1/45 Thistle Dr, Fresno, IL, 90082	United States
S1-003260	Ironwood Logistics Company	Behind the Civic Center 261 Ironwood Street Austin 99753	United States
S1-003261	Bluepeak Systems Incorporated	279 Onyx Road, Austin, 24747	USA
S1-003262	Summit Motors Incorporated	Near xit 14, 333 Redwood Blvd, Ravenwood Park, Fresno, 82795	US
S1-003263	Vertex Trading Incorporated	15 Silverline Rd, Cobalt Park, Lubbock, AL, 19474	US
S1-003264	Brightpath Foods Corporation	315 Redwood Avenue, Silverline Park, Austin, TX, 56518	US
S1-003265	Brightpath Thistle Fabrics Private Limited	230 Brightpath St, Ravenwood Nagar, Coimbatore	IN
S1-003266	Quarry Logistics Limited Liability Company	177 Quarry Blvd Bluepeak Park Austin AL 58135	United States
S1-003267	Apex Services Incorporated	68 Goldleaf Blvd, Redwood Park, Akron, IL	United States
S1-003268	Thistle Redwood Textiles Limited	246 Northgate Main, Ironwood Nagar, Kochi, Kerala, 915528	India
S1-003269	Goldleaf Electricals Limited	283 Summit Marg, Bluepeak Nagar, Pune, Tamil Nadu, 736945	IN
S1-003270	Northgate Apex Motors Limited	283 Silverline Street Near SBI ATM Apex Nagar Coimbatore RRajasthan 738863	India
S1-003271	Ironwood Services Limited	Clearwater Nagar, Near SBI ATM, Kochi, 181064, 384 Silverline Rd	India
S1-003272	Lantern Fabrics Limited Liability Company	91 Goldleaf Avenue, Meridian Park, Fresno	USA
S1-003273	Apex Motors Limited	369 Maplecrest Crs, Onyx Nagar, Surat, 891495	India
S1-003274	Summit Trading Company	120 Orchi St, Onyx Park, Fresno, AL, 98162	US
S1-003275	Stonebridge Fabrics Corporation	390 Ravenwood Boulevard, Summit Park, Mobile, 14572	United States
S1-003276	Apex Orchid Foods Corporation	386 Clearwater Drive, Stonebridge Park, Tacoma, CA	USA
S1-003277	Thistle Enterprises Incorporated	Meridian Park, Lubbock, 351 Lantern Ave	United States
S1-003278	Falcon Juniper Systems Private Limited	120 Quarry Rd, Juniper Nagar, Pune	IN
S1-003279	Orchid Electricals Corporation	103 Ironwood Boulevard Sunstone Park Fresno WA 20694	US
S1-003280	Redwood Foods Limited	262 Northgate Marg, Ravenwood Nagar, Kochi, MP	India
S1-003281	Ravenwood Textiles Private Limited	1/5 Thistle Rd, Ravenwood Nagar, Pune, Kerala, 719415	IN
S1-003282	Apex Packaging Company	257 Falcon Ave, Lubbock, 51293	United States
S1-003283	Goldleaf Apex Industries Private Limited	224 Apex Marg Lantern Nagar Kochi Rajasthan 720271	India
S1-003284	Kestrel Chemicals Private Limited	300 Thistle Marg, Sruat, MP, 788453	IN
S1-003285	Ravenwood Ravenwood Services Private Limited	Near Metro Pillar 42 383 Bluepeak Crs Lantern Nagar Kochi 775460	IN
S1-003286	Meridian Kestrel Trading Limited Liability Company	Behind the Civic Center, 30 Ironwood Avenue, Orchid Park, Austin, 50904	US
S1-003287	Orchid Logistics Private Limited	190 Vertex Marg, Surat, 844228, Rajasthan	India
S1-003288	Goldleaf Redwood Industries Limited Liability Company	57 Ironwood Road, Thistle Park, Tacoma, 26917	USA
S1-003289	Bluepeak Foods Company	Near Exit 14, 369 Vertex Street, Clearwater Park, Mobile, WA	United States
S1-003290	Redwood Foods Company	260 Sunstone Rd Lantern Park Austin 76973	United States
S1-003291	Summit Consultancy Incorporated	312 Maplecrest St, Fresno, 43839	USA
S1-003292	Ravenwood Solutions Incorporated	254 Onyx Boulevard Summit Park Lubbock 70434	USA
S1-003293	Goldleaf Stonebridge Chemicals Limited	344 Ravenwood Main, Pune, Kerala, 193669	IN
S1-003294	Redwood Industries Incorporated	152 Ravenwood Boulevard Falcon Park Tacoma IL 74963	USA
S1-003295	Thistle Electricals Limited	59 Summit Crs, Clearwater Nagar, Surat, 975955	India
S1-003296	Silverline Packaging Limited Liability Company	107 Sunstone Blvd, Brightpath Park, Mobile, 79173	United States
S1-003297	Harbor Enterprises Incorporated	38 Clearwater St, Kestrel Park, Mobile, 30821	US
S1-003298	Redwood Motors Private Limited	15 Quarry Crs Jaipur	IN
S1-003299	Ironwood Motors Private Limited	248 Goldleaf Main, Falcon Nagar, Jaipur, 139755	India
S1-003300	Cobalt Motors Company	280 Kestrel Boulevard Near Exit 14 Meridian Park Mobile WA 75375	United States
S1-003301	Quarry Consultancy Limited	2/16 Goldleaf Marg, Summit Nagar, Coimbatore	India
S1-003302	Quarry Trading Limited	170 Meridian Street, Goldleaaf Nagar, Indore	IN
S1-003303	Orchid Redwood Fabrics Corporation	31/49 Lantern Street Peoria	USA
S1-003304	Apex Consultancy Private Limited	237 Clearwater Main, Summiit Nagar, Jaipur, MP	India
S1-003305	Falcon Foods Private Limited	13 Ravenwood Road, Summit Nagar, Nagpur	India
S1-003306	Redwood Motors Corporation	254 Ironwood Rdd, Silverline Park, Fresno	United States
S1-003307	Northgate Services Limited	227 Sunstone Marg, Quarry Nagar, Surat	IN
S1-003308	Clearwater Industries Limited Liability Company	330 Bluepeak St, Opp. City Library, Harbor Park, Tacoma, WA	US
S1-003309	Kestrel Systems Limited	Opp .Bus Depot, 186 Orchid Mn, Falcon Nagar, Pune, Maharashtra	IN
S1-003310	Clearwater Services Corporation	64 Suntsone Boulevard, 83698, Peoria	US
S1-003311	Goldleaf Motors Private Limited	Near Metro Pillar 42, 31/76 Falcon Rd, Jaipur, Maharashtra	India
S1-003312	Thistle Chemicals Company	227 Cobalt St, Quarry Park, Akron, 57580	United States
S1-003313	Quarry Falcon Services Private Limited	257 Orchid Marg, Falcon Nagar, Surat, Rajasthan, 431795	IN
S1-003314	Redwood Summit Trading Private Limited	308 Thistle Crs Quarry Nagar Behind Ganesh Temple Surat 652595	IN
S1-003315	Bluepeak Trading Private Limited	180 Juniper Main, Summit Nagar, Near SBI ATM, Surat, Tamil Nadu, 357463	India
S1-003316	Clearwater Services Private Limited	39 Maplecrest Cross, Goldleaf Nagar, 476622, Jaipur	IN
S1-003317	Lantern Services Limited Liability Company	120 Stonebridge Avenue, Vertex Park, OH, 44788, Fresno	United States
S1-003318	Thistle Motors Corporation	172 Maplecrest Drive, Clearwater Park, Fresno, WA, 64821	USA
S1-003319	Harbor Fabrics Private Limited	214 Kestrel Rd, Harbor Nagar, Kochi, Maharashtra	India
S1-003320	Northgate Trading Company	22 Redwood Ave, OH, Mobile	US
S1-003321	Vertex Foods Company	343 Harbor Road, Silverline Park, Peoria, IL, 57446	US
S1-003322	Ravenwood Trading Limited	185 Meridian Road, Brightpath Nagar, Kochi, Rajasthan, 317214	IN
S1-003323	Kestrel Electricals Incorporated	115 Falcon Bulevard, Vertex Park, Fresno	USA
S1-003324	Vertex Systems Company	366 Maplecrest Blvd, Fresno, CA, 17568	United States
S1-003325	Summit Logistics Company	229 Silverline Road, Northgate Park, Peoria	United States
S1-003326	Falcon Systems Private Limited	15 Vertex Road Apex Nagar Pune Gujarat	IN
S1-003327	Stonebridge Textiles Private Limited	327 Quarry Mn, Surat, 383488	IN
S1-003328	Redwood Logistics Corporation	211 Harbor Drive, Summit Park, Lubbock, 93836	US
S1-003329	Maplecrest Enterprises Private Limited	108 Summit Street, Coimbatore, 296946	India
S1-003330	Lantern Chemicals Private Limited	18 estrel Road Coimbatore 166242	IN
S1-003331	Quarry Fabrics Private Limited	145 Lantern Street, Brightpath Nagar, Surat	IN
S1-003332	Stonebridge Lantern Industries Limited	227 Orchid Marg, Ravenwood Nagar, Opp. Bus Depot, Indore, MP, 265173	India
S1-003333	Ravenwood Motors Limited	67 Bluepeak Marg Maplecrest Nagar Jaipur Gujarat	IN
S1-003334	Juniper Redwood Fabrics Corporation	388 Ravenwood Street, Mobile, IL, 44301	United States
S1-003335	Clearwater Logistics Incorporated	18/82 Clearwater Road, Redwood Park, Tacoma	US
S1-003336	Northgate Packaging Private Limited	213 Goldleaf Rd 868782 Kochi	India
S1-003337	Maplecrest Chemicals Private Limited	109 Sunstone Street Summit Nagar Pune 610075	India
S1-003338	Thistle Motors Corporation	177 Sunstone Drive, Summit Park, Fresno, IL, 27296	US
S1-003339	Meridian Onyx Industries Incorporated	301 Silverline Drive Stonebridge Park Peoria 49475 WA	United States
S1-003340	Goldleaf Consultancy Private Limited	98 Redwood St, Ironwood Nagar, Kochi, Kerala, 674802	India
S1-003341	Quarry Systems Private Limited	369 Ravenwood Street, Lantern Nagar, Coimbatore, 833055	IN
S1-003342	Bluepeak Textiles Limited Liability Company	147 Onyx Ave, Sunstone Park, Austin, WA, 85868	United States
S1-003343	Maplecrest Consultancy Limited	140 Goldleaf Crs Thistle Nagar Pune MP 899270	India
S1-003344	Apex Systems Limited	216 Northgate Mn, Near Metro Pillar 42, Orchid Nagar, Nagpur, Kerala, 954276	IN
S1-003345	Thistle Services Company	89 Juniper Boulevard,, Peoria	US
S1-003346	Juniper Apex Motors Limited	249 Harbor Main, Falcon Nagar, Pune, MP, 924792	India
S1-003347	Brightpath Enterprises Private Limited	147 Ravenwood Rd, Surat, MP	India
S1-003348	Ravenwood Falcon Chemicals Limited	278 Vertex Road Redwood Nagar Coimbatore Gujarat 730630	India
S1-003349	Bluepeak Enterprises Private Limited	227 Summit Marg, Quarry Nagar, Opp. Bus Depot, Coimbatore Maharashtra, 111990	India
S1-003350	Redwood Packaging Limited Liability Company	398 Sunstone Blvd Maplecrest Park Mobile TX 66938	USA
S1-003351	Harbor Consultancy Limited	Falcon Nagar Surat 18 Falcon Main	India
S1-003352	Silverline Services Private Limited	89 Orchid Main, Harbor Nagar, Nagpur, 397129	India
S1-003353	Harbor Packaging Private Limited	235 Ravenwood Rd, Orchid Naar, Indore, MP, 122730	India
S1-003354	Northgate Services Limited Liability Company	4 Sunstone Street Behind the Civic Center Thistle Park Peoria 64213	United States
S1-003355	Silverline Solutions Limited	338 Onyx Cross, Opp. Bus Depot, Coimbatore, 882229, Silverline Nagar	India
S1-003356	Goldleaf Consultancy Private Limited	Stonebridge Nagar, Nagpur, 7/85 Goldleaf Cross	India
S1-003357	Clearwater Consultancy Limited	230 Apex Road, Near Metro Pillar 42, Indore, 864213	IN
S1-003358	Northgate Services Corporation	80 Stonebridge Dr, Silverline Park, Fresno, 25053	US
S1-003359	Meridian Enterprises Private Limited	2/57 Clearwater Mn Bluepeak Nagar Pune Gujarat 422241	IN
S1-003360	Thistle Summit Systems Limited Liability Company	184 Ravenwood Rd, Onyx Park, Fresno, CA	United States
S1-003361	Silverline Trading Private Limited	233 Falcon Main, Pune, Kerala	IN
S1-003362	Brightpath Services Private Limited	Orchid Nagar, Surat, Kerala, 315 Harbor Cross	IN
S1-003363	Apex Enterprises Private Limited	399 Ravenwood Road Orchid Nagar Near SBI ATM Kochi Kerala 184744	India
S1-003364	Ravenwood Clearwater Systems Private Limited	186 Maplecrest Crs, Thistle Nagar, Kochi, Mahaashtra, 713426	India
S1-003365	Vertex Consultancy Private Limited	378 Apex Crs Ravenwood Nagar Jaipur Rajasthan	IN
S1-003366	Clearwater Thistle Packaging Company	347 Harbor Boulevard Tacoma OH 82204	United States
S1-003367	Thistle Consultancy Limited	138 Thistle Marg Indore Maharashtra 424293	IN
S1-003368	Brightpath Systems Incorporated	Cobalt Park, Akron, AL, 16863, 102 Stonebridge Boulevard	USA
S1-003369	Meridian Motors Private Limited	Near Metro Pillar 42, 255 Maplecrest Mn, Maplecrest Nagar, Indore, Kerala, 218593	IN
S1-003370	Apex Logistics Limited	231 Onyx Marg, Ravenwood Nagar, Indore, Maharashtra, 733859	IN
S1-003371	Meridian Electricals Company	344 Northgate Rd, Opp. City Library, Redwood Park, Lubbock, 70990	United States
S1-003372	Ironwood Packaging Company	227 Maplecrest St Fresno 18447	US
S1-003373	Quarry Bluepeak Systems Incorporated	111 Kestrel Road Goldleaf Park Peoria TX 19029	US
S1-003374	Silverline Fabrics Company	68 Ironwood Dr, Behind the Civic Center, Bluepeak Park, Tacoma, WA	United States
S1-003375	Maplecrest Fabrics Private Limited	174 Thistle St Near SBI ATM Kochi	IN
S1-003376	Brightpath Sunstone Consultancy Limited	228 Apex Marg, Meridian Nagar, Nagpur, Tamil Nadu	India
S1-003377	Clearwater Industries Limited Liability Company	171 Clearwater Drive, Thistle Park, Opp. City Library, Akron, TX	US
S1-003378	Summit Fabrics Corporation	330 Clearwater Blvd, Lubbock, CA	US
S1-003379	Brightpath Textiles Private Limited	187 Bluepeak Crs, Goldleaf Nagar, Kochi, 305544	IN
S1-003380	Meridian Motors Incorporated	248 Maplecrest St Tacoma Cobalt Park	US
S1-003381	Brightpath Packaging Incorporated	21 Orchid Street, Apex Park, Lubbock, 60550	US
S1-003382	Harbor Logistics Private Limited	Harbor Nagar Indore 181429 344 Orchid Mn	IN
S1-003383	Ravenwood Systems Incorporated	36 Maplecrest Ave Lubbock 29549	US
S1-003384	Maplecrest Ironwood Chemicals Private Limited	371 Ravenwood Mn, Nagpur, Maharashtra, 852826	India
S1-003385	Falcon Stonebridge Packaging Private Limited	227 Brightpath St Quarry Nagar Kochi Gujarat 600439	IN
S1-003386	Vertex Logistics Incorporated	Quarry Park, Akron, WA, 63645, 244 Ironwood Road	USA
S1-003387	Silverline Solutions Corporation	234 Lantern Avenue, Onyx Park, Lubbock, 48966	USA
S1-003388	Cobalt Thistle Consultancy Company	184 Quarry Avenue, Lubbock, 33950	USA
S1-003389	Goldleaf Systems Company	36 Goldleaf Blvd, Bluepeak Park, Peoria, WA, 17662	US
S1-003390	Ravenwood Textiles Private Limited	337 Onyx Main, Kochi	India
S1-003391	Ravenwood Packaging Private Limited	13/35 Kestrel Main, Apex Nagar, Opp. Bus Depot, Surat, Rajasthan	IN
S1-003392	Harbor Electricals Company	327 Sunstone Boulevard, Goldleaf Park, Mobile, TX	US
S1-003393	Bluepeak Foods Incorporated	5 Meridian Blvd, Summit Park, Austin, WA, 30063	USA
S1-003394	Redwood Electricals Limited	356 Onyx Marg, Lantern Nagar, Surat	India
S1-003395	Apex Fabrics Limited	105 Redwood Cross, Orchid Nagar, Indore, Maharashtra, 506113	India
S1-003396	Thistle Enterprises Incorporated	149 Cobalt Ave Onyx Park Peoria 55744	United States
S1-003397	Vertex Motors Company	25 Lantern Ave, Akron	US
S1-003398	Bluepeak Packaging Incorporated	385 Onyx Street, Tacom, 37032	United States
S1-003399	Apex Juniper Chemicals Corporation	106 Bluepeak Rd, Ironwood Park, Tacoma, AL, 63686	USA
S1-003400	Juniper Logistics Private Limited	30/54 Silverline Mn, Bluepeak Nagar, Nagpurr, 427346	India
S1-003401	Stonebridge Textiles Corporation	376 Cobalt Road, Fresno, WA	US
S1-003402	Sunstone Packaging Private Limited	224 Stonebridge Crs Goldleaf Nagar Rajasthan 592403 Surat	India
S1-003403	Northgate Motors Private Limited	34 Apex St, Ironwood Nagar, Coimbatore, Kerala, 295983	India
S1-003404	Juniper Fabrics Limited	62 Redwood Main Jaipur 778333 Clearwater Nagaar	India
S1-003405	Clearwater Electricals Corporation	343 Brightpath Drive, Falcon Park, Austin, AL, 84970	USA
S1-003406	Clearwater Solutions Limited Liability Company	297 Ironwood Road, Falcon Park, Tacoma, CA	US
S1-003407	Apex Industries Incorporated	99 Bluepeak Road, Lantern Parrk, Akron, CA	USA
S1-003408	Juniper Goldleaf Trading Private Limited	297 Northgate Street Stonebridge Nagar Surat Kerala	India
S1-003409	Stonebridge Orchid Textiles Limited Liability Company	76 Bluepeak Dr, Austin, OH	USA
S1-003410	Redwood Vertex Fabrics Incorporated	Behind the Civic Center, 290 Quarry Blvd, Peoria, CA	US
S1-003411	Lantern Solutions Corporation	11 Silverline Boulevard, Summit Park, Austin, IL, 87044	US
S1-003412	Falcon Fabrics Private Limited	Ravenwood Nagar Kochi Maharashtra 77 Bluepeak Marg	IN
S1-003413	Goldleaf Vertex Textiles Limited Liability Company	365 Maplecrest Drive, Northgate Park, Austin, WA	USA
S1-003414	Apex Ironwood Consultancy Incorporated	218 Ironwoood Street, Kestrel Park, Tacoma, AL, 96356	United States
S1-003415	Brightpath Motors Incorporated	Tacoma, AL, 43626,  309 Northgate Street	US
S1-003416	Lantern Consultancy Private Limited	193 Falcon Marg Clearwater Nagar Indore Tamil Nadu 141555	India
S1-003417	Meridian Industries Company	39 Goldleaf Rd, Behind the Civic Center, Peoria, WA	USA
S1-003418	Redwood Foods Corporation	151 Summit Dr, Peoria, IL, 46640	United States
S1-003419	Stonebridge Trading Private Limited	284 Maplecrest Road, Brightpath Nagar, Surat, MP, 769736	India
S1-003420	Cobalt Logistics Private Limited	111 Goldleaf Marg, Nagpur, Maharashtra, 627653	IN
S1-003421	Onyx Electricals Company	15/29 Stonebridge Ave, Vertex Park, Opp. City Library, Akron, WA	United States
S1-003422	Meridian Foods Incorporated	Behind the Civic Center, 223 Clearwater Avenue, Falcon Park, Lubbock, 34549	US
S1-003423	Goldleaf Chemicals Private Limited	30/26 Sunstone Marg, Lantern Nagar, Tamil Nadu, 875090, Pune	India
S1-003424	Summit Services Incorporated	310 Maplecrest Boulevard, Bluepeak Park, Austin, CA, 90728	USA
S1-003425	Lantern Harbor Packaging Private Limited	91 Ironwood Marg, Jaipur, 137024	India
S1-003426	Harbor Consultancy Limited	384 Orchid Cross, Jaipur, 114046	India
S1-003427	Ironwood Industries Limited Liability Company	299 Silverline Drive, Mobile	US
S1-003428	Stonebridge Packaging Company	309 Harbor Drive Akron 93552 TX	US
S1-003429	Vertex Juniper Services Private Limited	Pune 208 Lantern Rd	India
S1-003430	Northgate Textiles Limited	291 Ravenwood Rd, Northgate Nagar, Surat, Gujarat	IN
S1-003431	Summit Services Limited	177 Orchid Mn, Orchid Nagar, Jaipur, Maharashtra,255074	IN
S1-003432	Stonebridge Solutions Private Limited	61 Stonebridge Marg, Vertex Nagar, Jaipur, 704080	IN
S1-003433	Orchid Systems Limited Liability Company	36 Silverline Ave, Onyx Park, Mobile	USA
S1-003434	Stonebridge Juniper Systems Company	8 Cobalt Drive Austin	United States
S1-003435	Quarry Consultancy Limited Liability Company	6/29 Ravenwood Avenue, Kestrel Park, Fresno, CA, 45080	USA
S1-003436	Sunstone Electricals Company	97 Ironwood Drive, Tacoma, AL, 81079	US
S1-003437	Brightpath Harbor Foods Company	279 Orchid Dr, Bluepeak Park, Fresno, 11538	USA
S1-003438	Thistle Summit Trading Limited Liability Company	316 Sunstone Ave Opp. City Library Fresno 24263	US
S1-003439	Orchid Harbor Foods Company	71 Brightpath St, Lantern Park, Mobile, TX	US
S1-003440	Northgate Industries Limited	209 Harbor Street Silverline Nagar Surat 571215	India
S1-003441	Maplecrest Enterprises Company	22/23 Onyx Dr, Vertex Park, 18822, Mobile	USA
S1-003442	Apex Enterprises Private Limited	392 Northgate Marg, Sunstone Nagar, Nagpur, 926525, Kerala	India
S1-003443	Cobalt Fabrics Limited Liability Company	329 Apex Ave, Cobalt Park, Near Exit 14, Mobile, AL, 91034	US
S1-003444	Ravenwood Motors Corporation	31 Silverline Dr, Stonebridge Park, Austin CA, 57583	US
S1-003445	Goldleaf Solutions Private Limited	30/46 Summit Cross Silvelrine Nagar Kochi 586292	India
S1-003446	Falcon Meridian Electricals Limited	67 Vertex Marg, Indore, Tamil Nadu	India
S1-003447	Summit Motors Incorporated	Opp. City Library 230 Meridian Drive Redwood Park Lubbock OH	USA
S1-003448	Apex Chemicals Limited Liability Company	221 Brightpath Drive, Orchid Park, Behind the Civic Center, Mobile, CA, 67198	United States
S1-003449	Stonebridge Solutions Corporation	224 Cobalt Ave, Peoria, AL, 26747	US
S1-003450	Cobalt Enterprises Limited Liability Company	270 Summit Ave, Opp. City Library, Mobile, WA, 21132	United States
S1-003451	Clearwater Textiles Incorporated	9 Sunstone Ave, Kestrel Park, Lubbock, IL, 50796	United States
S1-003452	Onyx Systems Corporation	357 Kestrel Ave, Summit Park, Austin, 67310	United States
S1-003453	Maplecrest Onyx Solutions Incorporated	294 BluepeakSt, Lantern Park, Near Exit 14, Mobile, AL	US
S1-003454	Quarry Services Limited	Meridian Nagar, Nagpuur, Tamil Nadu, 257713, 258 Meridian Rd	IN
S1-003455	Meridian Consultancy Private Limited	300 Falcon St, Gujarat, 233231, Coimbatore	IN
S1-003456	Goldleaf Logistics Limited	253 Sunstone Rd, Falcon Nagar, Indore, 264460	India
S1-003457	Bluepeak Foods Limited Liability Company	134 Summit Drive, Harbor Park, Near Exit 14, WA, 81530, Peoria	US
S1-003458	Maplecrest Logistics Limited Liability Company	33/14 Kestrel Rd, Tacoma, 26803, Quarry Park	USA
S1-003459	Vertex Goldleaf Textiles Limited Liability Company	126 Apex Rd, Quarry Park, Austin	USA
S1-003460	Onyx Textiles Company	190 Thistle Blvd Brighhtpath Park Austin IL 59696	USA
S1-003461	Goldleaf Quarry Enterprises Private Limited	167 Goldleaf Cross, Apex NNagar, Indore, Kerala, 551196	India
S1-003462	Ironwood Ravenwood Fabrics Private Limited	360 Summit Crs, Falcon Nagar, Pune, 811013	IN
S1-003463	Ravenwood Solutions Incorporated	150 Ironwood Street, Tacoma, 54752, Opp. City Library	US
S1-003464	Apex Industries Private Limited	161 Bluepeak Street, Meridian Nagar, Indore	IN
S1-003465	Redwood Lantern Logistics Private Limited	119 Ravenwood Cross, Near Metro Pillar 42, Lantern Nagar, Nagpur, Maharashtra, 546258	IN
S1-003466	Cobalt Maplecrest Packaging Private Limited	348 Silverline Cross, Near Metro Pillar 42, Ravenwodo Nagar, Nagpur	India
S1-003467	Juniper Logistics Corporation	247 Brightpath Dr, Akron, 50745	United States
S1-003468	Goldleaf Services Corporation	383 Lantern Boulevard, Meridian Park, Austin, OH, 29930	United States
S1-003469	Kestrel Motors Limited	61 Stonebridge Cross, Juniper Nagar, Nagpur, Tamil Nadu, 727368	IN
S1-003470	Sunstone Systems Company	371 Bluepeak Avenue Juniper Park Mobile IL 83441	United States
S1-003471	Redwood Logistics Private Limited	168 Bluepeak Rd, Meridian Nagar, Near SBI ATM, Indore, 435101	IN
S1-003472	Lantern Orchid Enterprises Limited	52 Lantern Cross, Vertex Nagar, Kochi, 248275	India
S1-003473	Thistle Enterprises Limited	155 Juniper Marg, Quarry Nagar, Nagpur	IN
S1-003474	Redwood Chemicals Private Limited	87 Goldleaf Street, Brightpath Nagar, Near SBI ATM, Indore	India
S1-003475	Summit Systems Private Limited	34 Ironwood Road, Brigtpath Nagar, 292502, Pune	IN
S1-003476	Ravenwood Fabrics Limited Liability Company	137 Falcon Drive, Tacoma, 72279	US
S1-003477	Lantern Juniper Solutions Limited	270 Apex Cross, Thistle Nagar, Kochi	IN
S1-003478	Clearwater Enterprises Corporation	294 Goldleaf Dr, Stonebridge Park, Peoria, AL, 30383	US
S1-003479	Ravenwood Clearwater Solutions Private Limited	343 Thistle Crs, Lantern Nagar, Jaipur, 530103, Rajasthan	IN
S1-003480	Goldleaf Logistics Limited	328 Bluepeak Main, Ironwood Nagar, Nagpur, 440877	IN
S1-003481	Redwood Industries Limited	208 Redwood Street, Lantern Nagar, Kochi, MP, 435542	IN
S1-003482	Stonebridge Services Corporation	14 Clearwater Dr, Mobile, 56209	US
S1-003483	Brightpath Ravenwood Textiles Limited Liability Company	260 Goldleaf St, Mobile	US
S1-003484	Vertex Consultancy Corporation	Opp. City Library, 31 Ironwood Avenue, Ravenwood Park, Tacoma, TX, 40461	US
S1-003485	Stonebridge Trading Limited	180 Goldleaf Marg, Clearwater Nagar, Kochi, MP	IN
S1-003486	Quarry Industries Company	28 Northgate Street Akron Juniper Park	USA
S1-003487	Goldleaf Packaging Incorporated	Tacoma, CA, 175 Cobalt Rd	United States
S1-003488	Cobalt Falcon Electricals Limited	122 Orchid Main, Stonebridge Nagar, Pune, Maharashtra, 927610	India
S1-003489	Bluepeak Systems Limited	19 Falcon St, Vertex Nagar, Indore	IN
S1-003490	Clearwater Harbor Electricals Limited Liability Company	167 Cobalt Street, Bluepeak Park, Austin	USA
S1-003491	Falcon Electricals Incorporated	117 Brightpath Rd, Apex Park, Peoria, AL, 50583	USA
S1-003492	Clearwater Packaging Private Limited	Near SBI ATM, 216 Juniper Main, Jaipur, Kerala	India
S1-003493	Silverline Chemicals Corporation	398 Kestrel Road, Orchid Park, Fresno, 59377	USA
S1-003494	Onyx Foods Private Limited	Near Metro Pillar 42, 374 Goldleaf Marg, Pune, Maharashtra, 710226	IN
S1-003495	Brightpath Consultancy Private Limited	351 Ironwood Marg Kestrel Nagar Pune Tamil Nadu 669774	India
S1-003496	Onyx Electricals Limited	97 Quarry Street, Brightpath Nagar, Surat	India
S1-003497	Northgate Redwood Packaging Corporation	39/88 Clearwater Avenue, Falcon Park, Opp. City Library, Akron	USA
S1-003498	Clearwater Trading Company	335 Vertex Ave, Falcon Park, Peoria, 27943	US
S1-003499	Meridian Foods Private Limited	2/80 Lantern Crs Surat 667242 Maplecrest Nagar	India
S1-003500	Stonebridge Textiles Corporation	76 Bluepeak Rd Fresno OH 42257 Summit Park	US
S1-003501	Kestrel Packaging Private Limited	60 Cobalt Mn, Quarry Nagar, Jaipur Tamil Nadu, 342043	IN
S1-003502	Stonebridge Textiles Company	308 Juniper Boulevard Falcon Park Peoria CA	USA
S1-003503	Quarry Enterprises Limited	276 Quarry Marg Apex Nagar Kochi Tamil Nadu 873732	IN
S1-003504	Stonebridge Chemicals Limited	13 Clearwater St, Kestrel Naagar, Nagpur, Tamil Nadu, 401966	India
S1-003505	Redwood Services Incorporated	359 Northgate Avenue, Orchid Park, Mobile, OH, 22138	United States
S1-003506	Orchid Packaging Limited Liability Company	334 Ironwood Ave,, Tacoma, 33589	US
S1-003507	Kestrel Meridian Services Limited	106 Stonebridge Main Coimbatore Tamil Nadu	India
S1-003508	Sunstone Systems Limited	27/13 Stonebridge Road Thistle Nagar Pune Kerala 282075	IN
S1-003509	Redwood Packaging Incorporated	28/41 Ironwood Ave, Ravnewood Park, Akron, IL, 27827	US
S1-003510	Orchid Enterprises Corporation	144 Sunstone Dr Tacoma AL Apex Park	US
S1-003511	Quarry Industries Limited	57 Harbor Cross, Kestrel Nagar, Pune, 362187	India
S1-003512	Thistle Packaging Corporation	140 Meridian Blvd, Mobile, OH, 45410	US
S1-003513	Northgate Juniper Trading Private Limited	4 Silverline Main, Falcon Nagar, Pune, Tamil Nadu, 206543	IN
S1-003514	Meridian Consultancy Private Limited	349 Onyx St Sunstone Nagar Nagpur Tamil Nadu	India
S1-003515	Clearwater Textiles Incorporated	8/34 Clearwater Rd, Lubbock, WA, 42163	US
S1-003516	Stonebridge Goldleaf Consultancy Limited	264 Meridian Marg, Surat,  Rajasthan, 193524	India
S1-003517	Apex Cobalt Enterprises Incorporated	226 Apex Road FresnoOH 80898	US
S1-003518	Stonebridge Clearwater Fabrics Corporation	3/26 Quarry Dr, Lubbock, 85901	United States
S1-003519	Harbor Ironwood Trading Private Limited	61 Apex Cross, Stonebridge Nagar, Surat, 842537	India
S1-003520	Onyx Enterprises Private Limited	324 Ravenwood Marg, Brightpath Nagar, Surat, Tamil Nadu, 900557	IN
S1-003521	Ravenwood Maplecrest Enterprises Limited Liability Company	42 Sunstone Road, Maplecrest Park, Austin, 30725	USA
S1-003522	Cobalt Logistics Private Limited	132 Ironwood Road, Jaipur, 376799	IN
S1-003523	Cobalt Systems Limited	258 Northgate Marg, Harbor Nagar, Near Metro Pillar 42, Coimbatore, 848837	IN
S1-003524	Northgate Motors Company	19 Northgate Dr, Goldleaf Park, Tacoma, WA, 85393	US
S1-003525	Stonebridge Electricals Private Limited	187 Northgate Crs Juniper Nagar Nagpur MP 771903	India
S1-003526	Summit Logistics Limited	310 Redwood Marg, Falcon Nagar, Coimbatore	India
S1-003527	Ironwood Chemicals Private Limited	12 Redwood Mn Brightpath Nagar Indore Kerala	IN
S1-003528	Cobalt Textiles Company	242 Quary Street, Fresno, AL	US
S1-003529	Onyx Electricals Limited	207 Juniper Marg, Northgate Nagar, Behind Ganesh Temple, Pune, MP, 689007	IN
S1-003530	Onyx Brightpath Industries Limited	14 Stonebridge Cross, Redwood Nagar, Pune, Tamil Nadu	IN
S1-003531	Brightpath Harbor Solutions Limited	174 Onyx Road, Orchid Nagar, Surat, 621715	India
S1-003532	Onyx Trading Private Limited	367 Orchid Mn, Near SBI ATM, Nagpur	IN
S1-003533	Bluepeak Enterprises Company	88 Maplecrest Boulevard, Kestrel Park, TX, 85413, Akron	United States
S1-003534	Goldleaf Electricals Incorporated	200 Falcon Rd, Juniper Park, Lubbock, TX	USA
S1-003535	Falcon Motors Limited Liability Company	39/41 Buepeak Rd, Vertex Park, Tacoma, AL	US
S1-003536	Falcon Enterprises Limited	43 Redwood Road, Near Metro Pillar 42, Clearwater Nagar, Nagpur, Maharashtra, 421530	India
S1-003537	Orchid Harbor Packaging Limited Liability Company	37 Vertex Drrive Harbor Park Mobile OH	United States
S1-003538	Lantern Kestrel Logistics Company	258 Sunstone Street Goldleaf Park Fresno CA 79935	USA
S1-003539	Silverline Goldleaf Electricals Limited Liability Company	14 Thistle Drive Lantern Park Akron 12963	United States
S1-003540	Onyx Chemicals Private Limited	53 Meridian Main, Bluepeak Nagar, Kochi, Maharashtra, 864062	IN
S1-003541	Falcon Solutions Private Limited	217 Brightpath St Coimbatore Gujarat	IN
S1-003542	Onyx Solutions Private Limited	143 Ravenwood Street, Ravenwood Nagar, Kochi, 189829	IN
S1-003543	Ironwood Logistics Private Limited	119 Orchid Mn, Brightpath Nagar, Surat, Gujarat, 813413	India
S1-003544	Vertex Kestrel Trading Corporation	342 Maplecrest Street, Falcon Park, Peoria, WA, 17514	United States
S1-003545	Maplecrest Solutions Private Limited	391 Apex aMrg Kestrel Nagar Surat MP	India
S1-003546	Sunstone Services Limited	362 Thistle St, Clearwater Nagar, Surat	IN
S1-003547	Quarry Motors Limited	392 Ironwood Rd Stonebridge Nagar Pune Tamil Nadu 152275	IN
S1-003548	Summit Chemicals Company	205 Falcon St, Harbor Park, Lubbock, CA, 68958	US
S1-003549	Meridian Services Incorporated	367 Ironwood Street Vertex Park Mobile TX 57129	USA
S1-003550	Lantern Enterprises Company	8/26 Silverline Blvd Ravenwood Park Lubbock	United States
S1-003551	Sunstone Trading Private Limited	390 Ironwood Cross, Harbor Nagar, Jaipur, 674554	India
S1-003552	Onyx Fabrics Private Limited	34/88 Summit Marg, Harbor Nagar, Pune, Maharashtra, 512566	IN
S1-003553	Onyx Logistics Limited Liability Company	220 Orchid St, Kestrl Park, Mobile, CA, 34644	US
S1-003554	Juniper Chemicals Company	180 Thistle Rd, Northgate Park, Austin, TX	USA
S1-003555	Ravenwood Apex Textiles Limited Liability Company	Behind the Civic Center, 14/52 Silverline Avenue, Ravenwood Park, Austin, CA, 21322	USA
S1-003556	Cobalt Logistics Private Limited	20 Redwood Street, Thistle Nagar, 558583, Pune	India
S1-003557	Silverline Onyx Motors Limited	63 Ravenwood Mn, Clearwater Nagar, Kochi, 554335	IN
S1-003558	Juniper Bluepeak Packaging Incorporated	302 Kestrel Road, lCearwater Park, Austin, 90290	USA
S1-003559	Falcon Packaging Private Limited	192 Redwood Cross Ironwood Nagar Coimbatore Rajasthan 499591	India
S1-003560	Goldleaf Systems Private Limited	2/25 Clearwater St, Silverline Nagar, Indore	IN
S1-003561	Juniper Electricals Private Limited	234 Harbor Marg, Nagpur, Rajasthan, 819526	India
S1-003562	Bluepeak Fabrics Limited Liability Company	365 Ironwood Drive, Fresno, IL	USA
S1-003563	Orchid Northgate Services Limited	352 Onyx Street, Indore, M,P 842320	India
S1-003564	Falcon Falcon Electricals Limited	193 Redwood Cross, Northgate Naagar, Indore, Rajasthan, 225515	IN
S1-003565	Maplecrest Logistics Private Limited	391 Ravenwood Rd, Maplecrest Nagar, Kochi, 145107	IN
S1-003566	Ravenwood Motors Private Limited	4/69 Northgate Main, Goldleaf Nagar, Coimbatore, Rajasthan, 823705	IN
S1-003567	Apex Lantern Electricals Limited	255 Vertex St Near SBI ATM Pune Rajasthan 987150	India
S1-003568	Orchid Consultancy Company	153 Apex St Cobalt Park Lubbock TX 71258	US
S1-003569	Onyx Services Limited Liability Company	20/21 Ravenwood Ave, Onyx Park, Akron, CA, 69743	US
S1-003570	Kestrel Industries Private Limited	331 Lantern Marg, Stonebridge Nagar, Coimbatore	IN
S1-003571	Lantern Enterprises Private Limited	96 Clearwater Marg, Bluepeak Nagar, Nagpur, 833117	India
S1-003572	Silverline Packaging Private Limited	107 Sunstone Marg Juniper Nagar Jaipur Gujarat	IN
S1-003573	Maplecrest Industries Limited	127 Lantern Crs, Onyx Nagar, Indore, 809811	India
S1-003574	Harbor Bluepeak Industries Private Limited	216 Juniper Mn, Northgate Nagar, Behind Ganesh Temple, Nagpur,, Tamil Nadu, 690427	IN
S1-003575	Apex Chemicals Company	365 Meridian Dr Sunstone Park Lubbock CA	USA
S1-003576	Apex Ironwood Textiles Company	25/62 Apex Boulevard, Fresno, 61581	USA
S1-003577	Orchid Industries Incorporated	111 Ravenwood Road, Maplecrest Park, Tacoma, 94424	US
S1-003578	Stonebridge Maplecrest Trading Limited	Near SBI ATM, 214 Falcon Marg, Coimbatore, Maharashtra, 585240	India
S1-003579	Onyx Electricals Limited Liability Company	62 Northgate Ave Ravenwoodd Park Akron 17812	USA
S1-003580	Lantern Solutions Private Limited	232 Ironwood Road, Stonebridge Nagar, Pune, 108900	India
S1-003581	Goldleaf Electricals Private Limited	32 Vertex Road, Kestrel Nagar, Indore	IN
S1-003582	Juniper Trading Limited	Opp. Bus Depot, 58 Juniper Cross, Jaipur, 183749	India
S1-003583	Brightpath Trading Limited Liability Company	Behind the Civic Center, 4/10 Ironwood Drive, Maplecrest Park, Lubbock, CA	United States
S1-003584	Northgate Clearwater Electricals Private Limited	34 Falcon Rd, Indore, Maharashtra, 643439	India
S1-003585	Falcon Motors Corporation	95 Onyx Street, Harbor Park, Near Exit 14, Austin, OH, 74837	US
S1-003586	Quarry Logistics Incorporated	337 Quarry Blvd, Harbor Park, Lubbock, AL	United States
S1-003587	Summit Enterprises Corporation	299 Apex Avenue, Ravenwood Park, Akron, IL	USA
S1-003588	Sunstone Services Limited Liability Company	180 Lantern Avenue, Lantern Park, Fresno, AL	USA
S1-003589	Juniper Systems Company	Opp. City Library, 272 Goldleaf Ave, Clearwater Park, Akron, AL	United States
S1-003590	Cobalt Textiles Limited	62 Onyx Mn, Nagpur, Kerala, 488105	IN
S1-003591	Orchid Solutions Private Limited	Behind Ganesh Temple, 101 Brightpath Crs, Goldlef Nagar, Nagpur, Kerala, 765709	India
S1-003592	Sunstone Systems Corporation	96 Meridian Dr Apex Park Opp. City Library Austin WA	US
S1-003593	Ravenwood Textiles Private Limited	Indore, Tamil Nadu, 123 Orchid Marg	India
S1-003594	Ravenwood Onyx Foods Incorporated	Ironwood Park, Austin, TX, 23/51 Cobalt Dr	United States
S1-003595	Kestrel Falcon Fabrics Private Limited	80 Falcon Street Cobalt Naga Kochi 929057	India
S1-003596	Apex Chemicals Incorporated	22/18 Vertex Rd, CA, Mobile	USA
S1-003597	Harbor Trading Limited	310 Lantern Main, Redwood Nagar, Pune, 720543	India
S1-003598	Falcon Motors Private Limited	189 Redwood Road, Stonebridge Nagar, Kochi, Gujarat	India
S1-003599	Juniper Services Private Limited	232 Cobal tMarg Meridian Nagar Jaipur Rajasthan 705052	IN
S1-003600	Bluepeak Logistics Corporation	9/88 Northgate Drive, Near Exit 14, Tacoma, CA, 19861	United States
S1-003601	Harbor Silverline Systems Company	34 OrchidR oad, Thistle Park, Tacoma, IL, 64329	USA
S1-003602	Vertex Logistics Limited	252 Redwood Crs, Indore, 166231	India
S1-003603	Clearwater Northgate Chemicals Limited	150 Clearwater Cross, Indore, 339923	India
S1-003604	Cobalt Foods Limited Liability Company	112 Ravenwood Street, Mobile, CA, 46940	USA
S1-003605	Bluepeak Services Limited Liability Company	109 Apex Bulevard Apex Park 10124 Austin	US
S1-003606	Apex Trading Limited	37 Clearwater Main Nagpur MP 520811	IN
S1-003607	Ravenwood Industries Limited Liability Company	433 Onyx Dr, Lantern Park, Peoria, 86503	US
S1-003608	Clearwater Enterprises Company	96 Ironwood Road, Apex Park, Mobil, AL	US
S1-003609	Bluepeak Silverline Packaging Corporation	205 Kestrel Dr, Orchid Park, Tacoma,  33543	US
S1-003610	Maplecrest Logistics Limited	79 Falcon Road, Orchid Nagar, Kochi, Maharashtra, 734149	IN
S1-003611	Silverline Solutions Corporation	162 Bluepeak Road Fresno OH	United States
S1-003612	Summit Logistics Limited	91 Meridian Marg, Surat, 43165	India
S1-003613	Lantern Logistics Private Limited	Opp. Bus Depot, 397 Orchid Mn, Nagpur, Gujarat, 229962	IN
S1-003614	Kestrel Systems Private Limited	7/85 Apex Road, Bluepeak Nagar, Nagpur, MP, 401464	IN
S1-003615	Juniper Trading Limited	212 Northgate Marg, Opp. Bus Depot, Orchid Nagar, Surat, 548076	India
S1-003616	Kestrel Ravenwood Consultancy Private Limited	245 Ironwood Cross Sunstone Nagar Pune Tamil Nadu 169542	India
S1-003617	Falcon Clearwater Chemicals Limited Liability Company	177 Meridian Road, Near Exit 14, Apex Park, Tacoma, TX, 44197	USA
S1-003618	Goldleaf Ironwood Electricals Corporation	349 Quarry Ave, Opp. City Library, Fresno, 16278	US
S1-003619	Onyx Fabrics Corporation	306 Juniper St, Stonebridge Park, Austin, WA, 49696	US
S1-003620	Clearwater Logistics Limited Liability Company	Behind the Civic Center, 166 Summit Blvd, Apex Park, Austin, TX, 41203	United States
S1-003621	Ravenwood Quarry Consultancy Corporation	Opp. City Library, 337 Clearwater Rd, Peoria, 62929	United States
S1-003622	Thistle Electricals Company	88 Stonebridge Ave Apex Park Akron AL	USA
S1-003623	Redwood Motors Corporation	2 Harbor Dr, Brightpath Park, Lubbock, 28659	US
S1-003624	Falcon Foods Incorporated	121 Thistle Street, Sunstone Park, Tacoma, IL	United States
S1-003625	Kestrel Electricals Limited Liability Company	95 Summit St, Meridian Park, Akron, WA, 69558	USA
S1-003626	Summit Packaging Corporation	246 Harbor Street, Summit Park, Akron, 30943	USA
S1-003627	Apex Systems Company	14Ironwood Blvd, Peoria, WA	United States
S1-003628	Clearwater Packaging Limited	216 Onyx Marg Nagpur Tamil Nadu	India
S1-003629	Falcon Solutions Private Limited	380 Summit Street, Cobalt Nagar, Surat, Gujarat, 205846	IN
S1-003630	Falcon Systems Limited	261 Bluepeak Road, Redwood Nagar, Surat, Tamil Nadu	India
S1-003631	Sunstone Packaging Incorporated	Behind the Civic Center 311 Lantern Road Fresno 51397	USA
S1-003632	Apex Orchid Motors Limited Liability Company	18/10 Harbor Avenue Peoria 88257	US
S1-003633	Vertex Logistics Limited	81 Goldleaf Main, Quarry Nagar, Pune, 214274	India
S1-003634	Quarry Consultancy Limited	148 Summit St Opp. Bus Depot Summit Nagar Indore 246332	India
S1-003635	Apex Consultancy Incorporated	352 Kestrel Dr, Tacoma, 34047	US
S1-003636	Sunstone Motors Limited	225 Juniper Marg, Behindd Ganesh Temple, Kochi, Kerala, 511822	India
S1-003637	Quarry Textiles Private Limited	237 Stonebridge Mn, Near Metro Pillar 42, Coimbatore, Tamil Nadu, 834673	IN
S1-003638	Apex Textiles Private Limited	325 Redwood Marg, Lantern Nagar, Coimbatore, Rajasthan, 393741	India
S1-003639	Ravenwood Vertex Foods Private Limited	264 Quarry Street, Surat, MP	India
S1-003640	Apex Meridian Trading Incorporated	240 Bluepeak Road Apex Park Akron 97761 WA	United States
S1-003641	Quarry Textiles Limited Liability Company	22/11 Cobalt Blvd, Orchid Park, Austin, AL	US
S1-003642	Thistle Foods Private Limited	4 Falcon Street, Vertex Nagr, Surat, Rajasthan, 342204	India
S1-003643	Harbor Fabrics Private Limited	390 Kestrel Rd,Pune, Rajasthan, 335932	India
S1-003644	Sunstone Consultancy Corporation	70 Onyx Blvd Goldleaf Park Mobile 18444	United States
S1-003645	Thistle Packaging Corporation	247 Kestrel Ave Austin AL	USA
S1-003646	Onyx Maplecrest Industries Private Limited	234 Harbor Main, Ironwood Nagar, Jaipur, Tmail Nadu	IN
S1-003647	Goldleaf Falcon Electricals Company	Near Exit 14, 101 Summit Street, Harbor Park, Austin, AL	USA
S1-003648	Ravenwood Systems Incorporated	12/78 Juniper Road, Falcon Park, Austin	USA
S1-003649	Juniper Services Limited Liability Company	Opp. City Library, 242 Thistle St, Apex Park, Lubbock, AL, 27073	United States
S1-003650	Quarry Foods Private Limited	15 Meridian Marg Opp. Bus Depot Ironwood Nagar Nagpur 203775	India
S1-003651	Ravenwood Foods Private Limited	15 Bluepeak Mn, Goldleaf Nagar, Nagpur, Rajasthan, 676234	IN
S1-003652	Cobalt Silverline Electricals Limited	32/47 Stonebridge Crs, Meridian Nagar, Pune	IN
S1-003653	Orchid Solutions Limited Liability Company	121 Brightpath Avenue, Tacoma, WA, 35443	USA
S1-003654	Silverline Consultancy Private Limited	23 Thistle Rd, Near SBI ATM, Goldleaf Nagar, Kerala, 941255, Pune	India
S1-003655	Meridian Maplecrest Systems Company	128 Goldleaf Drive, Silverline Park, Peoria	US
S1-003656	Silverline Logistics Private Limited	209 Thistle Main, Indore, Tamil Nadu, 290644	India
S1-003657	Silverline Services Private Limited	324 Clearwater Rd, Jaipur, MP	IN
S1-003658	Falcon Textiles Incorporated	39/27 Lantern Avenue, Goldlaef Park, Austin, 98068	United States
S1-003659	Maplecrest Vertex Textiles Company	1/82 Apex Drive, Akron, Bluepeak Park	USA
S1-003660	Northgate Fabrics Private Limited	279 Vertex Road, Clearwater Nagar, Nagpur, 979373	IN
S1-003661	Ironwood Ironwood Packaging Private Limited	328 Silverline St, Surat	IN
S1-003662	Orchid Stonebridge Industries Limited	10/83 Harbor Street Northgate Nagar Surat Maharashtra	India
S1-003663	Onyx Chemicals Limited Liability Company	28 Kestrel Drive, Northgate Park, Akron, 99381	United States
S1-003664	Meridian Chemicals Private Limited	105 Summit St, Coimbatore, Kerala, 907903, Kestrel Nagar	IN
S1-003665	Ravenwood Electricals Limited	191 Lantern Marg, Pune, Tamil Nadu, 734875	India
S1-003666	Ironwood Trading Limited	90 Brightpath St, Falcon Nagar, Near Metro Pillar 42, Nagpur, Tamil Nadu	IN
S1-003667	Brightpath Motors Incorporated	6/50 Harbor Road,, Meridian Park, Tacoma, CA	USA
S1-003668	Bluepeak Sunstone Textiles Private Limited	195 Lantern Crs, Behind Ganesh Temple, Surat	India
S1-003669	Ravenwood Foods Private Limited	359 Stonebridge Cross, Goldleaf Nagar, Behind Ganesh Temple, Jaipur, 607142	India
S1-003670	Onyx Motors Limited Liability Company	385 Northgate Avenue, Mobile, TX, 75996	US
S1-003671	Lantern Enterprises Company	Near Exit 14 25 Sunstone Boulevard Redwood Park Peoria AL 20867	USA
S1-003672	Summit Systems Incorporated	42 Ironwood Dr, AL, Fresno	United States
S1-003673	Northgate Consultancy Limited	272 Cobalt Street, Indore, Tamil Naud	India
S1-003674	Apex Textiles Private Limited	336 Kestrel Main, Northgate Nagar, Coimbatore, Tamil Nadu, 975998	IN
S1-003675	Clearwater Services Private Limited	322 Juniper Street, Clearwater Nagar, Near Metro Pillar 42, Kochi	India
S1-003676	Falcon Consultancy Limited Liability Company	216 Thistle Dr, Apex Park, Akron	United States
S1-003677	Meridian Fabrics Private Limited	229 Goldleaf Marg Coimbatore MP	IN
S1-003678	Lantern Chemicals Private Limited	225 Meidian Marg, Bluepeak Nagar, Kochi, Rajasthan, 435716	IN
S1-003679	Clearwater Enterprises Private Limited	375 Ironwood Cross, Brightpth Nagar, Coimbatore, Tamil Nadu	IN
S1-003680	Lantern Enterprises Company	274 Ironwood Dr, Orchid Park, Tacoma, 19721	US
S1-003681	Quarry Chemicals Limited	Thistle Nagar, Indore, 284 Clearwater Marg	India
S1-003682	Lantern Sunstone Packaging Corporation	70 Kestrel Boulevard, Peoria, 77629	US
S1-003683	Goldleaf Industries Company	7 Cobalt Avenue, Fresno, WA	US
S1-003684	Vertex Enterprises Company	344 Stonebridge Ave, Orchid Park, Mobile, AL, 53459	USA
S1-003685	Silverline Services Corporation	299 Ravenwood Drive, Onyx Prak, Lubbock, IL, 40151	United States
S1-003686	Orchid Motors Limited	83 Falcon Street Onyx NagarK ochi 807574	India
S1-003687	Ravenwood Motors Company	114 Ironwood Drive, Falcon Park, Akron, TX	United States
S1-003688	Sunstone Electricals Corporation	84 Kestrel Avenu eSummit Park Mobile CA	USA
S1-003689	Quarry Motors Company	246 Lantern Rd, Peoria	United States
S1-003690	Orchid Electricals Private Limited	54 Brightpath Marg Silverline Nagar Coimbatore	IN
S1-003691	Quarry Foods Incorporated	207 Cobalt Street, Sunstone Par, Peoria	United States
S1-003692	Goldleaf Consultancy Private Limited	168 Sunstone Crs, Kestrel Nagar, Coimbatore, 815821	IN
S1-003693	Orchid Packaging Limited	Near SBI ATM, 196 Clearwater St, Coimbatore, Tamil Nadu, 519889	IN
S1-003694	Maplecrest Motors Limited	338 Sunstone St, Cobalt Nagar, Jaipur, Rajasthan	India
S1-003695	Redwood Enterprises Company	15 Juniper Dr, Thistle Park, Peoria	US
S1-003696	Maplecrest Clearwater Industries Private Limited	Opp. Bus Depot, 395 Falcon Road, Nagpur, Rajasthan, 246792	India
S1-003697	Falcon Textiles Private Limited	31/87 Thistle Marg, Redwood Nagar, Kochi, 796789	India
S1-003698	Stonebridge Consultancy Incorporated	15 Summit Road, Quarry Park, Tacoma	US
S1-003699	Juniper Solutions Company	Stonebridge Park Austin 264 Harbor Rd	United States
S1-003700	Kestrel Lantern Textiles Private Limited	74 Brightpath Road, Ravenwood Nagar, Indore, 6865339	IN
S1-003701	Onyx Thistle Motors Limited	386 Stonebridge Cross, Surat, Maharashtra	IN
S1-003702	Clearwater Ironwood Logistics Private Limited	259 Northgate St Vertex Nagar Pune Maharashtra	IN
S1-003703	Kestrel Packaging Private Limited	Opp. Bus Depot 390 Juniper Rd Juniper Nagar Indore 469200	IN
S1-003704	Silverline Systems Corporation	Vertex Park, Akron, 49902, 144 Clearwater Blvd	US
S1-003705	Vertex Goldleaf Chemicals Company	6/48 Juniper Avenue Stonebridge Parkk Tacoma 69043	USA
S1-003706	Thistle Trading Limited Liability Company	81 Maplecrest Rd, Apex Park, Fresno, AL, 48137	United States
S1-003707	Thistle Services Company	236 Harbor Blvd, Tacoma, 92095, Summit Park	US
S1-003708	Brightpath Onyx Packaging Corporation	226 Juniper Road, Summit Park, Peoria, 63776	United States
S1-003709	Apex Electricals Corporation	218 Apex Drive Cobalt Park Peoria IL 74087	US
S1-003710	Silverline Foods Company	112 Juniper Blvd, Meridian Park, Peoria, WA, 16609	USA
S1-003711	Lantern Foods Private Limited	113 Bluepeeak Road, Juniper Nagar, Surat, Rajasthan	India
S1-003712	Summit Juniper Systems Company	90 Silverline Blvd Kestrel Park Peoria IL 81097	US
S1-003713	Apex Summit Motors Limited Liability Company	190 Juniper Dr, Clearwater Park, Lubbock	US
S1-003714	Maplecrest Silverline Fabrics Private Limited	231 Quarry Rd, Near Metro Pillar 42, Pune, 525938	India
S1-003715	Summit Electricals Private Limited	61 Onyx Main, Juniper Nagar, Near Metro Pillar 42, Indore, 666618	India
S1-003716	Kestrel Packaging Limited Liability Company	158 Ironwood St, Near Exit 14, Lubbock, 14561	USA
S1-003717	Stonebridge Consultancy Incorporated	38 Harbor Blvd, Silverline Park, Akron, AL, 44838	USA
S1-003718	Silverline Industries Limited	63 Harbor Crs Cobalt Nagar Surat Maharashtra 996664	India
S1-003719	Lantern Systems Private Limited	Near Metro Pillar 42 112 Kestrel Cross Surat Tamil Nadu	India
S1-003720	Orchid Meridian Trading Private Limited	33 Ironwood Street, Brightpath Nagar, Near SBI ATM, Pune, Tamil Nadu, 891991	India
S1-003721	Kestrel Enterprises Company	43 Orchid Boulevard Sunstone Park Peoria OH	US
S1-003722	Juniper Electricals Incorporated	88 Falcon Avenue, Tacoma, 27212	US
S1-003723	Harbor Textiles Private Limited	385 Falcon Cross, Juniper Nagar, Surat, Tamil Nadu, 972355	India
S1-003724	Summit Trading Private Limited	17 Lantern Road, Silverline Nagar, Jaipur, Tamil Nadu, 804715	India
S1-003725	Falcon Industries Limited Liability Company	54 Lantern Street, Meridian Park, Opp. City Library, Austin, 79315	United States
S1-003726	Apex Foods Incorporated	77 Redwood Avenue, Austin, 54001	United States
S1-003727	Brightpath Consultancy Limited Liability Company	99 Silverline Ave Fresno IL 30512	United States
S1-003728	Juniper Foods Company	391 Cobalt Road, Opp. City Library, Orchid Park, Lubbock, CA, 47011	US
S1-003729	Bluepeak Stonebridge Industries Limited Liability Company	365 Cobalt Dr, Austin, AL	United States
S1-003730	Stonebridge Sunstone Services Limited	302 Goldleaf Street, Maplecrest Nagar, 775851, Surat	India
S1-003731	Silverline Enterprises Private Limited	324 Summit Road, Northgate Nagar, Surat, Maharashtra	India
S1-003732	Goldleaf Services Limited	265 Clearwater Cross, Orchid Nagar, Nagpur	IN
S1-003733	Thistle Textiles Private Limited	318 Redwood Street, Maplecrest Nagar, Jaipur, Tamil Nadu	IN
S1-003734	Lantern Systems Incorporated	167 Brightpath Street, Orchid Park, Mobile, IL, 90338	US
S1-003735	Apex Packaging Limited Liability Company	60 Brightpath St Lubbock CA 82762	USA
S1-003736	Stonebridge Goldleaf Services Corporation	324 Ravenwood Road Bluepeak Park Tacoma TX 8230	US
S1-003737	Cobalt Summit Logistics Incorporated	Behind the Civic Center, 77 Silverline Street, Clearwater Park, Akron, TX	US
S1-003738	Brightpath Electricals Private Limited	244 Stonebridge Road, Clearwater Nagar, Indore, 843533	India
S1-003739	Ravenwood Services Limited	Near Metro Pillar 42, 92 Bluepeak Marg, Stonebridge Nagar, Coimbatore, 650652	India
S1-003740	Sunstone Clearwater Enterprises Private Limited	Opp. Bus Depot, 280 Apex St, Indore	IN
S1-003741	Brightpath Thistle Foods Limited Liability Company	54 Summit Blvd, Lantern Park, Fresno, 47128	US
S1-003742	Apex Electricals Limited	19/41 Silverline Main Coimbatore Rajasthan 957963	IN
S1-003743	Redwood Consultancy Limited	189 Kestrel Crs, Meridian Nagar, Jaipur, Maharashtra, 306588	India
S1-003744	Vertex Services Company	77 Ravenwood Blvd, Silverline Park, Akron, CA, 50802	US
S1-003745	Redwood Systems Limited Liability Company	311 Bluepeak Avenue, Fresno, CA, 24618	United States
S1-003746	Clearwater Ravenwood Services Corporation	220 Apex Street, Juniper Park, Austin, OH	United States
S1-003747	Juniper Motors Limited Liability Company	382 Apex Street Silverline Park Akron CA	USA
S1-003748	Apex Motors Limited	139 Goldleaf Cross Coimbatore	India
S1-003749	Sunstone Textiles Limited Liability Company	291 Lantern Bldv Redwood Park Mobile CA	United States
S1-003750	Falcon Foods Private Limited	67 Meridian St Juniper Nagar Kochi 380930	IN
S1-003751	Clearwater Quarry Solutions Private Limited	144 Quarry Mn, Thistle Nagar, Indore, 374667	India
S1-003752	Harbor Industries Private Limited	208 Northgate Cross, Nagpur, MP, 6632245	IN
S1-003753	Northgate Logistics Incorporated	312 Summit Boulevard Summit Park Tacoma AL 92154	USA
S1-003754	Clearwater Electricals Company	342 Summit St, Austin, OH, 11627	US
S1-003755	Stonebridge Textiles Corporation	340 Stonebridge St, Near Exit 14, Falcon Park, Peoria, CA	USA
S1-003756	Goldleaf Clearwater Logistics Private Limited	68 Juniper Main, Vertex Nagar, Coimbatore, Tamil Nadu	IN
S1-003757	Apex Enterprises Private Limited	281 Redwood Cross, Indore, MP, 290908	India
S1-003758	Stonebridge Trading Incorporated	298 Maplecerst Dr, Ironwood Park, Austin, CA, 75394	USA
S1-003759	Orchid Solutions Private Limited	252 Apex Mn Goldleaf Nagar Kochi Maharashtra	India
S1-003760	Quarry Stonebridge Electricals Limited	123 Falcon Crs, Near Metro Pillar 42, Stonebridge Nagar, Nagpur, MP	IN
S1-003761	Meridian Enterprises Private Limited	162 Goldleaf Road Quarry Nagar Nagpur Kerala	IN
S1-003762	Kestrel Solutions Incorporated	50 Silverline Street, Silverline Park, Fresno, 25984	United States
S1-003763	Juniper Electricals Corporation	274 Bluepeak St Lubbock	US
S1-003764	Quarry Industries Private Limited	4/27 Silverline Street, Pune, Tamil Nadu	India
S1-003765	Quarry Quarry Consultancy Private Limited	24 Silverline Crs, Harbor Nagar, Jaipur, Gujarat, 208012	India
S1-003766	Brightpath Foods Incorporated	236 Silverline Road, Bluepeak Park, Tacoma, IL, 23027	US
S1-003767	Clearwater Bluepeak Services Corporation	165 Meridian Road, Juniper Park, Austin, AL, 20248	USA
S1-003768	Lantern Consultancy Private Limited	78 Bluepeak Road, Falcon Nagar, Pune, Rajasthan	India
S1-003769	Maplecrest Brightpath Electricals Limited Liability Company	293 Thistle Road, Akron, IL	US
S1-003770	Falcon Orchid Trading Incorporated	308 Vertex Ave, Peoria	United States
S1-003771	Stonebridge Motors Limited	101 Lantern Marg, Opp. Bus Depot, Ironwood Nagar, Pune	India
S1-003772	Ravenwood Foods Incorporated	346 Summit Street, Lantern Park, Mobile, WA	United States
S1-003773	Silverline Meridian Systems Limited Liability Company	241 Clearwater Blvd Lantern Park Fresno TX 70758	US
S1-003774	Maplecrest Textiles Company	235 Clearwater Road, Near Exit 14, Akron, 24229	United States
S1-003775	Goldleaf Packaging Corporation	264 Orchid Boulevard, Akron, Kestrel Park	USA
S1-003776	Kestrel Services Private Limited	64 Cobalt Main, Napur, Kerala, 704395	India
S1-003777	Clearwater Industries Limited	248 Sunstone St, Onyx Nagar, Jaipur, Gujarat, 628076	IN
S1-003778	Redwood Sunstone Industries Private Limited	300 Lantern Marg Falcon Nagar Jaipur 680988	India
S1-003779	Lantern Fabrics Private Limited	179 Harbor Mn Northgate Nagar Indore Tamil Nadu	IN
S1-003780	Ravenwood Meridian Solutions Corporation	383 Maplecrest Dr, Behind the Civic Center, Juniper Park, Lubbock, CA, 49160	United States
S1-003781	Stonebridge Services Private Limited	67 Ironwood Street Silverline Nagar Nagpur Maharashtra 604100	India
S1-003782	Stonebridge Redwood Industries Company	Opp. City Library, 130 Orchid Avenue, Tacoma, IL, 48417	United States
S1-003783	Lantern Motors Private Limited	368 Clearwater Mn, Clearwater Nagar, Opp. Bus Depot, Surat, 110356, Gujarat	India
S1-003784	Summit Chemicals Incorporated	365 Falcon St, Mobile, 39480	United States
S1-003785	Orchid Systems Limited Liability Company	316 Juniper Boulevard, Akron, OH	US
S1-003786	Silverline Services Private Limited	295 Quarry Mn, Behind Ganesh Temple, Thistle Nagar, Jaipur, MP, 388989	IN
S1-003787	Summit Services Incorporated	255 Clearwater Ave Stonebridge Park Opp. City Library Fresno	United States
S1-003788	Goldleaf Chemicals Private Limited	356 Ironwood Marg, Orchid Nagar, Nagpur, Rajasthan	IN
S1-003789	Meridian Packaging Incorporated	106 Harbor Avenue, Vertex Park, Behind the Civic Center, Tacoma, 96261	United States
S1-003790	Juniper Summit Foods Limited	Oppp. Bus Depot, 59 Harbor Marg, Surat, Gujarat, 519710, Apex Nagar	India
S1-003791	Onyx Solutions Limited Liability Company	50 Kestrel Blvd, Sunstone Park, OH, 77095, Peoria	USA
S1-003792	Thistle Summit Enterprises Private Limited	5/60 Harbor Road, Silverline Nagar, Pune	IN
S1-003793	Sunstone Enterprises Private Limited	Near SBI ATM, 60 Redwood Crs, Kestrel Nagar, Indore, MP, 753108	India
S1-003794	Northgate Foods Limited Liability Company	8/72 Sunstone Avenue Ravenwood Park Fresno OH 81386	USA
S1-003795	Juniper Consultancy Incorporated	6 Quarry Blvd, Bluepeak Park, Tacoma, TX, 49759	US
S1-003796	Northgate Services Corporation	292 Meridian Dr, Falcon Park, Mobile, IL, 91926	US
S1-003797	Maplecrest Trading Limited Liability Company	216 Maplecrest Rd, Peoria, 97573	United States
S1-003798	Stonebridge Services Private Limited	Opp. Bus Depot, 201 Silverline St, Kestrel Nagar, Pune, Tamil Nadu	India
S1-003799	Apex Logistics Limited Liability Company	373 Maplecrest Ave, Thistle Park, WA, Mobile	United States
S1-003800	Clearwater Logistics Corporation	45 Juniper Boulevard, Stonebridge Park, Fresno, WA, 22547	USA
S1-003801	Northgate Motors Incorporated	49 Bluepeak Street, Goldleaf Park, Behind the Civic Center, Tacoma, WA	United States
S1-003802	Silverline Logistics Limited	82 Ravenwood Marg, Falcon Nagar, Nagpur	India
S1-003803	Quarry Enterprises Incorporated	131 Sunstone Ave Ravenwood Park Tacoma OH 28610	USA
S1-003804	Thistle Services Limited	109 Vertex Cross Mapleecrest Nagar Pune	IN
S1-003805	Ravenwood Logistics Private Limited	145 Goldleaf Mn Jaipur Kerala 803940	IN
S1-003806	Brightpath Industries Private Limited	57 Falcon Marg, Falcon Nagar, Coimbatoore, MP, 720415	IN
S1-003807	Thistle Enterprises Private Limited	383 Brightpath St, Goldleaf Nagar, Indore, Kerala, 236956	IN
S1-003808	Goldleaf Motors Private Limited	16 Harbor Crs, Summit Nagar, Jaipur, 143725	India
S1-003809	Harbor Textiles Private Limited	386 Sunstone Street, Surat, 992731	India
S1-003810	Stonebridge Electricals Private Limited	285 Harbor St, Vertex Ngaar, Surat, Gujarat, 700298	IN
S1-003811	Quarry Consultancy Limited	366 Goldleaf Main, Near SBI ATM, Quarry Nagar, Surat, Rajasthan, 633607	IN
S1-003812	Lantern Foods Limited	36 Meridian Road Juniper Nagar Indore Kerala 817985	IN
S1-003813	Silverline Motors Limited	369 Maplecrest Marg, Pune, Kerala	IN
S1-003814	Maplecrest Maplecrest Foods Private Limited	119 Juniper St, Ironwood Nagar, Jaipur, Gujarat, 761256	IN
S1-003815	Meridian Harbor Chemicals Private Limited	82 Meridian Main, Lantern Nagar, Surat, Kerala, 972949	India
S1-003816	Sunstone Enterprises Limited	Opp. Bus Depot, 35 Sunstone Cross, Lantern Nagar, Indore, Kerala	IN
S1-003817	Bluepeak Electricals Limited Liability Company	203 Silverline Drive, Akron, IL, 35731	US
S1-003818	Apex Logistics Corporation	390 Goldleeaf Ave Juniper Park Akron	USA
S1-003819	Brightpath Redwood Consultancy Private Limited	226 Falcon Main, Meridian Nagar, Pune, 629934, MP	India
S1-003820	Clearwater Vertex Electricals Private Limited	Opp. Bus Depot 166 Brightpath Marg Tamil Nadu Pune	IN
S1-003821	Silverline Consultancy Corporation	36/56 Maplecrest Rd, Orchid Park, Austin, AL	United States
S1-003822	Stonebridge Industries Limited	366 Goldleaf Marg, Behind Ganesh Temple, Silverline Nagar, Indore, Rajasthan, 793032	IN
S1-003823	Ravenwood Fabrics Private Limited	175 Falcon Main, Goldleaf Nagar, Kochi, Kerala, 566027	IN
S1-003824	Lantern Chemicals Incorporated	286 Northgate Drive, Thistle Park, Fresno, AL, 59839	USA
S1-003825	Harbor Foods Corporation	Stonebridge Park Peoria 36 Goldleaf Avenue	USA
S1-003826	Vertex Foods Incorporated	7 Quarry Road, Peoria, CA	US
S1-003827	Summit Ravenwood Consultancy Private Limited	230 Vertex Road, Northgate Naagr, Coimbatore, 292451	India
S1-003828	Ironwood Sunstone Industries Private Limited	207 Apex St, Goldleaf Nagar, Opp. Bus Depot, Indore	IN
S1-003829	Meridian Trading Company	60 Quarry Road Behind the Civic Center Thistle Park Peoria 72152	US
S1-003830	Harbor Apex Motors Private Limited	Opp. Bus Depot, 274 Redwood Crs, Summit Nagar, Nagpur, 562187	IN
S1-003831	Meridian Logistics Limited	14/54 Lantern St, Near SBI ATM, Indore, Kerala	India
S1-003832	Lantern Motors Private Limited	273 Brightpath Rd Lantern Nagar Jaipur	IN
S1-003833	Stonebridge Services Incorporated	58 Northgate St, Clearwater Park, Tacoma, TX	USA
S1-003834	Silverline Foods Limited	343 Harbor Cross, Kochi, Rajasthan, 353235	India
S1-003835	Ironwood Logistics Private Limited	Near Metro Pillar 42, 378 Goldleaf Rd, Coimbatore, 860980	IN
S1-003836	Stonebridge Brightpath Foods Incorporated	6/3 Bluepeak Boulevard, Northgate Park, Austin, 59922	USA
S1-003837	Apex Packaging Incorporated	80 Ironwood Drive Austin 17968	US
S1-003838	Kestrel Ravenwood Industries Corporation	22/27 Northgate Ae Brightpath Park Akron AL	US
S1-003839	Lantern Services Company	363 Sunstone Street, Akron, IL	US
S1-003840	Quarry Consultancy Company	141 Thistle Dr, Thistle Park, Austin, TX, 12836	US
S1-003841	Summit Packaging Corporation	376 Clearwater Rd, Harbor Pakr, Akron, IL	USA
S1-003842	Kestrel Foods Company	70 Bluepeak St, Fresno, AL, 37571	US
S1-003843	Ironwood Goldleaf Textiles Private Limited	89 Bluepeak Road Ravenwood Nagar Coimbatore 762758	IN
S1-003844	Sunstone Textiles Corporation	177 Ravenwood Road, Apex Park, Austin	USA
S1-003845	Falcon Quarry Services Corporation	8 Orchid Street Apex Park Fresno OH 14399	US
S1-003846	Thistle Onyx Textiles Private Limited	270 Stonebridge Marg, Summit Nagar, Indore, Kerala, 600277	India
S1-003847	Bluepeak Electricals Private Limited	11 Sunstone Marg, Goldleaf Nagar, Behind Ganesh Temple, Surat	IN
S1-003848	Harbor Ravenwood Consultancy Limited	371 Clearwater Main, Surat, 458985	India
S1-003849	Thistle Silverline Fabrics Incorporated	92 Quarry Road Lubbock 89850	US
S1-003850	Quarry Services Limited Liability Company	380 Quarry Drive, Goldleaf Park, Fresno, CA, 67771	US
S1-003851	Meridian Textiles Private Limited	327 Keestrel Street, Near SBI ATM, Meridian Nagar, Jaipur, 240184	India
S1-003852	Northgate Textiles Corporation	Peoria 75822 1/85 Vertex Boulevard	US
S1-003853	Ironwood Fabrics Incorporated	388 Meridian Drive, Ironwood Park, Lubbock TX	United States
S1-003854	Meridian Foods Corporation	172 Maplecrest Avenue, Northgate Park, Opp. City Library, Peoria, 36836	USA
S1-003855	Kestrel Industries Limited	175 Falcon Crs, Coimbatore, 503955	India
S1-003856	Summit Electricals Limited Liability Company	91 Onyx Street, Thistle Park, Mobile, 45639	US
S1-003857	Clearwater Consultancy Private Limited	Behind Ganesh Temple 147 Apex Marg Nagpur Maharashtra	India
S1-003858	Summit Solutions Corporation	14/12 Stonebridge Ave Summit Park Mobile OH 57331	US
S1-003859	Juniper Solutions Corporation	307 Apex Avenue Tacoma OH 82829	United States
S1-003860	Ravenwood Lantern Electricals Private Limited	2/63 Quarry Marg, Orchid Nagar, Jaipur	IN
S1-003861	Quarry Chemicals Corporation	392 Quarry Street, Bluepeak Park, Akron, 74253	US
S1-003862	Sunstone Silverline Chemicals Corporation	101 Ravenwood Rd, Near Exit 14, Mobile	US
S1-003863	Silverline Motors Private Limited	180 Lantern Rd Juniper Nagar Kochi Kerala 216072	IN
S1-003864	Thistle Logistics Incorporated	200 Falcon Boulevard, Peoria, OH	United States
S1-003865	Harbor Foods Limited	395 Juniper Street Clearwater Nagar Kochi Tamil Nadu	IN
S1-003866	Juniper Logistics Private Limited	76 Harbor St, Clearwater Nagar, Opp. Bus Depot, Indore, Gujarat, 738646	India
S1-003867	Brightpath Foods Private Limited	371 Silverline Street, Bluepeak Nagar, Indore, 935069	India
S1-003868	Summit Thistle Motors Company	141 Quarry St, Summit Park, Peoria, TX, 47048	United States
S1-003869	Clearwater Foods Company	61 Goldleaf Avenue, Onyx Park, Mobile, OH, 69408	US
S1-003870	Summit Lantern Foods Corporation	9 Quarry Dr, Bluepeak Park, Peoria, CA, 30603	US
S1-003871	Cobalt Electricals Limited Liability Company	14/35 Northgate Rd Ravenwood Park Akron 33417	US
S1-003872	Vertex Sunstone Chemicals Private Limited	50 Kestrel Cross, Kochi, 423578	IN
S1-003873	Lantern Juniper Industries Private Limited	345 Goldleaf Crs Lantern Nagar Jaipur Gujarat	IN
S1-003874	Vertex Chemicals Company	198 Northgate Blvd, Meridian Park, Austin, CA, 19387	United States
S1-003875	Apex Stonebridge Fabrics Company	87 Stonebridge Road, Akron	US
S1-003876	Summit Clearwater Logistics Incorporated	339 Bluepeak Dr, Summit Park, Opp. City Library, Lubbock, OH, 21242	United States
S1-003877	Cobalt Fabrics Private Limited	12/40 Clearwater St, Juniper Nagar, Jaipur, MP, 335990	India
S1-003878	Redwood Trading Limited	Near Metro Pillar 42, 280 Apex Street, Apex Nagar, Surat, 910186	India
S1-003879	Orchid Electricals Corporation	361 Brightpath Rd, Brihtpath Park, Tacoma	USA
S1-003880	Vertex Packaging Limited	210 Thistle Street, Cobalt Nagar, Surat	India
S1-003881	Ravenwood Systems Incorporated	18 Stonebridge Ave, Stonebridge Park, Austin, AL, 32294	United States
S1-003882	Thistle Consultancy Private Limited	299 Vertex Marg, Bluepeak Nagar, Pune, 104522	IN
S1-003883	Clearwater Chemicals Limited	359 Stonebridge Main, Juniper Nagar, Coimbatore, Maharashtra, 591760	IN
S1-003884	Quarry Kestrel Industries Limited Liability Company	110 Thistle Rd, Fresno, 4562	United States
S1-003885	Silverline Consultancy Private Limited	291 Cobalt Road Near Metro Pillar 42 Silverline Nagar Coimbatore 643533	India
S1-003886	Lantern Consultancy Limited	42 Falcon Crs, Goldleaf Nagar, Near Metro Pillar 42, Pune, Kerala	India
S1-003887	Quarry Fabrics Limited Liability Company	338 Ravenwood Ave, Onyx Park, Behind the Civic Center, Austin, 80348	US
S1-003888	Thistle Apex Trading Private Limited	73 Sunstone Marg, Surat, Rajasthan, 558209	India
S1-003889	Silverline Chemicals Private Limited	205 Ironwood Rd, Kochi, MP, 484140	India
S1-003890	Onyx Logistics Incorporated	Opp. City Library, 06 Onyx St, Fresno, 69851	US
S1-003891	Sunstone Solutions Limited Liability Company	24/83 Sunstone Boulevard Behind the Civic Center Austin IL 49327	United States
S1-003892	Apex Stonebridge Systems Private Limited	171 Vertex St Near Metro Pillar 42 Nagpur Gujarat 145820	India
S1-003893	Ironwood Enterprises Limited Liability Company	90 Ravenwood Rd Maplecrest Park Tacoma	USA
S1-003894	Bluepeak Sunstone Systems Limited	208 Thistle Cross, Apex Nagar, Kerala, Indore	IN
S1-003895	Lantern Motors Limited Liability Company	213 Stonebridge Road Maaplecrest Park Akron AL 34171	US
S1-003896	Redwood Goldleaf Enterprises Private Limited	202 Thistle Mn Orchid Nagar Kochi aMharashtra 680059	IN
S1-003897	Orchid Textiles Private Limited	Vertex Nagar, Surat, 876435, 299 Falcon Rd	India
S1-003898	Silverline Systems Limited	193 Briightpath Crs, Sunstone Nagar, Indore, 817402	IN
S1-003899	Onyx Chemicals Company	24/40 Apex Avenue, Sunstne Park, Peoria	United States
S1-003900	Redwood Chemicals Company	91 Maplecrest Ave, Stonebridge Park, Fresno, CA	US
S1-003901	Juniper Harbor Enterprises Incorporated	229 Cobalt St, Apex Park, Austin, TX	United States
S1-003902	Apex Fabrics Limited	Bluepeak Nagar Kochi 522207 2 Redwood Crs	India
S1-003903	Goldleaf Trading Limited	93 Lantern Crs, Sunstone Nagar, Surat, Gujarat, 396657	India
S1-003904	Sunstone Services Company	322 Northgate Street, Lubbock,  WA, 46345	United States
S1-003905	Orchid Chemicals Private Limited	292 Thistle Road, Maplecrest Nagar, Jaipur, Rajasthan, 879810	India
S1-003906	Lantern Industries Company	115 Sunstone Road, Austin, OH, 39325	United States
S1-003907	Apex Motors Company	133 Falcon Street, Thistle Park, Peoria, 94144	US
S1-003908	Clearwater Foods Limited Liability Company	223 Onyx Avenue Near Exit 14 Tacoma IL	US
S1-003909	Sunstone Enterprises Private Limited	Near Metro Pillar 42, 142 Harbor Marg, Brightpath Nagar, Nagpur	India
S1-003910	Ironwood Consultancy Limited Liability Company	247 Cobalt Rd, Sunstone Park, Austin	US
S1-003911	Lantern Industries Company	132 Redwood Rd, Lubbock, OH, 20567	USA
S1-003912	Ravenwood Consultancy Private Limited	92 Vertex St, Juniper Nagar, Jaipur, 784606	India
S1-003913	Orchid Cobalt Packaging Private Limited	386 Apex Marg, Vertex Nagar, Behind Ganesh Temple, Indore, Tamil Nadu, 516560	IN
S1-003914	Brightpath Industries Incorporated	27/63  Orchid Drive, Mobile, 68998	US
S1-003915	Bluepeak Chemicals Corporation	273 Summit Dr, Notrhgate Park, Mobile, TX, 28784	United States
S1-003916	Kestrel Consultancy Limited	42 Northgate Marg Kochi Kerala 736115	India
S1-003917	Sunstone Services Limited Liability Company	146 Onyx St, Apex Park, Mobile, AL, 14971	USA
S1-003918	Redwood Systems Corporation	364 Silverline Rd, Near Exit 14, Tacoma, WA, 34076	USA
S1-003919	Silverline Enterprises Private Limited	341 Juniper Road,O nyx Nagar, Coimbatore	India
S1-003920	Lantern Motors Private Limited	223 Orchid Mn, Northgate Nagar, Indore, MP, 652746	IN
S1-003921	Summit Logistics Corporation	271 Northgate Avenue, Peoria, OH, 64916	US
S1-003922	Silverline Services Private Limited	11 Apex Marg Opp. Bus Depot Kochi Tamil Nadu 631893	IN
S1-003923	Lantern Trading Private Limited	178 Thistle Mn, Juniper Nagar, Jaipur	IN
S1-003924	Maplecrest Harbor Electricals Company	59 Bluepeak Boulevard, Redwood Park, Peoria, 34055	US
S1-003925	Silverline Industries Private Limited	91 Sunstone Rd Kochi Tamil Nadu 544355	India
S1-003926	Quarry Packaging Corporation	42 Quarry Drive Ravenwood Park Peoria TX	US
S1-003927	Stonebridge Fabrics Private Limited	122 Maplecrest Marg, Juniper Nagar, Indore, Rajasthan	IN
S1-003928	Northgate Fabrics Limited Liability Company	Near Exit 14, 26/86 Cobalt Dr, Goldleaf Park, Lubbock, OH	US
S1-003929	Orchid Trading Limited	263 Clearwater Crs, Sunstone Nagar, Jaipur, Tamil Nadu, 224619	India
S1-003930	Quarry Bluepeak Logistics Private Limited	183 Silverline Street, Falcon Nagar, Indore, 873273	IN
S1-003931	Ravenwood Maplecrest Fabrics Private Limited	75 Bluepeak Street Orchid Nagar Nagpur Gujarat 392304	India
S1-003932	Harbor Thistle Industries Incorporated	94 Vertex Road, Stonebridge Park, Akron, TX, 18979	USA
S1-003933	Redwood Redwood Packaging Corporation	25 Goldleaf Avenue, Austin, AL	US
S1-003934	Clearwater Textiles Company	340 Maplecrest Drive, Akron	USA
S1-003935	Kestrel Chemicals Private Limited	372 Cobalt Main, Maplecrest Nagar, Pune	IN
S1-003936	Maplecrest Motors Limited Liability Company	28 Ravenwood Street, Goldleaf Park, Tacoma, IL	USA
S1-003937	Falcon Sunstone Fabrics Limited	209 Stonebridge Road, Lantern Nagar, Jaipur, Rajasthan, 968492	IN
S1-003938	Vertex Enterprises Private Limited	12/88 Sunstone Rd, Cobalt Nagar, Behind Ganesh Temple, Jaipur, MP, 271490	IN
S1-003939	Meridian Industries Private Limited	300 Summit Mn, Thistle Nagar, Indore, MP, 622783	IN
S1-003940	Kestrel Brightpath Industries Private Limited	361 Onyx Rd, Brightpath Nagar, Maharashtra, 699571, Kochi	India
S1-003941	Lantern Trading Incorporated	11 Ravenwood Avenue Sunstone Park Fresno IL	US
S1-003942	Silverline Fabrics Limited	23/38 Falcon Mn, Opp. Bus Depot, Vertex Nagar, Pune, Kerala	India
S1-003943	Falcon Quarry Logistics Private Limited	171 Northgate Marg Cobalt Nagar Nagpur MP 326584	IN
S1-003944	Goldleaf Consultancy Company	115 Vertex Road, Mobile, 65627	USA
S1-003945	Cobalt Motors Company	268 Meridian Avenue, Peoria, 51438	USA
S1-003946	Kestrel Consultancy Incorporated	382 Cobalt Dr, Redwood Park, Behind the Civic Center, Lubbock, WA	US
S1-003947	Redwood Foods Limited Liability Company	301 Lantern Rd, Ravenwood Park, Fresno, IL, 11969	US
S1-003948	Meridian Solutions Incorporated	73 Ironwood Street Vertex Park Peoria IL 37165	US
S1-003949	Goldleaf Foods Limited Liability Company	9 Quarry Street, Ravenwood  Park, Fresno, 38219	United States
S1-003950	Stonebridge Solutions Private Limited	237 Ironwood Main Near SBI ATM Onyx Nagar Surat Kerala 742851	IN
S1-003951	Summit Fabrics Private Limited	15/46 Quarry Marg, Stonebridge Nagar, Jaipur, 693139	IN
S1-003952	Clearwater Consultancy Corporation	Behind the Civic Center, 224 Maplecrest Boulevard, Mobile, OH	US
S1-003953	Silverline Fabrics Private Limited	156 Onyx St, Meridian Nagar, Surat, Gujarat	IN
S1-003954	Ravenwood Packaging Company	Opp. City Library, 119 Harbor Blvd, Juniper Park, Tacoma, AL, 95607	USA
S1-003955	Juniper Cobalt Foods Limited Liability Company	391 Orchid Rd Apex Park Mobile 18649	USA
S1-003956	Clearwater Logistics Private Limited	354 Apex Crs, Ravenwood Nagar, Jaipur, 925421	IN
S1-003957	Maplecrest Chemicals Corporation	385 Thistle Boulevard, Silverline Park, Peoria, 28145	United States
S1-003958	Falcon Chemicals Private Limited	227 Quarry Rd, Surat, Tamil Nadu	IN
S1-003959	Ravenwood Logistics Limited Liability Company	240 Redwood Boullevard, Clearwater Park, Mobile, 40211	US
S1-003960	Meridian Clearwater Solutions Private Limited	9 Brightpath Main, Meridian Nagar, Opp. Bus Depot, Indore	India
S1-003961	Quarry Clearwater Textiles Limited	298 Harbor Rd Harbor Nagar Coimbatore 750461	IN
S1-003962	Sunstone Packaging Private Limited	344 Bluepeak Mn, Pune	IN
S1-003963	Bluepeak Logistics Corporation	161 Onyx Rd, Ravenwood Park, Peoria, AL	US
S1-003964	Thistle Stonebridge Systems Private Limited	55 Silverline St, Noorthgate Nagar, Pune, 261792	IN
S1-003965	Lantern Packaging Company	42 Sunsttone Dr Thistle Park Fresno WA 18896	US
S1-003966	Falcon Apex Textiles Corporation	229 Thistle Drive, Ironwood Park, Mobil, OH	United States
S1-003967	Maplecrest Electricals Private Limited	135 Brightpath Road, Onyx Nagar, Coimbatore, Gujarat, 313279	India
S1-003968	Juniper Textiles Limited Liability Company	6 Stonebridge Blvd, Kestrel Park, Mobile, AL	USA
S1-003969	Ironwood Consultancy Private Limited	96 Kestrel Marg Thistle Nagar Coimbatore Rajasthan 1042775	India
S1-003970	Lantern Textiles Private Limited	67 Bluepeak Marg Apex Nagar Coimbatore 676085	India
S1-003971	Bluepeak Logistics Private Limited	387 Sunstone Cross, Redwood Nagar, Kochi, Tamil Nadu, 964725	IN
S1-003972	Ravenwood Industries Incorporated	279 Northgate Street, Vertex Park, Tacoma	USA
S1-003973	Orchid Trading Private Limited	12/51 Northgate Main, Maplecrest Nagar, Surat, Maharashtra, 135231	IN
S1-003974	Northgate Consultancy Limited	302 Silverline Marg, Ravenwood Nagar, Jaipur, 261558	India
S1-003975	Sunstone Vertex Industries Limited Liability Company	206 Juniper Boulevard, Harbor Park, Akron, OH, 28373	United States
S1-003976	Northgate Services Corporation	375 Onyx Ave, Thistle Park, Austin, 41348	US
S1-003977	Falcon Motors Limited Liability Company	56 Stonebridge Blvd, Orchid Park, Tacoma, OH, 45728	US
S1-003978	Stonebridge Systems Private Limited	324 Quarry Main  Lantern Nagar Near SBI ATM Surat 946077	IN
S1-003979	Stonebridge Fabrics Corporation	171 Goldleaf Blvd Tacoma 58759	USA
S1-003980	Stonebridge Juniper Motors Private Limited	193 Clearwater Rd, Surat, Kerala, 634209	India
S1-003981	Thistle Textiles Incorporated	179 Brightpath Street, Meridian Park, Near Exit 14, Fresno, 87387	USA
S1-003982	Maplecrest Trading Private Limited	270 Goldleaf St, Goldleaf Nagar, Coimbatore, 206084	India
S1-003983	Ravenwood Fabrics Corporation	27 Bluepeak Dr Near Exit 14 Orchid Park Tacoma AL 67721	US
S1-003984	Summit Electricals Corporation	135 Clearwater St, Lantern Pakr, Fresno, OH, 56540	US
S1-003985	Northgate Motors Limited	246 Aex Marg, Summit Nagar, Jaipur, Tamil Nadu	IN
S1-003986	Meridian Trading Private Limited	352 Lantern Cross, Orchid Nagar, Indore, Kerala, 294925	IN
S1-003987	Quarry Fabrics Limited	398 Cobalt Marg, Near Metrro Pillar 42, Coimbatore, Maharashtra, 623346	India
S1-003988	Quarry Chemicals Private Limited	258 Brightpath Cross, Meridian Nagar, Jaipur, Gujaart, 816889	IN
S1-003989	Kestrel Clearwater Systems Company	137 Harbor Boulevard, Cobalt Park, Mobile, IL	United States
S1-003990	Bluepeak Enterprises Limited Liability Company	102 Goldleaf Drive, Quarry Park, Behind the Civic Center, Akron, AL, 88867	USA
S1-003991	Sunstone Consultancy Limited Liability Company	280 Goldleaf Drive,  Mobile, IL, 58091	US
S1-003992	Northgate Apex Electricals Limited	308 Ravenwood Marg Cobalt Nagar Jaipur 416745	India
S1-003993	Harbor Electricals Company	318 Clearwater St, Onyx Park, Akron, OH, 47875	US
S1-003994	Lantern Industries Private Limited	133 Clearwaterr Marg Indore 103659	IN
S1-003995	Vertex Consultancy Corporation	243 Stonebridge Blvd, Behind the Civic Center, Northgate Park, Fresno, 93593	United States
S1-003996	Goldleaf Onyx Chemicals Private Limited	303 Summit Street, Sunstone Nagar, Jaipur	IN
S1-003997	Meridian Packaging Corporation	44 Ironwood Rd, Austin, 18833	USA
S1-003998	Orchid Packaging Company	246 Vertex St Bluepeak Park Peoria CA 13719	United States
S1-003999	Harbor Foods Limited	183 Quarry Street, Quarry Nagar, Pune, 862083	India
S1-004000	Onyx Bluepeak Foods Private Limited	70 Onyx Crs, Coimbatore, Tamil Nadu	IN
S1-004001	Harbor Systems Corporation	216 Stonebridge Drive, Goldleaf Park, Tacoma, TX, 67736	USA
S1-004002	Juniper Trading Incorporated	134 Kestrel Ave, Lantern Park, Austin, 82952	US
S1-004003	Onyx Electricals Private Limited	92 Brightpath Marg, Sunstone Nagar, Surat, Rajasthan	India
S1-004004	Falcon Systems Limited Liability Company	89 Vertex Road, Tacoma	US
S1-004005	Vertex Consultancy Limited	359 Redwood Crs, Near SBI ATM, Indore, Kerala, 520368	India
S1-004006	Apex Packaging Private Limited	396 Kestrel Street, Thistle Nagar, Nagpur, Gujarat, 290318	IN
S1-004007	Falcon Consultancy Limited	3/69 Redwood Crs, Sunstone Nagar, Indore, 622027	India
S1-004008	Cobalt Foods Incorporated	375 Bluepeak Rd, Thistle Park, Lubbock, OH, 28467	United States
S1-004009	Brightpath Solutions Incorporated	Summit Park, Akron, WA, 353 Sunstone St	United States
S1-004010	Meridian Consultancy Limited	195 Thistle Street, Falcon Nagar, 593251, Kochi	IN
S1-004011	Summit Industries Limited Liability Company	398 Vertex Boulevard, Maplecrest Park, Akron, 82069	USA
S1-004012	Sunstone Systems Incorporated	11/38 Vertex Dr, Silverline Park, Tacoma, AL, 66020	US
S1-004013	Stonebridge Logistics Limited Liability Company	376 Cobalt Rod, Clearwater Park, Akron	United States
S1-004014	Stonebridge Enterprises Private Limited	171 Juniper St, Goldleaf Nagar, Nagpur	IN
S1-004015	Apex Consultancy Limited	27/16 Quarry Rd Nagpur Rajasthan 597975	IN
S1-004016	Summit Electricals Limited Liability Company	5 Harbor Avenue, Harbor Park, Akron, TX	USA
S1-004017	Redwood Industries Private Limited	215 Vertex Street Cobalt Nagar Opp. Bus Depot Coimbatore Gujarat 248035	IN
S1-004018	Meridian Falcon Textiles Incorporated	137 Goldleaf St Falcon Park Fresno CA 19826	US
S1-004019	Brightpath Ironwood Enterprises Private Limited	308 Brightpath Marg, Coimbatore, Tamil Nadu	IN
S1-004020	Brightpath Orchid Solutions Company	153 Bluepeak Drive, Quarry Park, Akron, 75536	US
S1-004021	Vertex Quarry Trading Incorporated	Opp. City Library, 378 Harbor Blvd, Blueepeak Park, Lubbock, TX, 23519	United States
S1-004022	Meridian Consultancy Limited	Opp. Bus Depot, 34 Goldleaf Crs, Lantern Nagar, Pune, Maharashtra, 992876	India
S1-004023	Onyx Solutions Company	175 Thistle Blvd Clearwater Park Akron AL	US
S1-004024	Ironwood Logistics Company	226 Quarry Rd Bluepeak Park Fresno 56150	US
S1-004025	Northgate Services Limited Liability Company	349 Falcon Ave, Opp. City Library, Lantern Park, Tacoma, TX, 74050	US
S1-004026	Clearwater Enterprises Private Limited	378 Redwood Road Harbor Nagar Pune Gujarat 151140	IN
S1-004027	Thistle Northgate Enterprises Limited	49 Thistle Marg Falcon Nagar Indore MP 157319	IN
S1-004028	Summit Fabrics Incorporated	115 Summit Street, Meridian Park, Peoria, 49858	US
S1-004029	Orchid Onyx Fabrics Limited	263 Clearwater St, Goldleaf Nagar, Nagpur, Maharashtra	IN
S1-004030	Falcon Trading Private Limited	226 Stonebridge Crs, Nagpur	India
S1-004031	Bluepeak Consultancy Limited	72 Lantern Marg, Falcon Nagar, Surat, 629303	India
S1-004032	Thistle Goldleaf Chemicals Private Limited	198 Goldleaf Mn, Apex Nagar, Jaipur, Maharashtra, 302181	India
S1-004033	Goldleaf Fabrics Corporation	126 Bluepeak Rd, Brightpath Park, TX, 16015, Tacoma	US
S1-004034	Ironwood Foods Private Limited	178 Bluepeak St, Stonebridge Nagar, Opp. Bus Depot, Surat	India
S1-004035	Stonebridge Foods Limited Liability Company	4/60 Kestrel Boulevard, Peoria, 50224, Behind the Civic Center	US
S1-004036	Redwood Solutions Incorporated	350 Coalt St, Vertex Park, Akron, WA	USA
S1-004037	Juniper Textiles Company	142 Brightpath Avenuee, Akron, CA	US
S1-004038	Vertex Industries Limited	42 Vertex Main, Quarry Nagar, Nagpur, Kerala	India
S1-004039	Summit Trading Company	235 Quarry Avenue, Tacoma	US
S1-004040	Harbor Enterprises Limited	32/48 Vertex Street, Redwood Nagar, 877990, Kochi	India
S1-004041	Lantern Textiles Limited	97 Goldleaf Rd Brightpath Nagar Pune 589400	IN
S1-004042	Vertex Solutions Company	215 Ravenwood Drive, Lantern Park, Opp. City Library, Fresno, 12097	USA
S1-004043	Orchid Fabrics Limited Liability Company	300 Ironwood Blvd, Behind the Civic Center, Tacoma, IL, 45937	United States
S1-004044	Kestrel Motors Limited	93 Summit Cross Onyx Nagar aipur Maharashtra 231792	IN
S1-004045	Sunstone Packaging Limited Liability Company	201 Apex Road, Apex Park, Akron, IL, 21467	USA
S1-004046	Falcon Logistics Corporation	176 Irnwood Drive, Ravenwood Park, Lubbock	United States
S1-004047	Apex Motors Private Limited	7/42 Quarry Marg, Quarry Nagar, Opp. Bus Depot, Pune, Kerala, 270502	India
S1-004048	Summit Cobalt Fabrics Private Limited	318 Silverline Road, Apex Nagar, Indore, 919701	India
S1-004049	Stonebridge Services Private Limited	127 Northgate Rd, Jaipur, Kerala,153752	IN
S1-004050	Falcon Solutions Corporation	188 Kestrel Drive Maplecrest Park Fresno WA 46367	US
S1-004051	Quarry Logistics Corporation	235 Brightpath Street Brightpath Park Near Exit 14 Peoria TX	US
S1-004052	Meridian Industries Corporation	166 Vertex Rd, Austni, 25535	United States
S1-004053	Maplecrest Motors Private Limited	100 Clearwater Main, Sunstone Nagar, Kochi, Rajasthan	India
S1-004054	Harbor Consultancy Corporation	144 Kestrel Drive, Opp. City Library, Maplecrset Park, Fresno, 62935	United States
S1-004055	Bluepeak Services Incorporated	23 Sunstone Street, Goldleaf Park, Fresno	United States
S1-004056	Brightpath Enterprises Private Limited	358 Silverline Main, Lantern Nagar, Nagpur, Tamil Nadu, 924299	IN
S1-004057	Onyx Solutions Incorporated	161 Redwood Boulevard Peoria IL 83400	USA
S1-004058	Ravenwood Juniper Enterprises Private Limited	268 Lantern Rd, Onyx Nagar, Jaippur, 445562, Tamil Nadu	India
S1-004059	Stonebridge Electricals Private Limited	17/33 Clearwater Road, Northgate Nagar, Kochi, 578676	India
S1-004060	Ironwood Foods Incorporated	377 Bluepeak Avenue Ironwood Park Akron 77592	USA
S1-004061	Orchid Services Limited	166 Summit Cross, Northgate Nagar, Surat, Tamil Nadu	India
S1-004062	Quarry Enterprises Incorporated	12 Summit Street Stonebridge Park Mobile TX	USA
S1-004063	Sunstone Textiles Limited	78 Northgate Road, Kestrel Nagar, Pune	India
S1-004064	Sunstone Enterprises Corporation	Near Exit 14, 374 Brightpath Blvd, Onyx Park, Fresno, OH	USA
S1-004065	Ravenwood Textiles Limited Liability Company	Behind hte Civic Center, 333 Falcon Blvd, Austin, WA, 19036	US
S1-004066	Falcon Systems Limited Liability Company	122 Ravenwood Dr Lantern Park AAkron CA 56523	United States
S1-004067	Sunstone Motors Limited Liability Company	335 Cobalt Road Onyx Park Mobile	US
S1-004068	Meridian Packaging Limited Liability Company	136 Sunstone Ave, Stonebridge Park, Akron, 17093	US
S1-004069	Onyx Systems Private Limited	137 Thistle Cross Brightpath Nagar Jaipur 359910	IN
S1-004070	Ironwood Systems Limited Liability Company	Meridian Park, Behind the Civic Center, Austin, WA, 10962, 89 Falcon Drive	USA
S1-004071	Ravenwood Orchid Motors Corporation	248 Goldleaf Street, Kestrel Park, Austin, WA, 47921	US
S1-004072	Lantern Fabrics Corporation	79 Ironwood Boulevard, Lubbock	United States
S1-004073	Silverline Industries Private Limited	305 Thistle Rd, Surat, MP	IN
S1-004074	Falcon Industries Private Limited	189 Cobalt St Harbor Nagar Indore Gujarat 277921	IN
S1-004075	Redwood Systems Incorporated	200 Orchid Street Onyx Park Lubbock 79972	United States
S1-004076	Ironwood Fabrics Incorporated	236 Summit Avenue Redwood Park Mobile 75557	United States
S1-004077	Ironwood Industries Private Limited	97 Stonebridge Rd, Cobalt Nagar, Coimbatore	India
S1-004078	Meridian Chemicals Corporation	54 Redwood Drive, Falcon Park, Akron, OH, 47882	United States
S1-004079	Ravenwood Systems Corporation	354 Maplecrest Avenue, Apex Park, Tacoma, OH, 77803	US
S1-004080	Clearwater Industries Corporation	34/48 Silverline Boulevard, Akron, TX, 74786	USA
S1-004081	Juniper Falcon Fabrics Private Limited	385 Maplecrest Marg, Behind Ganesh Temple, Apex Nagar, Pune, Rajasthan	IN
S1-004082	Goldleaf Logistics Private Limited	206 Quarry Crs, Northgate Nagar, Nagpur, 559073	IN
S1-004083	Ironwood Packaging Company	Bluepeak Park,Mobile, IL, 19191, 178 Falcon Drive	USA
S1-004084	Orchid Foods Corporation	6/86 Falcon St, Sunstonne Park, Peoria, 36649	US
S1-004085	Quarry Systems Private Limited	35/85 Bluepeak Crs, Maplecrest Nagar, Indore, MP, 242152	India
S1-004086	Silverline Vertex Systems Private Limited	155 Silverline Mn, Sunstone Nagar, Coimbatore	India
S1-004087	Goldleaf Cobalt Packaging Limited	Near Metro Pillar 42, 315 Northgate Cross, Coimbatore, Maharashtra, 769675	India
S1-004088	Meridian Trading Limited Liability Company	366 Apex Avenue, Peoria, AL	US
S1-004089	Thistle Consultancy Private Limited	37 Ravenwood Marg, Jaipur, MP, 128961	India
S1-004090	Lantern Services Private Limited	168 Falcon St, Apex Naga, Nagpur, Kerala, 383776	India
S1-004091	Orchid Apex Enterprises Company	116 Silverline Drive, Maplecrest Park, Tacoma, IL, 25611	USA
S1-004092	Orchid Logistics Limited	Behind Ganesh Temple 247 Meridian Cross Coimbatore	IN
S1-004093	Bluepeak Electricals Incorporated	300 Northgate Drive Akron AL	US
S1-004094	Silverline Enterprises Limited	253 Ravenwood Cross, Ravenwood Nagar, Nagpur, Maharashtra, 394720	IN
S1-004095	Brightpath Electricals Private Limited	39 Ravenwood Mn, Sunstone Nagar, Nagpur	India
S1-004096	Ravenwood Packaging Private Limited	Near Metro Pillar 42, 158 Clearwater St, Goldleaf Nagar, Surat, Maharashtra, 120188	IN
S1-004097	Stonebridge Textiles Private Limited	192 Thistle Street, Naagpur	IN
S1-004098	Harbor Packaging Private Limited	244 Redwood Cross, Brightpath Nagar, Nagpur,, Gujarat, 946078	IN
S1-004099	Stonebridge Enterprises Private Limited	127 Vertex Main, Quarry Nagar, Indore, Kerala	India
S1-004100	Quarry Motors Private Limited	277 Clearwater Road, Near Metro Pillar 42, Sunstone Nagar, Jaipur, Maharashtra, 696971	IN
S1-004101	Goldleaf Textiles Limited	6/47 Falcon Street, Orchid Nagar, Jaipur, Kerala, 125050	India
S1-004102	Orchid Trading Limited Liability Company	243 Brightpath Dr Ironwood Park Akron WA	USA
S1-004103	Stonebridge Harbor Textiles Private Limited	188 Northgate Rd Maplecrest Nagar Jaipur Gujarat	IN
S1-004104	Silverline Fabrics Limited	21 Vertex Crs, Redwood Nagar, Kochi, Gujarat, 242284	India
S1-004105	Redwood Bluepeak Enterprises Limited	67 Lantern Road Bluepeak Nagar Indore Maharashtra 615335	IN
S1-004106	Vertex Fabrics Incorporated	161 Sunstone Street, Vertex Park, Austin, CA	USA
S1-004107	Vertex Electricals Private Limited	218 Ravenwood Crs Jaipur MP 323827	India
S1-004108	Ravenwood Trading Limited Liability Company	319 Brightpath Ave, Quarry Park, Tacoma	United States
S1-004109	Bluepeak Orchid Foods Limited	143 Onyx Marg, Quarry Nagar, Surat, 199135	IN
S1-004110	Bluepeak Packaging Incorporated	Behind the Civic Center, 300 Northgate Dr, Bluepeak Park, Akron, 67555	USA
S1-004111	Ravenwood Stonebridge Chemicals Limited	24/78 Summit St, Jaipur, 847373, Kerala	IN
S1-004112	Goldleaf Trading Incorporated	22/82 Cobalt Blvd Juniper Park Peoria WA 63988	United States
S1-004113	Silverline Onyx Industries Limited Liability Company	25/67 Harbor Rd, Onyx Park Fresno	United States
S1-004114	Apex Electricals Corporation	67 Silverline Rd, Tacoma	United States
S1-004115	Goldleaf Packaging Limited Liability Company	34/35 Thistle Dr, Lubbock, CA	United States
S1-004116	Lantern Kestrel Textiles Private Limited	180 Lantern Marg, Harbor Nagar ,Near Metro Pillar 42, Pune, Gujarat, 210796	India
S1-004117	Ironwood Services Limited	255 Redwood Cross, Ravenwood Nagar, Coimbatore, 760102	IN
S1-004118	Orchid Services Incorporated	21 Harbor Bouulevard, Near Exit 14, Sunstone Park, Fresno, IL, 74564	USA
S1-004119	Thistle Motors Corporation	249 Clearwater Boulevard, Goldleaf Park, Austin, WA	US
S1-004120	Maplecrest Onyx Solutions Limited Liability Company	321 Lantern Dr, Bluepeak Park, Mobile, 70842	US
S1-004121	Maplecrest Consultancy Private Limited	202 Vertex Rd, Ironwood Nagar, Indore, Tamil Nadu, 295192	IN
S1-004122	Cobalt Packaging Corporation	149 Summit Street Orchid Park Lubbock AL 77488	USA
S1-004123	Clearwater Summit Services Company	200 Kestrel Rd, Cobalt Park, Peoria, CA, 85429	US
S1-004124	Ironwood Industries Incorporated	256 Meridian Street, Opp. City Library, Lubbock, 53366	United States
S1-004125	Brightpath Foods Corporation	6/41 Juniper Ave, Cobalt Park, Lubbock, IL	USA
S1-004126	Kestrel Textiles Limited Liability Company	85 Vertex St, Ironwood Park, Lubbock, AL, 93137	United States
S1-004127	Goldleaf Motors Corporation	23/17 Kestrel Rd, Meridian Park, Mobile, 68090	United States
S1-004128	Quarry Foods Corporation	42 Orchid Ave, Mobile, TX, 21890	US
S1-004129	Northgate Logistics Corporation	273 Ironwood Blvd, Goldleaf Park, Tacoma, OH, 50395	United States
S1-004130	Falcon Goldleaf Motors Private Limited	339 Clearwater Marg, Quarry Nagar, Kochi	IN
S1-004131	Ironwood Consultancy Corporation	202 Summit St, Quarry Park, Austin	US
S1-004132	Stonebridge Systems Company	100 Quarry Avenue, Vertex Park, Peoria, AL, 36279	USA
S1-004133	Harbor Textiles Limited Liability Company	110 Stonebridge SSt, Ravenwood Park, Austin, TX, 60026	United States
S1-004134	Silverline Falcon Trading Corporation	86 Thistle Booulevard, Mobile, 99503	United States
S1-004135	Meridian Chemicals Limited	36/33 Silverline Cross, Clearwater Nagar, Nagpur, 442446, Maharashtra	IN
S1-004136	Ironwood Electricals Company	142 Harbor St, Summit Park, Tacoma, 29513	US
S1-004137	Ravenwood Packaging Private Limited	291 Cobalt Marg Pune 283206	India
S1-004138	Quarry Logistics Corporation	225 Apex Dr, Silverline Park, Lubbock, CA	USA
S1-004139	Maplecrest Textiles Incorporated	53 Clearwater Street, Onyx Park, Mobile, CA, 29987	US
S1-004140	Juniper Chemicals Corporation	355 Apex Dr, Tacoma, TX, 93466	US
S1-004141	Onyx Consultancy Corporation	53 Quarry Street, Bluepeak Park, Akron,, AL, 70222	USA
S1-004142	Sunstone Goldleaf Motors Private Limited	384 Ironwood Cross, Bluepeak Nagar, Kochi, Tamil Nadu, 210909	India
S1-004143	Redwood Silverline Services Limited	Opp. Bus Depot, 283 Summit Mn, Sura, Kerala	IN
S1-004144	Quarry Consultancy Limited Liability Company	167 Clearwater Avenue, Austin, 42728	United States
S1-004145	Sunstone Sunstone Consultancy Corporation	216 Redwood Dr, Bluepeak Park, Austin, OH, 28229	USA
S1-004146	Kestrel Solutions Incorporated	33/27 Ironwood  Dr, Onyx Park, Fresno	United States
S1-004147	Ironwood Electricals Private Limited	311 Apex Marg, Pune, Tamil Nadu	IN
S1-004148	Summit Vertex Fabrics Private Limited	156 Harbor St Ciombatore Rajasthan	IN
S1-004149	Goldleaf Foods Corporation	107 Cobalt Rd, Opp. City Library, Cobalt Park, Mobile, AL	United States
S1-004150	Sunstone Solutions Limited	385 Redwood Marg, Clearwater Nagar, Indore, Kerala, 694075	IN
S1-004151	Clearwater Goldleaf Electricals Limited Liability Company	126 Northgate Avenue, Summit Park, Akron, OH, 26501	USA
S1-004152	Clearwater Electricals Incorporated	204 Sunstone Road, Falcon Park, Akron, 30646	United States
S1-004153	Onyx Sunstone Motors Corporation	230 Sunstone Drive Behind the Civic Center Meridian Park Akron AL	United States
S1-004154	Lantern Northgate Foods Corporation	342 Sunstone St, Peoria, TX, 34969	United States
S1-004155	Clearwater Systems Private Limited	155 Summit Rd, Quarry Nagar, Nagpur, Kerala, 986836	India
S1-004156	Cobalt Harbor Enterprises Limited	396 Kestrel Main Near Metro Pillar 42 Maplecrest Nagar Jaipur 905926	India
S1-004157	Northgate Motors Limited Liability Company	233 Apex Blvd, Tacoma, 80487	United States
S1-004158	Cobalt Textiles Incorporated	162 Maplecrest Dr Lubbock OH 58879	United States
S1-004159	Ironwood Ravenwood Systems Private Limited	79 Orchid Marg, Quarry Nagar, Pune, Tamil Nadu, 887687	India
S1-004160	Stonebridge Logistics Limited	340 Goldleaf Street, Summit Nagar, Indore, 100929	IN
S1-004161	Goldleaf Fabrics Private Limited	Opp. Bus Depot 110 Ravenwood Rd Northgate Nagar Surat Rajasthan 790671	IN
S1-004162	Sunstone Brightpath Fabrics Limited	4/46 Cobalt Marg, Indore, MP	India
S1-004163	Harbor Industries Private Limited	78 Thistle Main, Falcon Nagar, Jaipur, Maharashtra	IN
S1-004164	Onyx Chemicals Private Limited	41 Vertex Street, Cobalt Nagar, Pune, MP	India
S1-004165	Lantern Industries Company	4 Kestrel Avenue Austin IL 96967	US
S1-004166	Summit Trading Limited	363 Maplecrest Marg, Onyx Nagar, Japiur, 873543	IN
S1-004167	Orchid Textiles Limited	155 Goldleaf Street, Jaipur, Gujarat, 995647	India
S1-004168	Ravenwood Fabrics Private Limited	Behind Ganesh Temple 60 Summit Main Ravenwood Nagar Surat Gujarat	IN
S1-004169	Redwood Onyx Foods Private Limited	236 Stonebridge St Sunstone Nagar Indore 969358	India
S1-004170	Meridian Foods Limited Liability Company	348 Orchid Road, Goldleaf Park, Akron, AL	US
S1-004171	Harbor Textiles Limited	323 Ironwood Marg, Indore, 783685	India
S1-004172	Bluepeak Fabrics Private Limited	360 Falcon Street, Clearwater Nagar, Near SBI ATM, Surat, Maharashtra, 211114	India
S1-004173	Ravenwood Foods Incorporated	135 Ravenwood Drive, Austin	USA
S1-004174	Thistle Trading Private Limited	231 Silverline Street, Maplecrest Nagar, Opp. Bus Depot, Jaipur, MP	IN
S1-004175	Sunstone Quarry Motors Company	343 Quarry Dr Onyx Park Mobile	US
S1-004176	Goldleaf Electricals Private Limited	105 Vertex Road Kestrel Nagar Jaipur 453214	IN
S1-004177	Kestrel Fabrics Private Limited	72 Quarry Cross, Near Metro Pillar 42, Apex Nagar, Pune, Tamil Nadu, 898826	IN
S1-004178	Falcon Chemicals Company	127 Vertex Blvd, Behind the Civic Center, Fresno, OH, 39231	USA
S1-004179	Orchid Motors Private Limited	Near Metro Pillar 42, 29 Kestrel Street, Jaipur, Kerala, 265889	India
S1-004180	Northgate Thistle Textiles Company	38/32 Stonebridge Road, Fresno, AL, 68497, Maplecrest Park	USA
S1-004181	Onyx Lantern Industries Private Limited	22/87 Northgate Cross, Apex Nagar, Pune, 293540	IN
S1-004182	Orchid Solutions Corporation	214 Brightpath Dr Orchid Park Lubbock 48305	United States
S1-004183	Sunstone Fabrics Private Limited	147 Harbor Road, Indore, Sunstone Nagar	IN
S1-004184	Juniper Fabrics Limited Liability Company	139 Sunstone Boulevard, Austin, WA, 85476	USA
S1-004185	Redwood Fabrics Company	175 Thistle BBlvd, Goldleaf Park, Opp. City Library, Fresno, IL, 28149	US
S1-004186	Ravenwood Systems Limited	242 Harbor Rd, Opp. Bus Depot, Thistle Nagar, Coimbatore	India
S1-004187	Bluepeak Packaging Private Limited	120 Bluepeak Road, Pune, MP	India
S1-004188	Ravenwood Falcon Systems Private Limited	265 Silverline Roaad, Kochi, Gujarat	India
S1-004189	Sunstone Services Private Limited	Behind Ganesh Temple, 377 Meridian Rd, Bluepeak Nagar, Surat, 314920	IN
S1-004190	Silverline Consultancy Limited Liability Company	10 Onyx Stret Silverline Park Lubbock TX	US
S1-004191	Thistle Ironwood Solutions Limited	50 Ironwood Crs, Stonebridge Nagar, Coimbatore, 554545	India
S1-004192	Kestrel Summit Solutions Incorporated	343 Kestrel Avenue, Harbor Park, Akron, TX, 32199	USA
S1-004193	Meridian Brightpath Textiles Limited	138 Sunstone Rd, Near Metro Pillar 42, Coimbatore, 830904	India
S1-004194	Redwood Logistics Private Limited	300 Harbor Road, Jaipur, Gujarat	India
S1-004195	Maplecrest Quarry Industries Corporation	172 Harbor Dr, Harbor Park, Akron, 31792	United States
S1-004196	Onyx Kestrel Foods Limited	153 Ironwood M Surat Maharashtra 203589	India
S1-004197	Kestrel Chemicals Company	75 Stonebridge Street Summit Park Tacoma OH 30619	United States
S1-004198	Summit Solutions Company	Behind the iCvic Center 212 Lantern Dr Vertex Park Mobile TX 48651	US
S1-004199	Summit Fabrics Private Limited	38 Ravenwood Rd, Kestrel Nagar, Near Metro Pillar 42, Nagpur, Tamil Nadu, 297156	IN
S1-004200	Falcon Electricals Company	6/56 Summit Road Behind the Civic Center Peoria AL 60029	USA
S1-004201	Bluepeak Consultancy Company	118 Thistle Avenue Peoria	US
S1-004202	Orchid Foods Corporation	309 Clearwater Boulevard, Apex Park, Akron	US
S1-004203	Quarry Fabrics Limited Liability Company	19 Brightpath Drive, Maplecrest Park, Austin, 24698	USA
S1-004204	Silverline Meridian Logistics Limited Liability Company	Opp. City Library, 226 Summit Boulevard, Lantern Park, Peoria, 35327	USA
S1-004205	Meridian Services Incorporated	222 Harbor Street, Akron, 86444	United States
S1-004206	Bluepeak Industries Incorporated	22 Brightpath Dr, Thistle Park, Tacoma, CA, 22865	US
S1-004207	Bluepeak Goldleaf Motors Corporation	392 Ironwood Boulevard, Brightpath Park, Lubbock, CA, 15816	United States
S1-004208	Harbor Chemicals Private Limited	369 Cobalt Crs, Kestrel Nagar, Kochi, Maharashtra, 997742	IN
S1-004209	Juniper Foods Private Limited	47 Falcon Mn, Juniper Nagar, Indore, Kerala, 477573	India
S1-004210	Harbor Ravenwood Industries Company	329 Silverline Drive, Fresno, AL, 95862	US
S1-004211	Juniper Textiles Limited	52 Apex Rd, Apex Nagar, Kochi, Gujarat	IN
S1-004212	Meridian Trading Company	Lubbock, 4/46 Vertex Avenue	United States
S1-004213	Maplecrest Solutions Limited	377 Brightpath Marg, Kochi, Tamil Nadu, 925055	IN
S1-004214	Lantern Solutions Private Limited	34 Northgate Crs, Goldleaf Nagar, Nagpur, 989282	IN
S1-004215	Sunstone Northgate Trading Corporation	322 Onyx Road, Akron, TX, 54141	United States
S1-004216	Thistle Clearwater Fabrics Private Limited	389 Redwood Crs, Jaipur, Kerala, 900609	India
S1-004217	Onyx Consultancy Private Limited	336 Orchid Cross Surta Rajasthan 555478	India
S1-004218	Quarry Trading Limited Liability Company	57 Falcon Road Northgate Park Tacoma CA 66092	United States
S1-004219	Clearwater Fabrics Limited Liability Company	322 Redwood Drive, Lubbock	US
S1-004220	Meridian Harbor Industries Corporation	383 Sunstone Street, Near Exit 14, Summit Park, Akron, AL, 83837	United States
S1-004221	Silverline Trading Limited	15 Apex Rd, Indore, 466332, Harbor Nagar	IN
S1-004222	Northgate Enterprises Company	210 Orchid Rd, Goldleaf Park, Tacoma, 30445	United States
S1-004223	Redwood Consultancy Incorporated	132 Apex Boulevard Akronn IL 39024	USA
S1-004224	Ravenwood Industries Private Limited	359 Lantern Main Apex Nagar Jaipur Rajasthan Behind Ganesh Temple	India
S1-004225	Goldleaf Foods Private Limited	201 Orchid Crs, 456443, Indore	IN
S1-004226	Falcon Systems Incorporated	174 Ravenwood St, Mobile,  IL, 66114	USA
S1-004227	Clearwater Chemicals Company	304 Kestrel Street, Tacoma, 77557	US
S1-004228	Vertex Motors Private Limited	179 Summit St, Kestrel Nagar, Nagpur, 785870	India
S1-004229	Harbor Textiles Private Limited	6/7 Brightpath Marg Kestrel Nagar Pune Rajasthan 566426	IN
S1-004230	Juniper Systems Company	Near Exit 14 174 Kestrel Street Akron OH 46087	US
S1-004231	Maplecrest Bluepeak Consultancy Limited Liability Company	388 Onyx Avenue Northgate Park Opp. City Library Fresno TX 39777	USA
S1-004232	Summit Summit Electricals Private Limited	328 Juniper Street, Falcon Nagar, Jaipur, 599717	IN
S1-004233	Maplecrest Systems Private Limited	15 Stonebridge Cross, Near SBI ATM, Jaipur, 632491	India
S1-004234	Silverline Vertex Trading Company	34 Meridian Rd, AL,Tacoma	USA
S1-004235	Maplecrest Motors Private Limited	185 Silverline Mn Ironwood Nagar Pune Rajasthan	India
S1-004236	Northgate Systems Limited	378 Stonebridge Road Falcon Nagar Kochi	IN
S1-004237	Summit Textiles Incorporated	250 Meridian Rd, Akron, CA, 94306	US
S1-004238	Thistle Electricals Private Limited	137 Ironwoodd Mn, Clearwater Nagar, Nagpur, 316223	IN
S1-004239	Apex Services Private Limited	314 Stonebridge Crs Harbor Nagar Kochi Gujarat	India
S1-004240	Redwood Industries Incorporated	Opp. City Library, 385 Summit Dr, Lubbock, 65502	US
S1-004241	Stonebridge Enterprises Corporation	24/25 Northgate Ave, Onyx Park, Mobile, WA, 11312	US
S1-004242	Silverline Solutions Private Limited	177 Falcon Crs, Orchid Nagar, Indore, 127033	India
S1-004243	Vertex Vertex Chemicals Incorporated	Lubbock, OH, 54983, 306 Lantern Blvd	US
S1-004244	Orchid Brightpath Motors Company	Near Exit 14, 110 Stonebridge Ave, Ravenwood Park, Tacoma, 40360	United States
S1-004245	Silverline Industries Private Limited	51 Apex Marg ,Cobalt Nagar, Nagpur, 814958	India
S1-004246	Orchid Brightpath Consultancy Private Limited	385 Silverline Mn, Goldleaf Nagar, Pune, Maharashtra, 254434	IN
S1-004247	Ravenwood Solutions Limited	256 Cobalt Cross, Near Metro Pillar 42, Nagpur, Tamil Nadu	India
S1-004248	Ironwood Logistics Limited Liability Company	357 Kestrel Rd, Orchid Park, Austin, AL	US
S1-004249	Onyx Systems Limited Liability Company	6 Stonebridge Rd, Onyx Park, Lubbck, 48937	United States
S1-004250	Quarry Textiles Corporation	260 Harbor St, Juniper Park, Peoria, 13783	USA
S1-004251	Apex Brightpath Systems Private Limited	Near SBI ATM, 356 Kestrel Rd, Stonebridge Nagar, Jaipur, Maharashtra, 739827	India
S1-004252	Harbor Textiles Limited Liability Company	17 Brightpath Drive, Mobile, 61558	US
S1-004253	Harbor Chemicals Corporation	131 Maplecrest Rd, Cobalt Park, Peoria, CA	USA
S1-004254	Bluepeak Sunstone Systems Limited Liability Company	220 Falcon Ave, Goldleaf Park, Austin, 62098	United States
S1-004255	Lantern Maplecrest Logistics Corporation	343 Kestrel Rd, Meridian Park, Near Exit 14, Austin, AL	US
S1-004256	Summit Electricals Private Limited	129 Ironwood Road Onyx Nagar Surat 920567	India
S1-004257	Stonebridge Textiles Limited Liability Company	89 Clearwater Street, Behind the Civic Center, Kestrel Park, Tacoma, IL, 77227	United States
S1-004258	Summit Kestrel Packaging Private Limited	241 Ironwood Cross, Opp. Bus Depot, Goldleaf Nagar, Coimbatore, Rajasthan	India
S1-004259	Summit Logistics Limited Liability Company	19 Sunstone Street, Austin	US
S1-004260	Quarry Logistics Limited	157 Brightpath Rd, Orchid Nagar, Surat, Rajasthan, 2226520	IN
S1-004261	Ravenwood Enterprises Company	346 Northgate Avenue, Bluepeak Park, Mobile, TX	United States
S1-004262	Vertex Textiles Company	59 Lantern Avenue, Northgate Park, Austin, AL, 87064	United States
S1-004263	Harbor Cobalt Fabrics Corporation	337 Silverline Boulevard, Orchid Park, Lubbock, TX	United States
S1-004264	Summit Foods Corporation	34/55 Onyx Drive Summit Park Peori a85291	USA
S1-004265	Juniper Quarry Trading Limited	Behind Ganesh Temple, 256 Lantern Cross ,Jaipur, MP, 882197	IN
S1-004266	Stonebridge Foods Private Limited	Opp. Bus Depot, 385 Stonebridge Rd, Falcon Nagar, Pune	IN
S1-004267	Brightpath Consultancy Private Limited	157 Ironwood Cross, Thistle Nagar, Jaipur, 967168	India
S1-004268	Apex Consultancy Private Limited	256 Ravenwood Cross, Cobalt Nagar, Coimbatore, Kerala	India
S1-004269	Stonebridge Logistics Limited	67 Thistle Mn, Surat, Tamil Nadu, 601633	IN
S1-004270	Onyx Enterprises Corporation	27 3Harbor Street, Goldleaf Park, Akron, TX, 19283	USA
S1-004271	Ironwood Kestrel Services Private Limited	267 Silverline St, Near SBI ATM, Silverlie Nagar, Kochi, MP	IN
S1-004272	Goldleaf Solutions Incorporated	233 Falcon Rooad, Quarry Park, Lubbock, AL, 54124	US
S1-004273	Juniper Services Limited Liability Company	137 Stonebridge Dr, Quarry Park, Austin, AL, 65576	USA
S1-004274	Ironwood Logistics Limited	134 Cobalt Mn 814039 Indore	IN
S1-004275	Onyx Solutions Corporation	171 Quarry St, Tacoma, CA, 97578	US
S1-004276	Juniper Industries Incorporated	100 Bluepeak Drive, Onyx Park, Fresno, 43569	USA
S1-004277	Bluepeak Services Limited Liability Company	71 Harbor Avenue, Brightpath Park, Lubbock, TX, 58048	United States
S1-004278	Maplecrest Foods Company	121 Onyx Rd, Kestrel Park, Mobile, 30047	USA
S1-004279	Maplecrest Logistics Limited Liability Company	337 Stonebridge Avenue, Clearwater Park, Lubbock, 96276	US
S1-004280	Harbor Solutions Limited	280 Sunstone Cross, Coimbatore, 161230	IN
S1-004281	Sunstone Industries Private Limited	296 Maplecrest Rd, Lantern Nagar, Coimbatore, Rajasthan, 171635	India
S1-004282	Silverline Thistle Systems Private Limited	158 Brightpath Road Kochi 646029	IN
S1-004283	Thistle Electricals Limited	Lantern Nagar Coimbatore 550554 114 Bluepeak Street	IN
S1-004284	Vertex Lantern Enterprises Private Limited	22/86 Lantern Road, Brightpath Nagar, Surat, Maharashtra	India
S1-004285	Ironwood Solutions Limited	309 Orchid Mn, Harbor Nagar, Indore, Maharaashtra	India
S1-004286	Orchid Maplecrest Consultancy Private Limited	142 Clearwater Mn, Kochi, 825226	India
S1-004287	Juniper Chemicals Company	4/58 Thistle Ave, Behind the Civic Center, Stonebridge Park, Fresno, 36459	USA
S1-004288	Harbor Summit Industries Private Limited	192 Harbor Marg, Ravenwood Nagar, Idore, Gujarat	IN
S1-004289	Bluepeak Systems Private Limited	129 Falcon Street Vertex Nagar Indore Tamil Nadu 855796	IN
S1-004290	Brightpath Systems Private Limited	23 Clearwater Mn, Vertex Nagar, Indore, Maharashtra, 407625	IN
S1-004291	Juniper Solutions Limited	378 Ravenwood Marrg, Behind Ganesh Temple, Surat	IN
S1-004292	Falcon Systems Private Limited	334 Sunstone Road, Quarry Nagar, Jaipur, Kerala	India
S1-004293	Ravenwood Sunstone Foods Limited	295 Maplecresst Mn, Near SBI ATM, Vertex Nagar, Indore, Maharashtra	IN
S1-004294	Stonebridge Consultancy Private Limited	230 Sunstone Crs Onyx Nagar Near SBI ATM Pune	IN
S1-004295	Juniper Logistics Company	221 Falcon Avenue Apex Park Peoria AL 29174	USA
S1-004296	Clearwater Trading Limited Liability Company	188 Lantern St, Bluepeak Park, Akron, IL, 97527	USA
S1-004297	Silverline Motors Private Limited	129 Lantern Cross, Sunstone Nagar, Opp. Bus Depot, Indore, Rajasthan, 341966	India
S1-004298	Clearwater Clearwater Motors Private Limited	85 Harbor Cross, Pune, Rajasthan, 771213	India
S1-004299	Kestrel Systems Limited Liability Company	336 Cobalt St, Juniper Park, Mobile OH, 11176	US
S1-004300	Sunstone Harbor Services Limited Liability Company	185 Bluepeak Blvd, Apex Park, Mobile, CA	United States
S1-004301	Meridian Logistics Private Limited	30/30 Ravenwood Marg, Opp. Bus Depot, Vertex Nagar, Jaipur, 300912	India
S1-004302	Ravenwood Solutions Limited	244 Falcon Cross, Kochi, Kerala, 386931	India
S1-004303	Goldleaf Fabrics Company	25/69 Apex Street, Near Exit 14, Onyx Park, Tacoma, 78231, TX	United States
S1-004304	Brightpath Enterprises Private Limited	222 Stonebridge Crs, Stonebridge Nagar, Kochi, Tamil Nadu	IN
S1-004305	Lantern Services Limited Liability Company	Behind the Civic Center, 86 Brightpath Dr, Goldleaf Park, Peoria	United States
S1-004306	Northgate Systems Private Limited	263 Sunstone Cross Bluepeak Nagar Opp. Bus Depot Coimbatore Gujarat 382680	IN
S1-004307	Onyx Foods Private Limited	134 Bluepeak Street, Stonebridge Nagar, Nagpur, 908060	IN
S1-004308	Goldleaf Meridian Consultancy Private Limited	68 Cobalt Cross, Quarry Nagar,, Kochi, 691988	IN
S1-004309	Thistle Ironwood Motors Limited Liability Company	46 Sunstone Ave, Quarry Park, Tacoma, CA, 19584	US
S1-004310	Cobalt Solutions Limited Liability Company	305 Lantern Dr, Maplecrest Park, Peoria, TX, 36342	US
S1-004311	Summit Packaging Company	Opp. City Lbirary, 97 Summit Blvd, Juniper Park, Akron, AL, 79923	USA
S1-004312	Sunstone Textiles Company	175 Bluepeak Drive, Quarry Park, Fresno, OH, 17403	United States
S1-004313	Apex Orchid Fabrics Company	258 Stonebridge Street, Clearwater Park, Austin, 49313	US
S1-004314	Maplecrest Electricals Incorporated	224 Ravenwood Avenue, Ironwood Park, Tacoma, 17107	US
S1-004315	Lantern Chemicals Limited Liability Company	49 Brightpath Dr, Falcon Park, Tacoma, OH, 98238	USA
S1-004316	Goldleaf Enterprises Limited Liability Company	Opp. City Library, 88 Quarry Road, Mobile, TX, 99275	USA
S1-004317	Lantern Packaging Limited	229 Redwood Crs, Sunstone Nagar, Jaipur, Tamil Nadu, 591736	IN
S1-004318	Northgate Trading Private Limited	12 Ravenwood St, Summit Nagar, NNear Metro Pillar 42, Kochi, Gujarat	India
S1-004319	Goldleaf Summit Foods Corporation	1 Onyx Avenue, Behind the Civic Center, Bluepeak Park, Mobile, AL, 30793	US
S1-004320	Orchid Redwood Electricals Limited Liability Company	1 Falcon Blvd, Goldleaf Park, Akron, Behind the Civic Center	US
S1-004321	Meridian Chemicals Limited Liability Company	33 Onyx Drive Tacoma CA	US
S1-004322	Summit Vertex Trading Limited	20 Apex St, Quarry Nagar, Kochi, 408107	India
S1-004323	Harbor Thistle Enterprises Limited	165 Harbor Main, Maplecrest Nagar, Nagpur, Rajasthan, 164465	India
S1-004324	Goldleaf Consultancy Incorporated	245 Onyx Blvd, Sunston Park, Mobile, WA	USA
S1-004325	Summit Thistle Electricals Limited	361 Thistle Cross, Pune, Maharashtra, 508831	India
S1-004326	Maplecrest Industries Incorporated	338 Ironwood Avenue, Redwood Park, Austin, 81624	USA
S1-004327	Ironwood Solutions Corporation	106 Goldleaf Blvd, Brightpath Park, Mobile, CA, 34025	USA
S1-004328	Brightpath Services Limited Liability Company	17 Meridian Road, Falcon Park, Tacoma, OH, 22182	USA
S1-004329	Harbor Foods Private Limited	129 Orchid Coss, Bluepeak Nagar, Surat, Rajasthan	India
S1-004330	Ravenwood Apex Services Corporation	354 Bluepeak Road, Akron	US
S1-004331	Brightpath Solutions Corporation	256 Kestrel Dr, Peoria	USA
S1-004332	Bluepeak Vertex Industries Incorporated	232 Stonebridge Street, Behind the Ciivic Center, Harbor Park, Peoria, AL, 13461	USA
S1-004333	Ironwood Motors Corporation	21 Summit St, Sunstone Park, Austin, OH, 54732	United States
S1-004334	Stonebridge Systems Corporation	295 Cobalt Blvd, Peoria, CA, 47341	USA
S1-004335	Brightpath Enterprises Private Limited	146 Ravenwood Marg, Redwood Nagar, Pune, Tamil Nadu	India
S1-004336	Apex Enterprises Private Limited	Near Metro Pillar 42, 17 Silverline Road, Northgate Nagar, Pune, Kerala	IN
S1-004337	Harbor Lantern Electricals Incorporated	81 Sunstone Road, Ironwood Park, Lubbock, AL, 72724	US
S1-004338	Summit Onyx Chemicals Private Limited	Silverline Nagar Surat Maharashtra 173 Meridian St	IN
S1-004339	Apex Solutions Corporation	371 Quarry Rd, Fresno, TX	USA
S1-004340	Meridian Ironwood Motors Incorporated	98 Falcon Avenue, Juniper Park, Austin, WA, 17962	United States
S1-004341	Summit Chemicals Limited	366 Harbor Road, Cobalt Nagar, Kochi	IN
S1-004342	Lantern Systems Company	261 Clearwater Road, Ironwood Park, Lubbock, 85418	United States
S1-004343	Ironwood Packaging Private Limited	Near Metro Pillar 42, 234 Maplecrest Cross, Redwood Nagar, Indore, MP	IN
S1-004344	Lantern Summit Electricals Limited	63 Vertex Road, Brightpath Nagar, Indore, Gujarat, 754810	IN
S1-004345	Vertex Industries Limited	310 Quarry St, Silverline Nagar, Pune, 921794, MP	IN
S1-004346	Goldleaf Systems Corporation	346 Redwood Rd, Ironwood Park, Peoria, IL, 79755	United States
S1-004347	Stonebridge Electricals Incorporated	Cobalt Park, Mobile, 98686, 5 Apex Avenue	USA
S1-004348	Sunstone Stonebridge Packaging Limited Liability Company	4/42 Bluepeak Street Brightpath Park 39104 Lubbock	United States
S1-004349	Bluepeak Northgate Logistics Corporation	118 Ironwood Ave Bluepeak Park Lubbock IL 66518	USA
S1-004350	Clearwater Lantern Solutions Limited	79 Vertex Rd, Summit Ngaar, Coimbatore, 321878	India
S1-004351	Harbor Orchid Consultancy Limited Liability Company	123 Juniper Avnue, Tacoma, 43015, Goldleaf Park	United States
S1-004352	Juniper Electricals Company	336 Ironwood Road, 36630, Peoria	United States
S1-004353	Orchid Systems Corporation	365 Brightpath Boulevard, Fresno, 23596	United States
S1-004354	Apex Foods Private Limited	210 Sunsstone Street, Indore, Rajasthan, 736205	India
S1-004355	Maplecrest Textiles Private Limited	386 Thistle Crs, Ironwood Nagar, Indore, Rajasthan, 732441	IN
S1-004356	Falcon Foods Incorporated	69 Orchid Blvd, Juniper Park, TX, 96565, Mobile	US
S1-004357	Summit Enterprises Private Limited	376 Redwood Crs Quarry Nagar Pune	India
S1-004358	Falcon Summit Services Private Limited	260 Falcon Main, Indore, 352056	IN
S1-004359	Redwood Logistics Corporation	241 Apex Blvd, Summit Park, Near Exit 14, Lubbock, IL, 23501	US
S1-004360	Meridian Logistics Company	196 Silverline Avenue Falcon Park Peoria OH	US
S1-004361	Kestrel Chemicals Limited	Near Metro Pillar 42, 218 Lantern Main, Goldleaf Nagar, Surat, Maharashtra	India
S1-004362	Orchid Services Corporation	80 Cobalt Rd Stonebridge Park, Tacoma, CA, 57831	USA
S1-004363	Summit Electricals Corporation	275 Brightpath Blvd, Stonebridge Park, Austin, TX	USA
S1-004364	Brightpath Industries Corporation	301 Kestrel Dr, Sunstone Park, Mobile, AL	US
S1-004365	Ravenwood Industries Private Limited	14 Stonebridge Rd, Coimbatore, Gujarat, 765596	IN
S1-004366	Silverline Electricals Incorporated	395 Stonebridge Road, Near Exit 14, Tacoma, Kestrel Park	USA
S1-004367	Brightpath Textiles Incorporated	Opp. City Library, 25 Thistle Ave, Mobile, IL, 68185	US
S1-004368	Northgate Chemicals Company	3/87 Summit St, Tacoma, WA, 81369	US
S1-004369	Silverline Sunstone Logistics Corporation	340 Harbor Drive Tacoma CA Silverline Park	US
S1-004370	Vertex Northgate Foods Limited Liability Company	26 Redwood Road Orchid Park Austin	United States
S1-004371	Bluepeak Textiles Limited	38/77 Harbor Crs Pune Mahaarshtra 963257	India
S1-004372	Maplecrest Logistics Limited	Indore Kerala 69 Northgate Main	India
S1-004373	Falcon Silverline Packaging Private Limited	191 Kestrel St, Stonebridge Nagar, Kochi	India
S1-004374	Bluepeak Motors Incorporated	24/32 Clearwater Boulevard, Quarry Park, Mobile, IL, 21708	USA
S1-004375	Lantern Services Private Limited	152 Ravenwood Mn, Apex Nagar, Pune	IN
S1-004376	Clearwater Industries Corporation	Opp. City Library, 158 Brightpath St, Austin, IL, 66779	United States
S1-004377	Northgate Stonebridge Systems Private Limited	58 Kestrel Marg, Coimbatore, Orchd Nagar	IN
S1-004378	Juniper Packaging Private Limited	1/35 Thistle Street, Opp. Bus Depot, Apex Nagar, Indore, Kerala, 407339	IN
S1-004379	Silverline Systems Private Limited	135 Ravenwood Marg, Northgate Nagar, Surat	IN
S1-004380	Cobalt Bluepeak Systems Private Limited	345 Sunstone Rd, Near Metro Pillar 42, Quarry Nagar, Indore, 293181	IN
S1-004381	Meridian Onyx Foods Company	113 Maplecrest Avenue, Summit Park, Peoria, 39835	US
S1-004382	Harbor Industries Private Limited	121 Ravenwood Mn, Onyx Nagar, Behind Ganesh Temple, Coimbatore, Maharashtra, 259281	IN
S1-004383	Harbor Services Private Limited	336 Apex Marg, Falcon Nagar, Nagpur, 648500	India
S1-004384	Sunstone Vertex Foods Limited Liability Company	24 Ironwood St Cobalt Park Lubbock 87582	US
S1-004385	Orchid Silverline Industries Limited	27 Quarry Marg, Sunstone Nagar, aJipur, Kerala, 714342	IN
S1-004386	Summit Bluepeak Solutions Limited	34/73 Harbor Road Meridian Nagar Indore Maharashtra	India
S1-004387	Clearwater Trading Limited	72 Goldleaf Street Pune Gujarat 555384	India
S1-004388	Redwood Trading Limited	80 Silverline Marg, Opp. Bus Depot, Meridian Nagar, Surat, Tamil Nadu, 313323	India
S1-004389	Onyx Chemicals Limited Liability Company	25/34 Onyx Street, Thistle Park, Fresno, 10694	USA
S1-004390	Cobalt Trading Company	2 Kestrel Rd Thistle Park Akron 74163	US
S1-004391	Falcon Bluepeak Logistics Limited Liability Company	Orchid Park, Akron, AL, 39 Maplecrest Blvd	US
S1-004392	Cobalt Textiles Company	345 Onyx Boulevard Sunstone Park OH 25629 Peoria	United States
S1-004393	Maplecrest Chemicals Private Limited	52 Lantern Mn, Brightpath Nagar, Pune	IN
S1-004394	Orchid Foods Limited	301 Meridian Mn, Clearwater Nagar, Nagpur	IN
S1-004395	Bluepeak Services Private Limited	5 Onyx Cross, Cleaarwater Nagar, Nagpur, 428469	India
S1-004396	Northgate Enterprises Private Limited	128 Ironwood St, Kochi, Gujarat	IN
S1-004397	Quarry Juniper Consultancy Corporation	10 Juniper Rd Ravenwood Park Behind the Civic Center Tacoma TX 33645	United States
S1-004398	Silverline Logistics Limited	27 Stonebridge Rd, Indore, MP, 274521	IN
S1-004399	Ravenwood Electricals Incorporated	Near Exit 14, 389 Kestrl Drive, Bluepeak Park, Akron, OH	USA
S1-004400	Maplecrest Brightpath Logistics Corporation	398 Brightpath Drive, Akron, 46606	USA
S1-004401	Falcon Chemicals Company	Near Exit 14, 30 Kestrel Drive, Silverline Park, Mobile, 40322	USA
S1-004402	Falcon Solutions Company	343 Kestrel Boulevard, Meridian Park, Tacoma, 43109	United States
S1-004403	Kestrel Ironwood Textiles Private Limited	383 Orchid St, Indore, Gujarat, 487738	India
S1-004404	Bluepeak Enterprises Limited	229 Falcon Mn, Indore, 595417	IN
S1-004405	Onyx Services Incorporated	358 Quarry Dr, Apex Park, Fresno, 94480	USA
S1-004406	Redwood Services Incorporated	251 Ironwood Dr, Apex Park, Fresno, WA	US
S1-004407	Onyx Logistics Company	183 Thistle Avenue Onyx Park Mobile OH 93813	United States
S1-004408	Orchid Brightpath Logistics Private Limited	395 Goldleaf Marg, Coimbatore, Kerala, 885886	IN
S1-004409	Falcon Summit Industries Limited	26/39 Meridian Main Onyx Nagar Nagpur	India
S1-004410	Redwood Motors Incorporated	308 Silverline Boulevard Austin CA	United States
S1-004411	Kestrel Packaging Limited	211 Silverline Main, Thistle Nagar, Pune, 241120	India
S1-004412	Vertex Solutions Company	167 Silverline Avenue, Near Exit 14, Juniper Park, Peoria, IL, 60162	United States
S1-004413	Thistle Systems Limited	268 Sunstone Mn, Ravenwood Nagar, Nagpur, Rajasthan, 190030	India
S1-004414	Brightpath Packaging Limited	89 Ironwood Marg, Meridian Nagar, Jaipur, 328259	India
S1-004415	Northgate Cobalt Motors Limited	351 Juniper Road, Harbor Nagar, SSurat, Tamil Nadu	IN
S1-004416	Onyx Trading Company	328 Ironwood Avenue, Cobalt Park, Peoria	United States
S1-004417	Silverline Foods Incorporated	245 Silverline St, Clearwater Park, Lubbock, IL	United States
S1-004418	Thistle Trading Private Limited	16 Kestrel Crs, Goldleaf Nagar, Surat, Maharashtra, 852179	IN
S1-004419	Ravenwood Textiles Corporation	164 Summit Blvd Juniper Park Peoria CA Behind the Civic Center	US
S1-004420	Apex Chemicals Incorporated	23/10 Bluepeak Avenue Stonebridge Park Peoria 22535	United States
S1-004421	Apex Silverline Textiles Limited	79 Harbor Street, Apex Nagar, Indore, Gujarat	India
S1-004422	Maplecrest Logistics Private Limited	339 Meridian Marg, Falcon Nagar, Surat, MP, 295829	India
S1-004423	Ravenwood Consultancy Incorporated	304 Harbor Street, Silverline Park, Fresno, OH	USA
S1-004424	Silverline Fabrics Limited	Near Metro Pillar 42, 2/63 Silverline Marg, Jaipur, 507462	IN
S1-004425	Bluepeak Packaging Company	342 Falcon Ave Clearwater Park Tacoma 45070	United States
S1-004426	Silverline Motors Corporation	19/45 Ironwood Boulevard, Redwood Park, Peoria, CA, 67531	US
S1-004427	Northgate Foods Limited Liability Company	323 Meridian St, Quarry Park, Peoria, AL	United States
S1-004428	Orchid Ironwood Chemicals Limited Liability Company	171 Summit Street, Near Exit 14, Kestrel Park, Mobile	USA
S1-004429	Cobalt Chemicals Corporation	86 Meridian Ave, Onyx Park, Tacoma, WA, 16332	United States
S1-004430	Ironwood Clearwater Fabrics Corporation	12 Clearwater Avenue, Austin, WA	US
S1-004431	Vertex Foods Private Limited	386 Meridian Mn, Jaipur, 336185	IN
S1-004432	Stonebridge Vertex Logistics Private Limited	Ravenwood Nagar, Jaipur, 905160, 120 Falcon Street	India
S1-004433	Brightpath Consultancy Company	250 Brightpath Road, Juniper Park, Mobile, AL	USA
S1-004434	Cobalt Chemicals Private Limited	138 Lantern Rd Onyx Nagar Kochi	IN
S1-004435	Stonebridge Textiles Limited	203 Orchid Cross, Kochi, 688014	India
S1-004436	Maplecrest Textiles Private Limited	Opp. Bus Depot 383 Vertex Marg Onyx Nagar Indore 497471	IN
S1-004437	Summit Logistics Private Limited	166 Ironwood St Opp. Bus Depot Jaipur 674438	India
S1-004438	Summit Foods Private Limited	14 Redwood Marg, Nagpur, 609029, Maharashtra	India
S1-004439	Summit Enterprises Limited Liability Company	195 Bluepeak Street, Lubbock, 67412, Lantern Park	US
S1-004440	Ironwood Industries Private Limited	377 Summit Main, Northgate Nagar, Jaipur, Gujarat, 805587	IN
S1-004441	Apex Logistics Private Limited	214 Ironwood Crs Juniper Nagar Pune Kerala	India
S1-004442	Redwood Logistics Private Limited	108 Orchid Cross, Surat, Kerala	IN
S1-004443	Meridian Fabrics Incorporated	236 Quarry Ave, Onyx Park, Mobile, TX, 35423	USA
S1-004444	Quarry Maplecrest Systems Incorporated	37 Quarry Road Summti Park Fresno	US
S1-004445	Clearwater Enterprises Private Limited	127 Falcon Mn, Bluepeak Nagar, Suraat, Tamil Nadu	IN
S1-004446	Stonebridge Packaging Limited Liability Company	25 Summit St Ravenwood Park Peoria IL 59611	US
S1-004447	Apex Enterprises Company	315 Redwood Drive, Cobalt Park, Mobile, IL, 30840	United States
S1-004448	Summit Industries Corporation	187 Summit Boulevard, Clearwater Park, Fresno, 67559	USA
S1-004449	Summit Lantern Logistics Incorporated	330 Onyx Dr, Brightpath Park, Austin, IL	US
S1-004450	Ironwood Bluepeak Trading Limited Liability Company	Brightppath Park, Austin, CA, 210 Harbor Boulevard	US
S1-004451	Brightpath Orchid Motors Private Limited	95 Redwood Main, Pune, 436841, Behind Ganesh Temple	India
S1-004452	Clearwater Consultancy Private Limited	32 Kestrel Main, Quarry Nagar, Surat, 485882	IN
S1-004453	Maplecrest Logistics Incorporated	227 Onyx Boulevard, Redwood Park,Fresno	USA
S1-004454	Ironwood Chemicals Limited	361 Ravenwood Main, Clearwater Nagar, Indore	IN
S1-004455	Cobalt Trading Private Limited	220 Maplerest Road Pune 320527	IN
S1-004456	Onyx Packaging Company	136 rIonwood Avenue, Vertex Park, Mobile, 75897	United States
S1-004457	Maplecrest Lantern Consultancy Private Limited	192 Falcon Crs, Pune, 784136	IN
S1-004458	Quarry Logistics Company	22 Juniper Street Kestrel Park Peoria TX 63957	United States
S1-004459	Onyx Sunstone Foods Limited	130 Silverline St, Opp. Bus Depot, Juniper Nagar, Pune, Rajsathan, 197481	IN
S1-004460	Meridian Packaging Limited Liability Company	130 Harbor Rd, Silverline Park, Lubbock, IL, 27385	USA
S1-004461	Ravenwood Harbor Trading Private Limited	313 Harbor Road, Brightpath Nagar, Indore, Maharashtra	IN
S1-004462	Northgate Bluepeak Services Limited Liability Company	28 Juniper St, Kestrel Park, Austin, 84376	United States
S1-004463	Stonebridge Consultancy Limited	115 Goldleaf Road Silverline Nagar Surat 590072	IN
S1-004464	Juniper Maplecrest Trading Private Limited	293 Summit Marg, Near Metro Pillar 42, Nagpur, MP, 189247	India
S1-004465	Orchid Trading Limited	18/51 Apex Rd, Clearwater Nagar, Indore, 717988	IN
S1-004466	Stonebridge Logistics Private Limited	Kochi Kerala 194 Suntsone Marg	India
S1-004467	Northgate Textiles Private Limited	Near Metro Pillar 42, 123 Onyx Street, Orchid Nagar, Pune, 907214	India
S1-004468	Lantern Solutions Limited	69 Juniper Marg, Redwood Nagar, Jaipur, Tamil Nadu, 330659	India
S1-004469	Silverline Solutions Company	263 Sunstone Boulevard, Redwood Park, Austin, 51429	USA
S1-004470	Thistle Enterprises Private Limited	301 Quarry Crs, Nagpur, Maharashtra, 118611	IN
S1-004471	Falcon Trading Limited	42 Falcon Street Apex Nagar Coimbatore Tamil Nadu	IN
S1-004472	Silverline Solutions Limited	9/25 Meridian Cross nIdore MP 450839	IN
S1-004473	Thistle Solutions Company	18 Stonebridge Blvd, Apex Park, Mobile, 12223	USA
S1-004474	Onyx Fabrics Limited Liability Company	86 Maplecrest Drive Cobalt Park Mobile	United States
S1-004475	Meridian Trading Corporation	14/52 Summit Street, Cobalt Park, Tacoma, OH	United States
S1-004476	Bluepeak Meridian Foods Private Limited	381 Goldleaf Road Indore Rajasthan 116707	India
S1-004477	Apex Consultancy Limited	314 Vertex Cross, Clearwater Nagar, Surat, Kerala, 173237	India
S1-004478	Sunstone Electricals Limited Liability Company	15/35 Ironwood Avenue, Mobile	US
S1-004479	Northgate Textiles Private Limited	39/79 Brightpath Cross, Quarry Nagar, Near Metro Pillar 42, Surat, MP	India
S1-004480	Redwood Solutions Incorporated	76 Cobalt Blvd Lantern Park Lubbock	USA
S1-004481	Orchid Consultancy Private Limited	38 Ravenwood Cross, Brightpath Nagar, Pune, 767017	India
S1-004482	Vertex Ravenwood Industries Private Limited	297 Cobalt St, Bluepeak Nagar, Nagpur, MP, 618393	IN
S1-004483	Summit Services Limited	116 NorthgateM ain, Opp. Bus Depot, Juniper Nagar, Kochi, MP	India
S1-004484	Goldleaf Foods Company	179 Harbor Street, Opp. City Library, Fresno, OH, 92178	United States
S1-004485	Apex Motors Limited	249 Kestrel Main Redwood Nagar Nagpur 241014	IN
S1-004486	Redwood Foods Corporation	170 Juniper Avenue, Quarry Park, Mobile 81887	United States
S1-004487	Vertex Motors Limited	99 Silerline Road, Silverline Nagar, Nagpur, 478760	IN
S1-004488	Bluepeak Systems Company	274 Ravenwood Dr, Redwood Park, Austin, CA, 30820	US
S1-004489	Kestrel Trading Private Limited	292 Harbor Road, Brightpath Nagar, Indore, Maharashtra, 904081	IN
S1-004490	Brightpath Textiles Company	60 Vertex Rd, Falcon Park, Peoria, WA	United States
S1-004491	Clearwater Chemicals Corporation	198 Vertex Blvd Mobile 58064 TX	United States
S1-004492	Thistle Industries Limited	284 Clearwater Mn, Lantern Nagar, Indore, Tamil Nadu	IN
S1-004493	Kestrel Sunstone Chemicals Limited Liability Company	298 Lantern Road, Fresno	US
S1-004494	Goldleaf Juniper Fabrics Incorporated	345 Stonebridge Road Maplecrest Park Akron IL 66102	USA
S1-004495	Vertex Foods Limited	77 Bluepeak Rd, Bluepeak Nagar, Kochi	IN
S1-004496	Maplecrest Kestrel Enterprises Limited	140 Bluepeak St Sunstoen Nagar Coimbatore 823749	IN
S1-004497	Juniper Chemicals Limited Liability Company	292 Northgate Street Stonebridge Park Peoria CA 64188	United States
S1-004498	Redwood Bluepeak Foods Company	255 Clearwater St, Austin, 36412	USA
S1-004499	Redwood Consultancy Corporation	313 Cobalt Ave, Sunstone Park, Tacoma, AL, 69113	US
S1-004500	Northgate Foods Limited Liability Company	255 Sunstone Blvd, Harbor Park, Fresno, CA, 99389	USA
S1-004501	Apex Ravenwood Systems Incorporated	299 Goldleaf Dr, Stonebridge Park, Austin, CA, 349984	US
S1-004502	Redwood Bluepeak Enterprises Private Limited	365 Summit Crs, Opp. Bus Depot, Kochi, Ironwood Nagar	IN
S1-004503	Redwood Chemicals Limited Liability Company	17/2 Quarry St, Tacoma, 90467	USA
S1-004504	Thistle Cobalt Foods Incorporated	205 Ironwood Dr, Cobalt Park, WA, Peoria	US
S1-004505	Falcon Packaging Private Limited	248 Lantern Street, Redwood Nagar, Kochi, Kerala	India
S1-004506	Silverline Enterprises Company	186 Brightpath Boulevard, Redwood Park, Astin	US
S1-004507	Redwood Industries Company	255 Brightpath Boulevard, Goldleaf Park, Tacoma, 45014	USA
S1-004508	Brightpath Solutions Limited Liability Company	26/18 Thistle Street, Clearwater Park, Lubbock, WA	United States
S1-004509	Ravenwood Motors Private Limited	273 Northgate St, Kestrel Nagar, Nagpur, Kerala	India
S1-004510	Maplecrest Motors Limited	335 Kestrel Street, Apex Nagar, Indore	IN
S1-004511	Lantern Services Private Limited	16 Summit Cross, Brightpath Nagar, Pune, Tamil Nadu, 225740	IN
S1-004512	Silverline Logistics Private Limited	22 Ironwood Marg Bluepeak Nagar Jaipur 391407	India
S1-004513	Clearwater Consultancy Limited Liability Company	379 Lantern Avneue, Meridian Park, Lubbock, OH	United States
S1-004514	Redwood Consultancy Corporation	81 Summit Drive, Redwood Park, Akron, 54807	US
S1-004515	Meridian Services Incorporated	39 Vertex Avenue, Onyx Park, Akron, AL, 91025	United States
S1-004516	Bluepeak Enterprises Incorporated	254 Quarry St Ironwood Park Mobile 89578	US
S1-004517	Stonebridge Chemicals Limited	257 Cobalt Mn, Goldleaf Nagar, Surat, Kerala, 611156	IN
S1-004518	Northgate Enterprises Corporation	188 Brightpath Blvd Mobile	USA
S1-004519	Brightpath Enterprises Limited Liability Company	83 Northgate Ave, Meridian Park, Opp. City Library, Tacoma, AL, 18942	US
S1-004520	Brightpath Onyx Solutions Company	381 Orchid Boulevard, Cobalt Park, Tacoma, 98593	USA
S1-004521	Bluepeak Harbor Foods Limited	224 Cobalt St, Clearwater Nagar, Coimbatore, Rajasthan	India
S1-004522	Silverline Trading Limited Liability Company	13/60 Cobalt St Akroon Harbor Park	United States
S1-004523	Quarry Trading Private Limited	244 Northgate Cross, Clearwater Nagar, Indore, Tamil Nadu, 289439	India
S1-004524	Juniper Meridian Packaging Incorporated	154 Clearwater Street, Silverline Park, Akron, OH, 74198	US
S1-004525	Clearwater Motors Private Limited	305 Cobalt Mn Kestrel Nagar Nagpur 725986	India
S1-004526	Redwood Industries Corporation	116 Harbor Street, Silverline Park, Akron, CA, 75055	USA
S1-004527	Redwood Industries Incorporated	90 Brightpath Road, Clearwater Park, Akron, 82857	USA
S1-004528	Meridian Services Limited Liability Company	345 Onyx Avenue, Orchid Park, Tacoma, 14036	US
S1-004529	Sunstone Consultancy Corporation	98 Northgate Dr, Clearwater Park, Mobile, IL	USA
S1-004530	Summit Foods Private Limited	313 Verrtex Rd, Vertex Nagar, Surat	India
S1-004531	Vertex Services Private Limited	277 Onyx Road Meridian Nagar Pune 792168	IN
S1-004532	Lantern Chemicals Limited	319 Cobalt Main, Juniper Nagar, Near Metro Pillar 42, Surat, Rajasthan, 266393	IN
S1-004533	Falcon Goldleaf Electricals Private Limited	385 Kestrel Street, Kochi, 649480	India
S1-004534	Bluepeak Brightpath Fabrics Incorporated	168 Summit Drive, Harbor Park, Akron, 80540	US
S1-004535	Stonebridge Goldleaf Consultancy Incorporated	78 Bulepeak St, Cobalt Park, Mobile, TX, 44112	United States
S1-004536	Cobalt Trading Corporation	4 Sunstone Boulevard Fresno WA Cobalt Park	USA
S1-004537	Brightpath Sunstone Trading Limited Liability Company	323 Aepx Drive, Quarry Park, Tacoma, CA, 88646	United States
S1-004538	Vertex Consultancy Corporation	Near Exit 14, 381 Onyx Avenue, Tacoma, WA	USA
S1-004539	Clearwater Logistics Private Limited	31 Apex Crs, Onyx Nagar, Indore, 121732	India
S1-004540	Sunstone Fabrics Private Limited	80 Ironwood Main, Vertex Nagar, Coimbatore, Tamil Nadu, 693021	India
S1-004541	Thistle Services Incorporated	344 Stonebridge Ave, Meridian Park, Akron, 48090	US
S1-004542	Orchid Systems Private Limited	45 Redwood Road Indore	IN
S1-004543	Orchid Electricals Limited Liability Company	61 Northgate Avenue, Meridian Park, Lubbock, CA, 50743	United States
S1-004544	Bluepeak Packaging Limited	3 Orchid Street, Near Metro Pillar 42, Cobalt Nagar, Indore, Gujarat, 471320	IN
S1-004545	Maplecrest Logistics Private Limited	398 Harbor Main, Harbor Nagar, Rajasthan, Surat	IN
S1-004546	Onyx Chemicals Company	16 Apex Dr, Apex Park, Austin, CA	USA
S1-004547	Meridian Foods Private Limited	4/50 Brightpath Mn, Thistle Nagar, Nagpur, 319864	India
S1-004548	Onyx Vertex Systems Private Limited	76 Northgate Main Northgate Nagar Coimbatore Tamil Nadu 187159	India
S1-004549	Orchid Packaging Limited Liability Company	55 Sunstone Dr, Orchid Park, Akron, AL, 59824	USA
S1-004550	Orchid Textiles Limited	109 Summit Marg, Kestrel Nagar, Coimbatore, Maharashtra, 388655	IN
S1-004551	Lantern Goldleaf Electricals Private Limited	331 Brightpath St, Thistle Nagar, Indore, 250143	India
S1-004552	Quarry Solutions Private Limited	268 Vertex Main, Northgate Nagar, Indore, Maharashtra, 861659	India
S1-004553	Thistle Ironwood Trading Limited Liability Company	137 Northgate Road Meridian Park Fresno AL 89115	United States
S1-004554	Silverline Maplecrest Systems Incorporated	3 Cobalt Blvd, Mobile, 82138	US
S1-004555	Northgate Logistics Private Limited	14 Stonebridge Marg, Silverline Nagar, Coimbatore, Gujarat	India
S1-004556	Northgate Foods Private Limited	216 Harbor Rd, Lantern Nagar, Surat	IN
S1-004557	Orchid Ironwood Solutions Private Limited	46 Vertex Mn, Orchid Nagar, Pune, 475298	IN
S1-004558	Harbor Industries Limited	73 Clearwater Marg, Near Metro Pillar 42, Orchid Nagar, Indore, 415258	IN
S1-004559	Stonebridge Orchid Services Private Limited	250 Kestrel Road, Sunstone Nagar, Surat, Tamil Nadu	India
S1-004560	Onyx Packaging Company	348 Ravenwood Avenue, Peoria, 14863	USA
S1-004561	Redwood Textiles Limited	Opp. Bus Depot, 192 Maplecrest Road, Cobalt Nagar, Nagpur, 495724	IN
S1-004562	Apex Services Incorporated	Goldleaf Park Peoria TX 83355 1/37 Juniper St	US
S1-004563	Orchid Systems Incorporated	284 Maplecrest Boulevrd, Vertex Park, Lubbock, 78622	US
S1-004564	Thistle Solutions Company	361 Onyx Avenue, Clearwater Park, Tacoma, TX	USA
S1-004565	Onyx Motors Private Limited	63 Vertex Marg, Quarry Nagar, Indore, Kerala	IN
S1-004566	Cobalt Industries Limited Liability Company	Opp. City Library, 124 Sunstone Avenue, Peoria, TX	United States
S1-004567	Clearwater Onyx Services Incorporated	252 Summit Rd, TX, Akron	US
S1-004568	Summit Onyx Foods Private Limited	219 Orchid Marg, Opp. Bus Depot, Verttex Nagar, Indore, Tamil Nadu	IN
S1-004569	Vertex Consultancy Incorporated	70 Northgate Avenue Akron OH	United States
S1-004570	Ravenwood Textiles Limited	135 Silverline Street, Clearwater Nagar, Coimbatore, Maharashtra	India
S1-004571	Kestrel Stonebridge Logistics Corporation	198 Lantern Dr, Quarry Park, Mobile, 58461	US
S1-004572	Thistle Systems Incorporated	31/29 Vertex Rd, Quarry Park, Mobile, WA	US
S1-004573	Northgate Ravenwood Logistics Private Limited	Near SBI ATM, 2/51 Brightpath Crs, Nagpur	IN
S1-004574	Falcon Logistics Incorporated	124 Ravenwood Road Cobalt Park Peoria 33075	US
S1-004575	Orchid Motors Incorporated	199 Silverline St, Onyx Park, Lubbock, CA	US
S1-004576	Sunstone Foods Private Limited	196 Thistle Cross, Apex Nagar, Jaipur, Keral, 131726	IN
S1-004577	Cobalt Fabrics Private Limited	3/42 Juniper t, Northgate Nagar, Coimbatore	India
S1-004578	Lantern Maplecrest Enterprises Limited Liability Company	96 Juniper Avenue, Silverline Park, Peoria, AL	US
S1-004579	Quarry Harbor Motors Private Limited	174 Ironwood Mn, Kestrel Nagar, Pune, Maharashtra	IN
S1-004580	Orchid Electricals Limited Liability Company	331 Apex Road Akron	United States
S1-004581	Ravenwood Chemicals Private Limited	287 Northgate Road, Redwood Nagar, Kochi, Maharashtra, 317531	India
S1-004582	Ironwood Fabrics Private Limited	318 Cobalt Street, Nagpur, 363801	IN
S1-004583	Lantern Clearwater Motors Private Limited	315 Orchid St Bluepeak Nagar Coimbatore 963892	IN
S1-004584	Goldleaf Harbor Solutions Incorporated	81 Goldleaf Blvd, Apex Park, Mobile, IL	USA
S1-004585	Stonebridge Motors Limited	358 Vertex Marg, Summit Nagar, Kochi, 762885	India
S1-004586	Harbor Solutions Private Limited	384 Maplecrest Rd, Quarry Nagar, Sura, Tamil Nadu, 354473	India
S1-004587	Redwood Services Private Limited	304 Vertex Street, Onyx Nagar, Pune, MP, 960714	IN
S1-004588	Falcon Enterprises Limited	143 Summit Crs, Northgate Nagar, Indore, Rajasthan, 618947	IN
S1-004589	Vertex Enterprises Incorporated	308 Meridian Boulevard, Near Exit 14, Silverline Park, Akron, CA	US
S1-004590	Onyx Systems Private Limited	1/25 Harbor Rd, Meridian Nagar, Pune, 802770	IN
S1-004591	Lantern Electricals Corporation	328 Vertex Dr Bluepeak Park Mobile OH	United States
S1-004592	Summit Clearwater Solutions Company	203 Cobalt Street, Falcon Park, Lubbock, IL	USA
S1-004593	Harbor Enterprises Corporation	318 Apex Boulevard, Onyx Park, Fresno, TX	US
S1-004594	Ravenwood Trading Limited Liability Company	377 Summit Avenue, Quarry Park, Peoria, AL, 11796	United States
S1-004595	Ravenwood Brightpath Textiles Limited Liability Company	324 Ironwood Boulevard, Behind the Civic Center, Austin, 74295	United States
S1-004596	Redwood Chemicals Company	248 Onyx Street, Akron	United States
S1-004597	Bluepeak Services Incorporated	15 Thistle Avenue, Harbor Park, Peoria	USA
S1-004598	Apex Solutions Company	192 Summit Ave, Ironwood Park, Fresno, CA, 67814	USA
S1-004599	Quarry Industries Private Limited	126 Maplecrest Marg Cobalt Nagar Jaipur 124408	IN
S1-004600	Harbor Textiles Private Limited	284 Lantern Road Vertex Nagar Coimbatore MP 203707	India
S1-004601	Falcon Goldleaf Textiles Company	29 Brightpath Drive, Brightpath Park, Peoria, OH	US
S1-004602	Lantern Consultancy Private Limited	248 Summit Mn, Silverline Nagar, Coimbatore, Tamil Nadu	India
S1-004603	Ravenwood Enterprises Incorporated	88 Meridian Avenue, Near Exit 14, Brighttpath Park, Austin, OH, 95123	US
S1-004604	Summit Enterprises Incorporated	149 Ironwood Rd, Sunstone Park, Fresno, OH	US
S1-004605	Cobalt Packaging Company	392 Summit Street Falcon Park Akron 71922	United States
S1-004606	Meridian Packaging Corporation	212 Ravenwood Dr, Summit Park, Akron,I L	USA
S1-004607	Sunstone Onyx Industries Company	340 Onyx Boulevard Thistle Park Tacoma 56239	USA
S1-004608	Ironwood Textiles Private Limited	113 Goldleaf Main Sunstone Nagar Indore 173661	India
S1-004609	Ravenwood Enterprises Private Limited	13/48 Kstrel Marg, Juniper Nagar, Indore, Kerala, 503072	IN
S1-004610	Brightpath Harbor Chemicals Private Limited	268 Kestrel Cross, Surat, Kerala	IN
S1-004611	Onyx Redwood Foods Limited Liability Company	336 Brightpath Drive, Lubbock, TX, 45408	USA
S1-004612	Cobalt Trading Private Limited	310 Stonebridge Main, Sunstne Nagar, Pune, 451289	IN
S1-004613	Ironwood Summit Textiles Private Limited	368 Northgate Marg, Harbor Nagar, Kochi	India
S1-004614	Northgate Electricals Limited Liability Company	184 Juniper Street, Thistle Park, Mobile, TX, 24161	US
S1-004615	Bluepeak Apex Motors Private Limited	30/75 Goldleaf Marg, Vertex Nagar, Nagpur, Tamil Nadu, 934666	India
S1-004616	Ironwood Ravenwood Solutions Private Limited	123 Summit Cross, Summit Nagar, Jaipur, 671821	India
S1-004617	Harbor Trading Limited	Near SBI ATM, 349 Silverline Crs, Lantern Nagar, Coimbatore, Rajasthan, 300486	India
S1-004618	Apex Foods Limited	355 Maplecrest Main, Maplecrest Nagar, Behind Ganesh Temple, Indore, Gujarat, 378647	India
S1-004619	Falcon Harbor Motors Corporation	Behind the Civic Center, 40 Northgate Boulevard, Clearwater Pakr, Lubbock, AL, 42510	USA
S1-004620	Apex Systems Private Limited	58 Silverline St, Nagpur	IN
S1-004621	Cobalt Textiles Limited	10 Bluepeak Rd Stonebridge Nagar Pune Tamil Nadu	IN
S1-004622	Falcon Enterprises Corporation	76 Falcon Dr Opp. City Library Apex Park Mobile WA 92031	USA
S1-004623	Stonebridge Fabrics Private Limited	310 Ravenwood Cross, Harbor Nagar, Near Metro Pillar 42, Pune, Gujarat	India
S1-004624	Clearwater Industries Limited	279 Lantern St, Falcon Nagar, Pune	IN
S1-004625	Redwood Industries Corporation	23 Maplecrest Rd Stonebridge Park Akron OH 40728	USA
S1-004626	Thistle Trading Corporation	76 Vertex Ave, Goldleaf Park, Tacoma, WA	US
S1-004627	Clearwater Logistics Limited	16 Summit Crs Jaiur Maharashtra Falcon Nagar	IN
S1-004628	Apex Clearwater Electricals Private Limited	127 Lantern Road Ironwood Nagar Surat 599263	India
S1-004629	Orchid Fabrics Limited	317 Orchid Mn, Near Metro Pillar 42, Jaipur	IN
S1-004630	Stonebridge Chemicals Private Limited	202 Goldleaf Cross, Thistle Nagar, Jaipur, Kerala, 646018	IN
S1-004631	Onyx Chemicals Incorporated	6/14 Redwood Boulevard, Sunstone Park, Peoria, 11062	United States
S1-004632	Harbor Consultancy Limited	Behind Ganesh Temple, 33/36 Sunstone Crs, Silverline Nagar, Nagpur, 549807	IN
S1-004633	Ravenwood Electricals Private Limited	241 Orchid Cross Behind Ganesh Temple Junpier Nagar Coimbatore 380706	IN
S1-004634	Thistle Systems Corporation	207 Kestrel Road, Northgate Park, Akron, WA, 7550	United States
S1-004635	Redwood Silverline Fabrics Company	35 Summit Rd, Lantern Park, Akron, AL, 62615	US
S1-004636	Brightpath Consultancy Incorporated	27/20 Lantern Boulevard Juniper Park Lubbock CA 12852	USA
S1-004637	Onyx Sunstone Electricals Private Limited	310 Apex Crs, Ironwood Nagar, Kochi, Maharashtra, 214793	IN
S1-004638	Clearwater Packaging Limited Liability Company	254 Ravenwood Avenue, Kestrel Park, Tacoma, AL, 50735	United States
S1-004639	Juniper Packaging Corporation	337 Ravenwood Road, Juniper Park, Tacoma, IL	US
S1-004640	Cobalt Thistle Electricals Private Limited	351 Ravenwood Mn, Falcon Nagar, Surat, 782894	India
S1-004641	Brightpath Chemicals Incorporated	307 Cobalt Dr, Falcon Park, Mobile, CA, 69069	United States
S1-004642	Lantern Motors Incorporated	Behind the Civic Center, 29 Cobalt Drive, Cobalt Park, Mobile, IL	United States
S1-004643	Ravenwood Logistics Limited	1 Summit Marg, Naagpur, Kerala, 725679	India
S1-004644	Falcon Orchid Logistics Incorporated	326 Cobalt Dr, Goldleaf Park, Fresno, 21913	United States
S1-004645	Onyx Consultancy Incorporated	241 Harbor Ave, Thistle Park, Tacoma, IL, 59879	USA
S1-004646	Onyx Sunstone Chemicals Company	248 Maplecrest Ave Onyx Park Lubbock IL	USA
S1-004647	Maplecrest Packaging Incorporated	60 Cobalt St, Vertex Park, Fresno, CA	USA
S1-004648	Juniper Packaging Incorporated	238 Orchid St, Kestrel Park, Tacoma, IL	United States
S1-004649	Juniper Packaging Limited	Near Metro Pillar 42 278 Vertex Road Kochi 011262	IN
S1-004650	Vertex Lantern Motors Private Limited	381 Sunstone Road, Redwood Nagar, Kochi, 456850	India
S1-004651	Brightpath Fabrics Limited	10 Bluepeak Steret, Indore, Maharashtra, Stonebridge Nagar	India
S1-004652	Onyx Meridian Systems Corporation	392 Clearwater Rd, Near Exit 14, Fresno, CA, 44162	United States
S1-004653	Lantern Fabrics Limited	28/15 Northgate Marg Sunstone Nagar Behind Ganesh Temple Pune Tamil Nadu	IN
S1-004654	Summit Textiles Private Limited	165 Stonebridge Rd Thistle Nagar Jaipur 180432	IN
S1-004655	Redwood Consultancy Private Limited	187 Apex Road, Lantern Nagar, Kochi, Gujarat	IN
S1-004656	Maplecrest Harbor Trading Limited Liability Company	223 Clearwater Road Quarry Park Akon AL 71086	US
S1-004657	Vertex Solutions Company	18 Clearwater Dr, Orchid Park, Lubbock, IL	USA
S1-004658	Bluepeak Systems Incorporated	18/2 Sunstone Ave, Falcon Park, Peoria, WA, 38376	US
S1-004659	Vertex Motors Private Limited	203 Lantern Marg, Orchid Nagar, Jaipur, Tamil Nadu, 439074	IN
S1-004660	Onyx Industries Company	96 Apex Road, Northgate Park, Akron, OH	US
S1-004661	Cobalt Services Private Limited	340 Silverline Marg, Latern Nagar, Coimbatore, 272296	IN
S1-004662	Meridian Enterprises Limited Liability Company	1/85 Silverline Rd, Brightpath Park, Lubbock, TX, 26512	USA
S1-004663	Ironwood Electricals Limited	320 Ironwood Mn, Behind Ganesh Temple, Ravenwood Nagar, Jaipur, Rajasthan, 402434	India
S1-004664	Meridian Trading Private Limited	137 Ravenood Main, Orchid Nagar, Pune, Kerala	IN
S1-004665	Bluepeak Solutions Limited	179 Cobalt aMrg, Kochi	India
S1-004666	Falcon Consultancy Corporation	265 Hrbor St, Redwood Park, Mobile, 61159	US
S1-004667	Harbor Services Private Limited	226 Lantern Street, Cobalt Nagar, Surat, Maharashtra	India
S1-004668	Brightpath Solutions Private Limited	26 Onyx St, Nagpur, Keraa	India
S1-004669	Redwood Sunstone Industries Private Limited	230 Ravenwood Rd Goldleaf Nagar Jaipur Rajasthan	India
S1-004670	Vertex Packaging Corporation	260 Sunstone Dr Northgate Park Akron CA	USA
S1-004671	Falcon Apex Motors Private Limited	Opp. Bus Depot, 169 Cobalt Marg, Brightpath Nagar, Coimbatore	IN
S1-004672	Ironwood Enterprises Company	Near Exit 14, 359 Lantern Blvd, Silverline Park, Austin, 54828	USA
S1-004673	Redwood Fabrics Private Limited	381 Silverline Cross, Quarry Nagar, Pune, 380502	IN
S1-004674	Onyx Chemicals Limited	3992 Sunstone Main Kochi	IN
S1-004675	Silverline Foods Private Limited	341 Meridian Rd Goldleaf Nagar Surat Tamil Nadu 382072	India
S1-004676	Bluepeak Packaging Company	216 Apex Road, Apex Park, Near Exit 14, Fresno, IL, 61821	United States
S1-004677	Onyx Onyx Logistics Limited Liability Company	275 Redwood St, Lubbock, 93327	USA
S1-004678	Ironwood Packaging Limited	155 Goldleaf Road, Cobalt Nagar, Coimbatore, MP, 718903	India
S1-004679	Apex Logistics Limited Liability Company	28/45 Maplecrest Street, Peoria, TX, 69514	US
S1-004680	Sunstone Northgate Fabrics Company	Behnd the Civic Center, 359 Ironwood Road, Redwood Park, Tacoma, CA, 24964	United States
S1-004681	Kestrel Enterprises Company	134 Clearwater Boulevard, Bluepeak Prk, Peoria, 73285	USA
S1-004682	Onyx Foods Incorporated	Near Exit 14, 371 Juniper St, Mobile, OH, 46050	United States
S1-004683	Juniper Logistics Limited Liability Company	193 Summit Boulevard, Falcon Park, Behind the Civic Center, Fresno, OH, 28338	USA
S1-004684	Quarry Industries Limited	100 Lantern Cross, Vertex Nagar, Indore, MP	India
S1-004685	Quarry Electricals Corporation	361 Quarry Ave, Tacoma, TX, 80791	United States
S1-004686	Cobalt Electricals Limited	338 Brightpath Rd Near Metro Pillar 42 Sunstone Nagar Nagpur Gujarat 539611	India
S1-004687	Apex Trading Private Limited	326 Kestrel Road, Maplecrest Nagar, Indore, Rajasthan, 107416	India
S1-004688	Clearwater Clearwater Logistics Private Limited	Behind Ganesh Temple, 344 Brightpath Road, Surat, 989409	India
S1-004689	Falcon Maplecrest Enterprises Incorporated	96Meridian Ave, Stonebridge Park, Mobile, TX, 26123	US
S1-004690	Thistle Orchid Industries Private Limited	390 Redwood Main Apex Nagar Near SBI ATM Jaipur Maharashtra 132601	India
S1-004691	Maplecrest Sunstone Consultancy Limited	280 Goldleaf Crs Bluepeak Nagar Behind Ganesh Temple Jaipur 265884	India
S1-004692	Juniper Trading Private Limited	2/14 Brightpath Road, Indore, Maharashtra	India
S1-004693	Onyx Bluepeak Chemicals Limited Liability Company	215 Clearwater St, Apex Park, Lubbock, OH, 29637	United States
S1-004694	Bluepeak Services Limited	24 Ravenwood Cross, Opp. Bus Depot, Stonebridge Nagar, Nagpur, 704127	India
S1-004695	Orchid Electricals Corporation	89 Harbor Ave, Ironwood Park, Mobile, TX, 12241	US
S1-004696	Silverline Thistle Enterprises Company	195 Stonebridge Street Akron 76341	USA
S1-004697	Cobalt Northgate Industries Limited Liability Company	322 Falcon Boulevard, Falcon Park, Lubboc, OH, 20872	US
S1-004698	Onyx Consultancy Corporation	285 Onyx Boulevard, Harbor Park, Tacoma	USA
S1-004699	Ravenwood Consultancy Limited	27//77 Falcon St, Thistle Nagar, Kochi, Kerala	India
S1-004700	Ravenwood Logistics Company	Opp. City Library, 22/51 Bluepeak St, Akron, AL, 69688	United States
S1-004701	Kestrel Systems Private Limited	30 Clearwater Cross, Indore, Tamil Nadu	India
S1-004702	Quarry Stonebridge Solutions Limited	259 Falcon Cross ,Ironwood Nagar, Kochi, Kerala	India
S1-004703	Harbor Systems Incorporated	44 Cobalt Boulevard, Mobile, OH	United States
S1-004704	Clearwater Onyx Packaging Limited Liability Company	10/74 Redwood Road, Austin, Bluepeak Park	USA
S1-004705	Quarry Electricals Limited	2/46 Goldleaf Mn, Pune, 273655	India
S1-004706	Sunstone Packaging Limited	Near SBI ATM, 221 Meridian St, Harbor Nagar, Surat, Gujarat, 915168	India
S1-004707	Northgate Brightpath Electricals Limited Liability Company	307 Thistle Boulevard, Meridian Park, Lubbock, AL	United States
S1-004708	Redwood Chemicals Private Limited	326 Redwood Mn Opp. Bus Depot Ironwood Nagar Jaipur MP	IN
S1-004709	Ironwood Systems Private Limited	346 Cobalt Marg, Bluepeak Nagar, Jaipur, 593166	India
S1-004710	Stonebridge Foods Incorporated	292 Redwood Dr, Peoria, 55288	United States
S1-004711	Summit Solutions Private Limited	10 Thistle Crs Surat Rajasthan 247059	IN
S1-004712	Summit Systems Incorporated	300 Ravenwood Road Onyx Park Austin OH 77933	US
S1-004713	Harbor Enterprises Company	388 Stonebridge Rd, Goldleaf Park, Fresno, AL, 77034	United States
S1-004714	Orchid Harbor Systems Corporation	93 Summit rDive, Opp. City Library, Lubbock, AL	US
S1-004715	Apex Trading Incorporated	Kestrel Park, Tacoma, IL, 42487, 137 Juniper Rd	US
S1-004716	Orchid Vertex Trading Limited Liability Company	263 Summit Ave, Apex Park, Peoria, CA, 53726	US
S1-004717	Apex Goldleaf Electricals Company	192 Vertex Drive Cobalt Park Fresno	USA
S1-004718	Quarry Foods Company	80 Ironwood Blvd, Onyx Park, Lubbock	US
S1-004719	Summit Trading Limited	356 Stonebridge Mn, Bluepeak Nagar, Indore, 156103	India
S1-004720	Silverline Systems Private Limited	114 Meridian Road Surat Kerala 338712 Sunstone Nagar	India
S1-004721	Juniper Consultancy Private Limited	44 Northgate St, Kochi, Gujarat, 580548	India
S1-004722	Lantern Meridian Chemicals Limited	216 Ravenwood Road, Indore, Ravenwood Nagar	India
S1-004723	Northgate Onyx Packaging Company	107 Lantern Ave Sunstone Park Austin WA 88456	US
S1-004724	Harbor Apex Enterprises Private Limited	165 Goldleaf Street Vertex Nagar Coimbatore Maharashtra 385067	IN
S1-004725	Onyx Motors Corporation	Lantern Park, Lubbock, CA, 11998, 284 Lantern Avenue	United States
S1-004726	Northgate Packaging Private Limited	23 Cobalt Rd, Kestrel Nagar, Indore, Kerala	IN
S1-004727	Northgate Industries Company	337 Ironwood Dr Onyx Park Austin WA 91190	United States
S1-004728	Northgate Logistics Corporation	386 Vertex Drive Redwood Park Tacoma WA 14230	USA
S1-004729	Sunstone Vertex Industries Limited	313 Summit Main, Summit Nagar, Coimbatore, Kerala, 232615	India
S1-004730	Redwood Chemicals Corporation	322 Ravenwood Boulevard Harbr Park Mobile AL	USA
S1-004731	Lantern Solutions Private Limited	380 Ironwood Marg, Pune, Kerala	India
S1-004732	Summit Harbor Motors Private Limited	368 Goldleaf Rd, Clearwater Nagar, Indore, 250066	IN
S1-004733	Thistle Ironwood Logistics Limited Liability Company	123 Lantern Ave, Sunstone Park, Mobile, AL, 80270	United States
S1-004734	Kestrel Textiles Limited	170 Sunstone Marg, Meridian Naar, Surat	IN
S1-004735	Harbor Foods Corporation	223 Orchid Street, Glodleaf Park, Akron, 90606	United States
S1-004736	Northgate Brightpath Solutions Limited Liability Company	97 Norrthgate Ave, Opp. City Library, Orchid Park, Fresno, WA, 25314	USA
S1-004737	Sunstone Solutions Company	158 Vertex Rd, Kestrel Park, Lubbock, WA	United States
S1-004738	Clearwater Fabrics Limited	328 Juniper Cross, Opp. Bus Depot, Nagpur, 867830	IN
S1-004739	Meridian Packaging Company	209 Goldleaf Dr, Juniper Park, Tacoma, TX	United States
S1-004740	Sunstone Consultancy Private Limited	Behind Ganesh Temple, 221 Vertex Cross, Kestrel Nagar, Kochi, Kerala, 106339	India
S1-004741	Cobalt Electricals Limited	60 Apex Main, Kochi, 331466	IN
S1-004742	Northgate Fabrics Company	245 Quarry Boulevard, Thistle Park, Near Exit 14, Lubbock, TX, 56289	USA
S1-004743	Cobalt Systems Limited Liability Company	283 Silverline Avenue, Akron, WA, 75299	United States
S1-004744	Orchid Stonebridge Industries Corporation	179 Silverline Avenue, Summit Park, Lubbock	United States
S1-004745	Maplecrest Juniper Solutions Incorporated	291 Goldleaf Ave, Falcon Park, Lubbock, WA, 67360	United States
S1-004746	Orchid Orchid Motors Limited	236 Silverline Road Bluepeak Nagar Pune Kerala 814835	India
S1-004747	Kestrel Chemicals Company	111 Bluepeak Drive, Thistle Park, Austin, CA	USA
S1-004748	Quarry Consultancy Private Limited	359 Bluepeak Main, Near Metro Pillar 42, Coimbatore, MP, 680573	India
S1-004749	Cobalt Electricals Private Limited	174 Redwood Marg, Nagpur, Tamil Nadu, 431457	India
S1-004750	Falcon Quarry Industries Private Limited	59 Quarry Crs, Jaipur, 867988, ehind Ganesh Temple	IN
S1-004751	Vertex Enterprises Limited	321 Clearwater Mn Sunstone Nagar Surat Rajasthan 844035	India
S1-004752	Bluepeak Cobalt Trading Corporation	243 Redwood Blvd, Meridian Park, Opp. City Library, Fresno, 97976	US
S1-004753	Orchid Systems Private Limited	137 Maplecrest Cross, Lantern Nagar, Kochi, 359223	India
S1-004754	Falcon Lantern Chemicals Limited	248 Kestrel Main, Thistle Nagar, Nagpur, Kerala, 321813	IN
S1-004755	Ravenwood Industries Private Limited	308 Sunstone Mn, Bluepeak Nagar, Pune, Rajasthan, 977472	IN
S1-004756	Goldleaf Motors Private Limited	67 Onyx Road, Stonebridge Nagar, Pune, MP	India
S1-004757	Stonebridge Fabrics Private Limited	273 Brightpath Main, Surat, 921820	IN
S1-004758	Cobalt Industries Limited	32/68 Brightpath Street, Meridian Nagar, Kochi, 645333	India
S1-004759	Juniper Systems Company	134 Falcon Avenue, Harbor Park, Lubbock, WA, 32282	United States
S1-004760	Summit Fabrics Private Limited	149 Ravenwood Cross, Vertex Nagar, Surat, Kerala	India
S1-004761	Silverline Industries Limited Liability Company	251 Bluepeak Blvd Stonebridge Park Austin	United States
S1-004762	Summit Services Limited	141 Stonebridge Crs Redwood Nagar Kochi Maharashtra	India
S1-004763	Silverline Trading Private Limited	49 Vertex Marg, Harbor Nagar, Pune, 131836	India
S1-004764	Orchid Motors Limited Liability Company	167 Golleaf Street, Mobile, IL, Orchid Park	USA
S1-004765	Clearwater Trading Limited Liability Company	365 Redwood Ave, Mobile, 81372	US
S1-004766	Lantern Industries Private Limited	85 Clearwater Marg, Silverline Nagar, Pune, Gujarat	IN
S1-004767	Thistle Harbor Industries Incorporated	251 Cobalt Drive, Near Exit 14, Lantern Park, Mobile, WA, 71857	United States
S1-004768	Bluepeak Services Incorporated	224 Silverline Rd, Stonebridge Park, Peoria, 63606	USA
S1-004769	Sunstone Packaging Limited	Near SBI ATM 145 Northgate Marg Harbor Nagar Pune 990598	IN
S1-004770	Kestrel Systems Corporation	143 Redwood Avenue, Goldleaf Park, Tacoma	USA
S1-004771	Kestrel Packaging Company	206 Apex Rd, Redwood Park, Lubbock, 88111	USA
S1-004772	Sunstone Trading Limited	91 Stonebridge Main, Sunstone Nagar, Surat, Tamil Nadu	India
S1-004773	Quarry Trading Private Limited	347 Goldleaf Road, Summit Nagar, Indore	IN
S1-004774	Juniper Chemicals Limited Liability Company	92 Haror Blvd, Akron, WA, 47876	United States
S1-004775	Ironwood Electricals Limited	180 Stonebridge St Surat Rajasthan 187205	IN
S1-004776	Cobalt Foods Limited Liability Company	105 Orchid Street, Ironwood Park, Fresno, 10659	US
S1-004777	Cobalt Fabrics Limited Liability Company	258 Orchid Avenue Ironwood Park, Lubbock, WA, 38689	USA
S1-004778	Summit Chemicals Limited Liability Company	106 Kestrell Blvd, Apex Park, Fresno, WA, 89682	USA
S1-004779	Vertex Orchid Foods Limited	114 Vertex Main, Sunstone Nagar, Coimbatore	India
S1-004780	Meridian Enterprises Private Limited	203 Quarry Marg, Northgate Nagar, Kochi, 568839	India
S1-004781	Thistle Electricals Corporation	Brightpath Park Tacoma OH 94292 331 Ironwood Rd	US
S1-004782	Kestrel Fabrics Limited	216 Falcon Marg, Lantern Nagar, Indore, Rajasthan	India
S1-004783	Bluepeak Services Corporation	21/64 Falcon Drive, Stonebridge Park, Akron, OH	United States
S1-004784	Quarry Logistics Incorporated	Behind the Civic Center, 61 Clearwater Blvd, Akron, CA	USA
S1-004785	Kestrel Trading Limited Liability Company	Behind the Civic Center, 191 Falcon Dr, Lantern Park, Lubbock, CA	USA
S1-004786	Vertex Logistics Incorporated	392 Ravenwood Boulevard Mobile WA 97894	US
S1-004787	Northgate Foods Private Limited	24/6 Apex Road, Meridian Nagar, Surat, 652049	India
S1-004788	Ironwood Harbor Motors Company	28 Meridian Dr, Ravenwood Park, Mobile, OH, 85792	USA
S1-004789	Maplecrest Enterprises Private Limited	216 Meridiann Main, Kochi, 932293	India
S1-004790	Quarry Foods Company	19/50 Orchid Boulevard, Behind the Civic Center, Bluepeak Park, Fresno, 58520	US
S1-004791	Cobalt Falcon Packaging Limited	289 Harbor Rd Clearwater Nagar Coimbatore Gujarat	IN
S1-004792	Ravenwood Thistle Electricals Private Limited	271 Orchid Rd, Sunstone Nagar, Nagpur, 321586	IN
S1-004793	Thistle Apex Textiles Private Limited	Brightpath Nagar Surat Gujarat 174 Orchid Marg	IN
S1-004794	Northgate Trading Company	145 Thistle Ave Orchid Park Mobile 71911	US
S1-004795	Vertex Meridian Foods Incorporated	109 Apex Ave, Kestrel Park, Tacoma, 61336	US
S1-004796	Brightpath Trading Private Limited	183 Ironwood Cross Maplecrest Nagar Surat Rajasthan 769597	India
S1-004797	Northgate Meridian Systems Private Limited	87 Thistle Marg, Kestrel Nagar, Surat, 114999	India
S1-004798	Sunstone Electricals Private Limited	255 Meridian Road, Kestrel Nagar, Coimbatore, Rajasthan, 472899	India
S1-004799	Lantern Textiles Private Limited	394 Harbor St Cobalt Nagar Coimbatore Maharashtra 170854	IN
S1-004800	Stonebridge Packaging Limited Liability Company	120 Vertex Rd, Behind the Civic Center, Northgate Park, Mobile, AL, 21882	US
S1-004801	Silverline Industries Incorporated	199 Juniper Drive Orchid Park Tacoma	United States
S1-004802	Maplecrest Solutions Incorporated	344 Summit Drive Lubbock	US
S1-004803	Apex Services Limited	350 Apex Crs Onyx Nagar Coimbatore 341941	IN
S1-004804	Goldleaf Enterprises Corporation	38 Lantern Rd Near Exit 14 Peoria OH 47323 Vertex Park	US
S1-004805	Silverline Motors Private Limited	6/45 Juniper Main Jaipur Maharashtra	India
S1-004806	Lantern Trading Corporation	237 Orchid Ave, Sunstone Park, Tacoma, IL, 71317	United States
S1-004807	Bluepeak Textiles Private Limited	293 Orchid Cross Juniper Nagar Jaipur Rajasthan 919466	India
S1-004808	Bluepeak Industries Incorporated	267 Kestrel Drive, Mobile, 72580	United States
S1-004809	Ironwood Industries Private Limited	379 Harbor Crs, Maplecrest Nagar, Indore	IN
S1-004810	Summit Apex Consultancy Private Limited	14/28 Cobalt Road Near SBI ATM Goldleaf Nagar Jaipur Rajasthan	India
S1-004811	Juniper Logistics Private Limited	240 Sunstone Marg, Nagpur, 248266	IN
S1-004812	Sunstone Meridian Services Company	305 Ravenwood Boulevard, Tacoma, TX, 53212	US
S1-004813	Kestrel Motors Company	2/37 Juniper Road, Akron, 48565	USA
S1-004814	Brightpath Cobalt Electricals Limited	377 Quarry Marg, Apex Nagar, Pune, Gujarat	IN
S1-004815	Onyx Sunstone Solutions Private Limited	308 Northgate Marg, Lantern Nagar, Nagpur, Maharashtra, 799521	India
S1-004816	Maplecrest Consultancy Private Limited	64 Falcon Rd, Ravenwood Nagar, Pune, MP, 128476	IN
S1-004817	Harbor Logistics Limited Liability Company	Behnid the Civic Center, 158 Bluepeak St, Tacoma, OH, 91556	USA
S1-004818	Onyx Textiles Private Limited	Harbor Nagar, Surat, 374787, 357 Clearwater St	India
S1-004819	Kestrel Brightpath Fabrics Limited Liability Company	136 Northgate Drive, Goldleaf Park, Mobile, CA	USA
S1-004820	Lantern Stonebridge Chemicals Limited	214 Harbor Mn Lantern Nagar Kochi Rajasthan	India
S1-004821	Sunstone Quarry Enterprises Incorporated	366 Brightpath Road, Silverline Park, Akron, CA, 34369	US
S1-004822	Silverline Systems Limited	29/15 Cobalt Mn, Meridian Nagar, Pune	India
S1-004823	Harbor Goldleaf Enterprises Incorporated	13 IIronwood St, Tacoma	USA
S1-004824	Quarry Motors Private Limited	358 Lantern Crs Cobalt Naggar Pune Kerala	India
S1-004825	Brightpath Kestrel Fabrics Limited	187 Harbor Marg, Pune, 161157	India
S1-004826	Thistle Silverline Systems Limited	393 Orrchid Mn, Goldleaf Nagar, Indore, 305734	India
S1-004827	Silverline Logistics Private Limited	111 Silverline Marg, Goldleaf Nagar, Behind Ganesh Temple, Indore, Maharashtra, 600125	IN
S1-004828	Sunstone Solutions Private Limited	Opp. Bus Depot, 363 Thistle Crs, Pune, 864371	India
S1-004829	Clearwater Motors Private Limited	248 Sunstone Rd, Juniper Nagar, Surat, Maharashtra, 490471	IN
S1-004830	Ironwood Cobalt Solutions Incorporated	167 Orchid St, Vertex Park, Austin, WA	United States
S1-004831	Cobalt Textiles Limited	71 Ony Mn, Ravenwood Nagar, Indore, 860463	India
S1-004832	Northgate Motors Private Limited	104 Clearwater Road, Falcon Nagar, Near SBI ATM, Nagpur, MP, 221291	India
S1-004833	Ravenwood Trading Corporation	293 Onyx Drive, Tacoma, IL, 55926	US
S1-004834	Silverline Logistics Corporation	379 Kestrel Road, Northgate Park, Fresno, TX, 88184	USA
S1-004835	Stonebridge Systems Corporation	2 Ravenwood Blvd, Mobile, OH, 89677	US
S1-004836	Clearwater Packaging Private Limited	194 Redwood Main, Kestrel Nagar, Nagpur, Maharashtra, 715300	India
S1-004837	Thistle Motors Corporation	31 Cobalt St, Redwood Park, Austin, AL	United States
S1-004838	Summit Meridian Consultancy Company	5/23 Northgate Road, Cobalt Park, Opp. City Library, Lubbock, 54318	United States
S1-004839	Apex Trading Corporation	332 Ravenwood St, Brightpath Park, Opp. City Library, Akron, OH	US
S1-004840	Maplecrest Harbor Industries Corporation	63 Bluepeak Drive, Redwood Park, Near Exit 14, Akron, OH, 70407	United States
S1-004841	Onyx Consultancy Limited	36/22 Lantern Rd, Sunstone Nagar, Pune, Maharashtra	IN
S1-004842	Ironwood Systems Limited Liability Company	234 Onyx Avenue, Redwood Park, Austin, 83341	USA
S1-004843	Cobalt Packaging Company	22/69 Onyx Dr, Falcon Park, Peoria	USA
S1-004844	Onyx Chemicals Limited	291 Redwood Marg Near SBI ATM Bluepeak Nagar Pune Kerala	India
S1-004845	Orchid Packaging Company	251 Kestrel Drive, Mobile, OH ,10563	USA
S1-004846	Apex Trading Limited Liability Company	288 Maplecrest Ave, Tacoma, WA, 40716	USA
S1-004847	Sunstone Consultancy Corporation	78 Stonebridge Road, Onyx Park, Lubbock	USA
S1-004848	Harbor Solutions Limited	Behind Ganesh Temple, 267 Silverline St, Kestrel Nagar, Surat, Tamil Nadu, 151666	India
S1-004849	Meridian Industries Incorporated	323 Clearwater Dr, Silverline Park, Opp.C ity Library, Peoria, OH, 39544	USA
S1-004850	Orchid Logistics Limited	100 Northgate Marg, Apex Nagar, Indore, Tamil Nadu	India
S1-004851	Clearwater Apex Packaging Limited Liability Company	114 Cobalt St, Behind the Civic Center, Stonebridge Park, Mobile, 78825	US
S1-004852	Redwood Cobalt Textiles Private Limited	31/52 Falcon Mn, Harbor Nagar, Pune, Tamil Nadu, 750605	IN
S1-004853	Cobalt Electricals Limited	324 Ironwood Cross, Near SBI ATM, Coimbatore, Tamil Nadu	India
S1-004854	Thistle Packaging Private Limited	141 Meridian Cross Behind Ganesh Temple Cobalt Nagar Coimbatore	India
S1-004855	Onyx Electricals Company	272 Goldleaf Rd, Northgate Paark, Tacoma, 64151	US
S1-004856	Apex Industries Limited	166 Northgate Mai Lantern Nagar Kochi 560505	IN
S1-004857	Ravenwood Services Private Limited	237 Meridian Main, Meridian Nagar, Nagpur, Kerala, 922663	IN
S1-004858	Orchid Textiles Private Limited	95 Silverline Cross, Indore, Rajasthan, 497155	IN
S1-004859	Orchid Goldleaf Consultancy Incorporated	122 Meridian Blvd, Thistle Park, Akron	US
S1-004860	Vertex Apex Systems Corporation	9/64 Brightpath Drive, Onyx Park, Mobile, 90701	US
S1-004861	Goldleaf Electricals Incorporated	179 Maplecrest Avenue, Bluepeak Park, Fresno, OH	United States
S1-004862	Brightpath Consultancy Private Limited	Cobalt Nagar, Coimbatore, Kerala, 317134, 203 Stonebridge Cross	India
S1-004863	Clearwater Electricals Corporation	27 Stonebridge Avenue, Thistle Park, Lubbock, OH, 56690	USA
S1-004864	Stonebridge Industries Private Limited	318 Stonebridge Cross, 921618, Coimbatore	India
S1-004865	Maplecrest Consultancy Incorporated	349 Lantern Dr Lubbock OH 68738	United States
S1-004866	Ironwood Solutions Limited Liability Company	14 Harbor Boulevard Behindt he Civic Center Falcon Park Tacoma CA 51023	USA
S1-004867	Bluepeak Solutions Limited Liability Company	53 Bluepeak Street Sunstone Park Austin 43256	USA
S1-004868	Ironwood Chemicals Incorporated	15 Kestrel Avenue, Silverline Park, Austin, CA, 90280	US
S1-004869	Juniper Harbor Industries Company	328 Quarry Rd, Akron, 41980	United States
S1-004870	Redwood Chemicals Incorporated	351 Meridian Rd, Maplecrest Park, Mobile, WA	US
S1-004871	Apex Services Private Limited	335 Meridian Marg, Harbor Nagar, Jaipur, Kerala, 201388	India
S1-004872	Meridian Solutions Limited	38/24 Lantern Street Orchid Nagar Opp. Bus Depot Coimbatore Kerala 441318	India
S1-004873	Falcon Lantern Electricals Company	27/52 Maplecrest Rd, Redwood Park, Peoria, TX, 50477	US
S1-004874	Redwood Packaging Incorporated	118 Onyx Dr, Mobile, WA	USA
S1-004875	Orchid Quarry Solutions Company	266 Kestrel Dr, Behind the Civic Center, Quarry Park, Austin, IL	USA
S1-004876	Sunstone Brightpath Foods Incorporated	314 Clearwater Drive Quarry Park Akron AL 60951	United States
S1-004877	Summit Services Private Limited	91 Vertex Road Orchid Nagar Nagpur Tamil Nadu	IN
S1-004878	Maplecrest Vertex Solutions Incorporated	Near Exit 14 57 Northgate Street Thistle Park Fresno 33720	US
S1-004879	Sunstone Systems Limited	224 Ironwood Marg, Near Metro Pillar 42, Coimbatore, Maharashtra, 194465	IN
S1-004880	Northgate Industries Limited	182 Thistle Mn, Cobalt Nagar, Pune	India
S1-004881	Vertex Solutions Limited	12/85 Bluepeak Rd, Opp. Bus Depot, Jaipur, 754310	India
S1-004882	Goldleaf Motors Company	158 Falcon St, Brightpath Park, Lubbock, IL, 84335	US
S1-004883	Meridian Lantern Textiles Limited	17 Falcon Road, Kestrel Nagar, Nagpur, 931453	India
S1-004884	Redwood Industries Company	Vertex Park, Lubbock, HO, 341 Northgate Road	United States
S1-004885	Brightpath Northgate Packaging Company	362 Redwood Avenue, Onyx Park, Akron, TX, 62915	United States
S1-004886	Lantern Motors Company	368 Redwood Road, Fresno	US
S1-004887	Meridian Fabrics Limited	132 Sunstone Rd, Cobalt Nagar, Indore, 954129	India
S1-004888	Ironwood Orchid Systems Private Limited	324 Meridian Street, Nagpur, 153256	IN
S1-004889	Silverline Solutions Corporation	25/86 Orchid Street, Fresno	United States
S1-004890	Cobalt Textiles Limited Liability Company	235 Clearwater Blvd, Silverline Park, Lubbock, OH, 75008	USA
S1-004891	Quarry Stonebridge Enterprises Private Limited	298 Onyx Marg, Surat, Tamil Nadu, 199529	IN
S1-004892	Ravenwood Ironwood Solutions Company	373 Juniper Boulevard, Apex Park, Fresno, CA, 63523	USA
S1-004893	Northgate Industries Private Limited	341 Brightpath Main Redwood Nagar Kochi Kerala 870056	India
S1-004894	Vertex Industries Corporation	27 Vertex Road,Silverline Park, Tacoma, WA, 28760	USA
S1-004895	Onyx Chemicals Limited Liability Company	211 Juniper Road, Austin, WA	USA
S1-004896	Northgate Kestrel Enterprises Company	330 Apex Ave Redwood Park Near Exit 14 Mobile CA 62755	USA
S1-004897	Silverline Foods Private Limited	17/66 Goldleaf Road, Apex Nagar, Indore, Gujarat	India
S1-004898	Lantern Electricals Limited	55 Redwood Main, Quarry Nagar, Coimbatore, 654610	IN
S1-004899	Ironwood Consultancy Corporation	Opp. City Library, 297 Meridian Boulevard, Mobile, 60095	USA
S1-004900	Redwood Summit Textiles Private Limited	60 Harbor Main, Silverline Nagar, Nagpur, 679138	India
S1-004901	Northgate Textiles Limited Liability Company	353 Kestrel Drive, Apex Park, Mobile, TX, 30547	USA
S1-004902	Bluepeak Logistics Private Limited	72 Vertex Cross, Vertex Nagar, Pune	India
S1-004903	Kestrel Industries Private Limited	143 Goldleaf Cross, Clearwater Nagar, Coimbatore	India
S1-004904	Clearwater Fabrics Incorporated	69 Cobalt Avenue, Opp. City Library, Kestrel Park, Austin, 32752	US
S1-004905	Kestrel Chemicals Private Limited	114 Northgaet Mn, Bluepeak Nagar, Indore, Tamil Nadu	India
S1-004906	Brightpath Textiles Limited Liability Company	303 Sunstone Ave, Peoria, WA	US
S1-004907	Harbor Services Private Limited	198 Quarry Cross, Summit Nagar, Jaipur, 798445	India
S1-004908	Bluepeak Motors Private Limited	Redwood Nagar, Surat, Rajasthan, 587250, 383 Clearwater Cross	IN
S1-004909	Stonebridge Solutions Limited Liability Company	233 Thistle Drive, Kestrel Park, Austin, AL, 10321	USA
S1-004910	Falcon Industries Private Limited	378 Siverline Street Behind Ganesh Temple Goldleaf Nagar Coimbatore 640632	IN
S1-004911	Meridian Systems Company	90 Mridian Dr, Orchid Park, Fresno	US
S1-004912	Northgate Systems Corporation	150 Vertex Drive, Silverline Park, Mobile, 72466	United States
S1-004913	Stonebridge Textiles Limited	238 Apex Street Punne 675271	IN
S1-004914	Vertex Industries Company	173 Ironwood Blvd, Peoria, WA	USA
S1-004915	Sunstone Meridian Fabrics Private Limited	33 Summit Mn, Bluepeeak Nagar, Pune, Kerala, 211650	India
S1-004916	Ravenwood Packaging Private Limited	326 Summi St, Harbor Nagar, Coimbatore, MP, 444785	India
S1-004917	Silverline Foods Private Limited	160 Cobalt Main, Pune,K erala, 297513	India
S1-004918	Stonebridge Logistics Limited	185 Redwood Cross, Kestrel Nagar, Maharashtra, Coimbatore	India
S1-004919	Vertex Systems Limited	184 Thistle Marg, Northgate Nagar, Kochi, Tamil Nadu, 196395	IN
S1-004920	Meridian Solutions Limited	167 Onyx Main, Surat, 101472	India
S1-004921	Stonebridge Consultancy Limited	318 Summit Main, Sunstone Naga,r Kochi, Kerala	India
S1-004922	Lantern Electricals Private Limited	82 Sunstone Mn,N agpur, 389812	India
S1-004923	Harbor Textiles Private Limited	243 Apex Crs, Surat,M P	India
S1-004924	Onyx Consultancy Limited	322 Ironwood Road, Kestrel Nagar, Nagpur, 394002	IN
S1-004925	Redwood Systems Company	Near Exit 14, 221 Vertex Boulevard, Lantern Park, Peoria, TX	United States
S1-004926	Ironwood Kestrel Trading Corporation	273 Redwood St Apex Park Akron	United States
S1-004927	Goldleaf Systems Private Limited	199 Sunstone Mn, antern Nagar, Indore, 422200	IN
S1-004928	Maplecrest Services Private Limited	249 Ironwood Mn, Harbor Nagar, Pune, Kerala	India
S1-004929	Summit Systems Corporation	233 Meridian Ave, Akron, IL, 52962	US
S1-004930	Goldleaf Systems Company	65 Lantern Street Summit Park Lubbock CA	US
S1-004931	Stonebridge Industries Corporation	357 Northgate St, Austin, 74663	United States
S1-004932	Bluepeak Thistle Packaging Private Limited	363 Onyx Road, Apex Nagar, Surat, 734710	India
S1-004933	Juniper Enterprises Limited Liability Company	125 Harbor Street, Meridian Parkk, Austin, 27496	USA
S1-004934	Northgate Thistle Foods Company	6 Harbor Boulevard, Opp. City Library, Fresno, WA	USA
S1-004935	Summit Motors Private Limited	398 Kestrel St, Cobalt Nagar, Pune, 370944	India
S1-004936	Vertex Fabrics Private Limited	218 Apex Main Meridian Nagar PPune Kerala 249355	India
S1-004937	Thistle Electricals Private Limited	232 Quarry Rd, Nagpur	IN
S1-004938	Goldleaf Juniper Enterprises Incorporated	9/70 Ravenwood Road, Quarry Park, Austin, 11323	USA
S1-004939	Quarry Systems Private Limited	25/16 Kestrel Marg, Maplecrest Nagar, Pune, Gujarat, 606772	IN
S1-004940	Northgate Consultancy Corporation	55 Lantern Avenue, Northgate Park, Opp. City Library, Mobile, IL	US
S1-004941	Summit Foods Company	94 Thistle Ave, Mobile	United States
S1-004942	Goldleaf Services Company	399 Apex Blvd, Cobalt Park, Akron, IL	USA
S1-004943	Orchid Packaging Private Limited	38/5 Summit Crs Surat Rajasthan 282713	India
S1-004944	Ravenwood Logistics Corporation	249 Ironwood Rd, Summit Park, Peoria	United States
S1-004945	Ironwood Goldleaf Motors Corporation	Near Exit 14 54 Ravenwood Avenue Peoria TX 24902	United States
S1-004946	Harbor Services Limited Liability Company	10/57 Redwood Ave, Harbor Park, Fresno, WA	USA
S1-004947	Summit Thistle Trading Incorporated	10/79 Smumit Road, Tacoma, WA, 38035	United States
S1-004948	Quarry Packaging Limited Liability Company	222 Clearwater Dr, Opp. City Library, Mobile	United States
S1-004949	Bluepeak Enterprises Private Limited	379 Quarry Rd, Redwood Nagar, Jaipur, 761773	India
S1-004950	Cobalt Chemicals Company	135 Harbor Drive, Brightpath Park, 46699, Akron	US
S1-004951	Summit Apex Solutions Limited Liability Company	189 Sunstone St, Stonebridge Park, Tacoma, WA, 27505	US
S1-004952	Maplecrest Electricals Private Limited	6/76 Northgate Mn, Vertex Nagar, Coimbatore, Maharashtra, 189253	IN
S1-004953	Stonebridge Industries Private Limited	20/79 Ironwood Crs, Jaipur, Tamil Nadu, 716916, Meridian Nagar	IN
S1-004954	Redwood Cobalt Systems Limited Liability Company	156 Thistle Rd, Mobile, TX, 48815	United States
S1-004955	Falcon Vertex Services Corporation	283 Falcon St Bluepeak Park Peoria OH 82305	United States
S1-004956	Falcon Redwood Motors Private Limited	60 Redwood Main, Clearwater Nagar, Jaipur, Maharashtra, 413530	IN
S1-004957	Apex Solutions Incorporated	230 Thistle Rd, Akron, OH, 33318	USA
S1-004958	Clearwater Enterprises Private Limited	342 Redwood Rd, Kestrel Nagar, Behind Ganesh Temple, Pune	IN
S1-004959	Summit Trading Incorporated	124 Summit Drive, Opp. City Library, Tacoma	US
S1-004960	Vertex Enterprises Private Limited	219 Quarry Mn, Coimbatore, MP	IN
S1-004961	Goldleaf Electricals Limited Liability Company	291 Stonebridge St, Thistle Park, Fresno, WA, 81818	US
S1-004962	Brightpath Services Incorporated	9/5 Thistle Boulevard, Falcon Park, Tacoma, TX, 49284	USA
S1-004963	Brightpath Motors Corporation	8 Northgate Avenue, Peoria, 16196	US
S1-004964	Juniper Foods Private Limited	117 Maplecrest Marg Redwood Nagar Coimbatore Gujarat	IN
S1-004965	Vertex Industries Incorporated	125 Silverline Drive Summit Park Lubbock 19525	United States
S1-004966	Ironwood Silverline Electricals Limited	391 Stonebridge Marg, Jaipur, 389684	IN
S1-004967	Sunstone Enterprises Company	70 Silverline Rd, Akron, 21216	US
S1-004968	Sunstone Electricals Private Limited	115 Clearater Marg, Silverline Nagar, Nagpur, MP	IN
S1-004969	Stonebridge Solutions Corporation	Onyx Park Lubbock WA 70631 331 Cobalt Street	US
S1-004970	Orchid Quarry Logistics Limited	216 Falcon Crs, Juniper Nagar, Near SBI ATM, Pune, Tamil Nadu	IN
S1-004971	Falcon Motors Incorporated	146 Orchid Road, Onyx Park, Austin, 67070	United States
S1-004972	Maplecrest Motors Private Limited	56 Stonebridge Marg, Pue, Maharashtra, 681812	India
S1-004973	Sunstone Brightpath Foods Private Limited	30 Maplecrest Marg, Indore, Kerala	IN
S1-004974	Northgate Systems Limited	17/76 Quarry Mn, Juniper Nagar, Jaipur	India
S1-004975	Orchid Solutions Limited	3/75 Brightpath Marg, Surat, Maharashtra, 350952	IN
S1-004976	Orchid Chemicals Limited	314 Kestrel Main, Meridian Nagar, PPune, 316627	IN
S1-004977	Kestrel Fabrics Private Limited	Nea Metro Pillar 42, 297 Juniper St, Goldleaf Nagar, 328049, Kochi	India
S1-004978	Onyx Enterprises Limited	42 Quarry Rd, Lantern Nagar, Surat, MP	India
S1-004979	Sunstone Foods Corporation	Behind the Civic Center 218 Redwood Drive Onyx Park Peoria CA 96228	United States
S1-004980	Silverline Services Private Limited	241 Silverline Road, Meridian Nagar, Nagpur, 815632	IN
S1-004981	Lantern Textiles Private Limited	3 Meridian Marg, Maplecrest Nagar, Indore, Kerala, 113980	India
S1-004982	Orchid Chemicals Private Limited	351 Ravenwood Road, Thistel Nagar, Surat, 608982	IN
S1-004983	Redwood Summit Textiles Limited	26/15 Falcon Street Nagpur Rajasthan	India
S1-004984	Vertex Lantern Electricals Private Limited	249 Brightpath Crs, Lantern Nagar, Nagpur	IN
S1-004985	Clearwater Solutions Company	Near Exit 14, 178 Lantern Avenue, Onyx Park, Tacoma, 79003	USA
S1-004986	Goldleaf Harbor Solutions Private Limited	225 Brightpath Rd, Thistle Nagar, Kochi, Kerala	IN
S1-004987	Sunstone Clearwater Motors Private Limited	147 Stonebridge Road, Redwood Nagar, Pune	IN
S1-004988	Cobalt Services Limited	29 Clearwater Marg Pune Gujarat 461989	India
S1-004989	Ironwood Goldleaf Textiles Limited Liability Company	384 Vertex Aveune, Akron	US
S1-004990	Silverline Northgate Textiles Limited	390 Sunstone Marg, Stonebridge Nagar, Nagpur, Gujarat, 638881	India
S1-004991	Kestrel Packaging Company	261 Northgate Dr, Tacoma	US
S1-004992	Cobalt Textiles Limited	304 Sustone Main, Vertex Nagar, Nagpur, Maharashtra	India
S1-004993	Bluepeak Foods Private Limited	54 Meridian Mn Summit Nagar Indore 321286	India
S1-004994	Juniper Logistics Limited	372 Cobalt Marg Juniper Nagar Surat 330978	IN
S1-004995	Sunstone Lantern Chemicals Limited	49 Brightpath Street, Summit Nagar, Coimbatore	India
S1-004996	Goldleaf Motors Limited Liability Company	33 Maplecrest St, Sunstone Park, Tacoma, 72758	US
S1-004997	Goldleaf Enterprises Company	310 Vertex Road Clearwater Park Mobile IL 82195	US
S1-004998	Clearwater Electricals Corporation	10 Goldleaf Avenue, Behind the Civic Center, Apex Park, Tacoma, 25482	US
S1-004999	Ironwood Chemicals Company	28/48 Redwood Ave, Lubbock, TX, 72707	United States
S1-005000	Bluepeak Northgate Consultancy Private Limited	123 Stonebridge Rd, Quarry Nagar, Kochi, 746807	India
S1-005001	Juniper Services Limited Liability Company	60 Quarry Drive, Tacoma, 38780	United States
S1-005002	Onyx Enterprises Private Limited	Behind Ganesh Temple, 238 Kestrel Marg, Pune, Rajasthan	India
S1-005003	Harbor Lantern Packaging Corporation	396 Ravenwood St, Redwood Park, Fresno, TX	USA
S1-005004	Northgate Falcon Electricals Private Limited	309 Bluepeak Street, Onyx Nagar, Pune, Kerala, 581651	India
S1-005005	Meridian Goldleaf Logistics Private Limited	Behind Ganesh Temple, 146 Redwood Cross, Ravenwood Nagar, Surat	IN
S1-005006	Meridian Textiles Company	108 Ravenwood Dr, Cobalt Park, Lubbock, IL, 73219	US
S1-005007	Meridian Enterprises Limited Liability Company	Behind the Civic Center, 244 Apex Avenue, Akron, TX	USA
S1-005008	Redwood Textiles Corporation	170 Kestrel Ave, Clearwater Pak, Mobile, OH, 61622	US
S1-005009	Cobalt Orchid Electricals Private Limited	39/78 Falcon Cross, Ravenwood Nagar, Nagpur, Kerala, 840435	India
S1-005010	Northgate Services Corporation	106 Silverline Drive, Tacoma, WA, 6149, Ironwood Park	USA
S1-005011	Falcon Textiles Private Limited	40 Maplecrest Rd, Orchid Nagar, Coimbatore, Tamil Nadu	IN
S1-005012	Vertex Electricals Private Limited	393 Lantern St, Onyx Nagar, Indore, Kerala, 887978	IN
S1-005013	Clearwater Brightpath Chemicals Incorporated	362 Orchid Blvd Falcon Park Lubbock TX	USA
S1-005014	Redwood Industries Incorporated	197 Sunstone Boulevard, Maplecrest Park, Mobile, 30592	USA
S1-005015	Onyx Consultancy Private Limited	353 Vertex Road, Meridian Nagar, Coimbatore, Kerala	IN
S1-005016	Redwood Consultancy Company	44 Goldleaf Boulevard, Vertex Park, Mobile, WA	US
S1-005017	Apex Logistics Private Limited	330 Redwood Rd, Harbor Nagar, Coimbatore, Gujarat, 268608	IN
S1-005018	Vertex Electricals Limited	47 Cobalt Street Near Metro Pillar 42 Pune Kerala 120745	IN
S1-005019	Lantern Lantern Enterprises Corporation	336 Maplecrest Boulevard, Vertex Park, Fresno, OH, 16759	USA
S1-005020	Vertex Packaging Private Limited	237 Orchid Cross, Coimbatore, 918755, Tamil Nadu	India
S1-005021	Orchid Ravenwood Motors Incorporated	56 Brightpath Drive Northgate Park Fresno AL 86117	US
S1-005022	Thistle Systems Company	61 Onyx St, Apex Park, Lubbock, 43882	USA
S1-005023	Vertex Apex Foods Private Limited	393 Falcon Street, Harbor Nagar, Nagpur, Gujarat, 332767	India
S1-005024	Redwood Packaging Corporation	146 Apex Drive, Opp. City Library, Stonebridge Park, Tacoma, IL, 70920	US
S1-005025	Vertex Systems Incorporated	389 Bluepeak Boulevard, Lantern Park, Fresno, WA, 25038	US
S1-005026	Cobalt Foods Limited Liability Company	397 Kestrel Dr, Onyx Park, Austin, 35727	US
S1-005027	Apex Falcon Packaging Private Limited	164 Silverline Marg, Nagpur, MP, 422875	IN
S1-005028	Summit Motors Corporation	9/7 Bluepeak Drive, Ravenwood Park, Fresno, WA	USA
S1-005029	Goldleaf Logistics Incorporated	131 Meridian Avenue, Goldleaf Park, Lubbock, OH	US
S1-005030	Clearwater Logistics Limited Liability Company	91 Stonebridge Ave, Tacoma, 70910	USA
S1-005031	Ironwood Industries Company	187 Brightpath Ave Ravenwood Park Mobile IL 53415	US
S1-005032	Falcon Redwood Trading Company	51 Bluepeak Road, Goldleaf Park, Akron	US
S1-005033	Brightpath Trading Private Limited	122 Meridian Marg Brightpath Nagar Coimbatore MP 135989	IN
S1-005034	Summit Goldleaf Chemicals Limited	1844 Lantern Marg, Orchid Nagar, Pune, 309469	IN
S1-005035	Meridian Services Incorporated	51 Juniper Avenue, Stonebridge Park, Akron,  AL	USA
S1-005036	Cobalt Textiles Limited Liability Company	225 Kestrel Rd Lubbock	United States
S1-005037	Onyx Logistics Limited	13 Juniper Mn, Harbor Nagar, Jaipur, Kerala	IN
S1-005038	Stonebridge Motors Limited	25/1 Clearwater Cross Harbor Nagar Nagpur Tmail Nadu 614872	India
S1-005039	Cobalt Electricals Incorporated	73 Apex St, Opp. City Library, Bluepeak Park, Peoria, AL, 96624	USA
S1-005040	Summit Kestrel Industries Limited	116 Vertex Rd, Thistle Nagar, Kochi, MMP, 156813	IN
S1-005041	Maplecrest Trading Limited	347 Brightpath St, Kestrel Nagar, Jaipur, Rajasthan	IN
S1-005042	Apex Motors Private Limited	19/75 Harbor Cross, Opp. Bus Depot, Falcon Nagar, Nagpur, Maharashtra, 655072	India
S1-005043	Brightpath Logistics Private Limited	Near SBI ATM, 395 Maplecrest Mn, Surat, 554056	IN
S1-005044	Sunstone Packaging Company	287 Apex Rd Tacoma OH	USA
S1-005045	Meridian Services Private Limited	375 Harbor Marg Maplecrest Nagar Pune Gujarat 934982	India
S1-005046	Quarry Systems Private Limited	12/21 Juniper Main Jaipur MP 346019	IN
S1-005047	Cobalt Packaging Private Limited	Opp. Bus Depot, 133 Northgate Rd, Coimbatore, Gujarat, 336808	India
S1-005048	Summit Enterprises Company	4/69 Stonebridge Avenue, Fresno, 31957	USA
S1-005049	Falcon Systems Company	Behind the Civic Center, Mobile, 14663, 67 Juniper Dr	USA
S1-005050	Apex Orchid Industries Limited	79 Kestrel Crs, Maplecrest Nagar, Pune, MP	India
S1-005051	Bluepeak Solutions Limited	311 Goldleaff Crs Falcon Nagar Kochi 688010	India
S1-005052	Juniper Textiles Company	114 Bluepeak Drive, Quarry Park, Austin, IL, 84915	USA
S1-005053	Silverline Systems Private Limited	Indore, 124 Harbor Crs	India
S1-005054	Summit Falcon Fabrics Private Limited	206 Redwood Street, Kochi	India
S1-005055	Stonebridge Industries Private Limited	145 Goldleaf St Goldleaf Nagar Nagpur Rajasthan 826982	India
S1-005056	Maplecrest Fabrics Limited	344 Ravenwood Cross, Clearwater Nagar, Kochi, MP, 353514	India
S1-005057	Juniper Falcon Foods Private Limited	27/46 Lantern Street, Cobalt Nagar, Nagpur, 550512	India
S1-005058	Northgate Chemicals Private Limited	Near SBI ATM, 33 Falcon Marg, Goldleaf Nagar, Jaipur, 912141	India
S1-005059	Sunstone Systems Incorporated	348 Sunstone St, Lubbock, OH, 40148	US
S1-005060	Clearwater Fabrics Limited Liability Company	74 Harbor Boulevard, Redwood Park Lubbock, TX	USA
S1-005061	Silverline Chemicals Incorporated	34 Bluepeak Avenue SunstoneP ark Mobile TX 22518	USA
S1-005062	Meridian Cobalt Solutions Private Limited	24 Onyx Crs, Opp. Bus Depot, Falcon Nagar, Coimbatore	IN
S1-005063	Maplecrest Electricals Corporation	190 Kestrel Avenue, Bluepeak Park, Fresno	US
S1-005064	Ironwood Trading Limited Liability Company	235 Lantern Dr, Akron, TX	United States
S1-005065	Apex Foods Incorporated	391 Brightpath Blvd, Behind the Civic Center, Lanern Park, Mobile, 79484	United States
S1-005066	Cobalt Textiles Private Limited	330 Onyx Rd, Nagpur, Gujarat, 975565	India
S1-005067	Orchid Services Limited Liability Company	104 Quarry Street, Orchid Park, Akron, OH	US
S1-005068	Vertex Vertex Textiles Limited	111 Orchid Cross, Stonebridge Nagar, Surat, MP, 506144	IN
S1-005069	Silverline Foods Private Limited	204 Kestrel Road, Orchid Nagar, Pune, Rajasthan	India
S1-005070	Stonebridge Chemicals Company	65 Clearwater Road, Tacoma, CA, 13767	United States
S1-005071	Meridian Goldleaf Textiles Incorporated	285 Goldleaf Ave, Austin, 50558	US
S1-005072	Cobalt Harbor Systems Private Limited	264 Clearwater Road, Ravenwood Nagar, Jaipur, 760248	IN
S1-005073	Ironwood Foods Limited Liability Company	143 Kestrel Avenue Falcon Park Austin OH	USA
S1-005074	Summit Vertex Services Limited	27/9 Silverline Road, Indore, 141911	IN
S1-005075	Stonebridge Maplecrest Consultancy Company	216 Summit Dr Kestrel Park Akron OH 93891	US
S1-005076	Northgate Apex Textiles Private Limited	253 Vertex Marg, Coimbatore, MP	IN
S1-005077	Maplecrest Industries Private Limited	3/73 Quarry Marg, Mapplecrest Nagar, Nagpur, 830060	IN
S1-005078	Onyx Chemicals Private Limited	84 Silverline Cross, Sunstone Nagar, Indore, 611837	India
S1-005079	Kestrel Solutions Private Limited	160 Juniper Street, Kochi, Rajasthan, 695689	IN
S1-005080	Lantern Ravenwood Logistics Limited Liability Company	Opp. City Library, 293 Silverline Boulevard, Onyx Park, Austin, TX	USA
S1-005081	Kestrel Systems Private Limited	311 Northgate Street, Coimbatore, Gujarat	India
S1-005082	Lantern Motors Limited	4/43 Juniper Street, Brightpath Nagar, Near SBI ATM, Kochi, Maharashtra, 100715	India
S1-005083	Sunstone Fabrics Corporation	48 Northgate Avenue, Redwood Park, Tacoma, TX, 11745	US
S1-005084	Ravenwood Systems Company	160 Harbor Boulevard Cobalt Park Tacoma CA 66486	US
S1-005085	Summit Systems Limited	224 Maplecrest Mn, Sunstone NNagar, Nagpur, 602665	IN
S1-005086	Vertex Textiles Incorporated	211 Bluepeak Rd, Silverline Park, Mobile, TX	USA
S1-005087	Falcon Clearwater Industries Corporation	218 Goldleaf St Apex Park Mobile IL 59578	United States
S1-005088	Juniper Systems Company	389 Falcon Blvd Sunstone Park Fresno TX	United States
S1-005089	Vertex Onyx Chemicals Incorporated	Vertex Park, Fresno, CA, 26 Redwood Road	USA
S1-005090	Kestrel Motors Company	142 Maplecrest St, Lantern Park, Opp. City Library, Peoria, 45331	US
S1-005091	Falcon Solutions Private Limited	240 Summit Main, Goldleaf Nagra, Behind Ganesh Temple, Surat, Maharashtra, 672352	IN
S1-005092	Quarry Services Limited	285 Silverline Marg Sunstone Nagar Kochi 239991	India
S1-005093	Ironwood Chemicals Incorporated	165 Falcon Boulevard, Near Exit 14, Kestrel Park, Akron, WA, 38119	USA
S1-005094	Falcon Sunstone Fabrics Company	127 Onyx Avenue, Vertex Park, Lubbock	United States
S1-005095	Orchid Textiles Company	32 Thistle Dr, Quarry Park, Akron, AL, 10773	US
S1-005096	Summit Motors Private Limited	170 Redwood Street, Near Metro Pillar 42, Harbor Nagar, Jaipur, Kerala	India
S1-005097	Kestrel Northgate Services Corporation	40 Ravenwood Drive, Summit Park, Fresno, 70404	USA
S1-005098	Quarry Logistics Limited	306 Ironwood Mn, Kestrel Nagar, 128670, Coimbatore	India
S1-005099	Harbor Quarry Solutions Limited	368 Orchid Mn Quarry Nagar Pune 506160	IN
S1-005100	Maplecrest Textiles Corporation	Near Exit 14, 36 Apex Road, Vertex Park, Akron, AL	US
S1-005101	Lantern Logistics Private Limited	Behind Ganesh Temple, 273 Kestrel Marg,  Northgate Nagar, Coimbatore, MP	India
S1-005102	Apex Stonebridge Systems Company	252 Summit Boulevard Thistle Park Austin WA 49188	US
S1-005103	Redwood Lantern Trading Corporation	354 Summit Blvd, Quarry Park, Lubbock, 45590	US
S1-005104	Vertex Trading Company	33 Juniper Dr, Thistle Park, Akron, OH, 45760	USA
S1-005105	Cobalt Packaging Limited Liability Company	20/41 Apex Street, Cobalt Park, Akron, TX	US
S1-005106	Bluepeak Textiles Private Limited	Behind Ganesh Templ,e 12/29 Thistle Street, Surat, Kerala	IN
S1-005107	Clearwater Services Private Limited	383 Ravenwood Rd, Brightpath Nagar, Jaipur, Maharashtra, 893845	India
S1-005108	Stonebridge Solutions Private Limited	295 Thistle Crs, Juniper Nagar, Pune, Maharashtra	IN
S1-005109	Clearwater Industries Corporation	161 Stonebridge Ave, Summit Park, Tacoma, OH	United States
S1-005110	Brightpath Trading Private Limited	Near Metro Pillar 42, 28/84 Bluepeak Rd, Summit Nagar, Indore, 557495	IN
S1-005111	Quarry Stonebridge Trading Limited Liability Company	57 Vertex Dr, Summit Park, Fresno, 73154	United States
S1-005112	Falcon Foods Limited	300 Vertex Marg, Ravenwood Nagar, Indore, Gujarat, 367351	India
S1-005113	Ironwood Kestrel Textiles Private Limited	156 Summit Road, Coimbatore, Gujarat	India
S1-005114	Ravenwood Solutions Private Limited	75 Lantern Marg, Indore, Gujarat, 399419	IN
S1-005115	Juniper Motors Private Limited	8/46 Ravenwood Mn, Goldleaf Nagar, Kochi, 841313	India
S1-005116	Falcon Trading Incorporated	160 Clearwater Street, Lubbock, OH	United States
S1-005117	Kestrel Fabrics Limited	359 Summit Crs, Jaipur, Tamil Nadu	India
S1-005118	Bluepeak Motors Limited	120 Goldleaf Mn Meridian Nagar Surat Tamil Nadu	IN
S1-005119	Vertex Fabrics Company	16 Bluepeak Blvd, Austin, TX, 79778, Clearwater Park	United States
S1-005120	Quarry Industries Incorporated	47 Maplecrest Ave, Orchid Park, Fresno, WA, 36333	USA
S1-005121	Northgate Textiles Company	4 Silverline Boulevard, Falcon Park, Peoria, OH	United States
S1-005122	Summit Textiles Private Limited	Behind Ganesh Temple 11 Vertex Street Silverline Nagar Nagpur 114772	India
S1-005123	Clearwater Foods Company	310 Vertex Blvd, Opp. City Library, Stonebridge Park, Mobile, IL, 75446	US
S1-005124	Brightpath Textiles Private Limited	Harbor Nagar, Indore, Maharashtra, 28 Maplecrest Crs	IN
S1-005125	Clearwater Services Private Limited	374 Summit Main, Apex Nagar, Kochi, Kerala	India
S1-005126	Apex Services Limited Liability Company	392 Lantern Drive, Clearwater Park, Mobile, CA, 27813	United States
S1-005127	Quarry Enterprises Private Limited	86 Kestrel Main, Harbor Nagar, Kochi	India
S1-005128	Harbor Services Incorporated	224 Orchid Road, Silverline Park, Austin, IL, 60100	United States
S1-005129	Sunstone Maplecrest Chemicals Company	Opp. City Library, Thistle Park, Lubbock, WA, 84367, 4 Brightpath Rd	United States
S1-005130	Harbor Trading Corporation	4/64 Ravenwood Blvd, Tacoma, WA, 75010	US
S1-005131	Kestrel Electricals Private Limited	128 Clearwater Cross, Summit Nagar, Jaipur, 221863	India
S1-005132	Goldleaf Services Corporation	262 Stonebrdge Ave, Lubbock, 88092	United States
S1-005133	Lantern Fabrics Private Limited	255 Goldleaf Street, Behind Ganesh Temple, Nagpur, Tamil Nadu, 858690	India
S1-005134	Apex Logistics Limited Liability Company	36/19 Vertex Rd, Meridian Park, Tacoma, 56383	USA
S1-005135	Summit Enterprises Incorporated	22/70 Northgate Blvd, Northgate Park, Austin	USA
S1-005136	Silverline Logistics Limited Liability Company	118 Silverline Avenue, Falcon Park, Fresno, AL	United States
S1-005137	Northgate Systems Private Limited	194 Stonebridge Street, Falcon Nagar, Kochi, MP, 155007	India
S1-005138	Meridian Motors Company	222 Goldleaf Rd Lubbock 19892	US
S1-005139	Onyx Vertex Textiles Company	Near Exit 14, 8 Harbor Ave, Vertex Park, Peoria, 90000	US
S1-005140	Onyx Trading Corporation	349 Northgate St Peoria 59984 WA	US
S1-005141	Silverline Industries Limited	30 Onyx Rd Pune MP	IN
S1-005142	Thistle Motors Private Limited	249 Onyx Rd, Indore	IN
S1-005143	Harbor Foods Incorporated	304 Juniper Road, Maplecrest Park, Austin, CA	USA
S1-005144	Redwood Motors Incorporated	Near Exit 14, 89 Kestrel Blvd, Tacoma	US
S1-005145	Sunstone Clearwater Fabrics Limited	277 Sunstone Marg, Meridian Nagar, Jaipur, Maharashtra, 611338	IN
S1-005146	Apex Industries Limited	355 Orchid Mn Coimbatore Maharashtra 372705	IN
S1-005147	Ironwood Ironwood Consultancy Company	205 Stonebridge St, Near Exit 14, Meridian Park, Fresno, WA, 10598	US
S1-005148	Thistle Packaging Incorporated	5 Juniper St,Austin, CA, 27528	US
S1-005149	Stonebridge Ironwood Systems Private Limited	315 Apex Mn, Clearwater Nagar, Jaipur, Tamil Nadu, 501365	India
S1-005150	Summit Systems Private Limited	180 Ironwood Rd, Falcon Nagar, Indore, MP, 627223	India
S1-005151	Redwood Brightpath Services Limited Liability Company	Near Exit 14, 18 Meridian St, Peoria, OH, 23268	United States
S1-005152	Stonebridge Foods Corporation	90 Ironwood St, Tacoma, IL, 65845	US
S1-005153	Quarry Foods Corporation	Opp. City Library, 157 Cobalt Drive, Falcon Park, Peoria, 33641, CA	United States
S1-005154	Clearwater Foods Company	188 Clearwater Dr, Mobile, TX, 78789	US
S1-005155	Vertex Enterprises Private Limited	11/27 Cobalt Rd, Kochi, Tamil Nadu, 690410	IN
S1-005156	Clearwater Solutions Incorporated	125 Clearwater Dr, Thistle Prk, Fresno, CA	United States
S1-005157	Cobalt Onyx Trading Private Limited	243 Stonebridge Cross, Ironwood Nagar, Pune, Kerala	India
S1-005158	Brightpath Solutions Limited Liability Company	101 Summit Rd, Tacoma, IL, 64592	USA
S1-005159	Goldleaf Solutions Corporation	Near Exit 14, 187 Stonebridge Street, Maplecrest Park, Fresno, CA, 74327	USA
S1-005160	Brightpath Packaging Private Limited	79 Goldleaf Main, Ravenwood Nagar, Kochi, 667619	IN
S1-005161	Goldleaf Enterprises Limited Liability Company	221 Sunstone Avenue, Near Exit 14, Kestrel Park, Fresno, CA, 55598	United States
S1-005162	Summit Fabrics Limited Liability Company	359 Sunstone Road, Goldleaf Park, Mobile, WA	USA
S1-005163	Sunstone Consultancy Corporation	285 Stonebridge Road, Apex Park, Fresno, AL	USA
S1-005164	Thistle Stonebridge Textiles Private Limited	139 Lantern Road, Falcon Nagar, Indore	India
S1-005165	Silverline Industries Private Limited	74 Ravenwood St, Harbor Nagar, Jaipur	India
S1-005166	Lantern Juniper Services Company	53 Kestrel Avenue, Silverline Park, Mobile, 29531	United States
S1-005167	Juniper Thistle Logistics Private Limited	353 Thistle Mn, Vertex Nagar, Nagpur, 806938	IN
S1-005168	Falcon Packaging Corporation	Behind the Civic Center, 263 Maplecrest St, Sunstone Park, Lubbock, 45164	USA
S1-005169	Silverline Solutions Private Limited	128 Orchid Rd, Ravenwood Nagar, Kochi, Kerala	India
S1-005170	Brightpath Packaging Incorporated	366 Quarry Ave, Bluepeak Park, Austin, CA	US
S1-005171	Falcon Solutions Company	311 Ravenwood Blvd, Vertex Park, Austin, 88480	USA
S1-005172	Sunstone Enterprises Company	Fresno, 18260, 56 Juniper Blvd	USA
S1-005173	Falcon Logistics Corporation	319 Falcon Blvd, Silverline Park, Akron, CA, 60481	USA
S1-005174	Redwood Trading Corporation	318 Cobalt Avenue, Harbor Park, Lubbock, CA, 63987	USA
S1-005175	Onyx Consultancy Private Limited	250 Cobalt Crs,Nagpur	IN
S1-005176	Apex Vertex Consultancy Private Limited	312 Ironwood Crs, Near SBI ATM, Jaipur, 163503, Maplecrest Nagar	IN
S1-005177	Northgate Falcon Trading Incorporated	134 Brightpath Blvd, Clearwater Park, Austin	US
S1-005178	Northgate Clearwater Chemicals Company	103 Thistle Dr, Behind the Civic Center, Juniper Park, Austin, WA	United States
S1-005179	Goldleaf Industries Incorporated	72 Stonebridge Ave, Onyx Park, Opp. City Library, Peoria	US
S1-005180	Apex Motors Limited	170 Stonebridge Marg, Apex Nagar, Coimbatore, Maharashtra, 581821	India
S1-005181	Falcon Chemicals Corporation	155 Clearwater Blvd Summit Park Austin	US
S1-005182	Sunstone Trading Private Limited	163 Ironwood Street, Orchid Nagar, Indore, Kerala, 241643	IN
S1-005183	Falcon Thistle Services Limited	335 Meridian Cross, Nagpur, Tamil Nadu, 631642	India
S1-005184	Ravenwood Logistics Private Limited	267 Brightpath St, Onyx Nagar, Coimbatore, Kerala	IN
S1-005185	Kestrel Bluepeak Logistics Incorporated	176 Quarry Ave, Kestrel Park, Near Exit 14, Peoria	US
S1-005186	Lantern Enterprises Limited Liability Company	188 Meridian Rd, Kestrel Park, Fresno, CA, 68130	USA
S1-005187	Kestrel Fabrics Incorporated	74 Ravenwood Blvd, Mobile	USA
S1-005188	Apex Textiles Private Limited	261 Cobalt Street, Redwood Nagar, Kochi, 712552	India
S1-005189	Meridian Cobalt Motors Private Limited	Behind Ganesh Temple, 100 Silverline Rd, Coimbatore, 766141	India
S1-005190	Orchid Motors Private Limited	Thistle Nagar, Jaipur, 274663, 289 Cobalt Mn	IN
S1-005191	Summit Summit Solutions Private Limited	239 Harbor Cross Quarry Nagar Opp. Bus Depot Jaipur Rajasthan	India
S1-005192	Goldleaf Textiles Private Limited	Near Metro Pillar 42, 138 Redwood Cross, Ravenwood Nagar, Surat, Tamil Nadu, 897003	India
S1-005193	Stonebridge Trading Company	Opp. City Libraary, 313 Brightpath Street, Akron, OH, Thistle Park	USA
S1-005194	Bluepeak Systems Private Limited	336 Maplecrest Main, Indore, 124506	India
S1-005195	Vertex Trading Company	173 Harbor St, Clearwater Park, Tacoma, TX	US
S1-005196	Brightpath Fabrics Incorporated	107 Falcon Drive, Tacoma, IL, 78162, Meridian Park	US
S1-005197	Stonebridge Bluepeak Logistics Private Limited	328 Lantern Marg, Punne, Kerala, 369100	IN
S1-005198	Ironwood Logistics Private Limited	46 Cobalt Street, Jaipur	IN
S1-005199	Maplecrest Textiles Private Limited	252 Goldleaf Cross, Lantern Nagar, Nagpur, MP, 583736	IN
S1-005200	Thistle Electricals Company	79 Quarry Drive, Ravenwood Park, Tacoma, TX, 37877	United States
S1-005201	Juniper Meridian Trading Private Limited	344 Falcon St Kochi 9995378	IN
S1-005202	Bluepeak Textiles Limited	133 Maplecrest Marg, Ironwood Nagar, Opp. Bus Depot, Pune, 730254	IN
S1-005203	Ironwood Chemicals Limited Liability Company	248 Sunstone Ave CA Austin	US
S1-005204	Sunstone Packaging Limited Liability Company	10/82 Lantern Street, Quarry Park, Akron, AL	United States
S1-005205	Redwood Foods Private Limited	102 Lantern St, Near SBI ATM, Falcon Nagar, Nagpur, 886112	IN
S1-005206	Redwood Services Incorporated	191 Stonebridge Dr, Redwood Park, Lubbock	USA
S1-005207	Northgate Trading Corporation	63 Quarry Rd, Goldleaf Park, Tacoma, CA, 20851	United States
S1-005208	Northgate Motors Limited Liability Company	128 Redwood Blvd,, Falcon Park, Austin, WA, 42863	USA
S1-005209	Sunstone Solutions Incorporated	182 Goldleaf Boulevard, Fresno	USA
S1-005210	Ravenwood Motors Private Limited	143 Sunstone St, Harbor Naggar, Coimbatore, Gujarat, 234506	IN
S1-005211	Goldleaf Trading Limited	27/11 Harbor Cross, Kochi, 115266	IN
S1-005212	Kestrel Chemicals Limited Liability Company	389 Vertex Ave, Quarry Park, Mobile, AL	USA
S1-005213	Brightpath Systems Private Limited	80 Juniper Road, Thistle Nagar, Indore, 196450	IN
S1-005214	Summit Logistics Incorporated	125 Apex Blvd Lubbock AL	USA
S1-005215	Goldleaf Chemicals Limited	Behind Ganesh Temple, 269 Summit Cross, Ravenwood Nagar, Jaipur, 662472	India
S1-005216	Goldleaf Consultancy Private Limited	65 Bluepeak Crs, Vertex Nagar, Kochi	IN
S1-005217	Meridian Motors Private Limited	350 Juniper Marg, Redwood Nagar, Surat, Rajasthan, 221292	India
S1-005218	Stonebridge Brightpath Motors Private Limited	142 Lantern Main, Coimbatore, 195998	India
S1-005219	Apex Trading Private Limited	323 Sunstone Crs, Quarry Nagar, Coimbatore, Tamil Nadu, 108633	IN
S1-005220	Summit Industries Private Limited	240 Ironwood Mn, Redwood Nagar, Surat, Maharashtra, 906097	India
S1-005221	Juniper Fabrics Incorporated	131 Redwood St Harbor Park Mobile IL 46741	US
S1-005222	Orchid Foods Incorporated	9 Sunstone Road, Frsno, OH	US
S1-005223	Bluepeak Fabrics Corporation	231 Stonebridge Boulevard, Fresno, OH, 29467	US
S1-005224	Kestrel Apex Consultancy Limited Liability Company	136 Apex Avenue, Juniper Park, Austin, IL, 58306	USA
S1-005225	Goldleaf Motors Corporation	136 Brightpath Avenue Apex Park Peoria CA 63526	US
S1-005226	Falcon Enterprises Private Limited	209 Maplecrest Marg, Juniper Nagar,Indore, 443207	India
S1-005227	Silverline Stonebridge Foods Incorporated	362 Onyx Dr, Goldleaf Park, Mobile, WA	USA
S1-005228	Northgate Systems Private Limited	381 Thistle Main, Pune, Kerala	India
S1-005229	Brightpath Electricals Incorporated	234 Summit Road, Ravenwood Park, Akron	United States
S1-005230	Summit Vertex Systems Corporation	389 Thistle Road, Apex Park, Fresno, TX, 59317	USA
S1-005231	Ironwood Fabrics Private Limited	283 Maplecrest Mn, Opp. Bus Depot, Northgate Nagar, Nagpur, Tamil Nadu, 594449	India
S1-005232	Meridian Fabrics Limited Liability Company	Behind the Civic Center, 266 Bluepeak St, Meridian Park, Peoria, AL, 15405	US
S1-005233	Harbor Thistle Packaging Private Limited	275 Goldleaf Main, Thistle Nagar, Kochi, Maharashtra	IN
S1-005234	Silverline Juniper Solutions Private Limited	Near Metro Pillar 42 140 SummitC rs Goldleaf Nagar Nagpur 185403	IN
S1-005235	Ravenwood Enterprises Corporation	299 Redwood Dr, Maplecrest Park, Fresno, AL, 14995	United States
S1-005236	Vertex Systems Incorporated	212 Cobalt Blvd, Akron, AL	US
S1-005237	Thistle Industries Private Limited	64 Vertex Cross, Sunstone Nagar, Kochi, Rajasthan, 608243	India
S1-005238	Brightpath Fabrics Incorporated	145 Redwood Street, Cobalt Park, Tacoma, 65718	US
S1-005239	Kestrel Industries Company	335 Vertex Avenue, Vertex Park, Mobile, AL, 32787	USA
S1-005240	Thistle Motors Limited Liability Company	266 Maplecrest St, Fresno, IL	USA
S1-005241	Brightpath Trading Corporation	332 Orchid Road, Meridian Park, Akron, 82566	USA
S1-005242	Ironwood Stonebridge Systems Incorporated	Near Eixt 14, 12/10 Northgate Ave, Mobile, WA, 85566	USA
S1-005243	Ironwood Harbor Packaging Limited Liability Company	235 Maplecrest Street, Orchid Park, Near Exit 14, Peoria, 98058	USA
S1-005244	Orchid Textiles Incorporated	265 Silverline Avenue Opp. City Library Falcon Park Fresno	US
S1-005245	Apex Industries Private Limited	49 Meridian Rd, Onyx Nagar, Indore, Gujarat, 864614	India
S1-005246	Thistle Chemicals Corporation	238 Brightpath Road, Northgate Park, Akron, AL, 73829	United States
S1-005247	Falcon Consultancy Corporation	20 Brightpath St, Peoria, 50676	USA
S1-005248	Juniper Electricals Limited Liability Company	275 Silverline Street, Redwood Park, Tacoma, 53300	US
S1-005249	Stonebridge Packaging Incorporated	26/63 Quarry Blvd, Silverline Park, Peoria, 55442	USA
S1-005250	Bluepeak Packaging Private Limited	82 Summit Street, Near SBI ATM, LLantern Nagar, Jaipur, 486851	India
S1-005251	Orchid Services Company	161 Redwood Ave Onyx Park Tacoma WA 87301	United States
S1-005252	Ravenwood Textiles Company	311 Quarry Street, Mobile	US
S1-005253	Falcon Kestrel Trading Private Limited	255 Stonebridge Marg Ravenwood Nagar Jipur Maharashtra 125194	India
S1-005254	Sunstone Industries Corporation	141 Ironwood Blvd, Onyx Park, Lubbock, WA	United States
S1-005255	Redwood Orchid Enterprises Incorporated	3/46 Falcon Road, Bluepeak Park, Lubbock, CA, 98271	US
S1-005256	Onyx Fabrics Corporation	20/13 Redwood Rd, Quarry Park, Lubbock, OH, 37371	US
S1-005257	Onyx Orchid Electricals Corporation	127 Juniper Boulevard, Peoria, AL, 52692	United States
S1-005258	Stonebridge Textiles Private Limited	37/66 Bluepeak Marg, Pune, Kerala, 211070	India
S1-005259	Stonebridge Industries Private Limited	379 Harbor Mn, Vertex Nagar, Pune, Gujarat, 775607	India
S1-005260	Apex Ravenwood Trading Limited	217 Orchid Marg, Apex Nagar, Kochi, MP	India
S1-005261	Ravenwood Fabrics Incorporated	33/17 Kestrel Dr, Thistle Park, Near Exit 14, Fresno, WA, 40927	USA
S1-005262	Vertex Industries Private Limited	264 Ravenwood Main, Meridian Nagar, Indore, Rajasthan, 297940	India
S1-005263	Silverline Services Limited Liability Company	231 Orchid Rd, Meridian Park, Austin, TX	United States
S1-005264	Kestrel Consultancy Limited Liability Company	142 Thistle Avenue, Peoria, AL, 41899	USA
S1-005265	Apex Maplecrest Textiles Limited	13 Brightptah Mn, Cobalt Nagar, Kochi	India
S1-005266	Orchid Electricals Private Limited	10 Silverline Rd, Vertex NNagar, Coimbatore	India
S1-005267	Quarry Textiles Incorporated	22 Falcon Blvd, Brightpath Park, Lubbock, 41970	United States
S1-005268	Meridian Consultancy Limited Liability Company	103 Orchid Avenue, Falcon Park, Opp. City Library, Austin, TX	United States
S1-005269	Bluepeak Textiles Private Limited	11 Juniper Marg, Summit Nagar, Near Metro Pillar 42, Kochi, 762754, Gujarat	IN
S1-005270	Stonebridge Motors Private Limited	180 Ironwood Street, Onyx Nagar, Nagpur	IN
S1-005271	Summit Sunstone Enterprises Corporation	371 Cobalt Blvd Onyx Park Fresno	USA
S1-005272	Harbor Northgate Systems Private Limited	Behind Ganesh Temple, 204 Silverline Cross, Sunstone Nagar, Surat, MP, 284061	India
S1-005273	Juniper Systems Incorporated	315 Cobalt Blvd, Sunstone Park, Mobile, IL, 27978	United States
S1-005274	Apex Consultancy Limited Liability Company	37/69 Meridian Road Apex Park Peoria CA 56994	USA
S1-005275	Vertex Electricals Incorporated	31/83 Vertex Street, Clearwater Park, Peoria, CA, 55817	USA
S1-005276	Redwood Solutions Private Limited	14 Juniper Marg, Kochi, 309325	IN
S1-005277	Kestrel Falcon Services Incorporated	15 Brightpath Street, Maplecrest Park, Akron, WA, 41131	United States
S1-005278	Silverline Electricals Corporation	386 Juniper Street Sivlerline Park Behind the Civic Center WA Austin	United States
S1-005279	Kestrel Services Incorporated	4 Quary Rd, Stonebridge Park, Fresno	USA
S1-005280	Goldleaf Chemicals Limited Liability Company	348 Onyx Dr, Peorria, IL	US
S1-005281	Orchid Fabrics Corporation	67 Ravenwood Avenue, Cobalt Park, Austin, 75871	US
S1-005282	Redwood Solutions Company	324 Summit Dr, Juniper Park, Peoria, TX, 56197	USA
S1-005283	Meridian Consultancy Private Limited	108 Redwood Marg, Near SBI ATM, Onyx Nagar, Indore, 784758	India
S1-005284	Juniper Textiles Private Limited	21/41 Summit Cross, Quarry Nagar, Surat, Tamil Nadu, 653514	India
S1-005285	Redwood Apex Solutions Limited Liability Company	11 Apex Ave, Brightpath Park, Austin, 11131	US
S1-005286	Summit Enterprises Company	12 Silverline Street, Akron, 80772	USA
S1-005287	Falcon Fabrics Corporation	217 Onyx Rd, Onyx Park, Austin, CA	USA
S1-005288	Redwood Industries Private Limited	331 Redwood Crs, Apex Nagar, Jaipur, MP, 505168	India
S1-005289	Silverline Consultancy Private Limited	222 Brightpath Rd, Pune	India
S1-005290	Brightpath Chemicals Incorporated	220 Brightpath Ave, Apex Park, Austin, TX, 63785	United States
S1-005291	Northgate Sunstone Textiles Private Limited	Behind Ganesh Temple, 267 Vertex Rd, Falcon Nagar, Nagpur, Tamil Nadu, 118276	IN
S1-005292	Harbor Solutions Corporation	218 Stonebridge Rd Goldleaf Park Akron IL 82527	United States
S1-005293	Harbor Systems Company	157Orchid St, Fresno, 30696	US
S1-005294	Silverline Textiles Corporation	236 Meridian Boulevard, Goldleaf Park, Akron	USA
S1-005295	Maplecrest Kestrel Solutions Corporation	119 Stonebridge Blvd, Silverline Park, Tacoma	USA
S1-005296	Ironwood Solutions Private Limited	178 Meridian St, Ravenwood Nagar, Pune, Maharashtra	India
S1-005297	Apex Electricals Private Limited	360 Northgate Street, Northgate Nagar, Jaipur, Rajasthan, 311259	IN
S1-005298	Redwood Lantern Systems Private Limited	241 Juniper Marg, Maplecrest Nagar, Kochi	India
S1-005299	Silverline Quarry Logistics Private Limited	110 Stonebridge Main, Stonebridge Nagar, Coimbatore, Gujarat	India
S1-005300	Ironwood Consultancy Incorporated	89 Quarry St Onyx Park Lubbock	United States
S1-005301	Silverline Fabrics Company	268 Stonebridge Street, Bluepeak Park, Peoria	United States
S1-005302	Brightpath Electricals Limited	91 Thistle Marg, Coimbatore, Rajasthan, 693397	IN
S1-005303	Stonebridge Logistics Company	270 Onyx St, Falcon Park, Tacoma, WA, 98707	USA
S1-005304	Ironwood Trading Company	178 Harbor Avenue Falcon Park Behind the Civic Center Akron OH 17399	United States
S1-005305	Cobalt Packaging Incorporated	134 Summit Dr, Tacoma, IL, 77243	United States
S1-005306	Silverline Services Limited	34 Quarry Cross, Behind Ganesh Temple, Kochi, Maharashtra	IN
S1-005307	Clearwater Kestrel Electricals Limited	297 Onyx Main, Sunstone Nagar, Pune, MP, 822597	India
S1-005308	Orchid Motors Corporation	181 Redwood Avenue, Brightpath Park, Akron, 28729, AL	USA
S1-005309	Falcon Foods Incorporated	97 Apex Dr, Near Exit 14, Quarry Park, Austin, 45593	United States
S1-005310	Quarry Chemicals Corporation	127 Onyx Dr, Ravenwood Park, Austin, OH	USA
S1-005311	Meridian Electricals Private Limited	64 Kestrel Main Sunstone Nagar Nagpur Gujarat	IN
S1-005312	Ravenwood Industries Limited Liability Company	345  Quarry Boulevard, Lubbock	United States
S1-005313	Goldleaf Thistle Textiles Private Limited	51 Brightpath St, Northgate Nagar, Surat, 804760	India
S1-005314	Cobalt Clearwater Services Company	112 Maplecrest St, Vertex Park, Austin, TX, 73471	USA
S1-005315	Orchid Foods Incorporated	104 Sunstone Avenue, Akron, IL	USA
S1-005316	Orchid Lantern Fabrics Incorporated	183 Vertex Ave Thistle Park Akron 58236	US
S1-005317	Stonebridge Quarry Chemicals Incorporated	115 Brightpath Rd, Onyx Park, Mobile, CA, 93198	United States
S1-005318	Harbor Packaging Incorporated	273 Goldleaf Drive, Falcon Park, Austin, IL	USA
S1-005319	Lantern Enterprises Private Limited	224 Northgate Marg, Cobalt Nagar, Coimbatore, Gujarat, 165036	IN
S1-005320	Sunstone Trading Corporation	97 Apex Rd Peoria 76610	United States
S1-005321	Brightpath Packaging Limited	175 Stonebridge Marg Ironwood Nagar Surat 770965	India
S1-005322	Meridian Electricals Private Limited	261 Meridian Main, Clearwater Nagar, Kochi, Gujarat	IN
S1-005323	Onyx Electricals Private Limited	Behind Ganesh Temple, 135 Redwood Cross, Bluepeak Nagar, Surat	India
S1-005324	Northgate Lantern Solutions Private Limited	75 Thistle Road Lantern Nagar Nagpur Maharashtra	India
S1-005325	Harbor Motors Company	39 Bluepeak Boulevard, Ironwood Park, Akron, TX, 86573	United States
S1-005326	Goldleaf Northgate Motors Limited	381 Lantern Road, Harbor Nagar, Coimbatore, 777294	IN
S1-005327	Thistle Foods Company	210 Ravenwood St Peoria CA	United States
S1-005328	Sunstone Cobalt Foods Corporation	98 Falcon Boulevard Stonebridge Park Tacoma 64223	USA
S1-005329	Juniper Industries Incorporated	Kestrel Park, Tacoma, WA, 46661, 40 Orchid Avenue	USA
S1-005330	Kestrel Redwood Systems Private Limited	137 Kestrel Crs, Orchid Nagar, Indore, Maharashtra, 119458	India
S1-005331	Onyx Enterprises Company	125 Onyx Ave, Behind the Civic Center, Apex Park, Peoria, TX, 93177	US
S1-005332	Brightpath Consultancy Incorporated	Behind the Civic Center, 200 Harbor Rd, Silverline Park, Lubbock, 28721	United States
S1-005333	Clearwater Stonebridge Electricals Private Limited	37/71 Quarry Street, Onyx Nagar, Nagpur, 339896	IN
S1-005334	Meridian Consultancy Private Limited	327 Goldleaf Street, Kochi, Maharashtra	IN
S1-005335	Maplecrest Industries Private Limited	383 Quarry Road, Meridian Nagar, Coimbatore, Maharashtra, 682398	IN
S1-005336	Stonebridge Services Company	56 Apex St Redwood Park Mobile WA 13043	United States
S1-005337	Bluepeak Thistle Foods Limited Liability Company	276 Stonebridge Dr Austin WA	US
S1-005338	Orchid Textiles Private Limited	358 Meridian Main, Silverilne Nagar, Nagpur, 766271	IN
S1-005339	Brightpath Packaging Private Limited	5 Falcon Marg, Maplecrest Nagar, Jaipur, Gujarat, 836373	India
S1-005340	Goldleaf Logistics Private Limited	69 Bluepeak Crs Meridian Nagar Indore 425783	India
S1-005341	Vertex Fabrics Private Limited	263 Meridian Main Quarry Nagar Jaipur Tamil Nadu 714431	IN
S1-005342	Maplecrest Fabrics Corporation	168 Onyx Blvd, Lubbock, CA, 94538	US
S1-005343	Ironwood Services Company	179 Quarry Drive, Akron, TX, 66109	US
S1-005344	Redwood Meridian Logistics Private Limited	11 Meridian Rd Apex Nagar Indore	India
S1-005345	Maplecrest Cobalt Trading Incorporated	228 Sunstone Avenue, Vertex Park, Tacoma	United States
S1-005346	Brightpath Chemicals Private Limited	203 Vertex Mn, Kestrel Nagar, Nagpur, 226014	India
S1-005347	Vertex Ironwood Textiles Limited	312 Orchid Street, Clearwater Nagar, Nagpur, Gujarat, 293171	IN
S1-005348	Orchid Electricals Private Limited	58 Ironwood Mn Ravenwood Nagar Kochi 616046	India
S1-005349	Onyx Consultancy Private Limited	7 Meridian Marg, Redwood Nagar, Pune, MP, 261006	IN
S1-005350	Falcon Logistics Limited	Opp. Bs Depot, 192 Thistle Marg, Nagpur, 758086	IN
S1-005351	Juniper Packaging Company	Falcon Park, Mobile, 62395, 90 Juniper Avenue	USA
S1-005352	Redwood Fabrics Incorporated	105 Quarry Ave, Mobile, CA	USA
S1-005353	Bluepeak Services Incorporated	150 Vertex DDr, Silverline Park, Mobile, WA	US
S1-005354	Bluepeak Enterprises Private Limited	337 Cobalt Crs, Kochi, 237399	India
S1-005355	Brightpath Systems Private Limited	33/60 Juniper Coss, Behind Ganesh Temple, Bluepeak Nagar, Pune, Kerala, 242362	IN
S1-005356	Thistle Packaging Corporation	204 Ravenwood Road, Fresno, OH	United States
S1-005357	Apex Enterprises Private Limited	13 Lantern Cros, Jaipur, Maharashtra, 765484	India
S1-005358	Brightpath Industries Private Limited	49 Onyx Marg, Ravenwood Nagar, Coimbatore	India
S1-005359	Onyx Enterprises Private Limited	132 Northgate Crs, Lantern Nagar, Kochi, Kerala, 179047	India
S1-005360	Meridian Textiles Limited	74 Falcon Mn, Indore, Kerala, 592399	IN
S1-005361	Kestrel Industries Incorporated	316 Ravenwood Rd, Meridian Park, Austin, WA	United States
S1-005362	Sunstone Industries Private Limited	343 Stonebridge Road, Summmit Nagar, Surat	IN
S1-005363	Vertex Textiles Limited Liability Company	295 Silverline Boulevard, Sunstone Park, Akron, OH, 22690	USA
S1-005364	Cobalt Trading Company	158 Brightpath Rd, Ironwood Park, Mobile, CA, 77497	US
S1-005365	Ironwood Industries Incorporated	24/14 Maplecrest Bouleavrd, Bluepeak Park, Tacoma, 53910	United States
S1-005366	Ravenwood Industries Private Limited	380 Stonebridge Main Near Metro Pillar 42 Onyx Nagar Coimbatore Rajasthan 247333	IN
S1-005367	Silverline Lantern Industries Limited	Near Metro Pillar 42 16/75 Ravenwood Cross Indore Maharashtra 807563	India
S1-005368	Silverline Industries Private Limited	7 Orchid Road, Coimbatore, Gujarat, 290597	India
S1-005369	Apex Trading Limited	5 Goldleaf Street, Kochi, MP, 211620	IN
S1-005370	Vertex Trading Private Limited	157 Northgate Road, Goldleaf Nagar, Near Metro Pillar 42, Jaipur, Tamil Nadu, 125442	India
S1-005371	Maplecrest Enterprises Incorporated	134 Goldleaf Street, Orchid Park, Fresno, CA, 95867	US
S1-005372	Redwood Chemicals Private Limited	382 Maplecrest Road, Surat, 282211	India
S1-005373	Onyx Textiles Private Limited	239 Summit Marg, Orchid Nagar, Indore, 434927	India
S1-005374	Sunstone Enterprises Private Limited	399 Silverline St, Kestrel Nagar, Pune, Tamil Nadu	IN
S1-005375	Stonebridge Electricals Limited Liability Company	236 Meidian Blvd, Tacoma, TX	USA
S1-005376	Ironwood Stonebridge Packaging Limited Liability Company	246 Vertex Blvd, Tacoma, 75476	United States
S1-005377	Bluepeak Logistics Corporation	152 Lantern Ave, Mobile, 75540, histle Park	US
S1-005378	Thistle Electricals Corporation	187 Silverline Avenue, Quarry Park, Lubbock, 81161	US
S1-005379	Silverline Electricals Private Limited	389 Kestrel Rd, Nagpur, Gujarat, 562473	IN
S1-005380	Redwood Packaging Limited	1/54 Sunstone Marg Jaipur Kerala 227294	IN
S1-005381	Cobalt Systems Company	369 Sunstone Avenue, Bluepeak Park, Fressno, OH	USA
S1-005382	Ironwood Packaging Corporation	Behind the Civic Center, 12 Summit Boulevard, Tacoma, WA	USA
S1-005383	Stonebridge Electricals Limited	Sunstone Nagar, Jaipur, Tamil Nadu, 153 Vertex Crs	India
S1-005384	Goldleaf Textiles Limited	237 Maplecrest Crs Lantern Nagar Coimbatore	IN
S1-005385	Thistle Falcon Fabrics Incorporated	212 Quarry Street, Falcon Park, Peoria, CA	US
S1-005386	Apex Foods Private Limited	163 Stonebridge Crs, Silverline Nagar, Gujarat, Kochi	India
S1-005387	Orchid Chemicals Private Limited	395 Northgate Marg, Ravenwood Nagar, Surat	IN
S1-005388	Northgate Cobalt Solutions Incorporated	252 Meridian Drive, Stonebridge Park, Tacoma, TX, 57847	USA
S1-005389	Juniper Chemicals Private Limited	Near SBI ATM, 207 Bluepeak Rd, Pune, Gujarat, 888267	India
S1-005390	Redwood Chemicals Corporation	4/14 Thistle oBulevard, Ironwood Park, Akron	USA
S1-005391	Apex Consultancy Corporation	4 Redwood Ave, Juniper Park, Fresno, AL, 61280	United States
S1-005392	Maplecrest Kestrel Chemicals Private Limited	16/72 aFlcon Mn, Ironwood Nagar, Jaipur, Rajasthan	India
S1-005393	Vertex Solutions Corporation	184 Thistle Blvd, Maplecrest Park, Austin, OH, 71414	USA
S1-005394	Vertex Foods Private Limited	30/62 Thistle Crs, Juniper Nagar, Near SBI ATM, Nagpur	India
S1-005395	Summit Textiles Limited Liability Company	369 Ironwood Avenue, Near Exit 14, Clearwater Park, Peoria, OH	United States
S1-005396	Orchid Textiles Incorporated	193 Sunston Road Kestrel Park Tacoma WA	US
S1-005397	Sunstone Solutions Limited Liability Company	118 Onyx St,S unstone Park, Peoria, WA, 85927	USA
S1-005398	Redwood Services Private Limited	Opp. Bus Depot, 43 Vertex Cross, Bluepeak Nagar, Coimbatore, Maharashtra, 994561	IN
S1-005399	Quarry Motors Private Limited	206 Falcon Street, Bluepeak Nagar, Nagpur, 114844	IN
S1-005400	Maplecrest Northgate Logistics Company	316 Stonebridge Rd, Near Exit 14, Stonebridge Park, Fresno, IL	USA
S1-005401	Harbor Industries Private Limited	116 Silverline Street, Behind Ganesh Temple, Vertex Nagar, Surat	India
S1-005402	Maplecrest Fabrics Private Limited	44 Stonebridge Main Juniper Nagar Kerala 347146 Coimbatore	India
S1-005403	Juniper Trading Limited Liability Company	Near Exit 14, 29 Summit Avenue, Redwood Park, Tacoma, 99366	USA
S1-005404	Summit Consultancy Incorporated	161 Quarry Ave Silverline Park Akron 80787	US
S1-005405	Silverline Packaging Private Limited	114 Clearwater Rd, Brightpath Nagar, Coimbatore, Rajasthan, 930112	India
S1-005406	Thistle Falcon Services Limited Liability Company	5 Apex Drive, Brightpath Park, Tacoma, OH, 43770	US
S1-005407	Ironwood Foods Private Limited	248 Lantern St, Orchid Nagar, Surat, Rajasthan, 874528	India
S1-005408	Ravenwood Clearwater Packaging Incorporated	230 Thistle Rd, Juniper Park, Lubbock, TX, 70543	United States
S1-005409	Ironwood Textiles Incorporated	45 Stonebridge Road, Bluepeak Park, Austin, WA	USA
S1-005410	Harbor Ironwood Services Limited Liability Company	15 Falcon Boulevard, Near Exit 14, Lubbock, 83835	US
S1-005411	Clearwater Industries Incorporated	338 Sunstone Street, Opp. iCty Library, Sunstone Park, Akron, IL	United States
S1-005412	Meridian Electricals Private Limited	122 Cobalt Mn, Opp. Bus Depot, Maplecrest Nagar, Pune	India
S1-005413	Meridian Textiles Company	37/65 Ironwood Boulevard Lubbock CA	US
S1-005414	Summit Consultancy Corporation	84 Silverline Boulevard, Behind the Civic Center, Juniper Park, Austin, 30527	United States
S1-005415	Orchid Industries Limited Liability Company	1/43 Cobalt Blvd Quarry Park Austin CA 10415	US
S1-005416	Bluepeak Stonebridge Electricals Limited	264 Vertex Marg Pune	IN
S1-005417	Summit Industries Private Limited	52 Thistle Rd, Ravenwood Nagar, Kochi, Kerala	IN
S1-005418	Cobalt Thistle Services Company	316 Brightpath Dr, Peoria, TX, 42391	United States
S1-005419	Harbor Logistics Private Limited	383 Clearwater Road, Surat, 998219, Gujarat	IN
S1-005420	Orchid Fabrics Incorporated	29 Goldleaf Avenue, Peoria	USA
S1-005421	Vertex Juniper Services Limited Liability Company	52 Brightpath Road, Mobile	USA
S1-005422	Orchid Lantern Fabrics Private Limited	11 Vertex St, Ravenwood Nagar, Jaipur	India
S1-005423	Lantern Foods Private Limited	385 Apex Cross, Lantern Nagar, Indore, MP	India
S1-005424	Maplecrest Consultancy Limited	349 Vertex Crs Indore MP	IN
S1-005425	Juniper Enterprises Private Limited	8/14 Northgate Marg, Cobalt Nagar, Coimbatore	India
S1-005426	Kestrel Packaging Private Limited	39 Orchid Rd, Northgate Nagar, Surat, 559527	India
S1-005427	Ravenwood Packaging Private Limited	39/22 Bluepeak Cross, Quarry Nagar, oimbatore, Rajasthan, 398075	India
S1-005428	Quarry Consultancy Limited	397 Northgate Marg Goldleaf Nagar Behind Ganesh Temple Jaipur Tamil Nadu 711978	IN
S1-005429	Redwood Logistics Limited Liability Company	378 Brightpath Rd, Tacoma, WA, 16675	United States
S1-005430	Juniper Foods Private Limited	171 Redwood Marg, Jaipur, Kerala, 378224	India
S1-005431	Thistle Quarry Trading Company	366 Apex St, Stonebridge Park, Lubbock, TXX, 87984	USA
S1-005432	Redwood Services Incorporated	Near Exit 14 263 Maplecrest Blvd Stonebridge Park Mobile	US
S1-005433	Harbor Foods Limited	28 Bluepeak Cross, Orchid Nagar, Indore, 509578	IN
S1-005434	Cobalt Services Private Limited	Behind Ganesh Temple, Kochi, MP, 5 Apex Marg	India
S1-005435	Apex Packaging Private Limited	28/36 Brightpath Street, Onyx Nagar, Coimbatore, Kerala, 111853	India
S1-005436	Onyx Enterprises Limited	145 Stonebridge Main, Near Metro PPillar 42, Indore, Rajasthan	India
S1-005437	Onyx Industries Private Limited	250 Apex Main, Ravenwood Nagar, Indore, Tamil Nadu, 244443	India
S1-005438	Ravenwood Kestrel Services Corporation	175 Juniper Rd, Ironwood Park, Mobile, 22895	USA
S1-005439	Goldleaf Chemicals Private Limited	234 Cobalt Road, Ironwood Nagar, Kochi, MP	IN
S1-005440	Quarry Electricals Limited	181 Goldleaf Main, Orchid Nagar, Coimbatore	IN
S1-005441	Maplecrest Sunstone Electricals Limited Liability Company	145 Thistle Drive, Quarry Park, Peoria, 94762	United States
S1-005442	Goldleaf Motors Limited	368 Redwood Road, Nagpur	IN
S1-005443	Ironwood Enterprises Private Limited	6 Redwood Marg, Indore	IN
S1-005444	Apex Vertex Services Limited	357 Quarry Rd, Coimbatore	India
S1-005445	Summit Packaging Private Limited	342 Ironwood St, Clearwater Nagar, Kochi	India
S1-005446	Maplecrest Goldleaf Foods Private Limited	270 Vertex Crs, Redwood Nagar, 883106, Pune	IN
S1-005447	Ironwood Cobalt Chemicals Company	371 Lantern Ave, Goldleaf Park, Lubbock, OH, 82535	United States
S1-005448	Apex Textiles Limited	118 Onyx Mn, Onyx Nagar, Opp. Bus Depot, Coimbatore	IN
S1-005449	Brightpath Chemicals Private Limited	33 Juniper Street, Near Metro Pillar 42, Lantern Nagar, Jaipur, 366224	India
S1-005450	Thistle Solutions Corporation	29 Kestrel St Peoria TX	US
S1-005451	Vertex Fabrics Corporation	5 Vertex Rd, Cobalt Park, Akron, TX, 35735	USA
S1-005452	Clearwater Enterprises Limited	85 Vertex Main,Behind Ganesh Temple, Meridian Nagar, Surat, 793875	India
S1-005453	Thistle Packaging Limited	182 Orchid Cross, Coimbatore, Tamil Nadu, 272089	IN
S1-005454	Apex Services Limited Liability Company	288 Onyx Rd, Near Exit 14, Onyx Park, Tacoma, IL, 25288	United States
S1-005455	Falcon Solutions Limited Liability Company	344 Meridian Avenue, Juniper Park, Lubbock, 15815	United States
S1-005456	Lantern Stonebridge Packaging Limited Liability Company	380 Ravenwood Ave, Fresno, IL, 24755	USA
S1-005457	Stonebridge Logistics Company	169 Clearwater Dr, Clearwater Park, Mobile	USA
S1-005458	Sunstone Enterprises Limited Liability Company	335 Goldleaf Drive, Maplecrest Park, Tacoma, CA, 17266	USA
S1-005459	Northgate Chemicals Limited	32 Summit Street, Juniper Nagar, Pune, MP	IN
S1-005460	Brightpath Electricals Company	162 Orchid Ave Juniper Park Lubbock TX	USA
S1-005461	Juniper Motors Limited	25 Clearwater Marg Indore 299584	IN
S1-005462	Meridian Systems Company	349 Kestrel Rd, Maplecrest Park, Austin, TX, 78338	US
S1-005463	Quarry Consultancy Private Limited	323 Juniper Cross, Northgate Nagar, Near Metro Pillar 42, Jaipur	India
S1-005464	Falcon Systems Limited	263 Sunstone Cross, Clearwater Nagar, Pune, 764290	IN
S1-005465	Silverline Motors Limited Liability Company	358 Silverline Ave, Ravenwood Park, Austin, CA	USA
S1-005466	Harbor Quarry Services Incorporated	323 Harbor Street, Northgate Park, Fresno, CA, 45279	US
S1-005467	Silverline Chemicals Private Limited	206 Stonebridge Rd, Jaiipur, Tamil Nadu, 715107	India
S1-005468	Meridian Onyx Fabrics Limited Liability Company	265 Apex Dr, Ironwood Park, Peoria, IL	US
S1-005469	Cobalt Thistle Consultancy Limited Liability Company	28 Goldleaf Street, Near Exit 14, Stonebridge Park, Tacoma, 60810	US
S1-005470	Thistle Packaging Incorporated	Fresno, 172 Falcon Boulevard	USA
S1-005471	Summit Lantern Industries Limited	274 Onyx Marg, Behhind Ganesh Temple, Jaipur, Gujarat, 531958, Maplecrest Nagar	India
S1-005472	Thistle Consultancy Limited Liability Company	169 Onyx St, Austin, CA, 96204	United States
S1-005473	Ravenwood Trading Private Limited	392 Orchid Main, Silverline Nagar, Kochi, Rajasthan, 377091	India
S1-005474	Stonebridge Electricals Corporation	328 Northgate Dr, Lantern Park, Akron, AL	US
S1-005475	Maplecrest Services Limited	Near SBI ATM, 369 Quarry Road, Lantern Nagar, Coimbatore, Rajasthan	IN
S1-005476	Summit Foods Company	301 Onyx Ave, Maplecrest Park, Mobile, 24230	United States
S1-005477	Goldleaf Textiles Private Limited	230 Northgate Road, Juniper Nagar, Opp. Bus Depot, Jaipur	India
S1-005478	Orchid Enterprises Private Limited	319 Apex Main, Meridian Nagar, Surat, Maharashtra	India
S1-005479	Clearwater Orchid Consultancy Company	Thistle Park, Fressno, 15117, 88 Bluepeak Avenue	USA
S1-005480	Juniper Solutions Corporation	317 Apex Dr, LanternPark, Austin, OH	USA
S1-005481	Brightpath Redwood Electricals Private Limited	61 Clearater Crs, Coimbatore, Kerala	India
S1-005482	Lantern Quarry Trading Limited Liability Company	58 Lantern Street, Ravenwood Park, CA, Lubbock	USA
S1-005483	Northgate Logistics Company	156 Sunstone Dr, Austin, AL	USA
S1-005484	Kestrel Consultancy Limited Liability Company	376 Goldleaf St Thistle Park Lubbock OH 29803	United States
S1-005485	Brightpath Packaging Corporation	Northgate Park, Lubbock, IL, 366 Bluepeak Dr	United States
S1-005486	Vertex Motors Private Limited	176 Ravenwood Mn, Jaipur, Gujarat, 754146	India
S1-005487	Summit Consultancy Company	344 Apex Dr, Vertex Park, Tacoma	USA
S1-005488	Meridian Packaging Private Limited	393 Brightpath Crs, Sunstone Nagar, Indore, Rajasthan, 295817	IN
S1-005489	Falcon Electricals Limited Liability Company	265 Thistle Avenue, Maplecrest Park, OH, 36463, Fresno	US
S1-005490	Clearwater Systems Corporation	Behind the Civic Center, 253 Harbor Dr, Orchid Park, Lubbock, TX, 97474	USA
S1-005491	Falcon Packaging Corporation	67 Vertex Dr, Sunstone Park, Lubbock, 32220	USA
S1-005492	Sunstone Systems Private Limited	258 Juniper Road, Thistle Nagar, Pune	India
S1-005493	Stonebridge Cobalt Motors Incorporated	374 Harbor Street, Orchid Park, Tacoma, TX, 34729	US
S1-005494	Orchid Industries Corporation	Opp. City Library, 2 Silverline Road, Stonebridge Park, Fresno, 23356	USA
S1-005495	Lantern Industries Limited	391 Northgate Main, Near SBI ATM, Quarry Nagar, Indore, 895988	IN
S1-005496	Northgate Trading Limited	153 Quarry Crs, Surat, Rajasthan, 320987	IN
S1-005497	Juniper Falcon Consultancy Private Limited	100 Redwood Mn, Maplecrest Nagar, Pune, 727077	IN
S1-005498	Juniper Harbor Services Corporation	349 Sunstone St, Juniper Park, Mobile, IL, 37114	United States
S1-005499	Summit Northgate Systems Private Limited	399 Cobalt Marg, Redwood Nagar, Indore, MP	IN
S1-005500	Juniper Ravenwood Consultancy Corporation	236 Kestrel Boulevard, Onyx Park, Near Exit 14, Austin, CA, 17352	US
S1-005501	Brightpath Logistics Limited Liability Company	22/70 Lantern Dr, Apex Park, Ausstin, AL	US
S1-005502	Onyx Fabrics Limited	322 Goldleaf Streeet Bluepeak Nagar Pune 356328	India
S1-005503	Thistle Motors Company	8 Onyx Blvd, Fresno, 85003	USA
S1-005504	Ravenwood Orchid Chemicals Company	361 Sunstone Avenue, Akron	US
S1-005505	Ironwood Fabrics Company	6 Redwood Street, ThistlePark, Austin, 30516	US
S1-005506	Sunstone Consultancy Private Limited	64 Sunstone Road, Maplecrest Nagar, Near SBI ATM, Indore	India
S1-005507	Lantern Solutions Private Limited	322 Thistle Road, Redwood Nagar, Nagpur, 118143	India
S1-005508	Maplecrest Enterprises Limited	91 Vertex Main, Sunstone Nagar, Coimbatore, Rajasthan, 871415	IN
S1-005509	Summit Textiles Company	324 Brightpath Dr, Vertex Park, Fresno, WA	US
S1-005510	Lantern Falcon Motors Private Limited	11/58 Falcon Rd Apex Nagar Surat MP 826227	IN
S1-005511	Quarry Silverline Trading Incorporated	334 Quarry St, Ravenwood Park, Tacoma, 63476	United States
S1-005512	Brightpath Industries Private Limited	77 Quarry Mn, Coimbatore, MP, 374342	IN
S1-005513	Ravenwood Services Incorporated	225 Maplecrest Avenue, Behind the Civic Center, Peoria	United States
S1-005514	Harbor Foods Incorporated	255 Goldleaf Boulevard, Clearwater Park, Tacoma, OH, 36341	USA
S1-005515	Harbor Industries Limited	Near SBI ATM, 202 Apex Marg, Juniper Nagar, Surat, Gujarat	IN
S1-005516	Vertex Electricals Corporation	118 Clearwater Blvd Thistle Park Akron	USA
S1-005517	Onyx Quarry Packaging Limited Liability Company	36 Apex Dr, Bluepeak Park, uLbbock, 24412	US
S1-005518	Goldleaf Trading Limited Liability Company	164 Cobalt Dr, Opp. City Library, Mobile, 93740	US
S1-005519	Quarry Electricals Company	379 Vertex Ave Ravenwood Park Near Exit 14 Mobile 76017	United States
S1-005520	Ravenwood Redwood Solutions Corporation	290 Juniper Ave, Austin	United States
S1-005521	Bluepeak Harbor Electricals Private Limited	216 Summit Road Surat Rajasthan 346321	IN
S1-005522	Bluepeak Foods Corporation	Near Exit 14, 302 Maplecrest Road, Mobile, TX	United States
S1-005523	Ravenwood Onyx Solutions Corporation	153 Quarry Boulevard Harbor Park Akron 46084	USA
S1-005524	Goldleaf Consultancy Private Limited	Near SBI ATM, 12 Thistle Rd, Falcon Nagar, Surat, Maharashtra, 876816	IN
S1-005525	Kestrel Quarry Fabrics Limited Liability Company	55 Falcon Drive, Onyx Park, Austin, IL, 30104	United States
S1-005526	Ironwood Electricals Incorporated	350 Ravenwood Road Onyx Park Fresno 53587	United States
S1-005527	Northgate Industries Private Limited	323 Orchid Rd, Jaipur	India
S1-005528	Brightpath Electricals Corporation	71 Sunstone Boulevard Cobalt Park Lubbock IL 67299	United States
S1-005529	Orchid Stonebridge Solutions Company	Behind the Civic Center 392 Ravenwood Road Kestrel Park Akron	US
S1-005530	Clearwater Solutions Private Limited	140 Lantern Road Kochi Maharashtra 859772	IN
S1-005531	Cobalt Orchid Foods Limited	245 Quarry Street, Kochi, 361501	IN
S1-005532	Brightpath Packaging Limited	345 Clearwater Marg, Pune	IN
S1-005533	Quarry Ironwood Industries Private Limited	145 Sunstonne St, Onyx Nagar, Coimbatore, Tamil Nadu	India
S1-005534	Maplecrest Foods Limited Liability Company	Behind the Civic Center 52 Falcon R dKestrel Park Peoria 34639 IL	USA
S1-005535	Redwood Kestrel Foods Incorporated	17 Harbor Dr, Clearwater Park, Lubbock, AL, 44688	US
S1-005536	Apex Foods Private Limited	55 Onyx Crs, Kestrel Nagar, Jaipur, Maharashtra, 774948	IN
S1-005537	Kestrel Logistics Limited	88 Summit St, Kochi, Rajasthan, 24826	India
S1-005538	Clearwater Packaging Company	Opp. City Library 180 Thistle St Lantern Park Mobile TX 37534	United States
S1-005539	Redwood Systems Limited Liability Company	39/82 Redwood Rd, Sunstone Park, Peoria, TX, 99719	US
S1-005540	Orchid Orchid Services Incorporated	74 Juniper Drive, Northgate Park, Mobile, 877991	US
S1-005541	Ironwood Enterprises Incorporated	389 Lantern Drive, Austin, OH	USA
S1-005542	Apex Motors Private Limited	271 Sunstone Crs, Jaipur, Gujarat, 366894	India
S1-005543	Ravenwood Logistics Limited	351 Goldleaf Cross, Ironwood Nagar, Surat, Rajasthan	India
S1-005544	Quarry Systems Private Limited	Behind Ganesh Temple, 201 Redwood Cross, Indore, Maharashtra, 375205	IN
S1-005545	Cobalt Services Incorporated	19 Clearwater Avenue Ravenwood Park Mobile 12563	US
S1-005546	Apex Industries Private Limited	218 Onyx Marg, Kestrel Nagar, Pune, Maharashtra, 659036	India
S1-005547	Silverline Consultancy Private Limited	194 Clearwater Crs Near Metro Pillar 42 Pune 204088 Sunstone Nagar	IN
S1-005548	Sunstone Foods Company	293 Maplecrest St, Redwood Park, Nera Exit 14, Fresno, 54402	US
S1-005549	Sunstone Electricals Private Limited	327 Lantern Cross, Sunstone Nagar, Coimbatore, Gujarat, 224393	IN
S1-005550	Brightpath Fabrics Private Limited	101 Clearwater St, Opp. Bus Depot, Maplecrest Nagar, Surat	India
S1-005551	Silverline Electricals Limited	399 Northgate Rd, Silverline Nagar, Coimbatore, Gujarat, 420514	India
S1-005552	Falcon Fabrics Corporation	103 Silverline Rd, Maplecrest Park, Peoria, IL, 33858	US
S1-005553	Thistle Services Corporation	399 Vertex St, Stonebridge Park, Peoria, 37432	US
S1-005554	Ironwood Motors Incorporated	359 Silverline Boulevard, Auustin, OH, 78282	United States
S1-005555	Harbor Northgate Logistics Private Limited	287 Northgate Mn Falcon Nagar Indore Kerala 960460	IN
S1-005556	Lantern Fabrics Company	343 Brightpath Boulevard, Harbor Park, Fresno	USA
S1-005557	Redwood Textiles Corporation	395 Lantern Drive Northgate Park Akron AL	US
S1-005558	Vertex Motors Company	269 Ravenwood Road, Summit Park, Peoria, AL	US
S1-005559	Lantern Industries Limited	356 Vertex Rd, Falcon Nagar, Nagpur, Maharashtra, 910388	India
S1-005560	Juniper Logistics Company	34 Bluepeak Boulevard, Onyx Park, Peoria, TX, 86320	United States
S1-005561	Thistle Enterprises Private Limited	222 Falcon Street Apex Nagar Surat	IN
S1-005562	Maplecrest Enterprises Incorporated	168 Clearwater Street, Maplecrest Park, Fresno	US
S1-005563	Meridian Trading Incorporated	271 Redwood Blvd, Opp. City Library, Kestrel Park, Peoriaa, 84551	USA
S1-005564	Brightpath Foods Limited	100 Harbor Crs, Sunstone Nagar, Nagpur, Gujarat, 617003	India
S1-005565	Sunstone Fabrics Incorporated	Opp. City Library 302 Ravenwood Dr Stonebridge Park Akron 37496	USA
S1-005566	Clearwater Vertex Services Corporation	124 Harbor Road, Juniper Park, Tacoma, 14409	United States
S1-005567	Bluepeak Bluepeak Fabrics Limited	272 Redwood Marg, Stonebridge Nagar, Behind Ganesh Temple, Coimbatore	India
S1-005568	Meridian Sunstone Fabrics Limited Liability Company	83 Kestrel St, Lantern Park, Akron, 41409	USA
S1-005569	Thistle Harbor Foods Private Limited	159 Sunstone Marg Lantern Nagar Surat	IN
S1-005570	Sunstone Juniper Industries Private Limited	338 Thistle Marg, Apex Nagar, Behind Ganesh Temple, Pune, Tamil Nadu	India
S1-005571	Brightpath Services Private Limited	82 Sunstone Main, Lantern Nagar, Coimbatore, 939372	India
S1-005572	Bluepeak Trading Private Limited	222 Clearwater Marg Brightpath Nagar Kochi 483376	IN
S1-005573	Ironwood Summit Packaging Incorporated	280 Maaplecrest Avenue, Orchid Park, Tacoma, WA, 28373	United States
S1-005574	Goldleaf Electricals Private Limited	42 Harbor Crs, Jaipur, 273922	India
S1-005575	Harbor Kestrel Services Company	29 Silverline Boulevard, Fresno, CA, 65047	USA
S1-005576	Ironwood Sunstone Industries Incorporated	324 Vertex Ave, Bluepeak Park, Akron, TX	United States
S1-005577	Brightpath Kestrel Industries Company	246 Stonebridge Rd Near Exit 14 Tacoma TX 15906	United States
S1-005578	Thistle Industries Private Limited	342 Harbor Marg, Harbor Nagar, Near Metro Pillar 42, Nagpur, Kerala, 987597	India
S1-005579	Goldleaf Bluepeak Logistics Limited	118 Summit Cross, Orchid Nagar, Pune, Rajasthan, 328702	IN
S1-005580	Redwood Fabrics Incorporated	39/87 Bluepeak Drive, Golddleaf Park, Lubbock, 26591	USA
S1-005581	Harbor Trading Limited	293 Brightpath St, Harbor Nagar, Coimbatore	India
S1-005582	Maplecrest Meridian Services Private Limited	352 Goldleaf Street, Indore, 497155	IN
S1-005583	Lantern Orchid Electricals Limited	383 Summit Main, Silverline Nagar, Kochi, 579716	India
S1-005584	Cobalt Chemicals Limited	331 Silverline St, Harbor Nagar, Indore, Maharashtra, 577136	IN
S1-005585	Ravenwood Solutions Private Limited	249 Silverline St, Nagpur, Maharashtra	India
S1-005586	Maplecrest Systems Incorporated	57 Lantern Boulevard Falcon Park Akron OH	United States
S1-005587	Ironwood Consultancy Corporation	176 Onyx Boulevard, Akron, 95314	United States
S1-005588	Ironwood Packaging Incorporated	323 Harbor Blvd, Quarry Park, Austin, WA, 68948	US
S1-005589	Vertex Systems Private Limited	13/85 Brightpath Marg, Opp.  Bus Depot, Goldleaf Nagar, Coimbatore	India
S1-005590	Summit Chemicals Limited	52 Meridian Cross, Nagpur, Kerala, 974725	India
S1-005591	Kestrel Logistics Limited Liability Company	226 Silverline Drive, Ironwood Park, Austin, TX, 38437	USA
S1-005592	Kestrel Logistics Incorporated	48 Ravenwood Ave, Ironwood Park, Mobile, 64465	USA
S1-005593	Bluepeak Ironwood Logistics Private Limited	74 Ironwood Crs, Kestrel Nagar, Kochi, 316622	IN
S1-005594	Juniper Vertex Trading Private Limited	172 Harbor Main, Clearwater Nagar, Nagpur, Gujarat, 867969	India
S1-005595	Apex Trading Company	260 Maplecrest Rd Akron 18276 Silverline Park	US
S1-005596	Orchid Packaging Limited	271 Bluepeak Marg, Juniper Nagar, oCimbatore, Tamil Nadu, 502032	IN
S1-005597	Goldleaf Lantern Systems Private Limited	126 Harbor Main, Maplecrest Nagar, Nagpur	IN
S1-005598	Maplecrest Solutions Incorporated	140 Falcon Avenue Apex Park Near Exit 14 Tacoma WA	US
S1-005599	Sunstone Motors Private Limited	107 Harbor St, Onyx Nagar, Nagpur, MP, 638867	India
S1-005600	Falcon Systems Limited Liability Company	396 Brightpath Ave, Fresno, IL	USA
S1-005601	Harbor Solutions Limited	212 Ravenwood Marg, Coimbatore, MP	IN
S1-005602	Cobalt Motors Company	55 Brightpath Drive Brightpath Park Tacoma CA 66406	USA
S1-005603	Redwood Systems Private Limited	160 Ironwood Street, Quarry Nagar, Jaipur, Gujarat, 656640	India
S1-005604	Onyx Solutions Incorporated	63 Ironwood Blvd, Juniper Park, Tacoma, IL, 23685	US
S1-005605	Cobalt Logistics Corporation	349 Onyx Blvd, Onyx Park, Behind the Civic Center, Peoria, TX, 93587	US
S1-005606	Vertex Brightpath Industries Company	86 Coblt Road, Falcon Park, Peoria, CA	United States
S1-005607	Vertex Textiles Incorporated	94 Ravenwood St, Tacoma, OH	United States
S1-005608	Brightpath Industries Private Limited	26 Clearwater Cross Apex Nagar Pune Rajasthan 197832	India
S1-005609	Vertex Foods Private Limited	171 Harbor Main Onyx Nagar Jaipur Gujarat 358151	IN
S1-005610	Falcon Enterprises Corporation	387 Goldleaf Boulevard, Clearwater Park, Akron	United States
S1-005611	Thistle Foods Private Limited	79 Brightpath Marg, Coimbatore	India
S1-005612	Juniper Trading Limited	Near Metro Pillar 42, 225 Sunstone Cross, Pune, Maharashtra	India
S1-005613	Kestrel Stonebridge Fabrics Company	162 Stonebridge Ave, AL, 38850, Lubbock	United States
S1-005614	Falcon Enterprises Corporation	133 Summit Blvd, Peoria	USA
S1-005615	Onyx Thistle Foods Corporation	Behind the Civic Center, 124 Redwood Avenue, Lantern Park, Akron	US
S1-005616	Silverline Silverline Consultancy Company	107I ronwood Road, Kestrel Park, Tacoma, CA	USA
S1-005617	Apex Redwood Services Company	83 Falcon Ave, Ironwood Park, Tacoma, IL, 48576	USA
S1-005618	Summit Packaging Private Limited	125 Vertex Mn, Ngapur, Tamil Nadu, 644567	IN
S1-005619	Falcon Sunstone Industries Limited Liability Company	275 Bluepeak Street, Vertex Park, Mobile, 25480	US
S1-005620	Quarry Systems Limited	178 Redwood Street, Northgate Nagar, Kochi, Gujarat, 484311	IN
S1-005621	Lantern Brightpath Packaging Private Limited	123 Bluepeak Street, Meridian Nagar, Kochi	IN
S1-005622	Silverline Foods Company	140 Vertex Rd, Maplecrest Park, Tacoma, AL, 70976	US
S1-005623	Ravenwood Orchid Fabrics Company	393 Redwood Street, Mobile	USA
S1-005624	Northgate Foods Private Limited	8/63 Orchid Main Behind Ganesh Temple Kestrel Nagar Pune 706082	IN
S1-005625	Clearwater Meridian Motors Incorporated	Near Exit 14 234 Falcon Road Apex Park Fresno CA 35344	US
S1-005626	Meridian Chemicals Corporation	33 Kestrel Boulevard, Thistle Park, Lubbock, WA, 98585	United States
S1-005627	Bluepeak Fabrics Private Limited	5/72 Onyx Rd Goldleaf Nagar Nagpur 764949	India
S1-005628	Thistle Harbor Motors Private Limited	214 Apex Rd, Redwood Nagar, Kochi, Gujarat	IN
S1-005629	Orchid Consultancy Private Limited	341 Juniper Road, Kochi, Rajasthan, 575355	India
S1-005630	Thistle Thistle Packaging Private Limited	Opp. Bus Depot, 302 Vertex Crs, Indore, Maharashtra, 626526	India
S1-005631	Quarry Enterprises Private Limited	35//43 Goldleaf St, Kochi, Gujarat	India
S1-005632	Thistle Foods Limited Liability Company	95 Silverline Street, Goldleaf Park, Fresno, 92388	United States
S1-005633	Juniper Packaging Limited Liability Company	314 Silverline Blvd, Peoria, WA	USA
S1-005634	Apex Textiles Company	366 GoldleafBlvd Opp. City Library Tacoma	United States
S1-005635	Sunstone Consultancy Limited Liability Company	351 Orchid Boulevard Austin	United States
S1-005636	Onyx Industries Private Limited	45 Summit Marg, Vertex Nagar, Opp. Bus Depot, Pune, Tamil Nadu, 897387	India
S1-005637	Redwood Motors Private Limited	128 Quarry Road, Behind Ganesh Temple, Jaipur, Kerala	IN
S1-005638	Sunstone Trading Corporation	164 Ravenwood Road, Peoria, 33185	US
S1-005639	Silverline Stonebridge Consultancy Corporation	113 Redwood Avenue, Fresno, WA, 12235	US
S1-005640	Bluepeak Logistics Incorporated	156 Vertex Ave, Behind the Civic Center, Harbor Park, Lubbock, TX	United States
S1-005641	Redwood Trading Incorporated	381 Kestrel Blvd, Goldleaf Park, IL, Fresno	USA
S1-005642	Redwood Motors Private Limited	Behind Ganesh Temple, 304 Clearwater Mn, Kestrel Nagar, Pune, 874258	India
S1-005643	Kestrel Chemicals Limited	120 Silverline Road, Ravenwood Nagar, Kochi, Tamil Nadu, 491045	IN
S1-005644	Meridian Trading Limited	253 Lantern Rd, Nagpur, Rajsathan	India
S1-005645	Onyx Textiles Private Limited	236 Quarry Marg, Ravenwood Nagar, 946028, Coimbatore	India
S1-005646	Lantern Foods Limited	185 Kestrel St, Surat, Gujarat, 251693	IN
S1-005647	Maplecrest Vertex Enterprises Limited	394 Bluepeak Marg, Brightpath Nagar, Kochi, Gujarat, 456089	IN
S1-005648	Onyx Logistics Company	285 Goldleaf Ave, Falcon Park, Tacoma, 85633	USA
S1-005649	Goldleaf Industries Private Limited	Near SBI ATM,  398 Brightpath Crs, Coimbatore	IN
S1-005650	Juniper Silverline Foods Private Limited	241 Orchid Cross, Ironwood Nagar, Indore, Tamil Nadu, 405744	IN
S1-005651	Clearwater Trading Private Limited	170 Bluepeak Street Maplecrest Nagar Kochi Rajasthan 145447	India
S1-005652	Orchid Fabrics Corporation	152 Lantern Street, Behind the Civic Center, Ravenwood Park, Tacoma, AL	US
S1-005653	Quarry Enterprises Private Limited	122 Juniper Rd Near Metro Pillar 42 Jaipur 645487	IN
S1-005654	Thistle Enterprises Private Limited	220 Falcon Marg, Coimbatore	IN
S1-005655	Apex Silverline Chemicals Limited	13 Apex St, Nagpur, 771783	IN
S1-005656	Redwood Fabrics Private Limited	73 Falcon Street, Coimbatore, Tamil Nadu, 101759	IN
S1-005657	Ravenwood Trading Limited Liability Company	41 Maplecrest Road, Redwood Park, Tacoma, 46413	US
S1-005658	Sunstone Falcon Enterprises Incorporated	17/58 Maplecrest Road Mobile 56419	US
S1-005659	Orchid Industries Private Limited	220 Juniper Rd Brightpath Nagar Behind Ganesh Temple Nagpur Maharashtra 484726	IN
S1-005660	Stonebridge Textiles Private Limited	208 Apex Rdd, Meridian Nagar, Pune, 122609	IN
S1-005661	Goldleaf Packaging Incorporated	170 Cobalt Ave, Behind the Civic Center, Thistle Park, Austin, AL, 32913	US
S1-005662	Orchid Bluepeak Consultancy Incorporated	225 Onyx Road Summit Park Tacoma 21390	USA
S1-005663	Maplecrest Harbor Logistics Private Limited	222 Harbor Street, Coimbatore, Kerala, 408495	IN
S1-005664	Stonebridge Industries Limited Liability Company	147 Silverline St, Lantern Park, Peoria, AL, 19709	United States
S1-005665	Cobalt Systems Limited Liability Company	355 Harbor Dr, Orchid Park, Tacomaa, AL	US
S1-005666	Summit Solutions Private Limited	208 Apex Main, Goldleaf Nagar, Pune, Maharashtra	India
S1-005667	Maplecrest Systems Private Limited	266 Goldleaf Road, Clearwater Nagar, Nagpur, Gujarat, 104447	India
S1-005668	Vertex Motors Company	9/26 Vertex Street, Lantern Park, Peoria	United States
S1-005669	Cobalt Foods Private Limited	277 Juniper Street, Ironwood Nagar, Surat, Maharashtra, 991045	India
S1-005670	Harbor Trading Limited Liability Company	325 Quarry Rd, Near Exit 14, Northgate Park, Peoria, 48301	United States
S1-005671	Falcon Orchid Chemicals Incorporated	351 Ravenwood Dr, Near Exit 14, Mobile, 95252	US
S1-005672	Ironwood Packaging Company	3/1 Vertex Road, Apex Park, Tacoma, AL	United States
S1-005673	Quarry Harbor Logistics Private Limited	26 Ironwood St, Kestrel Nagar, Coimbatore, 678150	IN
S1-005674	Summit Electricals Private Limited	Opp. Bus Depot, 193 Harbor Main, Falcon Nagar, Jaipur, Gujarat	India
S1-005675	Ironwood Summit Enterprises Company	312 Cobalt Dr Akron OH 34084	US
S1-005676	Ironwood Chemicals Limited Liability Company	393 Kestrel Dr, Northgate Park, Tacoma, TX, 83513	United States
S1-005677	Orchid Cobalt Systems Limited	96 Ravennwood Road, Surat, 357962	India
S1-005678	Sunstone Onyx Systems Private Limited	14/18 Orchid Street, Harbor Nagar, Coimbatore, 747736	India
S1-005679	Vertex Services Private Limited	160 Bluepeak Crs, Quarry Nagar, Nagpur, 127167, MP	India
S1-005680	Harbor Sunstone Industries Limited Liability Company	388 Summit Blvd Kestrel Park Opp. City Library Lubbock 84406	United States
S1-005681	Meridian Trading Private Limited	316 Goldleaf Marg, Jaipur, MP	IN
S1-005682	Harbor Packaging Corporation	228 Brightpath Boulevard, Tacoma, 93218	United States
S1-005683	Orchid Services Private Limited	40 Stonebridge Main, Vertex Nagar, Jaipur, MP, 493562	IN
S1-005684	Summit Enterprises Incorporated	187 Summit Blvd, Tacoma, WA	US
S1-005685	Maplecrest Systems Private Limited	55 Apex St, Jaipur, Maharashtra, 795440	IN
S1-005686	Sunstone Foods Limited	4 Goldleaf Street Near SBI ATM Nagpur Gujarat 376330	India
S1-005687	Lantern Cobalt Textiles Incorporated	203 Ravenwood Boulevard, Mobile, 64221	USA
S1-005688	Falcon Thistle Foods Limited	Maplecrest Nagar Coimbatore 71 Ravenwood Crs	IN
S1-005689	Bluepeak Fabrics Limited	58 Apex rCoss, Coimbatore, 998394	India
S1-005690	Goldleaf Ravenwood Services Limited	260 Kestrel Street, Cobalt Nagar, Jaipur, MP, 935074	India
S1-005691	Stonebridge Motors Limited Liability Company	339 Ironwood Blvd, Ironwood Park, Tacoma	US
S1-005692	Sunstone Textiles Company	218 Sunstone St, Stonebridge Park, Peoria, TX, 66614	US
S1-005693	Onyx Brightpath Foods Private Limited	Near SBI ATM, 28/84 Goldleaf Main, Sunstone Nagar, Pune, Gujarat, 237164	IN
S1-005694	Redwood Fabrics Private Limited	134 Bluepeak Marg, Thistle Nagar, Jaipur	IN
S1-005695	Vertex Consultancy Limited	85 Meridian Marg, Sunstone Nagar, Indore, Kerala, 400656	India
S1-005696	Maplecrest Chemicals Private Limited	348 Lantern Mn Lantern Nagar Coimbatore 717818	India
S1-005697	Thistle Vertex Systems Corporation	27 Kestrel Avenu, Harbor Park, Akron, AL	US
S1-005698	Falcon Solutions Private Limited	124 Ravenwood Marg, Bluepeak Nagar, Pune, Rajashan, 679608	IN
S1-005699	Falcon Electricals Private Limited	322 Brightpath Crs, Ravenwood Nagar, Kochi	India
S1-005700	Silverline Trading Incorporated	37/2 Thistle Road, Onyx Park, Fresno	US
S1-005701	Cobalt Systems Private Limited	309 Goldleaf St, Coimbatore, 212255	India
S1-005702	Clearwater Packaging Private Limited	53 Bluepeak Main, Orchid Nagar, Pune, Rajasthan, 792543	IN
S1-005703	Thistle Services Corporation	301 Northgate Drive, Thistle Park, Lubbock, TX, 23762	USA
S1-005704	Ravenwood Electricals Company	Redwood Park, Peoria, 21346, 356 Meridian St	US
S1-005705	Ironwood Northgate Enterprises Incorporated	208 Vertex St, Cobalt Park, Fresno, WA, 29794	United States
S1-005706	Falcon Packaging Private Limited	110 Orcchid Rd, Apex Nagar, Nagpur, Gujarat, 632950	India
S1-005707	Stonebridge Fabrics Corporation	298 Silverline Drive, Quarry Park, Behind th Civic Center, Tacoma, WA	US
S1-005708	Sunstone Onyx Chemicals Private Limited	41 Silverline Street Clearwater Ngar Surat Rajasthan	India
S1-005709	Falcon Services Private Limited	155 Orchid Street, Ironwood Nagar, Indore, Kerala	India
S1-005710	Silverline Foods Company	192 Meridian Road, Peoria, IL	US
S1-005711	Clearwater Stonebridge Services Private Limited	Near Metro Pillar 42, 53 Goldleaf Main, Ravenwood Nagar, Indore	India
S1-005712	Ravenwood Logistics Private Limited	88 Juniper Cross Sunstone Nagar Nagpur 655793	IN
S1-005713	Onyx Textiles Corporation	130 Maplecrest Avenue, Akron, AL, 20696	United States
S1-005714	Stonebridge Logistics Private Limited	9 Goldleaf St Orchid Nagar Surat	IN
S1-005715	Ravenwood Sunstone Systems Incorporated	352 Silverline St, Fresno	US
S1-005716	Ravenwood Harbor Chemicals Limited	132 Vertex Marg, Clearwater Nagar, Surat, Kerala, 879248	IN
S1-005717	Onyx Consultancy Incorporated	83 Vertex Blvd, Tacoma,W A	United States
S1-005718	Orchid Industries Incorporated	262 Juniper Avenue, Lubbock, IL, 83414	US
S1-005719	Summit Enterprises Corporation	16/16 Maplecrest Road, Cobalt Park, Austin, IL, 37337	United States
S1-005720	Falcon Motors Corporation	107 Thistle Dr, Ironwood Park, Fresno, AL, 22597	US
S1-005721	Juniper Enterprises Corporation	144 Clearwater Drive, Summit Park, Lubbock, 44057	USA
S1-005722	Northgate Electricals Corporation	2996 Falcon Street, Orchid Park, Tacoma, CA, 23165	US
S1-005723	Silverline Services Corporation	287 Onyx Blvd, Cobalt Park, Fresno, OH, 26852	US
S1-005724	Orchid Industries Company	190 Silverline Drive, Behind the Civic Center, 47905, Lubbock	United States
S1-005725	Onyx Quarry Motors Limited	254 Juniper Road, Opp. Bus Depot, Quarry Nagar, Indore, 842172	IN
S1-005726	Kestrel Silverline Electricals Limited	29 Sunstone Main, Kochi, MP, 476992	India
S1-005727	Clearwater Foods Company	30 Maplecrest St, Apex Park, Austin, WA, 23183	US
S1-005728	Falcon Logistics Incorporated	67 Sunstone St, Redwood Park, Lubbock, TX, 10526	United States
S1-005729	Orchid Trading Private Limited	310 Lantern Marg, Goldleaf Nagar, Pune, Gujarat, 507366	IN
S1-005730	Cobalt Consultancy Incorporated	242 Meridian Blvd Stonebridge Park Mobile 87165	USA
S1-005731	Silverline Packaging Limited Liability Company	124 Juniper Boulevard Ravenwood Park Austin CA	USA
S1-005732	Orchid Falcon Fabrics Corporation	297 Apex Dr, Bluepeak Park, Mobile, IL	USA
S1-005733	Meridian Systems Corporation	Juniper Park, Akron, 274 Harbor St	United States
S1-005734	Redwood Summit Systems Incorporated	178 Harbor Dr, Behind the Civic Center, Peoria, WA, 14355, Silverline Park	USA
S1-005735	Falcon Systems Limited Liability Company	264 Meridian Road, Peoria	United States
S1-005736	Summit Packaging Limited	9 Falcon Crs, Stonebridge Nagar, Pune, Kerala, 164815	IN
S1-005737	Falcon Systems Private Limited	5/51 Meridian Mn, Quarry Nagar, Nagpur, Gujarat, 295240	India
S1-005738	Apex Foods Private Limited	206 Ravenwood Crs Lantern Nagar Pune 483655	India
S1-005739	Brightpath Clearwater Motors Company	336 Harbor Avenue Ravenwood Park Opp. City Library Mobile AL 48861	US
S1-005740	Onyx Motors Private Limited	386 Stonebridge Rd, Pune, 327504	IN
S1-005741	Bluepeak Motors Incorporated	382 Quarry Road Ravenwood Park Lubbock 94928	United States
S1-005742	Harbor Systems Limited	55 Harbor Crs, Coimbatore Tamil Nadu, 572280	India
S1-005743	Thistle Systems Private Limited	74 Cobalt Crs, Juniper Nagar, Jaipur	IN
S1-005744	Stonebridge Lantern Packaging Private Limited	198 Quarry Crs, Bluepeak Nagar, Surat, Kerala, 343926	India
S1-005745	Bluepeak Systems Private Limited	33 Maplecrest Marg, Thistle Nagar, Pune, MP, 466394	IN
S1-005746	Maplecrest Redwood Industries Company	Behind the Civic Center, 27 Silverline Ave, Fresno	USA
S1-005747	Apex Trading Corporation	351 Quarry Boulevard Clearwater Park Lubbock IL 66757	US
S1-005748	Apex Brightpath Textiles Private Limited	200 Meridian Cross, Near Metro Pillar 42, Jaipur, Gujarat, 230638	India
S1-005749	Meridian Ravenwood Motors Corporation	Near Exit 14, 331 Juniper Drive, Juniper Park, Tacoma, 17707	United States
S1-005750	Northgate Consultancy Limited Liability Company	243 Apex Street Peoria9 5624	USA
S1-005751	Kestrel Textiles Corporation	376 Vertex Avenue, Meridian Park, Peoria, AL, 45976	US
S1-005752	Vertex Motors Private Limited	32/56 Lantern Road, Kestrel Nagar, Nagpur	India
S1-005753	Vertex Ravenwood Packaging Private Limited	8/5 Lantern Marg, Lantern Nagar, Indore, MP, 07672	India
S1-005754	Ironwood Chemicals Corporation	129 Cobalt Dr, Goldleaf Park, Austin, IL, 10313	US
S1-005755	Silverline Electricals Company	259 Bluepeak Ave, Mobile, L, 46473	US
S1-005756	Lantern Quarry Enterprises Limited	15/54 Brightpath Street, Quarry Nagar, Pune, Maharashtra, 902801	India
S1-005757	Orchid Summit Packaging Corporation	Near Exit 14, 139 Goldleaf Blvd, Fresno, AL, 70397	United States
S1-005758	Vertex Industries Private Limited	32/36 Sunstone Main Coimbatore Kerala 921926	IN
S1-005759	Stonebridge Trading Limited Liability Company	365 Falcon Rd, Cobalt Park,P eoria, IL	US
S1-005760	Juniper Electricals Incorporated	213 Stonebridge Avenue, Orchid Park, Lubbock, CA	USA
S1-005761	Juniper Thistle Fabrics Company	308 Silverline Dr Lantern Park Austin 60207	United States
S1-005762	Ravenwood Industries Limited Liability Company	158 Falcon Road, Summit Park, Lubbock, IL, 12231	USA
S1-005763	Northgate Industries Limited Liability Company	109 Silverline Drive, Sunstone Park, Mobile, CA, 11730	USA
S1-005764	Kestrel Trading Limited Liability Company	Opp. City Library, 141 Brightpath Drive, Austin, WA	US
S1-005765	Stonebridge Solutions Corporation	179 Ravenwood Road, Kestrel Park, Lubbock, 61805	US
S1-005766	Silverline Goldleaf Services Company	12 Thistle St Peoria AL 76005	US
S1-005767	Brightpath Foods Private Limited	82 Orchid Main, Coimbatore, 997035	India
S1-005768	Kestrel Foods Private Limited	11/75 Goldleaf Crs, Summit Nagar, Behind Ganesh Temple,Coimbatore	India
S1-005769	Stonebridge Textiles Limited	345 Stonebridge Street, Maplecrest Nagar, Kochi	India
S1-005770	Clearwater Solutions Private Limited	92 Onyx Road, Thistle Nagar, Indore, Tamil Nadu, 537758	IN
S1-005771	Quarry Fabrics Private Limited	Near SBI ATM, 31/21 Kestrel Crs, Kestrel Nagar, Coimbatore	IN
S1-005772	Lantern Orchid Motors Limited	210 Ravenwood St, Behind Ganesh Temple, Brightpath Nagar, Indore, 133028	India
S1-005773	Ravenwood Industries Limited	207 Redwood Mn, Ironwood Nagar, Jaipur, MP, 175289	India
S1-005774	Juniper Consultancy Limited	140 Silverline Cross, Kestrel Nagar, Pune	IN
S1-005775	Vertex Systems Incorporated	164 Summit Drive, Quarry Park, Fresno, IL, 97545	United States
S1-005776	Apex Systems Company	243 Juniper Boulevard Peoria OH 46172	USA
S1-005777	Summit Solutions Private Limited	247 Northgate Crs, Ravenwood Nagar, Behind Ganesh Temple, Nagpur, Tamil Nadu	IN
S1-005778	Thistle Services Private Limited	116 Juniper Marg, Near SBI ATM, Orchid Nagar, Pune, 735010	IN
S1-005779	Cobalt Packaging Private Limited	285 Meridian Cross Kocchi MP 177304 Cobalt Nagar	IN
S1-005780	Redwood Industries Company	31 Bluepeak Avenue, Golddleaf Park, Tacoma, CA, 71376	US
S1-005781	Redwood Consultancy Corporation	217 Goldleaf Street, Kestrel Park, Lubbock, 75190	United States
S1-005782	Harbor Electricals Private Limited	27/59 Stonebridge Crs, Nagpur, 926056	IN
S1-005783	Ravenwood Fabrics Corporation	127 Ironwood Drive, Silverline Park, Austin, 63190	United States
S1-005784	Orchid Services Limited Liability Company	136 Redwood Dr, Juniper Park, Tacoma, 81606	USA
S1-005785	Summit Motors Private Limited	390 Quarry Marg, Northgate Nagar, Opp. Bus Depot, Jaipur, 165340	India
S1-005786	Cobalt Juniper Foods Limited	70 Clearwater St, Surat, Gujarat	India
S1-005787	Vertex Maplecrest Enterprises Private Limited	33 Orchid Cross Brightpath Nagar Indore Kerala	India
S1-005788	Harbor Textiles Incorporated	Behind the Civic Center, 99 Goldleaf Street, Tacoma, AL, 76519	USA
S1-005789	Sunstone Industries Corporation	9/86 Juniper Ave, Clearwater Park, Fresno, 13835	USA
S1-005790	Lantern Vertex Systems Private Limited	191 Lantern Marg, Silverline Nagar, Coimbatore, 999677	IN
S1-005791	Ironwood Enterprises Incorporated	230 Clearwater Dr, Lubbock, HO, 54677	USA
S1-005792	Silverline Enterprises Corporation	390 Thistle Dr, Meridian Park, Fresno, 84453	United States
S1-005793	Cobalt Logistics Incorporated	39 Suummit Boulevard, Harbor Park, Peoria, TX, 51781	US
S1-005794	Northgate Harbor Fabrics Limited Liability Company	36/65 Silverline Rd, Northgate Park, Peoria, IL	United States
S1-005795	Sunstone Sunstone Foods Incorporated	12 Falcon Avenue, Cobalt Park, Tacoma, AL, 43911	USA
S1-005796	Silverline Meridian Consultancy Company	Near Exit 14, 144 Maplecrest Road, Maplecrest Park, Akron, AL, 68722	United States
S1-005797	Sunstone Solutions Limited Liability Company	9 Orchid Rd, Summit Park, Lubbock, CA	US
S1-005798	Bluepeak Chemicals Private Limited	Opp. Bus Depot, 288 Juniper Rd, Indore, Gujarat, 594226	India
S1-005799	Redwood Cobalt Logistics Limited	Near SBI ATM, 284 Ravenwood Marg, Kochi, 297951	India
S1-005800	Cobalt Solutions Incorporated	Summit Park, Austin, TX, 24537, 16/8 Clearwater Dr	US
S1-005801	Brightpath Trading Private Limited	13/43 Juniper Main, Falcon Nagar, Indore, Tamil Nadu, 922745	India
S1-005802	Ironwood Juniper Services Private Limited	174 Onyx Mn, Opp. Bus Depot, Thistle Nagar, Nagpur	IN
S1-005803	Juniper Motors Private Limited	228 Vertex Main, Maplecrest Nagar, Jaipur, 129169	IN
S1-005804	Apex Juniper Electricals Private Limited	2/48 Thistle Marg Cobalt Nagar, Nagpur, Tamil Nadu	IN
S1-005805	Quarry Packaging Limited	226 Brightpath Marg, Kochi, 358408	IN
S1-005806	Falcon Industries Corporation	Near Exit 14, 256 Harbor Avenue, Juniper Park, Tacoma, AL, 14438	US
S1-005807	Meridian Textiles Limited	Near SBI ATM, 234 Northgate Mn, Indore, Gujarat, 958898	IN
S1-005808	Silverline Chemicals Limited	133 Onyx St, Cobalt Nagar, Pune, 527298	India
S1-005809	Falcon Stonebridge Logistics Limited	108 Kestrel Crs, Kestrel Nagar, Nagpur, Gujarat, 846652	India
S1-005810	Orchid Quarry Trading Private Limited	249 Meridian Mar,g Falcon Nagar, Surat, Rajasthan, 488877	IN
S1-005811	Orchid Packaging Private Limited	34 Meridian Cross, Silverline Nagar, Nagpur, Rajasthan, 953810	India
S1-005812	Silverline Motors Private Limited	326 Thistle St, Harbor Nagar, Indore, Gujarat, 460716	India
S1-005813	Silverline Motors Limited Liability Company	7/68 Kestrel Drive, Silverline Park, Tacoma, 49770	United States
S1-005814	Clearwater Solutions Limited	357 Redwood Marg, Quarry Nagar, Pune, Gujarat	IN
S1-005815	Vertex Services Private Limited	121 Summit Marg, Silverline Nagar, Kochi, 632129	India
S1-005816	Ravenwood Redwood Electricals Private Limited	95 Onyx Street, Clearwater Nagar, Kochi, Kerala, 669781	India
S1-005817	Falcon Chemicals Corporation	184 Bluepeak Ave Silverline Park Tacoma OH 63823	United States
S1-005818	Juniper Thistle Electricals Company	67 Vertex Street, Brightpath Park, Fresn,o WA, 92723	United States
S1-005819	Clearwater Clearwater Logistics Limited Liability Company	283 Orrchid Street, Maplecrest Park, Austin, OH, 92704	USA
S1-005820	Quarry Consultancy Limited	15 Kestrel Mn, Vertex Nagar, Jaipur, 637049	IN
S1-005821	Meridian Systems Company	124 Redwood Boulevard, Redwood Park, Mobile, 13509	United States
S1-005822	Bluepeak Trading Company	95 Vertex Avenue, Ravenwood Park, Austin, WA, 62207	USA
S1-005823	Apex Textiles Incorporated	6/38 Kestrel Avenue, Goldleaf Park, Mobile	United States
S1-005824	Kestrel Systems Limited Liability Company	337 Maplecrset St Falcon Park Peoria 26975	USA
S1-005825	Ravenwood Solutions Limited	231 Ironwood Main, Indore, Maharashtra, 531988	IN
S1-005826	Falcon Cobalt Foods Private Limited	23/27 Stonebridge Mn, Quarry Nagar, Indore, 632281	IN
S1-005827	Juniper Consultancy Limited	Sunstone Nagar, Kochi, Tamil Nadu, 233 Thistle Street	IN
S1-005828	Meridian Solutions Limited	376 Clearwater Main, Coimbatore, Rajasthan	India
S1-005829	Sunstone Logistics Limited	40 Maplecrest Marg, Vertex Nagar, Pune, Tamil Nadu, 761843	IN
S1-005830	Apex Textiles Private Limited	37 Brightpath Mn, Meridian Nagar, Surat, 4420072	IN
S1-005831	Maplecrest Services Limited Liability Company	255 Cobalt Rd Sunstone Park Austin IL 49423	USA
S1-005832	Kestrel Lantern Chemicals Limited	83 Bluepeak Street, Clearwater Nagar, Surat, 667120	IN
S1-005833	Goldleaf Juniper Enterprises Limited	160 Stonebridge Mn, Surat, Maharashtra, 840395	India
S1-005834	Maplecrest Electricals Company	232 Brightpath Boulevard, Sunstone Park, Fresno, 22498	USA
S1-005835	Summit Foods Private Limited	283 Onyx Crs, Cobalt Nagar, Jaipur,MP, 794089	IN
S1-005836	Silverline Trading Limited	77 Summit Marg Kestrel Nagar Pune 188137	India
S1-005837	Summit Foods Company	Opp. City Library, 158 Quarry Road, Lubbock, AL, 50918	United States
S1-005838	Summit Trading Corporation	35 Summit Drive, Behid the Civic Center, Apex Park, Lubbock, WA	USA
S1-005839	Ironwood Trading Incorporated	Opp. City Library, 113 Maplecrest Dr, Bluepeak Park, Mobile, OH, 52777	United States
S1-005840	Silverline Logistics Private Limited	123 Cobalt Cross, Goldleaf Nagar, Nagpur	India
S1-005841	Sunstone Industries Incorporated	338 Redwood Drive, Behind the Civic Center, Austin	United States
S1-005842	Silverline Ironwood Logistics Private Limited	74 Vertex Cross, Clearwater Nagar, Maharashtra, 250104, Indore	India
S1-005843	Bluepeak Trading Limited	29/87 Kestrel Marg, Apex Nagar, Indore, Maharashtra, 555769	India
S1-005844	Orchid Ravenwood Enterprises Private Limited	65 Harbor Main Kestrel Nagar Pune MP 294110	IN
S1-005845	Lantern Systems Private Limited	40 Bluepeak Marg, Coimbatore, Rajasthan, 182258	IN
S1-005846	Summit Trading Private Limited	107 Cobalt Main Lantern Nagar Indore Tamil Nadu	India
S1-005847	Maplecrest Lantern Packaging Private Limited	384 Meridian Marg, Falcon Nagar, Opp. Bus Depot, Jaipur, Tamil Nadu	India
S1-005848	Ironwood Industries Limited Liability Company	282 Silverline St, Ironwood Park, 16372, Akron	USA
S1-005849	Silverline Packaging Company	176 Vertex St, Stonebridge Park, Fresno, 88555	USA
S1-005850	Redwood Chemicals Private Limited	345 Redwood Cross, Indore, Rajasthan, 499165	IN
S1-005851	Bluepeak Consultancy Limited Liability Company	19/45 Kestrel Dr, Kestrel Park, Tacoma	USA
S1-005852	Apex Vertex Solutions Limited	Near Metro Pillar 42, 310 Onyx Crs, Goldleaf Nagar, Nagpur, MP	India
S1-005853	Vertex Systems Limited Liability Company	78 Silverline Drive, Redwood Park, Fresno, IL, 60589	USA
S1-005854	Vertex Clearwater Packaging Company	98 Sunstone Rd, IronwoodPark, Akron, WA, 45255	USA
S1-005855	Apex Systems Limited	103 Stonebridge Rd, Silverline Nagar, Coimbatore, MP, 388878	IN
S1-005856	Maplecrest Consultancy Private Limited	Near Metro Pillar 42, 349 Kestrel Marg, Surat, Gujarat, 801780	IN
S1-005857	Cobalt Chemicals Limited Liability Company	146 Suntone Avenue, Silverline Park, Peoria, CA, 49335	USA
S1-005858	Bluepeak Trading Limited	383 Brightpath Road, Ironwood Nagar, Nagpur, 481003	IN
S1-005859	Redwood Systems Private Limited	390 Maplecrest Road, Clearwater Nagar, Surat, 691037	India
S1-005860	Orchid Packaging Company	11 Bluepeak Avenue, Bluepeak Park,, Peoria, 56313	USA
S1-005861	Bluepeak Chemicals Corporation	280 Kestrel Rd, Thistle Park, Lubbock, 90527	US
S1-005862	Goldleaf Solutions Private Limited	Behind Ganesh Temple, 163 Clearwater Marg, Maplecrest Nagar, Kochi, Maharashtra, 200299	India
S1-005863	Thistle Consultancy Corporation	Behind the Civic Center, 174 Northgate Blvd, Harbor Park, Peoria, AL, 12333	United States
S1-005864	Vertex Consultancy Company	196 Summit Boulevard Harbor Park Austin CA 78544	USA
S1-005865	Kestrel Northgate Systems Company	Near Exit 14 25/74 Vertex Avenue Tacoma OH	USA
S1-005866	Goldleaf Motors Private Limited	327 Falcon Mn, Jaipur, 648165	IN
S1-005867	Onyx Maplecrest Motors Limited	116 Silverline Cross, Jaipur, Maharashtra, 714457	IN
S1-005868	Thistle Systems Incorporated	241 Vertex Blvd Cobalt Park Lubbock WA	US
S1-005869	Onyx Falcon Trading Incorporated	216 Quarry Road, Stonebridge Park, Tacoma, AL, 60546	USA
S1-005870	Cobalt Harbor Logistics Limited Liability Company	226 Orchid Drive, Bluepeak Park, Austin, OH, 94366	USA
S1-005871	Juniper Services Limited Liability Company	7/36 Quarry Ave, Harbor Park, Fresno, WA	United States
S1-005872	Redwood Enterprises Private Limited	65 Meridian Road Surat	India
S1-005873	Apex Goldleaf Packaging Company	329 Kestrel Drive, Kestrel Park, Akron, IL	US
S1-005874	Redwood Juniper Consultancy Limited Liability Company	174 Apex Road, Orchid Park, Mobile, TX, 83287	USA
S1-005875	Ravenwood Systems Company	317 Bluepeak Road Opp. City Library Onyx Park Fresno CA 69437	United States
S1-005876	Maplecrest Summit Logistics Limited	Behind Ganesh Temple, 14/59 Onyx Main, Brightpath Nagar, Coimbatore, 855284	IN
S1-005877	Redwood Foods Private Limited	146 Northgate Rd, Pune, Rajasthan, 671895	India
S1-005878	Apex Electricals Limited Liability Company	309 Apex Street, Goldleaf Park, Fresno, TX	US
S1-005879	Quarry Logistics Limited Liability Company	164 Goldleaf Avenue, Onyx Park, Behind the Civic Center, Lubbock, CA, 76411	United States
S1-005880	Clearwater Solutions Private Limited	Behind Ganesh Temple, 11 Orchid Mn, Thistle Nagar, Coimbatore, 712455	IN
S1-005881	Cobalt Systems Private Limited	27 Summit Rd, Lantern Nagar, Coimbatore, Tamil Nadu, 773819	India
S1-005882	Meridian Lantern Services Limited	17 Quarry Street, Indore	IN
S1-005883	Bluepeak Consultancy Incorporated	394 Ironwood Blvd, Lantern Park, Austin, 66960	US
S1-005884	Vertex Textiles Private Limited	333 Clearwater Street Lantern Nagar Jaipur Maharashtra 970136	IN
S1-005885	Thistle Enterprises Private Limited	93 Vertex St, Surat, 676177	India
S1-005886	Summit Services Incorporated	349 Orcchid St, Summit Park, Mobile, 10303	United States
S1-005887	Quarry Logistics Private Limited	15 Quarry Marg, Ironwood Nagar, Jaipur, MP, 972094	IN
S1-005888	Bluepeak Fabrics Limited	363 Orchid Main, Indore, MP, 974875	India
S1-005889	Summit Motors Private Limited	64 Thistle St, Kochi, Kerala, 348653, Vertex Nagar	IN
S1-005890	Kestrel Packaging Private Limited	24 Ravenwood Rd, Onyx Nagar, Coimbatore, Tamil Nadu, 812429	India
S1-005891	Meridian Logistics Limited	2/23 Summit Cross, Coimbatore, Gujarat, 355846	IN
S1-005892	Stonebridge Motors Incorporated	Behind the Civic Center, 344 Clearwater Boulevard, Mobile, OH, 89783	United States
S1-005893	Apex Industries Limited Liability Company	226 Kestrel Ave, Orchid Park, Akron, WA	United States
S1-005894	Vertex Kestrel Trading Company	3 Stonebridge Blvd, Kestrel Park, Mobile, WA, 98315	USA
S1-005895	Summit Motors Private Limited	253 Clearwater Street, Pune, Rajasthan, 293596	India
S1-005896	Quarry Goldleaf Logistics Private Limited	392 Falcon Rd, Silverline Nagar, Jaipur, MP	IN
S1-005897	Lantern Electricals Incorporated	365 Falcon Rd, Stonebridge Park, Mobile, OH	US
S1-005898	Orchid Textiles Private Limited	347 Maplecrest Rd Surat	IN
S1-005899	Brightpath Electricals Limited	279 Lantern St, Lantern Nagar, Indore, Maharrashtra, 389669	IN
S1-005900	Quarry Textiles Limited	188 Kestrel Street, Brightpath Nagar, Pune, Maharashtra, 286840	IN
S1-005901	Maplecrest Logistics Private Limited	203 Kestrel Mn, Coimbatore, Tamil Nadu	IN
S1-005902	Onyx Systems Private Limited	358 Thistle Marg, Near SBI ATM, Brightpath Nagar, Surat, Kerala	India
S1-005903	Juniper Falcon Fabrics Limited Liability Company	154 Ironwood Rd, Orchid Park, Tacoma	US
S1-005904	Onyx Packaging Incorporated	325 Falcon Dr Austin CA 24230	US
S1-005905	Onyx Foods Corporation	96 Clearwater Drive,Vertex Park, Fresno, 76996	US
S1-005906	Orchid Enterprises Private Limited	111 Falcon Crs, Ravenwood Nagar, Jaipur, Tamil Nadu, 751445	India
S1-005907	Apex Motors Private Limited	65 Harbor Cross, Vertex Nagar, Opp. Bus Depo,t Kochi	IN
S1-005908	Stonebridge Foods Incorporated	259 Vertex Avenue Goldleaf Parrk Peoria AL	United States
S1-005909	Meridian Northgate Consultancy Corporation	184 Thistle Rd, Brightpath Park, Ausitn, IL, 46240	United States
S1-005910	Thistle Foods Private Limited	Near Metro Pillar 42, 386 Apex Cross, Meridian Nagar, Pune, MP, 902939	IN
S1-005911	Onyx Industries Private Limited	339 Apex Mag Summit Nagar Pune	IN
S1-005912	Vertex Logistics Corporation	399 Lantern Dr, Opp. City Library, Harbor Park, Peoria, TX, 16965	US
S1-005913	Ravenwood Trading Private Limited	106 Vertex Crs Kestrel Nagar Kerala Kochi	IN
S1-005914	Kestrel Chemicals Incorporated	Near Exit 14, 227 Northgate Street, Kestrel Park, Peoria, AL, 90674	US
S1-005915	Falcon Chemicals Limited Liability Company	218 Stonebridge Boulevard, Quarry Park, Fresno, IL, 26589	US
S1-005916	Northgate Services Limited Liability Company	279 Apex Blvd, Lantern Park, Akron, AL	United States
S1-005917	Ironwood Motors Company	272 Onyx Drive, Tacoma, IL, 74526	United States
S1-005918	Northgate Vertex Fabrics Incorporated	20 Silverline Rd, Ravenwood Park, Mobile, TX, 78879	US
S1-005919	Kestrel Services Company	120 Vertex Street, Meridian Park, Fresno, 38798	USA
S1-005920	Onyx Lantern Fabrics Limited Liability Company	206 Brightpath Rd, Opp. City Library, Austin, OH	USA
S1-005921	Summit Ravenwood Chemicals Limited	77 Sunstone Cross, Meridian Nagar, Indore, Gujarat	IN
S1-005922	Quarry Quarry Trading Limited Liability Company	Near Exit 14, 225 Clearwater Blvd, Vertex Park, Lubbock, CA, 54395	US
S1-005923	Goldleaf Onyx Electricals Private Limited	303 Quarry Main, Maplecrest Nagar, Kochi, Maharashtra	India
S1-005924	Quarry Trading Limited	208 Meridian Road, Kochi	IN
S1-005925	Thistle Industries Corporation	203 Vertex Street, Akron, 50053, CA	United States
S1-005926	Stonebridge Solutions Corporation	348 Northgate Ave, Meridian Park, Fresno, 16920	USA
S1-005927	Silverline Industries Private Limited	215 Summit Marg, Near Metro Pillar 42, Jaipur, Gujarat, 498329	India
S1-005928	Redwood Fabrics Private Limited	179 Brightpath Road, Orchid Nagar, Pune, Maharashtra, 799393	India
S1-005929	Redwood Packaging Corporation	293 Silverline Road Maplecrest Park Austin WA 46400	US
S1-005930	Lantern Lantern Systems Incorporated	2/50 Maplecrest Avenue, Juniper Park, Tacoma, CA	United States
S1-005931	Meridian Systems Limited	52 Quarry Crs, Silverline Nagar, Near Metro Pillar 42, Nagpur, Kerala	IN
S1-005932	Vertex Chemicals Corporation	101 Apex St, Maplecrest Park, Tacoma, IL	US
S1-005933	Northgate Packaging Incorporated	255 Redwood Street, Bluepeak Park, Austin, TX	USA
S1-005934	Stonebridge Industries Private Limited	12/50 Juniper Marg Ironwood Nagar Jaipur 756002	IN
S1-005935	Apex Fabrics Private Limited	236 Harbor Main Indore, Tamil Nadu, 893973	IN
S1-005936	Silverline Fabrics Corporation	181 Lantern Blvd Peoria IL Onyx Park	United States
S1-005937	Redwood Apex Consultancy Limited Liability Company	16/21 Bluepeak Blvd, Peoria, WA	USA
S1-005938	Ravenwood Systems Limited Liability Company	261 Maplecrest Boulevard, OH, 45962, Peoria	US
S1-005939	Harbor Industries Company	318 Bluepeak Drive, Maplecrest Park, Mobile, TX, 49905	US
S1-005940	Brightpath Enterprises Limited	51 Stonebridge St, Juniper Nagar, Jaipur, 590192	IN
S1-005941	Thistle Harbor Solutions Corporation	294 Stonebridge Avenue, Akron, IL, 26323	US
S1-005942	Thistle Consultancy Company	30/47 Orchid Road, Peoria	USA
S1-005943	Falcon Lantern Electricals Incorporated	280 Redwood Dr Coblt Park Austin	USA
S1-005944	Silverline Stonebridge Motors Incorporated	13/55 Quarry Street, Northgate Park, Fresno, WA	United States
S1-005945	Harbor Northgate Fabrics Private Limited	121 Clearwater St, Apex aNgar, Nagpur	India
S1-005946	Summit Electricals Incorporated	55 Meridian Dr, Quarry Park, Fresno, CA, 16531	United States
S1-005947	Silverline Systems Limited	265 Summit Crs, Coimbatore, 846681, Meridian Nagar	IN
S1-005948	Northgate Textiles Incorporated	2/29 Maplecrest Avenue, Behind the Civic Center, Fresno, 40917	US
S1-005949	Quarry Foods Limited Liability Company	150 Onyx Blvd, Brightpath Park, Opp. City Library,Austin	USA
S1-005950	Falcon Chemicals Limited	393 Lanter Road, Kochi, 775382	India
S1-005951	Orchid Systems Corporation	208 Ravenwood Avenue, Stonebridge Park, Fresno, IL	USA
S1-005952	Vertex Enterprises Private Limited	129 Brightpath St, Nagpur, Rajasthan, 290929	IN
S1-005953	Onyx Consultancy Incorporated	224 MeridianD r, Northgate Park, Fresno, 61007	US
S1-005954	Cobalt Ironwood Industries Private Limited	Near SBI ATM, 2/11 Quarry Marg, Kestrel Nagar, Pune, 581846	IN
S1-005955	Onyx Packaging Corporation	122 Goldleaf St Tacoma CA 68057	United States
S1-005956	Cobalt Industries Limited	39 Thistle Cross Harbor Nagar Surat Tamil Nadu	IN
S1-005957	Juniper Industries Company	Brightpath Park, Mobile, 74760, 143 Redwood Dr	US
S1-005958	Lantern Industries Private Limited	249 Northgate Marg, Orchid Nagar, Near Metro Pillar 42, Indore, Gujarat, 790853	India
S1-005959	Ironwood Solutions Corporation	216 Meridian Blvd ,Lantern Park, Mobile	United States
S1-005960	Silverline Textiles Limited Liability Company	170 Clearwater Drive, Lantern Park, Near Exit 14, Fresno, IL, 77843	United States
S1-005961	Bluepeak Fabrics Private Limited	8/61 Falcon Marg, Maplecrest Nagar, Surat, 397450	IN
S1-005962	Redwood Quarry Services Incorporated	44 Harbor Ave Summit Park Mobile TX 11178	US
S1-005963	Summit Packaging Company	269 Sunstoe Ave, Apex Park, Lubbock	USA
S1-005964	Thistle Consultancy Corporation	Near Exit 14, 218 Northgate Boulevard, Falcon Park, Austin, OH	US
S1-005965	Quarry Solutions Corporation	17 Silverline Avenue, Vertex Park, Austin, TX, 92927	US
S1-005966	Silverline Thistle Solutions Corporation	150 Thistle St Meridian Park Akron AL	United States
S1-005967	Bluepeak Silverline Solutions Corporation	158 Sunstone Ave, Harbor Park, Lubbock	USA
S1-005968	Falcon Foods Incorporated	264 Ironwood St, Ironwood Park, Mobile, AL, 37971	US
S1-005969	Bluepeak Services Private Limited	110 Ironwood Marg, Vertex Nagar, Pune, 192760	India
S1-005970	Orchid Packaging Limited Liability Company	100 Orchid Road, Akron, IL	US
S1-005971	Orchid Logistics Incorporated	270 Redwood Drive, Brightpath Park, Mobile	USA
S1-005972	Ravenwood Fabrics Private Limited	8/56 Brightpath Marg, Nagpur, 638577	IN
S1-005973	Lantern Goldleaf Chemicals Limited	165 Goldleaf Street, Sunstone Nagar, Kochi, 163352	IN
S1-005974	Ravenwood Fabrics Limited Liability Company	39 Ironwood Ave, Peoria, TX	US
S1-005975	Apex Systems Private Limited	333 Orchid Crs, Ravenwood Nagar, Kochi, MP, 161190	IN
S1-005976	Bluepeak Meridian Services Private Limited	23 Maplecrest Main, Coimbatore, Gujarat, 159517	India
S1-005977	Cobalt Solutions Private Limited	27/46 Lantern Road, Falcon Nagar, Indore, Kerala	India
S1-005978	Ravenwood Foods Corporation	379 Meridian Drive, Ravenwood Park, Fresno	United States
S1-005979	Lantern Fabrics Limited Liability Company	278 Thistle Avenue, Opp. City Library, Lubbock, W, 14141	USA
S1-005980	Maplecrest Silverline Fabrics Private Limited	300 Redwood Marg, Stonebridge aNgar, Coimbatore	IN
S1-005981	Brightpath Falcon Packaging Private Limited	163 Vertex Road, Redwood Nagar, Pune, Maharashtra, 431425	IN
S1-005982	Northgate Meridian Services Corporation	115 Sunstone Boulevard, Lubbock, AL, 28410	US
S1-005983	Silverline Bluepeak Consultancy Incorporated	217 Sunstone Road, Near Exit 14, Austin, 92534	US
S1-005984	Vertex Systems Company	160 Onyx Dr, Akron, AL	USA
S1-005985	Lantern Fabrics Corporation	250 Apex Drive, Cobalt Park, Tacoma, 70330	USA
S1-005986	Ravenwood Logistics Private Limited	349 Onyx Road, Redwood Nagar, Behind Ganesh Temple, Indore, 223872	IN
S1-005987	Quarry Summit Logistics Private Limited	45 Falcon Mn, Northgate Nagar, Indore	India
S1-005988	Meridian Textiles Limited	378 Northgate Cross Bluepeak Nagar Kochi	India
S1-005989	Redwood Ironwood Chemicals Corporation	53 Goldleaf St, Bluepeak Park, Peoria, 81330	USA
S1-005990	Silverline Packaging Company	183 Apex Boulevard Thistle Park Opp. City Library Akron 65371	US
S1-005991	Cobalt Foods Company	136 Summit St, Maplecrest Park, Austin, 18597	United States
S1-005992	Thistle Motors Corporation	6/73 Silverline Rd, Ravenwood Park, Lubbock, AL, 22083	US
S1-005993	Orchid Chemicals Private Limited	337 Harbor Rd Summit Nagar Indore Tamil Nadu 259004	India
S1-005994	Summit Industries Corporation	Behind the Civic Center 315 Kestrel St Mobile	United States
S1-005995	Falcon Chemicals Incorporated	9 Sunstone Street, Lantern Park, Lubbock, 30511	United States
S1-005996	Juniper Industries Private Limited	134 Vertex Street, Stonebridge Nagar, Indore, Tamil Nadu, 996253	India
S1-005997	Clearwater Industries Private Limited	Near SBI ATM 56 Meridian Mn Kestrel Nagr Surat 328354	India
S1-005998	Goldleaf Solutions Corporation	108 Onyx Ave, Clearwater Park, Lubbock, 15809	US
S1-005999	Sunstone Chemicals Private Limited	162 Orchid Rd, Orchid Nagar, SSurat	India
S1-006000	Harbor Trading Limited	174 Ironwood Marg, Ravenwood Nagar, Nagpur	India
S1-006001	Northgate Electricals Limited	112 Orchid Road, Quarrry Nagar, Jaipur, MP, 857236	IN
S1-006002	Quarry Foods Limited	30/57 Northgate Crs, Thistle Nagar, Indore	India
S1-006003	Orchid Fabrics Corporation	Behind the Civic Center, 338 Quarry Ave, Kestrel Park, Akron, 95567	USA
S1-006004	Meridian Industries Company	76 Clearwater Blvd, Vertex Park, Behind the Civic Center, Fresno, WA, 35682	USA
S1-006005	Orchid Services Private Limited	129 Ironwood Road, Brightpath Nagar, Indore	India
S1-006006	Sunstone Trading Limited	237 Juniper Road, Harbor Nagar, Opp. Bus Depot, Jaipur, 874743	IN
S1-006007	Kestrel Redwood Chemicals Corporation	24 Cobalt Blvd Brightpath Park Near Exit 14 Peoria TX	US
S1-006008	Apex Solutions Limited	18/31 Apex Rd Ravenwood  Nagar Jaipur	IN
S1-006009	Apex Consultancy Incorporated	297 Falcon Drive, Austin, CA	USA
S1-006010	Vertex Chemicals Private Limited	307 Juniper Mn Falcon Nagar Kochi Maharashtra 621774	IN
S1-006011	Ravenwood Packaging Limited	2311 Meridian St, Near SBI ATM, Goldleaf Nagar, Coimbatore, Kerala, 751320	India
S1-006012	Lantern Vertex Packaging Private Limited	Behind Ganesh Temple 173 Sunstone Crs Ironwood Nagar Surat Gujarat 952363	IN
S1-006013	Redwood Trading Private Limited	Near SBI ATM, 27 Goldleaf Cross, Maplecrest Nagar, Pune, 312076	India
S1-006014	Redwood Packaging Limited Liability Company	315 Quarry tSreet, Fresno, AL, 63394	United States
S1-006015	Apex Chemicals Limited	Near SBI ATM, 151 Maplecrest Rd, Vertex Nagar, Coimbatore, Kerala, 373838	India
S1-006016	Falcon Enterprises Limited	Kestrel Nagar, Kochi, Tamil Nadu, 308 Juniper Rd	IN
S1-006017	Sunstone Foods Limited	Near SBI ATM, 338 Maplecrest Mn, Onyx Nagar, Indore,M aharashtra	IN
S1-006018	Meridian Cobalt Motors Limited	19 Summit Road, Near Metro Pillar 42, Maplecrest Nagar, Nagpur, Gujarat, 965024	IN
S1-006019	Clearwater Textiles Incorporated	1 Apex Road, Austin, 56149	United States
S1-006020	Cobalt Motors Private Limited	37 Lantern Streeet, Jaipur, 641587	India
S1-006021	Redwood Northgate Fabrics Private Limited	290 Ocrhid Street, Ravenwood Nagar, Nagpur	India
S1-006022	Lantern Foods Limited	299 Vertex t, Vertex Nagar, Coimbatore, Kerala, 181466	IN
S1-006023	Harbor Motors Private Limited	226 Cobalt St, Kestrel Nagar, Nagpur, Gujarat, 875639	IN
S1-006024	Northgate Trading Private Limited	25/59 Juniper Main, Meridian Nagar, Coimbatore, MP	India
S1-006025	Silverline Stonebridge Industries Private Limited	142 Stonebridge Marg, Thistle Nagar, Surat, 820632	IN
S1-006026	Lantern Summit Logistics Limited	358 Summit Street, Indore, 526842	IN
S1-006027	Maplecrest Motors Private Limited	383 Quarry Main, Thistle Nagar, Pune, 596700	IN
S1-006028	Falcon Textiles Corporation	122 Ironwood Rd Mobile AL 44997	USA
S1-006029	Ironwood Summit Fabrics Limited Liability Company	85 Thistle St, Fresno, 37500	USA
S1-006030	Quarry Stonebridge Fabrics Private Limited	353 Maplecrest Road Nagpur Gujarat 581258	IN
S1-006031	Northgate Services Company	315 Meridian Street, Goldleaf Park, Austin, OH, 55271	US
S1-006032	Onyx Goldleaf Services Private Limited	211 Kestrel Rd, Surat, MP, 104887	India
S1-006033	Lantern Trading Private Limited	20 Clearwater Rd, Falcon Nagar, Surat, Tamil Nadu, 775788	India
S1-006034	Apex Electricals Limited	253 Onyx Rd, Falcon Nagar, Pune, Kerala	India
S1-006035	Goldleaf Chemicals Company	91 Ravenwood Drive, Summit Park, Peoria, 37830	US
S1-006036	Onyx Systems Private Limited	27/40 Goldleaf Rd, Falcon Nagar, Nagpur, Gujarat, 936492	India
S1-006037	Lantern Consultancy Private Limited	Near SBIATM, 62 Summit Marg, Ironwood Nagar, Coimbatore, 183521	IN
S1-006038	Falcon Textiles Private Limited	378 Lantern Marg, Goldleaf Nagar, Kochi, 944451	India
S1-006039	Goldleaf Chemicals Limited	254 Juniper Crs ,Falcon Nagar, Coimbatore, MP, 189600	India
S1-006040	Cobalt Logistics Corporation	336 Thistle Street, Austin, OH	USA
S1-006041	Quarry Kestrel Fabrics Limited	40 Stonebridge Mn Summit Nagar Pune Maharashtra  365015	IN
S1-006042	Ravenwood Electricals Limited	30 Ravenwood St, Meridian Nagar, 551771, Coimbatore	IN
S1-006043	Juniper Northgate Chemicals Company	40 Stnoebridge Drive Meridian Park Mobile WA 98501	USA
S1-006044	Apex Trading Private Limited	357 Juniper St Nagpur	IN
S1-006045	Stonebridge Goldleaf Enterprises Private Limited	391 Stonebridge Mn, Clearwater Nagar, Jaipur	India
S1-006046	Orchid Foods Private Limited	38 Vertex Marg, Silverline Nagar, Pune, 256560	IN
S1-006047	Sunstone Services Limited	113 Apex Marg, Thistle Nagar, Kochi, 316834	India
S1-006048	Cobalt Solutions Private Limited	51 Thistle Road, Orchid Nagar, Coimbatore, Gujarat, 696310	IN
S1-006049	Northgate Trading Incorporated	120 Sunstone Drive, Lubbock, 51864	US
S1-006050	Apex Enterprises Incorporated	313 Juniper Blvd, Vertex Park, Peoria, WA	US
S1-006051	Clearwater Solutions Limited Liability Company	291 Summit Road, Near Exit 14, Lubbock, 87021, WA	USA
S1-006052	Goldleaf Fabrics Limited	144 Clearwater Mn, Harbor Nagar, Coimbatore	India
S1-006053	Stonebridge Enterprises Private Limited	100 Stonebridge Street, Apex Nagar, Near SBI ATM, Indore, 168380	IN
S1-006054	Harbor Systems Limited	22//73 Maplecrest Crs, Onyx Nagar, Surat, Rajasthan, 604560	India
S1-006055	Bluepeak Logistics Private Limited	300 Falcon Road, Apex Nagar, Coimbatore, MP	IN
S1-006056	Brightpath Motors Private Limited	123 Goldleaf St, Onyx Nagar, Surat, Rajasthan, 546064	IN
S1-006057	Harbor Logistics Limited Liability Company	Opp. City Library, 335 Clearwater St, Fresno, CA, 51140	United States
S1-006058	Ravenwood Consultancy Company	Near Exit 14, 3 Thistle St, Apex Park, Tacoma, TX, 17072	United States
S1-006059	Ravenwood Falcon Electricals Private Limited	96 Meridian Street, Opp. Bus Depot, Indore, MP, 322839	IN
S1-006060	Brightpath Enterprises Corporation	192 Sunstone Road, Near Exit 14, Austin	United States
S1-006061	Harbor Chemicals Incorporated	370 Goldleaf Road, Falcon Park, Austin, 27426	United States
S1-006062	Ravenwood Fabrics Private Limited	19 Apex Marg, Goldleaf Nagar, Indore, Rajasthan, 507983	India
S1-006063	Orchid Packaging Private Limited	132 Orchid Rd Kochi Gujarat	IN
S1-006064	Ironwood Consultancy Limited Liability Company	139 Quarry Blvd, Austin, WA	USA
S1-006065	Clearwater Chemicals Private Limited	22 Vertex Main, Brightpath Nagar, Surat, Maharashtra, 635687	India
S1-006066	Apex Thistle Electricals Limited Liability Company	1555 Orchid Blvd, Falcon Park, Mobile, CA, 81185	United States
S1-006067	Meridian Foods Incorporated	159 Kestrel Dr Akron WA	US
S1-006068	Northgate Services Limited	250 Goldleaf Main, Kestrel Nagar, Jaipur, Tamil Nadu	India
S1-006069	Ironwood Electricals Private Limited	45 Silverline Marg, Jaipur, 546776, Rajasthan	IN
S1-006070	Quarry Logistics Limited	104 Silverline St, Pune, Tamil Nadu, 971776	India
S1-006071	Lantern Trading Private Limited	27/13 Lantern Marg Falcon Nagar Jaipur	IN
S1-006072	Maplecrest Fabrics Private Limited	18 Redwood Rd, Summit Nagar, Coimbatore, 934273	India
S1-006073	Juniper Cobalt Industries Limited	231 Summit Marg, Kochi	India
S1-006074	Onyx Thistle Fabrics Limited	118 Clearwater Marg Pune Maharashtra 484513	India
S1-006075	Maplecrest Electricals Company	Behind the Civic Center, 32 Maplecrest Boulevard, Tacoma, TX, 65502	USA
S1-006076	Clearwater Solutions Incorporated	338 Onyx Rd, Orchid Park, Mobile, IL	United States
S1-006077	Orchid Juniper Enterprises Incorporated	60 Onyx Boulevard, Brightpath Park, Tacoma OH	US
S1-006078	Sunstone Logistics Private Limited	310 Meridian Crs, Near SBI ATM, Indore	IN
S1-006079	Brightpath Falcon Systems Limited Liability Company	48 Onyx St, Tacoma, TX	United States
S1-006080	Summit Stonebridge Fabrics Private Limited	218 Apex Street, Kochi, 571302	India
S1-006081	Bluepeak Chemicals Private Limited	367 Onyx St, Jaipur, Tamil Nadu	India
S1-006082	Meridian Juniper Logistics Limited	363 Harbor Road, Pune, Rajasthan	IN
S1-006083	Silverline Summit Consultancy Corporation	2/40 Stonebridge Avenue, Bluepeak Park, Mobile	US
S1-006084	Bluepeak Solutions Private Limited	137 Kestrel Mn, Near SBI ATM, Goldleaf Nagar, Coimbatore, 316968	IN
S1-006085	Vertex Electricals Limited Liability Company	153 Maplecrest Rd, Kestrel Park, Akron, WA, 12089	USA
S1-006086	Brightpath Solutions Corporation	Peoria, IL, 17312, 387 Bluepeak Avenue	USA
S1-006087	Bluepeak Meridian Packaging Private Limited	Opp. Bus Depot, 358 Kestrel Crs, Onyx Nagar, Jaipur, Maharashtra, 207438	India
S1-006088	Vertex Industries Company	252 Vertx Rd, Mobile, TX, 95061	US
S1-006089	Silverline Motors Private Limited	Behind Ganesh Temple, 299 Vertex Marg, Apex Nagar, Kochi, Gujarat, 643434	IN
S1-006090	Cobalt Foods Private Limited	319 Apex Cross, Nagpur,, Tamil Nadu, 472248	IN
S1-006091	Stonebridge Services Private Limited	Near Metro Pillar 42 326 Cobalt Road Indore 303210	IN
S1-006092	Maplecrest Services Company	330 Goldleaf Rd, Harbor Park, Mobile, AL	USA
S1-006093	Clearwater Clearwater Systems Corporation	53 Summit Ave, Northgate Park, Austin	US
S1-006094	Redwood Industries Corporation	277 Ravenwood Boulevard Ravenwood Park Fresno AL	United States
S1-006095	Lantern Systems Private Limited	385 Goldleaf Marg Clearwater Nagar Nagpur Maharashtra 850063	India
S1-006096	Northgate Consultancy Limited	6 Goldleaf Road, Bluepeak Nagar, Nagpur, Tamil Nadu	IN
S1-006097	Redwood Systems Limited	268 Brightpath Road, Brightpath Nagar, Indore	India
S1-006098	Falcon Consultancy Private Limited	20 Kestrel Cross, Pune, 167519	IN
S1-006099	Ravenwood Foods Private Limited	54 Kestrel Street, Nagpur, Maharashtra, 793991	IN
S1-006100	Bluepeak Textiles Limited	398 Redwood Marg, Behind Ganesh Temple, Summit Nagar, Surat, Kerala	India
S1-006101	Stonebridge Electricals Company	352 Clearwater St, Mobile, AL, 46458	USA
S1-006102	Redwood Onyx Motors Limited Liability Company	138 Kestrel Rd Lubbock	United States
S1-006103	Silverline Textiles Company	61 Brightpath Drive Summit Park Mobile 88983	USA
S1-006104	Falcon Enterprises Private Limited	274 Sunstone Marg, Surat, Gujarat, 978362	India
S1-006105	Ironwood Enterprises Corporation	100 Goldlea fDr, Peoria, OH	United States
S1-006106	Falcon Northgate Trading Private Limited	390 Ravenwood Street, Falcon Nagar, Behind Ganesh Temple, Jaipur, MP	India
S1-006107	Juniper Kestrel Systems Private Limited	173 Sunstone Rd Kochi Gujarat	IN
S1-006108	Ironwood Solutions Corporation	37/69 Thistle Rd Redwood Park Austin CA 44621	United States
S1-006109	Bluepeak Packaging Private Limited	319 Kestrel Road Maplecrest Nagar oCimbatore 538917	India
S1-006110	Ironwood Fabrics Incorporated	Opp. City Lbirary 1/80 Clearwater Avenue Northgate Park Mobile IL 54531	US
S1-006111	Quarry Industries Incorporated	258 Harbor Rd, Juniper Park, Akron, OH	USA
S1-006112	Quarry Packaging Private Limited	34 Harbor Street, Cobalt Nagar, Coimbatoe, Kerala, 854602	India
S1-006113	Orchid Motors Company	197 Vertex Avenue, Lubbock, OH, 36088	US
S1-006114	Thistle Harbor Systems Limited	4 Redwood Mn, Kestrel Nagar, Pune, Maharashtra	India
S1-006115	Ravenwood Fabrics Limited Liability Company	Near Exit 14 233 Vertex Avenue Lubbock 49631	US
S1-006116	Sunstone Logistics Private Limited	165 Apex St, Quarry Nagar, Opp. Bus Depot, Pune, Kerala	IN
S1-006117	Goldleaf Foods Private Limited	203 Harbor Marg, Redwood Nagar, Pune	IN
S1-006118	Vertex Motors Limited Liability Company	92 Quarry Boulevard, Sunstone Park, Austin, IL	US
S1-006119	Apex Foods Private Limited	349 Falcon Marg Brightpath Nagar Indore 163555	IN
S1-006120	Maplecrest Thistle Fabrics Company	141 Falcon Dr, Onyx Park, Opp. City Librarry, Mobile, CA, 38402	United States
S1-006121	Maplecrest Trading Private Limited	305 Harbor Road, Apex Nagar, Kochi, Tamil Nadu	IN
S1-006122	Apex Trading Limited	327 Brightpath Road, Stonebridge Nagar, Surat, 934191	India
S1-006123	Harbor Enterprises Corporation	157 Maplecrest Drive, Behind the Civic Center, Austin, TX	United States
S1-006124	Goldleaf Motors Private Limited	5 Stonebridge Crs, Kochi, Kerala, 778872	IN
S1-006125	Clearwater Solutions Incorporated	272 Maplecreest Dr, Behind the Civic Center, Mobile	United States
S1-006126	Summit Services Private Limited	6 Meridian Marg, Onyx Nagar, Indore, Rajasthan	India
S1-006127	Orchid Enterprises Company	123 Summit Boulevard, Falcon Park, Tacoma, CA, 78214	US
S1-006128	Stonebridge Services Limited	192 Quarry Rd, Near Metro Pillar 42, Orchid Nagar, Pne, Maharashtra, 118654	India
S1-006129	Redwood Motors Company	342 Meridian Rd, Goldleaf Park, Fresno, OH, 97706	United States
S1-006130	Harbor Packaging Private Limited	13/60 Thistle Street, Harbr Nagar, Nagpur, Kerala, 179510	IN
S1-006131	Juniper Sunstone Motors Limited	120 Kestrel Street, Silverline Nagar, Kochi, Gujarat	IN
S1-006132	Sunstone Solutions Limited Liability Company	304 Apex Drive, Quarry Park, Mobile, OH, 46510	USA
S1-006133	Onyx Consultancy Company	86 Thistle Drive, Behind the Civic Center, Tacoma, IL, 41403, Bluepeak Park	United States
S1-006134	Sunstone Textiles Limited	288 Cobalt Road Goldleaf Nagar Nagpur 943433	India
S1-006135	Vertex Motors Limited	72 Orchid Mn,Thistle Nagar, Kochi, Gujarat	IN
S1-006136	Sunstone Ironwood Motors Private Limited	11/51 Redwood Marg, Onyx Nagar, Kochi, 633127	India
S1-006137	Vertex Packaging Incorporated	323 Stonebridge Dr, Lantern Park, Akron, OH, 85858	USA
S1-006138	Silverline Foods Company	205 Verrtex Dr, Fresno, OH	United States
S1-006139	Apex Foods Company	Behind the Civic Center 170 Kestrel Boulevard Tacoma IL 51030	United States
S1-006140	Northgate Systems Limited Liability Company	151 Lantern Ave, Falcon Park, Autsin, IL	United States
S1-006141	Thistle Industries Company	1 Lantern Boulevard, Summit Park, Lubbock, AL	US
S1-006142	Stonebridge Solutions Private Limited	121 Northgate Street Kestrel Nagar Pune	India
S1-006143	Cobalt Foods Private Limited	329 Ironwood Street, Summit Nagar, Nagpur, MP, 192914	India
S1-006144	Brightpath Systems Private Limited	81 Summit Main, Near SBI ATM, Ravenwood Nagar, Jaipur, 918195	IN
S1-006145	Redwood Systems Corporation	381 Vertex St, Apex Park, Fresno, OH, 24420	US
S1-006146	Bluepeak Consultancy Limited Liability Company	83 Falcon Avenue, Brightpath Park, Opp. City Library, Akron, TX	USA
S1-006147	Ironwood Industries Limited	320 Stonebridge Marg, Ironwood Nagar, Coimbatore, Tamil Nadu, 125549	India
S1-006148	Goldleaf Services Corporation	32/18 Vertex Boulevard, Ironwood Park, Austin, CA	USA
S1-006149	Juniper Industries Corporation	245 Vertex Dr, Ironwood Park, Lubbock, OH	US
S1-006150	Lantern Systems Incorporated	249 Maplecrest Ave, Thistle Park, Behind the Civic Center, Peoria, 72631	US
S1-006151	Orchid Goldleaf Foods Limited Liability Company	31/7 Orchid Blvd Thistle Park Behind the Civic Center Akron 51153	USA
S1-006152	Redwood Orchid Motors Limited	Behind Ganesh Temple, 378 Ravenwood Street, Apex Nagar, Surat, Gujarat	India
S1-006153	Thistle Redwood Logistics Private Limited	4 Bluepeak St, Clearwater Nagar, Coimbatore, Maharashtra, 489470	India
S1-006154	Clearwater Onyx Trading Private Limited	389 Redwood Main, Nagpur, 232601	IN
S1-006155	Bluepeak Quarry Enterprises Limited	3/50 Lantern Street, Redwood Nagar, Opp. Bus Depot, Nagpur, Rajasthan, 640676	IN
S1-006156	Redwood Clearwater Motors Limited Liability Company	179 Quarry Street, Orchid Park, Austin, 68491	USA
S1-006157	Ironwood Systems Incorporated	Near Exit 14, 114 Goldleaf Road, Peoria	United States
S1-006158	Goldleaf Ravenwood Logistics Limited	266 Vertex St Nagpur Maharashtra 925948	IN
S1-006159	Cobalt Services Limited Liability Company	196 Silverline Ave, Opp. City Library, Thistle Park, Mobile, WA	United States
S1-006160	Redwood Services Private Limited	374 Silverline Mn, Silverline Nagar, Pune, Maharashtra	IN
S1-006161	Ravenwood Orchid Fabrics Company	122 Summit St, Orchid Park, Mobile, CA, 63200	United States
S1-006162	Bluepeak Consultancy Limited Liability Company	72 Kestrel Dr, Meridian Park, Fresno, 49784	United States
S1-006163	Meridian Services Private Limited	140 Northgate Street Redwood Nagar Surat Tamil Nadu 587491	India
S1-006164	Sunstone Maplecrest Packaging Incorporated	Behind the Civic Center, 262 Redwood Blvd, Fresno, OH, 56381	USA
S1-006165	Summit Enterprises Private Limited	Near SBI ATM, 381 Ravenwood Street, Cobalt Nagar, Surat, Maharashtra, 736417	IN
S1-006166	Apex Industries Limited	333 Kestrel Marg, Sunstone Nagar, Coimbatore, Rajasthan, 494490	IN
S1-006167	Apex Motors Incorporated	15/32 Thistle Street Peoria WA Brightpath Park	US
S1-006168	Lantern Chemicals Limited	Redwood Nagar, Near Metro Pillar 42, Pune, Tamil Nadu, 664273, 181 Bluepeak Main	India
S1-006169	Juniper Systems Private Limited	9 Maplecrest Mn, Bluepeak Nagar, Coimbatore, 762664	IN
S1-006170	Kestrel Systems Limited Liability Company	101 Maplecrest Dr, Tacoma	US
S1-006171	Quarry Solutions Company	18/50 Meridian Ave, Clearwater Park, Lubbock, OH	US
S1-006172	Orchid Chemicals Private Limited	305 Summit Marg, Clearwater Nagar, Kochi, Kerala, 379731	India
S1-006173	Clearwater Harbor Enterprises Private Limited	Quarry Nagar Indore 818731 399 Apex Mn	India
S1-006174	Ironwood Logistics Corporation	398 Stonebridge Street, Akron, 90085, Falcon Park	United States
S1-006175	Apex Ravenwood Industries Private Limited	139 Lantern Main, Kochi, 113720	India
S1-006176	Maplecrest Trading Private Limited	27 Meridian Crs, Kestrel Nagar, Surat, Tamil Nadu	IN
S1-006177	Ironwood Silverline Trading Limited	82 Clearwater Marg, Meridian Nagar, Surat, MP	IN
S1-006178	Goldleaf Motors Private Limited	5 Kestrel Marg, Apex Nagar, Pune	IN
S1-006179	Juniper Electricals Private Limited	334 Brightpath Marg, Summit Nagar, Opp. Bus Depot, Kochi, MP	IN
S1-006180	Brightpath Thistle Logistics Incorporated	219 Summit Rd, Harbor Park ,Peoria	US
S1-006181	Stonebridge Meridian Chemicals Private Limited	356 Kestrel St, Kestrel Nagar, Pune, Kerala	India
S1-006182	Thistle Industries Company	289 Falcon Dr Lantern Park Peoria	United States
S1-006183	Brightpath Consultancy Corporation	282 Ravenwood Road, Fresno, 18974, Opp. City Library	United States
S1-006184	Maplecrest Solutions Corporation	194 Meridian Ave, Meridian Park, Tacoma, 56980	US
S1-006185	Silverline Motors Corporation	299 Clearwate rSt, Brightpath Park, Fresno, WA	US
S1-006186	Brightpath Consultancy Private Limited	216 Sunstone Marg, Meridian Nagar, Nagpur, 374371	India
S1-006187	Falcon Systems Limited	37/12 Orchid Cross, Ironwood Nagar, Nagpur	IN
S1-006188	Apex Electricals Limited Liability Company	47 Brightpath Rd Meridian Park Austin 19604	USA
S1-006189	Bluepeak Solutions Corporation	Behind the Civic Center, 373 Redwood Avenue, Quarry Park, Lubbock	USA
S1-006190	Ironwood Enterprises Limited	198 Orchid Mn, Goldleaf Nagar, Pune, Rajasthan, 97466	India
S1-006191	Vertex Enterprises Limited	180 Ravenwood Mn, Thistle Nagar, Jaipur, Maharashtra	India
S1-006192	Kestrel Systems Limited Liability Company	124 Maplecrest Boulevard, Akron	United States
S1-006193	Kestrel Consultancy Limited	96 Ravenwood Rd, Apex Nagar, Indore, 680774	India
S1-006194	Orchid Sunstone Trading Limited	240 Goldleaf Street, Sunstone Nagar, Nagpur, Tamil Nadu, 114216	IN
S1-006195	Silverline Logistics Company	347 Ironwood Boulevard Lantern Park Fresno CA 71579	US
S1-006196	Northgate Vertex Systems Private Limited	66 Brightpath Cross, Nagpur, Rajasthan	India
S1-006197	Maplecrest Redwood Logistics Private Limited	293 Redwood Cross, Apex Nagar, Jaipur, Kerala, 217402	India
S1-006198	Goldleaf Brightpath Fabrics Private Limited	394 Quarry Rd, Near SBI ATM, Kochi, 129009	IN
S1-006199	Sunstone Enterprises Limited Liability Company	372 Stonebridge Ave, Goldleaf Park, Mobile, CA	US
S1-006200	Ravenwood Chemicals Limited	60 Thistle Rd Jaipur 443885	IN
S1-006201	Meridian Foods Limited Liability Company	110 Goldleaf Dr, Bluepeak Park, Fresno, OH	USA
S1-006202	Orchid Services Private Limited	201 Thistle Marg, Nagpur, MP	IN
S1-006203	Orchid Logistics Corporation	366 Harbor Blvd Meridian Park Fresno WA	United States
S1-006204	Silverline Foods Company	97 Meridian Ave, Juniper Park, Austin, CA	US
S1-006205	Falcon Fabrics Private Limited	31 Ironwood Main, Kochi	India
S1-006206	Redwood Services Company	237 Meridian Ave, Peoria, OH, 57055	US
S1-006207	Sunstone Thistle Consultancy Private Limited	34 Meridian Marg, Kochi, Gujarat, 168759	IN
S1-006208	Redwood Fabrics Limited Liability Company	43 Harbor Drive, Lubbock	United States
S1-006209	Silverline Chemicals Limited	343 Suntsone Main, Pune, MP, 510532	IN
S1-006210	Maplecrest Enterprises Private Limited	145 Ravenwood Marg, Stonebridge Nagar, Opp. Bus Depot, Pune, 288181	IN
S1-006211	Northgate Motors Company	88 Orhcid Drive, Lubbock, IL, 93932	US
S1-006212	Thistle Industries Private Limited	192 Stonebridge Marg, Clearwater Nagar, Coimbatore	India
S1-006213	Onyx Textiles Limited Liability Company	120 Juniper Street, Cobalt Park, Fresno, TX, 35119	United States
S1-006214	Falcon Fabrics Corporation	156 Ravenwood Drive, Orchid Park, Mobile, WA, 71557	USA
S1-006215	Redwood Consultancy Incorporated	106 Onyx Drive, Vertex Park, Fresno, WA, 97215	United States
S1-006216	Harbor Ravenwood Motors Private Limited	67 Meridian Rd Cobalt Nagar Coimbatore 480751	IN
S1-006217	Meridian Packaging Company	5/36 Vertex Drive, Behind theC ivic Center, Akron, AL, 97207	USA
S1-006218	Meridian Summit Solutions Private Limited	209 Clearwater Cross, Thistle Nagar, Surat	IN
S1-006219	Meridian Systems Private Limited	243 Sunstone Cross, Maplecrest Nagar, Kochi	India
S1-006220	Ironwood Quarry Foods Incorporated	360 Cobalt Avenue, Stonebridge Park, Lubbock, OH	US
S1-006221	Juniper Industries Company	377 Kestrel Ave, Meridian Park, Opp. City Library, Tacoma, TX, 51770	US
S1-006222	Bluepeak Textiles Limited	40 Apex Cross, Behind Ganesh Temple, Indore, 299195	IN
S1-006223	Onyx Solutions Limited	79 Silverline Mn, Orchid Nagar, Nagpur, Kerala	IN
S1-006224	Bluepeak Chemicals Incorporated	167 Thistle r, Lantern Park, Peoria, 15623	US
S1-006225	Lantern Chemicals Company	196 Apex Road, Tacoma, TX, 17701	USA
S1-006226	Onyx Meridian Consultancy Private Limited	110 Onyx Crs Jaipur Tamil Nadu	IN
S1-006227	Lantern Consultancy Private Limited	227 Brightpath St, Near Metro Pillar 42, Indore	India
S1-006228	Maplecrest Clearwater Solutions Private Limited	270 Redwood Marg, Thistle Nagar, Coimbatore, 521144, Kerala	India
S1-006229	Thistle Enterprises Limited	46 Lantern Marg, Cobalt Nagar, Coimbatore, Kerala, 375959	India
S1-006230	Orchid Motors Incorporated	Behind the Civic Center, 96 Silverline Drive, Ravenwood Park, Tacoma, OH	United States
S1-006231	Stonebridge Electricals Limited	118 Juniper Mn, Surat, Apex Nagar	India
S1-006232	Kestrel Electricals Corporation	Opp. City Library, 9/77 Apex Ave, Sunstone Park, Austin, IL	United States
S1-006233	Cobalt Trading Corporation	Near Exit 14, 27 Clearwater Street, Stonebridge Park, Tacoma	US
S1-006234	Quarry Packaging Private Limited	349 Ravenwood Mn, Silverline Nagar, Nagpur, 153787	IN
S1-006235	Quarry Packaging Limited Liability Company	352 Falcon Rd, Behind the Civic Center, Mobile, 68624	USA
S1-006236	Lantern Textiles Private Limited	104 Meridian Marg Jaipur 564464	India
S1-006237	Cobalt Clearwater Logistics Company	Opp. City Library, 3/77 Bluepeak Dr, Lubbock, AL, 26820	US
S1-006238	Stonebridge Juniper Foods Private Limited	12/1 Brightpath Crs, Quarry Nagar, Surat, 989070	India
S1-006239	Summit Packaging Private Limited	233 Harbor Mn, Cobalt Nagar, Nagpur	India
S1-006240	Lantern Industries Private Limited	158 Silverline Marg, Cobalt Nagar, Near Metro Pillar 42, Nagpur, 689630	India
S1-006241	Vertex Silverline Fabrics Private Limited	380 Ironwood Marg, Pune, Kerala, 901256	India
S1-006242	Meridian Consultancy Private Limited	176 Stonebridge Cross, Brightpath Nagar, Nagpur, Rajasthan, 652376	IN
S1-006243	Lantern Foods Private Limited	211 Ravenwood Marg, Bluepeak Nagar, Indore	India
S1-006244	Lantern Enterprises Incorporated	23/72 Brightpath Dr, Ironwood Park, Austin	USA
S1-006245	Silverline Packaging Incorporated	299 Bluepeak Avenue, Silverline Park, Tacoma, OH, 76438	USA
S1-006246	Bluepeak Logistics Corporation	162 Thistle Boulevard, Brightpath Park, Lubbock	USA
S1-006247	Juniper Foods Limited	6/20 Vertex Cross, Nagpur, Tamil Nadu	India
S1-006248	Brightpath Enterprises Limited	307 Ravenwood Rd Indore Maharashtra	IN
S1-006249	Summit Services Private Limited	300 Quarry Crs, Harbor Nagar, Coimbatore, Rajasthan, 491265	India
S1-006250	Cobalt Kestrel Chemicals Limited Liability Company	217 Summit Blvd, Stonebridge Park, Akron,4 2706	USA
S1-006251	Cobalt Ravenwood Solutions Incorporated	73 Harbor Avenue, Juniper Park, Lubbock, 68042	United States
S1-006252	Lantern Solutions Private Limited	380 Thistle Street, Onyx Nagar, Jaipur, 495550	IN
S1-006253	Falcon Enterprises Limited	Behind Ganesh Temple, 4/20 Silverline Mn, Kochi, 225619	IN
S1-006254	Maplecrest Consultancy Company	283 Kestrel Drive, Behind the Civic Center, Cobalt Park, Lubbock	US
S1-006255	Ravenwood Textiles Private Limited	303 Northgate Rd Jaipur Tamil Nadu	India
S1-006256	Ironwood Fabrics Incorporated	396 Falcon Ave, Thistle Park, Akron, IL	US
S1-006257	Silverline Chemicals Limited	279 Maplecrest Crs, Brightpath Nagar, Surat, Tamil Nadu, 713721	IN
S1-006258	Juniper Solutions Private Limited	Near SBI ATM, 19 Kestrel Crs, Silverline Nagar, Surat, 317314	India
S1-006259	Lantern Chemicals Private Limited	131 Goldleaf Crs, Cobalt Nagar, Jaipur, Gujarat, 912180	IN
S1-006260	Northgate Redwood Electricals Private Limited	142 Northgate Mn, Redwood Nagar, Indore, 647626	IN
S1-006261	Redwood Textiles Company	386 Summit Road, Stonebridge Park, Peoria, IL, 31115	United States
S1-006262	Cobalt Foods Private Limited	30 Cobalt Cross, Cobalt Nagar, Surat, Gujarat, 632489	IN
S1-006263	Cobalt Industries Private Limited	43 Kestrel Crs, Quarry Nagar, Surat, MP, 152321	IN
S1-006264	Thistle Electricals Limited Liability Company	218 Sunstone Blvd, Akron, OH, 76117	United States
S1-006265	Bluepeak Fabrics Private Limited	71 Apex St, Jaipur, Gujarat, 421396	India
S1-006266	Harbor Fabrics Corporation	256 Lanern Avenue Juniper Park Akron 81331	USA
S1-006267	Juniper Vertex Chemicals Company	314 Sunstone Drive, Northgate Park, Behind the Civic Center, Akron, CA, 33685	United States
S1-006268	Summit Bluepeak Fabrics Company	53 Lantern Boulevard, Vertex Park, Mobile, WA, 33575	USA
S1-006269	Onyx Cobalt Fabrics Private Limited	47 Summit Cross, Stonebridge Nagar, Indore, Tamil Nadu	India
S1-006270	Orchid Trading Corporation	367 Meridian St, Fresno, WA, 15342	United States
S1-006271	Apex Enterprises Private Limited	24/53 Juniper Rd, Goldleaf Nagar, Pune, Tamil Nadu	IN
S1-006272	Silverline Consultancy Corporation	263 Northgate St, Redwood Park, Opp. City Library, Austin, TX, 75885	USA
S1-006273	Lantern Apex Packaging Limited Liability Company	56 Northgate Drive, Near Exit 14, Kestrel Park, Mobile, AL, 67976	USA
S1-006274	Clearwater Thistle Chemicals Private Limited	Near Metro Pillar 42, 127 Meridian St, Indore, 362945	IN
S1-006275	Onyx Summit Industries Private Limited	253 Clearwater Mn, Falcon Nagar, Nagpur, Rajasthan, 974028	IN
S1-006276	Redwood Cobalt Enterprises Private Limited	235 Harbor Road, Kochi, MP	IN
S1-006277	Meridian Trading Private Limited	312 Quarry Road, Orchid Nagar, Jaipur, 136551	India
S1-006278	Redwood Foods Limited	196 Kestrel Mn, Sunstone Nagar, Jaipur, MP, 157638	IN
S1-006279	Ironwood Trading Private Limited	261 Goldleaf St, Cobalt Nagar, Surat, Tamil Nadu, 185358	India
S1-006280	Kestrel Industries Private Limited	18 Harbor Mn, Orchid Nagar, Jaipur	India
S1-006281	Juniper Packaging Company	351 Meridian Dr Goldleaf Park Fresno CA 36951	USA
S1-006282	Maplecrest Logistics Company	151 Apex Dr, Lubbock, 64904	US
S1-006283	Silverline Ravenwood Services Private Limited	242 Cobalt Road, Clearwater Nagar, Kochi, Kerala	IN
S1-006284	Stonebridge Bluepeak Motors Private Limited	225 Redwood St, Harbor Nagar, Indore, Rajasthan	India
S1-006285	Stonebridge Textiles Private Limited	8/15 Cobalt Road, Brightpath Nagar, Kochi, 705173	India
S1-006286	Onyx Enterprises Private Limited	Near Metro Pillar 42, 297 Ironwood Main, Kochi, Rajasthan	IN
S1-006287	Juniper Enterprises Private Limited	235 Vertex Cross, Brightpath Nagar, Nagpur, Gujarat	India
S1-006288	Ravenwood Textiles Company	232 Brightpath Road, Fresno, WA	USA
S1-006289	Cobalt Enterprises Corporation	212 Kestrel St Silverline Park Lubbock	USA
S1-006290	Stonebridge Chemicals Incorporated	Near Exit 14, 37/63 Silverline Avenue, Austin, CA, 34885	US
S1-006291	Ravenwood Ravenwood Packaging Limited Liability Company	345 Onyx Road, Peoria, 69333, CA	United States
S1-006292	Vertex Textiles Private Limited	347 Clearwater Marg, Jaipur	IN
S1-006293	Summit Consultancy Private Limited	32/41 Cobalt Main, Pune, Maharashtra, 239212	India
S1-006294	Vertex Vertex Textiles Limited	179 Lantern Main, Ironwood  Nagar, Nagpur, Maharashtra, 238053	IN
S1-006295	Meridian Fabrics Incorporated	Orchid Park, Mobile, 68432, 316 Kestrel Boulevard	USA
S1-006296	Harbor Stonebridge Consultancy Corporation	131 Northgate St Peoria OH 73786	USA
S1-006297	Meridian Services Corporation	90 Sunstone Street, Lntern Park, Fresno, 69086	United States
S1-006298	Northgate Solutions Private Limited	94 Clearwater Cross, Lantern Nagar, Surat	IN
S1-006299	Falcon Motors Limited Liability Company	12/75 Meridian Drive, Juniperr Park, Austin, TX, 43144	USA
S1-006300	Juniper Consultancy Limited	70 Maplecrest Marg, Brightpath Nagar, Jaipur, 904803	IN
S1-006301	Redwood Electricals Company	151 Silverline Drive, Peoria, AL	US
S1-006302	Meridian Solutions Limited	259 Ironwood Road, Jaipur, 914556	IN
S1-006303	Summit Meridian Logistics Private Limited	229 Kestrel Road, 270593, Indore	India
S1-006304	Kestrel Industries Limited Liability Company	151 Ironwood Ave Goldleaf aPrk Lubbock OH 30504	USA
S1-006305	Quarry Thistle Electricals Private Limited	271 Falcon Cross, Northgate Nagar, Kochi, 885039	India
S1-006306	Ravenwood Textiles Limited	94 Apex St, Silverline Nagar, Nagpur, Gujarat, 140967	India
S1-006307	Brightpath Fabrics Limited Liability Company	57 Ironwood Ave, Vertex Park, Lubbock, 15839	US
S1-006308	Lantern Bluepeak Consultancy Limited	264 Summit Main,Coimbatore, Maharashtra, 130957	IN
S1-006309	Kestrel Industries Corporation	307 Clearwater Boulevard Lantern Park Tacoma TX 42625	United States
S1-006310	Apex Services Incorporated	102 Falcon St, Thistle Park, Austin, OH	United States
S1-006311	Northgate Consultancy Corporation	377 Stonebridge St, Meridian Park, Austin, OH	US
S1-006312	Lantern Consultancy Company	119 Lantern Boulevard Tacoma IL	USA
S1-006313	Silverline Industries Limited	101 Ravenwood Road, Apex Nagar, Surat	IN
S1-006314	Quarry Fabrics Corporation	185 Clearwater Boulevard Fresno CA 73985	USA
S1-006315	Lantern Sunstone Chemicals Private Limited	21 Maplecrest Mn, Lantern Nagar, Surat, Kerala, 244888	IN
S1-006316	Northgate Fabrics Limited Liability Company	23/56 Brightpath Blvd, Vertex Park, IL, Peoria	US
S1-006317	Maplecrest Thistle Services Company	Opp. City Library 30/87 Vertex Boulevard Goldleaf Park Peoria CA 12866	United States
S1-006318	Clearwater Packaging Limited	103 Brightpath Street, Brightpath Nagar, Indore, Kerala	IN
S1-006319	Falcon Ravenwood Foods Private Limited	Near SBI ATM, 193 Meridian Rd, Falcon Nagar, Indore, MP, 991328	India
S1-006320	Ravenwood Fabrics Limited	77 Vertex Cross, Orchid Nagar, Kochi, Tamil Nadu	India
S1-006321	Kestrel Packaging Limited	166 Summit Rd Sunstone Nagar Indore Maharashtra	IN
S1-006322	Clearwater Fabrics Corporation	87 Redwood Dr, Summit Park, Fresno, TX	USA
S1-006323	Redwood Industries Private Limited	384 Ravenwood Marg, Redwood Nagar, Indore, Maharashtra, 884935	India
S1-006324	Apex Consultancy Limited	Indore Gujarat 189 Quarry Cross	India
S1-006325	Ironwood Trading Private Limited	323 Juniper Street, Bluepeak Nagar, Jaipur, MP	India
S1-006326	Stonebridge Thistle Foods Private Limited	173 Ravenwood Rd, Sunstone Nagar, Pune, Maharashtra	IN
S1-006327	Clearwater Industries Corporation	378 Vertex St, Silverline Park, Behind the Civic Center, Peoria, CA, 16950	United States
S1-006328	Orchid Fabrics Private Limited	Behind Ganesh Temple, 33 Brightpath Rd, Summit Nagar, Surat, 762523	IN
S1-006329	Apex Chemicals Private Limited	239 Harbor Rd Indore Maharashtra 869575	IN
S1-006330	Redwood Enterprises Private Limited	32/38 Lantern  Crs, Kochi, Kerala, 376062	India
S1-006331	Ironwood Enterprises Limited Liability Company	Ravenwood Park, Taoma, 14/77 Meridian Blvd	US
S1-006332	Sunstone Industries Corporation	75 Northgate Drive, Opp. City Library, Northgate Park, Mobile, WA	United States
S1-006333	Vertex Juniper Textiles Private Limited	155 Cobalt Road, Near Metro Pillar 42, Summit Nagar, Indore, MP, 893332	India
S1-006334	Juniper Cobalt Systems Incorporated	261 Brightpath Road, Clearwater Park, Tacoma, WA	US
S1-006335	Ironwood Services Company	53 Cobalt Dr, Near Exit 14, Maplecrest Park, Fresno	US
S1-006336	Silverline Services Limited	364 Harbor Mn, Nagpur, 682286	India
S1-006337	Thistle Brightpath Systems Corporation	258 Redwood Road Behind the Civic Center Akron WA	United States
S1-006338	Apex Lantern Trading Corporation	141 Ironwood Ave, Meridian Park, Peoria, 38324	United States
S1-006339	Redwood Trading Company	301 Onyx Dr Mobile OH 77198	USA
S1-006340	Kestrel Fabrics Corporation	196 Stonebridge Drive Sunstone Park Behind the Civic Center Austin 12846	US
S1-006341	Quarry Industries Limited	221 Ironwood Road, Summit Nagar, Kochi, 774000	IN
S1-006342	Thistle Solutions Private Limited	243 Summit Cross, Orchid Nagar, Pune, Rajasthan	India
S1-006343	Silverline Services Private Limited	191 Apex Street, Ironwood Nagar, Jaipur, 174547	India
S1-006344	Falcon Solutions Company	18 Ravenwood Rd, Cobalt Park, Lubbock, 33369	US
S1-006345	Silverline Motors Private Limited	5 Silverline St, Ravenwood Nagar, Kochi, Gujarat, 489799	India
S1-006346	Northgate Electricals Private Limited	140 Kestrel Crs, Vertex Nagar, Jaipur, Tamil Nadu	India
S1-006347	Ironwood Consultancy Corporation	309 Silverline Avenue, Bluepeak Park, Lubbock	United States
S1-006348	Harbor Meridian Packaging Private Limited	29/44 Bluepeak Crs, Jaipur, Kerala, 726342	IN
S1-006349	Goldleaf Electricals Private Limited	118 Kestrel Marg Juniper Nagar Surat Kerala	India
S1-006350	Vertex Goldleaf Chemicals Limited	296 Ironwood Crs, Orchid Nagar, Nagpur, 436247	India
S1-006351	Clearwater Meridian Textiles Private Limited	200 Maplecrest Cross, Clearwater Nagar, Indore, Maharashtra, 654902	India
S1-006352	Silverline Ravenwood Systems Private Limited	310 Orchid Marg, Silverline Nagar, Nagpur, 800290	India
S1-006353	Maplecrest Logistics Limited	59 Thistle St, Redwood Nagar, Near Metro Pillar 42, Surat, MP, 973657	IN
S1-006354	Redwood Cobalt Logistics Company	153 Cobalt Drive Onyx Park Austin 61775 Behind the Civic Center	USA
S1-006355	Sunstone Industries Private Limited	103 Redwood Cross, Ironwood Nagar, Coimbatore, Tamil Nadu, 521527	India
S1-006356	Meridian Trading Private Limited	23/20 Northgate Marg, Bluepeak Nagar, Jaipur, MP, 583222	IN
S1-006357	Quarry Systems Company	309 Stonebridge Road, Brightpath Park, Fresno, OH, 38164	US
S1-006358	Harbor Textiles Private Limited	116 Silverline Mn, Ironwood Nagar, Surat, 957801	India
S1-006359	Sunstone Stonebridge Services Limited Liability Company	5 Onyx Ave Redwood Park Mobile 21564	United States
S1-006360	Vertex Industries Private Limited	338 Sunstone St Cobalt Nagar Jaipur 582926	India
S1-006361	Silverline Services Private Limited	333 Ravenwood Mn, Ironwood Nagar, Coimbatore, Tamil Nadu	IN
S1-006362	Maplecrest Electricals Private Limited	154 Northgate Marg, Ravenwood Nagar, Nagpur, Rajasthan	IN
S1-006363	Juniper Electricals Corporation	15/45 Northgate Dr, Goldleaf Park, Tacoma, 57636	United States
S1-006364	Bluepeak Foods Limited	183 Maplecrest Marg, Meridian Nagar, Surat, Kerala, 328064	IN
S1-006365	Maplecrest Fabrics Limited Liability Company	292 Falcon Ave, Juniper Park, Fresno, WA, 49164	US
S1-006366	Northgate Services Corporation	323 Stonebridge St, Sunstone Park, Austin, OH	US
S1-006367	Summit Orchid Electricals Limited	190 Northgate Cross Harbor Nagar Pune Rajasthan	IN
S1-006368	Maplecrest Apex Enterprises Incorporated	253 Clearwater Blvd, Stonebridge Park, Mobile, TX, 93182	United States
S1-006369	Northgate Chemicals Limited Liability Company	120 Juniper Dr, Peoria, WA	United States
S1-006370	Silverline Packaging Company	304 Juniper Rd, Northgate Park, Lubbock	United States
S1-006371	Bluepeak Ironwood Enterprises Limited Liability Company	266 Ironwood Avenue, Austin, Apex Park	US
S1-006372	Ravenwood Ravenwood Trading Limited	156 Ironwood Street, Juniper Nagar, Kochi, Rajasthan	IN
S1-006373	Silverline Trading Corporation	Opp. City Library, 160 Lantern Drive, Stonebridge Park, Mobile, 18138	USA
S1-006374	Vertex Trading Incorporated	24/71 Apex Road, Maplecrest Park, Near Exit 14, Tacoma, CA, 51017	United States
S1-006375	Goldleaf Logistics Private Limited	Opp. Bus Depot, 345 Quarry Main, Kochi, 768287	India
S1-006376	Juniper Packaging Company	322 Orchid Boulevard, Thistle Park, Austin	USA
S1-006377	Redwood Textiles Limited Liability Company	Opp. City Library 168 Kestrel Street Juniper Park OH Peoria	US
S1-006378	Summit Logistics Private Limited	199 Silverline Mn, Vertex Nagar, Coimbatore, 986383	IN
S1-006379	Sunstone Services Private Limited	234 Maplecrest St, Behind Ganesh Temple, Indore, Kerala, Vertex Nagar	IN
S1-006380	Onyx Trading Company	234 Apex Ave, Clearwater Park, Mobile, 46299	USA
S1-006381	Clearwater Industries Company	20 Sunstone Drive, Apex Park, Fresno	United States
S1-006382	Meridian Systems Private Limited	44 Northgate Crs Brightpath Nagar Jaipur	India
S1-006383	Bluepeak Apex Chemicals Private Limited	362 Suunstone Street, Ironwood Nagar, Kochi, MP	India
S1-006384	Harbor Orchid Solutions Private Limited	300 Summit Road, Nagpur, MP, 552412	IN
S1-006385	Harbor Maplecrest Trading Company	227 Juniper Boulevard, Mobile, TX, 83935	USA
S1-006386	Northgate Consultancy Incorporated	19/34 Goldleaf Road, Kestrel Park, Akron, WA	United States
S1-006387	Stonebridge Enterprises Private Limited	39/52 Apex Street Ravenwood Nagar Kochi 442506	India
S1-006388	Bluepeak Industries Corporation	332 Maplecrest Blvd Northgate Park Astin IL	United States
S1-006389	Redwood Solutions Incorporated	97 Quarry Avenue, Northgate Park, Tacoma, WA, 17754	USA
S1-006390	Redwood Solutions Corporation	156 Juniper St, Meridian Park, Tacoma, 43044	United States
S1-006391	Silverline Stonebridge Trading Private Limited	31/74 Silverline Main, Stonebridge Nagar, Nagpur, 740276	IN
S1-006392	Harbor Textiles Limited	242 Meridian Main, Clearwater Nagar, Nagpur, 781612	IN
S1-006393	Goldleaf Fabrics Limited	347 Silverline Marg, Meridian Nagar, Kochi	IN
S1-006394	Lantern Consultancy Company	Opp. City Library, 273 Stonebridge Boulevard, Mobile	United States
S1-006395	Ravenwood Kestrel Solutions Limited	Near Metro Pillar 42, 200 Maplecrest Marg, Clearwater Nagar, agpur, Maharashtra, 694971	IN
S1-006396	Clearwater Summit Solutions Limited	164 Thistle Main, Ravenwood Nagar, Jaipur, 199596	India
S1-006397	Clearwater Logistics Limited	188 Sunstone Main, Near SBI ATM, Stonebridge Nagar, Kochi, Gujarat, 232448	IN
S1-006398	Silverline Motors Private Limited	Surat, 287803, 84 Cobalt Marg	IN
S1-006399	Bluepeak Juniper Logistics Private Limited	331 Sunstone Rd, Ravenwood Nagar, Coimbatore, Rajasthan	IN
S1-006400	Falcon Logistics Corporation	11/34 Juniper Road, Akron, CA, 57091	United States
S1-006401	Redwood Motors Private Limited	6 Bluepeak Street, Silverline Nagar, Coimbatore, 455002	India
S1-006402	Apex Foods Corporation	89 Kestrel Blvd Maplecrest Park Lubbock WA	United States
S1-006403	Orchid Logistics Private Limited	378 Meridian Marg, Goldleaf Nagar, Pune, Tamil Nadu	India
S1-006404	Goldleaf Fabrics Corporation	18/12 Stonebridge Drive, Tacoma, HO, 81761	United States
S1-006405	Northgate Fabrics Private Limited	135 Harbor Road, Kochi, MP	India
S1-006406	Quarry Textiles Private Limited	256 Onyx St, Lantern Nagar, Rajasthan, 874046, Pune	India
S1-006407	Goldleaf Systems Private Limited	201 Apex Mn, Indore	IN
S1-006408	Kestrel Lantern Chemicals Company	1 Thistle Road, Lubbock, 52103	US
S1-006409	Meridian Lantern Solutions Limited	223 Vertex Marg, Jaipur, Gujarat, 834545	India
S1-006410	Cobalt Meridian Consultancy Limited Liability Company	42 Kestrel Rd, Lantern Park, Lubbock, WA, 38344	United States
S1-006411	Quarry Enterprises Limited	132 Maplecrest Street, Stonebridge Nagar, Surat, 359467	IN
S1-006412	Ravenwood Maplecrest Textiles Private Limited	361 Redwood Road, Surat, Tamil Nadu, 117130	IN
S1-006413	Ravenwood Trading Company	38/55 Ironwood Rd, Stonebridge Park, Mobile, CA, 93350	United States
S1-006414	Onyx Logistics Incorporated	296 Meridian Boulevard, Onyx Park, Opp. City Library, Austin, TX	US
S1-006415	Clearwater Summit Services Incorporated	76 Ravenwood Rd, Lantern Park, AAustin, TX, 29215	US
S1-006416	Northgate Falcon Textiles Company	Harbor Park, Austin, TX, 68653, 312 Juniper Rd	US
S1-006417	Apex Packaging Incorporated	126 Falcon Rd, Goldleaf Park, Behind the Civic Center, Mobile, OH	US
S1-006418	Goldleaf Consultancy Limited Liability Company	275 Falcon Dr, Kestrel Park, Austin, TX, 32086	United States
S1-006419	Falcon Cobalt Systems Corporation	204 Meridian Blvd, Akron	United States
S1-006420	Cobalt Summit Solutions Limited Liability Company	244 Onyx Road, Fresno, 19703	USA
S1-006421	Summit Ironwood Services Private Limited	155 Bluepeak Street Silverline Nagar Surat Rajasthan 617616	IN
S1-006422	Silverline Consultancy Private Limited	Surat, 82 Brightpath Cross	India
S1-006423	Apex Consultancy Private Limited	17 Thistle MainP une 688641	India
S1-006424	Sunstone Electricals Limited Liability Company	Near Exit 14, 356 Quarry Avenue, Austin, IL, 65812	United States
S1-006425	Falcon Trading Limited	3998 Bluepeak Marg, Surat, Kerala, 741413	India
S1-006426	Onyx Enterprises Limited Liability Company	142 Cobalt Ave, Silverline Parkk, Mobile, WA, 94732	US
S1-006427	Ravenwood Textiles Private Limited	19 Brightpath Road Brightpath Nagar Kochi Tamil Nadu 153092	India
S1-006428	Summit Ironwood Textiles Private Limited	8 Lantern Cross, Juniper Nagar, Japur, 140223	India
S1-006429	Lantern Solutions Limited Liability Company	96 Orchid Dr, Quarry Park, Akron, WA	United States
S1-006430	Silverline Consultancy Company	235 Silverline Blvd, Summit Park, Peoria, IL, 70894	USA
S1-006431	Goldleaf Thistle Foods Limited Liability Company	134 Stonebridge St, Brightpath Park, Akron, CA	US
S1-006432	Falcon Systems Incorporated	207 Sunstone Drive, Thistle Park, Lubbock, CA, 75166	USA
S1-006433	Cobalt Fabrics Private Limited	209 Northgate Marg, Coimbatore, 255746	India
S1-006434	Brightpath Packaging Private Limited	73 Meridian Cross, Pune, MP	IN
S1-006435	Bluepeak Silverline Enterprises Private Limited	324 Clerawater Rd, Lantern Nagar, Jaipur, 424176, Maharashtra	IN
S1-006436	Sunstone Trading Incorporated	323 Lantern Road, Ravenwood Park, Akron, IL	United States
S1-006437	Cobalt Electricals Company	104 Vertex Street, Lubbock, WA	USA
S1-006438	Ironwood Kestrel Textiles Incorporated	175 Summit Ave Harbor Park Opp. City Library Mobile	US
S1-006439	Orchid Consultancy Limited	279 Nortthgate Marg, Ironwood Nagar, Nagpur, Maharashtra	India
S1-006440	Silverline Motors Limited Liability Company	218 Lantern Boulevard, Ironwood Park, Austin, WA, 63692	United States
S1-006441	Northgate Electricals Limited Liability Company	112 Juniper Ave, Harbor Park, Near Exit 14, Akron, 74164	United States
S1-006442	Falcon Fabrics Company	375 Lantern Dr Clearwater Park Tacoma 32574	USA
S1-006443	Northgate Packaging Private Limited	Near SBI ATM 296 Ravenwood Cross Jaipur Kerala 360232	India
S1-006444	Silverline Chemicals Corporation	391 Lantern Avenue, Sunstone Park, Fresno, OH	USA
S1-006445	Thistle Goldleaf Chemicals Private Limited	34/39 Bluepeak Marg, CCobalt Nagar, Indore, Rajasthan, 256859	India
S1-006446	Goldleaf Electricals Limited Liability Company	378 Onyx Blvd Clearwater Park Tacoma 37572	US
S1-006447	Falcon Solutions Private Limited	123 Onyx Marg Indore Tamil Nadu	India
S1-006448	Brightpath Kestrel Fabrics Company	193 Maplecrest Ave Fresno 64898	United States
S1-006449	Ironwood Services Incorporated	340 Ravenwood Street, Redwood Park, Lubbock, OH, 28880	United States
S1-006450	Vertex Textiles Limited	96 Redwood Strete, Meridian Nagar, Pune, 664740	India
S1-006451	Harbor Meridian Textiles Limited Liability Company	287 Ironwood Street, Summit Park, Mobile	USA
S1-006452	Goldleaf Enterprises Private Limited	332 Bluepeak Mn, Ravenwood Nagar, Kochi, MP	India
S1-006453	Bluepeak Textiles Private Limited	342 Ironwood Cross, Lantern Nagar, Indore	India
S1-006454	Quarry Motors Private Limited	353 Thistle Marg, Stonebridge Nagar, Jaipur	India
S1-006455	Silverline Electricals Limited Liability Company	330 Bluepeak Ave, Orchid Park, Tacoma	United States
S1-006456	Summit Bluepeak Electricals Limited	127 Summit Main, Kochi, MP, 257513	IN
S1-006457	Meridian Solutions Limited Liability Company	Near Exit 14, 292 Clearwater St, Meridian Park, OH, Peoria	United States
S1-006458	Ravenwood Clearwater Packaging Limited	12/43 Goldleaf Marg Jaipur 978517	IN
S1-006459	Ironwood Summit Electricals Limited Liability Company	328 Goldleaf Ave, Quarry Park, IL, 32455, Fresno	United States
S1-006460	Bluepeak Chemicals Company	19 Ravenwood Boulevard, Ravenwood Park, Tacoma, WA, 69323	USA
S1-006461	Falcon Northgate Logistics Corporation	189 Ironwood St, Austin, TX	US
S1-006462	Ironwood Logistics Private Limited	372 Apex Mn, Jaipur, Tamil Nadu, 216790	IN
S1-006463	Ravenwood Logistics Private Limited	Behind Ganesh Temple, 335 Silverline Road, Jaipur	IN
S1-006464	Quarry Textiles Incorporated	189 Onyx Avenue, Ironwood Park, Lubbock	United States
S1-006465	Maplecrest Packaging Corporation	296 Silverline Blvd, Falcon Park, Fresno, TX, 76192, Opp. City Library	USA
S1-006466	Onyx Foods Limited	351 Kestrel Rd, Summit Nagar, Coimbatore	India
S1-006467	Ravenwood Consultancy Limited	233 Brightpath Mn, Summit Nagar, Jaipur, Kerala, 366023	India
S1-006468	Clearwater Trading Private Limited	322 Stonebridge Main, Clearwater Nagar, Surat	IN
S1-006469	Summit Solutions Incorporated	172 Northgate Road, Kestrel Park, Akron	United States
S1-006470	Ravenwood Ravenwood Textiles Private Limited	247 Apex Mn Brightpath Nagar Surat 591315	India
S1-006471	Redwood Solutions Corporation	179 Falcon Road,Northgate Park, Mobile, OH, 67908	United States
S1-006472	Maplecrest Goldleaf Foods Corporation	333 Quarry Street Near Exit 14 Silverlinee Park Tacoma IL 15507	US
S1-006473	Harbor Services Limited Liability Company	165 Falcon Boulevard Maplecrest Park Lubbock CA 81208	United States
S1-006474	Ravenwood Logistics Private Limited	152 Silverline Marg, Silverline Nagar, MP, 970716, Nagpur	India
S1-006475	Bluepeak Packaging Company	80 Glodleaf Boulevard, Mobile, 94569	US
S1-006476	Apex Packaging Corporation	216 Ravenwood Ave Ironwood Park Fresno	US
S1-006477	Cobalt Electricals Private Limited	243 Goldleaf Main, Orchid Nagar, Jaipur, Tamil Nadu, 713560	India
S1-006478	Vertex Logistics Private Limited	300 Brightpath Cross, Lantern Nagar, Coimbatore, Maharashtra, 699894	IN
S1-006479	Thistle Solutions Company	20 Vertex Boulevard, Juniper Park, Lubbock, 92315	USA
S1-006480	Brightpath Fabrics Corporation	23 Apex Ave, Lantern Park, Mobile	USA
S1-006481	Meridian Chemicals Private Limited	351 Cobalt Cross, Surat, Mahraashtra, 204397	IN
S1-006482	Kestrel Packaging Corporation	Near Exit 14, 13/66 Brightpaht Rd, Peoria, WA	US
S1-006483	Silverline Systems Private Limited	156 Onyx Cross, Clearwater Nagar, Coimbatore, 344262	India
S1-006484	Cobalt Ravenwood Services Corporation	91 Bluepeak Boulevard, Near Exit 14, Fresno, TX	US
S1-006485	Sunstone Electricals Limited	82 Bluepeak Main Lantern NagarSurat Gujarat 501441	IN
S1-006486	Bluepeak Enterprises Private Limited	2/75 Lantern Marg, Behind Ganesh Temple, Pune, Rajasthan	India
S1-006487	Northgate Clearwater Textiles Company	Fresno, 39 Silverline  Rd	United States
S1-006488	Goldleaf Brightpath Electricals Limited Liability Company	253 Lantern Street, Ironwood Park, Near Exit 14, Moble, OH	US
S1-006489	Brightpath Redwood Systems Corporation	80 Cobalt Avenue, Behind the Civic Center, Peoria, 12009, IL	United States
S1-006490	Harbor Textiles Private Limited	386 Maplecrest Main, Behind Ganesh Temple, Indore, Rajasthan, 830500	IN
S1-006491	Maplecrest Foods Corporation	175 Harbor Ave, Thistle Park, Akron, IL	US
S1-006492	Onyx Solutions Corporation	Near Exit 14, 19 Lantern Avenue, Meridian Park, Fresno, 20441	United States
S1-006493	Quarry Electricals Private Limited	281 Thistle Road, Stonebridge Nagar, Coimbatore	IN
S1-006494	Kestrel Sunstone Consultancy Limited Liability Company	94 Clearwater Road, Fresno, 80564	US
S1-006495	Meridian Enterprises Corporation	365 Brightpath Drive, Brightpath Park, Fresno, AL	USA
S1-006496	Lantern Industries Private Limited	4 Quarry Marg Surat Kerala 858011	IN
S1-006497	Thistle Solutions Limited Liability Company	52 Falcon Rd, Goldleaf Park, Peoria, CA	United States
S1-006498	Kestrel Logistics Limited Liability Company	334 Lantern St, Kestrel Park, Lubbock, AL	US
S1-006499	Redwood Motors Incorporated	18/5 Apex Blvd, Tacoma, 47256, Brightpath Park	US
S1-006500	Apex Meridian Trading Private Limited	225 Ravenwood Rd, Maplecrest Nagar, Kochi, MP	India
S1-006501	Thistle Motors Limited	136 Juniper Mn Vertex Nagar Kochi Rajasthan	IN
S1-006502	Silverline Foods Private Limited	150 Clearwater Marg Onyx Nagar Coimbatore 509272	IN
S1-006503	Onyx Consultancy Limited Liability Company	32 Meridian Street, Mobile, OH, 14077	USA
S1-006504	Redwood Textiles Private Limited	333 Silverline Rd, Clearwater Nagar, Indore, Tamil Nadu, 422821, Near Metro Pillar 42	India
S1-006505	Maplecrest Fabrics Limited	115 Kestrel Street, Lantern Nagar, Coimbatore, 949371	IN
S1-006506	Sunstone Electricals Corporation	335 Sunstone Boulevard Behind the Civic Center Brightpath Park Akron TX 29866	USA
S1-006507	Cobalt Services Private Limited	332 Northgate Street, Coimbatore, 115012	India
S1-006508	Quarry Services Private Limited	142 Kestrel Crs Goldleaf Nagar Jaipur Kerala 413897	India
S1-006509	Meridian Cobalt Packaging Private Limited	95 Redwood Crs Thistle Nagar Kochi 878291 MP	India
S1-006510	Cobalt Quarry Packaging Private Limited	299 Clearwater Crs, Opp. Bus Depot, Quarry Nagar, Jaipur, MP, 215009	India
S1-006511	Falcon Chemicals Company	168 Quarry St Orchid Park Peoria 54151	United States
S1-006512	Lantern Services Private Limited	Near Metro Pillar 42, 194 Kestrel Mn, Quarry Nagar, Indore, 946097	India
S1-006513	Cobalt Silverline Industries Incorporated	36/29 Summit Boulevard, Goldleaf Park, Near Exit 14, Fresno, 42185	USA
S1-006514	Vertex Services Private Limited	49 Lantern Main, Indore, Kerala	IN
S1-006515	Onyx Industries Private Limited	349 Falcon Cross, Goldleaf Nagar, Jaipur, 691701	IN
S1-006516	Vertex Stonebridge Foods Corporation	257 Maplecrest Boulevard, Akron, TX, 26611	USA
S1-006517	Stonebridge Packaging Private Limited	303 Ironwood St, Ironwood Nagar, Pune, Maharashtra	India
S1-006518	Summit Consultancy Private Limited	41 Orchid Cross, Falcon Nagar, Nagpur, Gujarat, 226656	IN
S1-006519	Apex Trading Limited Liability Company	8 Quaarry Boulevard Harbor Park Austin OH 73482	United States
S1-006520	Ironwood Services Private Limited	371 Maplecrest Marg Goldleaf Nagar Pune Kerala 203008	India
S1-006521	Maplecrest Packaging Private Limited	140 Thistle Road, Northgate Nagar, Kcohi, 381885	India
S1-006522	Quarry Thistle Logistics Private Limited	92 Orchid Main, Kochi, Kerala, 258333	India
S1-006523	Vertex Vertex Industries Limited	185 ClearwaterM ain, Jaipur, Rajasthan, 605391	IN
S1-006524	Falcon Industries Private Limited	Opp. Bus Depot, 382 Kestrel Cross, Vertex Nagar, Indore, 550718	India
S1-006525	Harbor Systems Private Limited	Vertex Nagar Surat Maharashtra 305359 189 Cobalt Street	IN
S1-006526	Falcon Ravenwood Textiles Private Limited	345 Thistle Mn, Silverline Nagar, Kochi, 975346, Near Metro Pillar 42	IN
S1-006527	Sunstone Cobalt Enterprises Private Limited	25/73 Lantern Marg, Lantern Nagar, Surat	India
S1-006528	Vertex Redwood Logistics Private Limited	178 Brightpath Marg, Thistle Nagar, Jaipur, MP, 509514	IN
S1-006529	Clearwater Solutions Company	8 Maplecrest Road, Austin, 92520	USA
S1-006530	Silverline Chemicals Limited	169 Thistle Crs Nagpur Kerala	India
S1-006531	Meridian Systems Corporation	117 Thistle St, Maplecrest Park, Austin, TX	United States
S1-006532	Kestrel Chemicals Corporation	70 Sunstone Rd, Thistle Park, Tacoma, TX, 49955	US
S1-006533	Silverline Consultancy Private Limited	124 Meridian St, Vertex Nagar, Nagpur, Rajasthan, 806996	India
S1-006534	Juniper Textiles Private Limited	317 Silverline Crs, Ravenwood Nagar, Indore, Maharashtra, 413561	IN
S1-006535	Stonebridge Falcon Systems Limited	70 Cobalt Crs, Falcon Nagar, Coimbatore	India
S1-006536	Goldleaf Foods Company	319 Quarry Ave, Falcon Park, Mobile, 12461	US
S1-006537	Vertex Foods Incorporated	393 Sunstone Drive, Akron, AL	USA
S1-006538	Falcon Services Limited Liability Company	32/8 Redwood Dr, Falcon Park, Fresno	USA
S1-006539	Juniper Enterprises Private Limited	42 Juniper St, Silverline Nagar, Kochi, Tamil Nadu, 154079	India
S1-006540	Meridian Motors Corporation	194 Ravenwood Drive, Quarry Park, Lubbock, AL, 89758	US
S1-006541	Northgate Packaging Private Limited	2/38 Harbor Mn, Lantern Nagar, Kochi, 688490	IN
S1-006542	Northgate Logistics Limited	305 Harbor Rd, Summit Nagar, Coimbatore, Gujarat	IN
S1-006543	Brightpath Motors Private Limited	25/60 Northgate Cross, Pune, 862965	IN
S1-006544	Summit Kestrel Motors Limited Liability Company	22 Sunstone Road, MaplecrestP ark, Peoria, IL	USA
S1-006545	Goldleaf Logistics Limited Liability Company	313 Brightpath Drive Goldleaf Park Fresno	USA
S1-006546	Harbor Enterprises Limited Liability Company	248 Goldleaf Street, Redwood Park, Tacoma, AL, 68267	United States
S1-006547	Stonebridge Consultancy Private Limited	123 Ironwood Rd Quarry Nagar Surat Maharashtra 140317	IN
S1-006548	Stonebridge Juniper Consultancy Limited Liability Company	196 Brightpath Boulevard, Bluepeak Park, Lubbock, 45633	US
S1-006549	Thistle Textiles Company	114 Kestrel Avenue, Orchid Park, Lubbck, IL	USA
S1-006550	Harbor Fabrics Limited Liability Company	313 Orchid Blvd, Summit Park, Fresno, TX, 89735	United States
S1-006551	Clearwater Silverline Trading Private Limited	26 Quarry Road, Silverline Nagar, Indore, 805222	IN
S1-006552	Cobalt Chemicals Limited	56 Redwood Mn, Quarry Nagar, Opp. Bus Depot, Jaipur, Gujarat, 229259	IN
S1-006553	Thistle Stonebridge Systems Company	Near Exit 14, 320 Ironwood St, Rewood Park, Fresno, 28687	United States
S1-006554	Brightpath Foods Private Limited	18 Ironwood Crs, Jaipur, 243030	India
S1-006555	Onyx Systems Private Limited	206 Lantern Mn, Northgate Nagar, Indore, 669824	IN
S1-006556	Falcon Trading Private Limited	5 Juniper Mn, Surat, MP	IN
S1-006557	Ironwood Trading Private Limited	27 Kestrel Main, Goldleaf Nagar, Nagpur, Tamil Nadu, 441292	India
S1-006558	Ravenwood Silverline Systems Limited	25 Juniper Main, Maplecrest Nagar, Indore, Maharashtra, 259451	IN
S1-006559	Goldleaf Textiles Limited Liability Company	219 Falcon Blvd, Goldleaf Park, Fresno, 62721	USA
S1-006560	Ravenwood Consultancy Limited	Opp. Bus Depot, 136 Maplecrest Street, Indore, 866674	IN
S1-006561	Harbor Industries Private Limited	Near SBI ATM, 10 Redwood St, Cobalt Nagar, Surat, 793835	India
S1-006562	Meridian Ravenwood Industries Private Limited	105 Thistlle Road, Falcon Nagar, Indore	IN
S1-006563	Northgate Motors Private Limited	Near SBI ATM 108 Falcon Rd Indore	India
S1-006564	Juniper Stonebridge Services Corporation	369 Sillverline Ave, Tacoma, 69199	United States
S1-006565	Onyx Maplecrest Motors Private Limited	228 Maplecrest St, Ravenwodo Nagar, Indore	IN
S1-006566	Silverline Vertex Foods Limited	218 Northgate Crs, Cobalt Nagar, Nagpur	IN
S1-006567	Kestrel Solutions Limited Liability Company	Opp. City Library, 14/13 Brightpath St, Orchid Park, Austin, TX, 67297	United States
S1-006568	Lantern Solutions Private Limited	283 Vertex Street Summit Nagar Surat Rajasthan 434543	IN
S1-006569	Ravenwood Textiles Limited Liability Company	189 Maplecrest Dr, Harbor Park, Peoria, 63853	US
S1-006570	Sunstone Falcon Electricals Incorporated	388 Redwood Boulevard, Summit Park, Mobile, OH, 12399	USA
S1-006571	Cobalt Systems Incorporated	23/55 Ironwood Blvd Harbor Park Peoria	United States
S1-006572	Bluepeak Enterprises Incorporated	279 Silverline Blvd, Redwood Park, Near Exit 14, Fresno, 85141	USA
S1-006573	Redwood Brightpath Systems Incorporated	150 Maplecrest Ave, Opp. City Library, Kestrel Park, Austin, TX	United States
S1-006574	Juniper Foods Limited	329 Redwood Street, Vertex Nagar, Surat, MP, 351397	India
S1-006575	Silverline Fabrics Private Limited	324 Ravenwood Marg, Thistle Nagar, Indore, Kerala, 759064	India
S1-006576	Maplecrest Trading Limited	Near Metro Pillar 42, 352 Maplecrest St, Jaipur, MP, 179088	IN
S1-006577	Goldleaf Motors Limited Liability Company	12/33 Kestrel Road, Redwood Park, Peoria, AL, 27156	USA
S1-006578	Silverline Services Limited	37 Ravenwood St, Near SBI ATM, Maplecrest Nagar, Jaipur, 971043	IN
S1-006579	Bluepeak Systems Corporation	363 Redwood Road Mobile WA	United States
S1-006580	Meridian Motors Private Limited	103 Clearwater Crs, Clearwater Nagar, Nagpur	IN
S1-006581	Kestrel Fabrics Limited Liability Company	302 Quarry Blvd, Peoria, OH, Opp. City Library	United States
S1-006582	Silverline Solutions Incorporated	102 Juniper Drive, Clearwater Park, Austin, 83445	USA
S1-006583	Silverline Logistics Corporation	199 Northgate St, Meridian Park, Behind the Civic Center, Fresno, OH	USA
S1-006584	Apex Motors Private Limited	377 Ironwood Marg, Northgate Nagar, Nagpur, 955143	India
S1-006585	Harbor Fabrics Corporation	218 Ironwood St, Peoria	United States
S1-006586	Meridian Industries Limited	358 Meridian Crs, Vertex Nagar, Coimbatore, MP	India
S1-006587	Redwood Electricals Limited	34/53 Onyx St Nagpur Kerala 763310	India
S1-006588	Onyx Foods Private Limited	307 uSnstone Cross, Nagpur, Kerala, 909544	India
S1-006589	Brightpath Solutions Limited	2994 Brightpath Main, Surat, MP, 263221	India
S1-006590	Brightpath Sunstone Motors Limited	230 Sunstone Crs, Near SBI ATM, Jaipur, Rajasthan, 409026	IN
S1-006591	Harbor Goldleaf Consultancy Limited Liability Company	246 Lantern Rd, Falcon Park, Lubbock, CA, 28004	USA
S1-006592	Maplecrest Chemicals Limited	13/81 Northgate Street, Stonebridge Nagar, Kochi, Rajasthan, 996238	India
S1-006593	Lantern Systems Limited	335 Quarry Rd, Silverline Nagar, Coimbatore, Kerala, 772329	India
S1-006594	Goldleaf Juniper Trading Corporation	40 Thistle Road, Goldleaf Park, Akron, AL, 67854	USA
S1-006595	Northgate Logistics Limited Liability Company	33 Apex Drive Lantern Park Lubbock OH	United States
S1-006596	Apex Solutions Limited	103 Orchid St, Juniper Nagar, Jaipur, Gujarat, 280844	IN
S1-006597	Ravenwood Fabrics Private Limited	22 Kestrel Marg, Thistle Nagar, Nagpur, MP, 864396	India
S1-006598	Juniper Services Limited	228 Goldleaf Cross, Brightpath Nagar, Coimbatore, MP, 970938	India
S1-006599	Silverline Motors Incorporated	351 Ravenwood St, Silverline Park, Tacoma, AL, 97410	US
S1-006600	Ravenwood Motors Private Limited	334 Kestrel Rd, Clearwater Nagar, Nagpur, 138272	IN
S1-006601	Orchid Solutions Private Limited	70 Clearwater Road, Meridian Nagar, Indore, Kerala	India
S1-006602	Silverline Industries Limited	234 Apex Crs Juniper Nagar Kochi 657018	IN
S1-006603	Apex Sunstone Enterprises Corporation	387 Falco Avenue, Lubbock, CA, 71912	US
S1-006604	Onyx Electricals Company	128 Goldleaf Boulevard, Austin, IL,, 16798	US
S1-006605	Falcon Solutions Company	36 Orchid Street Onyx Park Lubbock AL 39537	USA
S1-006606	Onyx Brightpath Chemicals Company	31/23 Redwood Blvd Harbor Park Akron 39156	United States
S1-006607	Brightpath Services Limited	226 Sunstone St, Onyx Nagar, Pune, Kerala, 482143	IN
S1-006608	Bluepeak Consultancy Limited	33 Redwood Mn, Northgate Nagar, Nagpur, Maharashtra	India
S1-006609	Brightpath Electricals Limited	102 Orchid Cross, Pune	IN
S1-006610	Redwood Foods Company	265 Ironwood Street, Austin, IL, 80811	US
S1-006611	Kestrel Textiles Incorporated	16/89 Thistle Ave, Peoria, TX, 86404	US
S1-006612	Lantern Services Private Limited	4/53 Goldleaf Street, Bluepeak Nagar, Pune, Rajasthan, 743473	IN
S1-006613	Cobalt Solutions Corporation	337 Summit Boulevard, Stonebridge Park, Akron, 93230, AL	USA
S1-006614	Kestrel Trading Private Limited	307 Summit Main, Ironwood Nagar, Indore, Rajasthan	IN
S1-006615	Brightpath Systems Private Limited	Opp. Bus Depot, 31 Falcon Rd, Clearwater Nagar, Surat, 525321	IN
S1-006616	Bluepeak Chemicals Limited	311 Onyx Street, Goldleaf Nagar, Indore, 516096	IN
S1-006617	Stonebridge Solutions Private Limited	367 Brightpath Marg Falcon Nagar Kochi Tamil Nadu	India
S1-006618	Apex Trading Limited	362 Vrtex Street, Surat, Kestrel Nagar	IN
S1-006619	Vertex Maplecrest Chemicals Incorporated	2/89 Kestrel Ave, Ironwood Park, Peoria, 32860	USA
S1-006620	Goldleaf Textiles Limited Liability Company	162 Kestrel Blvd, Peoria, CA, Maplecrest aPrk	US
S1-006621	Silverline Services Corporation	14/81 Sunstone Avenue Peoria OH 39739	US
S1-006622	Lantern Enterprises Private Limited	288 Quarry Main Kochi 655534 Kestrel Nagar	IN
S1-006623	Onyx Packaging Limited Liability Company	154 Falcon Road Austin 82919	USA
S1-006624	Brightpath Services Company	398 Brightpath Avenue, Thistle Park, Mobile, H	US
S1-006625	Ravenwood Enterprises Limited Liability Company	28/29 Ironwood Street, Redwood Park, Austin	United States
S1-006626	Brightpath Goldleaf Solutions Limited Liability Company	288 Quarry St Ironwood Park Akron OH 50779	US
S1-006627	Kestrel Textiles Incorporated	292 Vertex Drive, Tacoma, 19836	USA
S1-006628	Goldleaf Motors Incorporated	347 Lantern Blvd, Near Exit 14, Maplecrest Park, Fresno, 11151	USA
S1-006629	Summit Motors Limited Liability Company	107 Orchid Street, Silverline Park, Austin, OH, 24681	United States
S1-006630	Orchid Services Limited Liability Company	Behind the Civic Center, 295 Silverline Road, Mobile, CA, 79891	USA
S1-006631	Apex Electricals Incorporated	44 Onyx St Peora TX 37696	USA
S1-006632	Maplecrest Enterprises Private Limited	40 Summit Road, Falcon Nagar, Pune, Tamil Nadu, 717686	India
S1-006633	Clearwater Systems Limited	Redwood Nagar, Indore, Gujarat, 281 Orchid Marg	India
S1-006634	Meridian Cobalt Consultancy Company	Behind the Civic Center, 9 Sunstone Rd, Akron	United States
S1-006635	Stonebridge Cobalt Industries Corporation	241 Meridian Dr, Sunstone Park, Fresno, OH	United States
S1-006636	Vertex Falcon Chemicals Corporation	Near Exit 14, 303 Goldleaf Dr, Peoria, TX, 81882	US
S1-006637	Orchid Services Incorporated	209 Meridian Road Ravenwood Park Austin OH 81508	United States
S1-006638	Northgate Logistics Private Limited	342 Ravenwood Street, Onyx Nagar, Kerala, 706990, Coimbatore	IN
S1-006639	Onyx Electricals Limited Liability Company	78 Kestrel Street,Summit Park, Fresno, OH, 58524	US
S1-006640	Northgate Ironwood Industries Limited	220 Kestrel Crs, Kochi, 164529	IN
S1-006641	Bluepeak Bluepeak Consultancy Limited	74 Lantern Cross, Maplecrest Nagar, Kochi, 299657	India
S1-006642	Orchid Textiles Private Limited	175 Harbo Main Quarry Nagar Pune	India
S1-006643	Bluepeak Motors Private Limited	215 Meridian Marg, Juniper Nagar,, Jaipur, 987212	India
S1-006644	Vertex Solutions Private Limited	26 Redwood Marg, Juniper Nagar, Kochi, Rajasthan	India
S1-006645	Meridian Trading Limited	245 Silverline Rd, Thistle Nagar, Jaipur, Maharashtra, 981067	IN
S1-006646	Clearwater Solutions Private Limited	372 Falcon Cross, Indore	IN
S1-006647	Maplecrest Packaging Incorporated	315 Quarry Blvd, Kestrel Park, Fresno, IL, 56128	USA
S1-006648	Redwood Brightpath Fabrics Company	224 Silverline Road, Ravenwood Park, Tacoma, OH, 80712	US
S1-006649	Ravenwood Harbor Foods Incorporated	39/1 Thistle Avenue, Tacoma, 21244	United States
S1-006650	Kestrel Textiles Limited Liability Company	Near Exit 14, 267 Silverline Blvd, Akron, 90454, Vertex Park	United States
S1-006651	Apex Industries Incorporated	246 Apex Avenue, Behind the Civic Center, Goldleaf Park, Fresno, AL, 46353	USA
S1-006652	Ironwood Trading Private Limited	332 Orchid Marg, Clearwater Nagar, Coimbatore, MP	IN
S1-006653	Harbor Vertex Foods Private Limited	386 Apex Road Quarry Nagarr Nagpur 450796	India
S1-006654	Vertex Trading Corporation	27/51 Clearwater Avenue, Meridian Park, Fresno, TX	USA
S1-006655	Sunstone Consultancy Limited	294 Redwod Street, Pune, 851560	India
S1-006656	Bluepeak Packaging Limited	310 Harbor Street, Kestrel Nagar, Jaipur, MP, 985285	IN
S1-006657	Lantern Summit Fabrics Company	288 Lantern St, Sunstone Park, Mobile, AL, 11555	United States
S1-006658	Summit Redwood Industries Limited Liability Company	252 Clearwater Boulevard, Maplecrest Park, Austin, CA	United States
S1-006659	Summit Services Company	Behind the Civic Center, 282 Harbor Blvd, Tacoma, 80671	US
S1-006660	Ravenwood Fabrics Corporation	98 Juniper Street Brightpath Park Fresno 89175	US
S1-006661	Stonebridge Lantern Packaging Private Limited	29 Silverline Street, Nagpur, Kerala	India
S1-006662	Apex Onyx Textiles Limited	128 Silverline Street, Opp. Bus Depot, Kochi, MP,, 160640	India
S1-006663	Kestrel Clearwater Services Corporation	372 Northgate Rd, Clearwater Park, Mobil,e WA, 30705	United States
S1-006664	Kestrel Solutions Company	338 Ravenwood St Summit Park Akron WA	USA
S1-006665	Harbor Onyx Chemicals Private Limited	345 Redwood Crs, Jaipur, Gujarat, 656508	IN
S1-006666	Brightpath Motors Limited	115 Vertex Road, Cobalt Nagar, Nagpur, Kerala, 289857	IN
S1-006667	Falcon Ironwood Logistics Limited Liability Company	178 Falcon Blvd Redwood Park Mobiel OH	US
S1-006668	Juniper Industries Private Limited	345 Ironwood Crs, Stonebridge Nagar, Kochi, 925347	IN
S1-006669	Thistle Fabrics Corporation	100 Thistle Rd, Northgate Park, Tacoma	US
S1-006670	Maplecrest Packaging Private Limited	155 Silverline Mn, Kestrel Nagar, Pune, Gujarat	IN
S1-006671	Quarry Logistics Corporation	398 KestrelA ve, Lubbock	US
S1-006672	Ironwood Fabrics Limited	355 Thistle Marg, Kestrel Nagar, Jaipur, MP	IN
S1-006673	Clearwater Services Private Limited	27/17 Stonebridge Street, Juniper Nagar, Kerala, Surat	IN
S1-006674	Sunstone Packaging Incorporated	67 Juniper Road, Vertex Park, Peoria, AL, 53542	USA
S1-006675	Vertex Silverline Solutions Private Limited	163 Ironwood Mn, Silverline Nagar, Pune, Tamil Nadu, 609345	India
S1-006676	Meridian Packaging Private Limited	197 Meridian Rd, Opp. Bus Depot, Vertex Nagar, Indore, Gujarat, 162391	India
S1-006677	Juniper Ironwood Chemicals Limited	91 Summit Street, Bluepeak Nagar, Jaipur, Gujarat	India
S1-006678	Kestrel Electricals Private Limited	158 Orchid Marg, Harbor Nagar, Surat, 509637	India
S1-006679	Quarry Sunstone Textiles Limited	370S ummit Mn Brightpath Nagar Surat Tamil Nadu 868526	IN
S1-006680	Stonebridge Textiles Private Limited	361 Apex Marg Stonebridge Nagar Kochi	IN
S1-006681	Cobalt Consultancy Incorporated	237 Goldleaf St, Ironwood Park, Lubbock, WA	United States
S1-006682	Ravenwood Fabrics Corporation	188 Stonebridge Boulevard, Falcon Park, Peoria, IL	United States
S1-006683	Vertex Systems Limited	315 Apex St, Summit Nagar, Kochi, 458463	IN
S1-006684	Redwood Harbor Systems Limited Liability Company	149 Sunstone Ave, Redwood Park, Lubbock	US
S1-006685	Goldleaf Industries Corporation	Northgate Park, Austin, 21/42 Meridian Ave	USA
S1-006686	Goldleaf Ravenwood Systems Limited Liability Company	Orchid Park, Fresno, AL, 94339, 211 Apex Street	USA
S1-006687	Bluepeak Textiles Limited Liability Company	132 Cobalt Road, Near Exit 14, Cobalt Park, Lubbock, TX, 74744	United States
S1-006688	Redwood Fabrics Limited Liability Company	128 Harbor Avenue Behind the Civic Center Silverline Park Austin AL	United States
S1-006689	Falcon Falcon Textiles Private Limited	266 Lantern Marg, Nagpur, Maharashtra	IN
S1-006690	Vertex Services Company	382 Apex Avenue, Ravenwood Park, Behind the Civic Center, Austin, AL, 95017	United States
S1-006691	Bluepeak Services Incorporated	356 Meridian Road, Meridian Park, Austin, CA, 39721	United States
S1-006692	Bluepeak Logistics Limited	27 Goldleaf Main, Nagpur, Tamil Nadu, 709406	IN
S1-006693	Kestrel Services Limited Liability Company	161 Cobalt Blvd, Ravenwood Park, Mobile, 35638	USA
S1-006694	Onyx Cobalt Services Corporation	8 Thistle Drive, Ironwood Park, Peoria, WA	US
S1-006695	Sunstone Textiles Private Limited	28/24 Meridian Marg, Opp. Bus Depot, Surat, Rajasthan	India
S1-006696	Ironwood Harbor Foods Incorporated	141 Northgate Street, Redwood Park, Peoria	USA
S1-006697	Thistle Enterprises Limited Liability Company	46 Summit Avenue, Fresno, OH, 50992	USA
S1-006698	Silverline Enterprises Corporation	396 Silverline Rd, Ironwood Park, Peoria, AL	US
S1-006699	Sunstone Solutions Corporation	3/15 Maplecrest Dr, Austin, TX, 28828	United States
S1-006700	Orchid Services Limited	319 Meridian Crs Thistle Nagar Nagpur 777111	IN
S1-006701	Silverline Apex Chemicals Private Limited	90 Clearwater Marg, Pune, Kerala, 116259	IN
S1-006702	Falcon Industries Limited	Near Metro Pillar 42, 212 Silverline Marg, Goldleaf Nagar, Kochi, Rajasthan	IN
S1-006703	Juniper Textiles Limited	Near SBI ATM 40 Quarry Cross Clearwater Nagar Pune MP 328053	IN
S1-006704	Apex Fabrics Limited Liability Company	50 Cobalt St, Maplecrest Park, Fresno, OH	United States
S1-006705	Sunstone Electricals Private Limited	211 Clearwater Cross Sunstone Nagar Nagpur Tamil Nadu 308760	India
S1-006706	Sunstone Packaging Limited	260 Ravenwood Marg, Pune, Kerala, 260819	India
S1-006707	Kestrel Fabrics Private Limited	225 Orchid Main, Nagpur, MP, 744092	India
S1-006708	Sunstone Industries Private Limited	258 Orchid Marg, Northgate Nagar, Indore, Maharashtra, 227605	India
S1-006709	Cobalt Vertex Textiles Private Limited	241 Cobalt Cross, Falcon Nagar, Jaipur, Maharashtra	IN
S1-006710	Northgate Systems Company	9 ummit Ave, Redwood Park, Tacoma, OH, 75915	United States
S1-006711	Summit Vertex Consultancy Company	99 MMeridian Rd, Ironwood Park, Akron, 97060	US
S1-006712	Apex Textiles Private Limited	295 Silverline Road, Meridian Nagar, Kochi, MP	IN
S1-006713	Orchid Systems Limited Liability Company	225 Redwood Boulevard, Peoria, CA, 38780	US
S1-006714	Ironwood Falcon Packaging Company	310 Quarry St, Mobile, CA, 79813, Harbor Park	US
S1-006715	Orchid Electricals Private Limited	151 Falcon Marg, Kochi, Rajasthan	IN
S1-006716	Ravenwood Textiles Private Limited	21 Harbor Mn, Pune, Gujarat, 487762, Clearwater Nagar	India
S1-006717	Falcon Foods Limited Liability Company	366 Maplecrest Drive, Lantern Park, Fresno, 64659	US
S1-006718	Kestrel Redwood Solutions Company	121 aLntern Ave, Mobile, AL, 94408	USA
S1-006719	Ravenwood Ravenwood Trading Corporation	345 Harbor Boulevard Austin TX 95327	United States
S1-006720	Juniper Fabrics Corporation	285 Summit Drive, Ravenwood Park, Mobile, 62508	USA
S1-006721	Cobalt Enterprises Limited	274 CobaltM arg, Nagpur	India
S1-006722	Orchid Redwood Textiles Corporation	1/49 Lantern Street, Fresno	US
S1-006723	Lantern Foods Private Limited	154 Bluepeak Crs Quarry Nagar Coimbatore MP 389698	India
S1-006724	Lantern Foods Incorporated	Near Exit 14, 12/84 Thistle Blvd, Sunstone Park, Akron, AL	United States
S1-006725	Brightpath Enterprises Limited Liability Company	Behind the Civic Center, 35/10 Thistle Avenue, Ravenwood Park, Fresno, HO	United States
S1-006726	Juniper Trading Company	34/10 Ironwood Dr, Mobile, 77809	US
S1-006727	Stonebridge Goldleaf Chemicals Incorporated	1/54 Apex Rd, Apex Park, Austin, IL, 90035	United States
S1-006728	Juniper Ravenwood Motors Limited	328 Kestrel Marg, Clearwater Nagar, Kochi, MP, 434988	India
S1-006729	Bluepeak Quarry Enterprises Private Limited	169 Bluepeak Crs, Pune, MP, 264301	India
S1-006730	Sunstone Packaging Incorporated	119 Stonebridge Boulevard Harbor Park Akron 88771	US
S1-006731	Juniper Foods Corporation	Harbor Park, Fresno, OH, 50099, 158 Thistle Avenue	US
S1-006732	Bluepeak Lantern Trading Incorporated	Near Exit 14 347 Thistle Boulevard Lubbock	United States
S1-006733	Onyx Consultancy Limited Liability Company	25 Ironwood Dr, Juniper Park, Peoria	USA
S1-006734	Maplecrest Quarry Solutions Private Limited	Opp. Bus Depot, 64 Meridian Marg, Thistle Nagar, Pune, Maharashtra	IN
S1-006735	Sunstone Foods Limited	132 Sunstone Mn, Bluepeak Nagar, Nagpur, 686059	India
S1-006736	Ironwood Consultancy Corporation	272 Apex Blvd, Harbor Park, Near Exit 14, Peoria, TX, 62410	USA
S1-006737	Northgate Redwood Textiles Limited	144 Thistle Main Apex NagarK ochi Rajasthan	India
S1-006738	Stonebridge Chemicals Private Limited	1330 Thistle Street, Sunstone Nagar, Nagpur, Kerala	India
S1-006739	Silverline Packaging Limited Liability Company	292 Cobalt Dr, Lantern Park, Tacoma, 44324	United States
S1-006740	Orchid Chemicals Private Limited	115 Vertex Main, Meridian Nagar, Behind Ganesh Temple, Pune, Tamil Nadu, 418985	India
S1-006741	Summit Services Incorporated	239 Thistle Drive Near Exit 14 Brightpath Park Lubbock	USA
S1-006742	Ironwood Trading Incorporated	55 Clearwater Blvd, Kestrel Park, Peoria, WA	USA
S1-006743	Vertex Enterprises Private Limited	196 Falcon Marg Onyx Nagar Coimbatore	IN
S1-006744	Orchid Consultancy Private Limited	Behind Ganesh Temple, 158 Kestrel Cross, Vertex Nagar, Coimbatore, 191135	India
S1-006745	Harbor Packaging Company	375 Stonebridge St, Falcon Park, Peoria,  CA	United States
S1-006746	Lantern Consultancy Private Limited	347 Thistle Mn, Coimbatore, Kerala	India
S1-006747	Kestrel Solutions Limited	254 Stonebridge Crs, Maplecrest Nagar, Kochi, Rajasthan	India
S1-006748	Quarry Enterprises Company	391 Stonebridge Rd, Lubbock	United States
S1-006749	Orchid Enterprises Limited	165 Lantern St, Meridian Nagar, Surat, Rajasthan, 532665	India
S1-006750	Clearwater Motors Private Limited	33/50 Quarry Road, Summit Nagar, Nagpur, Rajasthan	India
S1-006751	Juniper Enterprises Private Limited	23/67 Bluepeak Marg, Opp. Bus Depot, Meridian Nagar, Pune	India
S1-006752	Orchid Solutions Incorporated	150 Vertex St, Falcon Park, Tacoma, CA, 58778	US
S1-006753	Falcon Motors Limited	227 Ravenwood Road, Kestrel Nagar, Kochi, 175836	IN
S1-006754	Stonebridge Consultancy Private Limited	30 Summit Main, Jaipur, 577001	India
S1-006755	Kestrel Sunstone Chemicals Company	199 Ravenwood Drive, Bluepea kPark, Austin, OH	US
S1-006756	Falcon Silverline Motors Limited	51 Redwood Road, Coimbatore, Gujarat, 551353	India
S1-006757	Falcon Industries Private Limited	15 Harbor Road, Pune, Gujarat	India
S1-006758	Brightpath Packaging Limited Liability Company	225 Bluepea kRd, Mobile, 48680	USA
S1-006759	Redwood Logistics Private Limited	224 Northgate Main Vertex Nagar Indore Tamil Nadu 767241	India
S1-006760	Falcon Solutions Limited	77 Meridian Marg Surat Rajasthan 441504	India
S1-006761	Sunstone Silverline Foods Private Limited	Near Metro Pillar 42 10 Onyx Marg Kochi Gujarat	IN
S1-006762	Apex Textiles Incorporated	272 Brightpath Dr, Orchid Park, Lubbock	US
S1-006763	Harbor Logistics Limited	1 Thistle Road, Behind Ganesh Temple, Harbor Nagar, Jaipur, Gujarat	IN
S1-006764	Sunstone Trading Limited	339 Silverline Marg Maplecrest Nagar Jaipur 316272	IN
S1-006765	Lantern Vertex Systems Private Limited	220 Bluepeak Street Northgate Nagar Jaipur 385746	India
S1-006766	Brightpath Chemicals Private Limited	30 Brightpath St, Near Metro Pillar 42, Maplecrest Nagar, Nagpur, MP, 559919	India
S1-006767	Sunstone Foods Limited	326 Redwood Marg, Surat, Kerala	India
S1-006768	Stonebridge Stonebridge Logistics Private Limited	333S ilverline Mn, Ravenwood Nagar, Nagpur, Kerala	India
S1-006769	Vertex Services Company	52 Orchid Drivve, Maplecrest Park, Fresno	USA
S1-006770	Summit Consultancy Limited Liability Company	42 Kestrel Ave, Maplecrest Park, Akron, IL	United States
S1-006771	Juniper Northgate Trading Corporation	258 Silverline Road, Ravenwood Park, Mobile, TX, 10529	USA
S1-006772	Lantern Consultancy Corporation	46 Meridian Dr, Orchid Park, Austin, 35787	United States
S1-006773	Juniper Consultancy Company	Behind the Civic Center, 351 Northgate Blvd, Sunstone Park, Peoria, CA, 12265	USA
S1-006774	Meridian Industries Limited Liability Company	Opp. City Library 2 Sunstone St Harbor Park Austin AL	United States
S1-006775	Ravenwood Packaging Private Limited	345 Meridian Marg, Opp. Bus Depot, Coimbatore, Tamil Nadu	India
S1-006776	Apex Electricals Limited	358 Ravenwood Cross, Pune, Maplecrest Nagar	India
S1-006777	Kestrel Fabrics Private Limited	180 Meridian Crs, Surat	India
S1-006778	Maplecrest Logistics Limited	Opp. Bus Depot, 30/64 Thistle Main, Thistle Nagar, Nagpur, Maharashtra, 905121	IN
S1-006779	Goldleaf Trading Company	264 Brightpath Drive, Behind the Civic Center, Falcon Park, Lubbock, TX	United States
S1-006780	Onyx Goldleaf Enterprises Corporation	321 Harbbor Ave, Redwood Park, Fresno, OH	USA
S1-006781	Kestrel Electricals Company	17 Northgate St, Behind the Civic Center, Silverline Park, Mobile, 67376	US
S1-006782	Brightpath Onyx Solutions Limited	Near Metro Pillar 42, 88 Goldleaf Road, Brrightpath Nagar, Nagpur, Gujarat, 601697	India
S1-006783	Stonebridge Services Limited Liability Company	11 Vertex Blvd, Near Exit 14 ,Peoria, CA	United States
S1-006784	Summit Industries Private Limited	197 Kestrel Road, Harbor Nagar, Surat, 343376	IN
S1-006785	Summit Brightpath Solutions Incorporated	194 Ironwood Drive, Summit Park, Lubbock, CA, 76221	USA
S1-006786	Onyx Motors Limited	381 Bluepeak Street, Bluepeak Nagar, Koch, 456406	IN
S1-006787	Cobalt Enterprises Incorporated	33 Apex St, Peoria, CA	US
S1-006788	Vertex Motors Private Limited	34/89 Sunstone Road, Quarry Nagar, Nagpur, MP	IN
S1-006789	Harbor Onyx Consultancy Limited	227 Ironwood Cross Northgate Nagar Jaipur Tamil Nadu 345439	IN
S1-006790	Bluepeak Chemicals Incorporated	124 Cobalt Blvd, Thistle Park, Austin, 74904	United States
S1-006791	Maplecrest Motors Limited Liability Company	154 Silverline Avenue, Fresno, OH, 17274	US
S1-006792	Juniper Solutions Private Limited	297 Cobalt Crs Silverline Nagar Indore Maharashtra	IN
S1-006793	Onyx Harbor Packaging Private Limited	Northgate Nagar Pune MP 280 Meridian Crs	India
S1-006794	Apex Trading Private Limited	15/74 Vertex St, Jaipur, 488761	IN
S1-006795	Goldleaf Services Company	115 Northgate Avenue, Goldleaf Park, Lubbock, AL, 39283	US
S1-006796	Goldleaf Enterprises Limited Liability Company	Vertex Park Fresno CA 40596 206 Meridian St	United States
S1-006797	Quarry Ironwood Electricals Incorporated	272 Summit St,Ironwood Park, Austin, 47385	USA
S1-006798	Goldleaf Foods Incorporated	378 Clearwater Rd Maplecrest Park Lubbock	US
S1-006799	Goldleaf Systems Private Limited	148 Juniper Mn, Quarry Nagar, Indore, Gujarat, 442565	India
S1-006800	Redwood Services Corporation	84 Harbor Street Fresno 25220	USA
S1-006801	Clearwater Fabrics Limited	Behind Ganesh Temple, 391 Ironwood Marg, Silverline Nagar, Nagpur, 868036	IN
S1-006802	Maplecrest Solutions Private Limited	12 Harbor Main, Northgate Nagar, Near SBI ATM, Jaipur	India
S1-006803	Stonebridge Ravenwood Motors Limited Liability Company	36 Meridian Street Falcon Park Lubbock OH 26049	United States
S1-006804	Redwood Quarry Consultancy Private Limited	214 Redwood Road Apex Nagar Coimbatore 807578	IN
S1-006805	Goldleaf Enterprises Private Limited	157 Meridian Crs, Ravenwood Nagar, Indore, Maharashhtra, 527916	IN
S1-006806	Clearwater Motors Private Limited	19/74 Redwood Crs, Juniper Nagar, Surat, 322258	IN
S1-006807	Onyx Kestrel Chemicals Company	91 Onyx Drive, Behind the Civic Center, Meridian Park, Fresno	USA
S1-006808	Summit Consultancy Company	228 Silverline Avenue, Northgate Park, Austin, TX, 94964	USA
S1-006809	Orchid Textiles Private Limited	222 Goldleaf Street, Quarry Nagar, 862313, Kochi	IN
S1-006810	Vertex Ravenwood Chemicals Private Limited	127 Goldleaf Marg, Jaipur, Rajasthan	India
S1-006811	Bluepeak Systems Limited	255 Redwood Marg, Apex Nagar, Near SBI ATM, Pune, Rajasthan, 923793	India
S1-006812	Redwood Foods Limited Liability Company	Behind the Civic Center, Tacoma, 233 Thistle Dr	US
S1-006813	Kestrel Solutions Private Limited	62 Kestrel St, Kochi, Rajasthan	IN
S1-006814	Falcon Enterprises Private Limited	222 Cobalt Rd, Lantern Nagar, Indore	India
S1-006815	Summit Foods Private Limited	Maplecrest Nagar Surat MP 680415 19 Ironwood Marg	IN
S1-006816	Apex Packaging Private Limited	296 Bluepeak St, Maplecrest Nagar, Coimbatore, Rajasthan, 772788	IN
S1-006817	Redwood Electricals Limited Liability Company	280 Maplecrest Drive, Juniper Park, Austin, 73080	United States
S1-006818	Cobalt Trading Private Limited	222 Orchid Mn, Falcon Nagar, 555084, Nagpur	IN
S1-006819	Thistle Textiles Limited Liability Company	177 Cobalt Road, Lubbock, 12352	United States
S1-006820	Cobalt Goldleaf Solutions Corporation	226 Clearwater Avenue, Akron, 98009, Northgate Park	US
S1-006821	Ravenwood Motors Private Limited	240 Summit Marg, Pune, MP	IN
S1-006822	Bluepeak Industries Company	371 Meridian Street, Apex Park, Akron, 72776	United States
S1-006823	Goldleaf Juniper Fabrics Private Limited	117 Falcon Mn, Cearwater Nagar, Jaipur, Rajasthan, 722190	IN
S1-006824	Apex Northgate Industries Private Limited	239 Cobalt Mn, Thistle Nagar, Coimbatore, 453952	IN
S1-006825	Brightpath Industries Corporation	Opp. City Library, 317 Sunstone Avenue, Ravenwood Park, Peoria, OH	United States
S1-006826	Northgate Summit Logistics Private Limited	84 Harbor Rd Apex Nagar Surat 555179	IN
S1-006827	Quarry Textiles Company	85 Ironwood St, Cobalt Park, Lubbock, IL	USA
S1-006828	Quarry Industries Limited	389 Ironwood Rd, Falcon Nagar, Indore	India
S1-006829	Ravenwood Thistle Solutions Private Limited	346 Lantern Street Summit Nagar Indore MP 611563	IN
S1-006830	Sunstone Logistics Company	Near Exit 14, 90 Orchid Ave, Austin, 51345	US
S1-006831	Meridian Silverline Services Corporation	63 Silverline Dr, Goldleaf Park, Peorria, 24334	USA
S1-006832	Lantern Textiles Limited	39 Bluepeak Crs, Coimbatore, MP, 631799	IN
S1-006833	Apex Stonebridge Services Limited	231 Kestrel Main, Falcon Nagar, Jaipur, Rajasthan, 381416	IN
S1-006834	Bluepeak Cobalt Packaging Corporation	76 Clearwater St Summit Park Akron 42834	United States
S1-006835	Goldleaf Meridian Logistics Corporation	Harbor Park Near Exit 14 Akron CA 76277 300 Stonebridge Street	US
S1-006836	Summit Solutions Limited	92 Silverline Marg Meridian Nagar Indore 700858	India
S1-006837	Stonebridge Thistle Trading Private Limited	310 Sunstone Rd, Vertex Nagar, Indore, Rajasthan, 225145	India
S1-006838	Stonebridge Brightpath Electricals Limited	229 Orchid Road, Surat, MP	IN
S1-006839	Thistle Electricals Limited	293 Meridian St Lantern Nagar Surat Gujarat 160316	India
S1-006840	Juniper Trading Company	72 Lantern Avenue, Northgate Park, Peoria, TX, 97769	US
S1-006841	Ravenwood Services Company	31 Goldleaf Dr, Bluepeak Park, Fresno	US
S1-006842	Falcon Systems Private Limited	5/56 Quarry Main, Lantern Nagar, Jaipur, Tamil Nadu, 369273	India
S1-006843	Maplecrest Ironwood Services Incorporated	201 Silverline Street, Cobalt Park, Austin	USA
S1-006844	Ravenwood Fabrics Private Limited	278 Sunstone Marg Kestrel Nagar Indore 910363	India
S1-006845	Bluepeak Services Incorporated	353 Goldleaf Boulevard, Austin, 48325	US
S1-006846	Sunstone Consultancy Private Limited	251 Orchid Cross, Coimbatore, 813487	IN
S1-006847	Apex Solutions Private Limited	137 Goldleaf Street, Silverline Nagar, Near SBI ATM, Pune, MP, 409830	India
S1-006848	Maplecrest Chemicals Limited Liability Company	8 NorthgateA venue Clearwater Park Austin CA	US
S1-006849	Cobalt Systems Corporation	356 Redwood Boulevard, Near Exit 14, Orchid Park, Lubbock	US
S1-006850	Lantern Packaging Limited	Near Metro Pillar 42, 311 Harbor Marg, Falcon Nagar, Coimbatore, 538173	IN
S1-006851	Orchid Apex Trading Private Limited	179 Bluepeak Street Kochi 538111	India
S1-006852	Ravenwood Services Company	380 Ravenwood Drive, Brightpath Park, Akron, OH	USA
S1-006853	Meridian Enterprises Private Limited	179 Goldleaf Marg, Pune, MP, 976830	India
S1-006854	Goldleaf Enterprises Limited Liability Company	345 Cobalt Avenue, Mobile, TX, 85292	United States
S1-006855	Goldleaf Fabrics Incorporated	361 Thistle Rd, Bluepeak Park, Akron, TX	US
S1-006856	Harbor Enterprises Corporation	Near Exit 14, 191 Thistle Rd, Mobile	United States
S1-006857	Summit Ravenwood Foods Limited Liability Company	116 Stonebridge Rd Orchid Park Lubbock OH 30983	USA
S1-006858	Falcon Maplecrest Logistics Incorporated	117 Apex St, Ravenwood Park, Peoria, 48592	United States
S1-006859	Orchid Brightpath Chemicals Private Limited	Behind Ganesh Temple, 260 Silverline Rd, Harbor Nagar, Nagpur, Kerala, 344485	India
S1-006860	Apex Systems Limited	118 Stonebridge Street, Kestrel Nagar, Nagpur, MP, 699551	India
S1-006861	Quarry Industries Corporation	52 Clearwater Blvd, Stonebridge Park, Opp. City Library, Fresno, WA, 72200	USA
S1-006862	Maplecrest Industries Private Limited	1 Clearwater St, Cobalt Nagar, Surat, Rajasthan, 450216	India
S1-006863	Quarry Services Company	397 Ironwood Street, Tacoma, 83884	USA
S1-006864	Juniper Logistics Limited	326 Onyx Mn, Silverline Nagar, Near Metro Pillar 42, Indore, 101606	IN
S1-006865	Quarry Electricals Corporation	37/70 Lantern Rd Quarry Park Mobile 86151	United States
S1-006866	Clearwater Enterprises Private Limited	387 Thistle Cross, Sunstone Nagar, Indore, Maharashtra	IN
S1-006867	Summit Thistle Solutions Incorporated	80 Ironwood Drive, Summit Park, Tacoma, AL, 77300	United States
S1-006868	Ironwood Systems Incorporated	385 Quarry Drive, Goldleaf Park, Near Exit 14, Peoria, IL	USA
S1-006869	Kestrel Enterprises Private Limited	247 Juniper Crs, Stonebridge Nagar, Coimbatore, Tamil Nadu, 222537	IN
S1-006870	Redwood Logistics Limited Liability Company	329 Sunstone Blvd Mobile 46880	USA
S1-006871	Redwood Electricals Limited Liability Company	302 Ironwood Avenue, Behind the Civic Center, Orchid PPark, Lubbock, 15242	United States
S1-006872	Bluepeak Chemicals Limited Liability Company	9/81 Silverline Blvd, Redwood Park, Peoria, CA, 37782	USA
S1-006873	Silverline Solutions Limited Liability Company	80 Ravenwood Blvd, Tacoma	USA
S1-006874	Brightpath Thistle Solutions Limited	271 Kestrel Rd, Goldleaf Nagar, Behind Ganesh Temple, Indore, MP, 146178	IN
S1-006875	Apex Foods Private Limited	290 Orchid St, Clearwater Nagar, Jaipur, Rajasthan, 941572	IN
S1-006876	Lantern Chemicals Corporation	387 Thistle Avenue, Falcon Park, Lubbock	USA
S1-006877	Silverline Consultancy Company	247 Redwood Dr, Ravenwood Park, Mobile, 23821	USA
S1-006878	Cobalt Orchid Foods Company	190 Stonebridge Ave, Orchid Park, Akron, WA	USA
S1-006879	Harbor Packaging Limited	114 Summit Rd, Indore, Maharashtra	IN
S1-006880	Clearwater Consultancy Limited Liability Company	356 Orchid Avenue, Behind the Civic Center, Northgate Park, Fresno, CA	USA
S1-006881	Harbor Solutions Corporation	184 Brightpath Avenue, Brightpath Park, Peoria, AL, 59312, Opp. City Library	US
S1-006882	Sunstone Clearwater Systems Incorporated	303 Northgate Boulevard, Sunstone Park, Akrno	US
S1-006883	Ironwood Enterprises Corporation	353 Vertex Rd, Quarry Park, Fresno, OH	US
S1-006884	Onyx Solutions Corporation	22/58 Summit Street Clearwater Park Peoria TX	USA
S1-006885	Onyx Brightpath Electricals Corporation	63 Summit Avenue Harbor Park Fresno 82164	USA
S1-006886	Kestrel Services Private Limited	78 Thistle Road, Vertex agar, Indore, 198350	IN
S1-006887	Thistle Textiles Private Limited	144 Orchid Cross, Bluepeak Nagar, Coimbatore, Gujarat	India
S1-006888	Stonebridge Kestrel Electricals Private Limited	Near SBI ATM 162 Orchid Mn Ravenwood Nagar Coimbatore Maharashtra 519385	India
S1-006889	Sunstone Textiles Private Limited	342 Harbor Cross,K estrel Nagar, Nagpur, 379219	IN
S1-006890	Redwood Logistics Private Limited	8/86 Vertex Road, Brightpath Nagar, Coimbatore, Rajasthan, 568790	India
S1-006891	Summit Quarry Fabrics Private Limited	37 Ironwood St, Coimbatore, Kerala	IN
S1-006892	Meridian Solutions Company	202 Vertex Street, Onyx Park, Peoria	US
S1-006893	Onyx Sunstone Solutions Company	326 Bluepeak Road, Bluepeak Park, Akron, WA	United States
S1-006894	Sunstone Packaging Private Limited	374 Clearwater Rd, Juniper Nagar, Pune, Gujarat, 378939	India
S1-006895	Northgate Fabrics Corporation	283 Sunstone Boulevard Harbor Park Austin	US
S1-006896	Meridian Textiles Company	365 Cobalt Drive, Clearwater Park, Near Exit 14, Peoria, CA, 97817	US
S1-006897	Cobalt Motors Limited Liability Company	174 Lantern Rd, Ironwood Park, Mobile, TX	US
S1-006898	Redwood Systems Corporation	31 Kestrel Blvd, Ravenwood Park, Peoria, TX, 72710	United States
S1-006899	Juniper Fabrics Private Limited	180 Goldleaf Rd, Surat, 240355	IN
S1-006900	Falcon Logistics Incorporated	111 Onyx Blvd, Thistle Park, Tacoma, CA, 85321	USA
S1-006901	Lantern Electricals Private Limited	96 Falcon Main, Northgate Nagar, Jaipur, 8315669	IN
S1-006902	Ironwood Foods Private Limited	139 Clearwater Marg, Bluepeak Nagar, Kochi, 168960	IN
S1-006903	Sunstone Enterprises Private Limited	133 Orchid Marg, Near Metro Pillar 42, Indore, MP, 385722	India
S1-006904	Onyx Logistics Limited Liability Company	289 Sunstone Street, Apex Park, Peoria, WA, 78890	US
S1-006905	Ironwood Textiles Limited Liability Company	303 Bluepeak Boulevard, Meridian Park, Fresno	USA
S1-006906	Stonebridge Cobalt Fabrics Incorporated	279 Ravenwood Ave Vertex Park Peoria AL	United States
S1-006907	Harbor Falcon Textiles Private Limited	Redwood Nagar, Pune, Maharashtra, 77 Falcon Main	IN
S1-006908	Summit Logistics Company	205 Lantern Boulevard, Ironwood Park, Austin, 45822	US
S1-006909	Orchid Consultancy Limited	39 Onyx St, Brightpathh Nagar, Surat, Gujarat	India
S1-006910	Maplecrest Textiles Company	327 Apex Street, Orchid Park, Fresno, 41635	USA
S1-006911	Sunstone Consultancy Limited Liability Company	232 Summit Street, Northgate Park, Lubbock, IL, 24255	US
S1-006912	Thistle Cobalt Solutions Limited	40 Silverline Rd, Indore, 791953	IN
S1-006913	Lantern Electricals Limited Liability Company	87 Quarry Dr, Clearwater Park, Fresno, TX, 11868	United States
S1-006914	Orchid Services Private Limited	Coimbatore, Tamil Nadu, 291492, 20 Redwood Marg	India
S1-006915	Silverline Brightpath Solutions Company	195 Ironwood Dr, Maplecrest Park, Fresno, IL, 58051	USA
S1-006916	Summit Summit Electricals Company	191 Redwood Blvd, Orchid Park, IL, Peoria	United States
S1-006917	Northgate Solutions Private Limited	26/87 Juniper Rd, Northgate Nagar, Surat, Tamil Nadu	India
S1-006918	Falcon Logistics Limited	103 Orchid RRoad, Falcon Nagar, Pune	IN
S1-006919	Silverline Industries Corporation	370 Thistle Ave, Maplecrest Park, Akron, 90253	USA
S1-006920	Goldleaf Services Private Limited	175 Juniper Main, Ironwood Nagar, Pune, Rajasthan, 175447	India
S1-006921	Silverline Trading Corporation	209 Falcon St, Mobile, 39909, Cobalt Park	USA
S1-006922	Northgate Trading Company	229 Onyx Drive, Cobalt Park, Peoria, 76908	US
S1-006923	Cobalt Fabrics Limited Liability Company	381 Silverline St, Near Exit 14, Goldleaf ark, Tacoma, CA	United States
S1-006924	Silverline Electricals Private Limited	290 Ironwood Street, Vertex Nagar, Coimbatore, Tamil Nadu, 112596	India
S1-006925	Vertex Ravenwood Electricals Corporation	275 Meridian Boulevard Quarry Park CA 16057 Austin	US
S1-006926	Silverline Packaging Private Limited	366 Ravenwood Road, Harbor Nagar, Jaipur, MMP, 861075	India
S1-006927	Harbor Vertex Services Company	110 Northgate Boulevard, Mobile, IL	US
S1-006928	Maplecrest Kestrel Industries Limited Liability Company	29 Ironwood Ave, Vertex Park, Peoria, OH, 64854	US
S1-006929	Onyx Enterprises Corporation	51 Meridian Rd, Goldleaf Park, Peoria, CA, 62521	United States
S1-006930	Ironwood Electricals Limited	164 Onyx Mn, Harbor Nagar, Kochi, Maharashtra	India
S1-006931	Maplecrest Foods Company	8 Brightpath Dr, Akron, AL, 70203	USA
S1-006932	Redwood Bluepeak Packaging Private Limited	397 Falcon Rd, Summit Nagar, Pune, Rajasthan, 385277	India
S1-006933	Orchid Fabrics Limited	182 Goldleaf Rd, Clearwater Nagar, Coimbatore, Gujarat, 543782	India
S1-006934	Brightpath Packaging Company	Tacoma, OH, 159 Sunstone Blvd	United States
S1-006935	Apex Onyx Packaging Limited Liability Company	279 Ironwood Avenue, Tacoma, 89207	United States
S1-006936	Stonebridge Services Incorporated	217 Cobalt St, Quarry Park, Mobile, WA, 33932	US
S1-006937	Quarry Vertex Services Private Limited	Vertex Nagar, Surat, Maharashtra, 463767, 266 Lantern Crs	India
S1-006938	Orchid Chemicals Corporation	201 Goldleaf Boulevard, Stonebridge Park, Lubbock, WA, 30456	USA
S1-006939	Northgate Industries Private Limited	207 Maplecrest Crs, Nagpur, Gujarat	India
S1-006940	Northgate Textiles Company	185 RavenwoodS treet Orchid Park Near Exit 14 Lubbock	United States
S1-006941	Bluepeak Systems Company	136 Sunstone Rd, Stonebridge Park, Austin, OH, 16863	United States
S1-006942	Onyx Chemicals Private Limited	78 Vertex Crs Northgate Nagar Kochi 517379	IN
S1-006943	Orchid Industries Private Limited	68 Thistle Street Meridian Nagra Surat 893744	IN
S1-006944	Kestrel Trading Corporation	200 Kestrel Drive, Kestrel Park, Opp. City Library, Tacoma, WA, 98563	United States
S1-006945	Brightpath Packaging Limited Liability Company	Near Exit 14, 370 Summit Avenue, Falcon Park, Fresno, TX, 57620	USA
S1-006946	Silverline Lantern Fabrics Company	Behind the Civic Center, 276 Redwood Blvd, Ironwood Park, Akron, TX, 25769	USA
S1-006947	Ironwood Electricals Incorporated	390 Quarry Boulevard, Near Exit 14, Falcon Park, Fresno, 23003	US
S1-006948	Ironwood Consultancy Private Limited	47 Vertex St Vertex Nagar Coimbatore MP	India
S1-006949	Redwood Consultancy Limited	190 Onyx Marg, Kestrel Nagar, Jaipur, Rajasthan, 794748	IN
S1-006950	Redwood Chemicals Incorporated	384 Brightpath St Stonebridge Park Tacoma OH 53074	United States
S1-006951	Vertex Services Limited	Behind GGanesh Temple, 219 Ravenwood Cross, Jaipur, Tamil Nadu, 293679	India
S1-006952	Juniper Brightpath Motors Private Limited	384 Apex Rd, Northgate Nagar, Kochi, Tamil Nadu, 855163	India
S1-006953	Ravenwood Trading Company	78 Maplecrest Dr, Behind hte Civic Center, Juniper Park, Peoria, 73011	United States
S1-006954	Meridian Fabrics Private Limited	120 Clearwater Rd, Redwood aNgar, Nagpur, 281701, Near SBI ATM	IN
S1-006955	Ironwood Industries Private Limited	372 Northgate Cross, Behind Ganesh Temple, Summit Nagar, Nagpur, 570156	India
S1-006956	Orchid Trading Corporation	274 Orchid Street, Silverline Prk, Lubbock, CA, 36950	United States
S1-006957	Redwood Industries Limited Liability Company	109 Harbor Boulevard Tacoma 94861	USA
S1-006958	Kestrel Systems Corporation	74 Brightpath Avenue Peoria AL 89338	US
S1-006959	Maplecrest Textiles Private Limited	397 Apxe Marg, Pune	India
S1-006960	Quarry Industries Private Limited	Surat, Tamil Nadu, 22/32 Maplecrest St	IN
S1-006961	Juniper Systems Company	346 Onyx St Mobile 81840 Brightpath Park	United States
S1-006962	Vertex Stonebridge Consultancy Corporation	82 Lantern Blvd, Behind the Civic Center, Stonebridge Park, Fresno, IL, 31789	US
S1-006963	Stonebridge Electricals Private Limited	292 Northgate Rd, Nagpur, Kerala, 398730	India
S1-006964	Northgate Foods Private Limited	218 Juniper Mn, Pune, 642940	India
S1-006965	Onyx Electricals Corporation	Opp. City Library, 79 Falcon Dr, Apex Park, Tacoma, IL	United States
S1-006966	Maplecrest Enterprises Private Limited	154 Silverline Crs Apex Nagar Kochi Rajasthan 293257	IN
S1-006967	Harbor Fabrics Private Limited	343 Thistle Cross, Indore, Mhaarashtra, 166234	India
S1-006968	Thistle Industries Limited	78 Brightpath Crs Opp. Bus Depot Indore MP 307190	IN
S1-006969	Orchid Systems Private Limited	129 Juniper Street Quarry Nagar Pune Rajasthan	IN
S1-006970	Sunstone Solutions Private Limited	324 Harbor Street Silverline Nagar Kochi Gujarat 227763	IN
S1-006971	Onyx Enterprises Corporation	266 Ravenwood Drive, Harbor Park, Tacoma, TX, 25830	US
S1-006972	Orchid Northgate Solutions Corporation	287 Northgate St, Tacoma	US
S1-006973	Juniper Enterprises Private Limited	334 Summit Marg Coimbatore 495299	IN
S1-006974	Summit Kestrel Foods Corporation	2 Juniper Street, Maplecrest Park, Akron, CA	US
S1-006975	Cobalt Enterprises Limited Liability Company	7/43 Goldleaf Rd, Mapllecrest Park, Austin, TX, 82362	US
S1-006976	Goldleaf Services Private Limited	Opp. Bus Depot, 330 Stonebridge Mn, Pune, 468278	India
S1-006977	Falcon Consultancy Private Limited	252 Ironwood Mn Juniper Nagar Coimbatore Gujarat	India
S1-006978	Summit Thistle Enterprises Private Limited	317 Northgate Street, Nagpur, 955098	India
S1-006979	Stonebridge Logistics Private Limited	25 Kestrel Mn, Clearwater Nagar, Opp. Bus Depot, Surat, Maharashtra, 163885	India
S1-006980	Stonebridge Logistics Private Limited	225 Meridia Crs, Lantern Nagar, Pune, MP, 884925	India
S1-006981	Summit Motors Limited	77 Maplecrest Rd, Lantern Nagar, Kochi	IN
S1-006982	Onyx Chemicals Corporation	76 Redwood Road, Thistle Park, Tacoma	US
S1-006983	Lantern Maplecrest Logistics Limited	171 Northgate Marg Bluepeak Nagar Pune Rajasthan	India
S1-006984	Kestrel Consultancy Private Limited	111 Bluepeak Street, Juniper Nagar, Coimbatore, 238260	IN
S1-006985	Falcon Chemicals Limited Liability Company	Opp. City Library, 290 Lantern St, Sliverline Park, Lubbock, OH, 65403	USA
S1-006986	Orchid Industries Private Limited	368 Harbor Crs Quarry Nagar Coimbatore Kerala 336981	IN
S1-006987	Goldleaf Enterprises Private Limited	Behind Ganesh Temple, 255 Summit Road, Indore, Rajastan, 150865	India
S1-006988	Ironwood Textiles Private Limited	298 Falcon Crs, Goldleaf Nagar, Behind Ganesh Temple, Pune, Maharashtra, 692244	India
S1-006989	Clearwater Ironwood Services Private Limited	158 Orchid Main, Vetrex Nagar, Surat, Kerala, 629616	IN
S1-006990	Juniper Sunstone Electricals Company	325 Orchid Rd, Sunstone Park, Mobile, 56830	United States
S1-006991	Falcon Services Private Limited	203 Clearwater Mn, Brightpath Nagar, Pune, Maharashtra	IN
S1-006992	Ravenwood Consultancy Incorporated	272 Ravenwood Dr, Harbor Park, Lubbock, OH, 58713	USA
S1-006993	Redwood Bluepeak Fabrics Corporation	7 Onyx Road Silverline Park CA Austin	US
S1-006994	Summit Northgate Packaging Private Limited	228 Apex Marg, Vertex Nagar, Pune 803383	India
S1-006995	Sunstone Apex Systems Limited Liability Company	152 Silverline Drive Akron OH Near Exit 14	United States
S1-006996	Cobalt Trading Corporation	308 Sunstone Blvd, Behind the Civic Center, Sunstone Park, Fresno, CA, 40535	US
S1-006997	Clearwater Industries Private Limited	350 Orchid Marg, Indore, 794012	IN
S1-006998	Meridian Textiles Limited Liability Company	211 Ironwood Rd, Lubbock, OH	United States
S1-006999	Bluepeak Packaging Company	67 Juniper Ave, Ravenwood Park, Peoria, AL, 28385	United States
S1-007000	Vertex Solutions Limited Liability Company	78 Goldleaf Street, Behind the Civic Center, Bluepeak Park, Austin, 92774	US
S1-007001	Cobalt Sunstone Systems Company	38 Ravenwood Ave Harbor Park Peoria CA	USA
S1-007002	Ironwood Foods Company	46 Stonebridge Avenue, Redwood Park, Austin, CA, 26759	United States
S1-007003	Maplecrest Motors Company	139 Silverlline Road, Fresno, 50803	USA
S1-007004	Apex Textiles Incorporated	30 Stonebridge Boulevard, Tacoma	USA
S1-007005	Ironwood Packaging Private Limited	174 Meridian St Surat 293196	India
S1-007006	Meridian Enterprises Corporation	395 ummit Road, Cobalt Park, Mobile	United States
S1-007007	Onyx Stonebridge Services Corporation	223 Thistle Ave Silverline Park Lubbock TX 95364	United States
S1-007008	Goldleaf Falcon Motors Private Limited	169 Silverline Marg, Clearwater Nagar, Coimbatore	India
S1-007009	Sunstone Solutions Private Limited	97 Cobalt St, Quarry Nagar, Coimbatore, Tamil Nadu, 385642	India
S1-007010	Onyx Fabrics Corporation	131 Stonebridge Avenue, Meridian Park, Austin, AL, 37502	USA
S1-007011	Orchid Brightpath Trading Incorporated	130 Summit Rd, Redwood Park, Lubbock, 12749	USA
S1-007012	Northgate Services Corporation	347 Ironwood St, Clearwater Park, Austin	USA
S1-007013	Cobalt Harbor Trading Limited Liability Company	110 Maplecrest St, Vertex Park, Akron	United States
S1-007014	Harbor Industries Limited Liability Company	240 Falcon Rd Fresno WA 55980	US
S1-007015	Cobalt Juniper Packaging Company	85 Sunstone Road Bluepeak Park Austin WA	United States
S1-007016	Maplecrest Enterprises Limited	3/71 Onyx Marg, Bluepeak Nagar, Surat	India
S1-007017	Quarry Ironwood Consultancy Incorporated	313 Stonebridge Dr Akron IL 39702	United States
S1-007018	Onyx Services Limited Liability Company	366Clearwater Rd, Apex Park, Akron, 26399	US
S1-007019	Thistle Electricals Private Limited	195 Ravenwood Main, Qurry Nagar, Nagpur, Tamil Nadu, 920453	IN
S1-007020	Sunstone Chemicals Private Limited	80 Goldleaf Street, Orchid Nagar, Nagpur, 667997	IN
S1-007021	Apex Foods Private Limited	267 Harbor Marg, Harbor Nagar, Jaipur, Gujarat, 398938	IN
S1-007022	Clearwater Solutions Incorporated	266 Northgate Ave, Austin, 59755	US
S1-007023	Lantern Kestrel Textiles Limited	236 Vertex Marg, Ravenwood Nagar, Kochi, Tamil Nadu, 113447	IN
S1-007024	Cobalt Fabrics Incorporated	4 Quarry Dr, Kestrel Park, Akron	US
S1-007025	Bluepeak Juniper Trading Incorporated	276 Juniper Dr, Brightpath Park, Austin, CA	US
S1-007026	Juniper Solutions Limited	311 Falcon St, Onyx Nagar, Nagpur, Gujart, 441201	India
S1-007027	Apex Services Corporation	34 Summit Blvd, Sunstone Park, Mobile, IL	United States
S1-007028	Summit Industries Private Limited	369 Kestrel Mn, Pune, MP	IN
S1-007029	Ravenwood Packaging Incorporated	90 Maplecrest St, Near Exit 14, Lantern Park, Fresno	United States
S1-007030	Orchid Solutions Company	221 Apex Avenue Mobile 66257	US
S1-007031	Goldleaf Summit Trading Private Limited	85 Maplecrest Marg, Near SBI ATM, Surat, Tamil Nadu	India
S1-007032	Meridian Consultancy Corporation	273 Redwood Avenue, Sunstone Park, Austin, IL, 20050	US
S1-007033	Ironwood Enterprises Limited	83 Cobalt Road, Kochi, 738635	India
S1-007034	Apex Thistle Chemicals Limited Liability Company	34/46 Thistle Boulevard, Mobile, TX, 32217	US
S1-007035	Thistle Services Incorporated	242 Juniper Boulevard, Sunstone Park, Akron, 71124	USA
S1-007036	Maplecrest Enterprises Limited Liability Company	7 Thistle St Redwood Park Fresno 61155	US
S1-007037	Ravenwood Silverline Electricals Corporation	42 Stonebridge Boulevard, Lubbock	USA
S1-007038	Silverline Textiles Corporation	194 Orchid Blvd, Lubbock, 37906	United States
S1-007039	Quarry Packaging Company	88 Vertexx St, Lantern Park, Austin, 15269	USA
S1-007040	Goldleaf Summit Fabrics Corporation	232 Lantern Drive Akron 33641 OH	USA
S1-007041	Summit Enterprises Private Limited	378 Ravenwood Mn, Kestrel Nagar, Nagpur, 614087	India
S1-007042	Clearwater Packaging Incorporated	29/76 Quarry Drive, Akron, IL	USA
S1-007043	Thistle Chemicals Limited	Near SBI ATM 31/18 Ravenwood Mani Quarry Nagar Coimbatore	IN
S1-007044	Ironwood Textiles Private Limited	274 Meridian Main, Summit Nagar, Surat, Kerala, 430591	India
S1-007045	Stonebridge Enterprises Private Limited	216 Goldleaf St Cobalt Nagar Surat 666070	India
S1-007046	Vertex Vertex Foods Limited	269 Falcon St, Jaipur, Tamil Nadu, 373462	India
S1-007047	Juniper Textiles Company	Quarry Park, Mobile, AL, 44176, 247 Apex Dr	United States
S1-007048	Redwood Systems Private Limited	Near Metro Pillar 42, 206 Northgate Rd, Pune, 178871	India
S1-007049	Harbor Chemicals Private Limited	22/13 Juniper Main Latern Nagar Kochi MP 705617	IN
S1-007050	Redwood Ravenwood Enterprises Incorporated	288 Meridian Boulevard Harbor Park Near Exit 14 Austin CA	US
S1-007051	Northgate Industries Private Limited	363 Mapecrest Street Maplecrest Nagar Coimbatore 558146	India
S1-007052	Bluepeak Foods Limited Liability Company	200 Lantern St, Lubbock, CA, 57277	United States
S1-007053	Harbor Brightpath Foods Company	222 Sunstone Street, Silverline Park, Akron, AL, 93284	US
S1-007054	Apex Foods Private Limited	237 Falcon Marg, Indore	IN
S1-007055	Redwood Solutions Incorporated	77 Meridian Road, Goldleaf Park, Mobile, CA	US
S1-007056	Juniper Foods Private Limited	136 Goldleaf Street, Cobalt Nagar, Near Metro Pillar 42, Pune, 737670	IN
S1-007057	Sunstone Falcon Foods Private Limited	145 Apex Main, 815114, Coimbatore	IN
S1-007058	Clearwater Summit Packaging Corporation	52 Maplecrest Boulevard, Clearwater Park, Fresno, TX, 14749	US
S1-007059	Juniper Chemicals Company	33/51 Rewood Avenue, Bluepeak Park, Akron, TX, 88371	United States
S1-007060	Maplecrest Clearwater Fabrics Limited	Pune, 370494, 159 Falcon Crs	India
S1-007061	Vertex Motors Private Limited	146 Cobalt Main, Bluepeak Nagar, Nagpur, Kerala,9 61682	India
S1-007062	Northgate Falcon Enterprises Company	201 Apex St Bluepeak Park Mobile OH 89966	United States
S1-007063	Onyx Enterprises Private Limited	376 Quarry Street Pune Rajasthan 509464	India
S1-007064	Orchid Motors Limited Liability Company	161 Onyx Boulevard, Opp. City Library, Bluepeak Park, Austin, CA, 36172	United States
S1-007065	Stonebridge Northgate Consultancy Company	339 Quarry Avenue Ravenwood Park Mobile TX	USA
S1-007066	Maplecrest Enterprises Company	179 Apex Dr, Lantern Park, Akron, IL, 32283	United States
S1-007067	Lantern Logistics Limited	44 Silverline Marg, Harbor Nagar, Jaipur, Maharashtra, 915469	India
S1-007068	Clearwater Trading Private Limited	256 Redwood Street, Jaipur, Rajasthan, 410454	IN
S1-007069	Stonebridge Harbor Enterprises Limited Liability Company	75 Falcon Blvd, Stonnebridge Park, Fresno, AL, 86602	United States
S1-007070	Brightpath Consultancy Company	15/71 Brightpath Blvd, Falcon Park, Lubbock, TX, 52821	United States
S1-007071	Silverline Stonebridge Consultancy Private Limited	Near SBI ATM, 205 Goldleaf Main, Goldleaf Nagar, Kochi	IN
S1-007072	Stonebridge Logistics Incorporated	164 Apex Rd, Cobalt Park, Tacoma, AL	United States
S1-007073	Silverline Chemicals Corporation	339 Cobalt Ave, Sunstone Park, Lubbock, AL, 17944	US
S1-007074	Clearwater Logistics Company	22 Clearwater Avenue, Opp. City Library, Clearwater Park, Lubbock, OH	US
S1-007075	Ironwood Services Limited Liability Company	27 Apex Blvd, Ravenwood Park, Tacoma, 18318	USA
S1-007076	Meridian Systems Private Limited	133 Northgate Crs, Orchid Nagar, Surat, 174843	India
S1-007077	Quarry Motors Private Limited	60 Ravenwood Marg, Thistle Nagar, Pune, Tamil Nadu	IN
S1-007078	Orchid Packaging Incorporated	278 Brightpath Boulevard Harbor Park Mobile	US
S1-007079	Goldleaf Harbor Trading Incorporated	194 Maplecrest Street Goldleaf Park Lubbock CA 82842	United States
S1-007080	Bluepeak Enterprises Corporation	Opp. City Library, Tacoma, AL, 138 Stonebridge Street	US
S1-007081	Ironwood Kestrel Chemicals Limited Liability Company	167 Maplecrest Street, Stonebridge Park, Austin, AL	United States
S1-007082	Cobalt Solutions Private Limited	241 Redwood Rd, Jaipur, Maharashtra, 517788	India
S1-007083	Silverline Foods Private Limited	202 Harbor Road, Maplecrest Nagar, Coimbatore, Gujarat	India
S1-007084	Vertex Trading Incorporated	1 Stonebridge St Clearwater Park Peoria 11794	USA
S1-007085	Apex Trading Incorporated	275 Quarry Drive Quarry Park Peoria TX 82443	USA
S1-007086	Goldleaf Textiles Incorporated	18 Kestrel Road, Nera Exit 14, Quarry Park, Tacoma, 83512	US
S1-007087	Redwood Consultancy Company	155 Ravenwood Street, Near Exi t14, Fresno	USA
S1-007088	Vertex Industries Limited	97 Clearwater Mn, Apex Nagar, Indore, 238578	India
S1-007089	Northgate Services Company	281 Redwood Street, Opp. City Library, Mobile, OH, 20690	United States
S1-007090	Sunstone Systems Incorporated	87 Vertex Avenue, Cobalt Park, Peoira, 22588	United States
S1-007091	Quarry Silverline Industries Limited	308 Orchid Rd, Meridian Nagar, Indore, Gujarat, 131770	IN
S1-007092	Summit Packaging Company	314 Quarry Boulevard Peoria	United States
S1-007093	Maplecrest Solutions Private Limited	Lantern Nagar, Pune, 932291, 388 Meridian Marg	IN
S1-007094	Quarry Maplecrest Electricals Private Limited	77 Clearwater Main Kochi 270784 Rajasthan	India
S1-007095	Kestrel Kestrel Logistics Private Limited	119 Northgate Rd Onyx Nagar Pune 372667	India
S1-007096	Lantern Consultancy Company	187 Thistle Rd 39400 Akron	United States
S1-007097	Thistle Consultancy Limited Liability Company	228 Kestrel St, Thistle Park, Tacoma, 64031	United States
S1-007098	Vertex Industries Corporation	286 Falcon Street Stonebridge Park Tacoma 57426	United States
S1-007099	Bluepeak Systems Private Limited	159 Vertex Road, Falcon Nagar, Indore, MP	India
S1-007100	Ironwood Foods Limited	323 Maplecrest Mn BBrightpath Nagar Surat 154342	India
S1-007101	Northgate Motors Private Limited	29 Stonebridge Marg, Orchid Nagar, Indore, 791153	India
S1-007102	Ironwood Summit Logistics Limited Liability Company	131 Meridian St, Bluepeak Park, Fresno, 60278	US
S1-007103	Quarry Foods Limited Liability Company	306 Orchid St, Brightpath Park, Lubbock, 31561	United States
S1-007104	Kestrel Fabrics Private Limited	327 Summit Mn, Near SBI ATM, MP, Coimbatore	India
S1-007105	Brightpath Services Limited	204 Orchid Main, Brightpath Nagar, Indore, 353549	IN
S1-007106	Silverline Packaging Limited Liability Company	45 Brightpath Rd,L ubbock, TX	USA
S1-007107	Bluepeak Logistics Limited	Near SBI ATM, 33 Stonebridge Main, Surat, Kerala, 316650	IN
S1-007108	Lantern Systems Incorporated	379 Brightpath Road, Silverline Park, Peoria, 92410	USA
S1-007109	Bluepeak Packaging Limited	Opp. Bus Depot, 88 Vertex Main, Vertex Nagar, Surat, Maharashtra, 993593	IN
S1-007110	Bluepeak Packaging Private Limited	3 Summit Crs Ravenwood Nagar Surat	India
S1-007111	Ironwood Textiles Private Limited	217 Maplecrest Rd Surat Maharashtra 720891	IN
S1-007112	Cobalt Thistle Motors Limited Liability Company	26/44 pAex Dr, Sunstone Park, Opp. City Library, Tacoma, CA	US
S1-007113	Summit Northgate Motors Limited	Near Metro Pillar 42, 5/23 Quarry Road, Jaipur, 399911	IN
S1-007114	Orchid Textiles Private Limited	351 Clearwater Rd Juniper Nagar Jaipur 980578	India
S1-007115	Goldleaf Solutions Limited	88 Apex Road Apex Nagar Pune	India
S1-007116	Falcon Ironwood Trading Incorporated	76 Sunstone Street Falcon Park Akron WA	United States
S1-007117	Juniper Systems Limited	Near SBI ATM, 261 Quarry Street, Ravenwood Nagar, Pune, Gujarat, 741350	IN
S1-007118	Goldleaf Chemicals Limited Liability Company	379 Apex Dr, Peoria, IL, 40648	US
S1-007119	Vertex Fabrics Private Limited	281 Lantern Crs Cobalt Nagar Kochi 148634	IN
S1-007120	Stonebridge Electricals Corporation	259 Quarry Blvd, Quarry Park, Austin, OH	US
S1-007121	Northgate Brightpath Packaging Company	110 Vertex Avenue, Thistle Park, Akron, 30309	United States
S1-007122	Onyx Electricals Limited	43 Northgate Cross Quarry Nagar Pune 435806	India
S1-007123	Sunstone Cobalt Services Private Limited	28 Clearwater Marg Surat 973419	IN
S1-007124	Stonebridge Bluepeak Logistics Incorporated	30/57 Brightpath Boulevard, Onyx Park, Akron, IL, 51729	USA
S1-007125	Redwood Textiles Private Limited	6/63 Cobalt Rd, Brightpath Nagar, Pune	IN
S1-007126	Ravenwood Kestrel Textiles Private Limited	Sunstoen Nagar Jaipur Rajasthan 225381 68 Kestrel Rd	IN
S1-007127	Harbor Textiles Limited	337 Bluepeak Mn, Nagpur, Maharashtra	IN
S1-007128	Onyx Trading Limited	127 Stonebridge Marg MP 443051 Kochi	India
S1-007129	Juniper Chemicals Limited Liability Company	314 Brightpath Road, Silverline Park, Nea Exit 14, Lubbock, IL, 77268	US
S1-007130	Meridian Foods Corporation	329 Apex St, Goldleaf Park, Near Exit 14, Austin, CA	United States
S1-007131	Orchid Electricals Private Limited	325 Bluepeak Mn, Ironwood Nagar, Surat, Tamil Nadu	India
S1-007132	Maplecrest Thistle Chemicals Private Limited	135 Silverline Main Meridian Nagar Inddore Tamil Nadu	India
S1-007133	Kestrel Trading Limited	214 Kestrel Marg, Northgate Nagar, Behind Ganesh Temple, Indore, MP, 794921	IN
S1-007134	Ironwood Solutions Limited Liability Company	320 Bluepeak St Vertex Park Peoria TX 55712	USA
S1-007135	Redwood Systems Incorporated	31 8Stonebridge St Harbor Park Peoria WA 84019	United States
S1-007136	Falcon Textiles Limited	95 Silverline Rd, Quarry Nagar, Opp. Bus Depot, Pune, Rajasthan, 458974	IN
S1-007137	Vertex Clearwater Trading Incorporated	38 Bluepeak Blvd, Cobalt Park, Mobile, 42560	USA
S1-007138	Falcon Systems Private Limited	225 Northgate Crs, Juniper Nagar, Indore, Gujarat	IN
S1-007139	Ravenwood Ironwood Enterprises Private Limited	141 Lantern Street Nagpur Maharashtra	India
S1-007140	Lantern Motors Incorporated	323 Ravenwood Street, Stonebridge Park, Akron, 44784	USA
S1-007141	Silverline Solutions Limited	150 Ironwood Road, Bluepeak Nagar, Pune, Tamil Nadu, 934161	India
S1-007142	Thistle Fabrics Limited Liability Company	202 Northgate Street, Opp. City Library, Peoria, AL, 98955	US
S1-007143	Summit Logistics Limited	312 Goldleaf Main, Silverline Nagaar, Surat, Tamil Nadu, 535115	IN
S1-007144	Redwood Ironwood Enterprises Limited	Near SBI ATM, 152 Harbor Cross, Coimbatore, 540107	India
S1-007145	Brightpath Electricals Company	77 Goldleaf Dr, Harbor Park, Akron, OH, 57490	US
S1-007146	Harbor Quarry Foods Limited Liability Company	95 Maplecrest Road, Stonebridge Park, Fresno, IL, 50877	United States
S1-007147	Sunstone Services Limited	195 Maplecrest Crs, Juniper Nagar, Pune, 134330	India
S1-007148	Redwood Textiles Private Limited	20/18 Bluepeak Cross, Pune, Rajasthan, 280849	IN
S1-007149	Goldleaf Northgate Packaging Incorporated	11/50 Brightpath Blv,d Behind the Civic Center, Peoria, 81156	USA
S1-007150	Orchid Solutions Private Limited	96 Apex Marg, Jaipur, Tamil Nadu	IN
S1-007151	Onyx Textiles Private Limited	Summit Nagar Indore 877492 357 Cobalt Crs	IN
S1-007152	Cobalt Trading Company	302 Sunstone Dr Clearwater Park Lubbock AL 62537	USA
S1-007153	Juniper Foods Limited Liability Company	366 Kestrel Road, Thistle Park, Fresno, TX, 48850	USA
S1-007154	Harbor Services Limited	112 Bluepeak Marg, Kestrel Nagar, Indore, Gujarat, 938298	India
S1-007155	Goldleaf Electricals Limited Liability Company	214 Harbor Road, Maplecrest Park, Lubbock, 67943	United States
S1-007156	Ironwood Enterprises Incorporated	214 Ravenwood Dr Behind the Civic Center Brightpath Park Tacoma 20614	USA
S1-007157	Clearwater Enterprises Private Limited	Behind Ganesh Temple, 9/10 Bluepeak Marg, Sunstone Nagar, Jaipur, 34858	IN
S1-007158	Meridian Electricals Limited Liability Company	46 Lantern Drive Quarry Park Akron	United States
S1-007159	Cobalt Packaging Private Limited	Behind Ganesh Temple, 123 Summit Mn, Clearwater Nagar, Kochi, 333910	India
S1-007160	Goldleaf Vertex Foods Limited	81 Ironwood Main, Pune, Rajasthan, 723602	India
S1-007161	Stonebridge Packaging Limited	25/38 Cobalt Marg, Lantern Nagar, Indore	IN
S1-007162	Juniper Foods Limited	154 Northgate Rd, Falcon Nagar, Kochi, 577073	India
S1-007163	Meridian Consultancy Private Limited	71 Maplecrest Crross, Orchid Nagar, Opp. Bus Depot, Coimbatore, 871964	IN
S1-007164	Summit Chemicals Private Limited	112 Redwood Crs Kochi 286269	IN
S1-007165	Sunstone Meridian Chemicals Limited Liability Company	161 Redwood Street, Meridian Park, Fresno, 28332	US
S1-007166	Apex Textiles Corporation	301 Juniper Street, Peoria, OH, 39722, Thistle Park	US
S1-007167	Ravenwood Fabrics Corporation	259 Bluepeak Street, Quarry Park, Tacoma, CA, 24397	USA
S1-007168	Vertex Foods Company	37/75 Lantern Street, Opp. City Library, Kestrel Park, Tacoma, 21070	United States
S1-007169	Silverline Apex Trading Private Limited	161 Northgate St, Clearwater Nagar, Pune, 559335	IN
S1-007170	Vertex Northgate Foods Limited Liability Company	8/8 Clearwater Dr, Orchid Park, Lubbock, CA, 59855	USA
S1-007171	Bluepeak Motors Limited	Quarry Nagar, Kochi, Kerala, 240 Thistle Rd	India
S1-007172	Northgate Electricals Private Limited	130 Harbor Rd, Bluepeak Nagar, Kochi	IN
S1-007173	Vertex Industries Incorporated	319 Harbor Blvd, Stonebridge Park, Austin, 10902	USA
S1-007174	Goldleaf Trading Limited Liability Company	123 Kestrel Rd, Onyx Park, Tacoma, WA, 15324	US
S1-007175	Sunstone Enterprises Corporation	256 Ironwood Street, Ravenwood Park, Lubbock, IL	United States
S1-007176	Maplecrest Packaging Company	121 Coblt Boulevard, Opp. City Library, Mobile, AL	United States
S1-007177	Goldleaf Solutions Limited Liability Company	295 Sunstone Road, OH, 92687, Mobile	USA
S1-007178	Ravenwood Packaging Limited	242 Apex Marg, Falcon Nagar, Indore, 276210	IN
S1-007179	Bluepeak Ironwood Consultancy Corporation	339 Onyx St, Juniper Park, Fresno, TX, 40460	US
S1-007180	Maplecrest Solutions Private Limited	312 Stonebridge Mn, Juniper Nagar, Kochi, Tamil Nadu	IN
S1-007181	Summit Chemicals Limited	275 Ironwood St, Coimbatore, Gujarat	IN
S1-007182	Summit Electricals Limited	273 Juniper Mn, Bluepeak Nagar, Pune, Tamil Nadu, 324803	India
S1-007183	Onyx Chemicals Private Limited	282 Lantern Marg, Near SBI ATM, Meridian Nagar, Jaipur, Rajasthan	India
S1-007184	Meridian Trading Limited Liability Company	293 Onyx Dr Apex Park Peoria IL 35263	US
S1-007185	Bluepeak Maplecrest Packaging Incorporated	275 Brightpath Rd, Harbor Park, Peorria, OH	USA
S1-007186	Kestrel Kestrel Motors Limited Liability Company	303 Northgate St Silverline Park Fresno 23281	USA
S1-007187	Juniper Packaging Company	334 Kestrel Road, Sunsstone Park, Tacoma	USA
S1-007188	Goldleaf Apex Chemicals Limited	278 Ironwood Marg, Kestrel Nagar, Indore, Maharashtra, 872673	India
S1-007189	Goldleaf Kestrel Consultancy Private Limited	189 Maplecrest Crs, Coimbatore, 319469	India
S1-007190	Juniper Solutions Company	313 Ravenwood Boulevard, Ironwood Park, Akron	US
S1-007191	Clearwater Clearwater Services Limited	254 Silverline Marg, Meridian Nagar, Pune, Gujarat, 191904	IN
S1-007192	Clearwater Trading Private Limited	83 Brightpath Main, Opp. Bus Depot, Ravenwood Nagar, Jaipur, 802041	India
S1-007193	Sunstone Packaging Company	110 Goldleaf Street, Mobile, Orchid Park	US
S1-007194	Lantern Industries Corporation	149 Summit Boulevard, Falcon Park, Akron, CA, 86235	USA
S1-007195	Onyx Systems Company	39/79 Vertex Avenue, Mobile, 23898, Kestrel Park	US
S1-007196	Bluepeak Enterprises Incorporated	289 Cobalt Blvd, Juniper Park, Peoria, 60011	USA
S1-007197	Silverline Ironwood Enterprises Limited Liability Company	304 Ironwood Dr, Onyx Park, Peoria, IL, 40782	US
S1-007198	Apex Solutions Limited Liability Company	Near Exit 14 388 Quarry Ave Orchid Park Fresno	USA
S1-007199	Stonebridge Logistics Private Limited	209 Meridian Rd Orchid Nagar Indore Gujarta 530014	IN
S1-007200	Redwood Systems Limited	109 Stonebridge Marg, Brightpath Nagar, Near SBI ATM, Pune	IN
S1-007201	Juniper Electricals Limited Liability Company	367 Onyx Drive, Peoria, 97770	USA
S1-007202	Falcon Packaging Private Limited	397 Summit Cross Surat Tamil Nadu 802212	India
S1-007203	Summit Northgate Fabrics Private Limited	362 Thistle Main Sunstone Nagar Indore Gujarat 992373	IN
S1-007204	Falcon Thistle Foods Private Limited	40 Stonebridge Main, Surat	India
S1-007205	Summit Systems Private Limited	214 Falcon Crs, Ironwood Nagar, Nagpur, Kerala, 486520	IN
S1-007206	Falcon Electricals Corporation	343 Brightpath Boulevard, Austin	United States
S1-007207	Bluepeak Consultancy Limited	7 Meridian Marg Apex Nagar Surat Gujarat	India
S1-007208	Brightpath Services Limited	381 Onyx Marg, Juniper Nagar, Indore, 779302	IN
S1-007209	Ironwood Chemicals Incorporated	241 Kestrel Dr Bluepeak Park Lubbock AL 22081	USA
S1-007210	Clearwater Systems Private Limited	284 Goldleaf Marg, Coimbatore, MP, Brightpath Nagar	IN
S1-007211	Northgate Stonebridge Consultancy Company	384 Onyx Street Mobile 24697 Ironwood Park	USA
S1-007212	Falcon Motors Corporation	322 Sunstone Street, Bluepeak Park, OH, 73160, Austin	US
S1-007213	Apex Consultancy Corporation	284 Thistle Ave, Quarry Park, Akron	USA
S1-007214	Meridian Chemicals Private Limited	205 Northgate Cross, Ironwood Nagar, Jaipur, MP, 695030	India
S1-007215	Quarry Logistics Private Limited	59 Goldleaf Marg, Clearwater Nagar, Pune, 123468	IN
S1-007216	Summit Enterprises Private Limited	162 Redwood Cross, Jaipur, Tamil Nadu	IN
S1-007217	Silverline Stonebridge Consultancy Private Limited	283 Redwood Mn, Coimbatore, Rajasthan, 765100	India
S1-007218	Brightpath Summit Motors Limited Liability Company	208 Ravenwood Blvd, Near Exit 14, Ravenwood Park, Lubbock, IL, 24811	USA
S1-007219	Harbor Services Limited	317 Stonebridge Crs, Orchid Nagar, oCimbatore	India
S1-007220	Ironwood Chemicals Private Limited	340 Falcon Rd, Stonebridge Nagar, Jaipur, Kerala, 425042	India
S1-007221	Onyx Vertex Trading Company	3 Quarry Dr, Harbor Park, Lubbock	United States
S1-007222	Bluepeak Foods Limited	226 Stonebridge Marg, Jaipur, 235888	India
S1-007223	Apex Motors Private Limited	184 Vertex Marg, Brightpath Nagar, Indore, Kerala, 991747	India
S1-007224	Apex Onyx Systems Private Limited	14/44 Maplecrest Cross, Kestrel Nagar, Near Metro Pillar 42, Jaipur, Maharashtra, 527025	IN
S1-007225	Stonebridge Silverline Textiles Limited	50 Ravenwood Cross, Vertex Nagar, Coimbatore, Maharashtra, 774415	IN
S1-007226	Harbor Services Private Limited	252 Silverline Street, Quarry Nagar, Indore, Tamil Nadu, 857213	IN
S1-007227	Thistle Silverline Textiles Limited Liability Company	69 Northgate Boulevard, Stonebridge Park, Peoria, IL, 58630	United States
S1-007228	Vertex Trading Private Limited	112 Cobalt St, Summit Nagar, Pune, 440528	India
S1-007229	Vertex Textiles Corporation	120 Bluepeak Drive Redwood Park Lubbock	United States
S1-007230	Stonebridge Foods Corporation	228 Stonebridge St, Ironwood Park, Akron, IL, 26480	United States
S1-007231	Ravenwood Harbor Electricals Private Limited	29 Onyx Marg, Apex Nagar, Jaipur, Tamil Nadu	India
S1-007232	Quarry Electricals Private Limited	276 Maplecrest Marg, Meridian Nagar, Indore, Rajasthan, 847983	India
S1-007233	Brightpath Bluepeak Packaging Private Limited	335 Orchid Mrag Sunstone Nagar Surat Maharashtra 977776	IN
S1-007234	Sunstone Systems Private Limited	147 Vertex Marg, Behind Ganesh Temple, Cobalt Nagar, Coimbatore, 589625	IN
S1-007235	Maplecrest Redwood Foods Limited Liability Company	341 Quarry Boulevard Apex Park Lubbock OH 91461	USA
S1-007236	Ironwood Solutions Company	136 Vertex Rd, Juniper Park, Fresno, 85946	US
S1-007237	Goldleaf Onyx Textiles Private Limited	178 Goldleaf Street, Coimbatore, Tamil Nadu, 433060, Clearwater Nagar	IN
S1-007238	Thistle Goldleaf Chemicals Incorporated	33/5 Apex Dr, Clearwater Park, Akron, 92934	US
S1-007239	Sunstone Systems Private Limited	175 Cobalt Rd, Brightpath Nagar, Coimbatore, 188416	IN
S1-007240	Lantern Motors Limited Liability Company	43 Kestrel Blvd, Orchid Park, Austin, WA	USA
S1-007241	Ravenwood Electricals Company	220 Orchid St, Meridian Park, Mobile, TX, 16133	US
S1-007242	Thistle Ravenwood Enterprises Private Limited	287 Maplecrest Road, Vertex Nagar, Indorre, Tamil Nadu, 401322	IN
S1-007243	Meridian Kestrel Motors Private Limited	Near SBI ATM,  291 Onyx Crs, Orchid Nagar, Nagpur, Kerala, 331553	IN
S1-007244	Lantern Motors Private Limited	194 Juniper Main, Juniper Nagar, Coimbatoer	IN
S1-007245	Falcon Packaging Corporation	348 Meridian Street, Peoria, 81634	US
S1-007246	Juniper Onyx Consultancy Private Limited	325 Ravenwood Road, Meridian Nagar, Surat, Rajasthan, 357740	India
S1-007247	Ironwood Electricals Limited Liability Company	Near Exit 14, 20 Thistle Drive, Kestrel Park, Akron, AL	US
S1-007248	Redwood Packaging Limited	2 Onyx Marg, Summit Nagar, Kochi, MP, 493713	IN
S1-007249	Orchid Redwood Fabrics Company	62 Lantern St, Ironwood Park, Peoria, 94585	US
S1-007250	Lantern Industries Incorporated	312 Northgate Boulevard, Ironwood Park, Austin, 43821	United States
S1-007251	Summit Electricals Limited Liability Company	142 HHarbor Blvd Lubbock WA 40587	US
S1-007252	Thistle Systems Limited	Near Metro Pillar 42, 285 Kestrel Main, Falcon Nagar, Kochi, Tamil Nadu	India
S1-007253	Silverline Textiles Incorporated	33 Sunstone Dr, Fresno, AL	United States
S1-007254	Vertex Motors Corporation	23/66 Lantern Rd Northgate Park Mobile 92286	United States
S1-007255	Falcon Trading Private Limited	135 Orchid Cross, Indore, Gujarat, Stonebridge Nagar	India
S1-007256	Silverline Electricals Limited	385 Onyx Mn, Jaipur, Kerala, 739420	India
S1-007257	Ironwood Juniper Logistics Limited	314 Sunstone St, Coimbatore, Rajasthan, 144002	IN
S1-007258	Summit Foods Incorporated	Opp. City Library, 124 Summit Drive, Meridian Park, Fresno, 86912	US
S1-007259	Sunstone Solutions Private Limited	37/69 Northgate Main Sunstone Nagar Kochi MP 463801	IN
S1-007260	Thistle Solutions Private Limited	21/80 Ironwood Street Clearwater Nagar Surat Rajasthan 717863	IN
S1-007261	Meridian Electricals Private Limited	199 Apex Road Kestrel Nagar Kochi	India
S1-007262	Quarry Textiles Company	2 Sunstone Dr, Near Exit 14, Thistle Park, Tacoma, TX	USA
S1-007263	Thistle Motors Limited Liability Company	390 Clearwater Blvd, Northgate Park, Tacoma, 86283	US
S1-007264	Ironwood Industries Limited	Near SBI ATM 143 Bluepeak Marg Lantern Nagar Surat 181925	IN
S1-007265	Lantern Services Corporation	83 Kestrel Avenue, Clearwater Park, Akron, 18498	US
S1-007266	Sunstone Thistle Packaging Limited Liability Company	297 Apex Blvd, Meridian Park, Akron, 84735	United States
S1-007267	Apex Trading Private Limited	138 Kestrel Marg Kochi Maharashtra	India
S1-007268	Maplecrest Solutions Company	228 Stonebridge Blvd, Bluepeak Park, Lubbock, WA, 37933	United States
S1-007269	Apex Industries Corporation	229 Kestrel Drive, Redwood Park, Mobile, IL, 62546	US
S1-007270	Ravenwood Fabrics Private Limited	147 Onyx Main Harbor Nagar  Surat Kerala	IN
S1-007271	Goldleaf Chemicals Limited	93 Meridian Marg, Surat, Tamil Nadu, 257553	India
S1-007272	Orchid Solutions Limited Liability Company	261 Orchid Avenue, Northgate Park, Tacoma, IL	United States
S1-007273	Stonebridge Lantern Consultancy Company	294 Ironwood Boulevard, Juniper Park, Tacoma, IL, 74824	USA
S1-007274	Northgate Stonebridge Solutions Limited	279 Brightpath Crs Indore Kerala 177213 Silverline Nagar	IN
S1-007275	Northgate Fabrics Incorporated	334 Quarry Ave Maplecrest Park Peoria 84705	US
S1-007276	Meridian Electricals Limited	356 Clearwater Marg, Redwood Nagar, Surat, 421649	IN
S1-007277	Clearwater Enterprises Private Limited	333 Ironwood Crs Harbor Nagar Jaipur Tamil Nadu 899434	IN
S1-007278	Lantern Logistics Private Limited	6/70 Ironwood Crs, Goldleaf Nagar, Nagpur, Rajasthan	IN
S1-007279	Quarry Chemicals Incorporated	35/43 Ironwood Street, Clearwater Park, Mobile, OH, 52683	USA
S1-007280	Brightpath Lantern Motors Limited Liability Company	281 Stonebridge Dr Cobalt Park Mobile 98563	USA
S1-007281	Ironwood Logistics Private Limited	3444 Clearwater Mn, Surat, 710804, Kerala	India
S1-007282	Thistle Consultancy Company	370 Brightpath Street Ironwood Park Tacoma 79661	US
S1-007283	Quarry Motors Limited	Behind Ganesh Temple, 172 Falcon Cross, Pune, Kerala, 186268	IN
S1-007284	Brightpath Consultancy Private Limited	335 Stonebridge Cross, Sunstone Nagar, Surat, Kerala	India
S1-007285	Clearwater Motors Limited Liability Company	290 Brightpath Blvd Peoria TX 30003	US
S1-007286	Falcon Meridian Consultancy Limited Liability Company	132 Ravenwood Ave, Harbor Park, Peoria, 25749	US
S1-007287	Silverline Chemicals Private Limited	23/58 Orchid Marg, Stonebridge Nagar, Coimbatore, 157873	IN
S1-007288	Clearwater Systems Private Limited	383 Sunstone Mn Meridian Nagar Nagpur MP	IN
S1-007289	Cobalt Redwood Motors Company	50 Juniper Drive, Austin	United States
S1-007290	Juniper Redwood Systems Limited	155 Stonebridge Main, Apex Nagar, Coimbatore, 952460	India
S1-007291	Summit Industries Company	160 Onyx St Thistle Park Lubbock CA 36238	United States
S1-007292	Redwood Lantern Motors Private Limited	202 Orchid Marg Brightpath Nagar Jaipur Tamil Nadu	IN
S1-007293	Apex Trading Limited	215 Cobalt Marg Kochi Gujarat 367563	India
S1-007294	Brightpath Stonebridge Motors Company	251 Stonebridge Blvd, Quarry Park, Austin, CA	US
S1-007295	Silverline Packaging Company	389 Apex Street, Maplecrest Park, Akron, CA, 12965	United States
S1-007296	Maplecrest Electricals Private Limited	161 Stonebridge Street, Goldleaf Nagar, Indore, Gujarat	IN
S1-007297	Maplecrest Packaging Corporation	24/18 Summit Street, Juniper Park, Austin, IL, Behind the Civic Center	United States
S1-007298	Quarry Solutions Private Limited	363 Ironwood Road, Indore, Gujarat	India
S1-007299	Brightpath Industries Private Limited	134 Kestrel Marg, Sunstone Nagar, Indore, 807845	India
S1-007300	Falcon Packaging Limited Liability Company	75 Juniper Avenue, Orchid Park, Peoria, WA, 55507	US
S1-007301	Orchid Electricals Limited	258 Cobalt Mn, Ironwood Nagar,Jaipur, Tamil Nadu	India
S1-007302	Lantern Juniper Industries Corporation	92 Thistle Dr, Peoriia, OH	US
S1-007303	Stonebridge Fabrics Limited	Opp. Bus Depot, 352 Redwood Road, Brightpath Nagar, Pune, 326284	India
S1-007304	Summit Logistics Private Limited	68 Ravenwood St, Thistle Nagar, Indore, Gujarat	India
S1-007305	Stonebridge Enterprises Private Limited	306 Summit Cross, Apex Nagar, Jaipur, 283432	IN
S1-007306	Silverline Solutions Private Limited	93 Orchid Mn, Indore, Gujarat, 759452	IN
S1-007307	Bluepeak Enterprises Company	17/32 Maplecrest St, Northgate Park, Mobile, 77138	USA
S1-007308	Harbor Falcon Services Limited Liability Company	250 Harbor St Meridian Park Tacoma WA	US
S1-007309	Goldleaf Enterprises Incorporated	313 ClearwaterD rive, Akron	United States
S1-007310	Brightpath Electricals Limited Liability Company	200 Ironwood Drive, Clearwater Park, Fresno, 28449	USA
S1-007311	Juniper Logistics Corporation	Behind the Civic Center, 25 Lantern Drive, Onyx Park, Tacoma	US
S1-007312	Falcon Consultancy Limited Liability Company	336 Ravenwood Road, Northgate Park ,Tacoma, 83021	USA
S1-007313	Harbor Chemicals Limited	Behind Ganesh Temple, 80 Summit Main, Clearwater Nagar, Jaipur	IN
S1-007314	Redwood Enterprises Corporation	223 Kestrel Dr, Summit Park, Austin, 27460	United States
S1-007315	Harbor Cobalt Packaging Incorporated	159 Vertex Ave, Akron, IL	USA
S1-007316	Summit Fabrics Private Limited	338 Stonebridge Rd, Silverline Nagar, Pune	India
S1-007317	Apex Textiles Company	109 Kestrel Blvd, Austin, WA, 43475	US
S1-007318	Quarry Logistics Corporation	331 Clearwater Road Mobile CA 57531	USA
S1-007319	Onyx Solutions Private Limited	315 Maplecrest Mn Coimbatore	IN
S1-007320	Goldleaf Logistics Private Limited	31 Redwood Crs, Sunstone Nagar, Nagpur, 683342	IN
S1-007321	Stonebridge Fabrics Company	322 Juniper Road, Apex Park, Akron, CA	US
S1-007322	Brightpath Services Private Limited	261 Harbor Marg, Pune, 423982, Clearwater Nagar	IN
S1-007323	Kestrel Consultancy Incorporated	383 Lantern St, Falcon Park, Fresno, 45263	United States
S1-007324	Ravenwood Logistics Incorporated	352 Meridian Ave Behind the Civic Center Lantern Park Akron	United States
S1-007325	Thistle Cobalt Systems Corporation	155 Silverline Avenue, Cobalt Park, Mobile, IL	US
S1-007326	Kestrel Textiles Private Limited	335 Summit Crs, Goldleaf Nagar, Kochi	IN
S1-007327	Falcon Motors Private Limited	273 Onyx Crs Sunstone Nagar Surat Maharashtra 961293	India
S1-007328	Sunstone Solutions Private Limited	82 Stonebridge Crs, Thistle Nagar, Pune, 584614	IN
S1-007329	Redwood Systems Incorporated	325 Cobalt Road, Ironwood Park, Lubbock, 54069	USA
S1-007330	Silverline Electricals Corporation	96 Ravenwood Dr, Northgate Park, Akron, WA	United States
S1-007331	Kestrel Thistle Fabrics Limited Liability Company	297 Sunstone Boulevard 21240 Tacoma	United States
S1-007332	Northgate Motors Private Limited	Behind Ganesh Temple 66 Ravenwood Street Surat Maharashtra	India
S1-007333	Lantern Clearwater Enterprises Private Limited	150 Harbor Marg Stonebridge Nagar Surat Kerala 692358	India
S1-007334	Lantern Motors Limited Liability Company	332 Summit Boulevard, Maplecrest Park, Behind the Civic Center, Lubbock, CA	United States
S1-007335	Apex Electricals Private Limited	29 Thistle Mn Clearwater Nagar Indore 317612	IN
S1-007336	Onyx Consultancy Limited Liability Company	334 Meridian Street, Onyx Park, Tacoma, 47545	USA
S1-007337	Vertex Systems Incorporated	170 Stonebridge Ave, Vertex Park, Fresno, IL, 59142	USA
S1-007338	Lantern Electricals Limited Liability Company	9 Goldleaf Rd, Maplecrest Park, Fresno, 42993	United States
S1-007339	Onyx Industries Private Limited	Meridian Nagar, Pune, Maharashtra, 324 Ravenwood Crs	IN
S1-007340	Stonebridge Chemicals Private Limited	62 Harbor Mn Indore 389620	India
S1-007341	Orchid Solutions Private Limited	Near SBI ATM, 126 Ironwood Cross, Nagpur, Tamil Nadu, 419071	India
S1-007342	Cobalt Motors Private Limited	206 Onyx Marg Near Metro Pillar 42 Cobalt Nagar Kochhi Tamil Nadu	IN
S1-007343	Orchid Industries Corporation	297 Northgate Boulevrd, Redwood Park, Akron	US
S1-007344	Sunstone Solutions Limited	270 Onyx Street, Meridian Nagar, Near Metro Pillar 42, Coimbatore, Maharashtra, 579142	IN
S1-007345	Kestrel Fabrics Limited Liability Company	358 Northgate Street Onyx Park Austin AL	US
S1-007346	Clearwater Silverline Electricals Limited Liability Company	117 Redwood Drive, Goldleaf Park, Fresno, CA, 92712	United States
S1-007347	Goldleaf Quarry Industries Private Limited	Near SBI ATM, 305 Maplecrest Marg, Indore, MP, 917775	India
S1-007348	Northgate Summit Services Private Limited	385 Stonebridge Road, Near Metro Pillar 42, Cobalt Nagar, Kochi, Gujarat, 540484	IN
S1-007349	Apex Packaging Company	329 Clearwater Blvd, Harbor Park, Lubbock, IL, 85863	US
S1-007350	Redwood Chemicals Corporation	301 Orchid Drive Near Exit 14 Apex Park Austin	US
S1-007351	Onyx Solutions Company	15/83 Silverline Dr, Apex Park, Akron, CA, 17672	US
S1-007352	Clearwater Logistics Private Limited	197 Falcon Marg, Falcon Nagar, Surat, 309126	India
S1-007353	Ironwood Ravenwood Industries Corporation	144 Falcon Boulevard, Behind the Civic Center, Tacoma	United States
S1-007354	Quarry Orchid Enterprises Limited Liability Company	191 Harbor Boulevard, Opp. City Library, Sunstone Park, Mobile	US
S1-007355	Meridian Bluepeak Electricals Limited	58 Meridian Mn, Kestrel Nagar, Kochi, Maharashtra, 544444	India
S1-007356	Lantern Enterprises Private Limited	287 Juniper Crs, Pune, 325115	India
S1-007357	Brightpath Redwood Consultancy Company	349 Redwood Blvd, Austin, TX, 53736	United States
S1-007358	Redwood Motors Limited	22/29 Clearwater Main, Thistle Nagar, Pune	India
S1-007359	Goldleaf Logistics Company	168 Maplecrest Avenue, Redwood Park, IL, 94892, Fresno	USA
S1-007360	Lantern Falcon Logistics Incorporated	95 Goldleaf Avenue Northgate Park Mobile IL 11546	USA
S1-007361	Redwood Industries Private Limited	110 Maplecrest St, Clearwater Nagar, Near SBI ATM, Pune, MP, 167717	IN
S1-007362	Silverline Electricals Company	Austin, TX, 37261, 242 Goldleaf Ave	USA
S1-007363	Vertex Bluepeak Enterprises Private Limited	369 Redwood Cross Near SBI ATM Onyx Nagar Naggpur Tamil Nadu 619438	India
S1-007364	Northgate Consultancy Corporation	22/87 Summit Street, Vertex Park, Peoria, OH, 78011	USA
S1-007365	Juniper Trading Private Limited	237 Goldleaf Marg, Brightpath Nagar, Near Metro Pillar 42, Kochi	IN
S1-007366	Quarry Fabrics Private Limited	349 Meridian Road, Pune, Rajasthan, 507779	India
S1-007367	Thistle Clearwater Trading Company	52 Clearwater Boulevvard, Mobile, WA	US
S1-007368	Summit Systems Limited	88 Falcon St, Cobalt Nagar, Pune, Rajasthan, 421188	IN
S1-007369	Falcon Electricals Incorporated	298 Orchid Dr, Meridian Park, Lubbock	USA
S1-007370	Juniper Electricals Private Limited	371 Sunstone Marg Juniper Nagar Indore	India
S1-007371	Falcon Solutions Company	44 Orchid Drive Northgate Park Akron WA 42414	US
S1-007372	Cobalt Systems Corporation	16/12 Ironwood St, Brightpath Park, Akron, 17166	US
S1-007373	Ravenwood Cobalt Industries Private Limited	271 Vertex Cross, Meridian Nagar, Coimbatore, 592131	IN
S1-007374	Harbor Enterprises Incorporated	25 Onyx Street, Tacoma, TX, 29206	US
S1-007375	Sunstone Enterprises Private Limited	78 Orchid St, Clearwater Nagar, Pune, Kerala	IN
S1-007376	Orchid Logistics Private Limited	76 Harbor Street, Orchid Nagar, Nagpur, Rajasthan	India
S1-007377	Meridian Services Company	362 Lantern Dr, Near Exit 14, Goldleaf Park, Lubboc, AL	US
S1-007378	Orchid Stonebridge Packaging Private Limited	52 Juniper Mn, Falcon Nagar, Jaipur, Rajasthan	India
S1-007379	Summit Maplecrest Foods Limited Liability Company	151 Juniper Rd, Onyx Park, Tacoma, 54350	USA
S1-007380	Summit Chemicals Corporation	89 Vertex St, Bluepeak Park, Peoria, OH, 26175	United States
S1-007381	Clearwater Services Private Limited	Near Metro Pillar 42, 109 Falcon Mar,g Kochi	IN
S1-007382	Thistle Falcon Industries Private Limited	366 Apex Marg Japiur 934724	India
S1-007383	Northgate Harbor Solutions Private Limited	65 QuarryStreet, Pune	IN
S1-007384	Summit Trading Private Limited	220 Thistle Street Meridian Nagar Behind Ganesh Temple Surat Rajasthan 271642	India
S1-007385	Lantern Packaging Limited Liability Company	130 Silverline Dr, Falcon Park, Tacoma, TX, 86859	USA
S1-007386	Ironwood Enterprises Limited	12 Ironwood Road, Jaipur, MP, 600785	India
S1-007387	Lantern Systems Limited	326 Kestrel Rd, Stonebridge Nagar, Nagpur, Kerala	India
S1-007388	Harbor Packaging Limited	44 Northgate Marg Redwood Nagar Pune 972022	IN
S1-007389	Bluepeak Thistle Logistics Limited Liability Company	33/54 Silverline Road Brightpath Park Fresno 40300	United States
S1-007390	Quarry Solutions Incorporated	39 Maplecrest Road Harbor Park Austin 91294	US
S1-007391	Falcon Consultancy Private Limited	330 Harbor St, Bluepeak Nagar, Jaipur, 919229	IN
S1-007392	Ironwood Textiles Company	113 Stonebridge Rd, Sunstone Park, Lubbock	United States
S1-007393	Stonebridge Services Corporation	Near Exit 14, 234 Thistle Rd, Juniper Park, Austin, TX, 71658	US
S1-007394	Northgate Solutions Private Limited	38 avenwood Road, Meridian Nagar, Jaipur	India
S1-007395	Northgate Chemicals Company	Behind the Civic Center, 37 Ironwood St, Summit Park, Lubbock, WA, 72584	US
S1-007396	Cobalt Systems Limited Liability Company	334 Summit Rd, Fresno, 69442	United States
S1-007397	Falcon Logistics Limited	156 Kestrel Main, Clearwater Nagar, Nagpur	IN
S1-007398	Silverline Maplecrest Solutions Incorporated	Opp. City Library, 34 Vertex Road, Akron, 12952	United States
S1-007399	Summit Juniper Systems Limited Liability Company	341 Bluepeak Dr, Goldleaf Par, Akron, OH	US
S1-007400	Bluepeak Silverline Solutions Limited	208 Goldleaf Cross Northgate Nagar Opp. Bus Depot Surat	IN
S1-007401	Juniper Silverline Systems Incorporated	20 Falcon Boulevard, Silverline Park, Tacoma, IL	USA
S1-007402	Meridian Electricals Private Limited	292 Meridian Crs, Nagpur, Maharashtra, 819336, Maplecrest Nagar	India
S1-007403	Thistle Packaging Incorporated	2 Ravenwood Ave, Harbo rPark, Mobile	United States
S1-007404	Harbor Kestrel Services Limited Liability Company	290 Lantern St, Falcon Park, Lubbock, IL, 17260	USA
S1-007405	Sunstone Trading Limited	137 Ironwood Marg, Stonebridge Nagar, Kochi, 377246	IN
S1-007406	Summit Solutions Company	362 Stonebridge St, Lantern Park, Lubbock, IL	USA
S1-007407	Bluepeak Foods Company	261 Silverline Drive, Silverline Park, Lubbock, 36361	US
S1-007408	Juniper Motors Company	234 Lantern Dr, Opp. City Library, Thistle Park, Fresno, TX, 97119	USA
S1-007409	Juniper Fabrics Private Limited	251 Ironwood Marg, Near SBI ATM, Coimbatore	IN
S1-007410	Cobalt Consultancy Limited Liability Company	280 Ravenwood Road Clearwater Park Akron IL 78213	United States
S1-007411	Clearwater Trading Private Limited	206 Brightpath St, Nagpur, Tamil Nadu	India
S1-007412	Falcon Systems Private Limited	149 Summit Street, Vertex Nagar, Pune, Rajasthan, 167510	IN
S1-007413	Apex Trading Company	Apex Park Lubbock 145 Bluepeak Dr	US
S1-007414	Kestrel Kestrel Fabrics Incorporated	Opp. City Library, 163 Harbor Drive, Maplecrest Park, Mobile, TX, 24818	US
S1-007415	Clearwater Services Limited	46 Kestrel Stret, Summit Nagar, Surat	India
S1-007416	Harbor Packaging Private Limited	350 Juniper Road, Orchid Nagar, Pune, MP	India
S1-007417	Lantern Textiles Private Limited	269 Clearwater St, Thistle Nagar, Pune, 333572	IN
S1-007418	Falcon Packaging Private Limited	103 Goldleaf Marg Opp. Bus Depot Quarry Nagar Kochi Rajasthan	India
S1-007419	Quarry Stonebridge Chemicals Corporation	23/41 Goldleaf St, Meridian Park, Lubbock	US
S1-007420	Falcon Packaging Corporation	389 Summit Rd, Quarry Park, Tacoma, OH	United States
S1-007421	Northgate Falcon Fabrics Limited	102 Lantern Cross Redwood Nagar Indore 558987	India
S1-007422	Summit Chemicals Limited	326 Orchid St, Goldleaf Nagar, Surat, 654809	India
S1-007423	Brightpath Consultancy Private Limited	310 Sunstone Road, Vertex Nagar, Kochi, Gujarat, 178831	IN
S1-007424	Bluepeak Foods Company	198 Lantern Avenue, Mobile, 12001	USA
S1-007425	Ravenwood Apex Packaging Private Limited	73 Stonebridge Crs, Goldleaf Nagar, Pune, 143479	IN
S1-007426	Bluepeak Trading Incorporated	156 Harbor Blvd, Clearwater Park, Akron	United States
S1-007427	Ravenwood Electricals Private Limited	Opp. Bus Depot, Juniper Nagar, Nagpur, Tamil Nadu, 826185, 88 Clearwater Cross	IN
S1-007428	Northgate Services Incorporated	32/58 Maplecrest Rd, Onyx Park, Akron, AL, 69748	US
S1-007429	Vertex Maplecrest Solutions Limited Liability Company	34 Summit Dr, Ravenwood Park, Mobile, IL, 18408	United States
S1-007430	Falcon Systems Corporation	23 Kestrel Boulevard, Peoria, 70636	USA
S1-007431	Maplecrest Northgate Logistics Private Limited	176 Ravenwood Marg Surat 603854	IN
S1-007432	Northgate Packaging Limited	86Bluepeak Street, Ironwood Nagar, Jaipur, Gujarat, 322883	India
S1-007433	Onyx Motors Private Limited	18/30 Goldleaf Street, Near SBI ATM, Indore, 537019	India
S1-007434	Apex Foods Private Limited	326 Onyx oRad, Quarry Nagar, Kochi, Tamil Nadu, 343092	India
S1-007435	Summit Clearwater Systems Limited	54 Juniper Main, Juniper Nagar, Indore, MP, 362641	India
S1-007436	Redwood Services Corporation	3477 Juniper Ave, Near Exit 14, Thistle Park, Lubbock, CA	United States
S1-007437	Onyx Services Limited	327 Stonebridge St, Maplecrest Nagar, Surat, 579196	IN
S1-007438	Vertex Clearwater Foods Limited Liability Company	102 Harbor Avenue, Lantern Park, Fresno, OH, 36311	United States
S1-007439	Northgate Quarry Packaging Limited Liability Company	33 Harbor Drive, Orchid Park, Peoria, 54238	USA
S1-007440	Orchid Chemicals Corporation	68 Northgate Blvd, Kestrel Park, Lubbock, 52525	USA
S1-007441	Silverline Fabrics Private Limited	76 Juniper Mn, Behind Ganesh Temple, Orchid Nagar, Coimbatore, Gujarat, 621836	IN
S1-007442	Stonebridge Chemicals Private Limited	136 Meridian Marg, Summit Nagar, Nagpur, Tamil Nadu, 727085	India
S1-007443	Ironwood Foods Limited	341 Apex Rd, Stonebridge Nagar, Indore	India
S1-007444	Kestrel Packaging Limited	63 Northgate St, Vertex Nagar, Jaipur, 415709	India
S1-007445	Thistle Motors Incorporated	Vertex Park, Peoria, TX, 399 Stonebridge St	US
S1-007446	Onyx Quarry Foods Limited	337 Falcon Crs, Near SBI ATM, Thistle Nagar, Coimbatore	India
S1-007447	Ravenwood Packaging Incorporated	311 Thistle Drive, Quarry Park, Peoria, WA	US
S1-007448	Thistle Consultancy Limited Liability Company	91 Goldleaf Street Meridian Park Akron	USA
S1-007449	Onyx Trading Corporation	13 Brightpath Dr, Onyx Park, Tacoma, WA, 51571	USA
S1-007450	Quarry Industries Limited Liability Company	66 Maplecrest Street, Opp. City Library, Ravenwood Park, Austin, TX, 62778	United States
S1-007451	Apex Fabrics Private Limited	8/5 Orchid Road, Falcon Nagar, Nagpur	India
S1-007452	Onyx Chemicals Limited	297 Bluepeak St Thistle Nagar Nagpur Kerala 125863	IN
S1-007453	Onyx Systems Limited	Near Metro Pillar 42, 27 Ironwood Crs, Vertex Nagar, Nagpur, MP	IN
S1-007454	Lantern Logistics Limited	206 Stonebridge Street, Jaipur, 609801	IN
S1-007455	Ravenwood Chemicals Limited	248 Stonebridge Cross, Ironwood Nagar, Surat	IN
S1-007456	Brightpath Packaging Company	95 Falcon St Ravenwood Park Fresno	United States
S1-007457	Quarry Trading Limited Liability Company	303 Sunstone Road, Quaarry Park, Tacoma, 10725	US
S1-007458	Kestrel Trading Limited	31 Thistle Rd, Pune, Kerala, 214555	India
S1-007459	Bluepeak Logistics Incorporated	338 Thistle Avenue, Tacoma, IL, 39305	United States
S1-007460	Quarry Industries Private Limited	13/68 Falcon Marg, Silverline Nagar, Kochi, Rajasthan	India
S1-007461	Meridian Orchid Foods Limited	369 Northgate Rd Coimbatore MP 782769	IN
S1-007462	Kestrel Services Private Limited	377 Goldleaf Marg, Near SBI ATM, Goldleaf Nagar, Indore, 142364	India
S1-007463	Northgate Consultancy Private Limited	73 Juniper St Northgate Nagar Jaipur 368644	India
S1-007464	Lantern Orchid Trading Corporation	183 Silverline Avenue Clearwater Park Fresno AL	US
S1-007465	Vertex Logistics Incorporated	344 Quarry Boulevard, Ravenwood Park, Austin, CA, 93183	US
S1-007466	Vertex Summit Logistics Corporation	118 Cobalt Boulevard, Northgate Park, Near Exit 14, Mobile, IL, 12281	US
S1-007467	Maplecrest Trading Limited	366 Silverline Road Near SBI ATM Stonebridge Nagar Surat	India
S1-007468	Ironwood Services Limited	271 Vertex Cross, Summit Nagar, Surat, Rajasthan	IN
S1-007469	Ironwood Electricals Company	58 Juniper Drive, Lubbock, CA, 98419	United States
S1-007470	Goldleaf Textiles Limited Liability Company	252 Clearwater Rd, Peoria, AL, 60518	US
S1-007471	Vertex Services Incorporated	Behind the Civic Center, 19 Juniper Avenue, Onyx Park, Taacoma, 10767	United States
S1-007472	Harbor Kestrel Enterprises Limited Liability Company	219 Bluepeak Blvd Onyx Park Akron 14426	United States
S1-007473	Apex Industries Limited	227 Junpier Marg, Harbor Nagar, Nagpur, Kerala, 896708	India
S1-007474	Vertex Redwood Packaging Private Limited	266 Northgate Marg, Surat, 185860	IN
S1-007475	Summit Foods Limited	368 Goldleaf Street, Summit Nagar, Nagpur, Maharashtra, 746050	IN
S1-007476	Bluepeak Onyx Enterprises Private Limited	Near SBI ATM, 139 Maplecrest Marg, Cobalt Nagar, Pune, 9503447, Maharashtra	India
S1-007477	Maplecrest Logistics Incorporated	393 Thistle Road, Peoria, 52129	US
S1-007478	Sunstone Fabrics Company	Opp. City Library, Mobile, TX, 70180, 36/85 Summit Drive	USA
S1-007479	Harbor Fabrics Corporation	29 Onyx Street, Northgatte Park, Akron	USA
S1-007480	Silverline Summit Trading Limited	224 Kestrel Street, Indore, Rajasthan, 103195	India
S1-007481	Quarry Electricals Limited Liability Company	Near Exit 14, 292 Bluepeak Rd, Clearwater Park, Tacoma, WA, 36967	USA
S1-007482	Ironwood Foods Limited	Opp. Bus Deot, 107 Onyx Road, Northgate Nagar, Pune, MP, 897692	India
S1-007483	Ironwood Cobalt Fabrics Corporation	168 Quarry St, WA, 38108, Austin	USA
S1-007484	Silverline Packaging Limited	315 Ravenwood Cross, Clearwater Nagar, Pune, Maharashtra	IN
S1-007485	Northgate Logistics Incorporated	301 Harbor St, Akron, WA, 28250	USA
S1-007486	Thistle Brightpath Motors Limited	303 uQarry Main, Onyx Nagar, Jaipur, Rajasthan, 840286	India
S1-007487	Juniper Electricals Private Limited	105 Quarry Main Silverline Nagar Near Metro Pillar 42 Jaipur Tamil Nadu	India
S1-007488	Brightpath Consultancy Limited Liability Company	70 Thitle Ave, Behind the Civic Center, Akron, WA, 28552	USA
S1-007489	Quarry Foods Limited Liability Company	37/61 Harbor Drive, Peoria, 67356	US
S1-007490	Vertex Fabrics Corporation	261 Bluepeak Rd CClearwater Park Fresno AL 22702	United States
S1-007491	Lantern Clearwater Trading Limited Liability Company	200 Harbor Road, Akron, Goldleaf Park	United States
S1-007492	Northgate Summit Industries Private Limited	135 Bluepeak Street, Near Metro Pillar 42, Meridian Nagar, Surat, Gujarat, 959393	India
S1-007493	Ravenwood Textiles Limited Liability Company	64 Falcon Road, Vertex Park, Akron, OH, 48400	United States
S1-007494	Bluepeak Cobalt Motors Corporation	246 Redwood Rd, Maplecrest Park, Lubbock ,12642	United States
S1-007495	Ravenwood Summit Packaging Company	286 Bluepeak Ave, Mobile, CA, 99789	United States
S1-007496	Lantern Industries Limited Liability Company	292 Silverline Drive, Orchid Park, Fresno, 28209	US
S1-007497	Bluepeak Enterprises Company	7/13 Goldleaf Dr, Lubbock, 13023	United States
S1-007498	Ravenwood Logistics Company	187 Ravenwood Drive, Apex Park, Lubbock, OH	USA
S1-007499	Juniper Trading Company	30/54 Vertex Ave, Summit Park, Peoria, CA	US
S1-007500	Goldleaf Harbor Trading Private Limited	289 Quarry Marg, Bluepeak Nagar, Kochi, Rajasthan, 197119	IN
S1-007501	Redwood Solutions Limited	227 Clearwater Cross, Summit Nagar, Jaipur	India
S1-007502	Quarry Fabrics Company	24 Cobalt Drive, Brightpath Park, Peoria, 69327	USA
S1-007503	Goldleaf Services Corporation	233 Lantern Road, Silverline Park, Mobile, TX, 96285	United States
S1-007504	Ravenwood Packaging Corporation	Behind the Civic Center 6/21 Falcon St Akron 97137	United States
S1-007505	Cobalt Enterprises Limited	278 Vertex Mn, Meridian Nagar, Surat, Rajasthan	India
S1-007506	Sunstone Ravenwood Systems Incorporated	124 Onyx Road Goldleaf Park Behid the Civic Center Akron TX	United States
S1-007507	Juniper Industries Corporation	386 Kestrel Avenue Maplecrest Park Tacoma TX	United States
S1-007508	Lantern Textiles Limited	5/80 Bluepeak Street, Stonebridge Nagar, Surat, Maharashtra	IN
S1-007509	Orchid Foods Private Limited	317 Silverline Rd Silverline Nagar Kochi MP 633284	IN
S1-007510	Thistle Textiles Incorporated	288 Vertex Rd, Akron, 40657	United States
S1-007511	Kestrel Services Corporation	80 Juniper Dr, Stonebridge Park, Austin, TX	US
S1-007512	Redwood Textiles Private Limited	113 Meriidian Main Surat 528492	India
S1-007513	Bluepeak Electricals Corporation	62 Goldleaf Drive, Kestrel Park, Mobile, CA, 56125	USA
S1-007514	Apex Systems Private Limited	76 Lantern Street Harbor Nagar Indore 164913	IN
S1-007515	Bluepeak Industries Limited Liability Company	365 Cobalt Boulevard, Maplecrest Park, Peoria	USA
S1-007516	Goldleaf Falcon Systems Private Limited	37 Maplecrest Marg, Lantern Nagar, Surat, 215004	IN
S1-007517	Juniper Industries Limited	4 Falcon Marg Juniper Nagar Kochi 896971	IN
S1-007518	Quarry Industries Incorporated	Mobile,, IL, 59438, 108 Bluepeak Blvd	US
S1-007519	Lantern Trading Private Limited	Opp. Bus Depot, 129 Lantern Street, Brightpath Nagar, Pune, MP, 558458	India
S1-007520	Harbor Chemicals Incorporated	246 Onyx St, Quarry Park, Fresno, IL	US
S1-007521	Brightpath Orchid Packaging Limited	68 Harbor Crs Kochi Tamil Nadu 495124	India
S1-007522	Clearwater Textiles Private Limited	5 Northgate Mn, Opp. Bus Depot, Harbor Nagar, Jaipur, 175918	IN
S1-007523	Kestrel Solutions Limited	51 Orchid St Meridian Nagar Pune 743060	IN
S1-007524	Falcon Brightpath Trading Limited Liability Company	360 Sunstone Rd, Falcon Park, Lubbock, 97109	US
S1-007525	Falcon Textiles Private Limited	22/64 Quarry Cross, Clearwater Nagar, Kochi	India
S1-007526	Lantern Bluepeak Trading Corporation	294 Summit Steet, Meridian Park, Near Exit 14, Lubbock, IL	USA
S1-007527	Summit Motors Limited Liability Company	29 Vertex St, Lubbock, 14090	United States
S1-007528	Northgate Industries Corporation	10 Meridian St, Tacoma, 78972	US
S1-007529	Harbor Foods Private Limited	183 Sunstone Street, Juniper Nagar, Jaipur	IN
S1-007530	Vertex Consultancy Company	101 Apex Street, Clearwater Park, Lubock, OH, Opp. City Library	United States
S1-007531	Silverline Electricals Company	140 Goldleaf Rd, Maplercest Park, Lubbock, IL, 43742	United States
S1-007532	Apex Textiles Limited	94 Goldleaf Marg Opp. Bus Depot Kochi Kerala	IN
S1-007533	Sunstone Juniper Motors Private Limited	Ironwood Nagar, Near Metro Pillar 42, Coimbatore, Tamil Nadu, 371750, 44 Bluepeak Rd	India
S1-007534	Ravenwood Textiles Limited	21/42 Cobalt Cross, Kochi, MP, 122767	India
S1-007535	Harbor Consultancy Private Limited	37/9 Sunstone Street, Lantern Nagar, Near SBI ATM, Surat, Kerala, 446013	IN
S1-007536	Thistle Trading Limited	151 Apex Road, Behind Ganesh Temple, Lantern Nagar, Jaipur, MP, 240396	India
S1-007537	Cobalt Trading Private Limited	194 Vertex Main, Kestrel Nagar, Surat, Rajasthan, 490605	India
S1-007538	Sunstone Motors Company	272 Sunstone Dr, Peoria, 28881	US
S1-007539	Stonebridge Harbor Trading Limited Liability Company	160 Vertex Street, Akron, WA, 54382	USA
S1-007540	Kestrel Industries Limited	1 Juniper Rd, Cobalt Nagar, Nagpur, Rajasthan, 358404	India
S1-007541	Ravenwood Trading Limited Liability Company	377 Vertex Boulevard, Ravenwood Park, Akron, 58159	USA
S1-007542	Onyx Motors Private Limited	103 Meridian St, Goldleaf Nagar, Surat	IN
S1-007543	Maplecrest Enterprises Limited	60 Clearwater Rd, Redwood Nagar, Indore, Tamil Nadu, 282142	India
S1-007544	Apex Enterprises Limited Liability Company	325 Ravenwood Dr Brightpath Park Tacoma CA 12460	US
S1-007545	Ironwood Ravenwood Solutions Incorporated	109 Lantern Blvd, ThistlePark, Akron, TX	US
S1-007546	Falcon Fabrics Incorporated	267 Quarry Rd, Ravenwood Park, Fresno, 86677	US
S1-007547	Harbor Trading Private Limited	374 Redwood Main, Lantern Nagar, Coimbatore	India
S1-007548	Sunstone Services Private Limited	387 Quarry St, Quarry Nagar, Jaipur, Tamil Nadu, 432363	India
S1-007549	Northgate Juniper Services Private Limited	29/33 Quarry St, Apex Nagar, Nagpur	IN
S1-007550	Lantern Services Limited Liability Company	Opp. City Library, 209 Meridian Street, Fresno, AL, 49988	US
S1-007551	Onyx Falcon Solutions Corporation	34 Juniper Dr, Fresno, AL, 12722	United States
S1-007552	Northgate Clearwater Fabrics Company	27/22 Silverline Blvd Meridian Park Akron 85580	USA
S1-007553	Silverline Solutions Private Limited	330 Northgate St, Harbor Nagar, Pune, MP, 606176	India
S1-007554	Clearwater Enterprises Company	266 Apex Rd, Bluepeak Park, Mobile, AL	United States
S1-007555	Ravenwood Consultancy Limited	295 Harbor Marg, Quarry Nagar, Pune, Rajasthan	India
S1-007556	Quarry Ironwood Trading Limited	56 Bluepeak St, Onyx Nagar, Surat, 392049	India
S1-007557	Orchid Systems Private Limited	246 Apex St, Juniper Nagar, Jaipur	India
S1-007558	Silverline Motors Private Limited	302 Clearwater Main Onyx Naga rSurat 769552	India
S1-007559	Meridian Chemicals Company	53 Thistle Drive, Sunstone Park, WA, Akron	US
S1-007560	Summit Foods Limited	157 Kestrel Marg Near SBI ATM Surat 173633	IN
S1-007561	Maplecrest Consultancy Limited	295 Stonebridge Crs, Brightpath Nagar, Surat, Maharashtra, 191075	India
S1-007562	Ravenwood Logistics Corporation	92 Maplecrest Blvd, Juniper Park, Mobile, WA, 13562	United States
S1-007563	Quarry Solutions Limited	64 Maplecrest Marg, Vertex Nagar, Behind Ganesh Temple, Surat, Maharashtra, 442097	IN
S1-007564	Northgate Logistics Limited Liability Company	308 Meridian Boulevard, Thistle Park, Lubbock, IL, 20322	US
S1-007565	Brightpath Industries Private Limited	245 Kestrel Crs, Onyx Nagar, Opp. Bus Depot, Pune, Kerala, 342211	India
S1-007566	Apex Logistics Limited Liability Company	128 Bluepeak Boulevard, Golldleaf Park, Behind the Civic Center, Mobile, OH	USA
S1-007567	Stonebridge Ironwood Textiles Limited	6 Silverline Marg, Sunstone Nagar, Jaipur, Tamil Nadu	IN
S1-007568	Summit Services Private Limited	152 Goldleaf Marg, Bluepeak Nagar, Kochi, Tamil Nadu, 521038	India
S1-007569	Onyx Industries Corporation	293 Summit Dr, Juuniper Park, Behind the Civic Center, Akron	US
S1-007570	Vertex Packaging Limited Liability Company	340 Maplecrest St, Onyx Park, Lubbock	US
S1-007571	Silverline Electricals Private Limited	37/10 Onyx Road, Indore, Tamil Nadu	IN
S1-007572	Bluepeak Systems Private Limited	237 Vertex Crs Brightpath Nagar Behind Ganesh Temple Indore Rajasthan 795090	IN
S1-007573	Brightpath Trading Private Limited	366 Cobalt Road, Stonebridge Naagr, Jaipur, 835701	IN
S1-007574	Juniper Trading Limited	146 Falcon Rd, Sunstone Nagar, Indore, Kerala, 394755	IN
S1-007575	Summit Maplecrest Services Company	263 Juniper Street, Summit Park, Austin, WA, 69368	US
S1-007576	Summit Summit Textiles Corporation	Near Exit 14 348 Northgate Ave Vertex Park Tacoma 20022	United States
S1-007577	Falcon Consultancy Private Limited	366 Ironwood Road, Silverline Nagar, Surat, Kerala, 226857	IN
S1-007578	Apex Services Limited	15/54 Bluepeak Road, Goldleaf Nagar, Jaipur, Rajasthan, 481493	IN
S1-007579	Harbor Enterprises Limited	65 Falcon Rd, Behind Ganesh Temple, Ironwood Nagar, Jaipur, Rajasthan, 641098	IN
S1-007580	Clearwater Electricals Company	119 Northgate St, Goldleaf Park, Lubbock, 15811	USA
S1-007581	Redwood Thistle Electricals Incorporated	189 Ironwood Dr, Austin, 22104	US
S1-007582	Kestrel Solutions Limited	Near SBBI ATM, 255 Quarry St, Pune, Kerala, 137071	IN
S1-007583	Vertex Thistle Logistics Private Limited	332 Northgate St, Clearwater Nagar, Pune, MP, 628526	India
S1-007584	Kestrel Vertex Trading Private Limited	27/5 Thiste Main, Maplecrest Nagar, Surat, Gujarat, 775298	IN
S1-007585	Redwood Services Incorporated	282 NorthgateDrive, Harbor Park, Fresno, 76775	US
S1-007586	Juniper Vertex Solutions Limited Liability Company	319 Ravenwood Ave, Sunstone Park, Austin, OH	US
S1-007587	Harbor Chemicals Company	Opp. City Library, 15 Quarry Rd, Apex Park, Peoria, WA, 56025	USA
S1-007588	Falcon Trading Private Limited	10/78 Quarry Main, Lantern Nagar,  Pune, Kerala, 975165	India
S1-007589	Cobalt Enterprises Limited Liability Company	Near Exit 14 335 Juniper Rd Lubbock WA 67416	US
S1-007590	Apex Services Corporation	392 Harbor Avenue, Maplecrest Park, Fresno, 72264	United States
S1-007591	Stonebridge Consultancy Private Limited	170 Bluepeak Crs Kestrel Nagar Pune Tamil Nadu 612138	India
S1-007592	Sunstone Trading Private Limited	228 Orchid Marg, Clearwater Nagar, Near Metro Pillar 42, Coimbatore, Kerala, 890466	IN
S1-007593	Orchid Systems Company	86 Maplecrest Dr Clearwater Park Lubbock OH 45110	US
S1-007594	Northgate Services Private Limited	Behind Ganesh Temple, 389 Northgate Street, Surat, Kerala, 914587	India
S1-007595	Goldleaf Motors Limited	Near Metro Pillar 42, 14 Orchid Rd, Indore, Gujarat, 651900	IN
S1-007596	Onyx Motors Corporation	90 Falcon Avenue Akron 52979	USA
S1-007597	Goldleaf Consultancy Company	278 Falcon Rd, Lubbock, IL, 79137	United States
S1-007598	Juniper Trading Limited Liability Company	390 Ravenwood Rd, Quarry Park, Peoria, 72041	USA
S1-007599	Summit Foods Company	112 Vertex Dr, Behind the Civic Center, Silverline Park, Peoria, OH	United States
S1-007600	Falcon Foods Limited	236 Juniper Street, Apex Nagar, Jaipur, 184423	IN
S1-007601	Ravenwood Logistics Private Limited	48 Apex Marg, Orchid Nagar, Indore, 683435	India
S1-007602	Northgate Textiles Private Limited	168 Falcon Mn, Opp. Bus Depot, Apex Nagar, Pune, Rajasthan, 348282	India
S1-007603	Falcon Services Corporation	358 Vertex Boulevard Tacoma OH	USA
S1-007604	Sunstone Trading Company	271 Orchdi Blvd Brightpath Park Peoria CA 74683	USA
S1-007605	Redwood Chemicals Incorporated	27 Juniper Boulevard, Meridian Park, Akron, CA, 67452	US
S1-007606	Juniper Logistics Limited Liability Company	139 Northgate Street Northgate Park Fresno OH	USA
S1-007607	Summit Vertex Enterprises Corporation	Opp. City Library 216 Juniper Street Mobile CA 39471 Harbor Park	USA
S1-007608	Cobalt Onyx Packaging Incorporated	227 Harbor Street, Tacoma, TX	United States
S1-007609	Silverline Chemicals Incorporated	Goldleaf Park, Austin, WA, 18 Meridian Blvd	US
S1-007610	Quarry Chemicals Limited Liability Company	241 Cobalt St, Redwood Park, Lubbock, IL	USA
S1-007611	Orchid Foods Private Limited	Indore Kerala 899142 5 Sunstone Street	India
S1-007612	Lantern Services Incorporated	173 Vertex Road, Falcon Park, Peoria, 36454	USA
S1-007613	Stonebridge Harbor Motors Private Limited	Near SBI ATM, 26 Quarry Crs, Summit Nagar, Nagpur, Tamil Nadu	India
S1-007614	Orchid Industries Private Limited	Near SBI ATM, 369 Onyx Crs, Coimbatore	India
S1-007615	Bluepeak Bluepeak Packaging Private Limited	218 Brightpath Cross, Lantern Nagar, Kochi, 919634	IN
S1-007616	Summit Textiles Private Limited	369 Summit Marg, Falcon Nagar, Indore, Tamil Nadu, 507954	IN
S1-007617	Onyx Enterprises Private Limited	Opp. Bus Depot 189 Apex Road Kochi	IN
S1-007618	Falcon Apex Solutions Corporation	193 Apex Rd, WA, Tacoma	United States
S1-007619	Goldleaf Enterprises Private Limited	200 Maplecrest Road Onyx Nagar Surat Rajasthan 560547	India
S1-007620	Northgate Services Private Limited	1/28 Cobalt Marg, Goldleaf Nagar, Near SBI ATM, Indore, Kerala, 604151	India
S1-007621	Ravenwood Systems Private Limited	Opp. Bus Depot, 392 Stonebridge Main, Ironwood Nagar, Nagpur, 378717	IN
S1-007622	Kestrel Logistics Limited Liability Company	192 Vertex St, Brightpath Park, Peoria, AL, 69159	US
S1-007623	Clearwater Trading Corporation	144 Onyx Drive, Meridian Park, Akron, OH	United States
S1-007624	Thistle Trading Private Limited	87 Stonebridge Marg, Kestrel Nagar, Surat, Kerala, 259201	India
S1-007625	Orchid Summit Systems Limited	96 Orchid Marg, Apex Naagar, Surat	India
S1-007626	Northgate Systems Limited	154 Clearwater Main, Vertex Nagar, Behind Gnesh Temple, Kochi, Gujarat, 608884	IN
S1-007627	Summit Stonebridge Consultancy Private Limited	196 Lantern St, Surat, Gujarat, 983827	India
S1-007628	Redwood Textiles Limited	260 Quarry Crs, Jaipur, Rajasthan, 918409	India
S1-007629	Redwood Solutions Limited	Goldleaf Nagar, Kochi, 90 Kestrel Main	India
S1-007630	Vertex Solutions Incorporated	19/36 Northgate Road, Mobile, OH	US
S1-007631	Thistle Electricals Company	117 Kestrel Avenue, Behind the Civic Center, Summit Park, Fresno, WA	USA
S1-007632	Apex Services Incorporated	331 Maplecrest Dr, Lubbock, OH	United States
S1-007633	Orchid Packaging Limited Liability Company	106 Apex St, Lubbock	USA
S1-007634	Meridian Textiles Private Limited	62 Northgate Crs, Thistle Nagar, Surat, 672492	India
S1-007635	Ironwood Chemicals Private Limited	57 Bluepeak Marg, Behind Ganesh Temple, Summit Nagar, Indore, MP	IN
S1-007636	Lantern Consultancy Limited	159 Bluepeak Mn, Falcon Nagar, Indore, 348563	India
S1-007637	Harbor Trading Private Limited	315 Brightpath Marg, Nagpur, Harbor Nagar	India
S1-007638	Sunstone Electricals Limited	22/29 Redwood Rd,S urat	IN
S1-007639	Stonebridge Logistics Incorporated	230 Ironwood Street, Mobile, WA, 65597	USA
S1-007640	Maplecrest Services Corporation	213 Ironwood DriveO rchid Park Tacoma TX 60894	USA
S1-007641	Silverline Foods Private Limited	263 Northgate Main Bluepeak Nagar Surat Gujarat 119619	IN
S1-007642	Thistle Solutions Private Limited	286 Apex Cross, Clearwater Nagar, Pune	India
S1-007643	Bluepeak Clearwater Foods Limited	363 Ravenwood Marg, Ravenwood Nagar, Indore, Kerala, 742628	India
S1-007644	Falcon Quarry Industries Private Limited	180 Ravenwood Cross, Brightpath Nagar, Indore, 825939	IN
S1-007645	Cobalt Trading Private Limited	147 Sunstone Rd, Harbor Nagar, Coimbatore	IN
S1-007646	Thistle Textiles Corporation	16/31 Sunstone Drive, Maplecrest Park, Mobile, TX, 87573	USA
S1-007647	Maplecrest Fabrics Limited	96 Brightpath Marg, Falcon Nagar, Behind Ganesh Temple, Kochi, Rajasthan, 263810	India
S1-007648	Northgate Apex Logistics Company	81 Maplecrest SSt, Harbor Park, WA, 42220, Mobile	United States
S1-007649	Ironwood Electricals Company	392 Maplecrest Street, Silverline Park, Tacoma	USA
S1-007650	Thistle Services Limited Liability Company	351 Apex Rd, Maplecrest Park, Tacoma	United States
S1-007651	Meridian Textiles Limited Liability Company	129 Harbor Dr Juniper Park Fresno 59900	United States
S1-007652	Kestrel Quarry Industries Limited	51 Onyx Mn Lantern Nagar Opp. Bus Depot Jaipur 669235	IN
S1-007653	Juniper Textiles Corporation	279 Goldleaf Boulevard, Apex Park, Austin, 73674	United States
S1-007654	Meridian Industries Limited	136 SSummit Cross Opp. Bus Depot Nagpur Rajasthan	IN
S1-007655	Bluepeak Consultancy Corporation	209 Stonebridge Boulevard, Stonebridge Park, Peoria, 55979	USA
S1-007656	Brightpath Systems Corporation	233 Maplecrest Rd, Brightpath Park, Lubbock, IL, 44700	US
S1-007657	Lantern Services Private Limited	391 Meridian Cross, 343963, Indore	IN
S1-007658	Lantern Services Private Limited	55 Bluepeak Road, Meridian Nagar, Pune, Kerala	India
S1-007659	Meridian Services Company	67 Bluepeak Rd, Juniper Park, Austin, OH	USA
S1-007660	Ironwood Systems Limited	134 Vertex Cross, Sunstone Nagar, Nagpur, 656571	India
S1-007661	Falcon Consultancy Corporation	28 Clearwater Street, Goldleaf Park, Austin, 93788	US
S1-007662	Falcon Textiles Private Limited	34/5 Apex Crs, Kochi, Maharashtra, 667056, Opp. Bus Depot	India
S1-007663	Goldleaf Fabrics Private Limited	369 Stonebridge St, Ironwoood Nagar, Surat, MP, 633608	India
S1-007664	Silverline Kestrel Motors Incorporated	202 Falcon Ave Sunstone Park Akron	US
S1-007665	Thistle Industries Limited	31 Ironwood Cross, Nagpur, 678830	IN
S1-007666	Redwood Cobalt Textiles Private Limited	168 Harbor Crs, Ravenwood Naggar, Pune, Kerala, 802235	India
S1-007667	Harbor Packaging Company	123 Meridian Avenue, Behind the Civic Center, Stonebrideg Park, Peoria	United States
S1-007668	Maplecrest Electricals Corporation	128 Clearwater Street, Orchid Park, Austin, WA, 86051	United States
S1-007669	Northgate Enterprises Limited	67 Goldleaf Marg, Kestrel Nagar, Coimbatore, 221567	India
S1-007670	Thistle Foods Company	265 Harbor Road, Orchid Park, Peoria, TX, 38220	US
S1-007671	Lantern Packaging Incorporated	189 Lantern Boulevard,  Near Exit 14, Fresno, OH	USA
S1-007672	Orchid Consultancy Private Limited	358 Apex Rd, Summit Nagar, Kochi, Rajasthan, 959023	IN
S1-007673	Quarry Motors Incorporated	308 Kestrel St, Vertex Park, Fresno, OH, 29182	US
S1-007674	Cobalt Textiles Limited Liability Company	291 Vertex St Brightpath Park Peoria CA 37197	US
S1-007675	Clearwater Systems Corporation	383 Apex Boulevard Falcon Park Akron WA 20276	USA
S1-007676	Redwood Foods Private Limited	230 Ironwood Cross, Redwood agar, Pune, Tamil Nadu	IN
S1-007677	Onyx Fabrics Corporation	2/61 Summit Street, Peoria, 27205	USA
S1-007678	Silverline Summit Chemicals Private Limited	1/22 Bluepeak Crs, Jaipru, Tamil Nadu, 507473	India
S1-007679	Quarry Trading Limited	307 Orchid St, Sunstone Nagar, Indore, 796688	IN
S1-007680	Brightpath Falcon Foods Limited	251 Maplecrest Road, Thistle Nagar, Pune	IN
S1-007681	Bluepeak Trading Corporation	329 Vertex Street, Sunstone Park, Mobile, OH, 10321	USA
S1-007682	Ironwood Ironwood Electricals Private Limited	51 Sunstone St, Surat, 354416	India
S1-007683	Redwood Enterprises Limited Liability Company	181 Cobalt St, Fresno	US
S1-007684	Redwood Solutions Limited	215 Redwood Mn, Maplecrest Nagar, Coimbatore, Tamil Nadu, 165585	India
S1-007685	Thistle Fabrics Incorporated	379 Juniper Avenue, Kestrel Park, Austin, OH, 56878	US
S1-007686	Brightpath Services Private Limited	151 Northgate Mn, Kestrel Nagar, Indore, Kerala, 343783	India
S1-007687	Cobalt Enterprises Limited	299 Redwood Mn, Ironwood Nagar, Coimbatore, Kerala, 544263	IN
S1-007688	Orchid Ironwood Services Company	60 Sunstone Rd, Kestrel Park, Peoria, WA	United States
S1-007689	Juniper Silverline Electricals Corporation	212 Cobalt Rd, Apex Park, Peoria, 51106	US
S1-007690	Redwood Orchid Foods Limited	62 Brightpath Marg, Meridian Nagar, Jaipur, 194354	India
S1-007691	Northgate Trading Private Limited	107 Ravenwood St, Pune, Maharashtra, 177291	India
S1-007692	Vertex Motors Limited Liability Company	95 Falcon Dr, Goldleaf Park, 84854, Peoria	USA
S1-007693	Quarry Packaging Private Limited	184 Falcon Street, Brightpath Nagar, Jaipur, 571749	India
S1-007694	Ravenwood Logistics Incorporated	158 Brightpath Blvd, Lantern Park, Mobile	United States
S1-007695	Harbor Services Limited Liability Company	101 Vertex Street, Austin, 24459	USA
S1-007696	Meridian Systems Private Limited	248 Maplecrest Marg, Indore, Gujarat, 713433	IN
S1-007697	Silverline Services Private Limited	226 Quarry Cross, Northgate Nagar, Nagpur, Rajasthan	India
S1-007698	Cobalt Motors Private Limited	161 Juniper Street, Coimbatore, MP, 428838	IN
S1-007699	Onyx Foods Company	389 Onyx Avenue, Akron, TX, 60812	US
S1-007700	Orchid Brightpath Packaging Private Limited	378 Onyx Mn, Maplecrest Nagar, Coimbatore, Tamil Nadu	India
S1-007701	Onyx Chemicals Company	173 Goldleaf Avenue AL 27415 Ausitn	United States
S1-007702	Northgate Onyx Solutions Incorporated	197 Cobalt Avenue, Behind the Civic Center, Goldleaf Park, Peoria, IL	US
S1-007703	Orchid Packaging Private Limited	392 Summit Crs, Quarry Nagar, Nagpur, 585184	IN
S1-007704	Ravenwood Motors Company	201 Onyx Avenue, Stonebridge Park, Fresno, 53902	US
S1-007705	Orchid Stonebridge Services Private Limited	2 Clearwater Road, Kestrel Nagar, Indore, Rajasthan	IN
S1-007706	Clearwater Orchid Foods Corporation	272 Quarry Street, Silverline Pakr, Peoria, AL	USA
S1-007707	Goldleaf Maplecrest Industries Corporation	7/37 Quarry Road, Apex Park, Behind the Civic Center, Fresno, IL, 74473	United States
S1-007708	Clearwater Chemicals Corporation	57 Falcon Rd, Quarry Park, Near Exit 14, Mobile, WA, 93196	United States
S1-007709	Thistle Solutions Limited	255 Northgate Rd, Onyx Nagar, Nagpur, Maharashtra, 518554	India
S1-007710	Harbor Falcon Solutions Incorporated	Opp. City Library, 42 Goldleaf Street, Tacoma, CA, 86009	United States
S1-007711	Juniper Packaging Corporation	347 Summit Rd, Behind the Civic Center, Onyx Park, Mobile, WA, 98559	USA
S1-007712	Brightpath Motors Private Limited	174 Apex Cross, Nagpur	India
S1-007713	Goldleaf Foods Private Limited	360 Northgate Marg, Bluepeak Nagar, Kochi, Kerala, 203063	India
S1-007714	Ironwood Fabrics Incorporated	383 Falcon Avenue Cobalt Park Lubbock AL 94789	USA
S1-007715	Quarry Chemicals Limited	185 Ravenwood St, Maplecrest Nagar, Pune, Maharashtra	IN
S1-007716	Cobalt Foods Limited	Redwood Nagar, Kochi, 986328, 229 Thistle Crs	India
S1-007717	Falcon Foods Limited Liability Company	Behind the Civic Center, 318 Meridian St, Peoria, TX	US
S1-007718	Juniper Consultancy Private Limited	Near SBI ATM Indore Rajasthan 77 Juniper Crs	India
S1-007719	Ironwood Solutions Limited Liability Company	248 Meridian Avenue, Juniper Park, Akron, 89668	US
S1-007720	Ravenwood Enterprises Private Limited	356 Quarry Cross, Kestrel Nagar, Pune, 712702	India
S1-007721	Stonebridge Cobalt Textiles Incorporated	130 Quarry Street Lubbck TX 49686	United States
S1-007722	Quarry Services Private Limited	Near Metro Pillar 42, 92 Harbor Marg, Falcon Nagar, Jaipur, Kerala, 850849	IN
S1-007723	Falcon Chemicals Company	329 Goldleaf Street, Lantern Park, Tacoma, IL, 16306	USA
S1-007724	Lantern Ravenwood Industries Company	168 Falcon Boulevard, Cobalt Park, Akron, CA, 74338	US
S1-007725	Orchid Industries Incorporated	223 Falcon Avenue Bluepeak Park Moile 81303	United States
S1-007726	Orchid Enterprises Private Limited	4 Ravenwood Mn, Quarry Nagar, Nagpur, Maharashtra, 631979	India
S1-007727	Bluepeak Systems Private Limited	222 Ironwood Mn Opp. Bus Depot Falcon Nagar Nagpur	IN
S1-007728	Sunstone Consultancy Incorporated	349 Ironwood Dr, Lantern Park, Akron, WA	United States
S1-007729	Kestrel Electricals Limited	243 Northgate Mn, Opp. Bus Depot, Kestrel Nagar, Pune	India
S1-007730	Vertex Enterprises Corporation	132 Clearwater Ave, Redwood Park, Peoria, 30651	United States
S1-007731	Clearwater Bluepeak Trading Limited Liability Company	Behind the Civic Center, 25/4 Sunstone Road, Lantern Park, Peoria, AL, 97287	United States
S1-007732	Stonebridge Industries Limited	269 Silverline Mn, Coimbatore ,Kerala, 849210	India
S1-007733	Summit Solutions Corporation	23 Silverline Drive, Fresno	United States
S1-007734	Stonebridge Chemicals Corporation	Orchid Park, Opp. City Library, Fresno, TX, 95594, 163 Vertex St	United States
S1-007735	Apex Electricals Incorporated	88 Quarry Blvd, Cobalt Park, Peoria, OH, 10600	United States
S1-007736	Brightpath Systems Private Limited	396 Clearwater St, Jaipur, 371641, Goldleaf Nagar	IN
S1-007737	Harbor Logistics Company	258 Clearwater Blvd, Falcon Park, Fresno, 228686	USA
S1-007738	Silverline Chemicals Corporation	228 Sunstone Drive Orchid Park AAkron 76932	USA
S1-007739	Quarry Fabrics Limited Liability Company	53 Silverline Dr, Austin, CA, 45731	US
S1-007740	Clearwater Logistics Private Limited	23 Juniper Cross, Summit Nagar, Jaipur, Maharashtra, 695724, Behind Ganesh Temple	IN
S1-007741	Stonebridge Consultancy Incorporated	191 Ironwood Street, Apex Park, Austin, IL, 85401	USA
S1-007742	Harbor Chemicals Limited	17/87 Lantern Street, Kochi, Tamil Nadu	IN
S1-007743	Clearwater Consultancy Private Limited	291 Juniper Marg, Maplecrest Nagar, Surat, Maharashtra, 852362	India
S1-007744	Kestrel Harbor Chemicals Corporation	119 Brightpath Drive, Maplecrest Park, Lubbock, 74444, CA	United States
S1-007745	Goldleaf Industries Corporation	127 Apex Blvd, Stonebridge Park, Fresno, IL	US
S1-007746	Ironwood Services Limited	159 Cobalt Main, Jaipur, Rajasthan, 341745	IN
S1-007747	Ironwood Sunstone Industries Limited	151 Goldleaf Mn, Surat, Tamil Nadu	IN
S1-007748	Maplecrest Enterprises Private Limited	317 Redwood Road, Falcon Nagar, Behind Ganesh Temple, Kochi, Gujarat, 312625	IN
S1-007749	Stonebridge Sunstone Systems Private Limited	316 Maplecrest St, Maplecrest Nagar, Coimbatore, Rajasthan, 643754	IN
S1-007750	Bluepeak Textiles Incorporated	28 Silverline Drive, Austin, 79814	US
S1-007751	Kestrel Systems Limited	399 Summit Marg, Clearwater Nagar, Coimbatore, Rajasthan	India
S1-007752	Brightpath Services Company	18/71 Meridian Street, Harbor Park, Lubbock, CA	US
S1-007753	Lantern Motors Limited	142 Summit Rd, Redwood Nagar, Coimbatore, MP, 219804	IN
S1-007754	Ravenwood Motors Company	281 Lnatern Avenue, Orchid Park, Opp. City Library, Tacoma, CA, 13839	US
S1-007755	Thistle Industries Private Limited	117 Ravenwood Road Harbor Nagar Pune	IN
S1-007756	Cobalt Lantern Trading Company	Near Exit 14, 26/64 Sunstone Dr, Orchid Park, Lubbock, 48084	USA
S1-007757	Silverline Electricals Limited	254 Brightpath Street, Jaipur, 782370	India
S1-007758	Harbor Motors Incorporated	194 Cobalt Bouevard, Vertex Park, Fresno, WA, 83422	USA
S1-007759	Falcon Industries Incorporated	298 Harbor Blvd, Opp. City Library, Akron, AL, 30204	USA
S1-007760	Bluepeak Fabrics Private Limited	386 Goldleaf Main Opp. Bus Depot Ironwood Nagar Jaipur Tamil Nadu 849102	India
S1-007761	Ironwood Juniper Systems Incorporated	109 Sunstone Ave, Lantern Park, Mobile, AL, 20922	United States
S1-007762	Brightpath Silverline Motors Company	369 Northgate Road, Onyx Park, Lubbock, AL	US
S1-007763	Falcon Goldleaf Industries Company	141 Apex Dr Bluepeak Park Fresno 16639	United States
S1-007764	Quarry Harbor Foods Limited Liability Company	282 Quarry Street, Northgate Park, Mobile, CA, 15014	United States
S1-007765	Redwood Logistics Private Limited	393 Maplecrest Crs, Near SBI ATM, Apex Nagar, Indore, Kerala, 737277	IN
S1-007766	Goldleaf Packaging Limited	65 Apex Marg, Sunstone Nagar, Coimbatore, Rajasthan, 278133	IN
S1-007767	Summit Industries Private Limited	155 Quarry Cross Kochi Rajasthan 308750	IN
S1-007768	Summit Chemicals Incorporated	177 Summit DDr, Silverline Park, Austin, 25863	USA
S1-007769	Onyx Trading Corporation	22/44 Quarry Road, Tacoma, CA, 83794	USA
S1-007770	Orchid Summit Logistics Limited Liability Company	107 Northhgate St, Quarry Park, Austin, 89159	United States
S1-007771	Lantern Ravenwood Packaging Limited	9 Brightpath Rd, Apex Nagar, Pune, Kerala	India
S1-007772	Thistle Textiles Incorporated	86 Northgate Ave, Redwood Park, Tacoma, WA	United States
S1-007773	Thistle Chemicals Limited	11 Orchid Marg, Bluepeak Nagar, Jaipur	IN
S1-007774	Bluepeak Solutions Limited Liability Company	352 Orchid St, Orchid Park, Lubbock, IL, 16622	US
S1-007775	Summit Ravenwood Consultancy Incorporated	288 Clearwater Dr Orchid Park Akron 23385	United States
S1-007776	Apex Systems Corporation	168 Brightpath Road Behind the Civic Center Juniper Park Lubbock	US
S1-007777	Meridian Systems Limited Liability Company	171 Redwood Avenue, Meridian Park, Fresno, OH, 81559	US
S1-007778	Quarry Logistics Private Limited	13 Brightpath Main, Lantern Nagar, Behind Ganesh Temple, Surat, MP, 170907	IN
S1-007779	Juniper Trading Incorporated	245 Meridian Ave, Peoria, IL	US
S1-007780	Quarry Industries Incorporated	119 Kestrel Avenue, Akron, WA, 16473	USA
S1-007781	Thistle Ironwood Industries Private Limited	113 Cobalt St, Onyx Nagar, Coimbatore, 174171	India
S1-007782	Harbor Foods Company	27 Ironwood Avenue, Behind the Civic Center, Tacoma, OH, 56719, Northgate Park	US
S1-007783	Summit Enterprises Incorporated	62 Silverline Blvd, Peoria, WA, 47166	United States
S1-007784	Orchid Kestrel Trading Limited	135 Falcon Mn, Bluepeak Nagar, Pune, Maharashtra, 292611	IN
S1-007785	Juniper Sunstone Industries Limited Liability Company	127 Stonebridge Avenue, Lubbock, CA, 23532	US
S1-007786	Goldleaf Northgate Chemicals Limited	90 Quarry Marg, Indore, Rajasthan	IN
S1-007787	Ironwood Maplecrest Logistics Private Limited	258 Quarry Street, Kochi, Tamil Nadu, 509316	IN
S1-007788	Juniper Quarry Fabrics Limited	380 Lantern Rd, Kestrel Nagar, Coimbatore, Rajasthan, 165951	India
S1-007789	Bluepeak Fabrics Limited	397 Summit Mn, Coimbatore, Kerala, 875868, Summit Nagar	IN
S1-007790	Harbor Meridian Trading Incorporated	280 Orchid Avenue Brightpath Park Mobile 44880	USA
S1-007791	Thistle Textiles Limited Liability Company	283 Goldleaf Rd Kestrel Park Akroon	United States
S1-007792	Meridian Foods Corporation	239 Juniper Drive, Mobile, OH	USA
S1-007793	Bluepeak Electricals Corporation	67 Kestrel Blvd, Falcon Park, Mobile	USA
S1-007794	Juniper Solutions Private Limited	361 Summit Rd, Falcon Nagar, Kochi, Tamil Nadu	IN
S1-007795	Onyx Chemicals Private Limited	39 Sunstone Main, Jaipur	IN
S1-007796	Stonebridge Industries Private Limited	67 Ironwood Marrg, Cobalt Nagar, Surat, 578547	IN
S1-007797	Brightpath Services Limited	115 Brightpath Marg, Opp. Bus Depot, Juniper Nagar, Kochi, Kerala, 821819	India
S1-007798	Juniper Services Corporation	334 Maplecrest Road, Onyx Park, Austin, CA, 20489	USA
S1-007799	Stonebridge Lantern Solutions Private Limited	378 Quarry Mn, Northgate Nagar, Surat, Rajasthan, 281501	India
S1-007800	Kestrel Services Corporation	164 Brightpath Boulevard Summit Park Tacoma 35889	USA
S1-007801	Bluepeak Maplecrest Enterprises Limited	115 Clearwater Mn, Redwood Nagar, Surat, Tamil Nadu	IN
S1-007802	Goldleaf Foods Corporation	238 Northgate Boulevard, Vertex Park, Akron, 29274	USA
S1-007803	Silverline Trading Limited	37 Summit Road, Silverline Nagar, Nagpur, Tamil Nadu	India
S1-007804	Quarry Fabrics Limited Liability Company	114 Thistle Avenue, Tacoma, CA, 75303	United States
S1-007805	Ravenwood Maplecrest Enterprises Company	204 Apex Dr, Brightpath Park, Fresno, CA, 39624	United States
S1-007806	Silverline Meridian Motors Limited	357 Orchid Crs, Summit Nagar, Coimbatore, 672343	IN
S1-007807	Silverline Trading Limited	346 Sunstone Mn, Brightpath Nagar, Jaipur, 659225	India
S1-007808	Maplecrest Fabrics Corporation	290 Stonebridge St, Vertex Pak, CA, 50033, Fresno	USA
S1-007809	Goldleaf Motors Corporation	Near Exit 14, 37/71 Summit Avenue, Brightpath Park, Tacoma, CA, 56318	United States
S1-007810	Vertex Logistics Private Limited	56 Bluepeak Main, Juniper Nagar, Nagpur, 593209	India
S1-007811	Ironwood Clearwater Logistics Incorporated	255 Orchid Boulevard, Akron	USA
S1-007812	Onyx Ravenwood Logistics Corporation	268 Summit Rd, Onyx Park, Mobile, 39107	US
S1-007813	Lantern Enterprises Private Limited	316 Meridian Street, Nagpur, Rajasthan, 761444, Falcon Nagar	IN
S1-007814	Lantern Packaging Private Limited	Apex Nagar, Pnue, 318 Falcon Marg	India
S1-007815	Sunstone Industries Private Limited	227 Brightpath St, Brightpath Nagar, Indore, Gujarat	IN
S1-007816	Lantern Juniper Electricals Corporation	17 Lantern Rd, Ravenwood Park, Near Exit 14, Lubbbock, 93581	United States
S1-007817	Redwood Systems Company	249 Brightpath Blvd, Juniper Park, Fresno, 28246	United States
S1-007818	Brightpath Solutions Limited	57 Silverline Mn Indore Kerala	India
S1-007819	Bluepeak Electricals Company	83 Harbor Ave, Fresno, 18265	USA
S1-007820	Ironwood Packaging Private Limited	15/66 Meriian Marg Bluepeak Nagar Pune Tamil Nadu 152487	IN
S1-007821	Redwood Solutions Limited	173 Ravenwood Main, Cobalt Nagar, Indore, Rajasthan, 269632	IN
S1-007822	Apex Electricals Private Limited	333 ApexMarg, Meridian Nagar, Coimbatore, Maharashtra, 787228	IN
S1-007823	Clearwater Logistics Limited Liability Company	236 CCobalt Street, Clearwater Park, Mobile, 41496	USA
S1-007824	Quarry Motors Private Limited	195 Meridian Crs, Silverline Nagar, Kochi, 958249	IN
S1-007825	Silverline Cobalt Motors Limited Liability Company	35/48 Meridian Blvd, Fresno, 44433	US
S1-007826	Kestrel Systems Private Limited	210 Silverlin eMn Jaipur 463167	India
S1-007827	Clearwater Electricals Incorporated	Near Exit 14, 359 Apex Dr, Thistle Park, Akron, 76578	United States
S1-007828	Summit Industries Company	348 Onyx Ave, Juniper Park, Austin, OH	US
S1-007829	Falcon Services Incorporated	380 Thistle Rd, Thistle Pakr, Mobile, TX	United States
S1-007830	Silverline Onyx Chemicals Private Limited	275 Goldleaf Cross Jaipur Gujarat 249864	IN
S1-007831	Brightpath Services Corporation	37/60 Harbor Boulevard, Apex Park, Akron	US
S1-007832	Juniper Systems Private Limited	14 Onyx St, Apex Nagar, Surat, MP	IN
S1-007833	Redwood Foods Limited	Near SBI ATM, 33/86 Thistle Cross, Coimbatore, Maharashtra, 666320	India
S1-007834	Vertex Electricals Incorporated	368 Kestrel Drive, Onyx Park, Tacoma, AL	United States
S1-007835	Sunstone Onyx Consultancy Private Limited	83 Apex St, Ravenwood Nagar, Nagpur, Maharashtar, 955930	IN
S1-007836	Falcon Solutions Private Limited	26/12 Clearwater Marg, Kestrel Nagar, Pune, Gujarat	India
S1-007837	Goldleaf Trading Private Limited	244 Ironwood Mn, Harbor Nagar, Jaipur, Kerala, 537952	IN
S1-007838	Brightpath Trading Incorporated	399 Cobalt Dr, Mobile, AL, 96668	US
S1-007839	Onyx Systems Limited	213 Vertex Street Pune MP 340854	India
S1-007840	Ravenwood Services Incorporated	222 Juniper Road, Onyx Park, Peoria, WA	USA
S1-007841	Summit Systems Limited Liability Company	Austin, 73453, 45 Lantern Road	United States
S1-007842	Summit Consultancy Private Limited	24/82 Northgate Road Onyx Nagar Pune Kerala 876251	India
S1-007843	Brightpath Logistics Corporation	150 Meridian Boulevard, Kestrel Park, Fresno, WA, 57744	USA
S1-007844	Juniper Electricals Private Limited	169 Juniper Marg, Thistle Nagar, Surat, Tamil Nadu	IN
S1-007845	Maplecrest Textiles Limited Liability Company	125 Orchid St, Peoria, 66117	United States
S1-007846	Sunstone Trading Private Limited	Kochi, 170979, 292 Maplecrest Street	IN
S1-007847	Stonebridge Enterprises Incorporated	Near Exit 14, 216 Juniper Boulevard, Brightpath Park, Peoria	US
S1-007848	Bluepeak Services Incorporated	144 Apex Dr, Maplecrest Park, Akron, WA	US
S1-007849	Falcon Enterprises Limited	60 Maplecrest Marg, Opp. BusD epot, Thistle Nagar, Kochi, 636533	IN
S1-007850	Sunstone Electricals Limited	89 Stonebridge Main, Kestrel Nagar, Pune, Kerala	India
S1-007851	Cobalt Fabrics Private Limited	327 Falcon Mn, Cobalt Nagar, Coimbatore, Maharashtra, 293823	India
S1-007852	Juniper Electricals Private Limited	375 Ravenwood Cross, Thistle Naar, Jaipur, Kerala	IN
S1-007853	Brightpath Clearwater Solutions Incorporated	143 Stonebridge Dr, Meridian Park, Peoria, WA	United States
S1-007854	Stonebridge Industries Private Limited	128 Summit Cross, Pune, Tamil Nadu, 633978	India
S1-007855	Redwood Industries Private Limited	29 Stonebridge Marg, Brightpath Nagar, Surat, Rajasthan	India
S1-007856	Ironwood Bluepeak Foods Limited	392 Thistle Cross, Onyx Nagar, 596169, Indore	India
S1-007857	Brightpath Logistics Private Limited	40 Lantern Marg, Near SBI ATM, Coimbatore, 677578	IN
S1-007858	Stonebridge Fabrics Company	10 Juniper Bvd, Lubbock, WA, 24345	US
S1-007859	Quarry Bluepeak Packaging Company	208 Redwood Avenue, Cobalt Park, Austin, WA, 70654	US
S1-007860	Orchid Solutions Private Limited	37 Clearwater St Bluepeak Nagar Coimbatore 556107	IN
S1-007861	Northgate Electricals Private Limited	65 Orchid Crs, Cobalt Nagar, Jaipur, 102527	India
S1-007862	Juniper Logistics Corporation	39 Vertex Avenue, Vertex Park, Fresno, 16982	US
S1-007863	Thistle Lantern Services Private Limited	187 Cobalt Rd, Cobalt Nagar, Coimbatore, 674256	IN
S1-007864	Apex Systems Corporation	29/19 Quarry Blvd, Clearwater Park, Austin, TX	US
S1-007865	Apex Packaging Limited Liability Company	394 Vertex Rd, Summit Park, Austin, CA, 16098	United States
S1-007866	Apex Solutions Limited	32 Goldleaf Cross, Lantern Nagar, Nagpur, MP, 620881, Near Metro Pillar 42	India
S1-007867	Onyx Chemicals Private Limited	1 Vertex Mn, Falcon Nagar, Pune, Gujarat, 936937	India
S1-007868	Meridian Motors Incorporated	104 Sunstone Blvd, Redwood Park, Tacoma, TX	United States
S1-007869	Cobalt Logistics Company	315 Thistle Drive, Silverline Park, Mobile, TX, 63288	US
S1-007870	Quarry Quarry Systems Corporation	84 Clearwater Street, Mobile, Goldleaf Park	United States
S1-007871	Ravenwood Maplecrest Fabrics Private Limited	209 Onyx Marg, Apex Nagar, Indore, Kerala, 143201	India
S1-007872	Vertex Industries Private Limited	163 Kestrel Marg, Vertex Nagar, Indore, 549953	India
S1-007873	Clearwater Fabrics Limited Liability Company	202 Brightpath Blvd, Opp. City Library, Onyx Park, Austin, 40695	United States
S1-007874	Silverline Systems Limited	159 Juniper Marg, Silverline Nagar, Jaipur, 474634	IN
S1-007875	Cobalt Redwood Motors Limited	113 Kestrel Main, Ironwood Nagar, Jaipur, Tamil Nadu	IN
S1-007876	Falcon Chemicals Incorporated	223 Maplecrest Road, Lantern Park, Akron	US
S1-007877	Quarry Chemicals Private Limited	208 Silverline Crs, Brightpath Nagar, Kochi, 393610	IN
S1-007878	Quarry Redwood Systems Corporation	188 Brightpath Blvd, Harbor Park, Near Exit 14, Austin, 75104	United States
S1-007879	Ravenwood Fabrics Company	23/54 Ironwood Road, Tacoma, 23542	USA
S1-007880	Falcon Chemicals Limited	141 Cobalt Marg, Sunstone Nagar, Coimbaore	India
S1-007881	Orchid Logistics Company	273 Sunstone Avenue, Ravenwood Park, Akron, WA	USA
S1-007882	Quarry Apex Logistics Limited	93 Cobalt Cross, Coimbatore, Kerala, 986707	IN
S1-007883	Bluepeak Foods Private Limited	258 Silverline Mn, Near SBI ATM, Coimbatore, Kerala	IN
S1-007884	Onyx Foods Private Limited	13/40 Kestrel Street Surat 483425	India
S1-007885	Summit Enterprises Incorporated	Near Exit 14 272 Clearwater St Redwood Park Mobile CA 18525	US
S1-007886	Meridian Packaging Incorporated	197 Northgate Ave  Onyx Park Austin 21108	USA
S1-007887	Harbor Logistics Corporation	Near Exit 14 101 Falcon Rd Meridian Park Peoria TX	United States
S1-007888	Juniper Packaging Incorporated	155 Lantern St, Falcon Park, Austin, TX	USA
S1-007889	Kestrel Logistics Corporation	Behind the Civic Center, 46 Goldleaf Boulevard, Bluepeak Park, Tacoma, IL	USA
S1-007890	Maplecrest Harbor Foods Limited	12 Brightpath Street, Silverline Nagar, Jaipur	India
S1-007891	Sunstone Enterprises Limited Liability Company	87 Stonebridge Drive, Apex Park, Fresno, IL, 68396	United States
S1-007892	Ironwood Industries Private Limited	12 Onyx Marg, Maplecrest Nagar, Indore, Gujarat	India
S1-007893	Quarry Foods Incorporated	126 Maplecrest Rd Lantern Park Mobile 74659	USA
S1-007894	Thistle Consultancy Corporation	226 Brightpath Dr, Maplecrest Park, Fresno, TX, 53344	US
S1-007895	Sunstone Logistics Incorporated	19/89 Orchid Blvd, Brightpath Park, Lubbock, WA, 45586	USA
S1-007896	Vertex Kestrel Electricals Company	Near Exit 14, 365 Sunstone Blvd, Brightpath Park, Mobile, TX, 75106	USA
S1-007897	Cobalt Industries Private Limited	316 Goldleaf St, Near SBI ATM, Vertex  Nagar, Indore	IN
S1-007898	Orchid Redwood Solutions Corporation	199 Kestrel Road, Lubbock, IL	United States
S1-007899	Bluepeak Industries Private Limited	Near SBI ATM, 388 Orchid Road, Bluepeak Nagar, Kochi, Tamil Nadu, 155487	IN
S1-007900	Falcon Logistics Private Limited	15/77 Cobalt Crs, Sunstone Nagar, Near Metro Pillar 42, Kochi, Gujarat, 747182	India
S1-007901	Cobalt Fabrics Private Limited	43 Northgate Main, Coimbatore, MP	IN
S1-007902	Meridian Electricals Private Limited	2 Thistle Mn Harbor Nagar Surat Maharashtra	IN
S1-007903	Sunstone Chemicals Company	389 Verrtex Avenue, Akron	United States
S1-007904	Summit Consultancy Limited	367 Kestrel Cross, Juniper Nagar, Indore, Tamil Nadu, 154623	IN
S1-007905	Stonebridge Maplecrest Solutions Limited	304 Juniper Crs, Pune, Gujarat, 729584, Stonebridge Nagar	India
S1-007906	Northgate Clearwater Fabrics Private Limited	220 Meeridian Rd, Sunstone Nagar, Pune, 344852	India
S1-007907	Stonebridge Consultancy Private Limited	16 Ironwood Street Opp. Bus Depot Ironwood Nagar Jaipur	IN
S1-007908	Thistle Industries Private Limited	120 Ravenwood Rd, Apex Nagar, Tamil Nadu, Pune	India
S1-007909	Stonebridge Orchid Industries Limited	235 Bluepeak Marg, Cobalt Nagar, Jaipur, Gujart, 964157	IN
S1-007910	Apex Logistics Private Limited	187 Harbor Cross, edwood Nagar, Jaipur, Gujarat	IN
S1-007911	Northgate Harbor Trading Private Limited	211 Apex Cross Clearwater Nagar Coimbatore Rajasthan	India
S1-007912	Stonebridge Foods Private Limited	152 Summit Street Sunstone Nagar Opp. Bus Depot Jaipur	India
S1-007913	Bluepeak Industries Private Limited	38/41 Falcon Mn Indore	IN
S1-007914	Quarry Fabrics Corporation	119 Juniper Avenue, Summit Park, Fresno, CA, 57805	USA
S1-007915	Redwood Industries Private Limited	328 Quarry Crs, Ironwood Nagar, Nagpur, Gujarat, 759735	India
S1-007916	Northgate Chemicals Limited Liability Company	245 Summit Blvd, nyx Park, CA, 72030, Akron	United States
S1-007917	Northgate Maplecrest Systems Incorporated	Opp. City Library, 260 Redwood Ave, Northgate Park, Mobile, WA	USA
S1-007918	Orchid Enterprises Private Limited	270 Kestrel Marg, Juniper Nagar, Kochi, Maharashtra, 493972	India
S1-007919	Clearwater Thistle Enterprises Private Limited	Near Metro Pillar 42, 16/83 Vertex Main, Lantern Nagar, Kochi, Rajasthan	IN
S1-007920	Juniper Motors Company	274 Harbor Boulevardd, Redwood Park, Tacoma, 46421	United States
S1-007921	Stonebridge Consultancy Company	322 Apex Avenue, Opp. City Library, Akron, IL	US
S1-007922	Ironwood Summit Electricals Limited	155 Ironwood Marg Kestrel Nagar Surat Tamil Nadu 350383	India
S1-007923	Summit Foods Private Limited	84 Summit Crs, MeridianNagar, Pune, Gujarat, 828235	India
S1-007924	Ironwood Clearwater Foods Private Limited	321 Summit Main, Ravenwood Nagar, Jaipur, Kerala, 749924	India
S1-007925	Ironwood Consultancy Limited Liability Company	209 Lantern Ave, Peoria, IL, Ironwood Park	United States
S1-007926	Lantern Systems Limited Liability Company	339 Ironwood St, Fresno, 42155, Ravenwood Park	United States
S1-007927	Lantern Packaging Private Limited	334 Quarry Cross Coimbatore 369658	IN
S1-007928	Onyx Chemicals Company	358 Harbor Boulevard, Sunstone Park, Austin	USA
S1-007929	Harbor Chemicals Private Limited	26/40 Stonebridge Main Juniper Nagar, Surat	India
S1-007930	Orchid Fabrics Private Limited	285 Goldleaf Crs, Ravenwood Nagar, Indore	IN
S1-007931	Quarry Motors Private Limited	3/4 Falcon Marg, Ravenwood Nagar, Nagpur, Rajasthan, 46072	India
S1-007932	Harbor Redwood Textiles Incorporated	388 Ironwood Dr, Thistle Park, Mobile, 90144	United States
S1-007933	Orchid Foods Limited	186 Ravenwood Mn, Onyx Nagar, Indore, 710079	IN
S1-007934	Brightpath Meridian Consultancy Limited Liability Company	363 Harbor Blvd Lubbock Apex Park	USA
S1-007935	Summit Silverline Packaging Private Limited	50 Meridian Mn, Falcon Nagar, Indore, 422797	India
S1-007936	Meridian Falcon Systems Private Limited	28/75 Vertex Rd, Summit Nagar, Jaipur, Kerala, 267932	India
S1-007937	Summit Trading Private Limited	187 Lantern Crs Summit Nagar Indore Kerala	IN
S1-007938	Kestrel Brightpath Industries Limited Liability Company	310 Northgate Dr, Tacoma, IL	USA
S1-007939	Harbor Enterprises Company	90 rchid Road, Falcon Park, Mobile, 28967	United States
S1-007940	Apex Consultancy Incorporated	309 Cobalt Boulevard, Falcon Park, Tacoma, TX	United States
S1-007941	Ravenwood Motors Limited Liability Company	80 Silverline Avenue, Thistle Park, Lubbock, TX, 79464	USA
S1-007942	Bluepeak Solutions Limited	154 Harbor Main, Northgate Nagar, Nagpur, 284267	India
S1-007943	Vertex Falcon Industries Private Limited	312 Harbor Crs Jaipur 788075	India
S1-007944	Kestrel Lantern Packaging Private Limited	250 Onyx Road, Sunstone Nagar, Coimbatore, 644215	IN
S1-007945	Cobalt Lantern Textiles Limited Liability Company	248 Maplecrest Ave, Meridian Park, Tacoma, IL, 50697	US
S1-007946	Cobalt Solutions Private Limited	34 Juniper Crs, Clearwater Nagar, Indore, Tamil Nadu	India
S1-007947	Cobalt Industries Company	131 Silverline Street, Harbor Park, Fresno, IL, 92426	United States
S1-007948	Brightpath Services Private Limited	322 Clearwater Main, Sunstone Nagar, Jaipur, Maharashtra, 515319	India
S1-007949	Summit Motors Limited Liability Company	32 Falcon Boulevard Orchid Park Lubbock 29589	US
S1-007950	Bluepeak Electricals Incorporated	Near Exit 14, 94 Vertex Rd, Austin, 96355	US
S1-007951	Sunstone Consultancy Company	2 Redwood Street, Clearwater Park, Austin OH, 45021	USA
S1-007952	Apex Ironwood Logistics Company	23/33 Ravenwood Drive, Kestrel Park, Fresno, 41763, IL	United States
S1-007953	Maplecrest Consultancy Private Limited	Near Metro Pillar 42, 367 Lantern Cross, Ironwood Nagar, Kochi, MP, 932231	India
S1-007954	Apex Textiles Private Limited	79 Silverline Mn, Meridian Nagar, Nagpur	IN
S1-007955	Meridian Fabrics Private Limited	208 Goldleaf Marg, Northgate Nagar, Opp. Bus Depot, Nagpur, 353037	IN
S1-007956	Vertex Foods Private Limited	10 Brightpath Marg, Juniper Nagar, Near SBI ATM, Nagpur, 732007	IN
S1-007957	Redwood Packaging Limited	27/45 Silverline Main, Ironwood Nagar, Indore, 752577	India
S1-007958	Quarry Solutions Limited Liability Company	277 Vertex Ave, Kestrel Park, Fresno, CA, 74247	US
S1-007959	Ironwood Services Limited	228 Onyx Cross, Maplecrest Nagar, Coimbatore, Kerala	India
S1-007960	Ironwood Foods Limited	3 Goldleaf Street Jaipur MP 938085	IN
S1-007961	Clearwater Packaging Limited	213 Onyx Marg Falcon Nagar Surat Tamil Nadu 213328	India
S1-007962	Juniper Systems Private Limited	40 Quarry Mn, Orchid Nagar, Kochi, 950559	India
S1-007963	Ironwood Industries Private Limited	209 Ironwood Road, Near Metro Pillar 42, Surat	India
S1-007964	Redwood Summit Packaging Corporation	343 Onyx Dr, Bluepeak Park, Austin, AL	United States
S1-007965	Kestrel Industries Incorporated	391 Maplecrest Street, Kestrel Park, Fresno, OH	United States
S1-007966	Sunstone Chemicals Incorporated	52 Apex Boulevard, Vertex Park, Tacoma, 82113	USA
S1-007967	Ravenwood Enterprises Limited	198 Goldleaf St, Vertex Nagar, Suat, Gujarat	IN
S1-007968	Clearwater Stonebridge Systems Company	309 Juniper Drive, Fresno, TX	US
S1-007969	Falcon Solutions Private Limited	Vertex Nagar, Pune, Gujarat, 117 Ravenwood St	IN
S1-007970	Cobalt Enterprises Corporation	375 Maplecrest St Cobalt Park Fresno OH	United States
S1-007971	Goldleaf Services Limited	196 Onyx Cross, Ravenwood Nagar, uPne, 550397	IN
S1-007972	Orchid Consultancy Private Limited	28/43 Sunstone Rd, Summit Nagar, Pune	India
S1-007973	Stonebridge Solutions Private Limited	378 Onyx Mn Summit Nagar Indore 279496	IN
S1-007974	Goldleaf Trading Corporation	225 Silverline Rd, Lantern Park, Peoria, 16252	US
S1-007975	Quarry Sunstone Fabrics Private Limited	8 Apex Street, Coimbatore, MP, 823444	India
S1-007976	Northgate Trading Private Limited	192 Maplecrest Rd Ravenwood Nagar Nagpur Maharashtra 436346	India
S1-007977	Juniper Ironwood Chemicals Company	53 Orchid Road Redwood Park Fresno WA 80973	United States
S1-007978	Silverline Onyx Solutions Private Limited	102 Thistle Marg Summit Nagar Indore Gujarat 298411	IN
S1-007979	Vertex Logistics Company	128 Goldleaf St, Goldleaf Park, Mobile	USA
S1-007980	Falcon Electricals Private Limited	376 Cobalt St, Susntone Nagar, Pune, Gujarat, 570378	India
S1-007981	Brightpath Logistics Private Limited	35/33 Ironwood Crs, Sunstone Nagar, Coibatore, Rajasthan	India
S1-007982	Brightpath Electricals Private Limited	50 Northgate Rd, Indore, 130093	India
S1-007983	Lantern Consultancy Private Limited	138 Apex Main, Surat, Gujarat, 808865	IN
S1-007984	Ravenwood Clearwater Consultancy Limited	29/1 Juniper Crs, Indore, 962190	India
S1-007985	Vertex Electricals Limited	158 Juniper Marg, Quarry Nagar, Kochi, Gujarat, 764546	India
S1-007986	Stonebridge Systems Private Limited	Near SBI ATM, 359 Sunstone Crs, Silverline Nagar, Pune, Maharashtra	IN
S1-007987	Meridian Electricals Company	89 Stonebridge Dr Kestrel Paark Mobile	US
S1-007988	Silverline Fabrics Private Limited	29/46 Kestrel Street, Coimbatore, Tamil Nadu, 128135	India
S1-007989	Lantern Falcon Trading Limited	39/16 Cobalt Crs, Quarry Nagar, Kochi, 932954	India
S1-007990	Northgate Vertex Chemicals Limited	125 Harbor Marg Orchid Nagar Jaipur	IN
S1-007991	Lantern Solutions Corporation	231 Clearwater Avenue, Ravenwood Park, Mobile, 55938	US
S1-007992	Bluepeak Ironwood Foods Company	175 Kestrel Dr, Apex Park, Lubobck	United States
S1-007993	Vertex Consultancy Limited Liability Company	257 Redwood Boulevard, Stonebridge Park, TX, Lubbock	United States
S1-007994	Bluepeak Bluepeak Trading Private Limited	372 Cobalt Road, Meridian Nagar, Jaipur, Rajasthan, 255369	IN
S1-007995	Sunstone Systems Limited Liability Company	189 Goldleaf Avenue, Meridian Park, Fresno, 12587	United States
S1-007996	Redwood Motors Private Limited	Near Metro Pillar 42, 187 Orchid Road, Kochi, Gujarat	IN
S1-007997	Orchid Textiles Limited	2/40 Onyx Street, Ravenwood Nagar, Nagpur	IN
S1-007998	Meridian Trading Limited Liability Company	289 Sunstone Street, Juniper Park, Fresno, WA, 73160	US
S1-007999	Clearwater Solutions Corporation	21/36 Onyx Blvd, Northgate Park, Austin, 30579	USA
