entity_id	business_name	business_address	country
S3-006176	Trading Falcon P Ltd	139 Onyx St Stonebridge Nagar Coimbatore Gujarat	India
S3-005572	Harbor uSmmit Foods Private Limited	286 Silverline St, Kochi	India
S3-001586	Orchidd, Falcon Systems	343 Clearwater Street, Bluepeak Park, Fresno, 44867	USA
S3-006347	Juniper EEnterprises Ltd	63 Quarry Rd, Summit Nagar, Nagpur, Rajasthan	IN
S3-004113	Northgate, Logistics Limited	Orchid Nagar Coimbatore MP 909392 132 Ironwood Rd	India
S3-001992	Maplecrest Onyx Consultancy Co	280 Quarry St Harbor Park Akron IL 93472	USA
S3-001157	Systems Kestrel & Sons Private Limited	29 Vertex Road, Orchid Nagar, Nagpur, Rajasthan	IN
S3-001848	Clearwater Enterprises	35 Brightpath Dr, Juniper Park, Lubbock, 57905	US
S3-003406	Stonebridge Summit Enterprises Corporation	135 Falcon Dr, Stonebridge Park, Behind the Civic Center, Peoria, IL	USA
S3-008254	Juniper Ironwood Services Co	19/61 Clearwwater Blvd, Near Exit 14, Thistle Park, Tacoma, CA, 77678	USA
S3-002625	Redwood Mootors	353 Sunstone Mn, Ravenwood Nagar, Pune, Tamil Nadu, 781095	India
S3-004384	Juniper Incorporated	105 Sunstone Dr, Juniper Park, Mobile, AL, 31286	US
S3-001914	Orchid Thistle  Solutions Coropration	13/64 Bluepeak Blvd, Bluepeak Park, Mobile, CA, 13748	United States
S3-001408	Orchid Goldleaf Motors Pvt Ltd	33 Lantern St, Goldleaf Nagar, Pune, Rajasthan, 797400	India
S3-006875	Ironwood Packaging Company	Behind the Civic Center 219 Maplecrest Boulevard Vertex Park Akron AL 65863	USA
S3-003601	Quarry Incorporated	Onyx Rd, Kestrel Park, Mobile	US
S3-000023	Brihtpath Inc	165 Onyx Avenue, Near Exit 14, Brightpath Park, Akron, 80054	United States
S3-002188	Industries Kestrel Harbor P Ltd	138 Falcon St, Ravenwood Nagar, Pune, Rajasthan, 153653	IN
S3-002568	Kestre lLLC	13 Ravenwood Avenue Clearwater Park Akron AL 84253	USA
S3-008604	Orcid, Enterprises	303 Maplecrest Rd, Akron, AL, 75309	United States
S3-003374	Redwoodd Textiles	84 Kestrel Main, Brightpath Nagar, Pune, Maharashtra, 999641	India
S3-008057	Meridian Silverline Electricals Limitde	355 Quarry St, Kestrel Park, Peoria, CA	IN
S3-002504	Ravenwood Services	35 Harbor Crs, Goldleaf Nagar, Behind Ganesh Temple, Jaipur, Kerala, 153631	IN
S3-004497	Thistle Electricals Corporation	Akron TX 30506 262 Brightpath Dr	USA
S3-004216	Bluepeak, Motors Inc	19 Thistle Blvd Cobalt Park Tacoa WA	United States
S3-008928	Summit Chemicals LLC	Lantern Nagar Indore 996383 20 Stonebridge Mn	USA
S3-005414	Kestrel Fabricsa nd Sons	155 Ravenwood Street, Cobalt Park, Near Exit 14, Fresno, 18590	US
S3-003477	Juniper Systems Private Limited	38/58 Vertex Main, Jaipur, Maharashtra, 409157	India
S3-006331	Logiistics	307 Redwood Dr, Brightpath Park, Austin, 82710	United States
S3-002271	Sunstone Orchid Foods Private Limited	357 Onyx Main, Kochi, uGjarat, 644241	IN
S3-002953	Summit Vetex Motors and Sons Private Limited	422 Northgate St Goldleaf Nagar Pune Gujarat 429879	India
S3-002947	Quarry Solutions Private Limited	281 Juniper Crs Onyx Nagar Coimbatore Kerala 223114	India
S3-002556	Brightpath Bluepeak Logistics P Ltd	13/15 Orchid Cross, Ironwood Nagar, Surat, Maharashtra	IN
S3-001637	Maplecrst, oFods P Ltd	206 Apex aMrg, Surat, 301470	IN
S3-005599	Logistics Vertex Meriidian Co	146 Ravenwood Avenue, Behind the Civic Center, Ironwood Park,, Akron, TX	USA
S3-005506	Quarry Services & Sons Incorporated	262 Thistle Ave, Meridian Park, Fresno, WA, 67947	US
S3-001083	Enterprises Falcon Private Limited	161 Goldleaf Rd, Onyx Nagar, Pune, Rajasthan, 884811	India
S3-007361	Meridian  Solutions P Ltd	21 Stonebridge Road, Thistle Nagar, Indore, 434619	India
S3-002883	Stonebridge ystems Maplecrest Company	328 Meridian Street, Mobile, OH	United States
S3-003757	Bluepeak, Clearwatre Logistics Private Limited	11 Meridian Rd, Surat, 585713	India
S3-005295	Redwood Goldleaf Pvt Ltd	Vertex Road, Redwood Nagar ,Nagpur, 241368	IN
S3-007224	Maplecrest Privae Limited	236 Cobalt Cross, Juniper Nagar, Jaipur, Kerala	India
S3-008669	Meridian Summit Textiles Privat eLimited	361 Vertex Street, Summit Nagar, Coimbatore, Tamil Nadu, 59750	IN
S3-009045	Cobalt Trading Corporation	Kestrel Blvd, Akron, IL	US
S3-002852	Ironwood Consultancy Incorporated	32 Vertex Drive, Thistle Park, Lubbock, AL, 50354	United States
S3-007431	Meridian Motors Private Limited	284 Brightpath Marg, Quarry Nagar, Kochi, Maharashtra, 204216	IN
S3-000715	Harbor, & Sons Corrporation	219 Ravenwood Street Falcon Park Lubbock TX 18556	USA
S3-003867	Onyx Electricals	113 Clearwater Marg, Northgate Nagar, Pune, 781719	India
S3-003587	Noorthgate Electricals	386 Ironwood St Near SBI ATM Onyx Nagar Coimbatore Maharashtra 510194	India
S3-001721	Northgate, Packaging and Sons Inc	386 Kestrel Road, Goldleaf Park, Tacoma, OH, 32792	USA
S3-008513	Ironwood LLC	Clearwater Avenue Stonebridge Park Tacoma AL 88064	USA
S3-001455	Silverline Trading CCo	384 Vertex Blvd, Cobalt Park, Lubbock, 33668	USA
S3-006863	Falcon Electricals Limited Liability Company	39/44 Juniper Road, Bluepeak Nagar, Akron	IN
S3-009085	Industires Apex Corporation	22 Kestrel Road, Goldleaf Nagar, Kochi, Kerala	US
S3-001708	Stonebridge Trading Silverline Private Limited	173 Sunstone Marg, Surat, Kerala, 437394	India
S3-000194	Sunstonne	381 Falcon Main, Falcon Nagar, Kochi	IN
S3-008559	Ravenwood Trading LLC	153 Redwood Boulevard, Apex Park, Austin, CA, 68363	US
S3-001963	Quarry Electricals Co	199 Harbor Road, Mobile, Ravenwood Park	US
S3-003340	Falcon Incoroprated	259 Cobalt Street, Harbor Park, Austin, WA	USA
S3-003522	Juniper Chemicals Ltd	Behind Ganesh Templ eHarbor Marg Nagpur	India
S3-002603	Maplecreest & Sons	Opp. City Library, 60 Clearwater Blvd, Austin, TX	USA
S3-006026	Quarry Northgate and Sons Co	187 Onyx Dr Maplecrest Park Austin WA 91650	USA
S3-009238	Silverline Pvt Ltd	17 Redwood Marg, Falcon Nagar, Jaipur, Gujarat, 804931	IN
S3-007281	Kestrel Fabrics Co	256 Apex Avenue, Cobalt Park, Austin, WA, 79229	United States
S3-008084	Juuniper Foods Ltd	1 Silverline Road, Clearwater Park, Coimbatore, IL, 82762	USA
S3-003385	Enterprises Inc	319 Northgate Rd Maplecrest Park Lubbock IL 52001	US
S3-000309	Thistle Textiles Private Limited	233 Ironwood St, Apex Nagar, Coimbatore, 929223	India
S3-008729	Redwood Maplecrets	Behind Ganesh Temple, 392 Stonebridge Street, Silverline Nagar, Akron	IN
S3-002708	Summit Inc	266 Lantern Drive, Sunston Park, Opp. City Library, Fresno	United States
S3-006529	Ravenwood Trading & Sons Co	17/14 Kestrel Boulevard Peoria 6643	USA
S3-006501	Blepeak Services Limited	20 Summit Street Kstrel Nagar Surat 588888	IN
S3-001916	Cobalt Sunstne Foods P Ltd	225 Apex Rd, Surat	IN
S3-001837	Thistle Enterpries Corporation	145 Quarry Ave, Mobile, CA	US
S3-002748	Bluepeak HarborIndustries and Sons Corp	Summit Boulevard, Clearwater Park, Mobile, AL, 88680	United States
S3-001821	Lantern Motors & Sons Limited	340 Cobalt Crs, Clearwater Naga,r 371862, Indore	IN
S3-002018	Harbor rPivate Limited	21 Apex Road, Stonebridge Nagar, Surat	India
S3-004193	Summitt Enterprises Limited	83 Vertex St, Jnuiper Nagar, Nagpur, Maharashtra	India
S3-005750	Lantern Solutions & Sons Private Limited	Bluepeak Crs, Behind Ganesh Temple, Stonebridge Nagar, Nagpur, MP	India
S3-000390	Goldleaf an Sons	25 Stonebridge Dr, Northgate Park, Mobile, CA	United States
S3-006651	Stonebridge Textiles Limited	Near SBI ATM, 317 Ironwood Rd, Juniper Nagar, Jaipur	India
S3-001899	Silverline Foods  Co	163 Northgate Dr, Fresno, 32579	US
S3-008925	Meridian Electricals Pvt Ltd	365 Stonebridge St, Stonebridge Nagar, Jaipur, 406293	IN
S3-000383	Thistle Systems Limited Liability Company	Near Exit 14 304 Cobalt Roda Falcon Park Tacoma WA 45906	United States
S3-002451	Thistle Enterprises Pvt Ltd	365 Apex Marg, Stonebridge Nagar, Kochi, Tamil Nadu, 880196	India
S3-003750	Summit Industries PrivateL imited	126 Clearwater Street, Quarry Nagar, Jaipur, Kerala, 164661	IN
S3-007544	Harbor Textiles Inc	Summit Dr  Redwood Park Behind the Civic Center Peoria OH 58999	USA
S3-004135	Harbor, Electricals Incorporated	244 Falcon St, Kestrel Park, Fresno	United States
S3-005654	Summit Fabrics Private Limied	10 Vertex Road, Bluepeak Nagar, Jaipur, Tamil Nadu	India
S3-007231	Goldleaaf Fabrics	189 Kestrel Road, Behindthe Civic Center, Maplecrest Park, Fresno, 27839	IN
S3-003283	Redwood Foods	138 Onyx Boulevard, Northgate Park, Tacoma, 95638	USA
S3-008910	Juniper Logsitics	Stonebridge Marg Apex Nagar Surat	India
S3-004366	Clearwater Motors Copr	18 Onyx Blvd, Ravenwood Park, Tacoma, CA	USA
S3-005823	Northgate Silverline Services Company	253 Vertex Street, Clearwater Park, Fresno	USA
S3-007363	Stonebridge Trading Co	10 Vertex Avenue, Akron, 58247	United States
S3-007295	Electicals Bluepeak Inc	24 Bluepeak Road, Meridian Park, Mobile, WA	United States
S3-000154	Quarry Vertex Ltd	262 Thistle Marg, Ironwood Nagar, Surat, Gujarat	India
S3-004541	Lanetrn Corporation	72 Redwood Avenue, Peoria, CA	United States
S3-007206	Quarry, Foods Corporation	332 Bluepeak St, Falcon Park, Tacoma	United States
S3-008273	Meridian P  Ltd	84 Cobalt Marg, Sunstone Nagar, Surat, 711535	IN
S3-003155	Packaging  Harbor Redwood Private Limietd	332 Onyx Rd, Silverline Nagar, Nagpur, Kerala, 635802, Opp. Bus Depot	India
S3-002223	Juniper Electricals & Sns Pvt Ltd	3 Thistle St, Quarry Nagar, Pune, MP	India
S3-006447	Chemicals Summit Apex	55 Apex Ave Clearwater Park Lubbock CA 31336	USA
S3-002540	Lantern Summit Solutions ncorporated	370 Kestrel Rd, Thistle Park, Lubbock, WA, 82599	United States
S3-008101	Redood Fabrics	59 Ironwood Avenue, QuarryP ark, Fresno	USA
S3-002938	Stonebridge Vertex Trading Co	6 Cobalt Street, Austin	United States
S3-006671	Orchid Thistle Sytems	30 Brightpath Road, Near Exit 14, Austin, CA, 21165	US
S3-004405	Ironwood Logisticcs	192 Silverline St, Goldleaf Park, Akron, TX	United States
S3-000146	Harbor Consultancy Limited Liability Company	168 Silverline Rd, Lantern Park, Tacoma, OH	USA
S3-000898	Brightpath Mootors Limited	62 Stonebridge Marg Ravenwood Nagar Coimbatore 569745 Near Metro Pillar 42	IN
S3-005082	Onyx Harbor Industries Copany	288 Northgate Rd, Silverline Park, Austin, CA	United States
S3-007091	Bluepak	25/56 Juniper Mn, Apex Nagar, Jaipur, MP, 927008	India
S3-005111	Summit SysetmsPvt Ltd	387 Harbor Marg, Cobalt Nagar, Indore	India
S3-000854	Buepeak Pvt Ltd	185 Clearwater St, Brightpath Nagar, Surat	India
S3-007954	Consultancy Lantern Brightpath Incorporated	Opp. City Library, 343 Ravnewood Blvd, Sunstone Park, Peoria, WA, 49319	US
S3-005922	Northhgate LLC	50 Quarry Rd, Mobile, WA, 85010	USA
S3-004085	Logistics Kstrel	32/36 Notrhgate Crs, Sunstone Nagar, Jaipur, Rajasthan	India
S3-006734	Cearwater Services Co	357 Maplecrest Rd Austin AL 51686	US
S3-008602	Orchid Thistle Solutions Corporation	37 Northgate Rd, Harbor Park, Mobile	United States
S3-004501	Lantern CCorp	170 Ravenwood Street, Mobile, WA	US
S3-006881	Orrchid Brightpath Logistics	78 Cobalt Street Pune Tmail Nadu	IN
S3-004931	Clearwater Bluepeak Tradiing Pvt Ltd	294 Onyx Marg Sunstone Nagar Surat 750997	IN
S3-007796	Ironwood Seervices	274 Sunstone Rd, Silverline Park, Mobile, TX, 19553	United States
S3-003060	Meridian LLC	233 Harbor Rd, Lubbock, 84792	USA
S3-003596	Harbor Motors Corpration	161 Clearwater Ave, Silverline Park, Tacoma, WA	US
S3-003367	Falcon Systems oC	189 Vertex Blvd Harbor Park Peoria AL 13463	United States
S3-000261	Vertex Chemiicals Liimited Liability Company	230 Thistle Boulevard, Harbor Park, Mobile, CA, 43932	US
S3-002948	Falcon Private Limited	9 Quarry St, Bluepeak Nagar, Coimbatore, MP	India
S3-001847	Clearwater && Sons	35 Brightpath Dr, Lubbock, AL, 57905	United States
S3-005968	Bluepeak Industries Private Limited	361 Goldleaf St Jaipur MP 581266	IN
S3-004308	Orchid Industries P Ltd	148 Stonebridge Road, Harbor Nagar, Coimbatore, 807274, Near SBI ATM	India
S3-004693	Stonebridge Electricals Prviate Limited	26/37 Thistle Main, Ironwood Nagar, Surat, MP, 151358	India
S3-004465	Motors and Sons	235 Redwood Rd Austin	United States
S3-006756	Sunstone Chemicals Corporation	Near Exit 14 4 Falcon StR avenwood Park Peoria	United States
S3-004895	Cobalt Inc	323 Lantern Road, Ravenwood Park, Akron, IL, 31000	USA
S3-007266	Stonebriidge Northgatte Solutions P Ltd	Opp. Bus Depot 247 Vertex St Cobalt Nagar Jaipur Gujarat	India
S3-007106	Thistle Onyx Textlies	Summit Road, Near Exit 14, Fresno, AL, 57446	US
S3-007632	Lantern Silverline IIncorporated	305 Harbor Boulevard, Summit Park, Lubbock, OH	USA
S3-005404	Ravenwood Packaging and Sons Company	119 Northgate Drive, Redwood Park, Mobile, OH, 23267	United States
S3-003803	Apex Solutions Ltd	23 Thistle Main, Stonebridge Nagar, Coimbatore, 782145, Kerala	IN
S3-003343	Orchid Services Corporation	22 Stonebridge Avenue, Onyx Park, Behind the Civic Center, Tacoma, 34367	USA
S3-004457	Maplecerst Goldleaf Services Limite dLiability Company	47 Silverline Drive, Peoria, CA, 31243	US
S3-007966	Kestrel Enterprisses	26 Falcon Street, Kestrel Park, Tacoma, IL, 26942	USA
S3-002419	Brightpath Incorporated	367 Bluepeak Drive, Kestrel Park, Peoria, 13034	United States
S3-001003	Ironwood Textiles Limitde iability Company	78 Thistle Drive Akron 88782	US
S3-005623	Brightpath Private Limited	Onyx Marg, Kestrel Nagar, Surat, Tamil Nadu	India
S3-001366	Sunstone Enteprisse Limited Liability Company	212 Sunstone St, Mobile, 93725	US
S3-002055	Lantern Harbor Motors and Sons P Ltd	367 Clearwater Marg, Coimbatore, MP	IN
S3-005684	Lantern Consultancy Private Limited	Opp. BusDepot, Ravenwood Marg, Coimbatore, 240934	India
S3-004927	Brightpath Consultanccy Pvt Ltd	31/40 Lantern Marg Cobalt Nagar Nagpur Tamil Naddu 193889	IN
S3-003882	Redwood & Sons Ltd	235 Falcon Mn, Kochi, 246586	India
S3-001603	Vertex Goldleaf Consultancy	219 Maplecrest Blvd, Akron, 65863	US
S3-000230	Silvrline Onyx Textiles Co	394 Apex Street, Harbor Park, Fresno, 85943	USA
S3-006018	Sunstone Solutions & Sons LLC	119 Orchid St, Vertex Park, Akron, WA	United States
S3-003710	Goldleaf Solutions Ltd	Near Metro Pillar 42, Surat, MP, 81 Harbor Crs	India
S3-006572	Ironwood Consultancy P Ltd	284 Maplecrest St, Silveline Nagar, Kochi, MP, 605194	India
S3-004512	Ironwood Textiles and Sons Private Limited	227 Meridian Marg Kochi 324397	India
S3-006480	Bluepeak Mapleccrest and Sons Inc	279 Thistle Drive, Clearwater Park, Tacoma, WA, 93277	United States
S3-008883	Silverlline Flcon Textiles Private Limited	4/41 Vertex Marg Bluepeak Nagar Jaipur Rajasthan 124705	IN
S3-004236	Apex Chemicas Ltd	Juniper Mn Vertex Nagar Coimbatore Rajasthan 798987	IN
S3-007839	Sunstone Packaging Pvt Ltd	332 Clearwater Crs, Jaipur, 536643, Opp. Bus Depot	IN
S3-002166	Ravenwood, Pvtt Ltd	240 Falcon Mn ,Jaipur, Kerala, 242148	India
S3-002587	Junipre Electriicals P Ltd	50 Cleaarwater Marg, Pune, Rajasthan	IN
S3-001588	Falcon Solutions	25/48 Silverline St, Vertex Park, Austin	US
S3-008269	Goldleaf Electricals and Sons Private Limited	Quarry Street, Bluepeak Park, Austin, TX, 34260	India
S3-005300	Goldleaf MMotors Company	4 Cobalt Rd, Redwood Park, Peoria, IL	US
S3-006853	Ironwood, Texxtiles	335 Cobalt Blvd, Goldleaf Park, Akron, CA, 55507	India
S3-000423	Brightpath Fabrics Limited Liability Company	330 Apex Rd, Bluepeak Park, Akron, 50188	US
S3-004370	Harbor Motors Co	273 OnyxA venue, Harbor Park, Tacoma, IL	United States
S3-006574	Cobalt Cobalt Textiles Corp	Silverline Drive, Ravenwood Park, Fresno, OH, 46518	US
S3-008547	Maplecrest annd Sons Co	18/45 Clearwater St, Mobile, AL, 83205	US
S3-007282	Falcon Packaaging	24 Meridian Avenue, Goldleaf Park, Akron, WA, 89574	US
S3-005703	Ravenwoood, Logistics & Sons Corporation	212 Sunstone Road, Harbor Park, Mobile, CA	United States
S3-003712	Lantern Trading Co	137 Thistle Dr, Orchid Park, Mobile	US
S3-002220	Lantern Inddustries & Sons Inc	154 Brightpath Dr Near Exit 14 Orchid Park Lubbock TX 43323	USA
S3-008065	Quarry Company	93 Onyx Dr, Lubbock, 75940	US
S3-007919	Summit Enterprises P Ltd	319 Clearwater Crs, Maplecrest Nagar, Kochi, MP, 823313	India
S3-007113	Falcon Pvt Ltd	93 Ravenwood Boulevard, Goldleaf Park, Austin, WA, 94194	IN
S3-003971	Goldleaf Enterprises	244 Kestrel Marg, Ironwood Nagar, Indore, Rajasthan, 370980	IN
S3-002069	Silverline Ravenwood Incorporated	19 Kestrel Ave, Akron	US
S3-003132	Meridian Harbor Trading Corp	34 Ironwood Dr, Juniper Park, Austin, AL, 58480	US
S3-007365	Brightppath Consultancy Ltd	30/36 Maplecrest Marg Maplecrest Nagar Indore KKerala 252292	India
S3-004388	Haabror Sunstone Consultancy Limited	193 Northgate Rd Bluepeak Nagar Indore 689406	India
S3-008129	Quarry Falcon Industries Private Limited	214 Northgate St, Kochi, Maharashtra	IN
S3-008347	Meriidan Consultancy Limited Liability Company	222 Bluepea kBoulevard Lantern Park Mobile 18141	USA
S3-003468	Motros Summit P Ltd	390 Apex Crs, Near SBI ATM, Jaipur, Kerala	IN
S3-007464	Harbor Solutions Pvt Ltd	76 Bluepeak Rd Summit Park, Near Exit 14, Fresno	India
S3-002525	Ravenwood Solutions Inc	217 Thistle Dr, Stonebridge Park, Austin, IL	United States
S3-003966	Clerawater Chemicals and Sons Company	241 Bluepeak Rd Brightpath Park Austin 60557	USA
S3-006660	Goldleaf Consultancy P Ltd	199 Silverline Marg, Kochi, Gujarat	India
S3-001018	Flacon Solutions Limited Liability Company	Opp. City Library, 1 Lantern Ave, Cobalt Park, 36914, Mobile	USA
S3-007589	Blueepeak, Trading	93 Bluepeak Mn, Onyx Nagar, Mobile, Kerala, 541579	IN
S3-001618	Bluepeak ogistics Company	Ravenwood Dr, Bluepeak Park, Mobile, AL	USA
S3-002204	Lantern Kestrel Motrs Pvt Ltd	20 Harbor Mn, Surat, Maharashtra, 823421	India
S3-002044	Thistle Textiles	107 Goldleaf Boulevard, Maplecrest Park, Tacoma, OH	United States
S3-004358	Motors, Harbbor Summit	371 Vertex Boulevard, Opp. City Library, Tacoma, 36561	USA
S3-008786	Meridian Services Pvt Lttd	291 Maplecrest Marg Onyx Nagar Surat 627559	IN
S3-001338	Redwood Systems LLC	237 SummitB oulevard Silverline Park Mobile AL 76997	United States
S3-000880	Maplecrest Electrical Company	249 Lantern Drive, Maplecrest Park, Near Exit 14, Austin, IL, 56566	USA
S3-006899	Vertex Logistics Private Limited	140 Onyx Marg, Coimbatore, Keraal, 140249, Thistle Nagar	India
S3-001124	Orchid Fabrics P Ltd	Near Metro Pillar 42, 39 Goldleaf Marg, Kochi, Tamil Nadu, 877306	IN
S3-008882	Bluepeak Juniper Enterpriess & Sons Private Limited	131 Onyx Road, Pune, Maharashtra	India
S3-000614	Maplecrest Maplecrest Corporation	211 Cobalt Rd, Kestrel Park, Akron	United States
S3-004685	Textiles Maplecrest Maplecrest Corporation	183 Kestrel Drive, Tacoma	US
S3-002782	Orchid Ironwood Motors PrivateLimited	268 Summit Mn Pune	India
S3-002199	Junper Services	376 Orchid St, Fresno, X, 33803	USA
S3-008490	Juniiper Meridian Textiles LLC	4/16 Vertex St, Ravenwood Nagar, Opp. Bus Depot, Tacoma, Gujarat	IN
S3-000347	Silverline Logisics	Opp. City Library 290 Maplecrest Blvd Silverline Park Austin	United States
S3-008969	Juniper Faabrics and Sons Ltd	204 Apex Street, Stonebridge Park, Lubbock	IN
S3-005888	Cobalt Chemicals Icn	286 Juniper Blvd, Thistle Park, Fresno, 59841	USA
S3-004547	Bluepeeak Tradinng	137 Onyx Drive, Mobile, OH	US
S3-005781	Stonebridge Foods Corporation	357 Lantern Rd, Sunstone Park, Tacoma, IL	US
S3-003848	Apex Clearwater Systems	123 Ironwood Crs, Ravenwood Nagar, Surat, Maharashtra, 341832	IN
S3-008481	Kestrel Trading Inc	Apex Park, Tacoma, WA, 80387, 291 Ravenwood Dr	US
S3-001645	Meridian Corp	158 Bluepeak Dr, Akron	US
S3-000638	Cobalt Fabrics and Sons Inc	Ravenwood ParkA kron 72842 219 Summit Drive	US
S3-003536	Juniper Loistics Limited Liability Company	Onyx Street Thistle Park Fresno WA 13297	US
S3-001693	Apex Enterprises & Sons	4/14 Stonebridge Mn, Redwood Nagar, Coimbatore, 205463	IN
S3-002500	Bluepeak Elecricals Corp	320 Thistle Boulevard Fresno TX	United States
S3-008626	Redwood Summit Tetxiles Ltd	305 Orchid Cross, Kochi, MP, 227808	India
S3-007873	Northgate Harbor Private Limietd	194 Apex Boulevard, Harbor Park, Surat, WA	USA
S3-005059	Stonebridge Foods and Sons	132 Stonebridge venue, Akron, 73736	United States
S3-009077	NorthgateL LC	Near Exit 14, 349 Juniper Blvd, Austin, WA, 75839	United States
S3-003815	Ironwood JJuniper Electricals LLC	170 Lantern Dr, Juniper Park, Akron, TX, 67139	United States
S3-005651	Thistle Chemicals & Sons Private Limited	353 Onyx Crs, Northgate Nagar, Pune, Rajasthan	IN
S3-004678	Thistle Industries Company	1 Lantern Boulevard, Summit Park, 21211, Lubbock	US
S3-005477	Ravenwoo dApex Electricals LLC	166 Sunstone Drive, Quarry Park, Mobile, CA, 25163	USA
S3-003238	Cobalt, Goldleaf P Ltd	Opp. Bus Depot, 343 Goldleaf t, Meridian Nagar, Kochi	IN
S3-007405	Enterprises Brightpath	Near Metro Pillar 42, 199 Silverlin Street, Indore, Kerala	India
S3-000495	Brightpatth Services and Sons Pvt Ltd	Bluepeak Marg, Silverline Nagar, Pune, 472786	India
S3-009080	Bluepeak Systems  Ltd	258 Stonebridge Street, Thistle Park, Behind the Civic Center, Akron, WA	IN
S3-008746	Silverline Packging LLC	146 Clearwater Main, Cobalt Nagar, Mobile, 755634	India
S3-002761	Onyx, lCearwater Corporation	324 Bluepeak Road, Goldleaf Park, Akron, IL	US
S3-006658	Harbor Services Inc	221 Stonebridge Dr, Northgate Park, Austin, WA, 76691	USA
S3-004976	Northgate Consultancy Corp	223 Meridian St, Ravenwood Park, Mobile, AL, 51537	United States
S3-001406	Maplecrest Systems and Sons Inc	17/7 Falcon St, Juniper Park, Austin, CA, 24169	United States
S3-009051	Maplecrest Trading Incorporated	332 Goldleaf Street, Mobile, TX	US
S3-002250	Thistle Logistics LLC	353 Northgate Rd Ironwood Park Near Exit 14 Peoria 28581	US
S3-002958	Juniper Solutions Prvate Limited	180 Sunstone Crs, Sunstone Nagar, Near Metro Pillar 42, Indore, Gujarat, 318796	IN
S3-000878	Kestrel Redwood Servicse Co	219 Meridian Blvd, Opp. City Library, Silverline Park, Akron	USA
S3-006171	Irnwood, Stonebridge Enterprises Corporation	89 Falcon Boulevard, Falcon Park, Behind the Civic Cente, Akron, CA, 15555	United States
S3-004880	Brightpath Fabrics Private Limited	Apex Marg, Quarry Nagar, Indore, MP, 343582	India
S3-003215	Smmit  Trading and Sons LLC	335 Bluepeak Rd, Onyx Park, Tacoma	US
S3-006014	Sunstone Corporation	285 Kestrel Blvd, Orchid Park, Fresno, TX, 43133	USA
S3-002356	Ironwood Enterprises Ravenwood Limited	Lantern Rd Goldleaf Nagar Indore 311174	IN
S3-005810	Redwood Electricals & Sons Private Limited	Near Metro Pillar 42 38/77 Kestrel Road Redwood Nagar Kochi	IN
S3-007854	Meridian Chemicals Commpany	97 Ravenwood Road, Harbor Park, Fresno, AL, 52339	USA
S3-001582	Meridian Logistics Corp	52 Thistle Rd, Tacoma, OH, Sunstone Park	US
S3-002226	Maplecrest Redwood Trading Copmany	194 Goldleaf Boulevard, Onyx Park, Peoria, 76302	US
S3-004631	Juniper Vertex and Sons Corporation	Harbor St, Opp. City Library, Tacoma	USA
S3-006255	Quarry Industreis Limited	87 Quarry Marg, Behind Ganesh Temple, Nagpur	IN
S3-004633	Lantern Incorporated	267 Bluepeak Road, Ravenwood Park, Lubbock	US
S3-001999	NorthgateO rchid Chemicals & Sons Corp	358 Clearwater Road, Tacoma, WA	US
S3-007926	Motors Falcon Lantern P Ltd	Northgate Dr Clearwater Park Austin AL	India
S3-001857	Northgate, Systems & Sons Corp	94 Ravenwood Blvd, Behind the Civic Center, Kestrel Park, Fresno, WA, 45143	United States
S3-002340	Summit Chemicals	79 Maplecrest Main, Sunstone Nagar, Kochi, Tamil Nadu, 644609	IN
S3-005176	Thistle Enterprises Co	1 Juniper Avenue Kestrel Park Lubbock	USA
S3-004955	Stonebrridge Logistics	398 Kestrel Rd, Ironwood Park, Peoria, IL	United States
S3-000040	Maplecrset Silverline Enterprises Pvt Ltd	7/66 Ironwood Marg, Near Metro Pillar 42, Indore, 704846	India
S3-001748	Apex Electricals Corp	Opp. City Library, Redwood Rd, Fresno, OH, 22606	United States
S3-000486	Packaging Onyx Pvt Ltd	Opp. Bus Depot, Brightpath Rd, Quarry Nagar, Pune, Maharashtra	India
S3-005441	Kesterl Pvt Ltd	142 Thistle Street, Near Metro Pillar 42, Bluepeak Nagar, Coimbatore, 961180	IN
S3-008685	Maplecrest Farbics Ltd	13/42 Cobalt Rd, Bluepeak Nagar, Surat, MP, 273086	India
S3-003824	Rdwood	182 Stonebridge Road, Goldleaf Nagar, Nagpur, Maharashtra	IN
S3-001342	Bluepeak Packaging Vertx Corp	15 Quarry Ave, Cobalt Park, Lubbock, WA, 58991	United States
S3-005451	Kestrel Foods	Ironwood Cross, Meridian Nagar, Coimbatore	IN
S3-004625	Apex Logistics Limited	367 Orchid Road, Opp. Bus Depot, Surat, MP, 630990	IN
S3-006612	Stonebridge Sunstone & Sons Innc	34/37 Northgate Avenue, Onyx Park, Behind the Civic Center, Austin	USA
S3-004302	Orchid Industries	Juniper Road, Akron, WA, 23387	US
S3-000226	Ironwood Summit Electricals Corporation	373 Onyx Blvd Mobile	USA
S3-006779	Textiles, Cleearwater and Sos	Meridian Road Mobile	USA
S3-005845	Bluepeak Logistics Pvt Ltd	175 Orchid Rd, Indore, 364603	IN
S3-002546	Textiles and Sons Liimited Liability Company	351 Ironwood Ave, Juniper Park, Austin, OH	US
S3-008530	Ironowod Co	Orchid Avenue, Ravenwood Park, Peoria, 22325	US
S3-000452	Bluepeak Sollutions Pvt Lttd	Opp. Bus Depot, 353 Juniper Road, Nagpur, MP	IN
S3-004790	Clearwater Northgate Fabrics and Sonns Incorporated	315 Cobal tAvenue, Austin	US
S3-003154	Logistics Clearwater Silverline Privatte Limited	29 Juniper Cross, Orchid Nagar, Surat, Kerala	IN
S3-006371	NorthgateI ndustreis Company	336 Redwood Ave, Cobalt Park, Mobile, WA, 34787	United States
S3-003093	Blueppeak	308 Cobalt Main, Kochi, Maharashtra, 867798	India
S3-008605	Ironwood, Electricals an dSonsP vt Ltd	219 Summit Main, Redwood Nagar, Coimbatore, 552826	India
S3-008572	Silverline Comapny	25/81 Goldleaf Road, Near SBI ATM, Orchid Nagar, Idore, Rajasthan, 426958	United States
S3-006531	Onyx Textiles Pvt Ltd	168 Cobalt Marg, Kochi	India
S3-003395	Vetrex Services P Ltd	73 Summit Mrg, Brightpath Nagar, Behind Ganesh Temple, Pune, MP	IN
S3-003368	System sCompany	189 Vertex Blvd Peoria, AL, 13463	United States
S3-002498	Sunstone Summit Chemicals	Cobalt Road, Akron, AL	USA
S3-004982	Ironwood Logistics Limited	Quarry Nagar, Coimbatore, 899934, 31 Goldleaf Road	India
S3-000519	Quarry Meridian Systems P Ltd	23/85 Thistle Road Cobalt Nagar Indore Kerala	India
S3-008078	Apex Limited	225 Kestrel Cross, Quarry Nagar, Opp. Bus Depot, Nagpur, MP	IN
S3-000343	Meirdian Ltd	15/48 Brightpath St Behind Ganesh Temple Jaipur Maharashtra 956257	India
S3-000464	Vertex Northgate Chhemicals Limited	Silverline Main Silverline Nagar Pune Maharashtra 5772997	India
S3-004424	Vertex Packaginng Limited Liability Company	264 Lantern Street, Austin, 91790	US
S3-009063	Ravenwood Fabrisc and Sons Pvt Ltd	167 Apex Street, Behind Ganesh Temple, Northgate Nagar, Kochi, 167433	IN
S3-009078	Orchid Enterprises P Ltd	77 Clearwater Rd, Onyx Nagar, Near Metro Pillar 42, Nagpur, MP, 554831	IN
S3-006806	Packaging & Sons P Ltd	146 Maplecrest Cross, Near SBI ATM, Kochi, 357819	IN
S3-008275	MaplecrestE lectricals and Sons Private Limited	Onyx Street, Ravenwood Park, Coimbatore, 604777	USA
S3-009065	Orchid Northgate Systems  LLC	277 Redwood Street Fresno 87147	United States
S3-004436	Apex Falcno Foods Company	113 Ravenwood Street, Akron, CA	USA
S3-008564	Brighhtpath, Systems Inc	349 Falcon Street, Sunstone Nagar, Jipur, 746141	United States
S3-003545	Ravenwood and Sonns LLC	88 Silverline Rd Near Exit 14 Fresno 62275	United States
S3-005855	Bluepeak Falcon P Lttd	Jaipur, Maharashtra, 952853, 115 Redwood Marg	India
S3-003106	Cobalt Solutions	390 Juniper Road, Pune, Maharashtra, 676594	India
S3-008777	Ravenwood Private Limietd	271 Maplecrest St, Ironwood Nagar, Coimbatore, Maharashtra, 636547	India
S3-004605	Ravenwood Chemicals Pvt Ltd	Redwood Cross Orchid Nagar Jaipur 28457	IN
S3-005702	Quarry Textles and Sons Corp	215 Vertex Dr Austin 85426	USA
S3-000987	Silverline Enteprrises	Onyx Park Peoria CA 87939 39 Kestrel Rd	United States
S3-000942	Brightpath extiles & Sons Private Limited	Brightpath Rd, Indore, Gujarat, 622048	IN
S3-003936	Stonebridge Sevices	Redwood Avenue, Mobile, TX	US
S3-001148	Orchid Vertex Solutions Company	57 Silverline Dr, Brightpath Park, Tacoma, 95952	USA
S3-002109	Nortthgate Foods	290 Apex St, Summit Park, Mobile, IL, 93929	USA
S3-008140	Vertex Enterprises & Sons Pvt Ltd	34 Juniper St, Kestrel Nagar, Indore, 153785	IN
S3-002443	Clearwater Trading Private Limited	12/28 Bluepeak Cross, Orchid Nagar, Pune, MP	IN
S3-004875	Silverline, Textiles ncorporated	341 Apex Road, Tacoma	United States
S3-002205	Cobalt Harbro Logistics & Sons Corporation	292 Quarry Street, Lantern Park, Peoria, AL, 82926	United States
S3-003427	Thistle Services	252 Quarry Rd, Bluepeak Nagar, Indore	India
S3-002703	Cobalt Private  Limited	143 Ravenwood St, Ravenwood Nagar, Kcohi, Kerala	India
S3-009207	Redwood Consultancy P  Ltd	235 Cobalt Marg, Ironwood Nagar, Kochi, MP	India
S3-000605	Thistle Food Pvt Ltd	Near SBI ATM, 373 Lantern Crs, Nagpur, Tamil Nadu, 272421	IN
S3-004018	Conultancy Redwood and Sons Corporation	21/61 Quarry Dr, Lantern Park, Lubbock, TX, 89026	US
S3-004970	Industries Ironwood and Sons Corporation	Opp. City Library, 275 Silverline Street, Meridian Park, Lubbock	USA
S3-007223	Maplecrest Logistics P tLd	220 Vertex Rd Near SBI ATM Nagpur MP 323725 Quarry Nagar	IN
S3-008509	Onyx Goldleaf Electricals	Behind the Civic Center, 127 Ravenwood Avenue, Stonebridge Park, Lubbock, AL, 63245	USA
S3-000439	Northgate	52 Goldleaf Road, Sunstone Nagar, Nagpur, MP	IN
S3-002773	Onyx Motors and Sons	Onyx Marg, Coimbatore, Rajasthan	India
S3-007635	Harbor Bluepeak Consultncy Incorporated	230 Silverline Rd, Lubbock, WA, 74017	US
S3-004968	Vertex Services Company	263 Quarry St, Opp. City Library, Brightpath Park, Tacoma, AL, 43947	US
S3-008018	Maplecrest Onyx Consultancy Company	72 Cobalt Marg, Akron	India
S3-003268	Juniper Industries & Sons Inc	100 Bluepeak Dr, Opp. City Library, Onyx Park, Fresno	US
S3-004782	Clearwater Consutancy P Ltd	Redwood St, Brightpath Nagar, Indore, MP, 239502	IN
S3-005495	Godlelaf Electricals	93 Goldleaf Cross, Kochi, Tamil Nadu	India
S3-005797	Falcon Enterprises Co	39/51 Juniper Dr, Summit Park, Fresno	United States
S3-002392	Motosr Onyx Co	Opp. City Library, Silverline Street, Ravenwood Park, Mobile, AL	USA
S3-007703	Blluepeak and Sons Incorporated	62 Kestrel Street Redwood Nagar Surat Rajasthan 112602	USA
S3-007878	Brightpath Enterprises Private Limited	348 Goldleaf Rd, Indore, Rajasthan, 149035	IN
S3-002865	Ravenwood Stonberidge Consultancy and Sons Corp	Bluepeak Boulevard, Harbor Park, Austin, OH, 15749	USA
S3-004934	Orchid Industries Limitde	130 Ravenwood Street, Ironwod Nagar, Nagpur, 713035	IN
S3-006117	Solutions Ravenwood & Sons Inc	250 Kestrel Ave Northgate Park Tacoma 54246	USA
S3-001400	Consutlancy Orchid Thistle	330 Redwood Drive, Bluepeak Park, Tacoma, IL	United States
S3-002045	Ironwood Electricals Limited Liability Company	317 Meridian Blvd Clearwater Park Near Exit 14 Fresno IL 56060	US
S3-001551	Lantern and Sons Co	88 Bluepeak Blvd Akron OH 23066	US
S3-006674	Solutions Meridian	336 Cobalt Blvd, Falcon Park, Mobile, AL	US
S3-001294	Stonberidge Corp	55 Harbor Boulevard, Thistle Park, Tacoma	United States
S3-000655	Redwood Packaging Private Limited	295 Redwood Main Juniper Nagar Indore Maharashtra 370907	India
S3-004554	Ravenwood Fabrics LLC	382 Bluepeak Avenue, Harbor Park, Peorai, 45702	United States
S3-004734	Summit Foods	Northgate Main, Surat, 495176	India
S3-005005	HarborrTading P Ltd	210 Ravenwood Road, Kochi	India
S3-001627	Thistle Sunstone Corporatiion	371 Brightpath St, Fresno, 76280	United States
S3-008779	Bluepek Trading	163 Bluepeak Street, Harbor Nagar, Coimbatore, Tamil Nadu, 280444	India
S3-005969	Falcon Apex Electricals Corp	Opp. City Library 223 Orchid Rd Lubbock CA 77407	US
S3-004881	Onyx Clearwater Enterprises	12/11 Northgate Street Apex Nagar Indore 230825	India
S3-006936	Sunnstone Motors	169 Thistle Crs Kochi Maharashtra	IN
S3-007500	Brightpath Limited	Behind Ganesh Temple, 11 Northgate Road, Redwood Nagar, Pune	India
S3-001988	Onyx, Textiles Corp	123 Clearwater Road, Fresno, 30312	USA
S3-000141	Summit Trading Private Limited	62 Thistle Crs, Redwood Nagar, Pune, Tamil Nadu	India
S3-005681	Onyx Consultancy Corporation	321 Maplecrest Blvd Austin	USA
S3-003622	Harbor Syystems Private Limited	386 Summit Crs, Indore, Kerala	India
S3-006314	Thisle Foods	140 Meridian Street, Near SBI ATM, Coimbator,e 658714	India
S3-004234	Juniper, Consultanccy P Ltd	222 Harbor Marg, Kestrel Nagar, Coimbatore, Gujarat, 943654	IN
S3-002710	Summit Inc	392 Ironwood Road, Fresno, AL,16534	USA
S3-003561	Brightpath Meridian Textiles	161 Bluepeak Boulevard, Akron, OH, 22756	US
S3-005814	Qaurry Motors	28/20 Meridian Street, Stonebridge Nagar, Coimbatore, Rajasthan	India
S3-001002	Sunstone Solutions	100 Clearwater Rd, Lantern Park, Akron, CA, 34021	USA
S3-001590	Ravenwood Industries Company	8 Stonebridge Ave, Maplecrest Park, Fresno, IL, 25561	USA
S3-004518	Bluepeak Systems Pivate Limited	183 Stonebridge Marg, Jaipur, Tamil Nadu, 271644	IN
S3-008660	Redwood Quarry Private Limited	263 Bluepeak Road, Harbor Nagar, Near SBI ATM, Kochi, Tamil Nadu	IN
S3-000112	Stonebridge Chemicals Co	366 Goldleaf Rd, Sunstone Park, Behind the Civic Center, Mobile	USA
S3-000653	Silverline, Services LLC	102 Stonebridge Boulevard, Bluepeak Parkk, Tacoma, WA, 53703	USA
S3-000165	Falcon ChemicalsI nc	260 Orchid Avenue, Brightpath Park, Peoria, 68436	US
S3-003335	Ketrel Foods Corp	Onyx Dr, Brightpath Park, Mobile	United States
S3-002833	Northgate Texitles Co	160 Meridian St, Meridian Park, Tacoma, TX, 46962	US
S3-003138	Thistle Juniipper Motors Incorporated	Apex Rd, Redwood Park, Akron	USA
S3-004478	BluepeakK estrel Chemicals	195 Onyx Mn, Surat, 534704	IN
S3-005017	Goldleaf Brightpath Limited Liability Company	Fresno, 64496, 36 Cobalt Blvd	United States
S3-006684	Cobalt Trading  LLC	243 Clearwater Road, Lantern Park, Peoria, 15733	United States
S3-001051	Ironwood Ironwood Enterprises & Sons LLC	Maplecrest Avenue, Goldleaf Park, Peoria, IL, 60959	United States
S3-005824	Ravenwood Silverline Textiles Corpoation	349 Vertex Ave, Ironwood Park, Near Exit 14, Lubbock, CA	USA
S3-008771	Onyx Industries Prviate Limited	Kestrel Main, Summit Nagar, Indore, Gujarat	India
S3-001302	Orchid Packaging P Ltd	Cobalt Mn, Ironwood Nagar, Surat	IN
S3-002354	Ravenwood, CConsultancy Limited Liability Company	148 Stonebridge Road Lubbock AL 76331 Juniper Park	USA
S3-002934	Juniper Enterprises	317 Silverline Drive, Redwood Park, Mobile, 93517	USA
S3-000292	Harbor Quarry Fabrics	10/68 Northgate Mn Summit Nagar Nagpur Tamil Nadu	IN
S3-007937	Meriidan, Quarry Foods Ld	373 Summit Crs, Summit Nagar, Surat	India
S3-004096	Juniper  Industries Limited Liability Company	Quarry Boulevard, Meridian Park, Lubbock, WA, 90759	USA
S3-003885	Apex Systtems Co	260 Apex St, Maplecrest Park,, Akron, 40330	USA
S3-007889	Sunstone Bluepeak Private Limited	333 Lantern Street, Summit Nagar, Kochi, 357354	India
S3-002723	Quarry Northgate Electricals & Sns Limited Liability Company	114 Bluepeak Dr Bluepeak Park Peoria IL 96948	United States
S3-007101	Apex Orchid Motors P Ld	344 Apex Street, Lantern Nagar, Nagpur, Kerala	India
S3-002561	Maplecrest Industries Corporation	392 Sunstone Blvd Near Exit 14 Ravenwood Park Lubbock	United States
S3-008126	Meridian Fabrics Pvt Ltd	Apex Marg, Surat, Tamil Nadu, 837877	IN
S3-000348	Ravenwood Trading Incoorporated	Near Exit 14, 311 Maplecrest Ave, Lubbock, 23223	United States
S3-001666	Lantern Maplecrets and Sons Company	9/76 Cobalt Blvd, Bluepeak Park, Peoria, CA, 99292	USA
S3-001190	Stonebridge Packaging Inc	19/73 KestrelS t, Northgate Park, Austin, IL, 91443	United States
S3-008949	Oynnx Inc	73 Maplecrest Road, Goldleaf Nagar, Indore, 124300	United States
S3-003764	Maplecrest Servicess LLC	313 Apex Avenue Juniper Park Peoria TX 20381	United States
S3-004211	Summit Industries Private Limitd	202 Silverline Mn, Behind Ganesh Temple, Meridian Nagar, Indore, Kerala, 922714	IN
S3-009211	Packaging Ironwood Orchid	151 Onyx Marg, Pune, 919949	India
S3-002526	Ravenwood Solutions	390 Summit Avenue, Cobalt Park, Fresno, 55645	USA
S3-000060	Harbor Brightpath Enterprises & Son sPvt Ltd	217 Quarry Rd, Thistle Nagar, Coimbatore, Rajasthan, 398735	India
S3-006231	Cobalt & Sons Limited Liability Company	348 Apex Road, Onyx Park, Lubbock, 47387	United States
S3-001568	Silverline Electricals LLC	Silverline Park, Mobile, OH, 99386, 45 Maplecrest Ave	United States
S3-006975	Kestrel Industries Limited	Opp. Bus Depot, 359 Harbor Mn, Kochi, Tamil Nadu, 608286	India
S3-002988	Quarry Packaging Kestrel Co	7/58 Maplecrest Avenue, Summit Park, Mobile	US
S3-004231	Meridian Trading CCompany	22 Goldleaf Road, Clearwater Park, Peoria, 87815	US
S3-007150	Maplecrest Enteprises Pvt Ltd	37 Cobalt Crs Maplcrest Nagar Pune	India
S3-008231	Redwood Chemicals Privtae Limited	223 Orchid Rd, Thistle Nagar, Kerala, 151354, Jaipur	IN
S3-001023	Juniper Enterprise & Sons Private Limited	310 Vertex Crs, Kochi, MP	India
S3-005976	Harbor Electricals Corp	143 Quarry Ave, Akron, TX	US
S3-004636	Cobalt Juniper Electricals & Sons Private Limited	185 Northgate Marg, Cobalt Nagar, Kochi, MP, 254123	India
S3-008463	Ironwood and Sons Limited	211 Goldleaf Avenue, Cobalt Park, Mobile	India
S3-005690	Services Sunstone and Sons Limited Liabliity Company	308 Maplecrest Avenue, Bluepeak Park, Lubbock, 99298	US
S3-004467	Northgate, Paackaging Pvt Ltd	70 Maplecrest Crs, Kestrel Nagar, Jaipur, 777199	India
S3-002007	Goldleeaf P Ltd	11 Brightpath Marg, Harbor Nagar, Coimbatore, Maharashtra, 940544	India
S3-007236	Cobalt Meridian Txtiles  Pvt Ltd	Onyx Marg, Surat, Maharashtra	India
S3-002368	Quarry Industries LLC	242 Stonebridge Road Mobile OH	USA
S3-004087	Apex Enterprises Limited	110 Maplecrest Crs, Thistle Nagar, Coimbatore, 336485	India
S3-002879	Northgate Onyx Ltd	274 Cobalt Main, Clearwater Nagar, Indore, Kerala, 574269	IN
S3-002509	Cobalt Brighhhtpath	274 Summit Road, Silverline Nagar, Near SBI ATM, Indore, 815238	India
S3-003814	Sunstone and Sons Corpration	156 Vertex Street, Brightpath Park, Akron, TX, 90216	USA
S3-008966	Lantern, Packaging Corp	167 Ravenwood Ave, Quarry Park, Fresno, WA, 78918	United States
S3-005010	Maplecrest Goldleaf Foods Ltd	Ironwood Cross, Meridian Nagar, Near Metro Pillar 42, Kochi, Tamil Nadu	IN
S3-001285	Jniper P Ltd	Summit Road Kestrel Nagar Surat 506826	India
S3-006088	Juniper Privae Limited	155 Stonebridge Rd, Juniper Nagar, Kochi, 672963	IN
S3-008484	Kestrel	20/16 Cobalt arg, Kochi, Rajasthan, 118787	IN
S3-005062	Summit Inndustries	9/32 Thistle Rd, Kochi, Gujarat, 780726	India
S3-006475	Orchid Industries Limited	HarborR oad Brightpath Nagar Pune 529337	IN
S3-004102	Brightpath Foods & Sons	121 Meridian Avenue Maplecrest Park Akron WA	USA
S3-007753	Systems, Thistle	29 QQuarry Main, Cobalt Nagar, Surat	India
S3-007472	Brightpath Electricals Pvt Ltd	370 Silverline Rd Nagpur Gujarat 659808	India
S3-004104	Orchd Maplecrest Co	81 Maplecrest Ave, Kestrel Park, Mobile, OH	United States
S3-004290	Harbor Redwood Logistics	Behind the Civic Center, 276 Falcon Drive, Fresno, WA, 75249	US
S3-006280	Bulepeak Services Limited	Vertex Nagar, Kochi, Rajasthan, 764581, 305 Thistle Street	IN
S3-008409	Silverline System sIncorporated	86 Stonebridge Dr, Clearwater Park, Near Exit 14, Akron, WA, 17120	USA
S3-002757	Habror Foods Private Limited	9 Harbor Mn, Juniper Nagar, Nagpur, MP	India
S3-005403	Sunstone  Fabrics	23/84 Orchid Crs, Onyx Nagar, Pune, Tamil Nadu	India
S3-002101	Appex Motors	353 Orchid Crs, Stonebridge Nagar, Surat, 584558	India
S3-007879	Onyx Chemicals Private Limited	173 Northgate St, Redwood Park, Lubbock, AL, 14792	IN
S3-009122	Clearwate Services	Quarry Mn, Northgate Nagar, Nagpur, Tamil Nadu, 723743	IN
S3-001111	Cobalt Induustries Goldleaf and Sons P Ltd	264 Falcon Marg, Cimbatore, Tamil Nadu, 236423	IN
S3-005844	Logistis Bluepeak Pvt Ltd	175 Orchid Rd Goldleaf Nagar Indore Maharashtra 364603	IN
S3-001891	Ravenwood Service Inc	377 Clearwater Blvd Kestrel Park Fresno WA	US
S3-001776	Maplecrest  & SonsL LC	Near Exit 14 5 Goldleaf Blvd Austin CA 85966	US
S3-004814	Maplecrest Trading tLd	346 Clearwater Rd, Surat, Tamil Nadu, 586180	India
S3-005320	Meridian Consulancy and Sons	Summit Rd, Apex Nagar, Pune, Rajasthan	IN
S3-002253	Ironwod Industries Co	Kestrel Ave, Ravenwood Park, Austin, CA, 81768	USA
S3-007885	Lantern Services Co	302 Apex Rd, Vertex Park, Austin, 83202	USA
S3-008570	Kestrel Fbarics Company	253 Apex Marg, Maplecrest Nagar, Pune, Gujarat	United States
S3-003114	Orchid Systems ad Sons Pvt Ltd	229 Clearwater Street, Clearwater Nagar, Surat, Maharashtra, 213092	India
S3-009025	Ironwood Enterprises & Sons Co	158 Silverline Blvd Northgate Park Tacoma WA	US
S3-003286	Bluepeak Consultancy Comany	130 Stonebridge Avenue, Austin, 18527	USA
S3-000923	Brightpath Fabrics Co	56 Meridian Drive Redwood Park Tacoma	USA
S3-004305	Lantern Fabrics Private Limiited	380 Nrthgate Street, Nagpur	India
S3-008726	Lantern  Foods	14 Sunstone Rd, Northgate Park,  Pune, IL, 77483	US
S3-000823	Stonebridg Serices LLC	340 Juniper Street, Bluepeak Park, Lubbock, IL	United States
S3-001945	Maplecrest Corp	27 Apex Road, Orchid Park, Akron, TX	US
S3-008930	Ravenwood Sunstone Enterprises P Ltd	148 Thistle Mn, Cobalt Nagar, Nagpur	IN
S3-007683	Goldleaf Packaging and Sons Pvt Ltd	188 Sunstone Crs, Ironwood Nagar, Jaipur, Tamil Nadu, 280029	IN
S3-008330	Harbor	305 Brightpath Mn Near SBI ATM Juniper Nagar Pune	USA
S3-005876	Quarry Services Ltd	146 Bluepeak Cross Bluepeak Nagar Indore MP	IN
S3-001397	Ravenood Systems Incorporated	143 Northgate Boulevard, Ravenwood Park, Tacoma, OH, 47188	United States
S3-005933	Orchid Consultancy & Sons Inc	34/18 Clearwater Blvd Akron 77368	US
S3-000019	Vertex P Ltd	Behind Ganesh Temple, 149 Thistle Street, Pune, Rajasthan	IN
S3-004886	Meridian Solutions and Sons Pvt Ltd	304 Sunstone Rd, Juniper Nagar, Indore, MP	IN
S3-003518	Quarry Motors Private Limited	135 Apex Mn, Falcon Nagar, Indore, Kerala, 383669	India
S3-001122	Orchid Industries Corporation	Near Exit 14, 154 Quarry Ave, Birghtpath Park, Tacoma, CA, 32975	United States
S3-002876	Sumimt Systems Private Limited	Northgate Cross, Behind Ganesh Temple, Stonebridge Nagar, Jaipur, Rajasthan, 383570	IN
S3-009120	Clearwater Packaging  Sons Pvt Ltd	346 Silverline Mn Brightpath Nagar Indore Gujarat 947675	IN
S3-007158	Consultancy Limited Liability Company	17/70 Stonebridge Street, Bluepeak Park, Behind the Civic Center, Peoria, IL, 75665	United States
S3-007486	Meridian Silverline Enterprises	65 Clearwater St, Stonebridge Nagar, Jaipur, 483227	IN
S3-008112	Kestrel Srvices	Stonebridge Nagar Nagpur 916610 364 Redwood St	India
S3-006305	Celarwater	391 Silverline Main, Meridian Nagar, Nagpur, 837610	IN
S3-008990	Verttex Services Private Limited	Behind the Civic Center, 268 Summit Drive, Fresno, 16514	IN
S3-006858	Brightpath	36/30 Stonebridge Rd, Cobalt Park, Austin, WA	USA
S3-007452	Brightpath Harbor Inncorporated	397 Kestrel Rd Quarry Park Tacoma 27029	USA
S3-008725	Northgate Logistiics Inc	277 Cobalt Marg, Goldleaf Nagar, Indore, Gujarat, 118076	United States
S3-008240	Onyyx, Trading and Sons Ltd	96 Harbor Crs, Jaipur, Gujarat	India
S3-005091	Trading Onyx and Sons Private Limited	Lantern St Meridian Nagar Coimbatore Tamil Nadu 120192	India
S3-003576	Harbor Textiles	230 Clearwater Road, Vertex Park, Peoria, IL, 92430	USA
S3-000262	Summit Quarry Enterprises LLC	151 Clearwater Boulevard, Behind the Civic Center, Bluepeak Park, Peoria, 57472	United States
S3-006639	Summit Consultancy & Sons Pvt Ltd	332 Brightpath Cross, Indore, 62078	India
S3-006033	Ravenwood Pvt Ltd	Lantern Cross, Near SBI ATM, Cobalt Nagar, Pune, MP	India
S3-002922	Goldleaf Electricalss Silverline	187 Maplecrest Boulevard, Clearwater Park, Opp. City Library, Peoria, TX, 73624	US
S3-002435	Kestrel Meridian Consultancy & Sons Limited	45 Kestrel Marg, Apex Nagar, Coimbatore, 433415	India
S3-005602	Ravenwood Solutions  Ltd	24 Goldleaf Marg Behind Ganesh Temple Quarry Nagar Jaiupr Maharashtra	India
S3-007826	Bluepeak Services Limited	167 Harbor Road, Kochi, Rajasthan	IN
S3-002270	Harbor Services Ltd	Beehind Ganesh Temple 291 Cobalt Marg Bluepeak Nagar Indore	IN
S3-008095	Bluepeak Systems Limited	177 Sunstone Rd Sunstone Nagar Indore	India
S3-004210	Silverline Systems Pvt Ltd	28 Sunstone Marg Vertex Nagar Coimbatore Tamil Nadu 546192	IN
S3-002307	Orchid Trading Private Limited	9 Kestrel Marg, Ravenwood Nagar, Surat, Gujarat	India
S3-005067	Brightpath Textiles Limited Liabilty Company	33/60 Ironwood Boulevard, Ravenwood Park, Mobile, WA, 88218	United States
S3-003139	Solutions Private Limited	276 Facon Marg Opp. Bus Depot Sunstone Nagar Pune Gujarat 152321	IN
S3-005352	Brightpath Packaging	Behind the Civic Center 25/76 Stonebridge Street Cobalt Park Austin AL	USA
S3-000863	Onyx Fabrics Pvt Ltd	155 Cobalt Rd, Behind Ganesh Temple, Meridian Nagar, Jaipur, Rajasthan, 783295	India
S3-009049	Thistle Industries  Ltd	39/76 Onyx Cross, Surat, 772469	India
S3-002363	Falcon  Stonebridge	50 Goldleaf Main, Sunstone Nagar, Maharashtra, 878689, Pune	IN
S3-004091	Silverline Meridian Corporation	32/78 Cobalt Avenue, Orchid Park, Akron, IL, 66552	US
S3-007771	Falcon Juniper Textiles Cmopany	314 Juniper Aveneu, Lantern Park, Fresno, WA, 14029	USA
S3-008628	Apex Limited Liability Company	Kestrel Drive, Juniper Park, Peoria, TX	United States
S3-006807	Foods  Goldleaf and Sons Private Limited	298 Junipre Crs Nagpur 379674	IN
S3-004621	Meridian Pcakaging Co	Cobalt Drive, Onyx Park, Lubbock	United States
S3-006465	Summit Enterprises  adn Sons Limited	130 Onyx Marg, Near SBI ATM, Pune, Gujaarat, 116892	IN
S3-006664	Juniper Kestrel Industries Co	Fresno, 35 Ironwood Dr	USA
S3-001156	Kestrel, &  Sons Pvt Ltd	338 Meridian Marg Silverline Nagar Nagpur Tamil Nadu 877352	India
S3-001369	Juniper Indutries Corporation	Near Exit 14, 191 Clearwater Street, Apex Park, Mobile	USA
S3-003515	Logistics Thistle and Sons	95 Ironwood St Near Metro Pillar 42 Bluepeak Nagar Indore 831024	IN
S3-002476	CoballtTextiles Pvt Ltd	102 Apex Marg, Silveline Nagar, Pune, Kerala	IN
S3-008081	Sunston Private Limited	218 Onyx Mn, Silverline Nagar, Pune, Maharashtra, 629614	India
S3-008235	Electricals Quarry & Sons Private Limited	340 Lantern Mn, Sunstone Nagar, Nagpur, Tamil Nadu, 712334	India
S3-000875	Orchid Pacakging and Sons	Juniper Cross, Brightpath Nagar, Kochi, Tamil Nadu, 474399	India
S3-003675	Meridian Consultancy Ltd	208 Goldleaf Marg, Cobalt Nagar, Kochi, MP	IN
S3-006627	Cobalt  Foods Corporation	242 Cobalt Drive, Austin, OH	United States
S3-002744	Vertex Enterprises Pvt Ltd	Behind Ganesh Temple, 221 Quarry Street, Sunstone Nagar, Surat, Gujarat, 288489	IN
S3-006408	Kestrel, Consultancy Ltd	21/35 Juniper Crs Maplecrest Nagar Pune Rajasthan 132976	IN
S3-007622	Thistle, Services Corporation	Near Exit 14, 273 Meridian Rd, Ironwood Park, Akron, OH, 94823	USA
S3-000862	Onyx Farbics and Sons  Pvt Ltd	Behind Ganesh Temple, 155 Cobalt Road, Meridian Nagar, Jaipur, Rajasthan, 783295	India
S3-005175	Hrabor, Thistle Enterprises P Ltd	72 Maplecrest Rd, Brightpath Nagar, Jaipur, 244218	India
S3-006943	Onyx Motors Corp	329 Redwood Rd, Ravenwood Park, Near Exit 14, Lubbock, TX, 82272	United States
S3-009167	Falcon Logistics Limited	310 Sunstone Street, Ironwood Park, Kochi, IL, 40169	United States
S3-001552	Cobalt Enterprises Inc	Apex Dr, Meridian Park, Lubbock, IL, 43926	United States
S3-004658	Onyx Foos	25/10 Harbor Boulevard, Meridian Park, Austin, WA, 18725	USA
S3-008027	Ironwod	120 Bluepeak Dr, Cobalt Park, Akron, OH, 60934	United States
S3-002349	Meridian and Sons Private Limited	387 Sunstone Marg Jaipur 455610 Falcon Nagar	IN
S3-003228	Quarry Textile & Sons	373 Ravenwood Avenue, Summit Park, Peoria, OH, 14326	US
S3-002333	Silverline Industrie sCo	114 Ravenwood Boulevard Ravenwood Park Mobile	United States
S3-006905	Trading Meridian & Sons Company	362 Cobalt Road, Kochi, Tamil Nadu, 208728	USA
S3-005858	Onyx Cobalt Enterprises & Sons	173 Goldleaf Avenue, Summit Park, Opp. City Library, Fresno, OH, 96827	USA
S3-007118	Ironwood Consultancy Company	Lantern Road, Bluepeak Park, Ausstin, CA	US
S3-003877	Kestrel Solutionns Private Limited	269 Summit Rd, Behind Ganesh Temple, Silverline Nagar, Jaipur, 949640	India
S3-002488	Maplecest Chemicals Corp	224 Vertex Drive, Onyx Park, Akron, AL, 95302	United States
S3-007100	Enetrprises Maplecrest LLC	Ravenwood Rd, Falcon Nagar, Fresno, Rajasthan, 712245	IN
S3-002371	Brightpath Vertex oods Co	168 Northgate Ave Peoria	USA
S3-000978	Lantern Brightpath Fabrics Limited Liability Company	212 Harbor St, Clearwater Park, Tacoma, 58032	US
S3-001199	Falcon Trading P Ldt	Harbor Nagar, Nagpur, 200 Goldleaf Main	IN
S3-000887	Silverline Fabric s&S ons	350 Summit Street Thistle Park Autin CA 16495	US
S3-006034	Snstone, Corp	37/35 Harbor Blvd, Summit Park, Fresno, AL	USA
S3-005466	Trading, Bluepeak Private Limited	284 Ravenwood Marg, Onyx Nagar, Indore, MP, 387076	India
S3-000820	Cobalt Co	13/5 Ironwood Avenue, Mobile, Near Exit 14	United States
S3-001569	Silverilne Electricals LLC	45 Maplecrest Ave, Silverline Park, Mobile, OH	USA
S3-006249	Goldlleaf, Motors Pvt Ltd	109 Bluepeka Crs, Kochi	India
S3-003263	Ironwood Kestrel and Sons PvtLtd	267 Silverline St, Silverline Nagar, Kochi	IN
S3-005771	Vertex Trading Prvate Limited	Falcon Cross Clearwater Nagar Coimbatore Rajasthan 130706	IN
S3-003295	Stonebridge Trading Company	111 Ravenwood Road Clearwater Park Opp. City Library Peoria	United States
S3-001888	Cobalt, Solutions LLC	380 Goldleaf Ave, Near Exit 14, Stonebridge Park, Mobile, OH, 55569	USA
S3-003210	Chemicals OOnyx Ltd	216 Sunstone Rd, Northgate Nagar, Jaipur, 160632	IN
S3-002279	Quarry, & Sons Company	12 Brightpath Street, Quarry Park, Behind the Civic Center, Lubbock, 69160	United States
S3-008280	Quarry ervices Private Liimted	132 Lantern Mn Jaipur	India
S3-007292	Meridian, Foods Quarry Limted	Near SBI ATM, 252 Bluepeak Rd, Surat, 657361	IN
S3-008668	Harbor Logistics Ltd	66 Clearwater Mn, Lantern Nagar, Kochi	IN
S3-002324	Orchid Chemicals and Sons Limited	207 Falcon St, Silverline Nagar, Jaipur, MP, 794820	India
S3-006222	Meridian Private Limited	35/64 Redwood Road, Goldleaf Nagar, Coimbatore, 889027	IN
S3-004026	Quarry Chemicals Private Limited	Bluepeak St, Indore, Kerala, 507631	India
S3-003732	Lantern Industries Co	164 Cobalt St, Lubbock	United States
S3-007692	Falconn, Fabrics Pvt Ltd	79 Onyx Main, Indore, Gujarat, 459759	India
S3-006585	Redwood Fabrcis Incorporaetd	7 Ravenwood Street Mobile WA	US
S3-003700	Harbor Chemicals and Sons Corporation	97 Ironwood Boulevard, Falcon Park, Tacoma, TX, 21426	USA
S3-005197	Solutons, Bluepeak Inc	230 Stonebridge Ave, Ironwood Park, Akron, CA	US
S3-004916	Reedwood Solutoins Ltd	155 Northgate Mn, Indore, Gujarat, 896798	India
S3-007913	Onyx Motors Private Limited	216 Vertex Marg, Stonebridge Nagar, Kochi, 207022	IN
S3-006401	Vertex Textiles P Ltd	35 Harbor Crs, Opp. Bus Depot, Summit Nagar, Indore, MP, 151433	IN
S3-001854	Clearwater Logistics Corporation	115 Ironwood Street, Near Exit 14, Goldleaf Park, AL, Fresno	United States
S3-003328	Cobalt Meridiann Ltd	Summit Street, Harbor Nagar, Koch, Rajasthan	IN
S3-000959	Norrthgate Fabrics Pvt Ltd	353 Sunstone Main, Opp. Bus Depot, Nagpur, Kerala	India
S3-008216	Motors,  Juniper Pvt Ltd	157 Goldleaf St, Harbor Nagar, Nagpur, 822719	India
S3-001558	Falcon Trading Corporation	276 Lantern Avenue, Behind the Civic Center, Vertex Park, Austin	US
S3-004652	Lantern Logistics LLC	318 Clearwater Drive, Northagte Park, Mobile, 54531	United States
S3-004044	Goldleaf, Solutions Company	16/63 Ravenwood Ave Falcon Park Tacoma IL	USA
S3-007734	Kestrel Chemicls Sunstone LLC	18/70 Vertex Rd, Redwood Park, Peoria, IL, 77469	US
S3-006421	Kestrel, Trading Co	327 Lantern Aveenue, Harbor Park, Tacoma, 16965	USA
S3-006185	Orchid Textiles P Ltd	330 Redwood Main, Surat, Kerala, 320148	IN
S3-008326	Meridian Harbor Services & Sons P Ltd	Surat, 1733 Sunstone Marg	India
S3-005427	Apex Electricals LLC	278 Ravenwood AveRedwood Park Mobile IL	US
S3-001576	Ravenwood, Systems && Sons Inc	159 Silverline St Kestrel Park Near Exit 14 Mobile IL 77798	USA
S3-007529	Juniper Juniper Txetiles and Sons Pvt Ltd	242 Northgate Marg, Quarry Nagar, Kochi, 454498	IN
S3-002896	Ravenwood Sunstone Services Inc	17 Bluepeak Dr Silverline Park Tacoma 80793	United States
S3-005174	Irnowood Systems LLC	162 Lantern Blvd, Near Exit 14, Austin, WA, 72930	US
S3-006559	Kestrel Solutions P Ltd	262 Kestrel Rd, Behind Ganesh Temple, Kestrel Nagar, Pune, Gujarat	India
S3-008855	Nrthgate Textiles Corp	302 BrightpathS t Northgate Nagar Mobile Maharashtra 765458	IN
S3-006522	Ravenwood Summit LogisticsP rivate Limited	341 Thistle Marg, Ravenwood Nagar, Indore, 507121	India
S3-005313	Harbor Foods LLC	151 Vertex Blvd Mobile CA Summit Park	USA
S3-007028	Quarrry Enterprises	41 Onyx Rd, Ironwood Nagar, Opp. Bus Depot, Nagpur, Rajasthan	India
S3-004342	Soltuions Co	220 Lantern Ave, Mapplecrest Park, Lubbock	USA
S3-007599	Onyx Industries Private Limited	14 Kestrel Mn, Ironwood Nagar, Nagpur, 830383	IN
S3-001937	Northgate Private Limited	31 Lantern Cross Ravenwood Nagar Jaipur Rajasthan 109535	IN
S3-006388	Summit Trading Corp	261 Harbor Drive, Summit Park, Tacoma, OH	United States
S3-007783	Silverline, ySstems & Sons Company	324 Brightpath Blvd, Opp. City Library, Silverline Park, Peoria, CA, 64965	US
S3-003939	Redwood & Sons Ltd	282 Cobalt Mn, Falcon Nagar, Nagpur, 836500	IN
S3-007366	Ironwood Packaging Private Limited	21/39 Apex Dr, Redwood Park, Akron, CA, 60387	IN
S3-000905	Ironwood Consultanyc Private Limiited	160 Lantern Crs, Bluepeak Nagar, Kochi, Kerala	India
S3-006386	Sunstone Industries Co	90 Maplecrest Ave Tacoma OH 72273	United States
S3-002421	Cobalt Trading Inc	19 Onyx Ave, Sunstone Park, Tacoma, CA, 15466	USA
S3-008728	Goldleaf Electricals Private Limited	12 Ravenwood  Mn, Ironwood Nagar, Nagpur	India
S3-003322	Brighptath Electricals Private Limited	103 Northgate Main, Juniper Nagar, Indore, MP	India
S3-003913	Cobalt Electricals P Ltd	49 Brightpath Marg, Maplecrest Nagar, Coimbatore, Gujarat	IN
S3-005368	Ironwoood Fabrics Co	231 Onyx St, Lantern Park, Lubbock	USA
S3-005130	Industries Apex Corporation	37 Cobalt Street Brightpath Park Fresno 92511	United States
S3-008351	Thistle Enterprise LLC	102 Apex Dr, Cobalt Park, Mobile, 59241	US
S3-003661	Harbor Enterprises	51 Kestrel Blvd, Lubbock, AL, 39609	US
S3-009229	Cobalt Pvt Ltd	145 Quarry Cross Clearwater Nagar Indore Gujarat 687187	India
S3-004837	Northgate, Foods	276 Quarry Ave, Meridian Park, Lubbock, TX, 47851	US
S3-004706	Ravenwoo Summit Foods Ltd	83 Orchid Rd, Thistle Nagar, Kochi, 153277	India
S3-003520	Clearwater Solutions PrivateLimited	394 Goldleaf Road, Orchid Nagar, Opp. Bus Depot, Indore	India
S3-009205	Sunstone Fabrics Limited Liability Company	119 Stonebridge Cross, Clearwater Nagar, Fresno, Rajasthan, 735771	India
S3-007162	Sunstone Northgate Limited Liability Company	183 Ironwood Crs Surat Rajasthan	USA
S3-003342	Orchid ServicesC orp	80 Cobalt Road Stonebridge Park Tacoma CA	US
S3-008249	Ravenwood, Trading and SSons LLC	306 Juniper Rd, Harbor Park, Peoria, CA, 54065	United States
S3-003375	Onyx Vertex Txetiles	106 Lantern Street Pune Tamil Nadu 626280	India
S3-004825	Clearwater otMors Pvt Ltd	128 Onyx St, Onyx Nagar, Near Metro Pillar 42, Pune, 932969	IN
S3-003572	Silverline Mridian LLC	160 Ravenwood Ave, Meridian Park, Akron, 91415	US
S3-006642	Quarry Thistle & Sons Corrporaton	91 Sunstone Avenue, Apex Park, Mobile, TX, 34092	United States
S3-006311	Maplecerst Services	Ravnewood St Tacoma	US
S3-004259	Summit Packaging Incorporated	72 Northgate Ave, Summit Park, Fresno, TX, 15135	United States
S3-002809	Kestrel Logistics Incorporated	80 Maplecrest Blvd, Lantern Park, Lubbock, OH	USA
S3-004435	Orchi Servicse	212 Brightpath Street, Opp. City Library, Tacoma, TX, 72623	US
S3-009005	Thistle Fabrics P Ltd	Near Metro Pillar 42 Brightpath Mn Orchid Nagar Nagpur MP	India
S3-001488	Vertex Slutions	246 Ravenwood Boulevard, Kestrel Park, Mobile, IL	US
S3-002539	Redwood Redwood Enterprises	159 Orchid Rd Orchid Nagar Jaipur Kerala 532132	IN
S3-003064	Northgate Golddleaf hCemicals Corp	388 Goldleaf Drive, Harbor Park, Peoria	USA
S3-003998	Silverline, Fabrics and Sons Limited Liability Company	24 Silverline Boulevard, Orchid Park, Peoria, AL, 27563	US
S3-003980	Maplecrest P Ltd	139 Northgate St, Pune, MP, 269851	India
S3-007058	Suunstone, Kestrel Chemicals	Behind Ganesh Temple, 207 Ironwood Street, Tacoma, Tamil Nadu	IN
S3-003153	Electricals JuniperQuarry and Sons Company	27 Thistle Drive, Austin, 33105	US
S3-002789	Thistle Consultancy Pvt Ltd	185 Kestrel Rd, Lantern Nagar, Nagpur	India
S3-007556	Goldleaf, Goldleaf Chemicals	305 Ravenwood Av, Peoria	US
S3-003735	Vertex Servicces & Sons	142 Bluepeak Rd, Sunstone Park, Akron, AL	USA
S3-003274	Maplecrest Solutions Pvt Ltd	Northgate Marg, Summit Nagar, Nagpur, 820592	IN
S3-007273	Kesstrel, Ltd	33/74 Ravenwood Road, Jaipur, Rajsathan	India
S3-005400	Stonebride Foods	179 Sunstone Ave, Northgate Park, Akron, IL, 40836	United States
S3-009089	Consultancy Vertex	297 Northgate Rd, Meridian Park, Peoria, OH, 71864	United States
S3-002911	Redwood Textiles Limited Liability Company	282 Quarry Ave, Behind the Civic Center, Falcon Park, Peoria, 10516	United States
S3-000387	Thitsle Packaging LLC	357 Kestrel St,, Mobile, 99675	US
S3-005959	Goldleaf Textiles Thistle	257 Brightpath Rd, Stonebridge Park, Tacoma, OH, 77759	United States
S3-008104	Orchid Industrie sLimited Liability Company	208 Ravenwood Road, Peoria, Maharashtra, 316581	India
S3-006012	Thistle Packaging Ltd	35 Lantern Crs, Brightpath Nagar, Pune, 296242	IN
S3-007004	Cobalt Packaging & Sons P Lttd	218 Stonebridge St, Kestrel Nagar, Indore, Maharashtra, 592772	India
S3-000597	Brightpath Apex Fabrics and Sons PvtL td	229 Goldleaf Marg, Quarry Nagar, Jaipur, MP, 257810	India
S3-002631	Quarry Consultancy Corp	Brightpath Street, Onyx Park, Tacoma	United States
S3-006152	Ravenwood Redwood Logitics	258 Maplecrest Road,Northgate Nagar, Kochi	India
S3-008968	Sunston eIndustries	249 Thistle Blvd, Ironwood Park, Fresno, 36932	US
S3-000588	Thistle Consultancy	Near SBI ATM, 319 Falcon Marg, Coimbatore	India
S3-002776	Ironwood Enterprises Corp	Akron, 59326, 368 Maplecrest Avenue	US
S3-004807	Quarry Juniper Electricals Limited	24/72 Summit Marg, Maplecrest Nagar, 734511, Coimbatore	India
S3-004009	Bluepeak Enterpriises Inc	65 Orchid Avenue, Quarry Park, Fresno	US
S3-009179	Bluepeak Solutions Private  Limited	302 Maplecrest Crs, Clearwater Nagar, Kochi, 597452	IN
S3-006789	Goldleaf Services Co	Opp. City Library, 398 Redwood Dr, Maplecrest Park, Lubbock, AL, 33701	USA
S3-001129	FalconLogistics	323 Harbor St Austin IL 26444	USA
S3-002557	Lantern Juniper Electricals Privvate Limited	300 Ravenwoodd Street, Orchid Nagar, Jaipur, Maharashtra	IN
S3-004002	Ravenwood P Ltd	99 Redwood Main Falcon Nagar Indore 631054	India
S3-002328	Ravenwodo Pvt Ltd	233 Orchid Cross, Pune	India
S3-003100	Redwood Summit Texitles Limited	32/39 Juniper Cross Ravenwood Nagar Near Merto Pillar 42 Kochi 839780	IN
S3-007174	Ironwood Summit oSluitons	265 Silverline Rd, Maplecrest Park, Indore	USA
S3-004417	Apex Motors Limited	Opp. Bus Depot, 235 Quarr yMn, Coimbatore, Gujarat, 336965	IN
S3-006195	Enterprises Sunstone Limitde Liabillity Company	136 Sunstone Boulevard, Sunstone Park, Peoria, CA, 98546	USA
S3-009073	Bluepeak Packaging Ltd	270 Vertex Ave, Maplecrest Park, Akron, 85312	IN
S3-005825	Kestrel Motors & Sons	159 Quarry Cross, Surat, Rajasthan	IN
S3-001373	Harbor Systems Ltd	53 Falcon Marg, Quarry Nagar, Kochi, 332965	India
S3-001419	Quarry Co	Apex St, Juniper Park, Near Exit 14, Mobile, 61941	USA
S3-007420	Falcon Soltuions Pvt Ltd	Kestrel Road Indore Tamil Nadu 9755243	India
S3-007385	Kestrel Solutions Private Limited	85 Brightpath Man, Silverline Nagar, Jaipur, MP	IN
S3-005843	Silverline Textiles Limited	35/38 Silverline Road, Clearwater Nagar, Jaaipur, 489751	India
S3-002273	Kestrel Consultancy Co	287 Brightpath Rd Behind the Civic Center Maplecrest Park Austin CA 80924	US
S3-009151	Stonebridge Cobalt Motors and Sons P Ltd	283 Harbor Rd Goldleaf Nagar Coimbatore 820964	India
S3-005131	Haror Co	Orchid Ave, Falcon Park, Mobile	United States
S3-001995	Fabricss Juniper Limited Liability Company	379 Thistle St, Austin, CA, 23584	USA
S3-004830	Cobalt Trading and Sons Limited Liability Company	272 Falcon Ave, Fresno, TX, 88950	USA
S3-001491	Lanttern Foods Incorporated	147 Redwood Boulevard, Cobalt Park, Mobile, IL, 81805	USA
S3-001998	Northgate Orchid Chemicals Corp	229 Meridian Blvd, Juniper Park, 22575, Akron	United States
S3-004662	Ironwood Textiles Private Limited	393 Quarry Marg, Ravenwood Nagar, Jaipur, Gujarat, 888941	IN
S3-008976	Goldleaf Juniper Inc	192 Quarry St Juniper Nagar Kochi 250965	United States
S3-003621	Thistle Motors Ltd	120 Meridian Marg, Harbor Nagar, Near Metro Pillar 42, Jaipur, MP, 410543	India
S3-002559	Lntern Textiles Private Limited	363 Meridian Marg, Pune, Rajasthan, 380387	India
S3-001497	Ravenwood Enterprises	Apex Blvd, Ravenwood Park, 80811, Peoria	US
S3-002909	Sunstoone Redwood Enterprises	373 Harbor Marg, Vertex Nagar, Pune, Kerala, 156435	India
S3-005151	Thistle Onyx Textiles LLC	361 Goldleaf Boulevard, Irnowood Park, Fresno, AL	USA
S3-008876	SummiFoods Pvt Ltd	Redwood Marg, Harbor Nagar, Jaipur	IN
S3-009062	Ironwood Trading	Orchid Marg, Near Metro Pillar 42, Cobalt Nagar, Indore, Kerala, 982937	India
S3-001088	Sunstone Ltd	Vertex Crs, Falcon Nagar, Kochi, 889009	India
S3-006428	Cobal tMotors	Near Metro Pillar 42, 7/89 Goldleaf Maarg, Vertex Nagar, Jaipur, Kerala, 579279	IN
S3-008303	Consultancy Stonebridge Ltd	Opp. Bus Depot, 47 Sunstone Road, Cobalt Nagar, Jaipur, Tamil Nadu, 483574	IN
S3-005434	Vertex Goldleaf Solutinos Ltd	192 Onyx Road, Apex Nagar, Coimbatore, 945107	India
S3-002949	Falcon Services & Sons Pvt Ltd	Quarry St Coimbatore 264827	India
S3-001494	Trading Cobalt Ironwoo dPrivate Limited	Meridian Nagar, Indore, MP, 290 Vertex Cross	IN
S3-002598	Quarry Systems & Sons Company	339 uarry Ave, Northgate Park, Fresno, OH, 15430	USA
S3-001115	Apexx Pvt Ltd	Maplecrest Marg, Harbor Nagar, Opp. Bus Depot, Jaipur, Rajasthan, 445232	IN
S3-002246	Verttex Tradng	20/2 Summit St, Lantern Nagar, Surt, MP, 497298	India
S3-005250	Maplecrest Ravenwood Logitsics Private Limited	32/29 Kestrel Marg, Behind Ganesh Temple, Indore, 557834	IN
S3-002861	Ravenwood Kestrel Fabrics & Sons Incorporated	19 Juniper St, Lantern Park, Behind the Civic Center, Fresno, 69923	United States
S3-006227	Stonebridge td	111 Harbor Main Kochi MP 201206	IN
S3-004822	Orchid Electricals and Sons Limited Liablity Company	106 Goldleaf Drive Stonebridge Park Tacoma AL 57509	United States
S3-002941	OrchidSolutions  P Ltd	95 Kestrel Marg, Brightpath Nagar, Indore, Maharashtra	India
S3-000691	Briightpath Fabrics Pvt Ltd	95 Cobalt Street Coimbatore 339158	IN
S3-006406	Kesrtel Consutlancy Ltd	21/35 Juniper Cross, Maplecrest Nagar, Opp. Bus Depot, Pune, Rajasthan, 132976	IN
S3-005079	Kestrel Cmopany	318 Onyx Road, Quarry Park, Mobile, 36412	United States
S3-005438	Kestrel Textiles Incorporated	10/33 Harbor Boulevard, Stonebridge Park, Peoria	US
S3-003801	Summt Industries	177 Falcon Rd Meridian Nagar Kochi 616027	India
S3-004868	Harbor Foods Private Limited	313 Brightpath Main Opp. Bus Depot Nagpur 583326	IN
S3-008198	Sunstone Industries an Sons LLC	25/46 Summit Marg, Silverline Nagar, Fresno, 205005	India
S3-002881	Brightpath Brightpath Enterrises Private Limited	343 Northgate Street Meridian Nagar Pune 433484	IN
S3-000529	Lantern Limite Liability Company	250 Clearwater Avenue, Bluepeak Park, Akron, OH	United States
S3-007062	Harbor Trading	Silverline Boulevard, Brightpath Park, Mobile, WA	United States
S3-002147	Apex Northgate Foods	322 Falcon St, Falcon Park, Akron, TX, 20223	US
S3-005055	Stonebridge, Industries Incorporated	Summit Ave Behind the Civic Center Akron AL	US
S3-000699	Silverline ackaging Limited	Sunstone Marg, Kestrel Nagar, Kochi, MP	IN
S3-007052	Quarry Consultancy & Sons Private Limiited	Jaipur 343887 283 Harbor Crs	IN
S3-006828	Falcon Northgte	Behind the Civic Center, 294 Onyx Street, Onyx Park, Peoria, OH, 28318	US
S3-000802	Ravenwood Textiles Pvt Ltd	181 Bluepeak Crs, Bluepeak Nagar, Nagpur, 893801	IN
S3-002097	Sunstone, Trading Limited	Silverline Cross, Meridian Nagar, Coimbatore	India
S3-000300	Vertex Motorrs & Sons Limited Liability Company	53 Lantern Road, Thistle Park, Akron, OH, 40157	US
S3-000525	Ironwoo dSummit Solutions	245 Lantern Road, Clearwater Nagar, Opp. Bus Depot, Indore, Maharashtra	IN
S3-003425	Kestrel and  Sons Ltd	Silverline Main Meridian Nagar, Surat, Rajasthan	IN
S3-003802	Sunstone Consultancy  PLtd	Near SBI ATM, 245 Goldleaf Crs, Stonebridge Nagar, Jaipur, Gujarat, 589611	India
S3-001187	Orchid Consultaancy Pvt Ltd	200 Quarry Street Kochi Tamil Nadu	IN
S3-002913	Summit, Pv Ltd	Vertex Rd, Kochi, Tamil Nadu, 222182	IN
S3-002036	Harbor, ServicesL LC	212 Cobalt Boulevard Opp. City Library Kestrel Park Lubbock TX 20933	US
S3-006342	Sunstone Packaging Pvt Ltd	72 Lantern Main, Behind Ganesh Temple, Apex Nagar, Pune, 867072, MP	IN
S3-007905	Stonnebridge Ltd	297 Clearwater Cross Jaipur 475382	IN
S3-006107	Ksetrel Silverline Packaging LLC	Behind the Civic Center, 288 Bluepeak Street, Apex Park, Tacoma	USA
S3-003887	Apex	260 Apex St aplecrest Park Akron TX 40330	United States
S3-000483	Onyx Thistle Electricals and Sons Corporation	Behind the Civic Center 11/47 Clearwater Road Fresno CA 79662	USA
S3-007429	Goldleaf Services & Sons Co	23 Redwood Blvd Austin WA 62097 Ravenwood Park	USA
S3-007303	Sunstone Services	179 Quarry Boulevard Bluepeak Park Fresno	United States
S3-003349	Clearwater Lantern LogistcisInc	71 Falcon Blvd Peoria OH 37559	USA
S3-007453	Systtems	153 Kestrel Ave Onyx Park Akron AL 37898	United States
S3-003900	Services Redwood Falcon Limited Liability Compaany	77 Clearwater Drive, Lubbock, CA	US
S3-007220	Stonebridge Pvt tLd	321 Summit St Juniper Nagar Pune 813013	IN
S3-002940	Textiles Kestrel Silverline & Sons Company	292 Cobalt Drive, Clearwater Park, Peoria, OH, 88092	US
S3-004853	Nortthgate Textiles oCrp	156 Brightpath Road, Orchid Park, Akron	United States
S3-005649	Orchid Orchid Solutions Ltd	65 Stonebridge Road Coimbatore Maharashtra 385100	IN
S3-003600	Quaryr Trading and Sons Inc	242 Onyx Rd, Kestrel Park, Mobile, 65086	US
S3-001152	Juniper Trading	319 Goldleaf Boulevard, Austin, 51244, WA	USA
S3-007102	Clearwater Eelctricals Corp	122 Maplecrest Street, Opp. Bus Depot, Kestrel Nagar, Akron, Maharashtra, 613887	India
S3-002638	Stonebridge and Sons Private Limited	294 Ironwood Marg, Harbor Nagar, Pune, Tamil Nadu	India
S3-004206	Summit  Vertex Electricals	Opp. City Library 149 Bluepeak Drive Orchid Park Lubbock WA	US
S3-003254	Falcon Silverline P Lttd	175 Cobalt Mn, Stonebridge Nagar, Kochi, Gujarat, 646676	India
S3-003552	Brightppath Packaging Corporation	379 Onyx Rd Lantern Park Akron AL 16770	United States
S3-005534	Summit, Indusstries Corporation	218 Apex St, Northgate Park, Tacoma, TX, 95184	United States
S3-001029	Summit Indusstries & Sons	27/11 Thistle Blvd Ironwood Park Fresno 81691	US
S3-004282	Flcon Inc	13 Onyx Blvd, Behind the Civic Center, Juniper Park, Peoria, 65644	US
S3-004239	Clearwater Solutions Private Limited	Lantern Road, IronwoodN agar, Kochi, 859772	India
S3-004824	Juniper Onyx Chemicals & Sons Private Limtied	Near SBI ATM, 37 Ironwood Cross, Harbor Nagar, Jaipur, 155125	India
S3-000728	Bluepaek Juniper ystems and Sons Inc	Behind the Civic Center, 5 Quarry Boulevard, Lubbock, 23336	USA
S3-007226	Lantern Harbor Electricals Limited	36/7 Meridian Rd, Stonebridge Nagar,S urat	IN
S3-007146	Apex Ironwood P Ld	234 Maplecrest Street, Onyx Nagar, Opp. Bus Depot, Indore, 538944	India
S3-000431	Ironwood Chemicals LLC	186  Harbor Drive, Lantern Park, Akron, IL, 22597	US
S3-001538	Junipe rLogistics and Sons Limited Liability Company	156 Redwood Rd, Northgate Park, Mobile, 30769	USA
S3-005885	Meridian Co	230 Onyx Boulevard, Brightpath Park, Behind the Civic Center, Lubbock	USA
S3-007507	Sunstone, Consultancy and Sons Pvt Ltd	263 Redwood Road, Maplecrest Park, Pune, 13891	US
S3-006591	Clearwater Services	Behind the Civic Center, 21/53 Stonebridge Road, Peoria, CA, 36925	United States
S3-003021	Brightpath Systems  Pvt Ltd	26 Redwood Marg, Quarry Nagar, Nagpur, Kerala, 506482, Behind Ganesh Temple	IN
S3-002025	Ioornwood Textiles	208 Sillverline Boulevard, Cobalt Park, Austin	United States
S3-005398	Stonebridge Foods	42 Maplecrest Ave, Meridian Park, Akron, 38984	USA
S3-003121	Quarry Consultancy Limited	272 Meridian Main, Lantern Nagar, Pune, Kerala, 397512	IN
S3-007198	Cobalt, Lgoistics Pvt Ltd	27/60 Lantern Mn, Ironwood Nagar, Rajasthan, 113821, Indore	India
S3-001820	Juniper Thistle Foods Ltd	Near Mettro Pillar 42 327 Juniper Crs Surat Rajasthan 136408	India
S3-003825	Northgate Motors Private Limited	Behind Ganesh Temple 167 Juniper Street Clearwater Nagar Surat Tamil Nadu 568083	IN
S3-009072	Slutions, Ravenwood Limited	116  Lantern St, Sunstone Nagar, Surat, 954230	India
S3-002282	Lantern, Orchid Co	41 Summit Drive, Vertex Park, Mobile, IL, 26915	USA
S3-007898	Onyx Solutions Inc	117 Onyx St ,Near Exit 14, Meridian Park, Austin, IL, 98348	United States
S3-009139	Redwood P Ltd	157 Goldleaf Main, Ravenwood Nagar, Nagpur	IN
S3-003854	Cllearwater eSrvices P Ltd	148 Ravenwood Mn, Brightpath Nagar, Pune	IN
S3-007469	Industries,  Summit and Sons P Ltd	Behhind the Civic Center, Cobalt Dr, Lubbock, CA	India
S3-005864	Sunstone Loogistics & Sons Company	202 Goldleaf Road, Clearwater Park, Lubbock, 83272	United States
S3-001641	Cobalt Electricals	273 Harbor Mn, Jaipur, Tamil Naud	IN
S3-004756	Falcon Packagnig Co	105 Brightpath Ave, Clearwater Park, Behind the Civic Center, Fresno	US
S3-007586	Thistle Packaginng LLC	308 Brightppath Rd, Onyx Park, Peoria, IL, 67807	United States
S3-007205	Onyx, Vertex Industries	5/45 Meridian St, Kochi, Rajasthan	IN
S3-008960	Buepeak Consultancy Pvt Ltd	202 Harbor St, Silverline Park, Lubbock, 79011	India
S3-002319	Apex Textiles Private Lmiited	55 Silverline Road, Falcon Nagar, Indore, MP, 177015	India
S3-006665	Juniper Kestrel Industries Company	35 Ironwood Dr IL 52222 Fresno	USA
S3-006344	Ironwoo dSolutions Limited Liability Compay	277 Apex Blvd, Northgate Park, Fresno, 74443	United States
S3-006051	Kestrel Maplecrest P Ltd	33 Maplecrest Marg, Vertex Nagar, Indore, 643669	IN
S3-005336	Bluepeak, Packaging & Sos	46 Maplecrest Street, Thistle Nagar, Jaipur, Tamil Nadu, 173927	India
S3-006890	Thistle, Consultancy	Opp. City Library, 272 Falcon Ave, Falcon Park, Fresno, 88950	United States
S3-000537	Vertex Packaging Private Limited	184 Brightpath Road, Meridian Nagar, Nagpr, Tamil Nadu	India
S3-004604	Ravenwood Quarry Services Limited	319 Juniper Marg, Orchid Nagar, Surat, 460979	IN
S3-007958	Summit Chemicals vt Ltd	113 Brightath Street, Brightpath Nagar, Jaipur, 456277	India
S3-000294	Ravenwood Consultancy P Ltd	281 Apex Marg, Kestrel Nagar, Pune, Rajasthan	IN
S3-009058	Silverline Northgate Chemicals Limited	368 Thistle Rd, Cobalt Nagar, Pune, Rajasthan, 889149	India
S3-001068	Brightpath Packaging P Ltd	243 Brightpath Rd, Nagpur, Gujarat, 413154	India
S3-007621	Cobalt, Fbaircs Inc	379 Maplecrest Main, Near Metro Pillar 42, Harbo Nagar, Akron, 501893	India
S3-001356	Redwood Lantern Trading Private Limmited	174 Northgate St Northgate Nagar Jaipur Rajasthan 907999	India
S3-006252	HarborSoltions Incorporated	Northgate Ave, Redwood Park, Akron, OH, 17567	United States
S3-005755	Lantern and Sons Company	233 Brightpath St, Tacoma	USA
S3-008242	Ravenwood Motors Pvt LLtd	72 Brightpath Road, Cobalt Nagar, Near SBI ATM, Kochi, Gujarat	IN
S3-001042	Bluepeak Industriesa nd Sons Pvt Ltd	31/60 Harbor Street, Ravenwood Nagar, Coimbatore, Tamil Nadu	IN
S3-000458	Falcon Corp	Opp. City Library, Lantern Park, Lubbock, OH, 363 Summit Road	US
S3-008367	Harbo Chemicals	Behind Ganesh Temple, 22/9 Cobalt Road, Vertex Nagar, Autin, Maharashtra	IN
S3-000835	Meridian Thistle Solutions	337 Vertex Dr, Lantern Park, Mobile, OH	US
S3-001681	Fabrics Maplecrest and Sons Ltd	319 Stonebridge Road Brightpath Nagar Pune Kerala 596643	IN
S3-004015	Clearwater, Thistle Motors Private Limited	329 Lantern Crs Kochi MP 165246	India
S3-001120	Bluepeak Solutions P Ltd	356 Thistle Main, Thistle Nagar, Kochi,Tamil Nadu, 725392	India
S3-007979	Falcon	373 Orchid St, Juniper Park, Tacoma, IL	USA
S3-002162	Apex Consultncy Private Limited	323 Juniper Mn, Ironwood Nagar, Jaipur, Kerala, 470356	IN
S3-006206	Redwood Textiles Corporation	30/49 Onyx Drive, Austin, AL, 29519	United States
S3-001319	Apex, Foods LLC	150 Goldleaf Blvd, Austin,, TX, 28899	US
S3-008607	Kestrel Tetxiles Co	23 Apex Cross Fresno Gujarat 857135	India
S3-000277	Bleupeak Trading & Soons	14/85 Kestrel Drive Clearwater Park Akron 37507	USA
S3-005018	Juniper Private Limiited	212 Clearwater Street, Meridian Nagar, Surat, Rajasthan, 428790	India
S3-001958	Kestrl, Trading	151 Sunstone Avenue Redwood Park Mobile AL	US
S3-000526	Ironwood Summit P Ldt	384 Ironwood Main, Bluepeak Nagar, Indore, Tamil Nadu, 109496	IN
S3-006656	Vertex Electricals and Sons Incorrporated	Vertex Dr, Stonebridge Park, Austin, AL	United States
S3-009148	Onyx Elcricals Corporation	229 Onyx Main, Tacoma, Kerala	India
S3-002071	Meridian Trading	283 Redwood Ave, Ravenwood Park, Austin, WA, 89248	United States
S3-006245	Lantern Co	33/10 Quarry Boulevard Harbor Park Fresno 97002	USA
S3-000393	Quarry Motors and Sons PrivateL imited	Redwood Rd Stonebridge Nagar Opp. Bus Depot Surat Tamil Nadu 564097	India
S3-007855	Northgate Co	Behind Ganesh Temple, 85 Summit Mn, Stonebridge Nagar, Kochi, Maharashtra	USA
S3-002735	Juniper Logistcis and Sos	193 Kestrel Street, Lantern Nagar, Nagpur	India
S3-005950	Bluepeak Maplecrest Foods Company	37/37 Falcon Ave Juniper Park Lubbock 45353	USA
S3-003227	Quarry, Textlie Limited Liability Company	373 Ravenwood Ave, Summit Park, Peoria, 14326	US
S3-001650	Brightpath Systems and Sons Corporatioon	248 Lantern Ave, Brightpath Park, Peoria, 76482	United States
S3-007642	Maplecrest Mootrs Pvt Ltd	26/20 Kestrel Cross, Surat	India
S3-006932	Redwood Industries Private Limited	387 Apex Cross, OOnyx Nagar, Jaipur, Kerala	IN
S3-002163	Apex Consultancy and Sons Pvt Ltd	395 Onyx Marg, Near SBI ATM, Northgate Nagar, Indore, 840453	India
S3-005821	Irronwood, Stonebridge Packaging P Lttd	352 Sunnstone Mn, Meridian Nagar, Surat, Rajasthan, 279035	India
S3-001462	Harbor Brightpath Electricals Company	352 Redwood Street, Lubbock, TX, 29121	USA
S3-006115	Meridian Industries Inc	55 Falcon Ave, Thistle Park, Akron, OH	USA
S3-003970	Silverline, Services P Ltd	366 Ravenwood Main Nagpur Maharashtra 459096	India
S3-002713	OnyxLogisticcs	220 Orchid St, Kestrel Park, Mobile, CA	US
S3-007078	Vertex SSolutions Corp	218 Onyx Dr, Austin, AL	USA
S3-002895	Ochid Foods P Ltd	207 Kestrel Mn, Cobalt Nagar, Jaipur, Gujarat	India
S3-007508	Meridian Limmited	97 Ravenwood Cross, Orchid Nagar, Pune, Maharashtra, 897730	IN
S3-003993	Ravenwood Harbor Systems PrivateL imited	117 Harbor Street, Ironwood Nagar, Pune, 864163	IN
S3-002794	Quarry Electricals Co	224 Lantern Dr, Maplecrest Park, Mobile, 72813	United States
S3-006829	Northgate Falcon Logistics & Sons	294 Onyx Street, Peoria, 28318	US
S3-001061	NorthgateRavenwood & Sons Ltd	193 Stonebridge Crs, Lantern Nagar, Coimbatore, Maharashtra	India
S3-001864	Services arbor Limited	Quarry Crs, Pune	India
S3-006415	Apex Fabrrics Liited	232 Summit Marg, Onyx Nagar, Pune, Tamil Nadu, 355218	IN
S3-002456	Kestrel Motors and Sons	195 Goldleaf Ave, Fresno, AL	US
S3-007562	Thistle Maplecrest Fabrics Private iLmited	168 Stonebridge Mn, Sunstone Nagar, Indore, Kerala, 649633	IN
S3-000654	Clearwater Soolutions Company	44 Maplecrest Dr Lubbock AL 43954	United States
S3-002080	Sunsone	324 Vertex Rd, Cobalt Nagar, Coimbatore, 655339	IN
S3-008419	Northgate P Ltd	247 Harbor Dr, Stonebridge Park, Jaipur, WA, 73818	USA
S3-001974	Reddwood Logistics Company	126 Thistle Blvd Akron WA	United States
S3-008697	Thistle Elecctricals P Ltd	181 Goldleaf St, Bluepeak Nagar, Nagpur, Tamil Nadu, 852210	IN
S3-002750	Silverline Electricals Ltd	Summit Road Stonebridge Nagar Jaipur 581439	India
S3-000114	Goldleaf Elecctricals Private Limited	Near Metro Pillar 42 64 Onyx Rd Coimbatore 608049	India
S3-005514	Ironwood Enterprises Private Limited	11/48 Apex Mn, Vertex Nagar, Coimbatore, Kerala, 454928	IN
S3-007636	Ironwood, Systems Corp	318 Orchid Stret, Onyx Park, Mobile, 22335	USA
S3-008371	Clearwater Consultancy Privaate Limited	Onyx Road, Redwood Nagar, Jaipur	IN
S3-000968	Brightpath Electricals Limited	88 Harbor Mn, Thistle Nagar, Jaipur, Maharashtra, 917039	India
S3-002924	Bluepeak Logistics Corporation	206 Northgate Dr, Lubbock, IL, 34608	US
S3-008568	Qurary Foods Pvt Ltd	285 Silverline Boulevard, Austin, CA, 84163	India
S3-003768	Kestrle,  Foods Co	337 KestrelR d, Northgate Park, Tacoma	USA
S3-002254	Brightpath edwood	182 Kestrel Boulevard, Juniper Park, Lubbock, OH	USA
S3-008649	Cobalt Harbor ndustries	Vertex Street Mobile AL 27679	United States
S3-002689	Quaryr Packaging Pvt Ltd	193 estrel Cross, Jaipur, Kerala, 297354	IN
S3-006048	Vertex, oCnsultancy & Sons Pvt Ltd	34 Goldleaf Cross, Summit Nagar, Indore, Rajasthan, 901400	India
S3-005737	Falcon Trading	Near SBI ATM, 69 Clearwater Street, Jaipur, Maharashtra	IN
S3-008734	Vertex Kestrel Textiles Co	165 Quarry Marg Jaipur MP 744413	USA
S3-007200	Thistl eInc	48 Stonebridge Ave, Harbor Park, Mobile, 14199	United States
S3-004628	Thistle Services  Lantern	231 Summit Street, Goldleaf Park, Aron, 25513	United States
S3-008551	Quarry Trading	176 Kestrel Blvd, Falcon Park, Mobile, WA, 30016	United States
S3-005899	Maplecrest Kestreel Solutions	6 Thistle Road Falcon Park Austin WA 68745	United States
S3-008904	Stonebridge Limied	325 Meridian Rd, Northgate Nagar, Surat	India
S3-007300	Northgat eLLC	370 Northgate Ave, Clearwater Park, Fresno, 56719	United States
S3-001964	Kestrel Meridian Incorporated	20/17 Ironwood Blvd, Maplecrest Park, Near Exit 14, Peoria, IL	United States
S3-008764	Ravenwod Enterprises Ravenwood Cmpany	49 Harbor Dr, Opp. City Library, Akron, IL, 24980	US
S3-005247	Stonebridge Kestrel Electricals and Sons Private Limited	162 Orchid Main, Ravenwood Nagar, Coimbatore, 519385	India
S3-000517	Apex Apex Solutions P Ltd	Vertex Road, Cobalt Nagar, Pune	India
S3-000476	KestrelS ervices and Sons	Orchid Crs Near Metro Pillar 42 Stonebridge Nagar Jaipur 783045	India
S3-002149	Services, Meridian P Ltd	255 Falcon Street, Summit Nagar, Nagpur, Rajasthan, 180823, Near SBI ATM	IN
S3-000463	Chemicals, Vertex Northagte Ltd	170 Brightpath St, Indore, Gujarat, 901314	IN
S3-002449	Thiistle	Quarry Cross, Sunstone Nagar, Kochi, Kerala, 331227	India
S3-009037	Summit Ravenwood Packaging Private Limited	197 Cobalt Marg, Pune, 936350, Clearwater Nagar	India
S3-007002	Apex Kestrel Motors Ltd	214 Juniper Road, Behind Ganesh Temple, Surat, MP, 827637	IN
S3-004047	Onyx Logitics Pvt Ltd	119 Northgate Crs Brightpath Nagar Opp. Bus Depot Jaipur Kerala 794631	IN
S3-006841	Clearwater, Quarry Incorporated	396 Summit Boulevard, Akron, OH, 28034	USA
S3-005533	Goldleaf  Consultancy Corp	Silverline Avenue, Peoria, WA, Northgate Park	United States
S3-002268	Brightpath Logistics Inc	5 Sunstone Rd, Mobile, WA, 67959	USA
S3-006926	Ravenowod Industries Inc	340 Lantern Boulevard, Opp. City Library, Akron, 87552	US
S3-007718	Lantern  Packaging Company	333 Lantern Road, Mobile, IL, 16776	US
S3-005264	Sunstone Consultancy	31 Goldleaf Drive, Cobalt Park, Mobile, IL, 64884	US
S3-004297	Summit Juniper Electrials & Sons Pvt Ltd	349 Vertex Main, Goldleaf Nagar, Coimbatore, Gujarat, 643672	India
S3-003454	Harbo rThistle Solutions Incorporated	Brightpath Road, Clearwater Park, Akron, OH	US
S3-005222	Meridian Consultancy & Sons	381 Cobalt St, Stonebridge Park, Peoria, WA	United States
S3-002359	Summit Meridian Packaging Private Limited	133 Ironwood Marg, Pune, MP, Quarry Nagar	India
S3-001717	Goldleaf, Falcon Electricals Incorporated	Summit Dr, Meridian Park, Akron, 47727	US
S3-007935	Onyx	224 Ravenwood Mn, Silverline Nagar, Indore, Tamil Nadu	India
S3-008401	Sunstone Trading & Sons Incorproated	203 Northgate Street, Apex Nagar, Kochi, Tamil Nadu	US
S3-008447	Ironwood Foods Pvt Ltd	191 Clearwater Marg, Jaipur, Kerala, 199486	India
S3-006242	Fabrics Summit Inc	386 Northgate St, Apex Park, Peoria, 45654	United States
S3-007219	Ravenwood Textiles and Sons Pvt Ltd	18 Redwood Mn, Summit Nagar, Coimbatore ,791693	IN
S3-006714	Summit Foods & Sons	398 Falcon Avenue Orchid Park Peoria OH 27445	United States
S3-001898	Silverline oFods Co	163 Northgate Dr, Harbor Park, Fresno, CA	USA
S3-008979	Cobalt Sstems & Sons P Ltd	34/81 Bluepeak Main, Jaipur, MP, 926808, Near Metro Pillar 42	IN
S3-008480	Orchid Meriidian Textiles Co	311 Juniper Main, Ravenwood Nagar, Tacoma, 914320	India
S3-004613	Maplecrest Redwood	8/68 Sunstone Avenue, Meridian Park, Fresno, IL	USA
S3-006118	Onyx Textilse Crop	23/78 Onyx Boulevard Ironwood Park Mobile IL	United States
S3-005329	Thistle Solutions Limited Liaiblity Company	292 Harbor St, Silverline Park, Austin, OH, 39594	US
S3-003761	Falcon Logistics LLC	381 Northgate Ave, Lubbock	USA
S3-005548	Harbor Chemicalss Incorporated	20/71 Goldleaf Boulevard, Ravenwood Park, Peoria, 75894	USA
S3-000786	Northgate Corporation	186 Cobalt Boulevard Sunstone Park Lubbock CA	US
S3-000337	Falco Logistics and Sons Pvt Ltd	359 Cobalt Marg, Brightpath Nagar, Jaipur, 505274	India
S3-001339	Ironwood Harbor Packagingg Inc	89 Sunstone Avenue, Thistle Park, Fresno, WA, 53684	US
S3-006552	Kestrel Logistics	64 Stonebridge Road, Austin, 90269	USA
S3-006813	Meridian Motors	200 Sunstone Crs, Meridian Nagar, Pune, Tamil Nadu	IN
S3-000754	Industries Corp	306 Clearwater Ave Behind the Civic Center Kestrel Park Lubbock WA	United States
S3-003058	Ironwood TradingLLC	Onyx Boulevardd, Meridian Park, 97281, Tacoma	USA
S3-005497	Goldleaf Enteerprises and Sons Pvt Ltd	121 Clearwater Road, Clearwater Nagar, Nagpur	India
S3-004668	Silverline	30/36 Maplecrest Marg Maplecrest Nagar Indore	IN
S3-007103	Ravenwood Food Co	Thistle Rd, Austin	United States
S3-001075	Orchid Electricals P Ltd	301 Clearwater Crs, Maplecrest Nagar, Coimbatore, MP	IN
S3-000091	Thistle Chemiiicals	245 Sunstone St, Summit Park, Opp. City Library, Mobile ,OH, 64281	USA
S3-004483	Electricals Orchid CCo	26/25 Vertex Ave, Juniper Park, Austin, AL, 89407	United States
S3-005759	Ironwood Solutions Pvt Ld	235 Stonebridge Marg, Jaipur, 904504	IN
S3-005525	Quarry, Solutions Ltd	337 Maplecrest Marg, Stonebridge Nagar, Coimbatore, 720613	India
S3-007079	Goldleaf Enterpprises Ltd	82 Quarry Rd, Indore, Rajasthan	IN
S3-008877	Goldleaf	260 Orchid St, Silverline Nagar, Pune	India
S3-008528	Solutions, Brightpath Private Limited	202 Apex Road, Thistle Nagar, Surat	India
S3-003081	Northgate Industries Inc	120 Bluepeak Rd Ironwood Park Fresno OH 82854	United States
S3-008678	Cobalt Electricals Brightpath	223 Lantern Street, Lantern Nagar, Indore, 251260	India
S3-001101	Meridian and SonsP  Ltd	Goldlea fSt, Meridian Nagar, Gujarat, Kochi	IN
S3-005334	Thistle Textiles Limited	Near Metro Pillar 42, 250 Quarry Marg, Apex Nagar, Nagpur, Kerala	IN
S3-003219	Foods Orchd Private Limited	36/78 Goldleaf Cross, Kestrel Nagar, Nagpur, Gujarat, 932984	India
S3-005717	Kestrel Traidng	97 Maplecrest Crs, Harbor Nagar, Kochi, 329280	IN
S3-007908	Lantern Chemicals and Sons	99 Falcon tSreet, Pune	India
S3-004698	Onyx	40 Orchid Crs Lantern Nagar Coimbatore Rajasthan 643883	IN
S3-007187	Northgate Industries Co	234 Bluepeak Rd, Fresno	USA
S3-003066	Cobal Solutions Private Liimted	161 Redwood Main, Orchid Nagar, Nagpur, 830768	India
S3-007961	Northgate	Summit Nagar, Surat, 190 Orchid Mn	IN
S3-006822	Vertex Chemicals Company	125 Cobalt Drive Akron 88770 Brightpath Park	United States
S3-006200	Ravenwood Chemicals and Sons P Ltd	Lantern Marg, Jaipur, Kerala, 372871	India
S3-005893	Solutions Lanten Co	167 Thistle Street, Falcon Park, Mobile, WA	United States
S3-004345	Onxy, Lantern Chemicals Company	205 Kestrel Avenue, Opp. City Library, Fresno, TX	United States
S3-002245	Junipe rSystemms	157 Brightpath Marg, Orchid Nagar, Nagpur, MP, 357842	IN
S3-005492	Orchid Lantern Solutions Ltd	Lantern Marg, Orchid Nagar, Opp. Bus Depot, Surat, 379621	IN
S3-009110	Bluepeak Meridian Logistics	Summit St, Tacoma, 1761	IN
S3-007828	Thistle, LC	4 Bluepeak Road Pune 921000	United States
S3-002334	Falcon Enterprises Corporation	53 Stonebridge Boulevard, Bluepeak Park, Austin, WA, 39563	United States
S3-002912	Redwood, Textiles LLC	226 Cobalt Road, Lantern Park, Peoria, AL	US
S3-003331	Stonebridgee Textiles Corp	110 Kestrel Rd, Northgate Park, Mobile, OH	US
S3-002105	Sytems Meridian Corporation	126 Kestrel Avenue, Austin, 25210	United States
S3-004411	Meridian Private Limited	Vertex Rd Stonebridge Nagar Jaipur Maharashtra 839562	IN
S3-007048	Brightpath Private Limiited	68 Ravenwood Main Harbor Nagar Kochi 934643	IN
S3-005358	Cobal Apex Motors P Ltd	389 Lantern Street, Near SBI ATM, Onyx Nagar, Kochi, 379308	IN
S3-002986	Thistle Logistcs Private Limited	177 Clearwater Marg, Pune, 154171	India
S3-002655	Summit Packaging & Sons P Ltd	377 Goldleaf Road, Apex Nagar, Pune, Maharasthra, 780154	India
S3-004022	Kestrel Trading	182 Stonebridge Marg, Kochi, 796292	India
S3-009153	Meridian Industries Ltd	315 Redwood Rd, Onyx Nagar, Near Metro Pillar 42, Jaipur, 918989	IN
S3-004296	Siilverline Kstrel Incorporated	273 Harbor Rd, Meridian Park, Fresno	US
S3-006517	Stonebridge Consutancy Corp	Bluepeak Bouleevard, Kestrel Park, Austin, 69413	US
S3-006706	Cobalt Corporation	19/7 Kesterl Ave, Fresno, CA	United States
S3-004680	Ravenwood Conultancy and SSons P Ltd	148 Apex Cross, Sunstone Nagar, Jaipur, Maharashtra	India
S3-000899	Haror Logistics	Clearwater Mn Goldleaf Nagar Surat 705283	India
S3-000948	Cobalt Traing and Sons Ltd	4 Summit St, Jaipur, 940622	IN
S3-000202	Stonnebridge Trading Ltd	372 Kestrel Crs, Pune, Tamil Nadu	India
S3-000325	Northggate Motors & Sons P Ltd	Near SBI ATM 350 Bluepeak Cross Falcon Nagar Coimbatore Tamil Nadu	India
S3-001162	Sunstone Flacon	32 Falcon Street, Quarry Nagar, Coimbatore, Kerala	IN
S3-001764	Bluepeak Logistics LLC	173 Meridian Dr, Kestrel Park, Mobile, 55477	US
S3-002019	Clearwater, Foods and Sons P Ltd	296 Harbor Street, Opp. Bus Depot, Pune, 757556, Gujarat	India
S3-008534	Brightpath Foods Ltd	199 Sunstone Street, Stonebridge Nagar, Kochi, Tamil Nadu, 770503	India
S3-002886	Harbor Chhemicals Pvt Ltd	245 Juniper Road, Onyx Nagar, Nagpur, MP, 408458	India
S3-003087	Clearwater, Logistics Corp	300 Falcon St Cobalt Park Mobile TX 33850	US
S3-003143	Cobalt Foods nad Sons P Ltd	191 Redwood Marg, Orchid Nagar, Indore, 792167	India
S3-006614	Cobalt Industries	256 Maplecrest St, Tacoma, CA, 22843, Redwood Park	United States
S3-005118	Ironwood Foosd Private Limited	195 Ironwood St, Sunstone  Nagar, Surat, Kerala, 719687	IN
S3-003508	Summit  Solutions Ltd	21/88 Meridian Crs, Northgate Nagar, Coimbatore, MP	India
S3-006413	Falon TextilesLLC	94 Goldleaf St, Behind the Civic Center, Bluepeak Park, Tacoma, WA	US
S3-005419	Stonebridge Chemicals Co	116 Maplecrest Ave Stonebridge Park Akron 75492	US
S3-008375	Stonebridge Corp	392 Falcon Ave, Stonebridge Park, Fresno, 91264	USA
S3-004412	Lantern Trading Incorporated	96 Ravenwood Avenue, Vertex Park, Akron, OH, Opp. City Library	US
S3-001690	Motors Northgate Co	15/7 Juniper Drive, Northgate Park, Tacoma, WA, 84422	US
S3-006659	Meriddian Textiles	214 Brightpath Ave Bluepeak Park Austin OH	USA
S3-004993	Sunstone Northgate Services	7 Ravenwood Street Austin TX 98611	USA
S3-007371	Logistics Thistle Co	48 Cobalt Crs, Pune, 153500	USA
S3-000624	Orchid Chemicals Inc	255 Redwood Ave, Juniper Park, Austin, IL, 28425	US
S3-000851	Ony Electricals & Sons Pvt Ltd	332 Northgate Crs, Coimbatore, Rajasthan	IN
S3-006377	Meridian Sunstone Industries Inc	216 Sunstone Dr, Thistle Park, Fresno, WA, 60544	US
S3-002894	Stonerbidge Tradign	Opp. City Library, 137 Ravenwood Drive, Austin, 32943	USA
S3-008995	Foods Maplecrest Corp	Sunstone Park, Akron ,TX, 48921, 5 Juniper Road	US
S3-000834	Juniper Ltd	152 Redwood St, Brightpath Nagar, Pune, Tamil Nadu	India
S3-008616	Maplecrest Solutions and Sons Limited Liability Company	23/89 Maplecrest Blvd Kestrel Parrk Austin	US
S3-008526	Sunstoe Trading	376Redwood Crs, Apex Nagar, Coimbatore	IN
S3-004589	Kestrel CConsultancy	241 Ravenwood Mn, Goldleaf Nagar, Nagpur, Rajasthan	IN
S3-002125	Smmit Fabrics	326 Summit Blvd, Apex Park, Mobile, CA, 19835	USA
S3-006127	Cobalt hCemicals and Sons	346 Sunstone Rd, Pune	IN
S3-002107	Summit Enterprise Limited	135 Ironwood St, Kochi	IN
S3-008866	Onyx Foods Private Limited	51 Clearwater Rd, Orchid Nagar, Coimbatore, 893715	IN
S3-008820	Logistics Juniper Corp	Cobalt Dr Lubbock TX	US
S3-003303	Summit Packaging and Sons Company	97 Summit Boulevard, Juniper Park, Akron, AL, 79923	US
S3-004445	Apex Silverline Servicces Corp	35 Silverline Rd, Clearwater Park, Tacoma, IL	US
S3-005846	Blueepak Logistics	175 Orchid Road, Goldleaf Nagar, Indore, Maharashtra, 364603	India
S3-001401	Northgate Textiles Pivate Limited	286 Orchid Cross, Quarry Nagar, Coimbatore, Kerala	India
S3-006490	Bluepeak Pvt Ltd	21 Cobalt Marg, Vertex Nagar, Jaipur, Gujarat, 755914	IN
S3-002310	Redwood System Corporation	37/13 Bluepeak Avenue, Goldleaf Park, Mobile, OH	United States
S3-000812	Northgate LogisticsC o	166 Goldleaf Ave, Orchid Park, Austin, TX, 46760	United States
S3-004168	ClearwaterC oonsultancy Inc	223 Falcon Avenue, Harbor Park, Fresno, 91709	United States
S3-000384	Ironwood Meridian Textiles	Stonebridge Road, Jaipur, Tamil Nadu	IN
S3-006087	Ravenwood Fabrics Inc	54 Lantern Blvd, Ironwood Park, Mobile, TX, 5680	United States
S3-004108	Lantern OnyxCorporation	Opp. City Library, 214 Northgate Street, Northgate Park, Lubbock, 75154	US
S3-007218	Maplecrest Packaging Limited	8 Thislte St Indore Maharashtra 505466	India
S3-008795	Silverline Ironwood Chemicals Company	177 Apex Drive, Bluepeak Park, Mobile, 60826	US
S3-002538	Orchid Consultancy LLC	338 Northgate Road, Stonebridge Park, Peoria, IL, 94675	USA
S3-002594	Silverline Services	226 Thistle Boulevard, Redwood Park, Fresno, 55128	United States
S3-006506	Bluepeak Motors Corp	52 Silverline Road, Quarry Park, Tacoma	USA
S3-004832	Thistle, Enerprises Company	3/53 Juniper Dr, Maplecrest Park, Tacoma, 44722	US
S3-006019	Apex Kestre lChemicals Inc	275 Maplecrest Blvd, Bluepeak Park, Akron, 58946	USA
S3-005711	Cobalt, Cobalt Enterprises	309 Summit Street, Orchid Park, 28155, Mobbile	United States
S3-003514	Maplecrest Ravenwood Fabrics and Sonn Pvt Ltd	59 Maplecrest Rd Pune	India
S3-004249	Quarry Harbor Systems Private Limited	82 Bluepeak Crs, Jaipur, 724787	IN
S3-004321	Apex	2 Kestrel Road, Lubbock	US
S3-001825	Vertex Limited Liability Company	88 Ravenwood Dr, Falcon Park, Akron, 29309	United States
S3-006976	Apex Motors Co	125 Vertex Ave, Lubbock	US
S3-009096	Vertex Chemicals Ltd	359 Silverline St, Thistle Nagar, Surat	India
S3-006129	Ravewnood	129 Bluepeak Road Clearwater Nagar Jaipur 606414	India
S3-006181	Silverline Summit  Motors & Sons Inc	20/11 Bluepeak Boulevard, Falcon Park, Lubbock, WA, 59075	United States
S3-000038	Juniper Industries Incorporated	351 Meridian Boulevard, Maplecrest Park, Fresno, 69537	USA
S3-002200	Silverline Foods	357 Kestrel Avenue, Lantern Park, Mobile, TX, 45042	United States
S3-003431	Orchid Limited Liabilty Company	126 Apex Street, Lantern Park, Mobile, OH, 98774	US
S3-008386	Kestrel Teextiles Incorporated	23/78 Onyx Boulevard, Near Exit 14, Ironwood Park, Mobile, IL	United States
S3-004742	Maplecrest Private Limited	151 Redwood St Silverline Nagar Near SBI ATM Pune 859635	IN
S3-003699	Redwood Industries Co	32/28 Ironwood Boulevard, Opp. City Library, Thistle Prk, Austin, WA, 90127	United States
S3-007524	Kestrel Servcies Corporation	15/37 Quarry Main, Quarry Nagar, Near Metro Pillar 42, Peoria, 453099	IN
S3-003329	Brihgtpath Pvt Ltd	7/82 Stonebridge Crs Behind Ganesh Temple Cobalt Nagar Coimbatore 921024	India
S3-000284	Sunstone	Opp. City Library Bluepeak Boulevard Meridian Park Peoria CA 85365	United States
S3-001364	Quarry, Chemicals Pvt Ltd	180 Apex Road, Harbor Nagar, Nagpur, 435646	IN
S3-003908	Juiper	Goldleaf Nagar, Kochi, 841313, 8/46 Ravenwood Mn	India
S3-006883	Stonebridge, Systems P Ltd	Stonebridge Rd, Ravenwood Nagar, Surat, Rajasthan	India
S3-008411	Ironwood Fabrics Co	36/4 Cobalt St, Tacoma, 50956	USA
S3-000045	Sunstone, Bluepeak Services Ltd	319 Onyx Rd, Falcon Nagar, Kochi	India
S3-008861	Brightpath olutions Company	Harbor Marg, Fresno, 428347	India
S3-004001	Northgate Enterprises Private Limited	81 Bluepeak Street, Kestrel Nagar, Coimbatore, Maharashtra	IN
S3-004858	Vertex Goldleaf Packaging	150 Harbor Street, Behind the Civic Center, Apex Park, Mobile, AL, 50077	USA
S3-000542	Clearwater Enterrpises Ltd	249 Apex Street, Apex Nagar, Jaipur, Maharashtra	India
S3-008959	Maplecrest Fabrics Co	12/70 Stonebridge Boulevard, Ravenwood Park, Lubbock	United States
S3-007323	Goldleaf Falcon Motors Pvt Ltd	Near Metro Pillar 42, 76 Lantern Street, Harbor Nagar, Indore, 164913	India
S3-008935	Lantern  Textiles	Falcon Rd, Cobalt Park, Peoria, CA	IN
S3-001134	Sunstoe Fabrics Ltd	344 Sunstone Cross, Meridian Nagar, Nagpur, 386205	India
S3-002499	Bluepeak, Electricalss Corp	Brightpath Park, Fresno, 20238, 147 Quarry Avenue	United States
S3-000451	Bluepeak, Solutions Pvt Ltd	Juniper Road, Clearwater Nagar, Nagpur, MP, 504600	IN
S3-006918	Lantern and Snos	Falcon St, Goldleaf Park, Austin, 18738, WA	USA
S3-004064	Ravenwood, Meridian Trading annd Sons Pvt Ltd	17/28 Meridian Street Sunstone Nagar Nagpur Maharashtra 236592	India
S3-006524	Ironwood Textiles and Sons Corporation	228 Bluepeak Blvd, Cobalt Park, Tacoma	US
S3-008742	Quarry Harbor P Ltd	44 Orchid St, Ironwood Nagar, Jaipur, Rajasthan, 920692	IN
S3-000933	Trading Brighttpath Limited	33/47 Juniper Crs, Surat, 827821, Juniper Nagar	India
S3-002292	Onyx Consultanncy & Sons LLC	367 Sunstone Blvd, Mobile, OH, 53713	USA
S3-002171	Harbro Company	220 Harbor Avenue, Kestrel Park, Peoria	US
S3-001245	Thistle Trading Corporation	390 Stonebridge St, Orchid Park, Akron, IL	US
S3-008428	Quarry Bleupeak Inc	375 Brightpath Rd Meridian Nagar Coimbatore Maharashtra 430457	USA
S3-008817	Brightpath Vertex Logistics P tLd	Kestrel Marg Lantern Nagar Pune MP 296361	IN
S3-007886	Bluepeak, Moors Company	193 Quarry Drive Austin	USA
S3-001685	Silverrline Systemss Pvt Ltd	200 Apex St, Near SBI ATM, Indore, 853463	IN
S3-001038	Ravenwood Solutions	330 Ironwood Marg, Near Metro Pillar 42, Northgate  Nagar, Surat, 171675	IN
S3-005526	Goldleaf FFoods Inc	74 Brightpath Dr, Quarry Park, Akron	United States
S3-004050	Stonebridge Lantern	36 Apex Cross Summit Nagar Nagpur	India
S3-003873	Fabrics Ravenwood Limited	Ironwood Marg, Kestrel Nagar,, Indore, Maharashtra, 691147	India
S3-004660	Brightpath Solutionns	356 Ironwood Avenue, Goldleaf Park, Opp. City Library, Fresno, 59016	United States
S3-004292	Lantern Private Limited	387 Goldleaf Mn, Clearwater Nagar, Kochi, 740718	India
S3-006586	Redwood, Fabrics	7 Ravenwood St, Thistle Park, Mobile, WA, 97627	US
S3-002462	Elctricals Thistle Company	18 Maplecrest Rd, Brightpath Park, Mobile, 58618	US
S3-006214	Goldeaf Packaging Pvt Ltd	28 Stonebridge St, Jaipur, Maharashtra, 936017	India
S3-005480	Sunstone Bluepeak Motors	229 Lantern Boulevard, Tacoma, WA, 97998	USA
S3-006873	Ravenwood, Co	174 Brightpath St, Silverline Nagar, Surat, Maharashtra, 970880	USA
S3-002778	Ravewnood Harbor	120 Ironwood Drive, Orchid Park, Opp. City Library, Austin, 45011	United States
S3-008645	Falcon ervices LLC	Lantern Main, Stonebridge Nagar, Opp. Bus Depot, Surat	USA
S3-004088	Sunstone Consultancy Pvt Ltd	Near Metro Pillar 42 Cobalt Nagar Surat 216132 36 Stonebridge Crs	India
S3-000418	Brightpath Private Limited	386 Apex Street Summit Nagar Surat Rajasthan 595849	India
S3-001421	Fooods	26 Vertex Blvd, Lantern Park, Mobile, 20070	United States
S3-000646	Bluepeak Textiles Limited	Falcon St, Cobalt Nagar, Jaipur, 885528	IN
S3-001417	Orchid  P Ltd	126 Apex Street Quarry Nagar Pune Tamil Nadu	IN
S3-001320	Ironwood Trading Limited Liability Company	333 Goldleaf Road, Ironwood Park, Lubbock, AL, 13464	USA
S3-006736	Stonebridge Trading Private Limited	240 Juniper Road, Vertex Nagar, Behind Ganesh Temple, Indore	IN
S3-004606	Ravenwood and Sons Pvt Ltd	214 Redwood Cross Orchid Nagar Jaipur Rajasthan 228457	IN
S3-005756	Lantern Logistics Coompany	233 Brightpath Street, Tacoma, IL, 64082	US
S3-000615	Bluepeak Electricals Compaany	129 Redwood Road, Lubbock, AL, 11908	USA
S3-006880	Cobalt Ravenwood Industries	68 Redwood Mn, Onyx Nagar, Pune, 507133	IN
S3-006649	Sttonebridge	317 Ironwood Road, Jaipur	IN
S3-008465	Thistle Electricals & Sons Inc	Kestrel Cross, Brightpath Nagar, Indore, Gujarat	USA
S3-001822	Apex Solutions P Ltd	19/6 Orchid Mn, Quarry Nagar, Surat, 618769	IN
S3-006564	Thistle Packaging LLC	Lantern Blvd, Thistle Park, Peoria	USA
S3-007897	Northgate FFoods P Ltd	305 Lantern Road, Falcon Nagar, Surat	IN
S3-008243	Ravenwood Private Limited	300 Orchid Crs, Quarry Nagar, Indoer, Kerala	India
S3-006944	Bluepeak Northgate & Sons	39 Meridian Drive Stonebridge Park Lubbock	USA
S3-009012	Redood	149 Thistle Marg, Behind Ganesh Temple, Indore, 321762	IN
S3-004957	Summit Textilles	Clearwater Boulevard Peoria	US
S3-002241	Silverline Sunstone Foods & Sons LLC	211 Redwood Rd, Austin	United States
S3-000104	Quarry Foods	219 Verrtex Rd Falcon Nagar Kochi Gujarat 144394	IN
S3-004769	Kestrel Chemicals PvtL td	Behind Ganesh Temple, 362 Stonebridge Crs, Orchid Nagar, Indore	IN
S3-006846	Cobalt Conusltancy Limited	Near SBI ATM 39/51 Quarry St Coimbatore	India
S3-006555	Meriddian Limited	102 Goldleaf Marg, Brightpath Nagar, Nagpur, Tamil Nadu, 974894	India
S3-003968	Qaurry Ltd	34 Ironwood Marg, Nagpur, Gujarat, 729400	IN
S3-005214	Juniper Ironwood Company	28 Falcon Boulevard, Onyx Park, Fresno, OH	USA
S3-004090	Orhcid Logistics Inc	380 Brightpath Road, Stonebridge Park, Peoria, OH	USA
S3-002921	Ravenwod FoodsP  Ltd	368 Apex Rd, Ironwood Nagar ,Surat, Gujarat	India
S3-007222	Cobalt Eterprises Private Limited	34/13 Clearwater Street, Quarry Nagar, Jaipur, Rajasthan, 195007	India
S3-007434	Orhid Company	Summit Blvd, Lantern Park Lubbock, AL, 53792	US
S3-004355	Kestreel	362 Falcon Drive, Kestrel Park, Fresno, WA, 36759	US
S3-007105	LanternTextiles	350 Ravenwood Street, Akron, 90351	United States
S3-004169	Clearwater, Inc	223 Falcon Avenue, Fresno	USA
S3-003131	Northgate Electricals P Ltd	Juniper Marg, Indore, Gujarat	IN
S3-007388	Reddwood Brightpath Foods Corp	372 Juniper Crs, Maplecrest Nagar, Fresno, Gujarat, 870779	IN
S3-003579	Northgate	Opp. City Library, 175 Ravenwood Road, Onyx Park, Fresno, WA, 48006	USA
S3-002312	Harbor Chemicals	158 Onyx Street, Nagpur, Rajasthan, 442958	IN
S3-002806	Ravenwood Brihtpath Electricals Ltd	263 Goldleaf Cross, Meridian Nagar, Pune, Gujarat	IN
S3-007149	Sunstone Inc	Opp. City Library, 288 Stonebridge Street, Vertex Park, Austin	US
S3-008422	Lantern oMtors	Harbor Avenue, Lantern Park, Akron, IL, 22334	US
S3-000161	Brightpath Private Limited	320 Lantern Crs, Behind Ganesh Temple, Lantern Nagar, Coimbatore, 479303	India
S3-000772	Clearwater, Enterprises Co	304 Vertex Avenue Brightpath Park Opp. City Library Tacoma IL	United States
S3-006915	Summit Solutions & Soons Incorporated	17/19 Quarry Street, Tacoma, IL, 73059	US
S3-001861	ClearwaterIndustries Corp	28 Redwood Road, Harbor Park, Akron, TX, 33125	USA
S3-002315	Northgate Goldleaf Industries Co	134 Lantern Dr, Fresno	United States
S3-003046	Services Harbor Private Limited	19 Falcon Marg, Surat, MP, 822094	India
S3-003897	Goldleaf Enterprises & Sons Private Limited	88 Brightpath Marg,, Kochi, Maharashtra	India
S3-007877	Onyx Limited Liability Compay	143 Clearwater Drive, Lubbock, OH, 69831	United States
S3-004594	Kestrel Foods	260 Bluepeak Drive, Meridian Park, Tacoma, AL, 24576	US
S3-001233	Quarry, Consultancy Pvt Ltd	165 Ravenwood Main, Silverline Nagar, Jaipur, Rajasthan	India
S3-006759	Summit Chemicals Pvt Ltd	133 Goldleaf Cross, Pune, MP, 97503	India
S3-001643	Juniper Foods Private Limited	111 Ravenwood Mag, Jaipur, 582521	India
S3-001395	IndustriesBrightpath & Sons Company	301 Cobalt St, Bluepeak Park, Tacoma	US
S3-004051	Sunstoen Private Limited	16 Bluepeak Main Vertex Nagar Nagpur Tamil Nadu 129806	IN
S3-002612	Redwood Packaging	Redwood Ave Northgate Park Akron AL 71196	US
S3-006064	Onyx Systems &S ons	63 Northgate Ave, Orchid Park, Akron, TX, 77950	United States
S3-002064	Ironwoood Clearwater Pvt Ltd	30/84 Silverline Marg, Jaipur, Gujarat, 760681	India
S3-007465	EnterprisesO, rchid Ravenwood Co	76 Bluepeak Road, Fresno, OH, 42257	United States
S3-001714	Stonebriddge Enterprises Private Limited	204 Sunstone Crs, Maplecrest Nagar, Pune, 835905	India
S3-005353	Lantern Chemicals Company	Cobalt Boulevard, Ironwood Park, Mobile, WA, 96296	United States
S3-007776	Brightpath Bluepeak Fabrics CCo	Behind Ganesh Temple, Summit Nagar, Akron, Rajasthan, Harbor Main	India
S3-005851	Sunstone Textlies Corp	8/40 Vertex St Northgate Park Peoria WA 40028	US
S3-003748	Eelctricals, Ltd	233 Quarry Street, Behind Ganesh Temple, Jaipur, Rajasthan, 587986	IN
S3-001585	Orchid Falcon Systems LLC	Behind the Civic Center, 343 Clearwater Street, Bluepeak Park, Fresno, OH, 44867	US
S3-000144	Northgate Pvt Ltd	50 Maplecrest St, Juniper Nagar, Pune, Rajasthan	IN
S3-002208	Kestrel Enterprises td	224 Falcon Cross, Quarry Nagar, Nagpur, 478427	India
S3-003190	Stonebridge Chemicalls Incorporated	Behind the Civic Center 29 Northgate Blvd Mobile 28703	United States
S3-005387	Juniper Solutions	121 Verex St, Nagpur, Kerala, 735893	IN
S3-009149	Quarry Enterprisse Ltd	385 Ironwood Marg, Ravenwood Nagar, Nagpur, Tamil Nadu, 934342	IN
S3-002294	Onyx Limited Liability Coompany	176 Maplecrest St, Onyx Park, Mobile, 99533	USA
S3-007862	Harbor TradingC o	Behind the Civic Center, Harbor Rd, Austin, Vertex Park	United States
S3-006234	Ketrel Trading Corp	Ravenwood Avenue, Tacoma, AL, 80356	United States
S3-000249	Ironwood uSmit Industries	354 Quarry Boulevard, Meridian Park, Fresno, IL, 62147	US
S3-000620	Chemicals Sunstone Icorporated	Brightpath Rd, Summit Park, Tacoma, 12216	USA
S3-007916	Snustone Services	106 Meridian Street, Harbor Park, Indore, 15494	USA
S3-000599	Kestrel Conusltancy	43 Sunstone Street, Near Exit 14, Thistle Park, Fresno, AL, 65708	USA
S3-003071	Maplecrest Trading	26 Silverline Rd, Cobalt Nagar, Kochi, MP, 958211	India
S3-007479	Ravenwood hTistle Motors Corp	281 Vertex Crs, Lubbock, Juniper Nagar	India
S3-007907	Summit, and SonsP vt Ltd	367 Lantern  Street, Kochi	India
S3-004167	Clearwater Co	85 Apex Blvd, Maplecrest Park, Akron, CA	US
S3-001791	Onyy Electricals and Sons Pvt Ltd	Sunstone Crs, Stonebridge Nagar, Near SBI ATM, Surat	IN
S3-000846	Thistle Enterprises Corp	Mobile, TX, 68575, 169 Thistle St	USA
S3-004739	Silverrline Co	307 Silverline Ave Meridian Park Tacoma WA 87838	US
S3-007864	Bluepeak OrchidMotors Corporation	22/26 Quarry Rd, Coimbatore, 813143	United States
S3-006710	Ony Clearwater Services	127 Northgate Boulevard, Kestrel Park, Tacoma, IL, 79760	United States
S3-001986	Iornowod Services Pvt Ltd	338 Lantern Main, Near Metro Pillar 42, Orchid Nagar, Indore	India
S3-006191	Goldleaf Services P tLd	110 Orchid Mn Silverline Nagar Jaipur Gujarat 4418845	India
S3-003035	StonebidgeBrightpath Pvt Ltd	12/9 Sunstone Rd, Goldleaf Nagar, Behind Ganesh Temple, Coimbatore, Maharashtra	IN
S3-007164	Industries Clearwater and Sons Limited Liability Company	283 Redwood Road, Silverline Park, Lubbock, IL, 37113	US
S3-000184	Stonebridge Packaging &  Sons	148 Northgate Main, Thistle Nagar, Kochi, Tamil Nadu	IN
S3-005261	Servicces Ravenwood and Sons Limited Liability Company	216 Orchid Rd, Kestrel Park, Tacoma, OH, 21513	United States
S3-008593	Bluepeak Lantern Incroporated	344 Ironwood St, Kestrel Park, Peoria, 49611	USA
S3-008633	Falcon Meridian Solutions Inc	Vertex St, Redwood Nagar, Near Metro Pillar 42, Fresno, Gujarat, 162149	India
S3-008436	Vertex, Motors Corpooration	392 Falcon St Near SBI ATM 274995 Akron	India
S3-006646	OnyxL LC	Opp. City Library Brightpath Street Ravenwood Park Austin 32309	USA
S3-007571	Goldleaf Electricals LLC	118 Summit Street, Tacoma, OH	US
S3-006525	Quarry Services PPvt Ltd	Summit Marg, Apex Nagar, Pune, 534406	India
S3-002117	Redwood Corp	Falcon Boulevard, Meridian Park, OH, 75688, Mobile	United States
S3-006420	Kestrel Trading and Sosn	327 Lantern Ave, Tacoma, IL, 16965	United States
S3-006136	Silverline Chemicals Private Limited	398 Ravenwood Marg, Apex Nagar, Jaipur	India
S3-000505	Meridian and Sons Pvt Ltd	227 Kestrel Marg, Cobalt Nagar, Kochi, Maharashtra	IN
S3-002946	Chemicals learwater	150 Sunstone Mn, Maplecrest Nagar, Surat, 469660	India
S3-008082	Ravenwood	31 Kestrel St Vertex Nagar Surat Maharashtra 343898	IN
S3-002374	Stonebriidge LLC	314 Silverline St, Harbor Park, Lubbock, WA, 41661	USA
S3-007075	Bluepeak Eterprises Lttd	Meridian ross, Northgate Nagar, Coimbatore, MP	IN
S3-002127	Quarry Consultancy Co	Near Exit 14 270 Falcon Ave Clearwater Park Fresno	United States
S3-008166	Ravenwood Electricals & Sons Private Limited	328 Sunstone Mn, Summit Nagar, Opp. Bus Depot, Jaipur, Kerala	India
S3-004242	Coballt Motors & Sons Ltd	299 Sunstone SStreet Northgate Nagar Kochi	IN
S3-001571	Sunstone Corporation	205 Meridian Drive Bluepeak Park Mobile 74197	US
S3-007820	Ironwood & Sons	109 Orchid Rd, Tacoma, 74080	USA
S3-008217	Sunstone Mottors	360 Quarry Blvd, Silverline Park, Tacoma	USA
S3-005671	Brightpath, Industriees & Sons Private Limited	Quarry Nagar, Pune, MP, 224676, Maplecrest Cross	India
S3-000046	Cobalt Cobalt Trading Inc	300 Ironwood Blvd, Apex Park, Mobile, 27688	US
S3-007082	Apex, Meridian ndustries Private Limited	30 Brightpath Rd, Vertex Park, Austin, CA	IN
S3-008282	Bluepeak Foods	Behind Ganesh Temple, Maplecrest Street, Surat, 560239	India
S3-007487	Ironwood Electricalls Ltd	Ravenwood Street, Lantern Nagar, Kochi, Rajasthan	IN
S3-003676	Brightpath Onyx Conslutancy	256 Brightpath Marg Meridian Nagar Nagpur Kerala 141353	India
S3-002919	Silverline Foods Corp	23/84 Thistle Ave ,Ravenwood Park, Peoria, 11626	US
S3-001142	Fabrics	38 Kestrel oulevard, Falcon Park, AL, Fresno	USA
S3-008234	Sunstone Summit Services Pvt Ltd	Meridian Min, Nagpur, 866205	IN
S3-003834	Quarry Redwood Pvt Ltd	57 Juniper Marg, Brightpath Nagar, Coimbatore	IN
S3-008531	Summit Electricals Co	Near Metro Pillar 42, 137 Summit Street, Lubbock, MP, 841461	IN
S3-000694	Stonebridge Solutions Prviate Limited	380 Thistle Street Goldleaf Nagar Kochi Rajasthan 258925	India
S3-006662	Consultancy Lantern and Sons P Ltd	55 Vertex Marg Maplecrest Nagar Kochi Kerala 180336	India
S3-003909	Juniper Motors Pvt Ltd	2/51 Vertex Cross, Onyx Nagar, Indore, Tamil Nadu	India
S3-002935	Juniper Enterprises & Sons Incorporated	Near Exit 14, 323 Stonebridge Road, Orchid Park, Mobile, 53073	USA
S3-002762	Thistle Sunstone	70 Onyx Marg, Maplecrest Nagar, Surat, MP, 325053	India
S3-009103	Ravenwood, aFbrics Company	127 Cobalt Road Vertex Park Fresno	United States
S3-000847	Ravenwwood Industries Co	Juniper Park, Fresno, 15 Juniper Dr	USA
S3-008962	Juniper Private Limited	219 Orchid Road, Surat, AL, 83292	USA
S3-002600	Sunstone Quarry Trading Compayn	Near Exit 14, 1998 Stonebridge Road, Redwood Park, Lubbock, 18010	USA
S3-000792	Maplecrst Chemicals Inc	397 Kestrel Drive, Ravenwood Park, Peoria, IL, 29914	United States
S3-000631	Summi tSummit Fabrics Limited	Falcon Marg Ironwood Nagar Pune Rajasthan	India
S3-006843	Thistle Apex Motors P Ltd	352 Lantern Rd Jaipur Rajasthan 125452	India
S3-005330	Onyx Raenwood Fabrics Corp	80 Harbor Drive, Juniper Park, Lubbock, 19636	US
S3-008293	Northgate Systems IInc	143 Bluepeak Avenue, Cobalt Park, Akron, 21937	USA
S3-008867	Electrcials Meridian Cobalt Private Limited	156 Summit Cross, Meridian Nagar, Pune, 399670	IN
S3-008153	Thistlee Consultancy Inc	154 Clearwater Street, NearExit 14, Cobalt Park, Fresno, TX, 99565	United States
S3-002596	Ironwood Limited Liability Company	231 Northgate Street, Onyx Park, Behind the Civic Center, Fresno, OH, 84521	US
S3-003778	Onyx Goldleaf Electricals Inc	Ironwood Park, Austin, 346 Juniper Avenue	USA
S3-004559	Coablt Fabrics	79 Quarry Avenue, Juniper Park, Peoria, OH, 98769	United States
S3-000456	Silverline Electricals and Sons Ltd	93 Ravenwood Street, Opp. Bus Depot, Surat, Rajasthan	India
S3-001477	Redwood Industries Ltd	Behind Ganesh Temple 394 Harbor Street Kochi Rajasthan 253119	IN
S3-008578	Redwood Falcon Textiles Ltd	17/30 Juniper Mn Brightpath Nagar Near Metro Pillar 42 Tamil Nadu Jaipur	India
S3-002295	Meridian, Consultancy Pvt Ltd	19 Sunstone Crs, Clearwater Nagar, Coimbatore, MP, 202825	IN
S3-003724	Sunstone Logistics Limited	16 Bluepeak Marg, Thistle Nagar, Nagpur, Rajasthan, 275762	IN
S3-006004	Lantern Motors Pvt Ltd	25/51 Lantern Street, Lantern Nagar, Nagpur, Rajasthan, 273861	India
S3-005857	Onyx Cobalt and SonsC o	347 Goldleaf St, Peooria, OH, 80985	US
S3-006783	Meridian Ironwood Packaging and Sons Inc	261 Ravenwood Boulevard, Vertex Park, Peoria, IL, 28947	USA
S3-007676	Northgate Summit Limtied Liability Company	255 Ironwood Street, Cobalt Nagar, Near Metro Pillar 42, Kochi, 787889	United States
S3-007435	Apex Textiles Private Limited	Kestrel St, Behind Ganesh Temple, Nagpur, 646233	IN
S3-005322	Lantern, aPckaging Pvt Ltd	258 Harbor Street, Ravenwood Nagar, Nagpur, MP	India
S3-003130	Northgate Electricals & Sosn P Ltd	395 Juniper Marg, Falcon Nagar, Indore, 323274	IN
S3-008103	Ravenwood  Motors Co	144 Apex St, Lubbock, WA, 55917	USA
S3-002523	RavenwoodSolutions Inc	217 Thistle Dr, Stonebridge Park, Austin, IL	US
S3-004043	Goldelaf Services and Sons Inc	189 Vertex Drve, Sunstone Park, Peoria	US
S3-001678	Cobalt Electrcials Ltd	330 Maplecrest Marg, Stonebridge Nagar, Pune, Gujarat, 694891	IN
S3-002004	Bluepeak Consltancy	Vertex St, Northgate Nagar, Inodre, MP, 721963	IN
S3-000243	Northgate Lantern Limited Liability Comany	Brightpath Ave, Vertex Park, Akron, IL, 63901	US
S3-008832	Cobalt Limited Liability Company	149 Brightpath Ave, Opp. City Library, Harbor Park, Fresno, AL, 77951	USA
S3-007285	Onyx Clearwater P Ltd	Stonebridge Street, Quarry Nagar ,Kochi, 399701	IN
S3-001785	Junipre Electricals & Sons Inc	36/79 Apex Drive, Stoonebridge Park, Fresno, 57891	USA
S3-003211	Ironwood Company	46 Juniper rD, Juniper Park, Near Exit 14, Lubbock	US
S3-002161	Brightpath Pvt Ltd	Falcon Marg, Kerala, Nagpur	India
S3-008834	Ironwood Company	122 Ravenwood Boulevard, Silverline Park, Austin, AL	US
S3-001965	Goldleaf Priivate Limited	353 Apex Mn Near Metro Pillar 42 Orchid Nagar Kochi 348655	India
S3-004509	Silverline Trading annd Sons P Ltd	39/84 Clearwater Street, Falcon Nagar, Kochi, MP	IN
S3-003950	Redwood Pacaging	200 Apex Ave Onyx Park Lubbock 99451	United States
S3-005645	Lantern Trading Lttd	Near SBI ATM, 38 Cobalt Mn, Ironwood Nagar, Surat, 103798	India
S3-005535	Consuultancy P Ltd	295 Ravenwood St, Coimbatore, Rajasthan	IN
S3-000428	Kestrell Trading P Ltd	Juniper Mn, Nagpur, 815022	IN
S3-006673	Iroonwood Foods & Sons P Ltd	Cobalt Road, Redwood Nagar, Pune, Kerala, 975870	IN
S3-000073	Kestre Private Limited	304 Meridian Cross, Silverline Nagar, Surat	IN
S3-000132	Stonebridge Logistics & Sons Corp	263 Brightpath Road Qurry Park Peoria	US
S3-004173	Vertex, Redwood Foods Liimted	10 Clearwater Marg Orchid Nagar Indore Gujarat 598993	India
S3-007261	Redwood Foods Inc	173 Northgae Street Redwood Park Lubbock AL 14792	US
S3-008615	Quarry Enterprises Pvt Ltd	138 Lantern Cross Cobalt Nagar Pune 334499	IN
S3-006109	Bluepeak Services	136 Bluepeak Street, Harbor Park, Austin, OH	USA
S3-006028	Quarrry Systems LLC	328 Silverline Drive, Meridian Park, Peoria, 36278	USA
S3-003800	Summi Indstries & Sons Ltd	177 Falcon Road, Meridian Nagar, Kochi	India
S3-000274	Meridian Services	124 Kestrel Marg Behind Ganesh Temple Ironwood Nagar Pune MP	India
S3-000278	Sunstone Systems	89 Cobalt St Silverline Nagar Surat Tamil Nadu	India
S3-008431	Clearwater Textiles P Ltd	Opp. Bus Depot, 76 Clearwater Marg, Vertex Nagar, Surat, 354803	IN
S3-008641	Cobalt Summit and Sons Limited Liability Company	13/15 Vertex Cross, Silverline Nagar, Opp. Bus Depot, Fresno, 540220	India
S3-005910	Quarry  Industries	321 Bluepeak Rd, Summit Nagar, Kochi, MP, 784834	IN
S3-002350	Meridian, & SSons Private Limited	387 Sunstone Marg, Falcon Nagar, Jaipur	IN
S3-003775	Harbor Meridian Textilees Incorporated	241 Stonebridge Blvd, Lantern Park, Mobile, 45109	USA
S3-000932	Tradig Redwood Northgate Pvt Ltd	18/8 Bluepeak Rd Harbor Nagar Surat Rajasthan 889213	India
S3-007009	Northgate Solutions Private Limited	Sunstone Streeet, Harbor Nagar, Coimbatore, 934282	India
S3-002296	Meridian Pvt Ltd	Near Metro Pillar 42, 320 Maplecrest Street, Surat, Kerala, 470619	India
S3-004892	Ravenwood Apex Pckaging LLC	Behind the Civic Center, 106 Clearwater Rd, Thistle Park, Mobile, 37978	United States
S3-006856	Cobatl	3/49 Stonebridge Mn, Kestrel Nagar, Surat, MP	IN
S3-001281	VertexB, luepeak Solutions Co	118 Goldleaf Street, Fresno, 67079	USA
S3-003047	Sunstone Systems	Cobalt Mn Northgate Nagar Surat 604083	IN
S3-000457	Falcon Chemicals Corporaation	257 Cobalt Drive, Akron, 54164	USA
S3-002061	Summit Logistics annd Sons Company	Ravenwood Bvd, Mobile, 22936	US
S3-008491	Tihstle, Consultancy Private Limited	238 Brightpath Road, Akron	IN
S3-000171	Stonebridge Electricals Private Limited	133 Sunstone Rd, Pune, 798305, Juniper Naar	IN
S3-007042	Maplecrest Packagig	388 Bluepeak Street, Pune, 756257	India
S3-005586	Brightpath, Trding	132 Silverline Street Apex Park Mobile 54009	US
S3-000930	Silverline Motors Limited	Orchid Cross, Pune, Rajasthan, 850494	IN
S3-005652	Silverlne Industries & Sons Private Limited	127 Maplecrest Road Silverline Nagar Indore	IN
S3-005723	Onyx Brighhtpath Fabbrics	100 Apex Main, Pune, MP, 194614	IN
S3-000466	Meridian Consultancy and Sons LLC	22/47 Clearwater St, Tacoma	United States
S3-001768	Stonebridge Indutries Limited	323 Harbor St, Verteex Nagar, Jaipur, 703226	India
S3-004989	Thistlle	365 Summit Main Brrightpath Nagar Indore MP 394532	India
S3-002327	Stonebridge nc	234 Summit St, Peoria, 78811	US
S3-001926	Vertex Foods Limited Liability Company	53 Apex Boulevard, Junipeer Park, Austin, CA	US
S3-008905	Thistle Incorporated	341 Kestrel Blvd, Stonebridge Park, Peoria, 30648	United States
S3-008826	Northgate Logisstics Private Limited	236 Juniper Marg, Lantern Nagar, Indore, 976926	India
S3-007098	Thistle Apex Motors Pvt Ltd	Opp. Bus Depot Thistle Marg Meridian Nagar Jaipur 395561	IN
S3-008675	Bluepeak Trading & Sons Co	387 Quarry Rd, Ravenwood Park, Mobile	USA
S3-003739	Clearwate rPackaging Inc	Apex Boulevard Maplecrest Park Lubbbock	US
S3-007418	Summit Trading LLC	Stonebridge Road, Lubbock, CA, 40973, Near Exit 14	USA
S3-004154	Orchid Stonebridge Foods Private Limited	16 Summit St, Kochi, Maharashtra, 714837	India
S3-006792	Northgate, MeridianS olutions Ltd	275 Goldleaf Rd Ironwood Nagar Jaipur Gujarat 263769	India
S3-005962	Thistle Goldleaf and Sons Corporation	184 Stonebridge St, Brightpath Park, Fresno	USA
S3-004500	Trading  Co	153 Orchid Street, Goldleaf Park, Mobile	USA
S3-005071	Ironwood Maplecrest & Sons	324 Ravenwood St Onyx Nagar Surat Kerala 192685	IN
S3-007491	Lantern Inc	208 Maplecrest St, Stonebridge Nagar, Peoria	India
S3-004075	Maplecrest Private Limited	Bluepeak Mn, Orchid Nagar, Pune	IN
S3-005498	Juniper, Solutions	80 Ravenwood Street, Ravenwood Naga,r Pune, MP, 395751	India
S3-002180	Vertex Packaging Corp	222 Cobalt Ave, Near Exit 14, Akron, CA, 76464	US
S3-007673	Harbor Falcon Enterprises Limitde Liability Copmany	Lantern Drive, Lubbock, 38732	United States
S3-002519	Northate Foods Corporation	35/44 Aepx St, Peoria, 73459, Onyx Park	United States
S3-001580	Apex Consultancy & Sons LLC	101 Maplecrest Boulevard, Harbor Park, Peoria, 40824	USA
S3-003866	Ony Electricals	Clearwater Marg, Northgate Nagar, Near SBI ATM, Pune, Tamil Nadu, 781719	IN
S3-006563	Lantern Stonebridge Foodss and Sons Co	95 Cobalt Ave, Behind the Civic Center, Austin, 42697	US
S3-007137	Kestrel Trading P Ltd	31/44 Bluepeak Mn, Stonebridge Nagar, Pune, MP, 420424	IN
S3-005135	Stonebridge Electricals Corporation	388 Lantern Drive, Harbor Park, Peoria, 38783	United States
S3-002931	SunstoneConsultancy	185 Harbor Road, Northgate Nagar, Pune, Rajasthan	IN
S3-002424	Brightpath Consultancy Ltd	Near Metro Pillar 42, 233 Falcon St, Maplecrest Nagar, Indore, 938518	IN
S3-007332	Sunstone Fabrics & SonsLLC	Cobalt Main, Fresno, 245478	India
S3-007679	Meridian Logistics Corp	80 Sunstone Boulevard, Fresno	USA
S3-008186	Quarry Maplecrest Fabrics&  Sons	119 Summit Street, Quarry Nagar, Akron, 942237	IN
S3-001614	Falcon Systems Private Limited	381 Bluepeak Crs, Juniper Nagar, Jaipur, Tamil Nadu	IN
S3-000984	Vertex Slutions	24/62 Summit Boulevard, BBluepeak Park, Austin, CA, 22021	US
S3-001331	Apex, Sytsems LLC	123 Ravenwood Drive Juniper Park Peori 10521	United States
S3-004755	Falcon Co	105 Brightpath Avee, Clearwater Park, Fresno, OH, 67989	USA
S3-006973	Cleawrater	364 Silverline Road, Nagpur, Maharashtra, 575011	India
S3-000115	Goldleaf Electricals	Onyx Road, Harbor Nagar, Cooimbatore, 608049	India
S3-003688	Ironwood Industrise Company	347 Falcon Drive, Onyx Park, Tacoma, CA, 44925	USA
S3-003551	Ketrel & Sons	30 Cobalt Avenue Quarry Park Mobile	US
S3-007965	Juniper Private Limited	Behind Ganesh Temple, 146 Harbor Crs, Kochi, Maharashtra, 671017	IN
S3-008369	Maplecrest, Sunstone Company	60 Harbor Avenue, Tacoma	United States
S3-007262	Falcon Juniper Motors Private Limited	Near Metro Pillar 42, Onyx Mn, Brightpath Nagar, Coimbatore, 796898	India
S3-005074	Quarry Enterprises Private LLimited	338 Bluepeak Main, Harbor Nagar, Pune, Maharashtra, 746806	IN
S3-003519	Quarry Motors P Ltd	135 Apex Main Falcon Nagar Indore 383669	India
S3-002841	Juniper Systms Ltd	61 Cobalt Marg, Behind Ganesh Temple, Coimbatore, MP, 237770	India
S3-002578	Sunstone Systesm Corp	20/2 Goldleaf Avenue, Juniper Park, Peoria, IL	United States
S3-002601	Quarry Sunstone Trading	198 Stonebridge Road, Near Exit 14, Redwood Park, Lubbock	USA
S3-004263	Thistle Brightpath Solutions Private Limited	85 Vertex Main, Near SBI ATM, Bluepeak Nagar, Indore, 293774	IN
S3-005420	Stonebrridge	250 Summit Rd, Kestrel Park, 40335, Lubbock	USA
S3-000436	Sunstone Enterprises P Ltd	30/35 Redwoo dSt Redwood Nagar Surat MP	India
S3-003023	Meriddin	61 Lantern Marg, Cobalt Nagar, Coimbatore, Tamil Nadu, 769344	India
S3-000128	Onyx Bluepeak Solutions Corp	198 Apex Road Lubbock OH 43293	United States
S3-007989	Kestrel Packaging Incorporated	44 Lantern Road, Thistle Nagar, Peoria, Rajasthan, 365869	IN
S3-004511	IronwoodP vt Ltd	227 Meridian Marg, Quarry Nagar, Near Metro Pillar 42, Kochi, MP, 324397	India
S3-005156	Ironwood Motors  P Ltd	30 Ironwood Marg, Indore, MP, 622408	IN
S3-006823	Vertex Chemicals Company	125 Cobalt Drive Brightpath Park Akron 88770	United States
S3-004736	Orchid Corporaion	135 Sunstone Blvd, Redwood Park, Peoria, CA, 81988	US
S3-007536	Brightpath Co	231 Silverline Ave Near Exit 14 Ironwood Park Fresno 80723	USA
S3-003004	Sunstone Maplecrest Mtors Limited	317 Brightpath Mn, Thistle Nagar, Tamil Nadu, 584662, Surat	IN
S3-007215	Brightptah Services	Behind Ganesh Temple, Nagpur, 21 Ironwood Cross	India
S3-002367	Quarry Limitde Liability Company	Opp. City Library 242 Stonebridge Rd Quarry Park Mobile OH 54631	United States
S3-000811	Northgate, Compnay	166 Goldleaf Avenue, Austin, TX, 46760	US
S3-002057	Juniper Co	331 Cobalt Ave, Bluepeak Parkk, Austin, AL	US
S3-004489	Orchid Consultancy & Sons Ltd	384 Silverline Marg, Quarry Nagar, Near SBI ATM, Pune, 532586	India
S3-009003	Cobalt, Kestrel Foods Corp	260 Goldleaf Ave Opp. City Library Lantern Park Lubbock 34063	US
S3-002387	Ironwood Electricals Co	Near Exit 14, 187 Juniper Dr, Akron, IL, 61558	United States
S3-006847	Thistle Nortghate Textiles Corp	205 Silverline Crs, Behind Ganesh Temple, Harbor Nagar, Peoria, 312408	India
S3-000352	Falcon aFbrics	71 Juniper Ave, Cobalt Park, Peoria, 69120, TX	USA
S3-008228	Vertex Enterprises & Sons Co	165 Northgate Drive, AL, Frsno	United States
S3-001301	Harbor, Enterprises vt Ltd	104 Ironwood Rd, Near SBI ATM, Indore, Rajasthan, 3001367	IN
S3-003753	Kestrel Logsitics Pvt Ltd	6 Clearwater Marg, Meridian Nagar, Near Metro Pillar 42, Coimbatore	IN
S3-000641	Apxe Systems Corp	193 Bluepeak Dr, Lantern Park, IL, Austin	USA
S3-006891	Blupeak Sunstone Fabrics	Behind the Civic Center, 159 Vertex Avenue, Meridian Park, Lubbock, AL, 84257	USA
S3-006894	Thistle Solutions Ltd	46 Vertex Road, Meridian Nagar, Nagpur, Kerala	IN
S3-008932	Apex Consutlancy	212 Harbor  St, Tacoma, 51918, Sunstone Park	India
S3-002583	Summit Loggistics P Ltd	101 Apex Marg, Goldleaf Nagar, Surat, 574600	IN
S3-001955	Ironwood Maplecrest Chemicals tLd	64 Lantern Marg, Orchid Nagar, Nagpur, 722001	IN
S3-005678	Harbor Enterprises	223 Clearwaterr Mn, Near SBI ATM, Kochi	IN
S3-004311	Lantern Private Limited	92 Redwood St Thistle Nagar Indore 966950	IN
S3-003201	Onyx Packaging & Sons Incorporated	59 Sunsttone St, Akron	USA
S3-008387	Kestrel Clearwater Copr	26 Northgate Cross, Pune, 393090	USA
S3-004485	Sunstone Packaging & Sons Private Limited	272 Maplecrest Cross Goldleaf Nagar Coimbatore 459327	IN
S3-003870	Brightpah, Services Private Limited	391 Bluepeak Street, Pune, Rajasthan, 425856	IN
S3-004723	Stonebrridge, Services Corp	Behind the Civic Center 231 Silverline Drive Summit Park Tacoma WA	US
S3-006797	Bluepeak Services Company	349 Ironwood Blvd, Maplecrest Park, Mobile, WA	US
S3-005956	Apex LLC	59 Clearwater Boulevard Tacoma WA 65644	United States
S3-007417	Redwood Lantern Systems Private Limited	26/68 Summit Mn, Jaipur	IN
S3-006097	Ironwood Trading and Sonss Corp	70 Susntone Boulevard, Brightpath Park, Lubbock, 36264	USA
S3-005086	Meridian, Falcon otors Company	375 Northgate Boulevard, Mobile, 89603	United States
S3-002104	Juniper Trading Company	123 Lantern Road, pex Park, Austin, AL, 27265	USA
S3-004835	Lantern Silverline Foods Corporation	67 Juniper St, Austin, 66426, Meridian Park	United States
S3-001972	Juniper Packaging and Sonns Limited	240 Northgate Road, Vertex Nagar, Surat, 150822	IN
S3-005658	Maplecrest Bluepeak Tarding	286 Harbor Avenue Quarry Park Akron OH 95005	United States
S3-004332	Harbor Services Co	32/33 Meridian Drive, Fresno, IL, 65582	USA
S3-008162	Onyx ackaging Ltd	28/60 Harbor Cross, Surat, Tamil Nadu, 932469, Clearwater Nagar	IN
S3-008406	Cobalt Fabrics Private Limited	216 Sunstone Rd, Northgate Nagar, Jaipur, 160632	India
S3-000420	Brightpath Systems PrivateL imited	386 Apex St, Summit Nagar, Surat ,Rajasthan	IN
S3-002217	Meridian Logistics Onyx	37 Bluepeak Marg, Brightpath Nagar, Jaipur, Tamil Nadu, 360239	India
S3-004258	Summit Packaging & Sons Icn	286 Bluepeak Road, Lubbock, 28322	USA
S3-006373	Thisttle P Ltd	382 Falcon Cross, Kochi	IN
S3-003088	Falcon Ravenwood Private Limited	Summit Nagar, Indore, 93 Kestrel Street	IN
S3-004949	Ironwood Bluepeak Chemicals Priavte Limited	Opp. Bus Depot, 13/52 Northgate  Crs, Redwood Nagar, Kochi, Rajasthan, 990966	IN
S3-001667	Orchid Industries Incorporated	115 Stonebridge Boulevard, Austin, IL, 93428	USA
S3-006054	VertexPackaging and Sons Inc	Quarry Ave, Apex Park, Peoria, 99992	USA
S3-009210	Maplecrest Private Limited	114 Ravenwood Cross, Brightpath Nagar, Nagpur, Kerala, 279705	India
S3-001896	Vertex Motors Incorporated	Silveline Avenue, Apex Park, Tacoma, OH, 39452	United States
S3-000482	Harbor ChemicalsP vt Ltd	26 Thistle Road, Sunstone Nagar, Near SBI ATM, Coimbatore, Kerala, 443757	India
S3-002244	Juniper Cosultancy Corp	145 Harbor Drive,T acoma	USA
S3-004586	Stonebridge Irnowood Ltd	Silverline Mn, Coimbatore, Tamil Nadu	India
S3-002113	Orchhid Electricls	288 Harbor Avenue Ironwood Park Lubbock IL 78147	US
S3-005089	Vertex Services & Sons Inc	123 rIonwood Ave, Akron, TX	United States
S3-006416	Apex Fabrics & Sons	185 Apex Main, Redwood Nagar, Nagpur, Gujarat	India
S3-006914	Lantern MeridianS ystems Inc	254 Lantern Mn, Harbor Nagar, Lubbock, 960794	India
S3-009129	Orchiid, Limited	296 Ironwood Marg, Meridian Nagar, Surat, Kerala, 316841	IN
S3-007362	Kestrel Enterprsies	Ravenwood St, Goldleaf Nagar, Fresno, MP, 759373	India
S3-004543	Ravenwood Redwood Pvt Ltd	220 Quarry Cross Lantern Nagar Jaipur	India
S3-008384	Falcon Textiles Incorporaetd	31 Thistle Road, Sunstone Nagar, Mobile, Maharashtra	India
S3-004505	Redwood Solutionss Inc	274 Clearwater Boulevard, Behind the Civic Center, Tacoma	United States
S3-002792	Thistle Consltancy	283 Falcon Marg Coimbatore Maharashtra 900837	IN
S3-008510	Cobalt Industies P Ltd	154 Ravenwood Rd, Surat, Tamil Nadu	IN
S3-002467	Fabrics Stonebridge and Sons	37 Northgate Street, Juniper Nagar, Indore	India
S3-002711	Harbor Textiles Limited	217 Northgate Cross, Indore, Rajasthan	India
S3-007811	Quarry Fods Pvt Ltd	240 Lantern Mn, Brightpath Nagar, Indore, MP, 632060	India
S3-008920	Summit, Stonebride Foods and Sons Corp	211 Stnoebridge Rd, Northgate Park, Mobile	United States
S3-008320	Redwood Brightpath Foods	219 Stonebridge Cross Cobalt Nagar Fresno Kerala	India
S3-007904	Vertex, Private Limited	228 Falcon Mn Coimbatore 692615	India
S3-003770	Apex Corporation	249 Ironwood Road Harbor Park Akron OH 92232	United States
S3-004280	Onyyx Pvt Ltd	Silverline Marg, Kochi, Maharashtra, 618311	IN
S3-003615	Quarry Systems & Sons Private Lmited	232 Ravenwood Crs, Vertex Nagar, Jaipur, Gujarat	India
S3-005598	Kestrel Consulltanyc and Sons Limited	12/3 Apex St, Sunstone Nagar, Kochi	IN
S3-001834	Electriccals	76 Apex Drive Vertex Park Austin 37153	United States
S3-000134	Northgate Ironwood Textiles LC	Behind the Civic Center, 52 Onyx Ave, Ravenwood Park, Akron, IL, 90454	United States
S3-007813	Ravenwood Sliverline Corp	142 Sunstone Rd, Harbor Nagar, Lubbock, MP	IN
S3-002214	Brgihtpath Fabrics Co	292 Harbor Avenue, Redwood Park, Akron, OH, 78701	US
S3-007243	Kestrel Trading rivatee Limited	Opp. Bus Depot 366 Goldleaf Road Clearwater Nagar Pune Gujarat 999034	IN
S3-001872	Falcon Onyx Trading & Sons Co	Juniper Drive, Summit Park, Austin, AL, 29664	USA
S3-001599	Sunstone Pcakaging & Sons Pvt Ltd	297 Kestrel Crs, Cobalt Nagar, Jaipur, Rajasthan, 118487	IN
S3-008753	Maplecrest Enterprises	150 Falcon Drive, Fresno, AL, 53124	USA
S3-007348	Cobalt Textiles & SonsIncorporated	231 Brightpath Street, Peoria, WA, 94124	United States
S3-006998	Brightpath Bluepeak Systems	118 Quarry Mn, Stonebridge Nagar, Kochi, Gujarat, 645448	India
S3-007280	Northgate Electricals & Sons Limited Liability Company	364 Summit Avenue Mobile CA	USA
S3-002640	Junper Electricals Private Limited	180 Onyx Road, Brightpath Nagar, Kochi, Rajasthan, 690034	India
S3-000271	Summit Goldleaf Industries aand Sons Incorporated	87 Vertex Rd, Ironwood Park, Mobile	US
S3-002028	Northgate and Sons Pvt Ltd	35/53 Falcon Rd, Stonebridge Nagar, Kochi, Gujarat, 179010	India
S3-002512	Redwood Brightpath Packaging Ltd	155 Quarry Rd, Cobalt Nagar, Surat, Gujarat, 784945	IN
S3-000806	Summit ystems Ltd	18/62 Sunstone St, Stonebridge Nagar, Pune, Kerala, 927580	India
S3-006093	Silverline	Juniper Rd, Sunstone Nagar, Near Metro Pillar 42, Kochi, 584329	IN
S3-000433	Mapleccrest Textiles Limited	364 Cobalt Rd, Cobalt Nagar, Opp. Bus Depot, Indore, Gujarat, 452375	IN
S3-002031	Ravenwood Motors Private Limited	166 Apex Cross Jaipur Rajasthan 813129	IN
S3-002888	Harbbor	96 Vertex Cross, Ravenwood Nagar, Nagpur, Gujarat, 353699	IN
S3-005873	Kestrel Corporation	249 Kestrel Blvd, Peoria, 87316	USA
S3-008063	Electricals Orchid Pvt Ltd	268 Quarry St, Behind the Civic Center, Surat, TX	United States
S3-008724	Thitle	269 Stonebridge Main, Vertex Nagar, Jaipur, Tamil Nadu, 837226	India
S3-009106	Meridian Solutions Limited	167 Northgate Main, Vertex Nagar, Surat, Kerala	IN
S3-007274	Ravenwood Fabrics	208 Lantern St, Stonebridge Park, Austin, TX	United States
S3-007860	Quarry Summit Tradnig Corp	389 Northgate St, Kestrel Park, Lubbock, WA, 82547	United States
S3-002677	Stonebridge Textiles Corporation	89 Juniper Avenue, Vertex Park, Fresno, OH, 11146	US
S3-002613	Laantern P Ltd	193 Falcon Marg, Near Metro Pillar 42, Clearwater Nagar, Indore	India
S3-005007	Harbor Trading	210 Ravenwood Road, Northgate Nagar, Kochi, Tamil Nadu, 767199	IN
S3-006805	Redwood Silverline Trading Limited Liability Company	350 Apex Boulevard, Mobile, IL, 93115	USA
S3-008468	Brightpath Falcon Motors Pvt Ltd	Onyx Ave Redwood Park Indore CA 66961	USA
S3-004314	Bluepeak Textiles & SSons Inc	250 Clearwater Avenue, Orchid Park, Peoria	United States
S3-000491	Redwoo dOnyx Solutions Limited	199 Thistle Rd, Meridian Ngar, Nagpur, Kerala, 847451	India
S3-000086	Juniper Pvt Ltd	Summit Nagar, Jaipur, Maharashtra, 301343, 030 Harbor Street	India
S3-008951	Stonebridge Trading	217 Vertex Ave, Bluepeak Park, Peoria, CA	IN
S3-005210	Onyx & Sons Inc	210 Orchid Drive Thistle Park Tacoma AL 81896	United States
S3-004601	Goldleaf Enterprises Ltd	326 Bluepeak Rd, Apex Nagar, Coimbatore, Kerala	India
S3-008212	Consultncy Maplecrest Onyx	126 Clearwater Dr Austin 10958	United States
S3-005370	Silverline Industries Private Limited	308 Cobalt Main, Orchid Nagar, Kochi, MP, 269286	India
S3-006292	Harbor Meridian Packaging Inc	303 Juniper Street, Harbor Park, Tacoma, CA	United States
S3-002492	Sunstone Vertex Electricals Inc	60 Sunstone Boulevard, Mobile, TX, 88369, Juniper Park	USA
S3-003422	Sunstoe Industries	234 Quarry Dr, Clearwater Park, Lubbock	US
S3-002887	Harbor Chemcials Private Limited	Vertex Cross, Nagpur, Gujarat, 353699	IN
S3-003632	Orchid Onyx Systems Limited Liabiliy Company	207 Lantern Drive, Cobalt Park, Mobile, IL, 83562	US
S3-006831	Kestrel Electricals Companny	194 Brightpath Street Summit Park Opp. City Library Akron TX	United States
S3-007957	Maplecrest Redwood Trading Co	192 Apex St, Near Exit 14, Akron, TX	United States
S3-003663	Meridian Entreprises Pvt Ltd	135 Kestrel Crs Stonebridge Nagar Surat Kerala	India
S3-007194	Orchid Pvt Ltd	118 Redwood Cross, Thistle Nagar, Pune, Kerala, 646714	India
S3-008357	Northgate iLmitedL iability Company	Harbor Avenue Austin 95590	United States
S3-004724	Stonebridge and Son Corp	231 Silverline Dr Behind the Civic Center Tacoma 91660	USA
S3-004440	Summit Foods P Ltd	Near Metro Pillar 42, Orchid Street, Indore, Gujarat	IN
S3-005274	Quary Chemicals LLC	Near Exit 14, Sunstone Blvd, Silverline Park, Fresno	US
S3-006083	Quarry, Logsitics	Lantern Main, Northgate Nagar, Surat, Tamil Nadu, 642547	IN
S3-000881	Maplecrest Electricals Compaany	249 Lantern Dr, Maplecrest Park, Near Exit 14, Austin	USA
S3-005528	Juniper Foods Limtied	222 Apex Cross, Cobalt Nagar, Coimbatore, Tamil Nadu	India
S3-005542	Juniper Packaging Sunstone and Sons	122 Stonebridge Rd, Tacoma, WA, 72559	USA
S3-006346	Juniper Enterprises	63 Quarry Road, Nagpur	India
S3-007693	Harbor Lantern Chemicals Inc	7 Bluepeak Rd Tacoma IL 19056	USA
S3-000540	Vertex Packaging Private Limited	56 Clearwater Marg, Ngapur, 444293	India
S3-004073	Ironwood LLC	292 Falcon Blvd, Northgate Park, Near Exit 14, Mobile, WA, 30295	United States
S3-001875	Falcon, Solutions Corporation	162 Vertex Avenue, Ironwood Park, Tacoma, WA	USA
S3-003995	Fabrics, Silverline	228 Clearwater Drive, Falcon Park, Peoria, WA	US
S3-006259	Consultancy Cobalt Prviate Limited	341 Northgate St Apex Nagar Indore Gujarat 448949	IN
S3-009060	BrightpathK, estrel Logistics	246 Vertex Dr, Kestrel Park, Austin, AL	US
S3-003593	Sunston Electricas and Sons	200 Ironwood Dr, Juniper Park, Fresno, IL, 24770	USA
S3-004137	Suntone Harbor Consultancy Pvt Ltd	165 Maplecrest Main, Lantern Nagar, Near Metro Pillar 42, Indore, MP, 116032	IN
S3-007201	Cobalt, Services aand Sons Incorporated	17 Bluepeak Road, Maplecrest Park, Akron, 20249	US
S3-007617	Bluepeak Industries Pvt Lttd	Ironwood Marrg, Surat	India
S3-007311	Stonebridge Packaging aand Sons Inc	83Goldleaf Mn, Harbor Nagar, Akron, MP, 553883	IN
S3-007743	Stonebridge Fabrics Private Limtied	179 Onyx Road, Goldleaf Nagar, Jaipur, Kerala	India
S3-006744	Quarry Fabrics Ltd	393 Quarry Cross, Kochi, Gujarat, 151785	India
S3-002228	Maplecrest, Redwood Trading Co	164 Bluepeak Rd, Clearwater Park, Akron, OH	USA
S3-008137	Ironwood, Motors Incorporated	29 Juniper Road, Fresno, TX, 86104	United States
S3-005891	Vertex Solutions Onyx Co	164 Silverline Blvd Goldleaf Park Mobile AL 94742	USA
S3-006266	Foods, Clearwater & Sons	Ironwood Road Tacoma CA 95880	United States
S3-007761	Quarry Fods Incorporated	104 Juniper St, Opp. City Library, Lantern Park, WA, 68189, Tacoma	USA
S3-008885	Cobalt Packaging Private Limited	Falcon Park, Austin, CA, 16629, 327 Silverline Boulevard	India
S3-001223	Fods Cobalt	267 Kestrel Street, Sunstone Park, Lubbock, WA	US
S3-005430	Lantern Fabriccs Ltd	323 Brightpath Crs, Stonebridge Nagar, Coimbatore	IN
S3-005424	Stonebridge Logistics LLC	37/82 Brightpath Street, Bluepeak Park, Lubbock	United States
S3-006187	Suntsone Foods Pvt Ltd	374 Onyx Marg, Nagpur, 722771	India
S3-000360	Ravenwood Electrials and Sons Pvt Ltd	195 Silverline Road Coimbatore 630528 MP	India
S3-008978	Onyx, Goldleaf Electricals Incorportaed	Near Exit 14, 228 Sunstone Ave, Tacom, 58206	USA
S3-000761	Kestrel Limtied	205 Quarry Mn, Kochi, MP	India
S3-002547	Harbor, Services Limited Liability Company	34 Thistle Blvd, Austin, 622198	United States
S3-000371	Falcon Foods	109 Harbor Boulevard, Brightpath Park, Akron, AL	United States
S3-002558	Lantern Juniper	Orchid Nagar Jaipur Maharashtra 214471 Ravenwood Street	IN
S3-007283	Silverline Falcon P Ltd	53 Orchid Marg, Coimbatore, Tamil Nadu, 876690	India
S3-001700	Stonebridge Industries Pvt Ltd	Near SBI ATM 17 Harbor Road Northgate Nagar Indore Tamil Nadu	India
S3-003540	Meridian Fabrics & Sons Corporation	227 Thistle Drive, Peoria	United States
S3-006282	Onyx Cheimcals LLC	Kestrel Avenue Juniper Park Behind the Civic Center Austin IL 59230	United States
S3-000545	Ravenwod & Sons Ltd	216 Clearwater Crs, Indore, Rajasthan	IN
S3-007117	Suntsone Chemicals Corporation	Opp. City Library 389 Lantern Ave Peoria OH 40757	United States
S3-001110	Ravewnood Consultancy and Sons Inc	180 Vertex Rd, Austin, AL	US
S3-003037	Sunstone LLC	364 Bluepeak Rd, Tacoma, TX, 48958	USA
S3-003598	ChemicalsH arbor	Goldleaf Blvd, Near Exit 14, Onyx Park, Mobile, IL, 10072	USA
S3-007460	Stonebriddge Enterprises	577 Juniper Main, Northgate Nagar, Kochi, 376647	IN
S3-007584	Junipre Sunstone Packaging Ltd	322 Redwood Ave, Redwood Park, Surat	USA
S3-006162	Ironwoood Consultancy Incorporated	Thistle Park, Fresno, TX, 34/37 Maplecrest Rd	USA
S3-007696	Sunstone	155 Redwood Boulevard, Ironwood Park, Akron, OH	US
S3-003589	Brightpath Apex Trading Pvt Ltd	4 Silverline St, Falcon Nagar, Kochi, Tamil Nadu, 154139	IN
S3-003943	Vertex Loigstics Corp	Opp. City Library 385 Redwood Street Ravenwood Park Austin CA 70976	United States
S3-001865	HarborLimited	306 Quarry Crs Falcon Nagar Pune 242248 Rajasthan	IN
S3-007382	Onyx Cobalt Foods LLC	206 Lantern Boulevard, Opp. City Library, Clearwater Park, Peoria, CA, 71780	USA
S3-002418	Maplecrest Motors	394 Juniper Cross Coimbatore 520432	IN
S3-001484	Juniper &  Sonss Private Limited	184 Onyx Rd, Summit Nagar, Kochi	IN
S3-007263	Harbor P Lttd	220 Juniper Mn, Apex Nagar, Surat	IN
S3-002176	Quarry	Northgate Rad, Vertex Nagar, Pune, Kerala, 554599	IN
S3-008688	Meridian Consultancy Pvt Ltd	167 Juniper Drive, Maplecrest Park, Pune, 67138	United States
S3-005708	Ravenwodo Textiles Private Limited	Behind Ganesh Temple, Redwood St, Silverline Nagar, Indore, 116992	IN
S3-001130	Faalcon, Logistics Corporation	Clearwater Road, Brightpath Park, Austin, TX, 12495	US
S3-002687	Gooldleaf Logitsics Corp	4 Quarry Avenue, Quarry Park, Mobile, 35176	United States
S3-008923	Onyx Thistle Trading Private Limitd	276 Kestrel Crs, Vertex Nagar, Indore, Tamil Nadu	India
S3-006527	Meridian Pvt Ld	Thistle Nagar Coimbatore MP 62 Sunstone St	India
S3-001856	Silverline Foods and Sons P Ltd	344 Summit Marg, Harbor Nagar, Nagpur, Maharashtra	IN
S3-002110	Golldlea, Pvt Ltd	283 Redwood Marg, Coimbatore, Gujarat, 193782	India
S3-000513	Summit, Trading nd Sons P Ltd	Near Metro Pillar 42, 319 Goldleaf Cross, Ravenwood Nagar, Surat	IN
S3-005576	Orchid Conusltancy Corporation	Behind the Civic Center, 172 Silverline Street, Silverline Park, Fresno, WA, 52080	USA
S3-001017	Bluepeak oFods Co	Near Exit 14, 238 Ravenwood St, Mobile, CA	USA
S3-004534	Lantern Fabrics	290 Ravenwood Ave, Mobile	United States
S3-007732	Ravewood Corp	374 Harbor Avenue, Vertex Park, Peoria	US
S3-009194	Orchid Motros	133 Meridian Street Akron TX	IN
S3-006565	Thistle, Packaging Limited Liability Company	Near Exit 14, 21 Lantern Boulevard, Thistle Park, Peoria, 91773	US
S3-004126	Sunstone Thiste Industries Limited	Near SBI ATM 92 Onyx Marg Summit Nagar Nagpur Gujarat 604249	India
S3-002837	Thislte Chemicals Inc	232 Goldleaf Blvd, Cobalt Park, AL, 43434, Peoria	United States
S3-000388	Goldleaf Textiles Corporation	Behind the Civic Center, Bluepeak Dr, Brightpath Park, Austin, AL, 81616	US
S3-008259	Falcon, Packaging Pvt Ld	Falcon Dr, Fresno, 53124	IN
S3-004097	Harbor Brightpath Enterprises Inc	Opp. City Library 187 Falcon St Apex Park Tacoma 69097	United States
S3-008781	Meridian Silverline ConsultancyCo	3/63 ClearwaterD rive, Lantern Park, Akron	USA
S3-005201	Silverline Textiles P Ltd	Hrbor Mn, Falcon Nagar, Pune, 845244	India
S3-001797	Consulancy Apex and Sons Private Limited	Stonebridge Mn, Near Metro Pillar 42, Vertex Nagar, Indore, 919663	IN
S3-006090	OrchidCo	Opp. City Library, 111 Orchid Road, Cobalt Park, Austin, AL, 81472	USA
S3-008294	OynxBrightpath Consultancy & Sons Limited Liability Company	30 Summit Ave, Thistle Park, Fresno, 87340	United States
S3-004857	Vertex, Goldleaf Packaging LLC	Behind the Civic Center, 150 Harbor Street, Apex Park, Mobile, AL, 50077	United States
S3-004461	Bluepeak, Trading	Apex Crs, Coimbatore, Maharashtra, 680755	IN
S3-005378	Maplecres tSystems Incorporated	355 Stonebridge Road, Meridian Park, Tacoma, 84633	US
S3-003273	Falcon Electricals Limited Liability Company	162 Harbor Ave, Thistle Park, Lubbock, 48082	USA
S3-001493	Silverline Packagin Ltd	Redwood Cross, Sunstone Nagar, Surat, Rajasthan	IN
S3-006819	Appex Packaging P Ltd	144 Apex Mn Harbor Nagar Jaipur Kerala	IN
S3-007998	Thisttle Textiles	391 Northgate St, Northgate Park, 17905, Akron	US
S3-000461	Stonebridge nIdustries Limited Liability Company	35 Ironwood Dr, Sunstone Park Akron, 13472	United States
S3-005006	Harbor Trading P Ltd	210 Ravenwood Road Northgate Nagar 767199 Kochi	India
S3-004419	Orchhid, Ltd	136 Redwood St Surat 678252	India
S3-000596	Brightpth Apex Fabrics	229 Goldleaf Marg, Jaipur, MP, 257810, Quarry Nagar	IN
S3-006297	Summit Electricals Company	267 Thistle Dr, Northgate Park, Lubbock, OH	US
S3-006793	Thistle Privaate Limited	379 Ravenwood Main, Summit Nagar, Indore, Rajasthan	IN
S3-005816	Ksetrel Corp	Lantern Ave, Qaurry Park, Akron, WA, 22593	United States
S3-008743	Ravenwood, Pt Ltd	337 Sunstone Marg Clearwater Nagar Near Metro Pillar 42 Kochi Gujarat 692880	India
S3-006487	Northgate Incorporatd	25/1 Apex Road, Peoria, TX	USA
S3-006775	Onyx Chemicals Ltd	20/60 Vertex Mn, Meridian Nagar, 374558, Nagpur	IN
S3-003905	Harbor Electricals Incorporated	63 Apex St, Ironwood Park, Lubbock, 22708	US
S3-001252	Sunstone Motorss & Sons Pvt Ltd	170 Bluepeak Road Jaipur Kerala	IN
S3-005765	Orchid Tradinng Limited Liability Company	Lantern Ave, Lantern Park, Fresn,o 87205	USA
S3-005788	Maplecrest, Packaging Corp	374 Vertex Boulevard, Goldleaf Park, Lubbock, OH	USA
S3-006411	Cbalt	8 Meridian St, Tacoma, CA, 54317	US
S3-002952	Summit Vertex Motrs P Ltd	42 Northgate St, Goldleaf Nagar, Pune, 429879	India
S3-005561	Silverline oMtors	Thistle Park, Opp. City Library, Austin, CA, 86043, 160 Sunstone Dr	US
S3-009071	Onyx Motors Stoebrridge	8 Juniper Drive, Ironwood Park, Fresno, IL	USA
S3-000077	Thistle Textiles	16/32 Kestrel Marg, Stonebridge Nagar, Coimbatore, 297557	India
S3-007532	Sunstone Solutions & Sons Limited Liability Company	272 Orchid Rd Apex Park Austin 36153	USA
S3-008670	Summit Ironwood Solutions & Sons P Ltd	248 Silverline Drive, Clearwater Park, Austin	IN
S3-003178	Juniper Summit Logitics LLC	146 Ravenwood Avenue, Brightpath Park, Lubbock, OH, 61340	USA
S3-008973	Sunstone Ltd	286 Maplecrest Marg, Northgate Nagar, Coimbatore, Maharashtra	IN
S3-002047	Enterpises Kestrel P Ltd	Ironwood St, Jaipur	India
S3-008042	Quarr yTextiles Incorporated	171 Falcon Road, Clearwater Park, Tacoma, OH, 37557	US
S3-005349	Falcon Packaging P Ltd	295 Maplecrest Crs, Jaipur, Gujarat	India
S3-007010	Kestrel Private Limited	265 Ironwood Street, Thistle Park, CA, Akron	India
S3-000120	Kestrel Ravenwoo Trading Ltd	164 Juniper Main Kestrel Nagar Nagpur Tamil Nadu 864509	India
S3-002196	Stonebridge oCnsultanyc Pvt Ltd	1/1 Goldleaf Mn Pune MP	India
S3-007109	Sunstone Industries Ltd	118 Lantern Road Cobalt Nagar Nagpur Gujarat	IN
S3-002527	Redwood Packaging Limited	399 Clearwater St, Nagpur, Goldleaf Nagar	India
S3-004312	Harbor Trading  Sons	Kestrel Nagar, Jaipur, 89 Quarry Main	IN
S3-004109	Lantern Onyx Solutions Corp	214 Northgate Street, Northgate Park, Lubbock, 75154	US
S3-003741	Apex Fabrics Pvt Ltd	Opp. Bus Depot, 144 Summit St, Thistle Nagar, Coimbatore, 792964	IN
S3-005790	Apex System Pvt Ltd	15 Meridian Cross, Thistle Nagar,  Tamil Nadu, Kochi	IN
S3-004460	Kesterl Foods Limited	340 Redwood St, Juniper Nagar, Indore, Rajasthan	India
S3-003963	Falcon Apex Mtoors	14/57 Meridian Blvd, Falcon Park, Austin, CA, 79074	US
S3-003163	Vertex Solutions & Sons Limited	372 Cobalt Cross, Ironwood Nagar, Near SBI ATM, Surat, Kerala, 845206	India
S3-005332	Quarry Sunstone Trading & Sons	Near Exit 14, Sunstone Park, Fresno, 34270, Juniper Avenue	US
S3-008359	Thistle  Redwood Trading	292 Summit Marg, Northgate Nagar, Pune, 505978	US
S3-000323	Stonebridge	Behind the Civic Center, Lubbock, AL, 389 Thistle Street	US
S3-006502	Buepeak Services Ltd	20 Summit St, Kestrel Nagar, 588888, Surat	IN
S3-004385	Juniper Logistics and Sons PP Ltd	25/21 Goldleaf Mn, Clearwater Nagar, Surat, 395936	India
S3-008709	Meeridian Chemicals	274 Clearwater Drive, Akron	USA
S3-005255	Orchid Foos	152 Stonebridge Marg Lantern Nagar Coimbatore 521568	IN
S3-008377	Maplecrest Solutions	78 Malecrest Avenue, Maplecrest Park, Tacoma, OH	India
S3-001711	Goldleaf Falcon Packaging Company	84 Summit Avenue, Maplecrest Park, Akron, 11815	US
S3-006951	Northgate Quarry Motors Corporation	Opp. City Library, 270 Northgate Dr, Sunstone Park, Lubbock, IL, 41012	US
S3-001434	Kestrel, Cehmicals Private Limited	178 Quarry Mn Near SBI ATM Harbor Nagar 652199 Nagpur	India
S3-001367	Harbor Solutions Liimited	287 Summit Mn, Ironwood Nagar, Comibatore, MP, 177605	IN
S3-008810	Lantern Systems	250 Vertex Blvd Silverline Park Lubbock 51072	US
S3-001286	Goldleaf Limited Liability Company	33/24 Sunstone Avenue, Clearwater Park, Fresno, 22876	United States
S3-005984	Juinper Consultancy Apex LLC	Orchid Street, Opp. City Library, Fresno, AL, 75057	United States
S3-003120	Qurry Connsultancy Limited	222 Ravenwood Marg, Pune, Kerala	India
S3-004716	Maplecrest Chemicals Limited	Opp. Bus Depot, 206 Kestrel Street, Indore, Gujarat, 922160	IN
S3-004117	Lantern Industries Limited Liability Company	104 Clearwater Ave, Peoria, CA, 23508	United States
S3-003409	Quarry Foods & Sons	75 Kestrel Rd, Goldleaf Park, Tacoma, OH, 29510	USA
S3-008647	Redwood Logistics Inc	314 Ironwood Ave, Silverline Park, Mobile, OH, 61204	US
S3-002802	Brightpath Ironwoo dLogistics LLC	24/46 Kestrel DDrive, Behind the Civic Center, Ironwood Park, Fresno, CA	USA
S3-000895	Meridian Services nc	290 Meridian Road, Stonebridge Park, Tacoma, WA	US
S3-005084	Quary Foods	78 Orchid St, Juniper Park, Tacoma, IL, 21490	US
S3-003285	Lantern Motors Private Limited	376 Brightpath Crs, Near Metro Pillar 42, Orchid Nagar, Jaipur, Gujarat	IN
S3-005592	Thistle, Consultancy & Sons Incorporated	183 Harbor Dr, Mobile, TX	USA
S3-007438	Onyx Clearwater Chemicals Private Limited	172 Juniper Road, Lanten Park, Mobile, 98244	India
S3-000121	Vertex Trading & Sons Ltd	166 Apex Mn, Jaipur, Rajasthan, 317270	India
S3-006770	Maplecrest Orchidd Motors & Sons Ltd	224 Ravenwood Road, Quarry Nagar, Indore, 881412	IN
S3-008429	Ravenwood Solutions Ltd	Opp. Bus Depot, 347 Stonebridge Marg, Jaipur, 147270	IN
S3-008267	Lantern Industries Corp	108 Onyx Mn Falcon Nagar Mobile 731744	IN
S3-001786	Orchid, Reedwood Incorporated	Behind the Civic Center, Harbor Park, Fresno, 217 Silverline Road	US
S3-007239	Maplecrest Services and Sons Corporation	182 Quarry Avenue, Stonebridge Park, Akron	United States
S3-007815	Summit Packaging and Sons Ltd	Clearwater Road, Meridian Nagar, Kochi, Tamil Nadu	IN
S3-006323	Ravenwood Tradng	340 Brightpath Street, Kochi, 89668	IN
S3-000041	Maplecrest Silverline Enterprises Private Limited	7/66 Ironwood Marg, Cobalt Nagar, Indore, Rajasthan, 704846	India
S3-008696	Ravenwood Systems Incorporated	384 Northgate Street Juniper Park Fresno WA	US
S3-005436	Quarry Ltd	57 Lantern St Jaipur	IN
S3-003737	Vertex Servicse Private Limited	Near Metro Pillar 42, 352 Summit St, Thistle Nagar, Indore, MP, 956877	IN
S3-000589	Thistle Priivate Limited	Clearwater Nagar, Coimbatore, MP, 319 Falcon Marg	India
S3-008289	Ironwood Consultancy Ltd	Clearwater Nagar, Coimbatore, 781443, 25/32 Orchid Marg	India
S3-006058	Brightpath Electricals Ltd	163 Stonebridge Rd, Ironwood Nagar, Nagpur, Maharashtra, 315137	IN
S3-001353	Maplecrest Electrials Private Limited	Meridian Marg, Kestrel Nagar, Coimbatore	IN
S3-006309	Thistle Services Pvvt Ltd	105 OOrchid Marg, Orchid Nagar, Kochi, Maharashtra, 572338	India
S3-001625	Apex, Meridian Solutions Private Limited	81 Falcon Mn, Summit Nagar, Pune	IN
S3-004431	Cleearwater Maplecret Electricals	28 Orchid Mn Ravenwood Naagr Jaipur Rajasthan 910110	IN
S3-005704	Sloutions Company	306 Juniper Avenue, Northgate Park, Mobile, WA, 24754	USA
S3-005536	Northgae Lantern Private Limited	Bluepeak Marg Maplecrest Nagar Kochi Gujarat 854409	IN
S3-007499	Stonebridge Onyx TTexitles P Ltd	148 Cobalt Dr, Ironwood Park, Nagpur, IL, 94840	United States
S3-008643	Redwood iLmited Liability Company	56 Sunstone Cross, Meridian Nagar, Lubbock, 781614	India
S3-000473	Falcon FabricsP  Ltd	Orchid Mn, Maplecrest Nagar, Jaipur, 631107	IN
S3-007927	Kestrel Fabrics & Sons Pvt Ltd	324 Lantern Marg Pune Tamil Nadu 226478	IN
S3-009105	Apex Ravenwood Electricals PrivateL imited	207 Bluepeak Crs, Maplecrest Nagar, Nagpur, 106676	IN
S3-001734	Vertex Motorss and Sons P Ltd	90 Silverline Road, Kochi, 156175	IN
S3-000373	Bluepeak, Falcon Industries	Thistle Marg, Cobalt Nagaar, Pune	India
S3-001997	Orchd Chemicals	Behind the Civic Center, 229 Meridian Boulevard, Akron, CA	USA
S3-006965	Redwood Chemicals Inc	388 Lantern Dr Harbor Park Peoria 38783	US
S3-000650	Falcon, Enterprises Ltd	170 Sunstone St, Lantern Nagar, Pune, Rajasthan, 157484	India
S3-005832	Vertex Sysstems	Near SBI ATM 290 Maplecreest Road Thistle Nagar Kochi Gujarat	IN
S3-006493	Lanetrn Fabrics Inc	2/54 Lantern St, Behind the Civic Center, Lantern Park, Tacoma, CA, 41264	USA
S3-005594	Tihstle Incorporated	183 Harbor Drive, Mobile, TX,5 9142	US
S3-006059	Summit Vertex Trading LLC	323 Ironwood Boulevard Sunstone Park Peoria 36666	US
S3-003424	Solutions Co	263 Sunstone Blvd, Redwood Park, Austin, 51429	US
S3-001600	Harbor Goldleaf Fabrics and Sons P Ltd	Orchid St, Thistle Nagar, Nagpur	India
S3-007184	Bluepeak Industries	7 Clearwater Drive, Pune, 39695	United States
S3-008705	Stonebridge Enterprises Private Limited	243 Brightpath St, Nagpur, Tamil Nadu	India
S3-001149	Goldleaf Kestrel Packaging Co	126 Apex Ave Brightpath Park Austin TX	US
S3-005735	Orchid, Motors & Sons	200 Ironwood Rd Nagpur MP	India
S3-008565	OrchidS ystms Corp	108 Kestrel Main, Apex Nagar, Fresno, MP	IN
S3-006827	Clearwater TextilesLimited	1/47 Silverline Marg, Behind Ganesh Temple, Harbor Nagar, Surat	IN
S3-002275	Brightpath Ennterpprises Co	44 Meridian Blvd Harbor Park Behind the Civic Center Fresno AL 28033	USA
S3-008937	Ravenwood Services & Sons Co	173 Goldleaf St Northgate Park Tacoma 89723	USA
S3-008982	Ironwood Northgate Packaging	Behind the Civic Center 135 Goldleaf Street Goldleaf Park Mobile WA 44071	IN
S3-009113	Harbor Tarding & Sonns	365 Ravenwood Avenue, Tacoma, WA, 16675	US
S3-002699	Summit Enetprises and Sons Corp	107 Apex Drive Summit Park Austin 98769	US
S3-000807	Quaryr Solutions & Sons Ltd	262 Onyx Mn Quarry Nagar Kochi Maharashtra 295499	India
S3-004325	Brightpath Ltd	126 Kestrel Rd, uSrat, Rajasthan, 175833	IN
S3-002844	Ravenwood, Trading Pvt Ltd	160 Orchid Rd, Redwood Nagar, Indore, Maharasshtra, 230392	India
S3-001993	Summi tChemicals Company	Near Exit 14, 130 Quarry Ave, Peoria, TX, 39022	US
S3-001771	Redwood	165 Apex Street, Vertex Park, Mobile, CA, 56128	United States
S3-005925	Verex Co	Opp. City Library, 192 Maplecrest Street, Bluepeak Park, Austin, IL	United States
S3-003236	Kestrel Chemicals Co	Ironwood Street, Redwood Park, Behind the Civic Center, Lubbock, TX, 35175	US
S3-006153	RavenwoodRedwood Logistics P Ltd	258 Maplecrest Rd, Northgate Nagar, Kochi, Kerala, 540411	IN
S3-001359	Apex Pvt Ltd	184 Bluepeak Cross, Near Metro Pillar 42, Coimbatore, Maharashtra, 205489	India
S3-008858	Onyx Solution s& Sons	132 Meridian Drive, Austin, 58029	India
S3-008878	Brightpath Goldleaf Fooods Private Limited	286 Clearwater Street, Surat, 639362, Kestrel Nagar	India
S3-008187	Goldleaf Goldleaf Solutions Ltd	232 Orchid Road, Ironwood Nagar, Jaipur, Maharashtra, 730740	India
S3-007641	Vertex Solution sPvt Ltd	375 Bluepeak St Quarry Nagar Indore 257051	India
S3-003942	Vertex Logitics	233 Lantern Blvd Stonebridge Park Peoria OH	US
S3-005285	Fabrics Clearwater Corporation	51 Maplecrest Blvd, Near Exit 14, Ravenwood Park, Austin, OH, 94670	US
S3-006901	FoodsBrightpath LLC	196 Juniper Street, Tacoma,, WA, 51849	USA
S3-005655	Maplecrest Packaging Private Limited	102 Lantern Cross Redwood Nagar Indore Tamil Nadu	IN
S3-007523	Silverline Electricals Limited Liability Company	237 Meridian Street, Summit Park, Austin, 97153	US
S3-002353	Vertex Electriicals Inc	369 Clearwater Street Bluepeak Park Near Exit 14 Lubbock 90613	US
S3-004023	Kestrel Tradnig & Sons	182 Stonebridge Marg Near SBI ATM Falcon Nagar Kochi Maharashtra 796292	India
S3-002010	Ape Solutions Company	110 Orchid Drive, Onyx Park, Austi, 58031	USA
S3-002567	Cobal tCorp	115 Orchid Street, Thistle Park, Lubbock, 82732	United States
S3-004427	Clearwater Systems	156 Onyx Ave, Ironwood Park, Fresno	USA
S3-006773	Goldleaf Packaging & Sons Inc	Bluepeak Boulevard Meridian Park Austin 29487	US
S3-005258	Clearwater Foods and Sons P Ltd	309 Brightpath Streeet, Sunstone Nagar, Nagpur, 563745	India
S3-007342	Bluepeak Clarwater Consultancy LLC	394 Redwood Street Mobile CA 335239	US
S3-005877	Orchid Consultancy & Sons Private  Limited	20/63 Thistle Mn, Nagpur, Maharashtra, 871552	India
S3-006203	Golldeaf, Onyx	263 Thistle Road, Apex Park, Austin, AL, 72873	USA
S3-004397	Onyx Chemicals P Ltd	Near SBI ATM, 344 Stonebridge Rd, Thistle Nagar, Coimbatore, MP, 473107	IN
S3-005416	Kestrel Harbor & Sons	331 Clearwater Mar Thistle Nagar Jaipur Rajasthan	India
S3-003762	Falcon, Logistics LLC	381 Northgate Avenue, Northgate Park, Lubbock, IL	US
S3-006933	Celarwater Ironwood Textiles	Apex Marg Vertex Nagar Surat Tamil Nadu	India
S3-006661	Lantern P Ltd	Vertex Marg, aMplecrest Nagar, Kochi, Kerala, 180336	India
S3-008124	Onyx Systems P Ltd	119 Lantern Street, Cobalt Nagar, Kochi, MP	India
S3-001884	Kestrel, Inddustries Co	148 Stonebridge Avenue Fresno 47494	USA
S3-003175	Sunstone, Lgoistics Pvt Ltd	Near SBI ATM, Thistle Road, Pune, Rajasthan, 333163	India
S3-005169	Aex Pvt Ltd	174 Onyx Crs, Vertex Nagar, Nagpur, Kerala, 291412	IN
S3-001913	Electricas Silverline Corp	174 Quarry Dr, Brightpath Park, Mobile, TX, 7521	USA
S3-000556	Vertex Motors Inc	159 Meridian Rd, Silverline Park, CA, Peoria	United States
S3-008865	Ravnewood Packaging P Ltd	13/24 Silverline Avenue, Indore, OH	US
S3-004549	Vertex Logistics Ltd	111 Harbor Crs, Harbor Nagar, Nagpur, MP, 149822	IN
S3-001503	Orcid Inc	113 Ravenwood Avenue, Cobbalt Park, Peoria, 18596	United States
S3-005493	Orchid Solutions Lmiited	385 Apex Road, Kestrel Nagar, Pune, Kerala, 650952	IN
S3-007216	Stonebridge  Cobalt Services Inc	11 Lantern Blvd, Opp. City Library, Juniper Park, Mobile, CA	USA
S3-000516	Vertex Textiles Corporation	179 Cobalt Boulevard, Goldleaf Park, Lubbock, CA, 65411	US
S3-003990	Quarry Textiles and Sons	31/25 Goldleaf Street, tonebridge Park, Fresno, 64578	USA
S3-002258	Brightpath Systems Corporation	Behind the Civic Center, 104 Maplecrest Avenue, Thistle Park, Austin, IL, 23811	US
S3-008954	Harbor Cobalt	29 Onyx Boulevard, Juniper Park, Opp. City Library, Surat, WA, 73299	US
S3-008765	Summit  Private Limited	57 Stonebridge St, Coiimbatore, 739777	India
S3-003369	Summit Chemicals	267 Brightpath Rd, eRdwood Park, Peoria, CA, 61169	US
S3-002995	Northgate & Sons Ltd	7/2 Juniper Marg, Harbor Nagar, Surat, 518113	IN
S3-002553	Summit Electricals LLC	221 Quarry Avenue, Akron, IL, 10452	USA
S3-004293	Kestrel Cosnultancy Co	383 Cobalt Ave, Mobile, CA	US
S3-001868	Chemicals Cobalt Cobalt and Sons Company	68 Falcon Dr, Bluepeak Park, Tacoma, IL	US
S3-001632	Falcon Kestrel Enterprises & Sons	383 Thistle St Akron 44965	US
S3-006132	Ravenwood Solutionss Corporation	68 Thistle Dr, Peoria	US
S3-004368	Kestrel Juniper Systems Private Limited	26 Falcon Street Summit Nagar Indore 920941	India
S3-006471	Meridiaan Limited Liability Company	Redwood Avenue, Peoria, AL, 62144	US
S3-001188	Stonebridge Packaging Inc	19/73 Kestrel Street Northgate Park Austin 91443	United States
S3-000726	Sunstone Systems Privat eLimited	14/23 Onyx Street, Northgate Nagar, Pune, Tamil Nadu, 714637	India
S3-006312	Lantrn Logistics LLC	238 Maplecrest Dr, CA, 49340, Tacoma	USA
S3-008745	Maplecrest, Packaging LLC	217 Kestrel Ave, Akron, 13765	United States
S3-004285	Apex Inc	280 Onyx Blvd, Juniper Park, Near Exit 14, Peoria	United States
S3-006295	Thistle Northgate Crp	103 Northgate Dr Thistle Park Peoria IL 89887	USA
S3-004476	Vertex Ravenwood P Ltd	24/20 Maplecrest Road, Onyx Nagar, Pune	IN
S3-005834	Summi SSystems Limited	Behind Ganesh Temple, 55 Sunstone Street, Jaipur, Rajasthan	IN
S3-006692	Orchiid Logsitics	111 Apex Dr, Tihstle Park, Austin, OH, 43540	United States
S3-005710	Apxe, Trading Private Limited	3/67 Clearwater Marg, Quarry Nagar, Kochi	India
S3-004709	Clearwater Pakcaging Corporation	Near Exit 14, Ironwood Ave, Harbor Park, Peoria, CA, 39379	USA
S3-007290	Maplecrest Enterpriises LLC	9/20 Northgate Rd, Bluepeak Park, Austin, WA	US
S3-009088	Lantern, Tetxiles Cop	168 Thistle Dr, Harbor Park, Peoria, 24419	United States
S3-007027	Clearwater Textiles & Sons Limited Liability Company	13/56 Quarry Blvd Lubock 63140	United States
S3-005523	Clearwater EElectricals  Co	142 Falcon Avenue, Apex Park, Opp. City Library, Fresno	United States
S3-007791	Blueepeak	240 Meridian Street, Mobile, 70926	US
S3-009044	Haror Fabrics	86 Quarry Cross, Behind Ganesh Temple, Kochi, MP, 324116	India
S3-007625	Oynx	204 Cobalt Blvd, Meridian Park, Mobile, TX, 82953	United States
S3-006505	Sunstone Foods Inc	33/22 Northgate Dr, Brightpath Park, Lubbock, IL	US
S3-002021	Ravenwood Systems Limited	346 Harbor St, Clearwater Nagar, Jaipur, 484848	India
S3-002815	Thistle Electricals	306 Kestrel Blvd, Akron, AL	US
S3-007711	Summit Chemicals Ltd	Brightpath Drive Juniper Park Coimbatore 90617	USA
S3-005502	Bluepeak Systems Private Limited	225 Sunstone Marg, Ravenwood Nagar, Jaipur, Tamil Nadu	India
S3-004861	Maplecrest Quarry LogisticsP  Ltd	158 Summit Cross, Orchid Nagar, Coimbatore, Maharashtra	IN
S3-005826	Kestrel Motors Ltd	159 Quarry Cross, Summit Nagar, Surat, Rajasthan, 311518	IN
S3-003744	Quaarry Solutions	330 ApexM n, Redwood Nagar, Jaipur, 522041	IN
S3-005047	Harbor	178 Summit Drive, Maplerest Park, Akron, AL	United States
S3-004629	Stonebridge Jniper Industries and Sons Private Limited	345 Maplecrest Rd, Sunstone Nagar, Surat, 799326	India
S3-006065	Onyx Systems Corp	Behind the Civic Center, 203 Meridian Street, Meridian Park, Akron, OH	US
S3-008182	Quarryy Solutions Ltd	299 Lantern Crs, Silverline Nagar, Coimbatore, 339104	India
S3-004363	Summit SServices	191 Redwood Road, Stonebridge Nagar, Pune, 135843	IN
S3-008829	Meridian System Corp	391 Quarry Blvd Northgate Park Lubbock WA	US
S3-000693	Onyx Quarry Consultancy Private Limited	268 Ironwood Cross, Near SBI ATM, Jaipur, Rajasthan	India
S3-005549	Harbor Chemicals & Sons	20/71 Goldleaf Blvd, Ravenwood Park, Peoria, 75894	United States
S3-006648	Consultancy, Silverline Incoprorated	339 Quarry Dr Austin 42637	US
S3-002652	Meridian Consultancy Private Limited	168 Goldleaf Main, Northgate Nagar, Jaipur	IN
S3-005967	Bluepeak Industries P Ltd	361 Goldleaf Street, Jaipur, MP, 581266, Redwood Nagar	IN
S3-007704	Northgate Fabrics Private Limied	185 Summit Marg, Ironwood Nagar, Pune, Tamil Nadu, 116327	India
S3-007502	Kestrel Private Limited	Clearwater Road, Silverline Nagar, Pune, 577202	IN
S3-005092	Clearwater Flcon Logistics	375 Orchid Drive, Kestrel Park, Fresno, OH, 70448	USA
S3-004407	Systems Summit & Sons CCorp	376 Clearwater St, Sunstone Park, Peoria, 96884	US
S3-006001	Orchid Txtiles & Sons LLC	358 Harbor Boulevard, Sunstone Park, OH, 80397, Austin	United States
S3-007948	Thistle Industries & Sons Limited Liability Company	Harbor Road, 83071, Lubbock	USA
S3-003168	Cobalt Textils Incorpoarted	162 Maplecrest Drive Opp. City Library Lubbock 58879	United States
S3-000108	ThistleP ackaging & Sons LLC	110 Stonebridge Street, Lubbock, 70194	US
S3-001487	Junipre, Private Limited	Brightpath Mn, Kochi, Rajasthan, 137130	IN
S3-004806	Quarry, Juniper Electriacls Ltd	24/72 Summit Marg, Maplecrest Nagar, Coimbatore, Maharashtra	IN
S3-007182	Cobal Logistics Ic	170 Juniper Road, Apex Park, Opp. City Library, Austin, TX, 86031	USA
S3-006165	Blupeeak nOyx Logistics Pvt Ltd	14/49 Vertex Rd, Indore, Rajasthan	IN
S3-005887	Cobbalt Chemicals Inc	Goldleaf Dr, Stonebridge Park, CA, 59221,Fresno	USA
S3-003411	Stonebridge Cobalt Consultancy	172 Cobalt Mn, Kochi, 800833, Goldleaf Nagar	India
S3-008056	Kestrel, Indstries P Ltd	24 Vertex Drive, Akron	IN
S3-008639	Cobalt Chemicals Private Limited	Silverline Avenue, Nagpur, Maplecrest Park	United States
S3-008501	Goldleaf Corporation	282 Brigthpath Boulevard, Lantern Park, Tacoma, CA, 24409	United States
S3-005319	Sunstone Chemicals & Sons P Ltd	271 Falcon Marg, Thistle Naga, Kochi, Gujarat, 870326	India
S3-008772	Blueepak Services Corporaion	338 Apex Ave Beihnd the Civic Center Clearwater Park Mobile 74585	US
S3-004260	Meridian Bluepeak  Packaging P Ltd	13/72 Falcon Marg, Jaipur, Gujarat	India
S3-000524	Rewood Systems Pvt Ltd	387 Onyx Rd Falcon Nagar Jaipur 186101	IN
S3-005011	Clearwater Summit Services and Sons Company	240 Juniper Dr, Ironwood Park, Fresno, 68012	USA
S3-000673	Veertex Privaate Limited	212 Maplecrest Main, Jaipur, 986544	IN
S3-003685	Cobalt Motor sPrivate Limited	361 Lantern St Coimbatore Maharashtra 558655	IN
S3-003327	Summmit Mootrs P Ltd	Opp. Bus Depot, Northgate Main, Redwood Nagar, Nagpur, Rajasthan, 988583	IN
S3-008200	Vertex Harbor Packaging P Ltd	285 Ravenwood Rd, Austin, OH	India
S3-000661	Falcon EnterprisesCo	10 Silverline Dr Opp. City Library Bluuepeak Park Mobile TX 59747	US
S3-008152	Chemicals Apex Inc	74 Apex Dr, Orchid Park, Fresno, 47673	United States
S3-000771	Clearwater Services & Sons Ltd	251 Summit Crs, Maplecrest Nagar, Nagpur, Gujarat, 305359	India
S3-004953	Rvewood Motors Ltd	Opp. Bus Depot, Bluepeak Rd, Sunstone Nagar, Indore, Maharashtra, 914645	India
S3-008487	Ravenwood Consultancy and Sons IInc	297 Harbor Dr, Silverline Park, Akron, TX, 45561	USA
S3-008071	Brightpathh Trading &  Sons Inc	Apex Boulevard, Bluepeak Park, Fresno, IL	US
S3-000351	Bluepeak Fbrics LC	285 Norhgate Avenue Maplecrest Park Mobile TX 73278	United States
S3-001549	Summit Packaging Incorporated	Lantern Avenue, Orchid Park, Austin, OH	United States
S3-007637	Silverline Foods & Sons Limited	393 Meridian Marg, Redwood Nagar, Kochi, 289287	IN
S3-003192	Meridian & Sons	362 Clearwater Cross, Coimbatore, Rajasthan	IN
S3-003063	NorthgateGoldleaf Corporation	273 Onyx St, Stonebridge Park, Fresno	United States
S3-002112	Goldleaf Motors and Sons	202 Ironwood Main Clearwater Nagar Indore Maharashtra 556600	IN
S3-008887	Vertex Falcon Packaging LLimited	285 Goldleaf Rd, Kestrel Nagar, Indore, 124223	IN
S3-005041	Bluepeak Logistics Limited Liability Company	344 Goldleaf St, Goldleaf Park, Opp. City Library, Austin, TX, 49242	USA
S3-001647	Quuarry Fabrics Inc	Opp. City Library, 342 Onyx Street, Ironwood Park, Mobile, TX	USA
S3-004787	Harbor,  Company	Stonebridge St, Vertex Park, Akron, 73554	USA
S3-005763	Ketrel Systems	308 Raenwood Avenue Lantern Park Lubbock 79013	United States
S3-005267	Meridian Fabrics Private Limited	319 Maplecrest St Jaipur Maharashtra	IN
S3-001526	Falco Electricals LLC	22/85 Redwood Boulevard, Quarry Park, Akron	USA
S3-003749	Summit Private Limied	126 Clearwater Street, Quarry Nagar, Near Metro Pillar 42, Jaipru, 164661	IN
S3-007857	Onyx Silverline Textiles LLC	332 Clearwater Dr, Bluepeak Park, Austin	US
S3-002206	Cobalt HHarbor Logistics Corp	151 Ravenwood Boulevard, Brightpath Park, Akron, TX, 12268	USA
S3-001656	Orchid aPckagign Incorporated	37/46 Vertex Boulevard, Cobalt Park, Mobile, TX, 13153	United States
S3-001427	Redwood Enterprises Ltd	40 Onyx Road Redwood Nagar Pune Maharashtra 155283	IN
S3-006061	Onyx Consultancy P Ltd	291 Juniepr Road, Meridian Nagar, Surat	IN
S3-003065	Industries and Son sPvt Ltd	204 Falcon Mag, Nagpur, 932743	IN
S3-005706	Ravenwood Textiles Pvt Ltd	20/16 Ravenwood Marg, Cobalt Nagar, Indore, Tamil Nadu, 706867	India
S3-005794	Ravenwood Enterprises Inc	395 Redwood St, Behind the Civic Center, Lubbock, WA, 44897	USA
S3-006296	Thistle Northgate Textiles Corporattion	103 Northgate Dr, Peoria, 89887	US
S3-008041	Bluepeak, Induustries Redwoood Company	350 Redwood Dr, Brightpath Park, Akron, AL	United States
S3-000554	Northhgate Inc	284 Ravenwood Dr, Brightpath Park, Austin, 39594	USA
S3-007583	Ironwood Textiles Co	259 Brightpath Drive Goldleaf Park Lubbock CA	USA
S3-002585	Clearwater Enterprises Ltd	48 Goldleaf Cross, Kestrel Nagar, Jaipur, Maharashtra, 227786	India
S3-006963	Solutions LLLC	1 Ravenwood St Peoria TX 22777	USA
S3-008398	Clearwater Consultancy Pvt Ltd	206 Bluepeak Main, Indore, Rajasthan, 615199	IN
S3-008026	Faalcon Company	386 Lantern Street Opp. City Library Lantern Park Mobile	US
S3-007515	Ironwoo dClearwater Services & Sons Inc	8/21 Vertex St Meridian Park Akron IL 63355	United States
S3-005206	Silverline Summit Systems and Sons Ltd	105 Onyx Cross, Summit Nagar, Nagpur, Gujarat, 906465	India
S3-006461	Vertxe Packaging and Sons Ltd	33 Juniper Cross, Nagpur, Rajasthan	India
S3-000936	Ravenwood Sstems Copr	33/53 Ravenwood Rd, Lantern Park, Fresno, WA	US
S3-004360	Quarry Logistics Ltd	173 Goldleaf Rd, Lantern Nagar, Pune, Maharashtra	India
S3-006189	SunstoneConsultancy Innc	26/31 Juniper Avenue, Redwood Park, Mobile, AL	USA
S3-008365	Harbor Mtors Pvt Ltd	Silverline Ave, Sunstone Park, Akro,n TX	IN
S3-008793	Summit  and Sons Ltd	296 Summit Crs Ravenwood Nagar Indore Rajasthan 993940	India
S3-008023	Redwood, Packaging	Opp. Bus Depot, 117 Quarry Marg, Vertex Nagar, Nagpur, 240179, Maharashtra	United States
S3-001524	Apex Trading	199 Falcon St, Nagpur, 758762	IN
S3-001710	Goldleaf Falcon	84 Summit Ave, Maplecrest Park, Akron, OH	USA
S3-004233	Summmit, Stonebridge Solutions P Ltd	Cobalt Rd, Quarry Nagar, Kochi, Tamil Nadu, 208728	India
S3-007990	Maplecrest Consultancy Private Limited	218 Bluepeak St, Harbor Nagar,, Nagpur	IN
S3-002464	Bluepeak Private Limited	Northgate Street, Behind Ganesh Temple, Brightpath Nagar, Surat, 506525	India
S3-006462	Habor Packaging Incorporated	86 Falcon Street, Clearwater Park, Mobile, IL	USA
S3-006758	Sunstone Chemicals Corporation	4 Falcon St, Peoria	USA
S3-004395	Chemicals Onyx Private Limited	344 Stonebridge Road, Thistle Nagar, Coimbatore, 473107	IN
S3-002636	Thistle Sunstone Enterprises Ltd	Sunstone Street, Maplecrest Nagar, Coimbatore	IN
S3-003450	Redwood, Stonebirdge Pvt LLtd	45 Goldleaf Rd, Falcon Nagar, Indore, Rajasthan	IN
S3-003333	Meridian Ironwood	39/24 Summit Rd, Tacoma, 32597	United States
S3-007412	Sumit Chemicals	Vertex Road, Northgate Park, Coimbatore, AL, 11364	United States
S3-006689	Onyx System LLC	Meridian Blvd, Tacoma, OH, 61140	USA
S3-001039	Solutoinns P Ltd	330 Ironwood Marg, Northgate Nagar, Surat, 171675	India
S3-000021	OrchidCobalt Textiles Corp	27 Cobalt Ave, Kestrel Park, Lubbock, 32041, AL	USA
S3-002808	Sunstone Fabrics Icn	5/70 Harbor Ave, Northgate Park, Austin, IL, 87816, Behind the Civic Center	US
S3-006460	Vertex Ltd	Near Metro Pillar 42, 33 Juniper Crs, Nagpur, Rajasthan, 370689	India
S3-005694	Goldleaf Corp	371 Harbor Boulevard, Juniper Park, Tacoma, AL	USA
S3-001767	Stonebridge Inudstries Limited	323 Harbor St, Jaipur, Kerala, 703226	India
S3-006597	Electricas LLC	146 Kestrel Rd, Harbor Park, Tacoma, AL, 57458	United States
S3-003042	Cobalt, Limited Liability Company	137 Northgate Dr, Silverline Park, Mobile, 54440	US
S3-007729	Quuarry Enterprises	364 Juniper Cross Meridian Nagar Coimbatore 897552	IN
S3-007598	Goldleaf Inc	351 Falcon Avenue, Northgate Park, Mobile, IL, Near Exit 14	US
S3-005158	Silverline Vertex Pvt Ltd	Behind Ganesh Temple, 190 Kestrel Main, Coimbattore, Kerala, 478752	IN
S3-002880	Brightpath Brightpath Enterprises PrivateLimited	343 Northgate St, Meridian Nagar, Near Metro Pillar 42, Pune, 433484	IN
S3-005501	Goldleaf Fabrics Compay	130 Onyx Drive Onyx Park Austin CA	United States
S3-003209	Fabrics Lantern Inc	362 Apex Boulevard, Redwood Park, Fresno, 15140	USA
S3-007713	Vertex Trading	14/24 Stonebridge Road, Apex Park, Mobile, IL, 96499	US
S3-002414	Redwood Textiles Ltd	103 Kestrel Rd, Meridian Naga, Pune, Kerala, 902932	IN
S3-006982	Maplecret Brightpath Cnsultancy Limited Liability Company	260 Quarry Crs, Redwood Nagar, Rajasthan, Austin	India
S3-005124	Trading Cobalt Falcon  & Sons Limited Liability Company	Near Exit 14, 177 Ironwood Drive, Fresno, 60427	US
S3-005469	Ironwood Foods Ltd	27/79 Redwood St, Northgate Nagar, Surat, 946835	India
S3-003344	Stonebridge, Incorporated	133 Orchid Rd, Apex Park, Lubbock, 20130	USA
S3-002318	Meridian Brightpath Limited Liability Compay	90 Orchid Boulevard, Falcon Park, Lubbock, 41147	USA
S3-000983	Vertex Solutions Inc	24/62 Summit Blvd, Austin, CA, 22021	United States
S3-008366	Clearwater, Aex Enterprises Inc	333 Redwood Blvd, ApexPark, Austin, 53686	USA
S3-003137	Ravenwodo Motors	311 Orchid Boulevard, Lubbock, TX, 35891	US
S3-005294	StonebridgeE nterprises	196 Thistle Marg, Jaipur, Gujarat, 456058	IN
S3-003662	Stonebridge Bluepeak Textiles Company	314 Apex Street, Ravenwood Park, Tacoma, AL, 89932	US
S3-005595	Vertex, CobaltPvt Ld	195 Northgate Street 769169 Kochi	India
S3-004217	Cobalt Electricals LLC	Orchid Ave, Redwood Park, Tacoma, CA, 70177	USA
S3-008370	Thistle,  Pvt Ltd	Maplecrest Ave, Lubbock, 64197	IN
S3-008508	Apx Trading LCL	397 Bluepeak Blvd, Quarry Park, Peoria, IL	United States
S3-007085	Brightpath Chemicals Co	Kestrel Dr, Mobile, WA	US
S3-002718	Bluepeak Cobalt Fabrics Corp	204 Cobalt Boulevard, Orchid Park, Peoria, CA	USA
S3-000552	Maplecrest, Thistle Solutions Limited	99 Redwood Main, Ironwood Nagar, Pune, Rajasthan, 747553	IN
S3-002702	Sunstone Fabrics and Sons Limited Liability Company	318 avenwood Drive Lubbock CA	US
S3-000976	Juniper Private Limited	Opp. Bus Depot Bluepeak Nagar Nagpur Gujarat 238887 Vertex Crs	India
S3-005902	Goldleaf TradingLimited	178 Maplecrest Crs Bluepeak Nagar Pune	IN
S3-003146	Harboor Systemms & Sons Company	215 Ravenwood Blvd, Stonebridge Park, Fresno, AL	United States
S3-001178	Sunstone, Foods Limited	2/73 Goldleaf Main Jaipur Gujarat	IN
S3-004779	Ravenwood Falcon Fooods Corp	399 Kestrel Street, Opp. City Library, Fresno, WA, 66656, Cobalt Park	US
S3-002733	Ironwood Sunstone Private Limitted	32/83 Redwood Main Northgate Nagar Surat 682762	IN
S3-007602	Silverline Maplecrest Solutions P Ltd	75 Cobalt Ave Summit Park Pune AL	US
S3-007527	Fallcon, Logistics & Sons	251 Quarry Street Ironwood Nagar Nagpur Kerala 185695	IN
S3-000974	Quarry Clearwater Enterprises Pvt Ltd	382 Redwood Road, Bluepeak Nagar, Surat, Gujarat, 504602	India
S3-005487	Juniper Sunstone Packaging gLimited	210 Birghtpath Crs, Surat, Rajasthan	India
S3-001053	Meridian Fods	155 Clearwater Ave Brightpath Park Fresno IL 89027	United States
S3-000508	Lantern PPackaging Private Limited	342 Vertex Mn, Clearwater Nagar, Jaipur, Rajasthan, 146083	IN
S3-001195	Clearwater Gldleaf Solutions	380 Bluepeak Cross Opp. Bus Depot Pune Tamil Nadu 276354	IN
S3-005076	Quaryr, Enterprises Pvt Ltd	Bluepeak Main, Pune, Maharashtra, 746806	IN
S3-000845	Kestrel Meridian Services Incorporated	13/40 Juniper Drive, Goldleaf Park, Mobile, TX, 71953	US
S3-006984	Lantern Enterprises Coorp	74 Clearwater Blvd Peoria OH 58722	United States
S3-008789	Ironwood Goldleaf Services Company	224 Stonebridge Street Stonebridge Park Peoria 67733	United States
S3-002739	Suummit Falcon Trading LLLC	Goldleaf Road Summit Park Mobile 64923	United States
S3-001357	Maplecrest P Ltd	391 Apex Marg Ravenwood Nagar Pune Gujarat 999199	India
S3-004879	Ironwood, Mootors Ltd	73 Falcon Main, Nagpur, Rajasthan, 631941, Cobalt Nagar	IN
S3-007425	Meridian Foods Corporation	4 Orchid Rd Harbor Park Tacoma 86098	USA
S3-005399	Stonebridge Foods LLC	179 Sunstone Ave Akron IL 40836	United States
S3-009127	Sttonebridge Services Inc	Kochi, 340 Brightpath St	US
S3-001150	Trading Ironwood Ravenwood Incorporated	290 Apex St, Behind the Civic Center, Orchid Park, Akron, AL, 54243	USA
S3-003223	Apex Motors Cororation	Redwood Street, Vertex Park, Mobile, WA, 25790	USA
S3-007066	Lanter Electricals Ltd	Apex Marg Behind Ganesh Temple Pune Kerala 266354	India
S3-004952	Ravenwoood, Motors	162 Bluepeak Rd Sunstone Nagar Indore 914645	India
S3-000682	Summit Textiles Corporation	359 Stonebridge Boulevard, Sunstone Park, Behind the Civic Center, Akron, CA	US
S3-007801	Silverline Fabrics Lmiited Liability Company	5/58 Juniper Mn Thistle Nagar Austin 106453	IN
S3-001478	Redwood IndustriesL td	Near SBI ATM, 249 Maplecres Marg, Pune, MP	India
S3-008924	Maplecrest Chemicals Corp	22 Harbor Blvd, Near Exit 14, Mobile, CA, 51971	US
S3-004359	Quarry, Logistics Ltd	173 Goldleaf Rd, Lantern Nagar, Pune, Maharashtra	IN
S3-007712	Summit Systems Incorporated	385 Maplecrest Street, Fresno, Maharashtra, 297260	IN
S3-001584	Vertex Tading	271 Cobalt Blvd, Orchid Park, Akron	US
S3-003823	Redwood Pcakaging Ltd	61 Sunstone Road, Falcon Nagar, Nagpur, Maharashtra, 733279	IN
S3-000763	Falcon Summt Chemicals oC	Near Exit 14, Austin, IL, 60774, 9/26 Redwood Dr	US
S3-003673	Meridain Consultancy Ltd	Falcon Crs, Redwood Nagar, Kochi, 887188	IN
S3-008619	Onyx Thistel Fabrics & Sons	Onyx Rd, Goldleaf Nagar, Indore, Kerala, 643253	India
S3-006535	Summit Consultancy Inc	59 Apex St Sunstone PPark Mobile OH	USA
S3-005304	Juniper Brightpath Motors Corp	Opp. City Library, 11Northgate Street, Stonebridge Park, Lubbock, 97137	United States
S3-006754	Sunstone hCemicals Corp	Clearwater Park, Peoria, IL, 206 Orchid Drive	USA
S3-003048	Summit Textiles Ltd	388 Summit Main Quarry Nagar Indore Rajasthan	IN
S3-007607	Ironwood aFlcon Foods Limited Liability Company	196 Goldleaf Rd Peoria IL	USA
S3-008201	Kestrel Clearwater Industries	217 Thistle Blvd, Austin, 79619	United States
S3-006613	Stonebridge Sunsotne Systems	34/37 Northgate Ave Onyx Park Austin Behind the Civic Center	USA
S3-007379	Juniper Maplecrest Solutions Incorporated	26/31 Thistle venue, Mobile	United States
S3-007759	FalconFabrics Company	Maplecrest Park, Mobile, AL, 315 Stonebridge St	United States
S3-001985	Thistle, Textiles Incorporated	78 Ironwood Ave Fresno CA	USA
S3-001087	Sunstone Packaging	293 Vertex Crs Falcon Nagar Kochi Tamil Nadu 889009	India
S3-004170	Sunstone Corp	200 Cobalt Ave, Onyx Park, Peoria, CA	USA
S3-007825	Onyx & Sons	40 Vertex St, Onyx Park, Akron, IL	United States
S3-003090	Redwod Limited Liability Company	121 Maplecrest Blvd, Lubbock, WA, 72851	United States
S3-008580	Redwood Vertex  Consultancy & Sons P Ltd	228 Summit Avenue, Cobalt Park, Lubbock, 45971	India
S3-001897	Goldleaaf, P Ltd	257 Falcon Mn, Thistle Nagar, Nagpur, MP, 242752	IN
S3-007090	Redwood Meridian Inudstries Ltd	Stonebridge Crs, Summit Nagar, Kochi, Tamil Nadu	IN
S3-006941	Falcon Foodds and Sons Company	194 Clearwater Ave, Lubbock, WA, 53817	United States
S3-002674	Sunstone Trading LLimited	Juniper Marg, Opp. Bus Depot, Pune, 774895	IN
S3-005456	Cobalt Quarry Packaging Co	179 Kestrel St, Lubbock, CA	United States
S3-005103	Sunstone, Solution sand Sons	221 Silverline Avenue, Fresno, AL, 50680	United States
S3-005121	Sunstone Motors & Son Ltd	161 Stonebridge St, Redwood Nagar, Indore, Gujarat, 179907	India
S3-001970	Junper Packaging	377 Clearwaater St Stonebridge Nagar Kochi 727934	IN
S3-008358	Summit Systems	287 Quarry Road, Pune, 753919	IN
S3-002899	Goldlefa Onyx Incorporated	153 Orchid Avenue, Redwood Park, Akron, IL, 43812	USA
S3-000216	Maplecrest Motors LLC	Opp. City Library 6 Goldleaf Drive Fresno AL 97688	US
S3-008155	Textilees Vertex  Limited	211 Redwood Ave, Thistle Park, Tacoma, 23374	India
S3-005069	Kesstrel Consltancy and Sons Corp	Meridian Ave, Lantern Park, Akron, TX	US
S3-005289	Falcon Orchid Limited Liablity Company	Behindt he Civic Center, 389 Quarry Dr, Fresno, TX, 16813	USA
S3-004614	Northgate Solutions Company	26 Thistle Dr, Goldleaf Park, Austin	USA
S3-000335	Quarry Goldleaf Pvt Ltd	90 Ravenwood Rd, Ravenwood Nagar, Kochi, Tamil Nadu, 563173	India
S3-000333	Bluuepeak Solutions Ltd	262 Maplecrest Crs, Apex Nagar, Surat, Maharashtra, 392346	IN
S3-001016	Clearwater Thistle Systems Private Limited	35/39 Kestrel Marg, Thistle Nagar, Pune, 569833	India
S3-000781	Silverline Electricals Private Limited	143 Brightpath Crs, Surat, 978342	IN
S3-001499	Harbor LLC	Harbor Boulevard, Onyx Park, Fresno, AL	US
S3-004765	Lantern Fabrcs Ltd	355 Bluepeak Mn, Brightpath Nagar, Jaipur, 946461	India
S3-005265	Consultancy Sunstone Limited Liability Cmpany	31 Goldleaf Dr Cobalt Park Mobile IL 64884	United States
S3-000279	Harbor Chemicals & Sons Private Limited	224 Brightpath Crs, Near SBI ATM, Sunstone Nagar, Coimbatore, Kerla, 117137	India
S3-007587	Harbor Services Private Limited	Brightpath Nagar, Jaipur, 836066, 10/26 Summit Rd	India
S3-003910	Ravenwood Foods Incorporated	124 Redwood Road, Redwood Park, Fresno, 33064	US
S3-000462	Stonebrridge Industriies LLC	35 Ironwood Drive, Sunstone Park, Akron, 13472	USA
S3-004199	Harbor Solutons Co	294 Meridian Drive, Ironwood Park, Austin, IL	US
S3-006060	Vertex Trading Summit Limited Liability Company	323 Ironwood Blvd, Sunstone Park, Peoria, WA	USA
S3-008286	Bluepeak Chemicals	39/11 Juniper Crs, Indore	US
S3-005224	Enterpirses Clearwater	23 Meridian Road, Lantern Park, Peoria, IL	US
S3-000013	Cobalt Ravenwood Packaging Company	30/25 Clearwater Dr Austin IL	US
S3-000402	Kestrel Clearwater Solutions IIncorporated	Falcon St, ApexPark, AL, Mobile	USA
S3-000743	Northgate and Sons	16/64 Ironwood Cross, Nagpur, Tamil Nadu, 283823	India
S3-005958	Vertex Motors Limited Laibility Company	196 Quarry Street, Orchid Park, Peoria, CA	United States
S3-005054	Stonebridge Incorporated	Opp. City Library, 326 Falcon Road, Akron, 50626	USA
S3-004381	Electricals Cobalt	111 Stonebridge Rd, Onyx Park, Lubbock, IL, 63809	US
S3-007798	Clearwater Consultancy	46 Sunstone Rd, Pune, Kerala, 897812	India
S3-003899	Goldleaf Enterprises P Ltd	Kochi, Tamil Nadu, 36 Apex Rd	IN
S3-005625	Lantern Motors & Sons Private Limited	Near Metro Pillar 42, Falcon Street, Juniper Nagar, Indore, Gujarat	IN
S3-006954	Silverline Brighptath & Sons Ltd	268 Sunstone Street, Behind  Ganesh Temple, Vertex Nagar, Pune, Maharashtra	India
S3-004763	Falcon Silverline Packaging & Sons Pvt Ltd	133  Falcon Marg, Apex Nagar, Coimbatore, 194961	India
S3-007478	Solutions Meriidian & Sons Limited Liability Company	Orchid Street Ironwood Prak Lubbock	United States
S3-000769	Sunston Solutions Corp	197 Redwood Rd, Brightpath Park, Peoria, IL, 24165	US
S3-007585	Sunstone Limited Liiability Company	268 Kestrel Street, Orchid Park, Peoria, 59120	USA
S3-005499	Thistle Solutions Limmited	243 Brightptah Mn, Silverline Nagar, Kochi	IN
S3-001929	Cobbalt Private iLmited	239 Juniper St, Coimbattore, MP, 888101	India
S3-007016	Thistle Chemicals	297 Quarry Marg, Stonebridge Nagar, Akron, Tamil Nadu, 596964	India
S3-007124	Maplcerest Stonebridge Logistics Company	266 Redwood Rd, Silverline Park, Taccoma, AL, 56798	US
S3-006799	Cobalt otorsCo	95 Lantern Drive, Northgate Park, Lubbock, WA, 44567	US
S3-008393	Goldleaf Elcricals	223 Summit Street, Apex Nagar, Opp. Bus Depot, Nagpur, Tamil Nadu	IN
S3-008092	Textiles Thistle & Sons	38/64 Onyx Boulevard, Thistle Park, Akron, TX	US
S3-002530	Lantern	59 Ape xSt, Onyx Nagar, Nagpur, Maharashtra, 719285	IN
S3-001237	Harbor Chemicals	356 Meridian Rd Onyx Park Mobile 73921	US
S3-001691	Lantern Quarry Textiles and Sons Incorporated	267 Falcon Boulevard Austin OH 79911	United States
S3-004948	Onyx Foods and Sons Company	222 Goldleaf Blvd, Silverline Park, Mobile, CA, 51299	United States
S3-006723	Vertex Cehmicals Thistle Co	37/65 Ironwood Avenue, Thistle Park, Peoria, OH	US
S3-000359	Thistle Services Co	Thistle Park, Tacoma, WA, 184 Quarry Ave	United States
S3-001772	Redwood Packaging Corp	165 Apex Street, Vertex Park, Mobile, CA, 56128	US
S3-003301	Goldleaf, Meridian Private Limited	68 Cobalt ross, Kochi, Gujarat, 691988	India
S3-005636	Industries LLC	Ironwood Road, Brightpath Park, Tacoma, 88261	USA
S3-007207	ApexPackaging, Company	37/37 Falcon Avenue, Juniper Park, Lubbock	USA
S3-000324	Thistle Kestrel Foods Pvt Ltd	67 Vertex St Kochi 859336	India
S3-008420	Northgate, Textiles Corporation	17 Vertex Ave, Harbor Park, Fresno, 61037	US
S3-008950	Orchdi Consultancy	364 Sunstone Boulevard, Goldleaf Park, Mobile, 39450	United States
S3-006405	Vertex Consultany and Sons	Near Metro Pillar 42, 197 Cobalt Marg, Thistle Nagar, Coimbatore	India
S3-002447	Orchid Motors Private Limited	351 Kestrel Street, Pune, 853683	IN
S3-000626	Bluepeak	96 Stonebridge St, Austin, TX, 44571	USA
S3-003680	Cobalt Trading Limited Liabillity Company	Near Exit 14, 178 Sunstone Road, Stonebridge Park,Fresno, CA, 40653	United States
S3-003880	Brightpath Blluepeak Motors	158 Redwodo Blvd Sunstone Park Akron OH	US
S3-001202	Flacon	327 Harbor Marg, Ravenwood Nagar, Kochi, MP, 325706	IN
S3-007915	Redwood Solutions Limited	295 Bluepeak Dr, Quarry Park, Surat, TX, 71453	United States
S3-006825	SummitLogistics, P Ltd	86 Goldleaf Crs Sunstone Nagar aNgpur MP 966763	IN
S3-004884	Onyx Kestrel Soluions Private Limited	89 Stonebridge Street Sunstone Nagar Indore	IN
S3-004899	Redwood Textlies Corp	120 Sunstone St, Falcon Park, Peoria, TX,, 13242	US
S3-006404	Vertex Consultancy Private Limited	383 Falcon Marg, Brightpath Nagar, Coimbatore, 236324	IN
S3-006569	RavenwoodT extilesC orporation	311 Cobalt Road, Redwood Park, Peoria, WA, 28896	US
S3-004877	Silverline Textiles Incorporated	341 Apex Road, Quarry Park, TX, Tacoma	US
S3-000085	Cearwater Solutions Ltd	124 Apex St Kochi Maharashtra 790312	India
S3-004917	Thistle Industries Inc	36 Onyx Road Sunstone Park Mobile	US
S3-008037	Junpier Logistics & Sons	281 Orchid Rd, Jaipur, Gujarat, 951581	India
S3-001299	Packaging Silverline Limited	Meridian Mn, Clearwate rNagar, Jaipur, Maharashtra	IN
S3-005409	Goldleaf Foods LLC	Apex Rd, Opp. City Library, Stonebridge Park, Tacoma, AL	US
S3-007211	Quarry Maplecrest	302 Goldleaf Road, Bluepeak Park, Lubbock, OH, 87979	USA
S3-009159	Brighpath hCemicals	Ravenwood Road, Near Metro Pillar 42, Coimbatore, 619018	US
S3-003426	Kestrel Electriacls Limited	103 Silverline Main, Meridian Nagar, Rajasthan, Surat	IN
S3-002836	Silverline Consultancy LLC	Juniper Park, Akron, AL, 11579, 98 Meridian Boulevard	US
S3-003602	Packaging Crp	59 Redwood Dr Falcon Park Fresno WA 13458	USA
S3-001775	Stonebridge Solutions & Sons P td	322 Bluepeak Road, Surat, 114941	IN
S3-007663	Ironwood Juniper Electricals LLC	385 Ravenwood Dr, Quarry Park, Akron, 18539	USA
S3-002622	Maplecrset	Ravenwood St, Juniper Park, Peoria, 38326	United States
S3-007822	Sunston eLantern Foods	360 Northgate Avenue ,Kestrel Park, Coimbatore	United States
S3-004873	Junipr and Snos Pvt Ltd	95 Cobalt Marg Indore 502306 Gujarat	India
S3-006476	Orchid  Industries Ltd	199 Harbor Rd, Brightpath Nagar, Pune	IN
S3-005801	Clearwaater Foods Limited	350 Kestre Marg, Behind Ganesh Temple, Indore, Maharashtra	India
S3-005889	Cobalt vt Ltd	26 Goldleaf Marg Northgate Nagar Indore Maharashtra 603457	India
S3-004116	Kestrel,  Fabrics Pvt Ltd	347 Clearwater Cross, Cobalt Nagar, Jaipur, 902458	India
S3-000619	Quarry Foods Private Limiteed	388 Northgate Cross, Indore, 973870, Orchid Nagar	IN
S3-007214	Bluepeeak Ltd	23 Northgate St, Goldleaf Nagar, Pune, Gujarat	India
S3-005701	Quarry Textiles Corp	215 Vertex Dr Stonebridge Park Austin 85426	USA
S3-000573	Summit Meridian Electricalls	184 Ravenwood Street Redwood Nagar Jaipur Tamil Nadu 535321	India
S3-006161	Ironwood Consultancy Incorporated	Opp. City Library, 34/37 Maplecrest Road, Fresno, TX, 88595	USA
S3-004213	Kestel Enterprises Corp	Near Exit 14, 17/72 Sunstone Boulevard, Bluepeak Park, Austin, IL	United States
S3-005235	Sunstone PPvt Ltd	19/51 Redwood Cross, Onyx Nagar, Pune, 890785	India
S3-004979	Trading Ravenwood Ravenwood imited	308 Ironwood  Marg Maplecrest Nagar Coimbatore 299134 Gujarat	India
S3-007918	Clearwater Consultancy Limited Liability Compayn	139 Northgate St, Clearwater Park, Austin	US
S3-002059	Goldleaf Chemicaals Ltd	Near SBI AT, 198 Clearwater Rd, Pune, 853646	IN
S3-003635	Summit Systems Pvt td	250 Lantern Street, Ravenwood Nagar, Pune, 474642	IN
S3-009168	Thistle Motors and Sons Incorporated	Near Exit 14, 20/40 Harbor Avenue, Austin, 46701	US
S3-001754	Redwood Sunstone Solutions Icn	Behind the Civic Center, 84 Kestrel Drive, Goldleaf Park, Akron	United States
S3-006961	Vertex Pakcaging Inc	Near SBI ATM, 371 Ravenwood Road, Goldleaf Nagar, Peoria, Tamil Nadu	India
S3-004591	Kestrel Conslutancy P Ltd	229 Quarry Crs, Maplecrest Nagar, Kochi	India
S3-009053	Lantern Private Limited	21/52 Meridian Main, Thistle Nagar, Surat, Rajasthan, 196577	IN
S3-001548	Falcon Apex P Ltd	Kestrel Main, Ravenwood Nagar, Indore, Rajasthan, 903290	India
S3-003789	Maplecrest Fabrics Ltd	Juniper Road, Cobalt Nagar, Jaipur, Maharashtra, 855552	India
S3-000210	Northgate Consutancy an Sons Corp	176 Onyx Avenue, Summit Park, Akron, WA, 78195	United States
S3-003831	Kestrel Logistics Ltd	Sunstone Mn Near Metro Pillar 42 Harbor Nagar Indore Gujarat	IN
S3-003376	Onyx Vertex Textiles P Ltd	89 Vertex Marg Redwood Nagar Pune 306768	IN
S3-003144	Bluepekaa Packaging LLC	240 Lantern Dr, Stonebridge Park, Akron, 33725	USA
S3-005191	Ravenwwood Enterprises	39/32 Thistle Rd, Brightpath Nagar, Nagpur, MP	India
S3-008317	Goldlea Cheimcals Co	Meridian Boulevard, Apex Park, Akron, AL, 50252	USA
S3-005929	Falcon Services P Ltd	66 Falcon Road, Behind Ganesh Temple, Indore, MP, 948874	IN
S3-002827	Tradding & Sonss P Ltd	179 Redwood Crs, Kestrel Nagar, Opp. Bus Depot, Nagpur, 723798	India
S3-002303	Onyx Limited	159 Sunstone Rd Clearwater Nagar Pune 708184 Tamil Nadu	IN
S3-001530	Cobalt Ltd	201 Maplecrest Marg Sunstone Nagar Indore	India
S3-004146	Stonebrdge, Chemicals Company	87 Orchid Boulevard, Ironwood Park, Akron, CA	United States
S3-001635	Sumit Private Limited	177 Redwood Rd, Redwood Nagar, Kochi, Kerala	IN
S3-005078	Clearwater Consultancy	149 Summit Dr, Opp. City Library, Ironwood Park, Lubbock, 64694	United States
S3-006515	Kestrel Logistics and Sons CCorp	31/15 Goldleaf Rd, Tacoma, IL	United States
S3-008663	Quarry Services LLC	318 Sunstone Drive, Lantern Park, Lubbock, 79119	US
S3-009011	Clearwater Logistics Limitted Liability Company	36 Vertex Marg, Bluepeak Nagar, Kochi, Kerala	US
S3-002855	Redwood Consultancy Ltd	189 Kestrel Cross Jaipur Merridian Nagar	IN
S3-002874	IronwoodT extiles and Sons	4 Stonebridge Rd, Silveerline Nagar, Indore	IN
S3-005993	Onnyx Fabrics Co	Behind the Civic Center, 158 Silverline Road, Tacoma, TX, 77830	US
S3-003036	Clearwater, ndustries Private Limited	275 Orchid Marg Meridian Nagar Kochi 640630	IN
S3-002939	Stonebridge Vertex Trading  Co	6 Cobalt Street Austin 75194	USA
S3-000849	Vertex Systems Co	23/77 Falcon Drive, Bluepeak Park, Austin, 77406	USA
S3-006680	Silverline Bluepeak Services Incorporated	104 Bluepeak Avenue, Ravenwood Park, Lubbock, CA, 27805	USA
S3-003112	Ironwood, Redwood Packaging Co	217 Juniper St, Fresno, AL, 11949	US
S3-003760	Bluepeak Solutions and Sons P Ltd	35 Sunstone Rd Lantern Nagar Indore Rajasthan	India
S3-006957	Northgate RavenwoodLLC	283 Silverline Cross aJipur	USA
S3-005213	Meridian Elctricals Pvt Ltd	28 Juniper Cross, Onyx Nagar, Kochi,, Rajasthan, 669354	India
S3-008618	Ironwood Foods	211 Stonebrigde Mn Quarry Nagar Indore 603167	India
S3-006159	Sonebridge Services Private Limited	11/37 Falcon Rd, Vertex Nagar, Opp. Bus Depot, Kochi, Gujarat, 415572	IN
S3-001923	Falcon Motors and Sons	368 Juniper Dr, Onyx Park, Mobile, 63345	USA
S3-005520	Clearwater Cobaalt Electricals Co	392 Falcon Avenue, Stonebidge Park, Fresno, CA, 91264	US
S3-002096	Sunstone Trading Limited	266 Silverline Cross, Coimbatore	India
S3-007153	Thistle Solutions	396 Sunstone Dr, Orchid Park, Peoria	United States
S3-007942	Northgate Consultancy & Sons Private Limited	291 Stonebridge Rd, Coimbatore, Maharashtra	IN
S3-009032	Clearwater Ltd	125 Maplecrest Street, Jaipur, Gujarat	IN
S3-005173	Ironwood and Sons Company	Behind the Civic Center, 188 Quarry Blvd, Brightpath Park, Austin, TX	US
S3-008736	Meridina Ltd	200 Clearwater Crs Meridian Nagar Coimbatore Maharashtra 316571	IN
S3-007971	Redwood Foods	249 Kestrel Mn, Brightpath Nagar, Kochi, Kerala	IN
S3-008053	Lantern Logistics P Lttd	Near SBI ATM, 323 Sunstone Marg, Coimbatore, Rajasthan	India
S3-005248	Tradiing Private Limited	20/30 Falcon Main  Redwood Nagar Nagpur Kerala 945643	IN
S3-008970	Stonebridge Packaging & Sons Corporation	32 Onyx Marg, Juniper Nagar, Kochi, 745220	USA
S3-006238	Thistl eP Ldt	5 Thistle Crs Goldleaf Nagar Behind Ganesh Temple Surat 620782	India
S3-001022	Juniper Enterprises Private Limited	310 Vertex Cross Quarry Nagar Kochi MP	India
S3-008000	Summit Enterprises Ld	11/11 Sunstone Avenue, Northgate Park, Kochi, OH, 81183	US
S3-000975	Quarry Clearwater Pvt Ltd	382 Redwood Road Bluepeak Nagar Surat Gujarat 504602	India
S3-000684	Brightpath Solutions Limited Liability Company	189 Vertex Avenue, Sunstone Park, Akron, 87366	US
S3-004067	Verteex Brightpath Systems	393 Silverline Main, Quarry Nagar, Nagpur, 782145	India
S3-005605	Summit Servies Pvt Ltd	Northgate Cross, Redwood Nagar, Opp. Bus Depot, Kochi, MP, 269886	India
S3-003366	Kestrel Foods Pvt Ltd	Opp. Bus Depot, 380 Vertex Rd, Surat, Tamil Nadu	India
S3-000628	Summit Falcon Fabrics Limited Liability Company	190 Harbor Drive, Lubbock, 87578	USA
S3-006617	Quarry Consulancy Ltd	Sunstone Marg, Vertex Nagar, Nagpur, Maharashtra, 374075	India
S3-004134	Redwood Enterprises LLC	Opp. City Library, 52 Cobalt Dr, Brightpath Park, Austin, 51705	United States
S3-007408	Silverline, Fabrics Incorporatd	229 Apex St, Akron,, MP, 794173	IN
S3-006747	Rdewood Fabrics Corporation	244 Thistle Dr Brightpath Park Behind the Civic Center Mobile WA	US
S3-000100	Summti Pvt Ltd	43 Stonebridge St, Indore	India
S3-008702	Falcon Fabrics	325 Silverline Road, Fresno, Kerala, 327871	IN
S3-008896	Silverline Systems	64 Stonebridge Cross Cobalt Nagar Pune Kerala	India
S3-005996	Kestrel, Electricals Inc	94 Stonebridge Street, Sunstone Park, 48284, Fresno	US
S3-002945	Cobalt Brightppath Chemicals	160 Thistle Road Maplecrest Nagar Indore Maharashtra	IN
S3-000747	Stonebridge IInc	327 Silverline Boulevard, Thistle Park, Fresno, 59261	United States
S3-002573	Meridian Consultanyc and Sons Private Limited	Onyx St Indore Rajasthan	IN
S3-004805	Quarry Juniper Electricals Ltd	24/72 Summit Marg Maplecrest Naagar Coimbatore Maharashtra 734511	India
S3-008354	Ironwood Consultancy Pvt Ltd	39 Ravenwood Rd, Meridian Nagar, Opp. Bus Depot, Pune, Maharashtra, 827884	India
S3-008399	Onyx Electricals Company	192 Meridian Road Falcon Park Akron CA	USA
S3-000140	Summit, Tarding P Ltd	62 Thistle Crs, Pune, Tamil Nadu	IN
S3-001987	Irnowood	Nearr Metro Pillar 42 338 Lantern Mn Indore Rajasthan 112366	IN
S3-008492	Cobalt Chemicals & Sons Corporation	Lantern Dr Quarry Park Lubbock 88016	USA
S3-007308	Onyx Industries Company	111 Stonebride Road, Redwood Park, Peoria, IL, 56291	USA
S3-004960	Ravenwood Electricals Limited	355 Meridian Cross, Kochi, 437023	India
S3-008417	Ironwood	218 Orchid Cross, Ravenwood Nagar, Pune, 568380	India
S3-000099	Brightpath Foods LLtd	163 Silverline Mn, Quarry Nagar, Kochi, Tamil Nadu, 837666	India
S3-003884	Orchid Silverline Logisics LLC	41 Orchid Road, Sunstone Park, Tacoma, OH, 93616	United States
S3-002885	Harbor Chemical sPrivate Limited	245J uniper Rd, Nagpur, MP	IN
S3-008996	Maplecrest Packaging Corporation	237 Thistle Drive, Meridian Park, Peoria, 19516	United States
S3-002897	Sunstone Enetrprises P Ltd	131 Sunstone Crs, Ravenwood Nagar, Surat	India
S3-004521	Meridian LLC	33 Falcon Road, Quarry Park, Tacoma, 90962	United States
S3-006270	Vertex Redwood Company	301 Northgate Boulevard, Near Exit 14, Brightpath Park, Lubbock, TX, 51431	United States
S3-004901	Apex, Limitted	25/13 Quarry St, Silverline Nagar, Coimbatore, Gujarat, 979132	IN
S3-005903	Golldleaf, Trading Limited	178 Maplecrest Cross, Bluepeak Nagar, Pune, Rajasthan	IN
S3-008206	Quarry Chemicals LLC	304 Meridian St, Juniper Park, Tacoma, 41911	USA
S3-001669	Ravenwood Services  Limited	158 Brightpath St, Silverline Nagar, Coimbatore, Kerala	India
S3-008449	Falcon Northgate Industries Co	Opp. Bus Depot, Bluepeak Main, Brightpath Nagar, Tacoma, Maharashtra	IN
S3-008886	Northgate Industries P Ltd	279 Maplecrest Mn, Jaipur, MP	India
S3-007084	Ravenwood Fabrics & Sons Ltd	289 Orchid Rd, Falcon Nagar, Pune, Rajasthan	India
S3-007689	Stonebridge ackaging Pvt Ltd	303 Kestrel Main, Quarry Nagar, Near Metro Pillar 42, Pune, Tamil Nadu	IN
S3-008402	Cobalt Chemicals Private Limited	70 Harbor Avenue, Silverline Park, Akron, 30797	IN
S3-009048	Norhgate Industries Incorporated	7/25 Stonebridge Rd Austin	USA
S3-005356	Clarwater Ketsrel Private Limited	10/67 Falcon St Summit Nagar Surat Tamil Nadu 705352	IN
S3-000257	Thistle Summit and Sons	Opp. City Library 396 Orchid Drive Clearwater Park Austin CA	United States
S3-009087	Harbor Solutions Ltd	Redwood Roa, Silverline Nagar, Pune, 253394	IN
S3-004181	Juniper Falcon  Foods	Redwood St, Ravenwood Park, Mobile, IL, 89540	USA
S3-007805	Summi Ltd	29 Sunstone Crs Sunstone Nagar Surat	India
S3-001662	Orchid Private Limiteed	129 Cobalt Mn, Goldleaf Nagar, Jaipur, Tmil Nadu, 767506	IN
S3-008831	Meriidan Fabrics	320 Clearwater Boulevard, Lubbock, 48513	US
S3-001943	Northgate	325 Brightpath Street, Lantern Nagar, Pune, 577465	India
S3-005240	Orchid, P Ltd	389 Lanterrn Rd, Coimbatore, 226285	IN
S3-001067	Brightpath Packaging P Ltd	243 Brightpath Rd, Silverline Nagar, Nagpur, Gujarat, 413154	India
S3-000560	Orchid Enterprises Ltd	75 Juniper Cross, Meridian Nagar, Pune, Gujarat, 677062	IN
S3-000889	Juniiper Systes	37/28 Orchid Drive, Orchid Park, Peoria	US
S3-008590	Orchid Packaging Co	Thistle Road, Falcon Park, Austin	USA
S3-008623	Lantern Trading and Sons Ltd	62 Redwood Street Redwood Nagar Pune Kerala 550338	IN
S3-000097	Kestrel Lgistics Limited	207 Quarry Mn, Lantern Nagar, Pune, Kerala, 585696	India
S3-007944	Maplecrest Solutiioons & Sons Inc	9/34 Oyx Rd, Silverline Park, Akron, AL	US
S3-008598	Lantern Packaging Limited	Thistle Road Sunstone Nagar Coimbatore Gujarat 453223	India
S3-005390	Juniper Cobalt Private Limited	Redwood Rd, Near SBI ATM, Northgate Nagar, Surat	India
S3-007278	Ravenwood Industries Ltd	167 Kestrel Road, Ironwood Nagar, Surat, Maharashtra, 121504	India
S3-008747	Silverline Systems Private Limited	131 Thistle Street Silverline Nagar Coimbatore 717680	IN
S3-004063	Quarry Chemicals Corp	30/45 Redwood Drive Ravenwood Park Mobile 27471	United States
S3-002918	Silverline FoodsCorp	287 Goldleaf Dr ,Vertex Park, Peoria, TX	USA
S3-000107	Sunstone Summit Priivate Limited	7/1 Maplecrest Crs, Onyx Nagar, Opp. Bus Depot, Jaipur, 116519	India
S3-005644	Vertex P Lttd	Lantern Cross, Sunstone Nagar, Pune, Rajasthan, 930534	India
S3-004254	Logistiics Northgate Private Limited	1 Sunstone Main, Sunstone Nagar, Kochi, Rajasthan, 643818	India
S3-001730	Stonebridge NorthgateFoods Private Limited	18/35 Ravenwood Marg, Juniper Nagar, Nagpur, MP, 869322	India
S3-007978	Ravenwood Logistics PrivateL imited	46 Silverline Cross Orchid Nagar Coimbatre	India
S3-000469	Ironwoood Brightpath Motors Inc	214 Sunstone Avenue, Goldleaf Park, Peoria, OH, 38728	USA
S3-007543	Northgate Private Limited	181 Quarry Crs Thistle Nagar Kochi 414072	India
S3-000590	Coonsultancy Thistle P Ltd	351 Quarry St Lantern Nagar Nagpur 473379	India
S3-001979	Quarry Systems P Ltd	20/17 Redwood Street Orchid Nagar Kochi Kerala 534140	IN
S3-000454	Northgate Sunstnoe Chemicals Private Limited	Ravenwood Rd, Sunstone Nagar, Coimbatore	India
S3-005083	Quarry Co	78 Orchid St, Juniper Park, acoma, IL, 21490	USA
S3-007380	Ravenwood Brightpath Electricals & Sons Limited	Redwood Rd, Redwood Park, Pune	USA
S3-000055	Ravenwood Meridian Foods Ltd	Opp. Bus Depot, 144 Kestrel Rd, Goldleaf Nagar, Coimbatore, Maharashtra, 414984	India
S3-004530	Harbor Industreis Company	318 Bluepeak Drive, Opp. City Library, Mobile	USA
S3-002571	Sunstone Stonebridge Systems Private Limited	374 Falcon Marg, Coimbatore, Gujarat, 286676	India
S3-005448	Orchid Electricals Private Limited	325 Bluepeak Main Ironwood Nagar Surat 515989	India
S3-003872	Brightpath Private Limited	391 Bluepeak Street, Stonebridge Nagar, Pune, 425856	India
S3-000550	Sumit and Sons	Bluepeak Street, Clearwater Nagar, Near Metro Pillar 42, Indore	India
S3-009165	Solutions Cobalt Goldleeaf and Sons P Ltd	Opp. Bus Depot, Vertex Rd, Apex Nagar, Jaipur, 361696	IN
S3-000276	Apex Northgate Solutions	290 Harbor Street, Summit Nagar, Surat, Tamil Nadu, 960205	IN
S3-004776	Lantern Redwoood Consultancy Limited Liability Company	33 Quarry Road, Northgate Park, Akron, TX, 18946	USA
S3-002873	Apex, Consultancy Limited	37 Northgate Street Juniper Nagar Coimbatore MP 637177	India
S3-000125	Summmit Corporation	319 Summit Blvd, Lubbock, WA, 86504	USA
S3-005581	Brightpath Quarry Enterprises and Sons Pvt Ltd	73 Sunstone Crs, Apex Nagar,, Nagpur, MP, 147735	India
S3-001179	Motorrs Meridian Pvt Ltd	293 Orchid Road, Cobalt Nagar, Near SBI ATM, Nagpur, Tamil Nadu, 768939	IN
S3-001442	Stonebridge Inndustries P Ltd	196 Meridian Marg, Ravenwood Nagar, Indore, 724904	India
S3-006801	ClearwaterEnterprises Corporation	77 Clearwater Dr, Apex Park, Fresno, CA, 25124	USA
S3-004112	Meridian Goldleaf Logistics Ltd	Near SBI ATM, 46 Apex Marg, Nagpur, 877541	IN
S3-009091	Quarry Kestrel Services andS ons P Ltd	397 Vertex Road Cobalt Nagar Pune Tamil Nadu 320581	IN
S3-003583	Apex Falcon Industries	274 Summit Blvd Vertex Park Peoria IL 29912	US
S3-003235	Northgaet, and Sons Private Limited	331 Maplecrest  Cross, Apex Nagar, Near Metro Pillar 42, Jaipur, Gujarat, 518052	IN
S3-007597	Ironwood Pacckaging Limited	178 Meridian Street, Indore, Tamil Nadu	India
S3-003932	VertexP ackaging and Sons	240 Juniper Rd, Falcon Nagar, Surat	IN
S3-002575	Orchid Systems nd Sons Limited	54 Ironwood Rd, Coimbatore	IN
S3-007610	Ironwood, Inustries Incorprated	398 Goldleaf Street, Brightpath Park, Opp. City Library, Akron, 50805	USA
S3-008634	Ironwod Foods Incorporated	Near Exit 14, 216 Juniper Bvld, Mobile, OH, 82995	USA
S3-001805	Meriidian Inc	Falcon Avenue, Sunstone Park, Fresno, 14597	United States
S3-007688	Redwood Packaging Pvt Ltd	39/84 Clearwater St, Falcon Nagar, Kochi, MP, 828834	IN
S3-007691	Maplecrest Systems Pvt Ltd	76 Goldleaf Boulevard, Falcon Park, Nagpur, 97344	US
S3-003237	Kestrel Chemicals Co	21 Ironwood Street, Lubbock	US
S3-005840	Kestrel Silverline &  Sons Ltd	21 Clearwater Marg, Coimbator,e 696283	IN
S3-003759	Bluepeak	35 Sunstone Rd, Lantern Nagar, Indore, RRajasthan, 448378	India
S3-007775	Harbor Corporaation	11/79 Northgate St Tacoma CA 23470	US
S3-008638	Bluepeak Motors & Sons Pt Ltd	306 Falcon Marg, Northgate Nagar, 294639,P une	IN
S3-001095	Falcon Onyx IndustriesI ncorporated	193 Goldleaf Avenue, Harbor Park, Mobile	US
S3-005219	Quarry Solutions LLC	295 Redwood Street Maplecrest Park Akron 36198	United States
S3-008445	Vertex Services P Ltd	253 Falcon Street, Coimbatore, Tamil Nadu, 349338	IN
S3-008556	Ironwood Enterprises LLC	308 Harbor Street, Stonebridge Park, Austin, IL, 48762	USA
S3-005714	Falcon, Silverline abrics Ltd	145 Vertex Road, Sunstone Nagar, Pune, MP, 200324	IN
S3-002168	Summit Servies	Harbor Park, Akron, 239 Onyx Blvd	United States
S3-007208	Nrothgate, Fabrics Private Limited	292 Ravenwood Drive, Jaipur, TX	US
S3-004677	Thistle Co	1 Lantern Blvd Summit Park Lubbock	United States
S3-004818	Cobal tEnterprises Co	163 Quarry Boulevard, Fresno, 70600	US
S3-002884	Lanter Industries	125 Goldleaf Blvd, Orchid Park, Mobile, 82035	US
S3-006261	Stonebridge, Northgate Industries Corp	270 Redwood Ave, Tacoma, IL	USA
S3-000893	Cobat Motors	178 Redwood Dr, Quarry Park, Lubbock, AL, 21009	US
S3-007746	Redwood Maplecrest Enterprises Private Limited	318 Silverline St, Nagpr	IN
S3-001737	StonebridgeC hemicals Limited Liability Copany	353 Quarry Dr, Juniper Park, Fresno, OH	US
S3-008544	Maplecrest Motors	398 Orchid Dr, Vertex Park, Akron, WA	United States
S3-007701	Lantern Motors Corporation	223 Silverline Ave Thistle Park Lubbock OH 36060	USA
S3-005629	Stonebridge Services and Sons Privat Limited	69 Maplecrest Marg, Kochi, 249558	IN
S3-006577	Apex Systems Incorporated	26/22 Silverline Ave, Maplecrest Park, Tacoma, TX, 13262	United States
S3-005364	Juniper Foods Co	127 Cobalt Boulevard, Mobile, OH, 27935	US
S3-008522	Brightpath Electricals	Onyx Road, Apex Nagar, Kochi, 184417	IN
S3-006964	Enteprises & Sons Co	Opp. Bus Depot, 223 Apex Crs, Fresno, Rajasthan, 882936	India
S3-001594	Clearwater Industries	255 Northgate Rd, Northgate Park, Mobile, IL	USA
S3-001616	Falcon Systems P Ltd	381 Bluepeak Cross Juniper Nagar Jaipur 953246	IN
S3-001037	Lantern	151 Falcon Drive  Behind the Civic Center Apex Park Austin	USA
S3-008936	Meridian Snustoen Electricals P Ltd	398 Cobalt Blvd, Kochi, WA	United States
S3-003482	Goldleaf Meridian and Sons Private Limited	137 Stonebridge Main, Redwood Nagar, Jaipur, Tamil Nadu	IN
S3-009061	Juiper	166 Maplecrest Street Summit Nagar Indore 188014	IN
S3-001804	Summit Thistle Elecctricals	139 Vertex Blvd, Kestrel Park, Akron, CA, 36914	United States
S3-006663	Lantern Consultancy	382 Brightpath Marg, Thistle Nagar, Kochi, Tamil Nadu, 638896	India
S3-005016	Briightpath Trading Limited	322 Stonebridge Mn, Cobalt Nagar, Coimbatore, 756472	India
S3-008205	Juniper  Pvt Ltd	Opp. City Library, Orchid Boulevard, Stonebridge Park, Akron, CA, 39298	IN
S3-002729	Brightpath	296 Maplecrest Street, Coimbatore	India
S3-008181	Harbor Packaging Company	125 Summit Crs Tacoma Tamil Nadu 329732	India
S3-008038	Packaging Bluepeak Kestrel Private Limited	370 Kestrel Rd Near Exit 14 Thistle Park Lubbock	India
S3-008476	Bluepeak Pvt Ltd	62 Onyx Street Opp. Bus Depot Juniper Nagar Coimbatore 553178	IN
S3-000915	Orrchid Pvt Ltd	36 Vertex Marg Bluepeak Nagar Kochi Kerala 153327	India
S3-007029	Goldleaff Industries Co	199 Northgate Dr, Peoria, 97859	United States
S3-004071	Falcon Chemmicals	10 Thistle Road, Maplecrest Nagar, Pune, MP	IN
S3-007476	Apex, P Lttd	23 Northgte Mn, Maplecrest Nagar, Jaipur, Kerala	India
S3-001158	Orchid Chmicals and Sons Ltd	242 Summit Marg, Silverline Nagar, Jaipur, 122903	IN
S3-007685	Thistle Enterprises Co	281 Lantern Mn, Quuarry Nagar, Near Metro Pillar 42, Peoria, Gujarat, 284159	India
S3-001166	Bluepeak Inc	196 Lantern Road, Akron, WA, 88186, Maplecrest Park	USA
S3-009173	Onyx Foods Incorporated	211 Falcon Avenue, Onyx Park, Akron, 16972	United States
S3-007483	Meridian Industries & Sons td	242 Summit Marg Jaipur	India
S3-000229	Brightpath Harbor Chemicals & Sons Pvt Ltd	266 Ironwood Crs, Onyx Nagar, Jaipur, Maharashtra, 935153	IN
S3-006285	Textiles Goldleaf and Sons Ltd	36 Stonebridge Marg, Pune, Rajasthan, 345692	India
S3-000896	Brigghtpath Motors	184 Maplecrest Main, Behind Ganesh Temple, Coimbatore	India
S3-003485	Clearwater Industries and Sons Incoprorated	29 Bluepeak Avenue Akron OH	USA
S3-004356	Harbor Summit Motors Inc	371 Vertex Boulevard Quarry Park Tacoma CA 36561	USA
S3-004255	Redwood, Systems Company	324 Maplecrest Ave, Peoria, CA, 92077	US
S3-002477	Cobalt Texxtiles Pvt Ltd	297 Sunstone Marg, Jaipur, Maharashtra, 526957	IN
S3-009170	Quarry Incorporated	Brightpath Avenue, Summit Park, Tacoma, 28990	US
S3-006425	Ravenwood Textiles Limited Liability Company	265 Summit Dr Quarry Park Tacoma AL	USA
S3-005097	Onyx Cobalt Corp	8 Thistle Dr, Iroonwood Park, Opp. City Library, Peoria, WA, 28056	US
S3-000553	Maplecrest Thistle Limited	50 Silverline Cross, Falcon Nagar, Pune, 590508	India
S3-006763	Quarry Falcon Enterprises	295 Ironwood Blvd, Austin, WA, 11349, Ravenwood Park	United States
S3-002804	Vertex Private Limited	Bluepeak Marg, Nagpur, Maharashtra, 836825	India
S3-000579	Thistle Trading P Ltd	101 Quarry Mn, Summit Nagar, Coimbatore	IN
S3-006173	Redwood Redwood Textiles Private Limiteed	Harbor Nagar, Behind Ganesh Temple, Pune, 153 Quarry Street	India
S3-002494	Systems	224 Clearwater Street Jaipur Kerala 141061	IN
S3-001668	Ravenwood, Chemical P Ltd	Behind Ganesh Temple, 231 Summmit Rd, Pune, MP	India
S3-007051	Juniper Bluepeak Chemicals LLC	200 Brightpath Rd, Behind the Civic Center, Meridian Park, Lubbock, 66193	US
S3-004149	Enterprises Harbor LLC	64 Kestrel Drive Behind the Civic Center, Fresno	United States
S3-005637	Meridian Textiles Private Limited	90 Vertex Marg, Lantern Nagar, Nagpur, 715316	IN
S3-003605	Redwood Solutions	23/23 Juniper Street, Ravenwood Nagar, Coimbatore, 828362	IN
S3-007130	Kstrel	340 Clearwater St Nagpur	IN
S3-001276	Orchd Textiles and Sons Private Limited	106 Vertex Road, Meridian Nagar, Pune, Kerala, 961409	IN
S3-007481	Ironwood Chemicals	244 Harbor Drive, Vertex Park, Lubbock, CA, 10625	United States
S3-002942	Orchid Solutions Private Limited	212 Quarry Road, Redwood Nagar, Kochi, Kerala, 170580	IN
S3-005524	Summit Chemicals	175 Bluepeak St Thistle Nagar Sruat Maharashtra	IN
S3-004876	Silverline  Textiles Inocrporated	341 Apex dR, Quarry Park, Tacoma, TX	US
S3-000565	Onyx Chemicals Goldleaf P Ltd	30/82 Thistle Marg, Ravenwood Nagar, ochi, 947638	India
S3-003782	Goldleaf Packaging & Sons Private Limited	Behind Ganesh Temple 52 Falcon Cs Juniper Nagar Pune Kerala 428145	IN
S3-008652	Vertex Briightpath Co	147 Stonebridge St, Silverline Park, Mobile, OH, 95251	United States
S3-007730	Cobalt Lantern Electricals & Sons	91 Goldleaf Rd, Bluepeak Park, Peoria, AL, 32716	USA
S3-001826	Vertexx, Limited Liability Company	255 Redwood Avenue Harbor Park Akron 65582	USA
S3-007840	Harbor Textiles and Sons Inc	14/2 Ironwood Road, Maplecrest Park, Lubbock, 70219	USA
S3-004966	Textlies &S ons	238 Ironwood Road, Clearwater Park, Lubbock	United States
S3-006721	Clearwater Company	72 Kestrel Boulevard Falcon Park Fresno 33264	United States
S3-006114	Cobalt,  Industries	2/86 Harbor Marg, Ravenwood Nagar, Indore, Rajasthan	IN
S3-002468	Stonebridge Fabrics Private Limited	30/80 Ravenwood Cross, Indore, Gujarat, Stonebridge Nagar	India
S3-005853	Redwodo Foods Limited	Behind Ganesh Temple, 369 Quarry Main, Surat, 284603	India
S3-004959	Goldleaf Corporation	285 Cobalt Ave, Fresno, CA, 78755	USA
S3-004588	Ape xFoods	14/89 Orchid Rd, Brightpath Nagar, Nagpur, Kerala, 912784	IN
S3-004944	Stonebridge Chemiicals Private Limited	216 Onyx Mn, Near Metro Pillar 42, Sunstone Nagar, Surat, 339676	IN
S3-001287	Cleearwater Lantern Industries Co	55 Summit Street Summit Park Mobile IL 85490	US
S3-006735	Silverlne Redwood Textiles Inc	359 Brightpath Rd Thistle Park Mobile 74594	United States
S3-005187	Sunstone Serviices	Brightpath Nagar, Pune, Tamil Nadu, 289 Nrthgate Marg	India
S3-002291	Orchid, Solutions Inc	358 Goldleaf Dr, Near Exit 14, Goldleaf Park, Austin, IL	USA
S3-004986	Enterrises, Pvt Ltd	Lantern Cross Sunstone Nagar Pune MP 660327	IN
S3-000733	Quarry Ssytems Inc	Kestrel Ave, Lantern Park, Peoria, 48905	USA
S3-003207	Sunstonne Industries Corporation	288 Sunstone St, Fresno, CA, 73893	United States
S3-000307	Indstries Sunstone and Sons Company	373 Ironwood Ave, Ironwood Park, Tacoma, TX	United States
S3-001282	Vertex Bluepeak Solutions CCompany	127 Harbor Road Apex Park Fresno WA	USA
S3-008850	Lantern Falcon Electricals Private Lmiited	318 Ravewnood Main, Brightpath Nagar, Pune, 757689	IN
S3-003983	Onyx Packagin P Ltd	Brightpath Street, Jaipur	India
S3-005633	Thistle Cleaarwater Electricals	311 Summit Blvd, Fresno, 46124	United States
S3-000603	Vertex Consulttancy Incorporated	Sunstone Boulevard Goldleaf Park IL Akron	US
S3-008301	Juniper Corrp	346 Summit St, Goldleaf Nagar, Peoria, 581659	IN
S3-004951	Vertex P Ltd	131 Juniper Crs, Kochi, Maharashtra, 300644, Maplecrest Nagar	India
S3-008229	Juniper&  Sons Ltd	Opp. Bus Depot, 3/21 Brightpath Road, Northgate Nagar, Jaipur, Rajasthan	India
S3-003441	Thisle Systems P Ltd	Near Metro Pillar 42, Silverline Road, Indore, Maharashtra, 169424	India
S3-002300	Lantern Entterprises Incorporated	Austin, 19 Bluepeak Blvd	US
S3-002083	Brightapth	330 Kestrel St, Opp. Bus Depot, Kochi	India
S3-002417	Redwood Sunstone Consultancy Pvt Ltd	395 Juniper Crs, Kochi, MP	IN
S3-004792	Redwood EnterprisesC ompnay	151 Silverline Dr, Bluepeak Park, Peoria, AL	United States
S3-002276	Brightpath, Company	44 Meridian Boulevard, Harbor Park, Fresno, AL, 28033	USA
S3-007335	Quarry Co	Ironwood Roda, Meridian Park, Mobile, TX, 23521	United States
S3-008503	Juniper rivate Limited	Near Exit 14, 368 Ravenwood Drive, Fresno, IL, 96262	India
S3-003709	Goldleaf Solutions and Sons	289 Kestrel Rd NearMetro Pillar 42 Jaipur 551461	IN
S3-004005	Harbor and Sons Inc	218 Cobalt Drive, Lubbock	United States
S3-001935	Juniper Textiles Pirvate Limited	Near SBI ATM Meridian St Northgate Nagar Pune Gujarat 483758	India
S3-008554	Silverline Services Co	172 Maplecrest Boulevar,d Lubbock, 84196	USA
S3-009040	Onyx, Trading	172 Stonebridge Boulevard, Falcon Park, Austin	USA
S3-006655	Vrtex Inc	Near Exit 14, 170 Vertex Drive, Austin	USA
S3-001230	Northgate Textiles Corp	Tacoma, TX, 70101, Apex Avenue	USA
S3-003698	Northgate, Textiles Corp	334 Kestrel Drive, Ravenwood Park, Near Exit 14, Tacoma, 24775	USA
S3-003653	Apex Vertex Chemiacls Limited	51 Juniper Crs, Stonebridge Nagar, Jaipur	IN
S3-007154	Sunstone, Trading	17/40 Juniper Road, Indore, 265798	India
S3-008146	Apex Electricals	Near SBI ATM, 365 Redwood Mn, Goldleaf Nagar, Tacoma, 407895	IN
S3-000043	Stonerbidge Solutions Comany	16/28 Kestrel d, Summit Park, Peoria, AL	United States
S3-003445	Stonberidge Packaging	366 Northgate Crs, Vertex Nagar, Kochi, Maharashtra	India
S3-003705	Clearwater Goldleaf Services Private Limited	380 Stonebridge Main Apex Nagra Indore Rajasthan	India
S3-001746	Suummit Textiles Private Limited	Opp. Bus Depot, 354 Silverline Road, Nagpur, 838738	IN
S3-008926	Brightpath Consultancy Limited Liability Company	210 Summit St, Lantern Park, Austin, CA, 99488	United States
S3-001165	Bluepeak Soluutions Inc	Lantern Road Akron WA 88186	United States
S3-003125	Enterprises Bluepeak Redwood and Sons Ltd	67 Lantern Rd, Indore	IN
S3-004291	Harbor Redwodo Logistics & Sons Company	51 Silverline Road Fresno OH	United States
S3-004155	Stonebridge Orchid Foods Pvt Ltd	348 Maplecrest Rd, Ironwood Nagar,, Kochi, Maharashtra, 849232	India
S3-009079	Kestrel Kestrel Logistics LLC	342 Cobalt St, Peoria	United States
S3-008448	Sttonebridge Motors Limited	62 Apex Street, Fresno, IL	India
S3-007325	Ravenwood Packaging Private Limited	30 Stonebridge Main, Falcon Nagar, Indore, Rajasthan	IN
S3-004720	Maplecrest Chemicals & Sons Limited	147 Thistle Mn, Indore, 314566	India
S3-007939	Quary Chemicals	347 Quarry Main, Silverline Nagar, Nagpur, Gujarat, 989942	IN
S3-009230	Stonebridge Northgate Motors & Sons imited Liability Company	244 Clearwater Main, Kestrel Nagar, Fresno	India
S3-004228	Silverlne Textiles Ltd	180 Goldleaf Street Kochi 515587	India
S3-009070	Goldleaf Goldleaf Srvices	209 Stonebridge Avenue, Akron, IL	US
S3-000842	Goldleaf Trading Private Limited	39 Juniper Crs,Kestrel Nagar, Nagpur, 313382	IN
S3-006602	Redwood Ironwood Services & Sons Co	14 Ironwood Boulevard, Fresno, OH, 34866	USA
S3-004815	Maplecrest Trading Limited	Clearwater Road, Vertex Nagar, Surat, 586180	IN
S3-003525	Northgate, Maplecrest & Sons Corp	246 Northgate St Goldleaf Park Opp. City Library Akron AL	United States
S3-006196	Brightpath Tradding Company	293 Falcon Street, Lubbock	USA
S3-003878	Kestrel Solutions Pt Ltd	33/41 Ravenwood St, Juniper Nagar, Surat, Tamil Nadu, 433771	IN
S3-005522	Clearwater Cobalt Electricals Co	142 Falco Avenue Apex Park Fresno 72791	US
S3-004032	Maplecrest Chemicalss Pvt Ltd	312 Harbor Cross, Redwood Nagar, Surat, Gujarat	India
S3-003418	Northgate Vertex Textiles	142 Clearwater Dr, Ravenwood Park, Mobile, OH, 45916	United States
S3-004545	Ironwood Trading and Sons Limited	Sunstone Street Near Metro Pillar 42 Pune MP 809928	India
S3-002089	Lanteern and Sons Ltd	47 Redwood Crs, Cobalt Nagar, Coimbatore, 950633	IN
S3-008376	Silverline Electricals Ld	265 Goldleaf Road, Ravenwood Park, Nagpur, 27777	United States
S3-008133	Redwood Services Inc	381 Silverline Crs, Thistle Nagar, Kochi, MP, 479046	USA
S3-004506	Harbor, Industries Ltd	Harbor Mn, Near Metro Pillar 42, Vertex Nagar, Surat	IN
S3-008872	Lantern Consultancy nc	194 Lantern Boulevard, Apex Park, Lubbock, IL, 73897	USA
S3-000664	Clearwater Co	147 Meridian Street, Near Exit 14, Austin, OH, 69126	United States
S3-008421	Juniper Ape xTextiles Incorporated	5 Onyx Marg, Ironwood Nagar, Akron	India
S3-004696	Summit Quarry Coorp	74 Harbor Boulevard, Sunstone Park, Near Exit 14, Fresno, WA, 43366	United States
S3-006956	Vertex Thistle Texxtiles LLC	163 Ironwood Drive Juniper Park Tacoma TX 34029	USA
S3-004157	Ravenwood Ltd	124 Northgate Rd Sunstone Nagar Near Metro Pillar 42 Coimbatore 492319	IN
S3-008656	Clearwater Godlleaf P Ltd	Juniper Main, Goldleaf Nagar, Jaipur, Maharahstra	IN
S3-008542	Redood, Brightpath Services Private Limited	364 Clearwater Street, 13536, Jaipur	United States
S3-008020	Orchid Electricals P Ltd	Stonebridge Cross, Quarry Nagar, Kochi, MP, 123565	IN
S3-004152	Orchid Trading LLC	296 Bluepeak Ave, Juniper Park, Fresno, 42380, Opp. City Library	US
S3-000008	Goldleaf Solutions and Sons Pvt Ltd	338 Thistle Marg, Juniper Nagar, Tamil Nadu, 107533, Pune	IN
S3-001920	Merdian	268 Cobalt Ave, Ravenwood Park, Akron, 83671	United States
S3-007799	Goldleaf and Sons	28 Cobalt Cross, Sunstone Nagar, Indore	India
S3-003089	Redwood PackagingLLC	Maplecrest Blvd, Quarry Park, Lubbock, WA, 72851	United States
S3-000416	Harbor, Co	Redwood Ave, Falcon Park, Mobile, WA	USA
S3-000613	Quarry Chemicals &S ons Incorporated	Silverline Rd, Stonebridge Park, Tacoma, OH, 45266	USA
S3-008044	Summmit Electricals and Sons Private Limited	33/61 Thistle Main, Clearwater Nagar, Surat, MP	IN
S3-005866	Ironwood Chemicals P Ltd	82 Lantern Marg, Near SBI ATM, Jaipur	IN
S3-001819	Juniper Thistle Ltd	327 Juniper Cross, Apex Nagar, Surat, 136408	IN
S3-006958	Lantern Servvices Private Limited	Behind Ganesh Temple, 30/14 Vertex Main, Surat, 161244	IN
S3-001014	Falcon, Northgate Industrie sCo	276 Sunstone Avenue, Peoria, IL, 41193	United States
S3-002798	Sunstone Fabrics	323 Bluepeak Road, Thistle Park, Fresno, TX, 95900	United States
S3-002407	Ravenwood Services Limited	30 Brightpath Marg, Kochi, Gujarat, 790458	India
S3-003541	Meridian Corporation	227 Thistle Drive Near Exit 14 Meridian Park Peoria OH	US
S3-003377	Quary Brightpath Packaging	257 Northgate Dr, Apex Park, Austin, AL	United States
S3-008785	Kestrel Motors Vertex rPivate Limited	333 Orchid Cross, Jaipur, Tamil Nadu, 816486	India
S3-008803	Lantern Redwood Textiles and Sons P Ltd	Onyx Rd, Ravenwood Nagar, Nagpur, Maharashtra	India
S3-005008	Notrhgate Systems	26 Maplecrest St, Behind the Civic Center, Redwood Park, Tacoma, 52861	United States
S3-004082	Vertex Motors P Ltd	303 Falcon S, Kochi, Rajasthan	IN
S3-002780	RedwoodSystems & Sons Inc	17/89 Onyx St, Peoria, 91944	US
S3-006688	Systems Onyx LLC	85 Meridian Boulevard, Silevrline Park, Tacoma, OH, 61140	USA
S3-005108	Sunstone Consultancy Limited	103 Apex Road, Bluepeak Nagar, Nagpur, Tami lNadu	India
S3-004016	Juniper Trading Private Limited	147 Quarry Rd, Stonebridge Nagar, Indore, MP, 443115	IN
S3-001706	Ravvenwood Chemicals Pvt Ltd	182 Onyx St aipur 696537 Meridian Nagar	India
S3-003026	Thistle Kestrel Textiles & Sons Pvt Ltd	105 Slverline St, Opp. Bus Depot, Quarry Nagar, Nagpur, Maharashtra	India
S3-001259	Silverline Company	211 Juniper Avenue Brightpath Park Peoria 93852	United States
S3-003156	Redwood, Harbor Packaging Pvt Ltd	332 Onyx Rd, Silverline Nagar, Nagpur	IN
S3-004490	Ravennwood Lantern Trading Co	347 edwood Boulevard, Redwood Park, Near Exit 14, Mobile, IL	USA
S3-003390	Kestrel Consultancy Private Limited	39 Falcon Marg, Jaipur, Rajasthan, 927956	IN
S3-009138	Vertex	Behind the Civic Center, 351 Harbor Street, Brightpath Park, Fresno, WA	US
S3-002338	Maplecrest Industris	72 Bluepeak Blvd, Maplecrest Park, Akron, CA, 59625	United States
S3-004571	Orchid, Quarry Fabrics Pvt Ltd	197 Northgate Street Opp. Bus Depot Lantern Nagar Pune MP 417148	India
S3-007716	Maplecrest Motors and Sons Liimted	9 Vertex Crs, Cobalt Nagar, Surat, 998059	India
S3-006141	Brihtpath, Packaging Private Limited	96 Cobalt Main, Ravenwood Nagar, Coimbatore, Kerala, 560025	IN
S3-006910	Northgate Textiles	389 Lantern Boulevard, Akron, TX	IN
S3-001750	Apex Eleccctricals Corp	Brightpath Dr Near Exit 14 Tacoma TX 80355	United States
S3-004175	Ravenwod Limited	254 Silverline Marg Stonebridge Nagar Nagpur 803243	IN
S3-005943	Stonebridge Soolutions Incorporated	83 Summit Blvd, Fesno, WA, 77492	US
S3-000941	Clearwater, Redwood Consultancy P Ltd	36/29 Vertex Street, Redwood Nagar, Nagpur, Gujarat, 317082	India
S3-002647	Orhid	380 Meridian Crs,  Pune, Gujarat, 350899	IN
S3-006079	Cobalt Motors and Sons	385 Ravenwood St Nagpur 373871	India
S3-006812	Ironwood Ravenwood Consultancy Limiteed	345 Falcon Man Kestrel Nagar Coimbatore Kerala 380164	IN
S3-004570	Orchid Fabrics Qaurry Pvt Ltd	197 Northgate Street Lantern Nagar Pnue 417148	IN
S3-003281	Redwood Foods Company	237 Goldleaf Street Tacoma 66845	USA
S3-000721	Rvenwood Trading Ltd	Near Metro Pillar 42, 239 Meridian Marg, Falcon Nagar, Jaipur	IN
S3-007925	Meridian, Chemicasl Private Limited	335 Redwood Boulevard, Onyx Park, Kochi, CA	US
S3-006700	Stonebridge Logistics Limited Laibility Company	99 Onyx Street, Thistle Park, Lubbock, OH, 76496	United States
S3-008819	Falcon Logistics P Ltd	366 Sunstone Crs, Reedwood Nagar, Indore, Rajasthan	IN
S3-006907	Sunstone Lantern Co	Brightpath Street, Akron, IL	United States
S3-005785	Ironwood Textiles Pvt Ltd	70 Goldleaf Rd, Juniper Nagar, Coimbatore, Gujarat, 595029	India
S3-002305	Orchid Trading Private Limietd	Onyx Marg, Kochi, Kerala, 272351	India
S3-003031	Quarr ySolutions & Sons Corp	375 Onyx Avenue, Thistle Park, Austin, OH, 41348	USA
S3-008993	Vertxe Systems Pvt Ltd	Clearwater Stt, Juniper Nagar, Pune, Maharashtra, 793021	IN
S3-006653	Ravenwood, Chemicals Limited Liability Company	Goldleaf Blvd, Redwood Park, Tacoma, AL	USA
S3-006287	Redwood & Sons Corporation	316 Harbor Dr, Akro,n CA	USA
S3-002072	Meridian rading Corp	283 Redwood Avenue, Ravenwood Park, Austin, 89248	US
S3-002786	Orchid Onyx Cosultancy and Sons	276 Thistle Main Nagpur Kerala 546944	IN
S3-003326	Ravenwood Ltd	12/71 Quarry Mn, Meridian Nagar, Jaipur, Tamil Nadu, 208035	IN
S3-006815	Harbor Maplecrest Chemical sLLC	101G oldleaf St, Behind the Civic Center, Akron, AL, 75204	United States
S3-001027	Motors Silverline	396 Stonebridge Cross Near SBI ATM Kochi 909888 Sunstone Nagar	India
S3-003505	Lantenr Pvt Ltd	329 Brightpath Main, Jaipur, 533907	IN
S3-002225	Bluepeak Motors and Sons	318 Maplecrest Rd, Thistle Park, Lubbock	United States
S3-003879	Kestrel Solutionss & Sons	33/41 Ravenwood St, Juniper Nagar, Surat, 433771	India
S3-001321	Summit, Ironwood Foods LLC	191 Meridian Rd, Mobile, 55340	US
S3-005053	Stonebridge Onyx Textiles	Opp. Bus Depot, 4/53 Summit Cross, Sunstone Nagar, Nagpur, Gujarat	IN
S3-007551	Foods Onyx Compay	308 Bluepeak Drive, Redwood Park, Akron, TX, 31589	US
S3-002309	Bluepeak Electricals & Sons vt Ltd	352 Cobalt Road, Silverline Nagar, Cooimbatore	IN
S3-008836	Silverline LogisticsPP Ltd	130 Apex Boulevard, Coimbatore, IL, 27630	US
S3-000780	Silverline Electricals Private Limited	143 Brightpath Cross, Thistle Nagar, Surat, 978342	India
S3-005342	Apex Textiles and Sons Incorporated	30 Stonebridge Boulevard, Apex Park, Tacoma, 7051	United States
S3-007442	Sunston eChemicals & Sons LLC	233 Maplecrest Dr, Silverline Park, Austin, WA	USA
S3-006325	Meridian Trading Inc	131 Stonerbidge Ave, Lubbock	US
S3-004754	Maplecrest Enterprses P Ltd	Opp. Bus Depot 346 Stonebridge Marg Ironwood Nagar Indore Kerala 312523	India
S3-002313	Sunstone Consultancy Company	Juniper Rd Ravenwood Park Peoria CA 86118	United States
S3-008075	Northgate Kestrel Privat eLimited	14 Stonebridge Mn Kochi Gujarat	IN
S3-009190	Brightpaht Redwood Enterprises Company	96 Redwood Road Fresno TX 86313	US
S3-006102	Quarry Services & Sons P Ldt	375 Bluepeak Mn, Kestrel Nagar, Nagpur, Tamil Nadu, 544536	IN
S3-004697	Brightpath Onyx Packaging	394 Clearwater Rd, Clearwater Park, Akron, AL, 99076	United States
S3-005931	Orchid Cobalt Enterprses & Sons	Kesrtel Road, Quarry Nagar, Kochi	India
S3-003683	Chemicals Goldleaf Ltd	4 Summit Main, Surat, 959620, Tamil Nadu	India
S3-000857	Kestrel Industries	34/59 Northgte Rd, Lantern Park, Akron, OH	US
S3-008274	Cobalt, Packaging Limited Liability Company	136 Maplecrest St, Stonebridge Park, Akron	USA
S3-008230	Juniper Enterprises	Maplecrest Drive, Kestrel Park, Tacoma, 889262	USA
S3-003038	Sunstone oCnsultancy Limited Liability Company	364 Bluepeak Rd, Apex Park, Tacoma, 48958	United States
S3-006494	Lantern Farics and Sons Incorpoorated	185 Thistle Road, Quarry Park, Fresno, IL, 72771	United States
S3-008587	Maplecrest Chemicals Ltd	Opp. City Library, 162 Bluepeak Dr, Bluepeak Park, Indore, AL	US
S3-008517	Quarry Loigstics	Maplecrest Road, Brightpath Nagar, Kochi, MP, 914075	India
S3-006699	Stonebridge Logistics LLC	99 Onyx St, Thistle Park, Lubbock	USA
S3-002422	Northgate, Textiles Corp	211 Redwood Blvd, Silverline Park, Fresno, 78093	USA
S3-001235	Falcon Logsitics Ltd	Near Metro Pillar 42, 57 Ravenwood Street, Kochi, MP, 706478	India
S3-003857	Apex Enterprises Private Limited	55 Lantern Cross Apex Nagar Coimbatore MP	IN
S3-000193	Sunstone	381 Falcon Main Falcon Nagar Kochi 568834	IN
S3-004645	Sunstone Northgate Solutions P Ltd	203 Northgate Street, Opp. Bus Depot, Apex Nagar, Kochi, 287569	India
S3-004923	Apex Corp	167 Ironwood Rd Orchid Parrk Fresno	USA
S3-004798	Maplecrest Industries IInc	103 Juniper St, Ravenwood Park, Fresno, IL	US
S3-000836	Meridian Electriicals Co	168 Meridian St, Mobile, OH	USA
S3-005997	Onyx Fabrics Ptv Ltd	243 Thistle Marg, Orchid Nagar, Surat, Gujarat, 403840	India
S3-007947	Ravvenwood Fabrics	8/88 Clearwater Cross, Cobalt Nagar, Indore	India
S3-000366	Vertex P LLtd	343 Onyx Main, Ravenwood Nagar, Nagpur, Rajasthan, 618558	IN
S3-002528	Redwood Packaging	399 Clearwater St Goldleaf Naagr Nagpur 904558	IN
S3-001160	Cobalt Trading Private Limited	Near Metro Pillar 42 42 Harbor Rd Summit Nagar Pune Tamil Nadu	India
S3-008106	Smmit Trading Pvt Ltd	283 Juniper Road, Clearwater Nagar, Jaipur, Maharashtra, 106033	India
S3-006861	Silverline, Solutions Icnorporated	Maplecrest Marg, Maplecrest Nagar, Pune, 284510	US
S3-001866	Qurry Services Ltd	Goldleaf Street, Vertex Nagar, Coimbatore, Rajasthan, 522236	India
S3-007604	Harbor, Textiles Ltd	Opp. Bus Depot, 181 Apex Mn, Lantern Nagar, Coimbaatore, MP, 140109	India
S3-006182	Silverline Summitt Motors Inc	20/11 Bluepeak Blvd, Falcon Park, Lubbock, 59075	United States
S3-009083	Orchid Solutions Goldleaf	Opp. Bus Depot, 21 Northgate St, Quarry Nagar, Coimbatore, Maharashtra	India
S3-005908	Stonebridge Solutions LLC	392 Kestrel Blvd, Peoria	US
S3-008047	Northgate Stonebridge Corporation	Behind the Civic Center, 104 Apex Dr, Summit Park, Tacoma, 65577	US
S3-002954	Enterprises, Company	Brightpath Street, Kestrel Park, Akron, CA	USA
S3-008306	Bluepea Fabrics Limited Liability Company	35/28 Clearwater Crs, Redwood Nagar, Austin, 955759	IN
S3-009059	Cobalt, Summit Chemicals Inc	340 Bluepeak Drive, Bluepeak Park, Akron, 90655	United States
S3-001504	Onyx Latern Systems Limited Liability Company	229 Ravenwood Street, Clearwater Park, Lubbock, 25724	USA
S3-006361	Northgate Northgate Consultancy Limited	189 Quarry Road, Vetrex Nagar, Indore	IN
S3-005065	Brightpath Textiles LLC	270 Apex Road, Ironwood Park, Mobile, CA,99564	USA
S3-008322	Veertex Inc	28/49 Cobalt Avenue, Meridian Park, Lubbock, TX	United States
S3-006183	Maplecrest Solutions Private Limited	225 RedwoodStreet, Jaipur	India
S3-008158	Goldleaf Solutions Co	301 Brightpath Rd, Lantern Nagar, Opp. Bus Depot, Peoria	IN
S3-003487	Thistle Foods Inc	211 Goldleaf Avenue Cobalt Park Mobile IL 59169	US
S3-008961	Motorrs Vertex Incorporated	369 Redwood Blvd, Sunstone Park, Fresno	United States
S3-001422	Goldlea, fFoods & Sons	290 Lantern Dr Goldleaf Park Mobile CA	USA
S3-006781	Maplecrest Services & Sons Limited Liability Company	5 Orchid Blvd, Behind the Civic Center, Fresno, AL	United States
S3-009180	Maplecrest Brightpath SSystems Ltd	42 Apex Crs, Near SBIA TM, Nagpur, 315775, Ironwood Nagar	IN
S3-008635	Ravenwood Orcihd Trading Pvt Ltd	8/42 Quarry Drive, Cobalt Park, Kochi, OH, 52700	US
S3-005326	Brightpath,  P Ltd	107 Apex Crs, Bluepeak Nagar, Jaipur, Gujarat, 228303	IN
S3-007360	Ironwood Stonebridgge Systems	Northgate Rd, Bluepeak Nagar, Nagpur, MP, 746852	United States
S3-006334	Silvrline Chemicals	299 Bluepeak Rd, Fresno, 53862	United States
S3-007401	JuniperFoods Co	111 Silverline Avenue, Maplecrest Park, Mobile ,89711	USA
S3-005428	Redwoo dVertex	331 Brightpath Main, Harbor Nagar, Coimbatore	IN
S3-004926	Harbor Packaging Co	70 Vertex Avenue Bluepeak Park, Mobile, TX, 55951	United States
S3-006911	Sunstone Ironwood Enterprises Ltd	116 Lantern Mn, Stonebridge Nagar, Jaipur, MP, 902486	India
S3-004447	Trading Ravennwood & Sons	Opp. City Library, 223 Orchid Avenue, Harbor Park, Mobile, 37256	USA
S3-002814	Thistle Electricals Co	306 Kestrel Boulevard, Stonebridge Park, Akron, AL, 14727	US
S3-007328	Goldleaf Incorporated	128 Sunstone Dr, Ironwood Park, Austin, 35551	United States
S3-008232	Northgte Corproation	117 Apex Road, Mobile, Maharashtra, 320942, Northgate Nagar	India
S3-001707	Silverline Ironwood and Sons Co	301 Stonebridge Road, Apex Park, Akron, IL, 91106	US
S3-005243	Onyx, Electricals Inc	Lubbock, CA, 29130, 54 Onyx Road	United States
S3-004430	Meridiian Packaging Inc	343 Ironwood Drive, Cobalt Park, Lubbock, OH, 98230	United States
S3-001631	Maplecrest Systems & Sons P Ltd	343 Goldleaf Main, Ionwood Nagar, Coimbatore, Rajasthan, 433138	IN
S3-006072	Vertex Systems Private Limited	258 Quarry St, Orchid Nagar,J aipur, 488516	IN
S3-006939	Harbor Logistcis Co	9/21 Vertex Dr Austin 79897	USA
S3-007141	Stoneebridge Services Incorporated	15 Juniper Boulevard, Brightpath Park, Fresno, WA, 96001	United States
S3-007837	Summit Meridian Packaging & Sons	311 Bluepeak Street Pune Rajasthan 858870 Lantern Nagar	IN
S3-006310	Cobalt, Tradig LLC	151 Summit Road Stonebridge Park Tacoma WA 90129	US
S3-002503	IndustriesBluepeak Cobalt Company	1 Thistle Ave, Onyx Park, Austin, WA, 35344	USA
S3-007067	Lantern, Industries	314 Sunstone Street, Redwood Park, Mobile, IL	United States
S3-005039	Nortghate Electricals P Ltd	78 Lantern Rd Indore Meridian Nagar	IN
S3-003919	Harbor Private Limited	25/11 Silverline St, Harbor Nagar, Indore, 891344	India
S3-007509	Orchid Apex Fabrics Incorporated	Near SBI ATM, 1 Onyx Road, Pune, Kerala, 853755	US
S3-002982	Harbor Brightpath Fabrics & Sons LLC	72 Harrbor Drive, Akron, 43359	US
S3-009125	Sunstone Motors & Sons Corp	Opp. City Library, 291 Thistle Blvd, Vertex Park, Peoria, 89806	US
S3-005705	Ravenwood Textiles	20/16 Ravenwood Marg, Indore, 706867, Cobalt Nagar	IN
S3-007570	Bluepeak Electricals Private Limited	172 Meridian Road, Ravenwood Nagar, Pune	India
S3-003886	Appex  Co	260 Apex Street, Akron, TX, 40330	United States
S3-000679	Vertex Industries Limited Liabilitty Company	313 Juniper St, Tacoma, CA, 17621	United States
S3-003869	Northgate Bluepeak Solutions Private Limited	135 Sunstone St, Northgate Nagar, Coimbatore, 628862	India
S3-000866	Stonebridge Textiles Limited	31 Goldleaf Cross Jaipur 858851	India
S3-007800	Silverline Motorrs Ltd	207 Redwood Mn, Coimbatore, 552584	IN
S3-004909	Summit Textiles Corp	354 Kestrel Street, Clearwater Park, Austin, 85392	United States
S3-005733	Kestrel Ennterprises	Ravenwood Rd, Maplecrest Park, Akron, 91940	USA
S3-004728	Ony Summit Electricals LLC	305 Juniper St, Goldleaf Park, Lubbock, IL	US
S3-008875	Meridian Consultancy Ltd	Summit Rd Apex Park Kochi IL 11104	US
S3-007414	Vertex, Electricals Limited	15 Juniper Street, Pune	India
S3-009017	Stonebridge Services & Sons	Near Exit 14, 47 Onyx Rd, Fresno, CA	USA
S3-004624	Apex	367 Orchid Road, Ironwood Nagar, Surat	IN
S3-006871	Clearwater Indstries and Sons Limited	Silverline Crs, Meridian Nagar, 195158, Surat	India
S3-006536	Harbor Electricals LLC	Juniper St Meridian Park Mobile	USA
S3-001839	Harbor, Sunstone Limited Liability Company	92 Lantern St Lantern Park Mobile 68351	United States
S3-004608	Stonebridge Trading & Sons P Ltd	42 Ironwood Cross, Behind Ganesh Temple, Stonebridge Nagar, Kochi,M aharashtra, 371680	IN
S3-003594	Sunstone Electricals and Sos Inc	Juniper Park Fresno IL 200 Ironwood Dr	United States
S3-003646	Silverline Corporation	24 Northgate Ave, Clearwater Park, Akron, WA, 28056	USA
S3-000648	Ironwood Textiles Inc	133 Stonebridge Rd, Goldleaf Park, Akron, 45595	United States
S3-002211	Ravenwood Services	133 Cobalt Road, Falcon Park, Austin, XT	US
S3-004374	Ironwood, Company	237 Lantern Avenue, Ironwood Park, Austin, WA, 48549	USA
S3-003365	Redwood Fabrics Northate	295 Summit St, Surat, 144286	IN
S3-007608	Orchid Cboalt Systems	282 Juniper St Meridian Nagar Peoria Maharashtra	IN
S3-002628	Thistle, Ravenwood Consultancy Corporation	153 Goldleaf Ave Peoria OH 41200 Cobalt Park	US
S3-006005	Lanntern Pvt Ltd	52 Onyx Marg, Harbo Nagar, Coimbatore, 891657	India
S3-005254	Falcon Solutions	349 Silverline Dr, Bluepeak Park, Tacoma, TX	United States
S3-009144	Falcon Consultancy and Sons LLC	297 Silverline Marg Harbor Nagar Jaipur Maharashttra 182759	United States
S3-001314	Cobalt Consultancy & Sons Company	347 Maplecrest Dr,Stonebridge Park, Mobile, IL, 72262	US
S3-007623	Onyx JuniperSolutions andSons	65 Bluepeak Crs, Ravenwood Nagar, Kochi, 171086	India
S3-006057	Brightpatth Eectricals Limited	163 Stonebridge Rd, Ironwood Nagar, Nagpur, 315137	India
S3-000287	Onyx Services Corp	268 Maplecrest Street, Lubbock, 30889	US
S3-007089	Meridian Packaging Co	Redwood Rd, Apex Park, Akron, 37337	USA
S3-004761	Harbor Consultncy Pvt Ltd	382 Kestrel Street, Pune, 545207	IN
S3-002515	Meridian, & Sons Private Limited	100 Maplecrest Crs, Northgate Nagar, Coimbatore, Tamil Nadu	India
S3-003697	Maplecrest Inc	340 Lantern Avenue Clearwater Park Lubbock  AL	US
S3-006938	Apex Falccon	8 Meridian St, Orchid Park, Tacoma, 54317	United States
S3-008180	Brightpath Vertex Corp	251 Summit Drive, Austin, AL	US
S3-006575	Juniper Ironwood Packaging Corp	Ravenwood Rd, Redwood Park, Behind the Civic Center, Peoria, IL	US
S3-005013	Merdiian Electricals Private Limited	158 Goldleaf Rd, Behind Ganesh Temple, Harbor Nagar, Nagpur, 446196	India
S3-006262	Ravenwood Thistl eand Sons Corp	13/72 Northgate Dr, Bluepeak Park, Peoria, IL, 49400	US
S3-003706	Clearwater, Goldleaf Services Private Limited	113 Harbor Cross, Coimbatore, 16665	IN
S3-001833	Onyx Lantern Logistics & Sons Inc	20 Brightpath Avenue, Tacoma, AL, 47322	USA
S3-006919	Northgate Apex Trrading & Sons Co	251 Juniper Blvd, Opp. City Library, Northgate Park, Austin	United States
S3-001310	Goldeaf	309 Quarry St, Surat, 157794	IN
S3-002830	Northgate Solutions Ltd	242 Ravenwood Road, Indore, M, 308137	IN
S3-006110	Ravenwood Goldleaf Solutions Company	289 Northgate Rd, Near Exit 14, Akron	United States
S3-006980	Silverline Systems	95 Apex Rd, Summit Park, 66040, Indore	United States
S3-000267	Quarry Solutions Pvt Ltd	Falcon Rd, Thistle Nagar, Surat, Rajasthan	India
S3-005309	Lantern Textiles Corp	46 Cobalt St, Behind the Civic Center, Bluepeak Park, Luubbock, AL, 50365	US
S3-005140	Quarry Packaging Company	Thistle Road, Summit Park, Austin, TX, 43310	USA
S3-007706	Clerawater Clearwater Textiles and Sons Limited Liability Company	178 Ravenwood Ave, Onyx Park, Opp. City Library, Tacoma, 23856	United States
S3-001347	Meridian Malecrest Fabrics Limited Liabiliyt Company	66 Appex St Akron	United States
S3-000872	Stonberidge Chemicals	397 Ravenwood Rd, Near SBI ATM, Silverline Nagar, Nagpur, Kerala, 971137	India
S3-005120	Sunsstone, Motors	Stonebridge St, Redwood Nagar, Indore, Gujarat, 179907	India
S3-000207	Onyx Trading LLC	352 Clearwater Avenue, Quarry Park, Fresno	US
S3-007803	Sunstone Foods Limited	Near Metro Pillar 42, Maplecrest Cross, Lantern Nagar, Kochi, Tamil Nadu, 336444	India
S3-005879	Quarry Vertex Foods Limited Liability Comppany	244 Cobalt Drive Akron 96324	United States
S3-001078	Sustone Packaging	366 Kestrel Marg, Thistle Nagar, Indore, 154413	IN
S3-001909	Vertxe Redwood Logistics Private Limited	Behind Ganesh Temple, Clearwater Main, Quarry Nagar, Kochi, Gujarat, 504852	India
S3-000264	Bluepeak Northgate Services and Sons Inc	Northgate Ave, Stonebridge Park, Lubbock, IL, 35972	US
S3-003720	Juniper Enterprises Pvt Ltd	10 Summit Mn Nagpur 772468	IN
S3-007658	Goldleaf	375 Lnatern Marg, Surat, 721178	India
S3-005901	Summit Logistics Ltd	134 Falcon Marg, Silverline Nagar, Surat, Rajasthan, 299681	IN
S3-007738	Meridian Corp	5/30 Summit Blvd, Austin	United States
S3-003101	Redwood SummitT extiles Ltd	189 Northgate Rd, Goldleaf Nagar, Kochi, 952285	IN
S3-007025	Kestrel Textiles Lmiited	76 Meridian Rd Kestrel Nagar Nagpur 225526	India
S3-000536	Summiit Industries Silverline	39 Lantern St, Onyx Park, Mobile	United States
S3-006452	Juniper Pckaging LLC	145 Summit Dr, Harbor Park, Lubbock, 96458	USA
S3-006746	Quuarry Fabrics Ltd	289 Bluepeak Road, Redwood Nagar, Kochi, Kerala, 530838	India
S3-003472	Maplecrest, Electricals Pvt Ltd	Nagpur Tamil Nadu 303 Bluepeak Road	IN
S3-007881	Falcon Textiles Corporation	68 Goldleaf Ave, Sunstone Park, Peoria, 41074	United States
S3-002242	Silverline Sunstone LLC	120 Ironwood Boulevard, Bluepeak Park, Austin, TX, 86007	US
S3-003149	Onyx Gollaef Consultancy & Sons	282 Lantern Street, Ravenwood Nagar, Nagpur	India
S3-008396	Ironwood Paackaging Private Limited	Thistle Street Surat Gujarat 576029	India
S3-004451	Maplecrest Ironwood Consultancy & Sons Pvt Ltd	136 Brightpath Rd, Jaipur, Rajasthan, 712414	IN
S3-000177	Ravenwood LanternC orp	Redwood Dr, Clearwater Park, Akron	USA
S3-002410	Cobalt & Sons Private Limited	Near SBI ATM, 248 Redwood Road, Cobalt Nagar, Jaipur, 858154	IN
S3-001597	Goldleaf, Ironwood ElectricalsCo	278 Harbor Rd Quarry Park Fresnoo WA 30726	USA
S3-008211	Goldleaf Consultancy & Sons Pvt Ltd	Stonebridge Marg, Cobalt Nagar, Jaipur, 376405	IN
S3-000490	Redwood Chemicals Private Limited	184 Meridian Main, Summit Nagar, Nagpur, Gujraat, 750410	India
S3-000094	Clearwater Motors	295 Kestrel Main Near SBI ATM Redwood Nagar Coimbatore Rajasthan 655914	IN
S3-008603	Stonebridge Consultancy Incorrporated	327 Brightpath Rd, Stonebridge Nagar, Coimbatore, Kerala	United States
S3-007193	Meridian Industries Corporation	155 Ironwood Rd, Near Exit 14, Ironwood Park, Mobile, 51688	US
S3-004289	Harrbor Redwood Logistics	276 Falcon Dr, Goldleaf Park, Fresno, WA, 75249	US
S3-005163	Silverline Northgate Enterprises Incoporated	378 Stonebridge Ave, Meridian Park, Fresno, 15954	United States
S3-001204	Orchid  Packaging Pvt Ltd	173 Apex Road, Maplecrest Nagar, Behind Ganesh Temple, Kochi, Maharashtra	India
S3-001280	Bluepeak Harbbor Packaging Corp	150 Vertex Boulevard, Orchid Park, Akron	USA
S3-001446	Brightpath Limited Liability Company	16/17 Summit St Akron 48118	US
S3-007868	Smumit Ltd	180 Thistle Cross Lantern Nagar Indore 903543	India
S3-007310	Kesstreel and Sons Limited	Stonebridge Rd, Brightpath Park,  Austin, AL, 88726	IN
S3-001062	Silverline Maplecrest	38 Brihtpath Road, Lubbock, 74000	US
S3-003837	JuniperE nterprises Ltd	46 Sunstone Main, Onyx Nagar, Pune, MP	India
S3-007258	Goldleaf Textiles Inc	47 Onyx Drive, Brightpath Park, Lubbock, 10058	US
S3-004313	Harbor Trading P Ltd	89 Quarry Main, Kestrel Nagar, Jaipur, 119519	IN
S3-000296	Onyx Apex Logistics Company	20/15 Falcon Rd, Brightpath Park, Behind the Civic Center, Fresno	USA
S3-001753	Lantern TradingInc	156 Summit Avenue, Brightpath Park, Lubbock, 77155	United States
S3-004114	Northgate Logistics Limited	132 Ironwood Rd, Orchid Nagar, Coimbatore, MP, 909392	IN
S3-004204	Meridian Industries Ltd	85 Quarry Marg, Opp. Bus Depot, Summit Nagar, Indore, Gujarat, 352267	IN
S3-005100	Clearwater Solutions PvtL td	113 Cobalt St, Pune, MP	India
S3-007358	Redwo & Sons Private Limited	315 Harbor Rd, Orchid Nagar, Nagpur, 697822	IN
S3-004847	Onyx orp	2144 Silverline Drive Mobile AL 89904	US
S3-006625	Harbor, Consultancy Juniper rivate Limited	25/67 Summit Crs, Near Metro Pillar 42, Stonebridge Nagar, Indore, Tamil Nadu, 685195	IN
S3-005863	Blepeak Industries Ltd	395 Kestrel Cross, Apex Nagar, Pune, 853474	India
S3-001090	Stonebridge, Trading & Sons P Ltd	121 pAex Cross, Orchid Nagar, Indore, 216866	IN
S3-007271	Apex, Logistics Inc	164 Falcon Cross, Kochi, Gujarat, 892598	US
S3-001682	Stonebridge Industries Corp	28/59 Juniper Blvd Thistle Park Near Exit 14 Lubbock WA 60669	United States
S3-001629	Falcon, Enterprises Incorporatde	29 Vertex Street, Brightpath Park, Lubbock	United States
S3-005189	Cobalt Servvicse	Quarry St, Brightpath Nagar, Surat, Tamil Nadu	IN
S3-008808	Systems Private Lmiited	350 Brightpath Cross, Orchid Nagar, Pune, Maharashtra, 451473	IN
S3-007340	Stonebridge Solutions Pt Ltd	36/1 Kestrel Marg, Vertex Nagar, Pune, 686042	IN
S3-009182	Clearwater, Brightpath Packaging Limited Liability Company	55 Summit Blvd Apex Park Lubbock WA 69837	US
S3-006959	Cobaalt Industries	Behind the Civic Center, 64 Orchid Boulevard, Apex Park, Lubbock	USA
S3-006336	Ironwood	64 Apex Road Summit Nagar Surat Maharashtra 898210	IN
S3-007751	Juniper Logisstics and Sons Ltd	336 Goldleaf St, Nagpur, IL, 67105	United States
S3-001072	Verte Systems	Thistle Dr Onyx Park Fresno IL 22747	United States
S3-006030	Lantern Stonebridge Electricals Pvt Ltd	364 Lantern Crs Harbor Nagar Pune MP 472585	India
S3-007498	Falcon, Goldleaf Textiles Private Limited	Near SBI ATM, 55 Lantern Crs, Coimbatore, MP, 260258	India
S3-008089	Meridiann Industries and Sons	37/58 Quarry Boulevard, Orchid Park, Peoria, 21511	IN
S3-008060	Vertex Apex Industries Corporation	7 Goldleaf Ave, Onyx Park, Tacoma, CA, 14618	USA
S3-007821	Redwood Kestrel oCnsultancy P Ltd	Clearwater Street Pune 429124	India
S3-001871	Falcon Industries	285 Apex St, Nagpur, Kerala	India
S3-000925	Vertex Consutlancy	340 Lantern St, Indore, MP	IN
S3-008178	Stonebridge Solutions & Sons Corp	112 Thistle Road, Peoria, 73386, Clearwater Park	USA
S3-008083	Ocrhid	65 Orchid Mn, Onyx Nagar, Coimbatore, 788527	India
S3-005802	Sunstone Chhemicals	332 Silverline Drive Onyx Park Austin AL 52563	United States
S3-005259	Foods Clearwater Private Limited	242 Goldleaf Marg, Indore, 913065	IN
S3-006782	Maplecrest Services LLC	5 Orchid Boulevard, Stonebridge Park, Fresno, 19677	US
S3-004425	Ravenwood Textlies	374 Brightpath Mn, Onyx Nagar, Pune MP	India
S3-003526	Ironwood Logsitics Limited	Ironwood Marg Onyx Naggar Jaipur	IN
S3-005237	Thistle Motors Limited	28 Orchid Main Lantern Nagar Indore Rajasthan 650220	India
S3-003586	Ironwood Enterprisses	359 Lantern Blvd, Silverline Park, Austin, WA, 54828	US
S3-006824	Northgate Solutions  Limited Liability Company	4 Clearwater Rd, Falcon Park, Akron, TX	USA
S3-006089	Apex Falcon Enterprises Crporation	174 Ravenwood Drive, Clearwater Park, Austin, CA, 35676	United States
S3-006897	Ravenwod Redwood Private Liited	327 Falcon Marg, Surat, Rajasthan, 887481	IN
S3-001374	Harbor Ltd	278 Golldleaf St, Near SBI ATM, Quarry Nagar, Pune, Gujarat, 280780	IN
S3-005346	Clearwater Lantern Logistics Ic	Ravenwood Ave, Near Exit 14, Northgate Park, Fresno, TX	US
S3-008613	Orhid Ltd	200 Vertex Road, Orchid Nagar, Jaipur, 268067	IN
S3-003701	Lantern EEnterprises	345 Goldleaf Rd, Austin, CA, 89745	US
S3-003610	Harbor Enterprises Northgate Lttd	106 Harbor Cross, Summit Nagar, Surat, Kerala, 625489	India
S3-008909	ApexP Ltd	Goldleaf Marg, Redwood Nagar, Indore, 913065	IN
S3-006751	Bluepeak Stonebridge Co	359 Ironwood Ave Fresno TX 12975	USA
S3-003167	Vretex Falcon Solutinos	Thistle Mn, Lantern Nagar, Indore, MP	IN
S3-001663	Quarry Textiles Pvt Ltd	326 Cobalt Marg, Indore, Kerala, 126889	IN
S3-001894	Bluepeak Txtiles Corporation	35 Orchid Dr, Mobile, 81860	US
S3-008918	Sunstone Fabrics LLimited	12/45 Ironwood St Jaipur MP 418940	IN
S3-004077	Sumimt Systems P Ltd	148 Meridian Road, Vertex Nagar, Surat, Gujarat, 978135	India
S3-003007	Ravenwood nIdustries Co	256 Falcon Ave, Fresno, OH, 89869	USA
S3-005030	Sunstone Incorpoarted	195 Goldleaf Road, Bluepeak Park, Tacoma, WA, 42270	United States
S3-003841	Quarry Kestrel Foods Limited	Maplecrest Crs, Near Metro Pillar 42, Jaipur, MP, 714803	India
S3-002712	Ravenwood, Privatee Limited	Opp. Bus Depot, 37 Stonebridge Main, Redwood Nagar, Kochi, MP, 776450	India
S3-002816	Orchid Thistle Motors Pvt Ltd	374 Sunstone Mn,, Pune, Rajasthan, 198715	IN
S3-007520	Meridian & Sons LC	380 Stonebridge Marg, Bluepeak Nagar, Tacoma	IN
S3-004171	Stonebrigde Solutions and Sons	39/48 Ravenwood Road, Ironwood Park, Behind the Civic Center, Tacoma, IL, 4076	US
S3-006139	Brightpath Pacckaging and Sons	Behind Ganesh Temple, 96 Cobalt Mn, Ravenwood Nagar, Coimbatore, Kerala, 560025	India
S3-002904	Quarry Logistics  Private Limited	23 Lantern Rd Pune Maharashtra	India
S3-006538	Coballt Motors Limited Liability Company	195 Silverline Boulevard, Lantern Park, Peoria, IL	US
S3-002983	LogisticsI ncorporated	Redwood Street, Bluepeak Park, Mobile, OH, 53676	United States
S3-007793	Ironwood Kesttrel Motors	103 Silverline M, Meridian Nagar, Surat, Rajasthan, 404076	IN
S3-004284	Apex Servics Incorporated	280 Onyx Blvd, Peoria, 77329	United States
S3-004180	Packaging Meridian Limitde	192 rBightpath Main, Orchid Nagar, MP, 879794, Nagpur	IN
S3-002263	Ravewood Foods	Opp. Bus Depot, Bluepeak Crs, Indore, MP, 795312	India
S3-002923	Bluepaek, Logistics Corporation	206 Northgate Drive, Juniper Park, Lubbock, IL	US
S3-001922	Lantern Brightpath Motor & Sons Corporation	Nortthgate Rd Harbor Park Tacoma TX 73196 Opp. City Library	United States
S3-001415	Consultancy Apex Harbor Private Limited	335 Ironwood Main, Stonebridge Nagar, Behind Ganesh Temple, Pune	IN
S3-007624	Soluitons and Sons Private Limited	292 Onyx Cross, Pune, Maharashtra, 678233	IN
S3-008113	Ironnwood Electricals & Sons Co	63 Ravenwood Rd, Cobalt Nagar, Akron, Kerala	IN
S3-007095	Services Pvt Ltd	340 Thistle Street, Kestrel Nagar, Pune, 754051	IN
S3-003892	Meridian Fabrics Corp	11/35 Harbor Avenue, Kestrel Park, Akron, 40948	United States
S3-001675	Maplecrets Trading Ltd	309 Meridian Marg Jaipur	IN
S3-001817	Bluepeak Motors annd Sons Pvt Ltd	319 Clearwater Crs, Maplecrest Nagar, Kochi, MP, 823313	IN
S3-007152	Stonebridge Cobalt Systems	146 Clearwater Marg, Kestrel Nagar, Lubbock	India
S3-004415	Kestrel Ravenwood EnterprisesP  Ltd	358 Stonebridge Crs, Bluepeak Nagar, Jaipur, Tamil Nadu, 962268	India
S3-006356	Northgate Systems	Opp. Bus Depot, 220 Ravenwood Cross, Kerala, 875852, Pune	IN
S3-002840	Thistle Chemicals and Sons Incorporated	Ironwood St Brightpath Park Peoria	USA
S3-004630	Onyx Services & Sons Private Limited	235 Sunstone Main, Ravenwood Nagar, Kochi, 573592	IN
S3-001736	Vertex Motors Incorporated	151 Apex Avenue, Near Exit 14, Apex Park, Akron, TX	USA
S3-007157	Onyx Inndustries Inc	299 Ironwood Boulevard, Lantern Park, Peoria, 24324	USA
S3-004327	Falcon Services Pvt Ltd	Orchid Nagar,Indore, Gujarat, 26/60 Kestrel St	India
S3-000268	Quarry CChemicals	325 Brightpath St, Sunstone Nagar, Nagpur, Gujarat, 177391	IN
S3-000142	SummitT rading P Ltd	62 Thistle Crs, Pune, 933211	IN
S3-000709	Servicess Inc	133 Northgate St, Silverline Park, Fresno, 15858	USA
S3-005177	Stonbridge Company	179 Orchid St, Tacoma, 75053	USA
S3-001105	Meridian Quarry Systems and Sons	152 Summit Mn, Harbor Nagar, Coimbatore, MP	India
S3-003657	Ravenwood Consultancy Corporation	258 Orrchid Avenue Ironwood Park Lubbock WA 38689	USA
S3-000222	Lantern Solutons Pvt Ltd	19 Juniper St, Bluepeak Nagar, Pune, MP, 975406	IN
S3-007752	Thistle, Pvt Ld	64 Stonebridge Drive Harbor Park Austin TX 75645	IN
S3-008077	Cobalt Chemicals	225 Quarry Street, Pune, Kerala, 509891	India
S3-000616	Bluepeak, Silverline Fabrics & Sons Limited	106 Ravenwood Mn, Lantern Nagar, Coimbatore, Tamil Nadu, 192004	India
S3-004975	Consultancy CCorporation	223 Meridian Street, Ravenwood Parkk, Mobile, AL, 51537	United States
S3-006725	Vetrex  Ravenwood Trading	Vertex Nagar, Indore, 417529, 15/38 Apex Main	India
S3-005960	Thistle Goldleaf Textiles Corporation	257 Brightpath Rd, Stonebridge Park, Tacoma, 77759	US
S3-003475	Maplecrest Limited Liability Company	85 Apex Drive, Meridian Park, Austin, TX, 6715	US
S3-002056	Onyx Trading	81 Falcon Boulevard, Ravenwood Park, Mobile	United States
S3-000068	Silverline Sunstone Industries Corp	269 Silverline Drive, Lubbbock, AL	USA
S3-007254	Silverline Electricals LLC	203 Redwood Blvd Austin IL 46572	United States
S3-003924	Clearwater Sunstone Soluutions Private Limited	39/28 Orchid Street, Opp. Bus Depot, Jaipur, Maharashtra, 686033	India
S3-005379	Mapllecrest Systems Inc	283 Onyx Drive, Apex Park, Austin, OH, 44387	USA
S3-003838	Onyx	Behind Ganesh Temple, Sunstone St, Vertex Nagar, Pune, 780366	India
S3-005660	Maplecrest lBuepeak Trading and Sons Co	286 Harbor Ave Akron OH 95005	USA
S3-008148	Northgate Apex Textiles P Ltd	Meridian Road, Onyx Park, Near Exit 14, Kochi	USA
S3-003302	Meridian Services LLC	234 Quarry Rd, Maplecrest Park, Fresno, 64080	US
S3-006218	Northgate Fabrics and Sons Corp	30/70 Thistle Drive, Harbor Park, Fresno	US
S3-009157	Harbr LLC	197 Brightpath St, Near Exit 14, Cobalt Park, Akron, CA, 52257	United States
S3-003466	Maplecrest, Entreprises and Sons LLC	11/75 Redwood Blvd, Maplecrest Park, Fresno, WA, 69364	USA
S3-007560	Harbor Jniper	7/10 Stonebridge Marg, Lantern Nagar, Jaipur, 367767	IN
S3-004682	Silverline Electtricals & Sons Pvt Ltd	17 Apex Main, Summit Nagar, Surat, MP, 313861	India
S3-001904	Bluepeak Incorporated	Behind the Civic Center 390 Orchid Dr Austin WA 93913	United States
S3-006629	Kestrel Sunstone Industries LLC	69 Quarry Drive Goldleaf Park Peoria 12103	USA
S3-005917	Thistle Foods Limited Liability Company	17 Lantern Road, Ravenwood Park, Peoria, 93581	US
S3-006566	Silverline Ironwood Fabrics Ltd	276 Vertex Cross Norhtgate Nagar Jaipur 599899	India
S3-006544	BluepeakQ uarry Solutions Corp	Bluepeak Blvd, Brightpath Park, Tacoma, IL, 99302	US
S3-000888	Juniper Systems Crporation	37/28 Orchid Dr, Orchid Park, TX, 98216, Peoria	United States
S3-007043	Bleupeak	149 Orchid Cross, Vertex Nagar, Kochi, 491044	US
S3-000581	Stonebridge Electricals Co	62 Bluepeak Boulevard, Mobile, TX	USA
S3-007386	Kestrel, Packaging Stonberidge P Ltd	162 Falcon Cross, Kestrel Nagar, Jaipur, 763576, Rajasthan	IN
S3-003828	Juniper Trading Private Limited	367 Lantern Street, Silverline Nagr, Coimbatore, Kerala, 935474	India
S3-000950	Redwood Private Limited	Ravenwood Nagar Jaipur Tamil adu 244 Harbor Main	India
S3-005970	Lantern Logistics Limited	10/57 Clearwater Marg, Kochi, Kerala, 721906	IN
S3-009175	Quuarry Packaging Private Limited	Behind Ganesh Temple, 380 Summit Crs, Jaipur, Tamil Nadu	India
S3-006992	Goldleaf Enterprises & Sons P Ltd	69 Bluepeak Rd Nagpur	India
S3-008258	Cobalt QuarryP ackaging Company	392 Brightpath Road, Lubbock, CA	United States
S3-008719	Thisle Motors P Ltd	113 CClearwater Marg Pune Tamil Nadu 781719	IN
S3-004978	Ravenwood Ravenwood Trading Limited	308 Ironwood Marg, Maplecrest Nagar, 299134, Coimbatore	India
S3-001265	Vertex Thistle Packaging P Ltd	Ironwood Road, Napur	IN
S3-002990	Motors BBrightpath Corporation	6 Clearwater Rd, Redwood Park, Mobile, CA, 96274	US
S3-006169	Ravenwood Cmpany	176 Redwood Avenue, Thistle Park, Austin, 25599	US
S3-002395	Lantern Fooods Company	381 Bluepeak Boulevard, Ravenwood Park, Fresno, TX, 18499	USA
S3-006697	Harbor Motors Copany	256 Sunstone Street, Lubbock	United States
S3-005475	Cobalt Cosnultancy Limited Liability Company	233 Quarry Street, 28587, Tacoma	US
S3-000024	Brightpath Chemicals & Sons Ltd	194 Goldleaf Marg, Brightpath Nagar, Surat, 421030	India
S3-006832	Bluepeak Electricals Private Limited	112 Lantern Marg Indore Tamil Nadu	India
S3-006454	Vertex, Solutions	Near Exit 14, 93 Redwood Avenue, Cobalt aPrk, Austin, AL, 37635	USA
S3-003070	Ironwood, Systems P Ltd	240 Quarry tSreet, Nagpur, MP, 287126	IN
S3-000833	Summit Textiles Private Lmiited	28/9 Goldleaf Marg, Vertex Nagar,  Pune, Kerala	IN
S3-000794	CobaltP Ltd	Ironwood Nagar, Indore, Quarry St	India
S3-008552	Electricals Brightpath Privvate Limited	238 Meridian Road, Maplecrest Park, Near Exit 14, Indore, 43711	US
S3-004623	Vertex Packaging and Sons P Ltd	101 Meridian Cross, Quarry Nagar,C oimbatore, Kerala	India
S3-000004	Harbor Systemms	38/87 SSilverline Blvd Ravenwood Park Austin 38853	US
S3-001733	Vertex Motors & Sons P Ltd	90 Silverline Road Kochi Kerala 156175	IN
S3-008507	Redwood Maplecrest Limited	Vertex Cross, Indore, 799731	India
S3-000481	Goldelaf Logistics & Sons P Ltd	18 Ironwood Street,B rightpath Nagar, Indore, Tamil Nadu, 584464	India
S3-006458	Gldleaf, and Sons Ltd	127 Stonebridge Crs Quarry Nagar Indore Kerala 374817	India
S3-002541	Lantern Summmit Inc	Kestrel Rd, Thistle Park, Lubbock	United States
S3-004851	Onyx Harbor Industries Private Limited	119 Kestrel Rd, Quarry Nagar, Pune, Kreala	India
S3-003733	Lanetrn Industries Co	Cobalt St, Brightpath Park, Lubbock, X	United States
S3-000001	Silverline Bluepeak	2/70 Ravenwood Rd, Cobalt Nagar, Pune, Kerala, 17404	IN
S3-001828	Harbor Goldleaf Logistics Limited Liability Company	305 Ravenwood Avenue, Goldleaf Park, Peoria, 99768	US
S3-000795	Cobalt Textiles Privat Limited	186 Quarry St, Indore, 704406	IN
S3-004320	Apex  Systems Incorporaated	2 Kestrel Rd, Quarry Park, Lubbock, OH, 93972	US
S3-008464	Stonebridge Inc	Onyx Boulevard, Cobalt PPark, Tacoma, IL, 90575	United States
S3-008145	Industries Onyx  Corp	18 Ravenwood Dr, Opp. City Library, Summit Park, Mobile, 36306	USA
S3-004227	Northgate Bluepeak Trading & Sons	Onyx Rd Silverline Park Lubbock WA 32768	USA
S3-008477	Aepx	220 Redwood Ave, Maplecrest Prk, Fresno, WA	US
S3-002754	Vertex Packaging	68 Falcon Avenue, Akron, WA, 48200	USA
S3-005027	Ravenwood Incororated	12/50 Juniper Avenue, Peoria, OH	United States
S3-003562	Vertex	35 Summit Road, Lantern Park, Akron, 62615	United States
S3-003674	Meridian Conultancy Ltd	Goldleaf Marg Cobalt Nagar Kochi 312813	IN
S3-002284	Summit, Summitt Services Limited	91 Meridian Main, Kochi, Rajasthan, 756445	India
S3-004235	Brightpath, Private Limited	Behind Ganesh Temple 113 Kestrel Mn Northgate agar Kochi Maharashtra 979135	India
S3-008579	Maplecesst Textiles	104 Quarry St Juniper Nagar Nagpur Gujarat 33963	IN
S3-003982	Falcon Packagin Company	191 Stonebridge St Fresno AL	USA
S3-006112	Suummit Electricals Corp	12 Thistle Drive, Northgate Park, Peoria, OH	USA
S3-006271	Ravenwood Consultancy Company	288 Stonebridge Rd, Harbor Park, Peoria	USA
S3-001587	Orchid aFlcon LLC	Clearwater St Bluepeak Park Fresno OH 44867	US
S3-002148	Services Meridian & Sons Private Limited	2555 Falcon St, Summit Nagar, Nagpur, Rajasthan, 180823	India
S3-001375	Apex, Thistle Logistics	395 Summit Mn, Maplecrest Nagar, Pune	IN
S3-009026	Thistle Summiit Solutions Limited	164 Ravenwood Rd Falcon Nagar Surat Tamil Nadu	India
S3-007212	NorthhgateL td	215 Redwood Street Quarry Park Jaipur CA 65630	US
S3-002902	Vertex Motors LLC	Maplecrest Avenue, Meridian Park, Mobile, TXX, 37249	United States
S3-001832	Thistle Pvt Ltd	240 Lantern Crs, Maplecrest Nagar, Kochi, MP, 143041	IN
S3-005178	Quarry P td	351 Brightpath Crs, Ravenwood Nagar, Indore, MP, 423954	IN
S3-006156	Goldleaf Silevrline Foods Co	38 Kestrel Boulevard Silverline Park Akron AL	USA
S3-006986	Bluepeak Consultancy Pivate Limited	391 Falcon Boulevard, Austin, OH, 70176	India
S3-000186	Northgate Maplecrest Solutions P Ltd	128 Summit n, Cobalt Nagar, Kochi, Gujarat, 937543	IN
S3-003370	Sunstone Fabrics and Sosn Inc	301 Thistle Rd, Bluepeak Park, Lubbock, IL, 24337	USA
S3-006995	Stonebridge Electricals Limited Liability Compny	Behind the Civic Center, 333 Thistle Rd, Apex Park, Akron, 80069	USA
S3-001951	Summit Harbor Packaging	Near Exit 14, Juniper Blvd, Thistle Park, Akron, TX, 49130	United States
S3-007057	Vertex Foods LLC	Bluepeak Main, Ironwood Nagar, Lubbock, MP, 429049	IN
S3-001831	Kestrel ystems LC	359 Northgate Blvd, Brightpath Park, Fresno, 93891	US
S3-000782	Silvelrine Electricals Private Limited	143 Brightpath Crs, Thistle Nagar, Surat	India
S3-006394	Juniper alcon Teextiles Corp	25 Brightpath Boulevard, Austin, AL	US
S3-000414	Redwood Northgate Trading Pvt Ltd	304 Meridian Cross, Summit Nagar, Coimbatore, 142696	India
S3-000053	Kstrel Consultancy and Sons	215 Harbor Crs Juniper Nagar Indore Tamil Nadu 236579	India
S3-002150	Ravenwood Bluepeak & Sons Company	366 Onyx Road Meridian Park Fresno WA 61391	USA
S3-008546	Thistle Logistics	166 Maplecrest Dr, Nagpur, TX, 83059	US
S3-004017	Sunstone Coablt Incorporated	138 Sunstone Road Austin 95728	USA
S3-008192	Northgate Systems Inc	Ravenwood Street, Lantern Park, Fresno, CA	USA
S3-003461	Onyx Electricals & Sns Ltd	180 Clearwater Marg Falcon Nagar Kochi 466265	India
S3-000163	Meridian	Maplecrest Road, Goldleaf Nagar, Behind Ganesh Temple, Nagpur	India
S3-004866	Orchid Systems Limited Liability Company	150 Ravenwood Dr, Goldleaf Park, Lubbock, CA	US
S3-007684	Cobalt, Systems &S ons Co	Opp. City Library 265 Stonebridge Street Onyx Park Akron 37263	USA
S3-003731	Lanter nIndustries & Sons	164 Cobalt Street Lubbock 98949	USA
S3-004692	Ironwwood, Solutions Private Limited	220 Goldleaf Road, Bluepeak Nagar, Behind Ganesh Temple Surat, 635938	India
S3-000871	Chemicals Stonebridge P Ltd	397 Ravenwood Rd, Silverline Nagar, Nagpur, 971137, Kerala	IN
S3-007032	Nrthgate Chemicals Quarry Co	Near Exit 14, 112 Maplecrest Drive, Lubbock, IL	USA
S3-000252	Thistle, Textiles	65 Juniper St, Ironwood Park, Fresno, 90687	USA
S3-007123	Clearwater Electricals Company	241 Summit Ave, Lantern Park, Akron, AL	United States
S3-007289	Enterprises Harbor	306 Brightpath St, Summit Nagar, Kochi, Gujarat	India
S3-001879	Thistle Cobalt Entterpirses Limited	12/10 Summit Mn, Kestrel Nagar, Surat, Maharashtra, 807805	India
S3-005687	Cobalt, Fabrics Limited Liability Company	340 Meidian Road, Bluepeak Park, Lubbock	United States
S3-008550	Brightpath Limietd	108 ertex Crs, Goldleaf Nagar, Maharashtra, 253776, Indore	IN
S3-003573	Systems, Silverline Meridian LLC	41 Silverline Ave, Akron, 48767	United States
S3-003694	Meridian LLC	366 Redwood Avenue, Goldleaf Park, Peoria, 33867	United States
S3-002532	Onyx Industries	5 Stonebridge Marg, Maplecrest Nagar, Jaipur, MP, 766220	India
S3-008801	Meridian Tetiles & Sons Limited	31 Maplecrest Mn, Maplecrest Nagar, Jaipur, 383442	IN
S3-004469	Meridian Quarry Foods Limited	166 Falcon Cross, Cobalt Nagar, Surat, 144583	IN
S3-003839	Quarry Kstrel Foods	Maplecrest Crs, Cobalt Nagar, Jaipur, MP, 714803	India
S3-000555	Juniper Industries	139 Bluepeak Marg, Orchid Nagar, Indore	India
S3-002821	Sunstone Fabrics Ltd	Opp. Bus Depot, 175 Cobalt Crs, Surat, Tamil Nadu, 603242	IN
S3-001096	Falcon Onyx Industries Incorporated	193 Goldleaf Ave, Harbor Park, Mobile, WA	USA
S3-006469	Coobalt Chemicals Private Lmiited	170 Lantern Cross, Redwood Nagar, Coimbatore, Maharashtra	India
S3-001173	Juniper Brightpah	382 Kestrel Marg, Maplecrest Naga,r Opp. Bus Depot, Kochi, Kerala	India
S3-006066	Summit Electricals Inc	142 Stonebrdige Rd, Silverline Park, Peoria, 68413	US
S3-009050	Harbor Private Limited	Kestrel Mn Kochi Gujarat 682308	IN
S3-007163	Ochid	154 Quarry Marg, Lantern Nagar, Pune, Maharashtra	India
S3-003641	Apex P Ltd	291 Orchid Street Summit Nagar oimbatore Gujarat	India
S3-000322	Orchid	25/59 Meridian Road Redwood Nagar Indore Kerala	IN
S3-000776	Cobalt Ravenwood  Industries Private Limited	326 Kestrel Main, Cobalt Nagar, Near SBI ATM, Coimbatore	India
S3-007572	Redwood Packaging Ltd	Goldleaf Crs, Cobalt Nagar, Nagpur, Maharashtra, 263291	India
S3-006163	Ironwood	24/83 Ironwood Rd, Falcon Park, Fresno, TX	United States
S3-008717	Vertex Bluepeak Packaging Private Limited	Thistle St, Brightpath Park, Mobile	IN
S3-002868	Ironwood Onyx & Son P Ltd	155 Summit Mn, Summit Nagar, Nagpur, Maharashtra, 374962	IN
S3-001393	Thistle, Conslutancy Inc	177 Harbor Blvd, Quarry Park, Lubbock, WA	USA
S3-006672	Foods Ironwodo Private Limited	4/64 Harbor Marg, Indore, 588972	IN
S3-008062	Orrchid Textiles	Near SBI ATM, 100 Silverline Cross, Juniper Nagar, Pune, 796650	IN
S3-009135	Ravenwood Enterprises Limited Liability Company	63 Onyx Road Brightpath Park Peoria 11078	US
S3-000902	Ocrhid Foods	7/17 Brightpath Crs, Redwood Nagar, Surat, Rajasthan	IN
S3-000270	Quary, Foods	13 Clearwater Ave, Lantern Park, Tacoma, OH, 71762	USA
S3-003752	Kestrel, Logistcis	74 Brightpath Street ,Summit Nagar, Nagpur, Gujarat	IN
S3-001097	Industries Falcon Onyx Incorporaated	Northgate Rd, Opp. City Library, Mobile, AL	USA
S3-006031	Quarry Electricals	306 Lantern Boulevard, Quarry Park, Akron, WA, 54407	US
S3-000442	Thiste Brightpath Trading Ltd	349 Ravenwood Mn, Indore	India
S3-003117	Summit Cobalt Electricals & Sons	184 Stonebridge Dr, Onyx Park, Mobile, WA, 26418	US
S3-002926	Kestrel, Ravenwood Co	330 Summit Avenue, Goldleaf Park, Akron, AL, 75835	US
S3-000248	Cobalt CChemicals oCmpany	NearE xit 14, 95 Falcon Road, Fresno, IL, 61364	United States
S3-000797	Vertex Northggate Trading Co	98 Northgate Dr, Thistle Park, Akron, AL	United States
S3-008902	Onyxx Fabrcis Company	239 Bluepeak Blvd, Ravenwood Park, IL, Mobile	United States
S3-002202	Lantern Kestrel Motors Private Limited	20 Harbor Main, Apex Nagar, Surat, Maharashtra, 823421	India
S3-000791	Consultancy Lantern Private Limited	280 Sunstone Marg, Apex Nagar, Kochi	IN
S3-003766	SummitLtd	298 Goldleaf Marg, Harbor Nagar, Surat, 110406	India
S3-002401	Ironwood Quarry Trading and Soons Limited Liability Company	321 Cobalt Avenue, Orchid Park, Akron	US
S3-003265	Ironwood Kestrel and Sons	293 Orchid Rd, Stonebridge Nagar, Near SBI ATM, Kochi	IN
S3-006096	Ironwood Tradiing Corp	82 Silverline Dr, Lubbock, 28440	US
S3-002384	Ironwood Electricals & Sons Company	179 Kestrel Blvd, Sunstone Park, Akron, 60452	US
S3-004665	Redwood Foods	202 Harbor Rd Lantern Park Lubbock AL	United States
S3-002278	Meeridian Electricals Limited	Ironwood Cross, Brightpath Nagar, Surat, 420978	IN
S3-000286	Meridian LLC	119 Apex Road Fresno WA 57060	USA
S3-005133	Ravenowod Services Pvt Ltd	Stonebridge Marg, Onyx Nagar, 474429, Jaipur	IN
S3-006435	Ravenwood Services Harbor	258 Cobalt Street, Jaipur, 222711	India
S3-005450	Orchid Priavte Limited	14 Kestrel Main, Northgate Nagar, Indore, 445380	India
S3-001201	Falcon Tradin gP Ltd	327 Harbor Marg, Behind Ganesh Temple, Kochi, MP, 325706	India
S3-000683	Clearwater, Industries Private Limited	238 Ravenwood Main, Northgate Nagar, Pune, Kerala, 510695	India
S3-004143	Northgate, Foods Ld	43 Cobalt Crs, Silverline Nagar, Pune	IN
S3-000336	Cobalt	2 Falcon Blvd Orchid Park Fresno TX	USA
S3-009035	Orchid Enterprises Pvt tLd	393 Stonebridge Cross, Near Metro Pillar 42, Northgate Nagar, Nagpur, 899321	IN
S3-001431	Juniper Trading CCompany	211 Onyx Boulevard, Fresno, 14778	United States
S3-006604	Silverline Packaging Private Limited	53 Redwood Rd, Onyx Nagar, Kochi, 275509	India
S3-005609	Orchid Chemicals & Son sInc	38 Sunstone Street, Kestrel Park, Tacoma	USA
S3-002137	Stonebridge Falcon Co	44 Ironwood Boulevard Meridian Park Peoria 29921	US
S3-007326	Apex Solutions Incorporated	354 Meridian Blvd Bluepeak Park Tacoma 58395	US
S3-009162	Orchid Thistle Solutions Corporation	125 Clearwater Crs, Brighttpath Nagar, Mobile, 954494	India
S3-000010	Harbor Bluepeakk Fabrics &  Sons Inc	12/54 Ravenwood Boulevard, Bluepeak Park, Fesno, WA	USA
S3-007866	Ironwood Juniper Packaging P Ltd	263 Vertex Crs, Quarry Nagar, Nagpur, MP, 677601	India
S3-009202	Chemicals Ape xJuniper Inc	68 Juniper Drive, Cobalt Park, Peoria, TX, 14553	USA
S3-006523	Vertex Quarry Solutions Inc	127 Falcon Drive Ravenwood Park Fresno WA	US
S3-001648	Quarry abrics and Sons Inc	Ironwood Park, Mobile, 23622, 342 Onyx St	United States
S3-001758	Bluepeak Chemical Inc	103 Ravenwood Avenue, Vertex Park, Peoria, 64650	USA
S3-000037	Apex CConsultancy Limited	197 Silverline Marg, Opp. Bus Depot, Clearwater Nagar, Indore, MP	India
S3-003094	Northgate Motors LLC	326 Brightpath Street, Onyx Prak, Fresno, 45319	United States
S3-000957	Ironwood Electricals Company	72 Sunstone St Mobile OH	USA
S3-002867	Ironwoo Onyx Systems P Ltd	155 Summit Main, Nagpur, Maharashtra, 374962	India
S3-002198	Stonebridge Consultancy	1/1 Goldleaf Mn, Clearwater Nagar, Pune, MP	IN
S3-007977	Bluepeak Chemicals & Sons	18/59 Harbor Ave, Harbor Park, Fresno, 67725	USA
S3-005650	Sunstone Foods Incorporated	163 Clearwater Driev Redwood Park Akron AL	US
S3-000731	Falcon Texitles Pvt Ltd	Silverline Nagar, Jaipur, MP, 12/72 Orchid Crs	IN
S3-006240	Malpecrest Orchid Motors LLC	6/52 Stonebridge Road, Brightpath Park, Austin, 88726	US
S3-004124	Meridian  Kestrel Motors Company	20 Redwood Dr Lantern Park Tacoma AL 22808	USA
S3-002851	Ironwood ConsultancyInc	32 Vertex Drive, Thistle Park, Lubbock, AL, 50354	United States
S3-005620	Northgate Inc	Vertex Road, Apex Park, Lubbock, AL	USA
S3-006983	Goldlef Redwood Services Ltd	20 Clearwater Rd, Kochi, 86444	US
S3-001394	Brightpath Indstries Co	301 Cobalt Street, Bluepeak Park, Tacoma, OH, 79181	USA
S3-008202	Services Apex Inc	Near Exit 14, 88 Bluepeak Dr, Fresno	United States
S3-006383	Sunstne Industries Co	Stonebridge Ave, Ironwood Park, Opp. City Library, Tacoma, 71195	United States
S3-000311	Clearwater Motorsand Sons	139 Quarry Avenue, Tacoma	United States
S3-000997	Bluepaek Motors P Ltd	284 Ironwood Main, Opp. Bus Depot, Stonebridge Nagar, Surat, MP	India
S3-005170	Goldleaf Private Limited	120 Summit Street, Bluepeak Nagar, Indore, Kerala	India
S3-005252	Falcon Solutions Limited Liability Company	349 Silverline Drive Bluepeak Park Tacoma	United States
S3-007922	Ironwood Textilse Private Limited	214 Harbor Cross, Lantern Nagar, Near Metro Pillar 42, Kochi, Gujarat, 127590	India
S3-007517	Vertex Textiles Ltd	215 Orchid Marg, Stonebridge Nagar, Jaipur, Tamil Nadu, 238495	IN
S3-002872	Lantern Private Limited	399 Brightpath Marg, Silverline Nagar, Indore, Maharashtra, 605227	India
S3-003580	Ironwood Logisics	164 Cobalt Marg, Harbor Naga,r Surat, Rajasthan, 461369	IN
S3-005942	Meridian Goldleaf Sysstems	16/36 Kestrel Cross Brightpath Nagar Nagpur 312177	India
S3-005954	Ironwood Goldleaf	96 Goldleaf Ave, Ravenwood Park, Austin, 45630	USA
S3-005600	Blueeak LLC	25 Meridian Rd, Mobile, 61920	USA
S3-001128	Quarry	Apex Road, Brightpath Nagar, Surat, Rajasthan, 720691	India
S3-005972	Ironwoo, Motors Priavte Limited	232 Goldleaf Marg Brightpath Nagar Indore	IN
S3-007136	Maplecrest extiles Private Limited	270 MMeridian Marg, Pune, 559103	India
S3-003494	Summit Cobalt & Sons	365 Thistle Street Quarry Park Mobile CA 95510	United States
S3-004924	Packaging Harbo Co	70 Vertex Ave Behind the Civic Center Bluepeak Park Mobile TX	USA
S3-001932	Summit Consultancy & Sons Inc	45 Silverline Dr, Kestrel Park, Peoria, IL, 64453	United States
S3-008052	Fabrics Onyx Ironwood Private Limited	224 Bluepeak St, Onyx Nagar, Kochi, Kerala	India
S3-004245	Silverline Motors & Sons	Opp. Bus Depot, 313 Vertex Crs, Kochi, MP, 983522	IN
S3-005144	Thistle Electrcals P Ltd	10/86 Brightpath Mn, Jaipur, Kerala	IN
S3-006610	Stonebridge Sunstone Systems Inc	12/60 Thistle Ave, Vertex Park,  Lubbock, 80668	USA
S3-007861	Apex	Near Metro Pillar 42, 22 Stonebridge Cross, Northgate Nagar, Pune, Rajasthan	India
S3-003224	Quarry Ironwood oC	61 Thistle Drive AAustin CA	United States
S3-003773	Thistle Private Limited	357 Northgaate Marg, Onyx Nagar, Pune, 617311	IN
S3-000724	Apex, Foods Corporation	346 Thistle Street, Redwood Park, Mobile	USA
S3-006836	Orchid Silverline Motors	Falcon Rd, Orchid Nagar, Indore, Tamil Nadu, 419473	India
S3-004537	Apex, Trading LLC	77 Onyx Blvd, Akron	US
S3-005350	Vertex Pvt LLtd	73 Kestrel Marg, Apex Nagar, Surat, Gujarat, 948828	India
S3-002862	Sunstone Systems and Sons Company	Opp. City Library, Ravenwood Park, FFresno, 25228, 160 Juniper Blvd	US
S3-000765	Bluepeka Consultncy Private Limited	27/86 Onyx Road, Ironwood Nagar, Surat, Maharashtra	India
S3-005775	Quarry Ironwood Fabrics Co	74 Apex Rd, Clearwater Park, Mobile	United States
S3-001628	Thistle Sunstonee Consultancy Corporation	371 Brightpath Street, Ravenwood Park, Fresno	US
S3-007681	Onyx Harbor Chemicals Pvt Ltd	264 Harbor Main, Ravenwood Nagar, Coimbatore, Rajasthan, 364899	IN
S3-003442	Thistle Systems P Ltd	233 Silverline Road, Lantern Nagar, Indore, Maharashtra	IN
S3-000119	Ravenwood Private Limited	228 Falcon Mn, Pune, Gujarat, 210065	India
S3-001267	Onyx Chemcials Private Limited	Silverline St, Juniper Nagar, Pune, MP, 119884	India
S3-003679	Trading Coblat Limited Liability Company	Sunstone Rd Stonebridge Park Fresno 40653	United States
S3-005648	Goldleaff Textiles Ltd	11 Onyx Mn, Jaipur, Kerala, 781652	IN
S3-008483	Kestrel Trading and Sons Incorporated	258 Harbor Street, Nagpur, 650897	US
S3-003213	Ironwood Company	46 Juniper Dr, Juniper Park, Lubbock	USA
S3-005764	Tradnig Orchid Limited Liability Company	175 Ravenwood Boulevard, Meridian Park, Tacoma, TX	US
S3-003929	Silverline Enterprises Corp	125 Thistle Blvd, Ironwood Park, Mobile, OH, 17336	United States
S3-005547	Goldleaf Chemicals	236 Clearwater Road, Maplecrest Park, Mobile, OH	US
S3-002516	Mtors Meridian and Sons	100 Maplecrest Crs, Coimbatore, Tamil Nadu, 864099	India
S3-002965	Thistle Systems	205 Ironwood Road, Goldleaf Park, Austin, CA, 58017	US
S3-003927	Silverline Logistics LLLC	118 Silverline Avenue, Falcon Park, Near Exit 14, Fresno, AL	USA
S3-001646	Quarry Fabrics  Inc	342 Onyx Street, Ironwood Park, Mobile, TX, 23622	United States
S3-006038	Lantern Maplecrest Consultancy and Sons	Opp. City Library, 25/63 Falcon Drive, Lubbock, IL, 80265	USA
S3-002293	Onyx Consulltancy	176 Maplecrest St Mobile	USA
S3-008099	Bluepeak Solutionns Corporation	Orchid Marg, Redwood Nagar, Pune, Maharashtra, 488297	United States
S3-006837	Orchid Silverline Motors & Sons P td	Behind Ganesh Temple, 153 Falcon Road, Indore, 419473	IN
S3-008446	Quaryr Trading	31/15 Goldleaf Road, Harbor Park, Tacoma, IL	US
S3-004945	Clearwater Solutionss P Ltd	105 Silverline Mn, Near SBI ATM, Surat	IN
S3-006186	Meridian Orchid Chemicals Company	381 Ravenwood Rd, Ironwood Park, Akron, WA, 71312	United States
S3-002082	Sunston Chemicals	324 Vertex Rd, Cobalt Nagar, Coimbatore, Maharashtra	India
S3-004690	Redwood, Lantern Packaging Inc	266 Vertex Road, Vertex Park, Peoria, TX	USA
S3-005554	Apex Enterprises and Sons Incorporated	38/28 Orchid Avenue, Ironwood Park, Peoria, OH, 84902	US
S3-003437	Juniper Vertex Chemicals Limited Liability Company	Near Exit 14 116 Goldleaf Rd Redwood Park Mobile	US
S3-004273	Orchid Industries Private Limited	131 Ravenwood St, Bluepeak Nagar, Indore, Kerala	India
S3-007609	Orchid Sevrices	104 Stonebridge Road, Thistle Nagar, Kochi, 352613	IN
S3-007039	Sunsotne LLC	345 Stonebridge Main, Orchid Nagar, Jaipur	US
S3-009041	Redwood Logistics Co	399 Sunstone Rd, Akron, Kerala, 875962	India
S3-001890	Ravenwood ervices Incorpporated	377 Clearwater Blvd, Fresno, WA	USA
S3-007482	Brightpath Enterprises PvtLtd	68 Juniper St, Kerala, Kochi	India
S3-007911	Apex imited	Sunstone Cross Meridian Nagar Pune Tamil Nadu	India
S3-007871	Cobalt Services Incorproated	Near Metro Pillar 42, Cobalt Marg, Brightpath Nagar, Fresno, Gujarat, 217766	India
S3-001773	Vertex Fabrics Company	277 Onyx Road Fresno AL	US
S3-004987	Summit Systems Compay	108 Onyx Avenue, Austin, CA, 63634	United States
S3-007740	Cearwater Incorporated	Near SBI ATM, 22/54 Brightpath Crs, Nagpur, Maharashtra	USA
S3-007627	Summit Coballt Electricals Corporation	230 Juniper Ave Mobile OH	US
S3-008514	Brightpath Brightpath Enterprises Private Limited	Near Metro Pillar 42, Clearwater Mn, Thistle Nagar, Pune, Kerala, 615367	India
S3-008163	Apex imited Liability Company	167 Northgate Drive, Falcon Park, Akron, 70021	United States
S3-008321	Kestrel, Ravenwood hemicals	167 Stonebridge Avenue, Goldleaf Park, Mobile, AL, 59224	United States
S3-007566	Verteex Electricals	376 Silverline Boulevard Sunstone Park Fresno TX 85394	US
S3-008681	Stonebridge Elctricals LLC	358 Cobalt Street, Summit Nagar, Jaipur	United States
S3-000917	Northate Systems Private Limited	Opp. Bus Depot Goldleaf Marg Orchid Nagar Jaipur Tamil Nadu 540690	IN
S3-008991	Fabrics Bluepeak and Sons Corp	323 Orchid St Ironwood Park Tacoma TX 74233	United States
S3-004578	Textiles Quarry Corporation	160 Silverline Rd Brightpath Park OH 28407 Fresno	US
S3-007671	Blepeak Pvt Ltd	147 Sunstone Mn, Bluepeak Nagar, Surat, Maharashtra, 321797	IN
S3-003439	Kestrel Limited	3 Orchid Crs, Cobalt Nagar, Kochi	IN
S3-008967	Orchid Brightpath Pvt td	61 Maplecrest Marg, Goldleaf Nagar, Pune, Rajasthan, 574815	India
S3-007475	Quarry Solutioons Corporation	275 Thistle Cross, Quarry Nagar, Fresno, 457918	India
S3-004940	Ravenwood Fabrics Ld	182 Northgate Crs, Ironwood Nagar, Gujarat, 396721, Nagpur	IN
S3-000143	Summit Trading	103 Silverline Mn Opp. Bus Depot Sunstone Nagar Indore Rajasthan 252512	IN
S3-004318	Services Lantern Liited	188 Maplecrest Crs, Redwood Nagar, Pune, Gujarat, 589081	IN
S3-004042	Goldleaf Services Incorporated	354 Harbor Street, Goldelaf Park, Peoria, 68478	USA
S3-006062	Ravenwood Clearwater Enterprises	Near Exit 14, 217 Redwood Boulevard, Clearwater Park, Lubbock, AL, 39398	US
S3-005521	Clearwater Cobalt Electricals	142 Falcon Avenue Apex Park Opp. City Library Fresno 72791	USA
S3-005168	Nortghate Foods	187 Cobalt Street, Akron, IL	USA
S3-008440	Silverlinne, Foods PLtd	218 Harbor Rd, Near Exit 14, Bluepeak Park, Fresno, AL, 54635	India
S3-003391	Kestrel Consultancy P Ltd	39 Falcon Marg, Ravenwood Nagar, Jaipur, 927956	IN
S3-003145	Harbor Sysetms Co	215 Ravenwood Boulevard, Stonebridge Park, Fresno, 44005	USA
S3-005345	Ironwood  Chemicals & Sons Private Limited	130 Vertex Rd, Ravenwood Nagar, Coimbatore	India
S3-000929	Thistle Thistle Trading Co	Brightpath Street, Ironwood Park, Peoria, 30697	USA
S3-002580	Orrchid Industries Co	91 SStonebridge Blvd, Tacoma	USA
S3-001290	Maplecrest Silverline Packaging	35/40 Falcon Main, Goldleaf Nagar, Kochi, Tamil Nadu, 117992	India
S3-005486	Falcon, Brightpth	Behind the Civic Center 273 Juniper Blvd Bluepeak Park Austin AL 38100	USA
S3-007165	Brightpath & ons Private Limited	Near SBI ATM, 273 Lantern Marg, Kochi, Gujarat	IN
S3-004283	Apex Services	280 Onyx Boulevard, Peoria, WA, 77329	USA
S3-000218	Lantern Electricals Co	Near Exit 14 72 Bluepeak Ave Kestrel Park Austin WA 72265	United States
S3-004918	Thistle, Industries Inc	86 Harbor Rd, Falcon Park, Austin, 39915	US
S3-005127	Ironwood Services Corporation	381 Silverline Drive Mobile 67290	USA
S3-001114	Coobalt	Harbor Cross, Bluepeak Nagar, Pune, Tamil Nadu	India
S3-005490	Maplecrest Solutions Limited	Juniper Marg, Kestrel Nagar, Nagpur	India
S3-007367	Lantern Clearwater Packaging Pvt Ltd	285 Orchid Marg, Clearwater Nagar, Coimbatore, Rajasthan, 300875	IN
S3-001844	Harbor Onyyx Servies	88 Maplecrest Street, Lantern Park, Mobile, AL	United States
S3-002545	Northgate, Electricals Incorporaed	132 Thistle Boulevard, Austin, OH	United States
S3-005562	Silverline Moorrs Inc	160 Sunstone Dr Austin CA 86043	USA
S3-004983	Kestrel P Ltd	71 Stonebridge Rd, Onyx Nagar, Surat, Rajasthan, 121339	India
S3-003229	Cobalt Private Limited	253 Clearwater Marg, Kestrel Nagar, Coimmbatore, Tamil Nadu, 969779	IN
S3-004516	Cobalt Solutions Incorporated	4/12 Harbor Ave, Lubbock, OH	United States
S3-004426	Harboor Summit Solutions Limited	174 Brightpath St Silverline Nagar Surat Maharashtra 970880	India
S3-002129	Silverline & Sons oCrp	290 Ravenwood Street, 69047, Peoria	US
S3-005713	Meridian Tradding and Sons CCompany	134 Maplecrest Dr Cobalt Park Behind the Civic Center Austin WA 44707	US
S3-001089	Silverline Stonebridge Trading Inc	20/74 Summit Dr, Redwood Park, Peoria, OH, 58999	USA
S3-005653	Silverline Mottors Privaet Limited	280 Bluepeak St, Apex Nagar, Surat, Maharashtra, 127212	IN
S3-004719	Mapplecrest Chemicals Ltd	147 Thistle Mn, Indore, MP, Ironwood Nagar	IN
S3-007634	Ravenwoood Trading Incorporated	142 Meridian Road, Lubbock, IL	US
S3-001677	Brightpath Idustries and Sons P Ltd	20 Redwood Rd, Orchid Nagar, Indore, 7941148	India
S3-004749	OnyxS ystems Pvt Ltd	Nagpur, 189812, 73 Apex Mn	India
S3-003033	Lantern Goldleaf Industries and Sons Pvt Ltd	158 Stonebrideg Marg, Kestrel Nagar, Kochi, 590382	IN
S3-003734	Vertex, Packaging Inc	315 Silverline Drive, Goldleaf Park, Lubbock, 20507	USA
S3-006842	Summit Industries Pvt Ltd	307 Goldleaf Rd, Brightpath Nagar, Nagpur, 989057	IN
S3-000900	Northgaate	86 Quarry Crs, Bluepeak Nagar, Kochi, MP, 324116	India
S3-006543	Bluepeak Quarry Sollutions Corp	349 Bluepeak Blvd Brightpath Park Tacoma IL	US
S3-004548	Bluepeak LC	Opp. City Library, Akron, OH, 11 Clearwater Avenue	US
S3-000549	Fabrics Juinper and Sons Pvt Ltd	380 Orchid Marg, Brightpath Nagar, Surat, MP, 901096	India
S3-005656	Thistle, and Sons Priivate Limited	109 Kestrel Main, Orchid Nagar, Pune, Kerala	IN
S3-005001	Vertex, Juniper Fods Limited	361 Vertex Road Juniper Nagar Coimbatore 572964	India
S3-003241	Trading Ironwood & Sons	123 Orchid Dr, Harbor Park, Peoria	US
S3-000327	Rvenwood & Sons Corporation	340 Vertex Avenue, Juniper Park, Akron, IL, 44801	United States
S3-003736	Quarry orporation	3442 Silverline Street, Clearwater Park, Lubbock, IL, 61272	USA
S3-005000	Vertex Juniper Limited	98 Sunstone Main Silverline Nagar Surat Kerala 193180	India
S3-005861	Cobalt Fabrics Privaate Limited	Bluepeak Crs, Lantern Nagar, Opp. Bus Depot, Coimbatore, 746547	India
S3-002237	Maplecrest Sytsems LLC	146 Silverline St, Austin,, AL, Cobalt Park	US
S3-000912	Silverline Electricals Falcon P Ltd	296 Goldleaf St, Kochi, 885040	IN
S3-005425	Textiles Stonebridge P Ltd	36 Silverline Crs, Summit Nagar, Nagpur, Rajasthan, 568259	IN
S3-005376	Maplecrest Systems Inc	355 Stonebridge Rd Tacoma IL	United States
S3-007155	Cobalt Systems Corp	172 Juniper Blvd, Cobalt Park, AL, Akron	United States
S3-008404	Falcon and Sons Ltd	342 Lantern Crs, Nagpur, 273887	IN
S3-005731	Kestrel Corporation	Near Exit 14, 94 Clearwater Drive, Apex Park, Akron, OH, 23161	US
S3-003813	Goldleaf Electricals & Sons  P Ltd	170 Cobalt Street Indore Maharashtra 268909	IN
S3-003150	Onyx Goldleaf Consultancy Private Limited	282 Lantern Street Ravenwood Nagar Nagpur Maharashtra 345395	India
S3-002682	Lantern Chemicals	255 Orchid Street, Quarry Nagar, Jaipur, 181952	India
S3-006581	Thistle Enterprises Limited	12 Thistle Cross, Surat, Tamil Nadu, 868702	India
S3-002890	Meridian Ravenwood Texitles	229 Quarry Road, Redwood Nagar, Near Metro Pillar 42, Jaipur, 447394	India
S3-008791	Mootors Tistle Ltd	40 Onyx Rad, Kestrel Nagar, Surat	India
S3-004389	Stonebridge Lantern and Sons Private Limitd	Near Metro Pillar 42 198 Quarry Cross Bluepeak Nagar Surat Kerala 343926	India
S3-001695	Brightpath Inc	288 Goldleaf St Behind the Civic Center Austin WA 35470	US
S3-005842	Brightpath Soltuions	18 Orchid Road, Tacoma	US
S3-000039	Falcon Logistics Incorporated	Behind the Civic Center, 108 Redwood Rd, Akron, IL	US
S3-000642	Falcon Textiles & Sons	144 Cobalt Boulevard, Thistle Park, Lubbock, 46912	United States
S3-007553	Bluepeak Electricals	312 Orchid Rd, Silverline Nagar, Surat, 284135	India
S3-003721	Goldleaf Teextiles Limited	250 Thistle St, Stonebridge Nagar, Indore, Rajasthan	IN
S3-005792	Meridia Consultancy Pvt Ltd	87 Clearwater Marg, Maplecrest Nagar, Coimbatore, Maharashtra, 126620	India
S3-000031	Harbor StonebridgeM otors and Sons	389 Summit St, Stonebridge Nagar, Nagpur, Maharashtra	IN
S3-001501	Silverline, Paackaging P Ltd	Apex Main, Maplecrest Nagar, Indore, Gujarat, 590636	India
S3-005203	Meridian, Enterprises & SonsLimited	322 Vertex Road, Maplecrest Nagar, Nagpur, 292874	IN
S3-009147	Brigtpath, LLC	179 Ravenwood Street, Peoria, TX	US
S3-001512	Kestrel Chemicals Company	38 Vertex Road, Apex Park, Near Exit 14, Tacoma, IL	USA
S3-008975	Northgate Industries Ltd	Cobalt Street, Harbor Nagar, Surat, Kerala, 768992	India
S3-006119	Thistle Enterprises Company	371 Juniper Avenue, Behind the Civic Center, Austin, 80625	US
S3-002732	Ironwood Sunstone Foods Private Limited	32/83 Redwood Mn, Northgate Nagar, Surat, 682762	India
S3-009117	Clearwater Corporation	Near Exit 14 11 Vertex Boulevard Falcon Parrk Akron IL	USA
S3-005563	Thistle Fabrics td	358 Apex Marg, Apex Nagar, Coimbatore, MP	IN
S3-006804	Stonebridge Goldleaf Fabrics	183 Quarry Boulevard, Ironwood Park, Peoria, IL, 53526	United States
S3-003743	Quarry Soutions	330 Apex Mn, Opp. Bus Depot, Redwood Nagar, Jaipur, 522041	India
S3-006431	Onyx Siverline Textiles LLC	Northgate Drive Lantern Park Austin CA 84186	United States
S3-001880	Meridian Industries Limited	376 Irnowood Crs, Pune, Rajasthan	India
S3-005244	Lantern Incorporated	397 Lantern St, Ravenwood Park, Tacoma, WA, 42092	United States
S3-003738	Clearwater Packaging Inc	325 Apex Blvd, Maplecrest Park, Lubbock, 993505	US
S3-004423	Orchid Serviices & Sons Limited	120 Brightpath Cross, Near SBI ATM, Northgate Nagar, Jaipur, 285527	India
S3-005004	Quarry Chmeicals and Sons	12/33 Kestrel Road, Redwood Park, Peoria, 27156	USA
S3-005915	Goleaf, Private Limited	223 Silverline Cross, Northgate Nagar, Jaipur, 144070	India
S3-003842	Vertex Consultancy Inc	384 Northgate Ave, Northgate Park, Lubbock, TX, 71927	USA
S3-007461	Silevrline Electricals	Near Metro Pillar 42, 265 Vertex Crs, Thistle Nagar, Kochi, Tamil Nadu, 904658	United States
S3-008305	Lantern Goldleaf Serviices	Meridian Nagar, Pune, 428955, 17/17 Sunstone Marg	IN
S3-002189	Clearwater Chemicals Ltd	106 Falcon St, Lantern Nagar, Kochi, 873139	India
S3-000633	Silverline Textiles Limited	348 Redwood Marg, Ravenwood Nagar, Jaipur	India
S3-004464	Clearwatter Motors Corp	235 Redwood Road, Opp. City Library, Austin, CA, 89322	USA
S3-005447	Orchi, Electricals Private Limited	Bluepeak Mn, Surat	IN
S3-004864	Maplecrest Apex Systems  Co	216 Orchhid Blvd Behind the Civic Center Redwood Park Tacoma	United States
S3-008773	Apex Electricals Limited LiabilityCompany	89 Bluepeak Mn, Jaipur	USA
S3-002635	Vertex Motosr	Behind the Civic Center 172 Orchid Dr Akron WA 13521	United States
S3-007591	Trading Clearwater Incorporated	268 Apex Drive, Akron, OH	United States
S3-006441	Juniper Quarry Txtiles Private Limited	257 Stonebridge Mn, Opp. Bus Depot, Lantern Nagar, Pune, Maharashtra, 137682	IN
S3-002234	JuniperF oods LLC	Juniper Boulevard, Austin, OH	US
S3-003669	Redwood Solutions	Orchid Marg Stonebridge Nagar Opp. Bus Depot Jaipur	India
S3-007107	Brightpath Enterprises Ltd	280 Summit Marg, Northgate Nagar, Coimbatore, MP, 991837	India
S3-000376	Thistle, Thistle P Ltd	24/33 Vertex Main, Ravenwood Nagar, Pune	India
S3-008454	Ennterprises Northgate Private Limited	Opp. City Library, 14/57 Meridian Blvd, Falcon Park, Austin, CA, 70974	India
S3-003847	Keestrel Sollutions P Ltd	305 Northgate Mn, Orchid Nagar, Kochi	India
S3-004408	Thistl eMotors P Ltd	164 Orchid Marg, Nagpur, Gujarat	IN
S3-007982	Blluepeak Quarry & Sons Inc	Falcon Drive, Opp. City Library, Akron, TX, 55793	United States
S3-005817	Maplecrest, Thhistle	26 Meridian Rd, Goldleaf Nagar, Surat, 896096	India
S3-008094	Sunstone, Trading	201 Brightpath Rd, Behind the Civic Center, Silverline Park, Peoria	United States
S3-006290	Electricals Kestrel Maplecrest & Sons	4 Harbor Cross, Coimbatore, Maharashtra	India
S3-006432	Onyx, Silverline TTextiles LLC	Harbor Drive Austin AL 82803 Ironwood Park	US
S3-006865	Thstle	363 Clearwater Ave, Goldleaf Park, Mobile, AL	USA
S3-004486	Onyx Redwood Enterprises & Sons Inc	280 Goldleaf St, Stonebridge Park, Lubbock, WA, 87354	US
S3-003852	Clearwater Services Private Limited	148 Ravenwood Main Brightpath Nagar Near Metro Pillar 42 Pune Gujarat 776144	IN
S3-003726	Thistle, Consultancy Co	266 Redwood Avenue Akron 16096 Northgate Park	USA
S3-008190	Ironwood Cobalt Logisticss P Ltd	209 Harbor St, Opp.  Bus Depot, Jaipur, 544695	India
S3-004812	Textiles Northgate LLC	278 Cobalt Boulevard, Ravenwood Park, Lubbock, WA, 33766	USA
S3-008316	Ironwood Stonebridge Enterprises Corporation	15/80 Clearwater Blvd, Falcon Park, Akron, TX, 86168	USA
S3-005971	Consultancy Clearwater	57 Sunstone Rd Behind Ganesh Temple Quarry Nagar Nagpur 430341	India
S3-006720	Clearwater Electricasl Limited Liability Company	7 Northgate Rd, Silverlne Park, Peoria, WA, 32552	United States
S3-001895	Apex Systems Clearwater	Lubbock OH Lantern Drive	United States
S3-008341	Ironwood Maplecrets Systems	229 Meridian Marg Vertex Nagar Opp. Bus Depot Pune Kerala 849760	USA
S3-007808	Kestrel Enterprises Private Limitd	327 Ironwood St, Thistle Park, Lubbock, AL	IN
S3-000087	Textiles Junipr Private Limited	46 Clearwater Rd, Orchid Nagar, Behind Ganesh Temple, Jaipur, Gujarat, 228535	IN
S3-002715	Silverline Logisstics	159 Quarry Dr, Opp. City Library, Fresno, 30428	USA
S3-009178	Maplecrest Trading Limited	343 Bluepeak Crs, Sunstone Nagar, Coimbatore	IN
S3-001412	Silverline, Ravenwoood Electricals Corp	131 Thistle Aveue, Opp. City Library, Austin, AL	USA
S3-007721	Redwood Fabrics and Sons Corporation	370 Maplecrest St, Vertex Nagar, Surat, Keral, 482831	US
S3-003479	Orchid Limited Liability Company	168 Summit Dr Harbor Park Akron 80540	USA
S3-001457	Silverline Packaging Privtae Limited	Ironwood Mn, Orchid NNagar, Nagpur	IN
S3-003469	Systtems Quarry P Ltd	238 Bluepeak Road, Near Metro Pillar 42, Kochi, MP, 577222	IN
S3-000692	Onyx Quarry Private Limited	268 Ironwood Cross, Jaipur, 649221	IN
S3-006711	Summitt Systems Inc	140 Orchid Boulevard Stonebridge Park Akron	US
S3-004929	Clearwater Blueeak	292 Summit Marg, Northgate Nagar, Pune, Tamil Nadu	India
S3-005994	Northgate Privae Limited	Summit Marg Ironwood Naga rIndore 956821	India
S3-001779	Orchid Fabrics Limited Liability Company	66  Thistle Rd, Thistle Park, Fresno, WA	United States
S3-001610	Vertex, Chemicals Ltd	391 Ironwood Marg, Redwood Nagar, Nagpur, 422500, Maharashtra	India
S3-000799	Northgate Packaging Inc	205 Vertex Ave, Near Exit 14, Quarry Park, Tacoma, OH, 67041	USA
S3-008171	Brightpath Trding Company	Summit Crs, Falcon Nagar, Lbubock	India
S3-001217	Clearwater Electricals PvtLtd	Quarry Rd, Harbor Nagar, Jaipur, 878268	India
S3-004701	Brightpath Consultancy LLC	5 Northgate Boulevard, Near Exit 14, Sunstone Park, Mobile	US
S3-002742	Vertex Etnerprises & Sons Pvt Ltd	Quarry Street Sunstone Nagar Surat Gujarat 288489	India
S3-005015	Apex Foods Corp	136 Northgate Dr, Stonebridge Park, Lubbock, CA, 99127	US
S3-006511	Apex Electricals Corp	252 Meridian Dr, Vertex Park, Tacoma, 65134	US
S3-004751	Kestrel Corporation	96 Northgate Drive, Austin	US
S3-005538	Reedwood Fabrisc P Ltd	Near Metro Pillar 42, 42 Harbor Road, Sunstone Nagar, Surat, Maharashtra	IN
S3-005026	Latern Trading	8/87 Meridian Crs, ilverline Nagar, Jaipur, Gujarat	India
S3-005673	Enterprrises	35/83 Goldleaf Dr, Harbor Park, OH, Mobile	USA
S3-001337	Systems Harbbor	132 Meridian Drive, Cobalt Park, Austin, TX, 58029	US
S3-007620	Lanter Thistle Corporation	326 Brightpath Dr, Sunstone Park, Opp. City Library, Fresno, 15444	US
S3-007884	Brightpath Consultancy P Ltd	Silverline St, Ironwood Nagar, Near SBI ATM, Kochi, Gujarat, 422203	IN
S3-007906	Onyx Servicse Pvt Ltd	224 Quarry Marg, Ravenwood Nagar, Nagpur, Maharashtra, 944668	India
S3-004473	Ony Foods Limited	Silverline Main Meridian Nagar Indore 600978	India
S3-001919	Meridian Foods Inc	268 Cobalt Avenue, Ravenwood Park, Behind the Civic Center, Akron, OH	US
S3-004348	Maplecrst Goldleaf Motors Corp	48 Harbo Street Ravenwood Park Tacoma 56502	United States
S3-007210	Bluepeak Electricals	182 Quarry Drive Juniper Park Lubbock 83082	United States
S3-003078	Clearwater Electricals	290 Meridian Road, Silverline Nagar, Kochi, Gujarat, 768519	IN
S3-006869	Vertex Private Liimited	271 Brightpath Mn Jaipur Kerala 965414	India
S3-000494	Goldleaf Services Inc	Cobalt Drive, Austin	US
S3-004099	Kestrel, Limited	267 Ravenwood Street, Quarry Naagar, Kochi, Gujarat, 353693	IN
S3-000668	Orchid, LLC	3/81 Ironwood Rd, Summit Park, Tacoma	US
S3-005080	Kestrel Textile Co	315 Cobalt Ave, Mobile, 59620	US
S3-003051	Redwood, Trading	7/84  Juniper Road, WA, Austin	US
S3-001330	Apex Systeems LLC	123 Ravenwood Drive, Peoria	USA
S3-000395	Goldleaf Vertex Conslutancy Private Limited	Near SBI ATM 366 Onyx Mn Vertex Nagar Jaipur MP 806293	IN
S3-004533	Orchid Corp	150 Summit Rd, Summit Park, Akron, 36408	United States
S3-003976	Systems Redwood and Sons Incorporated	Stonebridge Ave, Silverline Park, Akron, OH, 78245	United States
S3-004661	Ironnwood P Ltd	393 Quarry Marg, Ravenwood Nagar, Jaipur, Gujarat, 888941	India
S3-005729	Ironwood Logistics & Sons LLC	100 Kestrel Blvd, Lantern Park, Austin, OH	US
S3-004778	Quarry & Sons Privatte Limited	235 Harbor Rd, Verex Nagar, Kochi, MP	India
S3-008583	Falcon  Kestrel Trading Ltd	112 Stonebridge Mn, Bluepeak Nagar, Jaipur, Rajasthan, 864377	India
S3-001305	Summit Electriicals	152 Falcon Dr, Behind the Civic Center, Austin	United States
S3-000116	Godleaf, EElectricals & Sons Pvt Ltd	Coimbatore, MP, 503672, 350 Meridian Marg	India
S3-009075	Meridian Harbor Trading Limited	Behind Ganesh Temple, 242 Falcon Mn, Clearwateer Nagar, Indore, Rajasthan, 550761	IN
S3-006497	Apex Enterprises LLC	360 Ravenwood Rd, Apex Park, Akron, 59759	USA
S3-006348	Onyx Co	Opp. City Library, 178 Orchid Avenue, Redwood Park, Tacoma, TX, 93941	United States
S3-002033	Falcon Logistics & Sons Limited	325 Summit Rd Jaipur Gujarat 358595	IN
S3-008090	Thistle Sunstone Trading Ltd	367 Maplecrest Boulevard, Thistle Park, Surat, OH	US
S3-002420	Northgate Juniper Industries Company	388 Summit Boulevard Fresno	United States
S3-004449	Maplecrest	298 Clearwater Road Onyx Park Mobile OH 18636	USA
S3-004839	Quarry Logistics LimitedL iability Company	306 Quarry St, Bluepeak Park, Akron	United States
S3-004429	Meridian Packaging	343 Ironwood Drive, Cobalt Park, Lubbock, OH, 98230	USA
S3-007549	Meriidan Foods & Sons Ltd	264 Bluepeak St, Near Metro Pillar 42, Indore, Rajasthan, 901927	India
S3-000314	Falcon	90 Redwood Marg, Surat, MP	IN
S3-007695	Falcon Motors Private Limited	147 Falcon St, Lubbock, 89299	IN
S3-003534	Apex Foods Liimted	340 Onyx Mn, uSrat, 469914	India
S3-007512	Redwood Brightpath Packaging Ltd	5/65 Redwood St, Maplecrest Nagar, Surat, 449106	India
S3-002734	Ironwood Susntone Foods Private Limited	32/83 Redwood Mn, Northgate Nagar, Surat, 682762	IN
S3-006326	Silverline Enterprises Ltd	13/26 Falcon Marg, Ravenwood Nagar, Coimbatore, 608998	IN
S3-000401	Ravenwoo Textiles Ltd	Thistle Cross, Ironwood Nagar, Surat, Gujarat, 719749	IN
S3-008415	Quaryr Consultanc yLLC	237 Thistle Dr, Maplecrest Park, Austin, AL	United States
S3-007232	Thistle Redwood Motors & Sons P Ltd	Opp. Bus Depot, 130 Northgate Marg, Meridian Nagar, Nagpur, 140117, MP	IN
S3-002771	Blueeak Private Limited	155 Stonebridge Road, Cooimbatore	India
S3-001474	Thistle	Redwood Road Ironwood Nagar Pune	India
S3-000084	Apex ChemicalsC o	Near Exit 14, 378 Clearwater Rd, Kestrel Park, Fresno, AL, 42601	USA
S3-002501	Bluuepeak Consultancy and Sons Limited	63 Cobalt Main, Apex Nagar, Kochi, 959060	IN
S3-006937	Redwood Services Limited Liaility Company	91 Ironwood Street, Silverline Park, Akron, TX	US
S3-003498	Orchid Ironwod Private Limited	173 Brightpath Street, Quarry Nagar, Kochi, Maharashtra, 993350	IN
S3-007506	Clearwater Trading Limited	24/72 Summit Marg, Maplcerest Nagar, Coimbatore, 734511	IN
S3-002716	Apex Stonebridge Industriees	268 Summti Dr, Redwood Park, Fresno, AL	United States
S3-003069	Orchid Sstems	132 Quarry Main, Redwood Nagar, Nagpur, Maharashtra	IN
S3-002009	Apex Industries	312 Apex Avenue Tacoma AL	US
S3-005721	Redwood Juniper Corp	114 Vertex Avenue, Brightpath Park, Lubbock	USA
S3-003978	Quarry Motors & Ssn Corporation	Lantern Street, Ironwood Park, Austin, 40086	United States
S3-005327	Harbor Northgate Industres Private Limited	Behind Ganesh Temple, 148 Onyx Cross, Ironwood Nagar, Coimbatore, 600465	IN
S3-001557	Maplecrest Enterprises Ltd	325 Summit Marg, Jaipur, MP, 316700	IN
S3-002478	Maplecres Summit LLC	Quarry Boulevard, Summit Park, Austin, AL, 81954	United States
S3-006562	Coablt Systems LLC	226 Harbor Dr, Meridian Park, Mobile	US
S3-006930	Harbor Electricals Ravenwood Private Limited	78 Clearwater Mn, Orchid Nagar, Nagpur	IN
S3-005955	Ironwood Goldleaf Cnsultancy Inc	Near Exit 14, 277 Maplecrest Blvd, Austin, WA, 98879	US
S3-007555	Falcon Fabrics Private Limited	327 Vertex Street Meridian Park Indore TX 78207	US
S3-007397	Juniper, Solutions Incorporated	145 Juniper Ave, Thistle Park, Peoria, TX, 55272	United States
S3-003352	Northgate Bluepeak Services P Ltd	364 Goldleaf Road, Pune, 260929	India
S3-003396	Vertex Services Privtae Limited	73 Summit Marg, Pune, MP, 186427	IN
S3-005102	Thistle Motors	304 Northgate Marg, Nagpur	IN
S3-003408	Vertex, Industries and Sons Co	44 Bluepeak Ave, Bluepeak Park, Austin, 59364	US
S3-002466	Brightpath Foods & Sons Incorporaed	11/61 Goldleaf Boulevard, Fresno, WA	US
S3-008209	Summit Solutions imited	31/8 Onyx Blvd, Mobile, CA 67879	IN
S3-000153	Quarry Verteex Systems Ltd	262 Thistle Marg, Ironwood Nagar, Surat	India
S3-007410	Quarry Enterprises Ltd	17 Ravenwood Road, Opp. Bus Depot, Brightpath Nagar, Indore	IN
S3-002231	Kestrel Systes Inc	Behind the Civic Center, 221 Summit Road, Apex Park, Mobile, OH, 38790	United States
S3-008679	Redwood Electricals & Sons Company	Near Exit 14, 299 Orchid Avenue, Orchid Park, Fresno, IL	United States
S3-004012	Silverlne	351 Cobalt Marg Vertex Nagar Nagpur Keala 308055	India
S3-003822	Ravenwood Systems	Onyx Dr, Summit Park,Lubbock, 89161	United States
S3-004322	Northgate, Fabrics & Sns Privtae Limited	189 Ravenwood Rd, Quarry Nagar, Jaipur	IN
S3-004555	Ravenwood Fabrics LLC	382 Bluepeak Avenue Harbor Park Peoria OH 45702	US
S3-008433	Ironwood Kestrel Electricals Incorporated	220 Sunstone Ave, Apex Park, Opp. City Library, Akron	USA
S3-004670	Silverline Fabrics Ltd	30/36 Maplecrest Marg Indore 252292	IN
S3-007019	Summit hemicals	Redwood Avenue, Harbor Park, Lubbock, OH	US
S3-005397	Clearwater Fabrisc and Sons	Quarry Rd, Falcon Park, Lubbock 28395	US
S3-003597	Harbor Chemicals Corp	207 Goldleaf Blvd, Onyx Park, Mobile, IL, 10072	US
S3-007134	Falcon Orchid Motors Company	66 Falcon Drive, Behind the Civic Center, Stonebridge Park, Mobile, IL	US
S3-005614	Cobalt Maplecrest Textiles Corp	Goldleaf Dr, Falcon Park, Austin, WA, 33075	USA
S3-007736	Juniper Logistics Limited	22 Bluepeak Street, Surat, 99951	USA
S3-006362	Silverline Textiles ompany	164 Maplecrest Avenue, Lubbock, 8597	United States
S3-000783	Onyx Enterprises Limited Liabilit yCompany	30 Vertex St, Opp. City Library, Falcon Park, Austin	USA
S3-006276	Ravenwood, Systeems Co	Onyx St Redwood Park Peoria 12287	US
S3-008557	Industries Maplecrest vt Ltd	254 Onyx Main, Onyx Nagar, Indore, Kerala, 157048	IN
S3-006184	Northgate Sunstone PPackaging P Ltd	177 Ravenwood Crs, Orchid Nagar, Pune, Guajrat	India
S3-004495	Meridian Loigstics Company	137 Summit Avenue, Orchid Park, Peoria	USA
S3-004119	Silverline Logistics & Sons Limited	Silverline Crs, Bluepeak Nagar, Pune, 859758	IN
S3-004904	Onyx Sunstone Enterpriises Pvt Ltd	359 Onyx Crs, Redwood Nagar, Indore, Tamil Nadu, 592230	IN
S3-007756	Orchid Industries and Sons LLC	127 Maplecrest Dr, Peoria	US
S3-000049	Harbor Logistis Co	32/41 Sunstone St Falcon Park Fresno WA	USA
S3-000815	Maplecrest LogistticsL td	312 Harbor Marg, Redwood Nagar, Jaipur, Maharashtra	IN
S3-001655	Redwood Co	198 Thistle Boulevard, Meridian Prk, Austin, 90804	US
S3-008266	Onyx Kestrel Industrries & Sons Inc	Orchid Park, Tacoma, CA, 145 Bluepeak Dr	USA
S3-008040	Brightpath Servicces & Sons	277 Stonebridge Road, Kestrel Nagar, Nagpur	IN
S3-001186	Summit Systems Corporation	155 Summit Boulevard Falcon Park Lubbock CA	US
S3-003608	Goldlea fFabrics	177 Orchid Marg, Indore, Tamil Nadu, 212206	IN
S3-001171	Thistle Logistics& Sons Privat eLimited	80 Apex Cross, Surat, 170031	India
S3-008523	Kestrel Chemicals Pvt Ltd	192 Maplecrest Cross, Bluepeak Nagar, Kochi, 350980	India
S3-003358	Orchid, Meridian Logistics Pvt Ltd	Kestrel Street, Near Metro Pillar 42, Redwood Nagar, Surat, Tamil Nadu, 428670	India
S3-008712	Logistcs, Redwood Redwoo Co	Near Exit 114, 146 Redwood Drive, Akron, 54454	USA
S3-003141	Lanetrn Solutoins	48 Onyx Street Apex Nagar Pune Kerala 348356	India
S3-001621	KestrelL LC	27/31 Apex Ave, Summit Park, Tacoma, OH, 92925	US
S3-006818	Orchid Industries Private Limited	82 Juniper Marg, Ironwood Nagar, Jaipur, 456624	India
S3-007690	Kestrel Foods	70 Summit Crs, Silverline Nagar, Fresno, Gujarat	IN
S3-004328	Onyx Corp	224 Bluepeak Drive, Summit Park, Akron	USA
S3-003276	Maplecrest Solutions Pvt Ltd	343 Cobalt Cross, Summit Nagar, Behind Ganesh Temple, Nagpur	IN
S3-005540	Sunstone Juniper Incorporated	21/80 Ironwood Drive, Tacoma, 87232	USA
S3-003729	Redwood Textiles	19 Redwood Street, Sunstone Park, Tacoma, H, 82171	United States
S3-007995	Electricals Kestrel Limited Liability Company	101 Falcon Cross, Sunstone Nagar, Peoria, Tamil Nadu, 550942	IN
S3-005695	Stonebbridge Corp	105 Vertex Road, Onyx Park, Fresno, 84018	USA
S3-005683	Silverline Consultancy Limited Liability Company	183 Falcon St, Thistle Park, Austin, IL	US
S3-001328	Kestrel Textiles	255 Sunstone Cross, Coimbatore, 170081	IN
S3-006363	Brightpath Trading & Sons Pvt Ltd	121 Sunstone Crs Coimbatore Gujarat	IN
S3-001855	Apex Clearwater Ltd	65 Northgate Rd, Ironwood Nagar, Coimbatore, Kerala, 882475	IN
S3-009095	Kestrel Enterprises Corporation	112 Lantern Avenue Behind the Civic Center Akron 45042	USA
S3-002390	Quarry Logistics and SonsP vt Ltd	Clearwater Marg, Ravenwood Nagar, Jaipur, Kerala	IN
S3-000570	Clearwater Packaging & Sons Ltd	185 Sunstone Crs, Maplecrest Nagar, Surat, Maharashtra, 317270	IN
S3-008545	Vertex Pvt Ltd	131 Clearwater Marg, Juniper Nagar, Coimbatore	IN
S3-006670	Flacon Lttd	358 Meridian Crs Kochi Tamil Nadu 905305 Silverline Nagar	IN
S3-005847	Rdewood Limited	30 Juniper Main, Surat, MP	India
S3-007351	Quarry, Trading Limited	363 Goldleaf Marg, Clearwater Nagar, Kochi	India
S3-008761	BrightpathQuarry Enterprises Incorporated	329 Thistle Blvd, Goldleaf Park, Peoria, IL	USA
S3-004894	Silverilne Fabrics P Ltd	206 Ironwood Road, Ravenwood Nagar, Surat, Tamil Nadu, 349094	IN
S3-001470	Thistle Maplecrest Solutions Corporation	310 Goldleaf Avenue, Apex Park, Fresno, OH	USA
S3-003727	Bluepeak, Meridian Services Limited Liability Company	100 Cobalt Avenue, Quarry Park, Mobile, TX	United States
S3-005800	Junipe rElectricals Pvt Ltd	166 Lantern Cross, Quarry Nagar, Jaipur	India
S3-004441	Sunstone Systems Corporation	268 Juniper Boulevard,Lubbock, IL	United States
S3-006372	Northgtae Thistle Services and Sons	387 Goldleaf Boulevard Lubbock 89859	USA
S3-001547	Textiles Stonebridge Stonebridge	Summit Ave, Falcon Park, Peoria	United States
S3-002119	Thistle Chemicals Limited	265 Vertex Crs, Thistle Nagar, Kochi, Tamil Nadu, 904685	IN
S3-008511	Clearwater Enterprisees Limited	139 Goldleaf St, Bluepeak Nagar, Indore, 540573	IN
S3-002725	Brightpath Chemicals & Sons	214 Brightpath Rd, Meridian Park, Austin, WA	United States
S3-003603	Claerwater Chemicals td	7 Juniper Main, Ravenwood Nagar, Kochi, Kerala, 3395991	India
S3-000999	Irownood Logistics Co	261 Maplecrest Drive, Northgate Park, Lubbock, WA, 53294	US
S3-005886	Cobalt Chemicals Icrporated	128 Goldleaf Dr, Near Exit 14, Fresno, CA	United States
S3-006142	Sunstone Apex Electricals Private Limitde	83 Northgate Rd, Stonebridge Nagar, Kochi, 419732	IN
S3-006258	Ironwood Systems Silverline Private Limited	221 Thistle Rd, Nagpur	India
S3-001270	Redwood Systems Co	133 Redwood Rd, Bluepeak Park, Akron, AL, 44338	US
S3-007347	Falcon Vertex Consultancy and Sons Incorporated	354 Meridian Boulevard, Clearwater Park, Freno, IL, 66270	USA
S3-006772	Goldleaf, Packaging Inc	161 Bluepeak Blvd, Meridian Park, Austin, TX, 29487	US
S3-007949	Meridian Packaging Inc	378 Silverline Street, Lantern Park, Fresno	USA
S3-002054	Quarry Motors	Stonebridge Ave, Austin, TX, 97893	US
S3-002707	Kestrel, Trading and Sons Ltd	381 Goldleaf Marg Thistle Nagar Behind Ganesh Temple Coimbatore MP	IN
S3-006269	Goldleaf Chmeicals Private Limited	36/18 Lantern Street, Ravenwood Nagar, Nagpur, Gujarat, 374211	India
S3-001742	Fabrics Onyx  Limited	11 Vertex Marg, Coimbatore, MP, 271405	IN
S3-009008	Vertex  Chemicals Corp	320 Bluepek Cross, Near SBI ATM, Fresno, Tamil Nadu, 857063, Juniper Nagar	IN
S3-002266	Quarry Electricals	259 BBrightpath Drive, Goldleaf Park, Lubbock, 16917	United States
S3-007390	Harbor Textiles tLd	235 Northgate Street, Falcon Park, Indore, AL, 17227	USA
S3-006499	Kestrel Textile sPrivate Limited	107 Harbor Road, Ravenwood Nagar, Surat	India
S3-004271	ThistleC hemicals	331 Northgate Street, Near Exit 14, Akron, CA, 86394	USA
S3-005638	Goldleaf, Packaging	113 Silverline Avenue, Falcon Park, Mobile, 97402	United States
S3-000103	Quarry FoodsP rivtae Limited	Vertex Rd, Falcon Nagar, Kochi, 144394	IN
S3-003000	Vertex Services PrivateLimited	154 Ironwood Marg, Indore	IN
S3-000598	Brightpat Motors Pvt Ltd	22 Kestrel Rd, Kochi, Kerala,840702	India
S3-008790	Stonebridge Services Limited	Onyx Marg, Nagpr, Rajasthan	India
S3-000088	Thistle Onyx Services Company	228 Northgate Blvd, Cobalt Park, Peoria, WA, 23877	USA
S3-005867	Ironwood Chemicals Private Limited	82 Lantern Marg, Jaipur	IN
S3-008048	Goldleaf Electricals	1/69 Ravenwood Boulevard, Silverline Park, Akron, IL, 91569	US
S3-003077	Clearwater Elctricals	290 Meridian Rd, Kochi, Gujarat	India
S3-003994	Ravenwood Harboor Systems and Sons	358 Silverline Street Near Metro Pillar 42 Juniper Nagar Pune Kerala	IN
S3-003297	Stonebridge Tradng Co	70 Goldleaf Dr, Ravenwood Park, Peoria, WA, 22811	United States
S3-000569	Ravenwood eRdwood Pvt Ltd	137 Apex Main, Surat, Gujarat	India
S3-008573	Vertex Chemicals P td	10/11 Ironwood Rd, Juniper Nagar, Surat, Rajasthan, 156884	India
S3-007534	Northgate Fabrics Pvt Ltd	Near Metro Pillar 42, 65 Maplecrest Main, Ravenwood Nagar, Indore, Rajasthan, 489224	India
S3-007083	Ochid Paackaging P Ltd	346 Onyx Rd, Maplecrest Park, Kochi	USA
S3-005458	Summit Sunstone Chemicaals	203 Quarry Rd, Harbor Nagar, Kochi, 456821	India
S3-005194	Textiles Corp	175 Maplecrest Avenue, Lubbock, 53266	USA
S3-002637	Thistle Sunstone Enterprises Limited	147 Brightpath Cross, AApex Nagar, Jaipur, 853419	IN
S3-003925	Clearwater Snustone	39/28 Orchid Street, Maplecrest Nagar, Jaipur	India
S3-004454	Laantern extiles Ltd	306 Stonebridge Road, Thistle Nagar, Coimbatore, MP	IN
S3-002240	Silverline Sunsstonee Foods Limited Liability Company	211 Redwood Road Austin	United States
S3-001953	Thistle Textiles Company	342 Vertex Rd, MeridianP ark, Mobile, 56724	USA
S3-001402	Thistle Clearwater Fabrics Corporation	46 Falcon Blvd, Juniper Park, Peoria, CA, 73518	USA
S3-005298	Brihgtpath Falcon Packaging	135 Vertex Street, Maplecrest Park, Austin, CA	USA
S3-002560	Bluepeak hTistle Trading Corporation	240 Harbor Drive, Austin	United States
S3-006286	Goldleaf Textiles Ltd	177R edwood Marg Surat Gujarat 121908	India
S3-006786	Ironwood Electricals	384 Redwood Rd, Brightpath Nagar, Surat, MP, 508201	IN
S3-000377	Ironwood Cobalt Systems Private Limited	278 Northgate Marg, Vertex Nagar, Surat, Gujarat, 142397	India
S3-008287	Meridian, Chemicals Limited Liabilityy Company	255 Orchid Drive, Stonebridge Park, Akron, TX, 47262	USA
S3-006903	Goldlaef Fabrics	103 Brightpath Boulevard, Silverline Park, Lubbock, 49972	US
S3-000308	Summi tPackaging Limited	157 Clearwater Crs, Kochi, 490685	India
S3-003578	Harbor MMotors Co	186 Maplecrest Street, Redwood Park, Tacoma, IL, 71432	USA
S3-002788	Juniper Foods Ltd	8 Summit Marg, Silverlinee Nagar, Pune, Rajasthan	IN
S3-003456	Ironwood Foods Ltd	255 Brightpath Mn, Goldleaf Nagar, Surat, MP, 380118	IN
S3-000405	Lantern Packaging	101 Ravenwood Street, Apex Nagar, Jaipur ,Tamil Nadu, 526492	IN
S3-008838	Meridain Solutions and SSons P Ltd	259 Brightpath Road, Thistle Nagar, Kochi, Tamil Nadu, 832937	IN
S3-007014	Summit Systems Limitted	397 Sunstone Avenue, Redwood Park, Mobile, 35463	India
S3-001449	Kestrel, MotorsPvt Ltd	311 Cobalt Street, Brightpath Nagar, Indore, 438081	India
S3-004595	Apex Private Limited	295 Summit Rd, Stonebridge Nagar, Kerala, 836844, Pune	India
S3-004590	Kestrel Consultancy	229 Quarry Cross, Maplecrest Nagar, 497968, Kochi	India
S3-000717	Redwwood LLC	Vertex Park Lubbock AL 92701 328 Goldleaf Ave	United States
S3-004695	Summit Quarry Consultancy Corp	358 Meridian Dr Fresno LA 28326	United States
S3-001170	Clearwater Goldleaf Foods Pvt Ltd	159 Brightpath Marg, Coimbatore	IN
S3-008839	Juniper Thistle Textils and Sons Co	18 Thistle Road, Juniper Nagar, Lubbock, Maharashtra	IN
S3-005988	Sunstone Kestrl Logistics & Sons Incorporaated	54 Juniper Boulevard, Akron, 72975	USA
S3-003922	Cobalt Enterprises Company	30 Goldleaf Avenue, Summit Park, Tacoma, IL, 17452	USA
S3-001360	Brightpath Inustries Limited	355 Quarry Marg, Ravenwood Nagar, Jaipur, Tamil Nadu, 427883	IN
S3-006429	Cobalt Motors Private Limited	7/89 Goldleaf Marg, Vertex Nagar, Jaipur, 579279	India
S3-002793	Quarry Electrcals	224 Lantern Drive, Mobile, I,L 72813	United States
S3-005556	Sliverline Systems Private Limited	72 Silverline Marg Coimbatore	IN
S3-007040	Brighptath Logistics Company	323 Quarry St, Falcon Park, Austin	United States
S3-006468	Stonebridg eElectricals and Sons Incorporated	354 Onyx Ave Falcon Park Fresno TX 65634	US
S3-001291	Thistle Junper Industries and Sons Pvt Ltd	128 Onyx Cross Silverline Nagar Nagpur MP	India
S3-005381	Clearwater Private Limited	57 Stonebridge Marg Surat Tamil Nadu 804325	India
S3-000877	Ksetrel Maplecerst Packaging Private Limited	37 Vertex Main Ravenwood Nagar Kochi Gujarat 595638	IN
S3-009046	Redwood Systems Pvt Ltd	2/45 Goldleaf Rd Coimbatore	IN
S3-007819	Textile Goldleaf Ltd	48 Kestrel Main, Pune, 595625	India
S3-000621	Sunstone ChemicalsI nc	209 Brightpath Rd Summit Park Tacoma	United States
S3-002098	Bluepeak Foods	59 Falcon Rd, Sura, Kerala, 657169	IN
S3-007964	Ravenwood Packaging and Sons Private Limited	Behind Ganesh Temple 297 Silverline Marg Jaipur Maharashtra 182759	India
S3-003656	RavenwoodC onsultancy Corp	258 Orchid Avenue, Ironwood Park, Lubbock, 38689	United States
S3-008929	Txetiles Redwood Pvt Ltd	1/58 Maplecrest Street, Surat, Kerala, 385246	India
S3-003961	Orchid Services Private Limited	Near Metro Pillar 42, 151 Ravenwood Crs, Vertex Nagar, Pune, 522858	India
S3-000331	Harbor Logiscs Ironwood Private Limited	289 Falcon Road Pune Gujarat	India
S3-006228	Northgate Chemicalss LLC	115 Lantern Blvd, Near Exit 14, Bluepeak Park, Mobile, IL, 35876	US
S3-002085	Maplcrest Systems	355 Orchid Rd, Austin, AL, 70444	USA
S3-000288	Ony xCorporation	268 Maplecrest Street, Lubbock, 30889	US
S3-007077	Brightpath Trading & Sons Limited Liability Company	88 Sunstone Rd Maplecrest Park Poeria WA 39961	United States
S3-000356	Junipe Packagingg Inc	287 Redwood Avenue Apex Park Tacoma CA 40997	USA
S3-005159	Silverline Vertex Enterprises Pvt Ltd	190 Kestrel Main, Ironwood Nagar, Coimbatore, Kerala, 478752	IN
S3-001835	Silverline and Sons	36 Northgate Marg, Redwood Nagar, Surat, Rajasthan, 953266	India
S3-003423	Ravenwood, Systems Ltd	366 Lantern Main, Harbor Nagar, Opp. Bus Depot, Kochi, Gujarat, 452867	India
S3-000973	Stonebridge Foods Private Limtied	62 Kestrel Street Redwood Nagar Surat Rajasthan 112602	IN
S3-000269	Sunstone Ssytems Limited	127 Orchid Rd, Redwood Nagar, Nagpur, Tamil Nadu, 411625	IN
S3-002610	Ravenwwood Co	258 Northgate Blvd, Maplecrest Park, Mobile	USA
S3-003555	Orchid Limited Liability Company	66 Goldleaf Street, Opp. City Library, Akron, OH, 44659	United States
S3-004962	Stonebridge Solutions Co	240 Meridian Rd, Clearwater Park, Austin, 99863	US
S3-003639	Sunstone, Motors LLC	337 Clearwater Street, Redwood Park, Mobile, IL	United States
S3-002724	Brightpath Cemicals	209 Ironwood Avenue Austin	United States
S3-000566	Onnyx Goldleaf Chemicals P Ltd	30/82 Thistle Marg, Ravenwood Nagar, Koch, Maharashtra, 947638	India
S3-002034	Orchdi	48 Falcon Crs, Apex Nagar, Coimbatore, Rajasthan	India
S3-006430	Harbor, Industries Corporatiion	16 Redwood Blvd Juniper Park Mobile 96772	United States
S3-003373	Harbor Fabris and Sons Incorporated	370 Falcon Blvd, Tacoma, AL, Brightpath Park	United States
S3-007653	Summit Electricals	310 Meridian Street, Stonebridge Park, Tacoma, AL, 94451	US
S3-006733	Northgate Stonebridge Chemicals P Ltd	295 Lantern Crs, Coimbatore, 118068	India
S3-008257	Onyx Consultancy Pvt Ltd	83 Apex Cross, Surat, 872086	India
S3-008130	Quarry Northgate Consultancy  P Ltd	Near Exit 14, 69 Summit St, Ironwood Park, Peoria, IL, 10732	IN
S3-001686	Ravenwood Solutions Inc	Harbor Ave Vertex Park Lubbock OH 23527	US
S3-004997	Bluepeak Textiles Limited Liaility Company	94 Northgate Blvd, Brightpath Park, Austin,WA	United States
S3-007045	Summit Maplecrest Pvt Ltd	55 Silverline Road Indore 177015 MP	India
S3-005906	Redwood Services Ltd	164 Apex Cross, Ravenwood Nagar, Indore, Tamil Nadu	India
S3-008739	Maplecrest Goldlleaf Services	73 Thistle Ave Cobalt Park Peoria TX	US
S3-003206	Cobalt Ironwood Trading Corporation	275 Quarry venue, Brightpath Park, Fresno, WA	USA
S3-008680	Lantern Enterprisees Corp	268 Northgate Street, Cobalt Park, Tacoma, CA, 56054	United States
S3-004928	Clearwater Bluepeak Trading Pvt Ltd	292 Summit Marg, Northgate Nagar, Pune, Tamil Nadu, 505978	IN
S3-004140	Ochid Private Limited	10 Lantern Main, Behind Ganesh Temple, Brightpath Nagar, Coimbatore, Maharashtra	IN
S3-004973	Redwood Orchid Private Limited	232 Meridian Marg, Nagpur	India
S3-001260	Silverline Packaging Compny	211 Juniper Ave, Peoria, 93852	US
S3-009145	Cobalt Limited	333 Brightpath Marg Apex Nagar Indore Tamil Nadu 399143	IN
S3-000220	Ellectricals Company	72 Bluepeak Avenue, Kestrel Park, Austin, WA, 72265	USA
S3-004596	Bluuepeak Motors Inc	181 Ironwood Ave, Ironwood Park, Lubbock	USA
S3-008251	Cobalt Services Private Limited	52 Falcon Main, Kestrel Nagar, Nagpur, 950286	IN
S3-000955	Traidng Apex P Ltd	297 Silverline Marg, Jaipur, Maharashtra, 182759	India
S3-001726	Latern Consultancy and Sons Private Limited	136 Northgate Main, Thistle Nagar, Pune, Maharashtra	IN
S3-000256	Lantern Packaging Pvt Ltd	293 Juniper Marg, Indore, Maharashtra, Behind Ganesh Temple	IN
S3-005741	Ironwood Systems	132 Thistle Drive Harbor Park Akron IL 91065	US
S3-007228	Vertex Indusstries Ltd	347 Quarry Cross Pune	India
S3-001917	Snstone Services	191 Cleaarwater Ave, Vertex Park, Mobile, 78307	United States
S3-007430	Cobalt Limtied Liability Company	64 Vertex Rd, Brightpath Park, Mobile, CA	USA
S3-006321	Ravenwood Trrading Ltd	Near Metro Pillar 42, 340 Brightpath St, Summit Nagar, Kochi, 896868	IN
S3-007305	Clearwater Trading Co	14/26 Ravenwood Boulevard, Tacoma, 87321	United States
S3-005804	Stonebridge LLC	2 Summit Ave, Orchid Park, Fresno, 22324	United States
S3-008331	Lantern Motors & Sons Ltd	302 Cobalt Road, Indore	IN
S3-000732	Summit Cheicals P Ltd	237 Meridian Road, Thistle Nagar, Pune, 229863	IN
S3-001877	Northgate Logistics Ltd	45 Juniper Cross, Pune, Tamil Nadu, 6999615	IN
S3-004439	Cobalt Kestrel Corp	219 Vertex Boulevard, Falcon Park, Lubbock, 67325	United States
S3-003874	Ravenwood Fbarics	177 Ironwood Marg, Indore, Maharashtra, 691147	IN
S3-005776	Quarry Ironood Fabbrics Co	Apex Blvd Lantern Park Mobile	United States
S3-007000	Coablt Packaging Co	Sunstone Road, Cobalt Nagar, Mobile, 652710	IN
S3-005829	Bluepeak Trading and Sons Pvt Ltd	22/26 Quarry Rd, Clearwater Nagar, Coimbatore, Tamil Nadu	India
S3-004229	Orchid Limited	169 Kesrtel Cross Falcon Nagar Indore Rajasthan	IN
S3-005117	Ironwood FoodsPrivate Limited	Behind Ganesh Temple, Sunstone Nagar, Surat, 719687, Ironwood Street	India
S3-003565	Clearwater, Electricals & Sons Co	92 Thistle Drive, Ravenwood Park, Peoria, IL	US
S3-008994	Onyx Logistics Private Limited	232 Ravenwood Marg, Near Metro Pillar 42, Redwood Nagar, Surat, 253448	India
S3-005909	Ravenwood Irnowood Logistics Private Limited	139 Apex St Indore 520339	IN
S3-000124	Lanternn Chemicals Corp	16 Vertex Drive, Clearwater Park, Austin	USA
S3-007648	Kestrel Clearwater Industries and Sons Private Limited	Behind Ganesh Temple, 152 Lantern Street, Jaipur, Maharashtra, 501631	IN
S3-002329	Falccon Quarry Systems Inc	38/68 Thistle Blvd, Sunstone Park, Fresno, 58118	US
S3-000685	Brightpath Solutions LC	189 Vertex Avenue, Akron, OH, 87366	USA
S3-004731	Systems Company	64 Cobalt Drive, Ironwood Park, Austin IL	United States
S3-007188	Fabrics Goldleaf Pvt Ltd	285 Maplecrest Ave, Silverline Park, Jaipur, AL, 30417	USA
S3-000541	Vertex Packaging Pvt Ltd	Near SBI ATM 56 Clearwater Marg Harbor Nagar Nagpur	IN
S3-001676	Brighhtpath	12 Brightpath Street Ironwood Nagar Kochi	India
S3-004673	Bluepeak Services & Soons Private Limited	178 Falcon Street, Harbor Nagar, Nagpur, Guujarat	IN
S3-008657	Brightpath Silverline Sysems Private Limited	Near Metro Pillar 42, 322 Brightpath Rd, Lantern Nagar, Surat, Gujarat	India
S3-008843	Meridian Private Limited	373 Ravenwood Dr, Bluepeak Park, Mobile, AL, 24237	IN
S3-004930	Clearwater Blueppeak Trading Pvt Ltd	294 Onyx Marg, Surat, Tamil Nadu	India
S3-005833	Vertex Systems P Ltd	Mapleecrest Road Kochi Gujarat	India
S3-004654	Northgaet & Sons	375 Clearwater Street, Clearwater Park, Akron, CA, 21142	US
S3-008733	Lantern Ironwood Chemicals  Private Limited	19 Goldleaf Mn Brightpath Naga Pune Maharashtra 670619	IN
S3-008710	Industrise Limited	40 Quarry Road, Northgate Nagar, Near SBI ATM, Kochi, 671390	IN
S3-002956	Orchid	134 Summit Road, Quarry Park, Akron, IL, 78597	USA
S3-000989	Maplcerest Logistics Corp	245 Meriddian Avenue, Austin, CA	USA
S3-002607	Junpier Enterprises & Sons Co	136 Stonebridge Drive Juniper Park Tacoma CA 33854	USA
S3-007970	Lantern, Clearwater Corporation	201 Thistle Road,S ummit Park, Akron, CA, 92207	United States
S3-000995	Coballt Industries LLC	36/58 Sunstone Rd, Summit Park, Austin, TX	United States
S3-000784	Onyx EnterprisesL imiited Liability Company	Falcon Park, Austin, OH, 36602, 30 Vertex Street	USA
S3-007428	Harbor Chemicals P Ltd	Vertex Magr, Lantern Nagar, Nagpur, Tamil Nadu, 715316	IN
S3-007687	Stonebridge Solutions Limited Liability Company	159 Northgate Road, Harbor Park, Mobile, WA	US
S3-000441	Ravenwood Industries Lmited	Near SBI ATM, 136 Ravenwood Rd, Kochi,, 788344	IN
S3-004492	Summit Conusltancy Ltd	324 Clearwater Rd, Near Metro Pillar 42, Thistle Nagar, Jaipur	IN
S3-003419	Northgate Vertex Textiles Companny	142 Clearwater Dr, Mobile, 45916	US
S3-008824	Falco Electricals Corporation	86 Stonebridge Road Maplecrest Nagar Fresno Gujarat	India
S3-004195	Summmit Enterprises Limited	Near SBI ATM, 34/19 Quarry Rd, Surat, Maharashtra, 709480, Ironwood Nagar	India
S3-003650	Thistlle Solutions & Sons Co	39 Juniper Boulevard Silverline Park Peoria 11422	United States
S3-005186	Sunstone Services Private Limited	289 Northgate Marg, Brightpath Nagar, Pune, Tamil Nadu	India
S3-007652	Kesrel, Incorporated	340 Clearwater St, Nagpur, Tamil Nadu, 872044	USA
S3-001262	IronwoodSolutions Inc	236 Ravenwood Drive, Apex Park, Opp. City Library, Lubbock, CA, 78866	US
S3-006953	Northgate Stonebridge Electricals P Ltd	302 Redwood Cross, Stonebridge Nagar, Surat, Maharashtra, 582308	IN
S3-009143	Quarry Thistle Trading Corp	280 Brightpath Avenue, Northgate Park, Akron	United States
S3-004710	Stonebridge Vertex Systems Limited	14 Redwood Road Rajasthan 718706 Surat	India
S3-003320	Reedwood Chemicals	Quarry Main, Silverline Nagar, Nagpur, Rajasthan	India
S3-001241	Silverline Electricals Company	76 Apex Dr, Juniper Park, Akron, 43795	USA
S3-006732	Clearwaater Lantern Private Limited	Harbor Nagar, Jaipur, Tamil Nadu, Falcon Crs	India
S3-004165	Thiistle Enterprises Corporation	209 Brightpath Ave, Ironwood Park, Tacoma, OH, 64739	US
S3-003707	Onxy Industries Inc	Orchid Park, Mobile, 24984, 78 ThistleD r	United States
S3-004796	Norhtgate	29 Falcon Street, Surat, Rajasthan, 445633	IN
S3-006250	Goldleaf Motors Private Limited	109 Bluepeak Crs, Harbor Nagar, Kochi, 905672	India
S3-000081	Harbor Quarry Enterprises Limited Liability Company	361 Stonebridge Drive, Lubbock, WA, 49801	United States
S3-003464	Quarryy Harbor Chemicals	189 Juniper Mn, Kochi, 954606	India
S3-005371	Sunstone Foods	357 Bluepeak Dr, Maplecrest Park, Austin, 38358	United States
S3-008076	Celarwater Limited	Thistle St, Bluepeak Nagar, Behind Ganesh Temple, Surat, Maharashtra	IN
S3-007061	Thistle Motors Company	13/86 Orchid Blvd, Cobalt Park, Austin, CA, 84447	US
S3-002973	Irnwood	17/22 Harobr Cross, Kochi, Kerala	India
S3-001460	Goldleaf Services LLC	354 Redwood Avenue, Onyx Park, Tacoma, AL, 41709	US
S3-006123	Northgate Chemicals & Sosn Inc	188 Juniper St, Lubbock, WA, 33950	United States
S3-003634	SystemsP vt Ltd	250 Lantern St, Ravenwood Nagar, Pune, 474642	IN
S3-007858	Thistle Foodds	4 Redwood Marg, Indore, Maharashtra, 966766	India
S3-004702	Brightpath Conslutancy & Sons LLC	Near Exit 14, Sunstone Park, Mobile, AL, 88791, 5 Northgate Boulevard	US
S3-008671	Ironwood Chemicals Corporation	83 Onyx Rd, Lantern Park, Peoria, TX, 40679	United States
S3-008288	Kestrel, Logistics LLC	203 Lantern Ave, Falcon Park, Mobile, IL, 58832	United States
S3-007682	Stonebridge Systems Company	229 Onyx Main, Northgate Nagar, Akron	IN
S3-003457	Silverline Systems	267 Maplecrest Drive, Mobile, CA, 59083	US
S3-007480	Redwood Enteprrises Limited	386 Apex Street, Summit Nagar, Surat, Rajasthan	India
S3-002099	Silverline Cobalt Solutions Corporation	Onyx Road, Sunstone Park, Tacoma, IL, 71925	United States
S3-000756	Brightpath Lantern Ltd	Silverline Nagar, Nagpur, Tamil Nadu, 227 Redwood St	IN
S3-005815	Ravnewood Soluttions Corp	111 Stonebridge Road, Peoria, IL	US
S3-007700	Apex Packaging and Sons P tLd	Behind Ganesh Temple, 32/11 Meridian Street, Jaipur, 546463	IN
S3-008755	Goldleaf Quarry Mootors	178 Lantern Dr, Falcon Park, Fresno, OH, 56121	US
S3-007253	Clearwater Consultancy	15 Meridian Cross, Thistle Nagar, Kochi, 987045	USA
S3-001976	Onyx EElectricals & Sons Co	365 Maplecrest Street Vertex Park Austin TX	USA
S3-006667	Ironwood, Apex and Sons Co	226 Thistle Drive, Behind the Civic Center, Goldleaf Park, Akron, 39924	United States
S3-001581	Vertex	120 Clearwater St, Meridian Park, Austin, 43962	USA
S3-008763	Redwood SystemsP  Ltd	129 Juniper Rd, Maplecrest Nagar, Kochi, Maharashtra, 798980	India
S3-003493	Industries Thistle  Corp	175 Onyx Boulevard, Vertex Park, Lubbock, IL, 99881	United States
S3-005571	Foods Summit Private Lmiited	98 Ironwood St, Kochi, Maharashtra, 141128	IN
S3-000092	Harbor, and Sons Ltd	Near Metro Pillar 42, 377 Ironwood Main, Kochi, Kerala, 372037	India
S3-003177	Juniper Summit ogisticss LLC	146 Ravenwood Ave, Brightpath Park, Lubbock, OH	USA
S3-002224	Bluepeak otors Inc	318 Maplecrest Road Thistle Park Lubbock OH	USA
S3-002185	Reedwood Industries Incorporated	322 Silverline Boulevard, Mobile, AL, Ironwood Park	United States
S3-003082	Northgate Industries	14  Quarry Dr Fresno	USA
S3-007651	Quarry Privtae Limited	362 Falcon Dr, Kestrel Park, Fresno, WA	India
S3-006108	Bluepeak, Services Corp	Bluepeak Street Opp. City Library Harbor Park Austin 19920	United States
S3-005541	Sunstone Juniper Packaging	21/80 Ironwood Drive, Tacoma, 87232	United States
S3-003084	Orchid Chemicals Limited	Behind Ganesh Temple, 54 Thistle Main, Surat, Rajasthan, 980187	IN
S3-005462	Bluepeak Teextiles P Ltd	287 Stonebridge Marg Orchid Nagar Jaipur Rajasthan 733270	India
S3-007547	Norhgate Electricals	Falcon Rd, OH, 70542, Peoria	US
S3-004215	Rewdood Limited Liability Company	37/10 Goldleaf Boulevard Lantern Park Tacoma CA 81629	USA
S3-005738	Fallcon Ltd	69 Clearwater St, Northgate NNagar, Jaipur	IN
S3-007720	Onyx Ironwood Trading P tLd	104 Summit Dr, Goldleaf Park, Akron	IN
S3-002409	Meridian, Solutions Limited	102 Maplecrest St, Near Metro Pillar 42, Coimbatore, Tamil Nadu	India
S3-001031	Maplecrest Trading and SSons Private Limited	244 Vertex Main, Onyx Nagar, Nagpur, 619775	India
S3-002964	Onyx Tradng	146 Lantern Crs, Brightpath Nagar, Surat, Tamil Nadu, 627866	India
S3-001743	Redwood Consultancy	147 Orchid St Falcon Nagar Opp. Bus Depot Coimbatore Maharashtra 921908	IN
S3-006482	Orchid Clearwater Foods Copany	Quarry Boulevard, Peoria, AL	United States
S3-002243	Chemicals and SonsCo mpany	327 Ironwood Street Thistle Park Lubbock 32384	USA
S3-005331	Quarry Sunstone  Corp	29/35 Juniper Avenue, Near Exit 14, Fresno, OH, 34270	United States
S3-007817	Summit Fabrics Ltd	115 Sunstone Rd Ironwood Nagar Near Metro Pillar 42 Coimbatore 738661	IN
S3-008707	Thistle Texitles LLC	126 Harbor Blvd, Clearwater Park, Fresno, IL, 60014	USA
S3-002017	Harbor Packging Pvt Ltd	136 Summit Cross Silverline Nagar Kochi Kerala 798496	IN
S3-002648	Orchi P  Ltd	Meridian Cross, Lantern Nagar, Pune, Gujarat, 350899	India
S3-009023	Orchid Enterprises Private Limited	313 Goldleaf Cross, Near Metro Pillar 42, Northgate Nagar, Nagpur, MP, 270728	IN
S3-002460	Thistle, ElectricalsC o	20/13 Thistle Rd, Northgate Park, Mobile	United States
S3-002722	Stonebridge Motors Inc	Near Exit 14, Ironwood Dr, Thistle Park, Tacoma	US
S3-005831	Bluepeak Trading Privaate Limited	22/26 Quarry Rd, Clearwater Nagar, Coimbatore	India
S3-006213	Glodleaf Packaging Private Limited	102 Harbor Road Cobalt Nagar Jaipur Kerala	IN
S3-005432	Maplecrest, Solutions Pvt Ltd	242 BrightpathC rs Juniper Nagar Pune	IN
S3-008388	Reedwood Fabrics Corp	196 VertexSt, Kochi	US
S3-003332	Meridian, Ironwood Services & Sons Inc	39/24 Summit Rd, Clearwater Park, Tacoma, TX	USA
S3-007956	Rewdood, Trading Company	148 Meridian Road Vertex Park Mobile CA	USA
S3-006076	Vertex Juniper Inc	15/36 Orchid St, Orchid Park, Tacoma	US
S3-006338	Brightpath Apex Fbarics Limited	320 Vertex Road, Near Metro Pillar 42, Northgate Nagar, Coimbatore, Gujarat, 748894	India
S3-005773	Orchid Kstrel Enterprises LLC	Near Exit 14, 88 Cobalt Boulevard, Apex Park, Fresno, 25617	USA
S3-001172	Juniper Brightpath Trading Pvt Ltd	321 Onyx St, Pune	India
S3-006945	Apex & Sons Limiited Liabiilty Company	385 Brightpath Ave, Redwood Park, Peora, IL, 95754	USA
S3-005795	Harbor Chemicals Incorporated	345 Harbor Road, Orchid Park, Near Exit 14, Austin, CA, 23341	USA
S3-001720	Northgate  Packaging Incorporated	386 Kestrel Road, Goldleaf Park, Tacoma, OH, 32792	USA
S3-001295	Stonebridge Industires Corp	118 Harbor Ave, Northgate Park, Tacoma	US
S3-003191	Thistle Falcon Packaging Corporation	Onyx Drive, Lantern Park, Lubbock, OH, 34419	US
S3-000429	Sunstone, Consultancy Ltd	214 Orchid Marg, Pune, 107891	IN
S3-007353	Maplecrest Chemicals Private Limited	229 Quarry Rd, Jaipur, 447394	India
S3-003091	Pacckaging Redwood LLC	270 Orchid Drive, Brightpath Park, Lubbock	US
S3-005227	Kestrel, Fabrics P Ltd	4 Juniper Street Pune 850513	IN
S3-008295	Summit Enterprises andS ons Limited	20/35 Redwood Rd, Quarry Nagar, Behind Ganesh Temple, Surat, Maharashtra, 368817	India
S3-006063	Trading Redwood &Sons	99 Thistle Street, Stonebridge Nagar, Jaipur, Tamil Nadu	India
S3-006288	Redwood P tdL	2/45 Bluepeak RRoad, Ravenwood Nagar, Jaipur	India
S3-001011	Sunstone Textiles Corporation	267 Sunstone Avenue, Thistle Park, Fresno, 11790	USA
S3-005827	Kestrel  Motors Ltd	159 Quarry Cross, Summit Nagar, Surat, Rajasthan	India
S3-006584	Falcon Motor sP Ltd	97 Stonebridge Street, Apex Nagar, Pune, Gujarat	India
S3-005582	Lantern Systems Corporaation	Silverline Rd, Cobalt Park, Lubbock, 72510	United States
S3-002086	Redwood Packaging CCo	228 Vertex Dr, Kestrel Park, Akron, 93573	USA
S3-007646	Northgate Meridian Chemicals Pvt Ltd	127 Sunstone Rd, Ironwood Nagar, Indore, Rajasthan	India
S3-005545	Ravenwood Services	376 ClearwaterM arg, Onyx Nagar, Surat, Maharashtra, 557070	India
S3-004341	Meridian orp	106 Harbor Avenue, Tacoma, Meridian Park	US
S3-002618	Juniper Traidng Sunstone Company	88 Brightpath Drive Onyx Park Fresno TX 39663	USA
S3-001227	Silverline Silverline Trading Company	13 Summit Blvd, Goldleaf Park, Tacoma, WA, 61902	USA
S3-004740	Brightpath Redowod Services Corporration	Opp. City Library, 258 Quarry Drive, Ironwood Park, Fresno, AL, 68912	USA
S3-004141	Lantern Sevrices Bulepeak LLC	Meridian Park, Tacoma, AL, 27423, 378 Thistle Dr	United States
S3-007269	Electricals Merdian Corp	Falcon Park, Opp. City Library, Lubbock, TX, 91399, 291 Orchid St	United States
S3-001534	Brightpath Bluepeak Fabrics Company	190 Bluepeak Street Silverline Park Akron	US
S3-007142	Systems Redwood Liimiited	120 Cobalt St, Kestrel Nagar, Near SBI ATM, Jaipur, Tamil Nadu, 662012	IN
S3-003894	Northgate, Systems Private Limied	85 Bluepeak Marg Onyx Nagar Jaipur MP	India
S3-000612	Quarry Chemicals Inc	271 Silverline Road, Stonebridge Park, Tacoma, OH, 45266	USA
S3-001139	Kestrel, Textiles P Ltd	282 Clearwater Rd, Near SBI ATM, Juniper Nagar, Pune, Tamil Nadu, 801970	India
S3-008034	Orhcid Solutions	86 Quarry Road, Summit Paark, Fresno, 53561	United States
S3-007664	Harbor Quarry Textiles	Clearwater Park, Lubbock, IL, 288 Thistle Ave	United States
S3-002611	Redwood Packkaging	125 Clearwater Street, Behind the Civci Center, Quarry Park, Akron, IL, 39938	US
S3-006230	Summit Systems Pvt Ltd	Behind Ganesh Temple, 37/61 Cobalt Crs, Bluepeak Nagar, Jaipur, MP, 141543	India
S3-003041	Foods LLC	13/78 SunstoneRoad Brightpath Park Tacoma AL	US
S3-007373	Ironwoo Solutions Pvt Ltd	243 Thistle Mn, Pune, Maharashtra, 111316	India
S3-004148	Harbor Apex Ennterprises LLC	64 eKstrel Drive, Brightpath Park, Fresno, 21167	United States
S3-003251	Goldleaf Electricals Incorporated	161 Bluepeak Dr, Maplecrest Park, Akron, TX	United States
S3-002106	Enterprises Summit Ltd	261 Brightpath Cross Surat Gujarat 662145 Goldleaf Nagar	IN
S3-004687	Northgate Consulltancy Ltd	197 Falcon Rd, Ravenwood Nagar, Pune, MP	India
S3-008329	Onyx Foods Co	273 Falcon Ave, Behind the Civic Center, OH, Austin	United States
S3-008561	Kestrel Consultancy Incorporated	4/34 Juniper Road, Lantern Park, Lubbock, 60112	United States
S3-007630	Meridian Trading LLC	353 Quarry Crs, Falcon Nagar, Akron, 548357	IN
S3-001176	Ochid Consltancy Corporation	151 Maplecrest Street, Tacoma, 58157	USA
S3-004286	Thistle Company	48 Redwood Road, Ironwood Park, Peoria, AL, 74597	US
S3-001709	Silverline Stonebridge Trading & Sons Private Limited	30/14 Vertex Main, Onyx Nagar, Surat, 161244	India
S3-002433	Kestrel Meridian Consultncy Ltd	45 Kestrel Marg, Apex Nagar, Coimbatore	IN
S3-006949	Juniper Mapleecrest Textiles	Falcon Marg Quarry Nagar Kochi MP 332965	India
S3-001522	Falcon Foods Inc	189 Kestrel Rd, Fresno	United States
S3-006834	Bluepeak, Electricals & Sons P Ltd	89 Falcon Marg, Indore, 289593	IN
S3-006464	Harbor Inc	108 Meridian Blvd, Stonebridge Park, Akron, CA	United States
S3-001279	Bluepeak Harbor cPakaging Corporation	86 Sunstone Rd, Brightpath Park, Akron	US
S3-003404	Falcon, Enterrises Co	Clearwater Blvd, Bluepeak Park, Fresno, IL, 75618	US
S3-004066	Onyx Services Ltd	97 Clearwater Mn, Kestrel Nagar, Pune, Rajasthan	IN
S3-007180	Ravenwood Chemicals Private Limited	153 Apex St Falcon Nagar Coimbatore 936547	IN
S3-005275	Raenwood Consultancy Inc	154 Onyx Road, Northgate Park, Fresno	United States
S3-001812	Thistle Systems Limited	23/81 Vertex Crs, Falcon Nagar, Jaipur, 128967	India
S3-008418	Nrothgate Thistle Logistics Corporation	Brightpath Rd, Sunstone Park, Tacoma	USA
S3-002030	Cobalt Electricals Ltd	333 Northgate Rd, eridian Nagar, Pune, 359867	India
S3-006848	Norrthgate, Apex Foods Ltd	117 Onyx Blvd Lubbock TX 59384	IN
S3-002963	Onyx Trading Private Limiteed	146 Lantern Crs, Brightpath Nagar, Behind Ganesh Temple, Surat, Tamil Nadu, 627866	IN
S3-008677	Harbor Summit Services	397 Thistle Crs, Silverline Nagar, Pune, MP	IN
S3-002901	BrightpathPackaging Co	216 Ironwood Dr, Cobalt Park, Akron, 71758	United States
S3-001447	Brightpath Servces	268 Ravenwood St, Akron, 89837	US
S3-007888	Brightpath Systems P Ltd	Near SBI ATM, 199 Ironwood Street, Vertex Nagar, Surat, Rajasthan	India
S3-003008	Rvenwood, Industries & Sons Co	256 Falcon Ave, Fresno, OH, 89869	USA
S3-003440	Ketsrel Limited	Silverline Mn Silverline Nagar Nagpur Gujarat	India
S3-009015	Haror Services LLC	311 Lantern Marg, Vertex Nagar, Lubbock, Maharashrta, 588462	IN
S3-004664	Redwood Foods  Co	285 Clearwater Rd, Austin, WA, 19271	USA
S3-008221	Apex Inc	35 Redwood Marg, Lubbock, 147171	India
S3-004647	Textiles Thistle Corp	231 Ironwood Boulevard, Behind the Civic Center, Maplecrest Park, Akron, 64828	United States
S3-009069	Redwood Textiles LLC	231 Thistle Mn, Lubbock, 786288	IN
S3-007053	Harbor Systemms Corp	Thistle Avenue, Maplecrets Park, Austin	United States
S3-008778	Lantern Onyx TTrading	292 Silverline St, Apex Park, Austin, CA	United States
S3-004059	Maplecrest,  Systems & Sons Limited	42 Thistle Rd, Thistle Nagar, Surat, Tamil Nadu, 766143	India
S3-003607	Ironwood Enterprises	30 Meridian Main, Northgate Nagar, Surat, Maharashtra, 166528	IN
S3-004634	Meridian Industries Liited	393 Kestrel Mn,, Indore, Gujarat	IN
S3-002431	Meridian Motor Pvt Ltd	22/54 Brightpath Crs, Apex Nagar, Nagpur	IN
S3-005402	Junipeer Pvt Ltd	138 Thistle Marg, Indore, Maharashtra	India
S3-001263	SunstoneElectricals	99 Vertex Marg, Northgate Nagar, Indore	IN
S3-004007	Thistle Chemicaals	Opp. City Library, 238 Brightpath Road, Northgate Park, Akron, AL, 73829	USA
S3-006630	Lantern Services Corporatin	345 Ironwood Avenue, Near Exit 14, Ravenwood Park, Mobile, TX, 34031	United States
S3-003045	Apex Lantern Solutionns Private Limited	174 Onyx Road, Apex Nagar, Indore, Gujarat	India
S3-002864	Sunstone Systems Co	160 Juniper Blvd, Ravenwood Park, Fresno, 25228	USA
S3-004006	Onyx Onyx Private Limited	369 Falcon Marg, Sunstone Nagar,Coimbatore, 801229	IN
S3-005335	Silverline Trading Inc	390 Clearwater Drive Ravenwood Park Tacoma WA	United States
S3-008452	Kestrel, Trading P Ltd	260 Juniper Crs Opp. Bus Depot Silverline Nagar Nagpur 681503	India
S3-000830	Quarry Industries P Ltd	Near SBI ATM, Maplecrest Mn, Maplecrest Nagar, Jaipur, Tamil Nadu, 383442	India
S3-007816	Harbor Fabrics and Sons Ltd	Ironwood Street, Brightpath Park, Pune, WA, 95403	United States
S3-001443	Northgate Stonebridge Pvt Ltd	315 Silverline St, Summit Nagar, Behind Ganesh Temple, Coimbatore	India
S3-002666	Maplecrest Trading Pvt Ltd	339 Ravenwood Street, Coimbatore	India
S3-007665	Industrise	163 Ravenwood Street, Thistle Park, Peoria, 96282	US
S3-000375	Thistle Thistl eChemicals P Ltd	24/33 Vertex Main Ravenwood Nagar Pune Gujarat	IN
S3-007774	Meridian Textiles & Sons Co	195 Silverline Dr, Harbor Park, Akron, OH	USA
S3-007399	Thistle Systems Private Limited	33/71 Onyx Boulevard Stonebridge Park Lubbock TX 17654	IN
S3-001228	Silverline SilverlineC o	13 Summit oBulevard Tacoma WA 61902	US
S3-000935	Brigthpath Ltd	33/47 Junpier Cross, Juniper Nagar, Surat, Rajasthan, 827821	India
S3-006137	Redwood Serivces LLC	Apex Avenue, Redwood Prak, Fresno, 82311	US
S3-007656	Merdiian, Private Limited	Opp. Bus Depot, 25/16 Apex Cross, Goldleaf Nagar, Nagpur, Tamil Nadu	IN
S3-008653	Bluepea kCo	26/21 Onyx Blvd, Harbor Park, Lubbock	USA
S3-004093	Silverline Kestrel & SSons Limited	369 Harbor Cross, Goldleaf Nagar, Kochi, 303261	India
S3-007213	Vertex Logistics & Sons Company	93 Juniper Marg, Austin, Rajasthan	IN
S3-001531	Ravnwood Bluepeak	117 Onyx Dr, Stonebridge Park, Tacoma	US
S3-008828	Silevrline Fabrics Pvt Ltd	Vertex Road Clearwater Nagar Coimbatore MP	India
S3-006997	Brightpath Quarry PPrivate Limited	346 Vertex Crs, Quarry Nagar, Jaipur, Gujarat, 789822	India
S3-000758	Meridian Clearwater Enterprises Ltd	227 Goldleaf Cross, Pune, MP, 875912	IN
S3-005991	Services Lantern and Sons P Ltd	13/47 Quarry Rd, Pune, 509075, Quarry Nagar	IN
S3-001983	Clearwate Packaging Ltd	353 Cobalt Road, Thistle Nagar, Pune, Kerala, 636156	India
S3-005692	Lantern Icn	Onyx Rd Brightpath Park Fresno CA 79969	United States
S3-006327	Sillverline Ltd	159 Harbor Mn, Cobalt Nagar, Near SBI ATM, Coimbatore, 341016	India
S3-003108	Onyx Prvate Limied	314 Kestrel Cross, Opp. Bus Depot, Summit Nagar, Indore, Kerala, 293280	IN
S3-008651	Kestrel Chemicals P Ltd	200 Harbor Marg, Orchid Nagar, Coimbatore	IN
S3-006384	Sunstone Industries Company	Stonebridge Ave, Tacoma, 71195	US
S3-004078	Meridain Liited	27 Maplecrest Road, Kochi, 734518	India
S3-004456	Thistle	32/32 Ironwood Road, Summit Park, Austin, 89818	US
S3-004748	Systems Priivtae Limited	Falcon Mn, Apex Nagar, Nagpur, Rajasthan, 785729	IN
S3-004306	Kestrel Facon Services & Sons Incorporated	349 Ravenwood Avenue, Harbor Park, Tacoma, IL, 23626	USA
S3-005722	Bluepeak Packaging Private Limited	143 Lantern Cross, Stonebridge Nagar, Jaipur, 808516	IN
S3-002385	Ironwood Electrical Co	187 Juniper Drive, Cobalt Park, Akron, IL	USA
S3-006039	Maplecrest Lanteern Consultancy Inc	25/63 Falcon Dr, Quarry Park, Lubbock, IL, 80265	United States
S3-008757	Bluepeak Services Company	34 Ravenwood St 12750 Mobile	US
S3-006594	Summit Inddustries Limited Liability Company	248 Redwood Drive Opp. City Library Northgate Park Mobile AL	USA
S3-004558	Stonebridge Ravenwood Solutions & Sons	Ironwood Avenue, Tacoma, TX	US
S3-008862	Apeex Chemicals Limited	378 Northgte Mn, Brightpath Nagar, Jaipur, Gujarat, 307557	India
S3-000522	Redwood Redwood Chemicals	328 Thistle Cross, Apex Nagar, Nagpur, Tamil Nadu	India
S3-002645	Orchid Solutions LLC	Northhgate Avenue, Austin, WA, 38159	USA
S3-001399	Thistle Orchid Connsultany LLC	Kestrel Drive, Tacoma, TX, 85787	USA
S3-005459	Maplecrest Private Limited	104 Juniper Main, Clearwater Nagar, Kochi, Tamil Nadu, 670743	India
S3-001952	Summit Harbor  Packaging Co	117 Ironwood Rd, Thistle Park, Tacoma, WA, 98975	United States
S3-002003	Blepeak	315 Falcon Ave Summit Park Fresno TX 96338	USA
S3-004712	Kestrel Stonebridge Packaging P Ltd	Behind Ganesh Temple, 10/68 Northgate Crs, Stonebridge Nagar, Jaipur, 999985	India
S3-005305	Lantern IronwoodI nc	21 Ironwood Dr Apex Park Peoria 52052	USA
S3-000697	Juniper Solutions Company	163 Northgate Ave Cobalt Park Fresno AL	United States
S3-007241	Faalcon Kestrel Chemicals Limited Liability Company	89 Falcon Boulevard, Peoria,, 77537	US
S3-008718	Summit Juniper Enterprises Limited	1 Onyx St, Ravenwood Nagar, Pune	India
S3-008694	Maplecrest Trading	279 Stonebridge Rd, Silverline Nagar, Pune, MP, 644949	India
S3-007191	Thistl eTextles Co	222 Stonebridge Street, Lantern Park, Akron, IL, 87623	USA
S3-008416	Kestrel Enterprises Private Limited	293 Harbor Street Redwood Nagar Pune 185055	IN
S3-004128	Sunstone Thistle Industries Ltd	92 Onyx Marg Near SBI ATM Summit Nagar Nagpur 604249	India
S3-001298	Thistlle Electricals Incorporated	12 Sunstone Street, Peoria	US
S3-001219	Maplecrest Limited	31/62 Kestrel Marg, Kestrel Nagar, Coimbatore, Gujarat	IN
S3-005325	Briightpath Foods & Sons P Ltd	277 Clearwater Street, Summit Nagar, Jaipur, MP, 926441	IN
S3-003381	Ravenwood Industries	Onyx Crs, Ironwood Nagar, Jaipur, Tamil Nadu, 692550	IN
S3-004352	Ironwood Fodos	27 Kestrel Ave, Harbor Park, Akron, 78586	USA
S3-002668	Ravenwood Electricals Privatte Limited	395 Redwood Main, Lantern Nagar, Kochi, 256102	IN
S3-006489	Bluepeak Services	354 Summit Rd, Maplecrest Nagar, Jaipur	India
S3-002972	Ironwood Chemicals Pvt Ltd	Vertex Nagar Kochi Kerala 17/22 Harbor Cross	IN
S3-006294	Sunstone Packaginga nd Sons Limited	Orchid Rd, Lantern Nagar, Kochi, 800703	India
S3-001174	Industries Harbo and Sons Company	191 Vertex Ave, Apex Park, Lubbock, IL, 91213	USA
S3-002377	Lantern Motor sCorp	385 Orchid St, Tacoma, WA, 96116	USA
S3-000572	Ironwood Services Ptv Ltd	3 Clearwater Cross, Jaipur, Kerala, 940348	IN
S3-004893	Silverline Fabrics Private Limited	134S tonebridge Marg, MP, Kochi	India
S3-004915	Sunstone Chemicals Ltd	148 Maplecrest Marg, Onyx Nagar, Kerala, 588376, Indore	India
S3-001092	Cobalt Solutions P Ltd	381 Redwood Cross, Northgate Nagar, Surat, Gujarat, 854672	India
S3-005965	Bluepeak Quarry Entteerprises & Sons LLC	Behind the Civic CCenter, 75 Silverline St, Austin, 99397	United States
S3-006239	Maplecrestt Orchid Motors	37/88 Falcon Street, Opp. City Library, Austin, WA	United States
S3-008141	Cleawrater Systems  & Sons Ltd	110 Orchid Drive, Onyx Park, Austin, TX, 58031	India
S3-008009	Vertex Trading	29 Redwood Road, Peoria, 53181	United States
S3-001104	Juniper Bluepeak Services Inc	40 Thistle Drive, Juniper Park, Akron, 79345	USA
S3-005566	Bluepeak Texitles Corp	Behind the Civic Center, 24/18 Summit Street, Juniper Park, Austin, 422236	United States
S3-003412	Harbor Packaging	Orchid St, Summit Nagar, Jaipur, Kerala, 838071	India
S3-008255	Ironwood, Packaging andSons Private Limited	Quarry Mn, Cobalt Nagar, Nagpur, 899799	India
S3-007097	Cobalt Harbor Logistics	128 Maplecrest Marg Clearawter Nagar Peoria Gujarat 575864	IN
S3-007432	Cobalt Packaging Ltd	188 Onyx Rd, Brightpath Nagar, Pune	India
S3-007613	Juniper Chemicals	Orchid Blvd Goldleaf Park Fresno IL 28090	USA
S3-003933	Kestrel Enterprises Nothgate Limited Liability Company	Apex Dr Kestrel Park Peoria	USA
S3-006478	Sunstone, Co	43 Kestrel Road, Quarry Park, Autsin, OH, 88246	US
S3-006284	Meridiaan Pvt Ltd	53 Lantern Marg, Indore	India
S3-002843	Ravenwood Trading	160 Orchid Road, Redwood Nagar, Indore, Maharashtra, 230392	IN
S3-000906	Falcon Packaging Company	Behind the Civic Center, 62 Ironwood Rd, Quarry Park, Lubbock	United States
S3-004561	Northgatte Chemicals	1 Goldleaf Blvd Thistle Park Austin WA 69758	US
S3-000859	Maplecrest Lantern Enterprises Corporation	15 Maplecrest Blvd Redwood Park Opp. City Library Mobile IL 53961	US
S3-002977	Stonebridge Systems P Ltd	Falcon Nagar, Surat, Tamil Nadu, 24 Bluepeak Main	IN
S3-004054	Vertex Consultancyyy Corp	103 Silverline Boulevard, Fresno ,AL, 20432	United States
S3-004317	Blueepak Enterprises Corp	Juniper Rd, Behind the Civic Center, Goldleaf Park, Peoria, IL, 63965	USA
S3-003269	Goldleaf Chemicals LLC	303 Brightpath Street Behind the Civic Center Mobile AL 42375	United States
S3-006178	Sunstone nterprises Company	25 Goldleaf Boulevard, Lantern Park, Akron	USA
S3-005354	Harbor Apex Chemicals Pvt LLtd	5 Harbor Main Behind Ganesh Temple Vertex Nagar Surat	India
S3-000518	Apex Apex Solutions and Sons Private Limited	175 Vertex Road, Pune, Tamil Nadu	India
S3-002304	Falco PPackaging Ltd	126 Harbor Marg, Ravenwood Nagar, Coimbatore, 303404	India
S3-007541	Meridian Industries P Ltd	206 Onyx Main Opp. Bus Depot Redwood Nagar Nagpur Tamil Nadu	India
S3-002664	Apex Consultancy Limiteed	56 Ironwood Marg Pune 484470	IN
S3-002657	Summit Packaging	369 Apex Main, Behind Ganesh Temple, Summit Nagar, Pune, Maharashtra, 792480	IN
S3-003904	Harbor Inc	63 Apex Street, Ironwood Park,, Lubbock, AL	US
S3-005905	Stonebriddge Harbor Private Limited	Redwood Marg, Harbor Nagar, Coimbatore, Gujarat	IN
S3-001213	Ony xLogistics & Sons Pvt Ltd	Quarry Cross, Goldleaf Nagar, Nagpur, MP, 571788	IN
S3-004568	Sunstone Junper Textiles	Kestrel Street, Quarry Park, Lubbock, 96335	US
S3-008997	Ravenwood Juniper Inc	Northgate Road, Redwood Park, Tacoma, CA	US
S3-001795	Stonebridge Eleectricals	56 Bluepeak Main, Meridian Nagar, Surat, Gujarat	India
S3-005454	Bluepeak Silverliine Solutions Corporation	204 Quarry Rd, Thistle Park, Mobile, AL, 33955	US
S3-006654	Verteex	170 Vertex Dr, Stonebridge Park, Austin, AL, 52477	US
S3-008039	Apex Fbrics Stonebridge LLC	Goldleaf Road, Austin, 43570	United States
S3-004583	Enterprises Corporation	Harbor Road Cobal tPark Akron CA	US
S3-008435	Onyx Textiles	112 Harbor Rd, Akron, 28458	USA
S3-007352	Orchid Apex  Electricals	345 Thistle Dr, Kestrel Park, Fresno, IL, 27091	United States
S3-000501	Cobalt Fabricss CCo	96 Northgate Street Near Exit 14 Austin	United States
S3-002616	Stonebridge Sytems Co	Near Exit 14, 28 Harbor Blvd, Silverline Park, Mobile, 90993	US
S3-003629	Maplercestt Textiles	365 Falcon Road, Nagpur, Gujarat, 935656	IN
S3-007422	Maplecrest Conusltancy	243 Vertex Main Lubbock Kerala	India
S3-000609	Harbor Redwood Chemicals	21 Vertex Boulevard, Silverline Park, Tacoma, TX, 73658	USA
S3-008453	Cobalt Sivlerline Pt Ltd	227 Brightpath Road, Surat, Thistle Nagar	India
S3-004493	Ravenwood Coorp	24/50 Onyx Avenue Orchid Park Lubbock AL	US
S3-005449	Orchid Private Limited	325 Bluepeak Mn, Opp. Bus Depot, Surat, Tamill Nadu, 515989	IN
S3-007513	Orchid Trading Liimted Liability Company	22/84 Thistle St, Apex Nagar, Mobile, Gujarat, 484016	IN
S3-009039	Stonebridge Consultancy Limited	Behind the Civic Center 272 Onyx Rd Brigtpath Park Fresno 79969	India
S3-009031	Thistle	8 Stonebridge St, Silverline Nagar, Peoria, 227325	IN
S3-008527	Bluepeka Textiles	Silverlinne Road Brightpath Park Fresno CA 86075	US
S3-003672	Summit Logistics and Son sCo	97 Ravenwood Road, Harbor Park, Opp. City Library, Fresno, 52339, AL	USA
S3-003310	Falcon Fabrics P Ltd	343 Falcon Main Maplecrest Nagar Indore Kerala	India
S3-008025	Silverline Motor sPvt Ltd	Opp. Bus Depot, 273 Bluepeak St, Goldleaf Nagar, Coimbatore, Gujarat	IN
S3-006145	Brightpth Packaging Ltd	79 Juniper Marg, Apex Nagar, Nagpur, Rajasthan	India
S3-009081	Maplecrest Pckaging Limited	70 Onyx Blvd Opp. City Library Ravenwood Park Coimbatore IL	United States
S3-004616	Orchid, Logistics LLC	Sunstone Park, Austin, 398 Summit Road	US
S3-002779	Silverline Clearwater Chemicals & Sons Corp	12 Quarry Drive, Orchid Park, Fresno, TX	United States
S3-008378	Brightpath Industries P Ltd	26 Ironwood Marg Apex Nagar Near Metro Pillar 42 Surat MP 618560	IN
S3-004232	Summit Stonebridge Solutions P Ltd	362 Cobalt Road Quarry Nagar Kochi Tamil Nadu	IN
S3-004950	Nortghate Quarry Private Limited	Opp. Bus Depot, 19 Silverline Cross, Apex Nagar, Jaipur, Tamil Nadu, 496671	India
S3-008157	Kestrel Motors Private Limited	220 Meridian Road Nagpur Kerala 773215	IN
S3-000671	Flacon Motors Pvt Ltd	158 Apex Crs, Bluepeak Nagar, Nagpur, 369002	India
S3-008213	Kestreel Falcon Enterpriises Inc	214 Apex Ave Goldleaf Park Akron CA	USA
S3-007279	Maplecrest Pvt Ltd	29 Summit Road Surat 47994	USA
S3-002141	Sunstone Fabrics	201 Lantern St, Behind the Civic Center, Tacoma, 27327	USA
S3-007809	Redwood Cheicals Ltd	Opp. Bus Depot, 11 Falcon Mn, Cobatl Nagar, Kochi, Rajasthan	IN
S3-000358	Onyx Fabrics Pvt Ltd	226 Goldleaf Cross, Quarry Nagar, Nagpur, Raajsthan, 106480	IN
S3-001143	Redwood, Ravvenwood Services Ltd	33/69 Falcon Cross, Jaipur, Kerala	India
S3-002378	Mottors Lantern Corporatin	385 Orchid Street Bluepeak Park Tacoma WA	US
S3-000444	Falcon Redwood Fabrics & Sons Private Limited	23/48 Juniper Cross, Nagpur, 802026	India
S3-004069	Systems Vertex Brightpath Privatte Limited	34/2 Quarry St, Ravenwood Nagar,Nagpur, 830950	India
S3-003527	Ironwood Logistics Ltd	364 Ironwood Street, Clearwater Nagar, Jaipur, 986060	IN
S3-002675	Northgate Trading Private Limited	116 Ravenwood Street, Falcon Nagar, Pune	India
S3-006340	Orchid Harbor Textiles Co	76 Juniper Street, Lubbock, OH	USA
S3-008868	Sunstone Quaarry Trading Co	13 Bluepeak Dr, Juniper Park, Lubbock, 77085	USA
S3-003716	Kestrel Food Company	Kestrel Boulevard, Maplecrest Park, Lubbock, WA	US
S3-008118	Facon Industries Limited Liability Cmpany	Meridian Boulevard, Meridian Park, Mobile, IL, 24808	United States
S3-009124	Clearwater Textiles	Falcon Rd, Indore, Tamil Nadu, 419473	IN
S3-006874	Apex Ravenwodo Solutions Corp	5 Goldleaf Dr, Tacoma, AL, 33075	US
S3-004267	Redwood Fabrics Incorpporated	39/87 Bluepeak Dr, Goldleaf Park, Lubbock, 26591	USA
S3-002299	Harbor Clearwater Consultancy	212 Harbor St, Sunstone Park, Tacoma, CA	US
S3-006479	Sunstone Textiles Company	43 Kestrel Rd, Austin, OH	USA
S3-003179	Redwood Solutons Incorporated	288 Orchid Dr Near Exit 14 Redwood Park Austin 96666	USA
S3-002535	Cobalt Foods Ltd	Ironwood Rd, Coimbatore, MP, 864345	IN
S3-003079	Summit, Services Co	98 Ironwood Rd, Mobile, OH, 59236	USA
S3-002261	Stonebridge Vertex Enterprises P Ltd	104 Brightpath Rd, Kochi, Kerala	India
S3-003006	Harbor Trading Pvt LLtd	Opp. Bus Depot, 18/42 Cobalt Main, Vertex Nagar, Surat, Maharashtra	India
S3-002001	EnterprisesNorthgate Co	349 Bluepeak Boulevard Cobalt Park Peoria 25131	USA
S3-007504	Thistle Sunston eServices	282 Orchid St, Opp. Bus Depot, Coimbatore, Gujarat	India
S3-000263	Harobrr Ltd	Goldleaf Marg, Nagpur, Tamil Nadu, 896540	India
S3-000571	Ironwood Services and Sons Private Limited	146 Quarry Marg, Bluepeak Nagar, Jaipur, Kerala	IN
S3-008799	Thistle Motors	120 Brghtpath Crs, Jaipur	USA
S3-008558	Juniper Elctricals	Opp. Bus Depot, 348 Falcon St, Vertex Nagar, Kochi, 801613	India
S3-001623	Solutions Apex  Ltd	241 Clearwater Street, Maplecrest Nagar, Jaipur, Rajasthan, 947056	IN
S3-005167	Harbor Textiles	187 Vertex Street Nagpur 494343	India
S3-005292	Ironwood, Ravenwood Mootrs LLC	328 Juniper Rd, Redwood Park, Lubbock	US
S3-003509	Srevices Brightpath Goldleaf Ltd	339 Meridian Road Summit Nagar Indore Maharashtra 671501	India
S3-000407	Summit Fabrics and ons	Onyx Ave, Austin, OH	USA
S3-001268	Chemicals OnyxP P Ltd	228 Silverline Street, Near SBI ATM, Pune, MP, 119884	India
S3-003264	Ironwood Kestrel Services Pvt Ltd	267 Silverline St, Kochi, MP, 877588	IN
S3-006534	SummitI nnc	Near Exit 14, 371 Apex St, Silverline Park, Akron, IL, 66758	US
S3-001765	Sunstone Vertex Electricals  LLC	341 Apex Road, Silverline Park, Tacoma	US
S3-008400	Onyx Juniper  Electricals Prviate Limited	232 Orchid Ave, Sunstone Park, Surat, WA, 89621	USA
S3-008821	Orchid Fabrics Ltd	220 Stonebridge Marg, Kochi, Tamil Nadu	IN
S3-000235	Ironwood Bluepeak Fabrics P Ltd	199 Ironwood Mn, Silverline Nagar, Near SBI ATM, Kochi, 917883	India
S3-008031	Junipe rRavenwood Industries	33/10 Quarry Blvd, Fresno, 97002	United States
S3-004038	Northgate Falcon LogisticsPvt Ltd	Summit St, Opp. Buus Depot, Brightpath Nagar, Coimbatore, 194328	IN
S3-008944	Harbor Logistics Ltd	245 Apex Marg, Cobalt Nagar, Kochi, Rajasthan, 276614	India
S3-002857	Stonebridge Foods Pvt Ltd	192 Goldleaf Crs Stonebridge Nagar Kochi Kerala 475146	India
S3-003806	Motor Brightpth Lantern Inc	102 Clearwater Ave, Peoria, TX, 53909	USA
S3-001102	Fabrics Meridian	Juniper Marg Kochi 916674	IN
S3-006768	Industries Onyx Nothgate and Sons imited	372 Silverline Mn, Onyx Nagar, Indore, Maharashtra, 800236	IN
S3-002348	Meridian, Elecrticals Private Limited	310 Meridian Marg, Kochi, Rajasthan	India
S3-005870	Kestrel, Electricals Limited	Lantern Crs, Sunstone Nagar, Indore, 228758	IN
S3-003158	Cobalt Industries Pirvate Limited	232 Silverline Road, Maplecrest Nagar, Jaipur	IN
S3-005820	Kestrel Textiles & Sons LLC	343 Summit Boulevard, Tacoma, IL, 11028	USA
S3-005900	Summit Logistics Limiteed	Vertex Road, Sunstone Nagar, Suart, 472061	India
S3-004663	Foods Redwood Company	285 Clearwater Rd Austin 19271 Harbor Park	USA
S3-008350	Maplcerest Enterprises LLC	161 Goldleaf Ave Harbor Park Fresno IL 30294	US
S3-002584	Lantern Enterprises Ltd	Summit Marg, Maplecrest Nagar, Pune, Maharashtra, 958921	India
S3-000990	Falcon Industries P Ldt	34 Summit Cross Thistle Nagar Jaipur Tamil Nadu 227613	India
S3-007804	Kesrtel, Services Corporation	283 Cobalt Road, Maplecrest Park, Austin, TX	US
S3-006315	Thistle Foods Private Limited	Meridian Street, Kestrel Nagar, Coimbatore, Kerala, 658714	IN
S3-007119	Clearwater Service Ltd	335 Bluepeak Crs, Summit Nagar, Nagpur, Kerala, 347493	India
S3-006155	Brightpah Trading	103 Apex St Vertex Park Fresno 60314	United States
S3-002970	Cleaarwater Solutions Company	165 Harbor Boulevard, Peoria, WA, 35294	United States
S3-005236	Thistle Motors Limited	28 Orchid Main, Lantern Nagar, Indore, Rajasthan	IN
S3-007723	Quarry Solutions Pvt Ltd	Near Metro Pillar 42, 149 Ravenwood Rd, Indore, Tamil Nadu	IN
S3-006916	Orchid erte Motors Co	296 Onyx Dr, Silverline Park, Lubbock, OH, 51723	USA
S3-001079	Onyx, Industries	321 Thistle Cross, Opp. Bus Depot, Harbor Nagar, Pune, Maharashtra, 251340	India
S3-007333	Apex Incorporated	305 Quarry Boulevard, Onyx Park, Tacoma, WA	United States
S3-007533	Lantern Maplercest Packaging Pvt Ltd	290 Vertex Cross, Meridian Nagar, Indore, MP	India
S3-006669	Ironwodo Apex Electricals Co	226 Thistle Drive, Akron	United States
S3-001818	Bluepeak Motors Private Limited	227 Juniper Crs Summit Nagar Surat Maharashtra 863281	IN
S3-002882	Maplecrest Stoebridge Systems Company	328 Meridian St, Mobile, OH, 29048	United States
S3-006002	Orchid LLC	358 Harbor Blvd, Sunstone Park, Austin, OH, 80397	USA
S3-006521	Silverline, Tradin Pvt Ltd	Opp. Bus Depot, 21 Bluepeak Roa,d Harbor Nagar, Surat, 665689	India
S3-002455	Kestrel Motors Corp	266 Kestrel Dr, Freso, IL, 92435	United States
S3-008064	Harbor Tradiing Limited Liability Company	316 Redwood Avenue, Juniper Park, Akron, WA	USA
S3-005328	Sumit Foods & Sons Limited	Near Metro Pillar 42 387 Goldleaf Road Sunstone Nagar Pune Maharashtra	IN
S3-008413	Thistle Bluepeak Electricals & Sons P Ltd	138 Ironwood Marg, Ravenwood Nagar, Surat, 987307	India
S3-008147	ThistleTextiles Limited	287 Falcon Rd, Kochi, Kerala, 447569	India
S3-004898	Irowood Consultanccy Inc	Kestrel Avenue Freson 48758 Silverline Park	USA
S3-008111	Ironnwood Electricals Inc	382 Brightpath Marg, Thistle Nagar, Kochi, Tamil Nadu	US
S3-001010	Quary Consultancy	89 Quarry Ave, Goldleaf Park, Fresno, AL, 21370	United States
S3-007518	Clearwater Packaging Ltd	273 Brightpath Crs, Meridian Nagar, Coimbatore	India
S3-006146	Cobalt Private Limited	258 Falcon Crs, Surat, Rajasthan, 681398	IN
S3-002929	Silverline Pt Ltd	319 Onyx Marg, Redwood Nagar, Jaipur	India
S3-006006	Ironwood Chemicals and Sons Company	17/73 Maplecrest Boulevard, Onyx Park, Lubbock ,48455	US
S3-001141	Lantern Corp	209 Onyx Avenue Goldleaf Park Peoria 94159	USA
S3-002649	Orchid Packaging P Ltd	380 Meridian Cross Pune 350899	India
S3-008919	Cobalt Trading LimitedLiability Company	95 Orchid Blvd, Ironwood Park, Mobile, IL, 13055	USA
S3-000658	Harbor Consultancy & Sons Private Limited	188 Meridian Cross, Apex Nagar, Jaipur, 784750	IN
S3-000855	Bluepeak Private Limited	185 Clearwater St, Behind Ganesh Temple, Surat, Maharashtra	India
S3-003843	Sunstone Fods Incorporated	Silverline Ave, Brightpath Park, Austin, WA, 83483	United States
S3-006368	Cobalt Private Limited	96 Harbor Main Juniper agar Jaipur 754417	India
S3-008074	Vertex Solutions Limited Lability Company	146 Sunstone Drive, Lubbock, CA, 58935	United States
S3-001200	Falco Trading	200 Goldleaf Main Harbor Nagar Nagpur 458370 Behind Ganesh Temple	IN
S3-002222	Juniper Electricals and Sons Private Limited	Northgate St, Meridian Nagar, Jaipur, 154667	IN
S3-008842	Quarry Mtoors	242 Falcon Boulevard, Falcon Park, Lubbock, 10764	US
S3-008807	Cobat & Sons	374 Quarry Dr, Behind the Civic Center, Kochi, 39191	USA
S3-001889	Ravenwood Services Incorporated	377 Clearwater Blvd Kestrel Park Fresno WA 66283	United States
S3-006449	Vertex, Trading P Ltd	90 Northgate Cross, Nagpur	IN
S3-002770	Goldleaf Electricals Ltd	26 Falcon Road, Onyx Nagar, Jaipur, Maharashtra, 991668	IN
S3-005112	Summit Systems Pvt Ltd	Harbor Marg, Cobalt Nagar, Indore, Rajasthan, 613216	IN
S3-000189	Stonebridge Lantern Solutions and Sons Private Limited	50 Goldleaf Road, Harbor Nagar, Jaipur, MP	India
S3-007593	Summit Packaging and Sons Private Limited	355 Stonebridge Marg, Clearwater Nagar, Surat, Gujarat, 432511	IN
S3-006696	Harbor Motors Co	30 Ironwood Boulevard, Vertex Park, Mobile	United States
S3-001938	Northgate Textiles Private Limited	151 Orchid Mn Summit Nagar Surat Rajasthan 128454	IN
S3-007411	Juniper Consultancy Corporation	348 Orchid Rd, Thistle Nagar, Behind Ganesh Temple, Indore, MP	USA
S3-006279	Harbora nd Sons Pvt Ltd	48 Clearwater Main Goldleaf Nagar Kochi Maharashtra	IN
S3-008450	Lantern Onyx Consultancy Company	6/16 Apex Blvd, Ravenwood Park, Tacoma	US
S3-006683	HarborS ystems	211 Quarry Avenue, Meridian Park, Tacoma, 31711	United States
S3-001473	Thisle Motors PP Ltd	372 Redwood Road, Pune, Kerala, 633642	IN
S3-002818	Stonebridge Systems and Sons Pvt Ltd	Juniper Cross, Near SBI ATM, Goldleaf Nagar, Kochi, Maharashtra	India
S3-000768	Goldleaf Enterprises Ltd	113 Vertex Rd, Falcon Nagar, Pune, MP	IN
S3-000391	Northgate, Foods Corporration	Opp. City Library, 333 Vertex Ave, Mobile, AL	US
S3-008897	Systems Goldleaf Pv Ltd	122 Summit Marg, Thistle Nagar, Near Metro Pillar 42, Indore, MP	India
S3-007451	BluepeakN orthgate Systems	162 Clearwater Rd, Brightpath Nagar, Lubbock, Gujarat, 982918	India
S3-000578	Silverlien Pvt LLtd	Near SBI ATM, 134 Clearwater Street, Northgate Nagar, Indore	IN
S3-001814	Falcon Systems Corp	106 Quarry Road, Mobile, 63046	US
S3-008798	Bluepeak Textiles Incorportaed	Behind the Civic Center, 150 Falcon Drive, Fresno, 53124	United States
S3-002399	Quarry	129 Falcon Marg, Orchid Nagar, Surat, 372239	India
S3-006795	Bluepeak and Sons Company	17 Falcon Road, Near Exit 14, Ravenwood Park, ustin, AL	USA
S3-000166	Lantern Fooods Private Limited	239 Cobalt Mn Surat Kerala 692025	India
S3-006866	Systems Meridian Company	Quarry Avenue, Stonebridge Park, Tacoma, IL, 10168	US
S3-007510	Quarry Eelctricals LLC	147 Meridian Street, Ironwood Park, Austin, 69126	United States
S3-003002	Services Redwood Bluepeak Corp	Ravenwood Ave, Lubbock,AL, 69692	USA
S3-000242	Orchid Corporation	239 Stonebridge Drive, Orchid Park, Tacoma	United States
S3-000610	Harbor Redwood Chemicals Corporation	305 Quarry Boulevard, Tacoma, WA	US
S3-000507	Kestrel Systtems Company	Brightpath Park, Fresno, WA, 121 Vertex Blvd	US
S3-007233	Bluepeak Limited	390 Silverline Main, Ravenwood Nagar, Behind Ganesh Temple, Coimbatore, MP, 539080	IN
S3-004550	Redwood Incorporated	264 Ironwood St, Behind the Civic Center, Mobile, AL, 37971	US
S3-002511	Orchid Packaging	23 Juniper Ave, Stonebridge Park, Akron	US
S3-008606	Maplecrest Stonebridge Fabrics and Sons Private Limited	231 Cobalt Main Juniper Nagar Surat Kerala	India
S3-003996	Silveriline, Fabrics & Sons LLC	24 Silverline Blvd, Orchid Park, Peoria, 27563	United States
S3-007760	Service sCorporation	191 Sunstone Marg, Sunstone Nagar, Nagpur, MP, 232959	United States
S3-003628	Maplecrest Connsultancy Private Limited	Near SBI ATM, 152 Maplecrest Street, Nagpur	India
S3-002672	Quarry, Ironwood Motors	111 Bluepeak Marg, KKestrel Nagar, Jaipur, 750895	IN
S3-000305	Systems Lantern LLC	309 Northgate Boulevard, Tacoma, AL, 18743	United States
S3-000680	Vertex Industries & Sons Limited Liability Company	313 Juniper Street,Clearwater Park, Tacoma, 71621	United States
S3-005567	Falcon Chemicals CCorp	Redwood Rd, Brightpath Park, Peoria, 21332	US
S3-007071	Apex Cnsultancy and Sons P Ltd	354 Northgate Cross, Quarry Nagar, Kochi, 123652	India
S3-004039	Northgate Falcon Lgoistics Priavte Limited	1/49 Harbor Rd Clearwater Nagar Coimbatore 265802	India
S3-002629	Silverline Chemicals & Sons Corp	346 Redwood Rd, Goldleaf Park, Fresno, OH	US
S3-003147	Sunstonne Fabrics and Sons Limited	255 Quarry Mn, Jaipur, MP	IN
S3-000051	Brightpath Consultancy Limited Liability Company	52 Silverline Rd Juniper Park Akron WA 32557	US
S3-007166	Stonebridge Ltd	216  Goldleaf Crs, Meridian Nagar, Pune, Rajasthan	India
S3-001385	Quarry Ellectricals LLC	275 Vertex Drive Orchid Park Peoria	USA
S3-008621	Juniper Services	334 Kestrel Drive, Ravenwood Park, Tacoma, 24775	United States
S3-004057	Meridian Enterprises Co	21 Clearwater Blvd, Kestrel Park, Lubbock, OH, 47792	US
S3-000071	Brightpat hElectricals	26/51 Ravenwood Rd, Orchid Park, Peoria, TX	United States
S3-007812	Quarry Solutions Prviate Limited	Behind the Civic Center 251 Falcon Drive Peoria WA 34393	IN
S3-000474	Onyx, Sunstone Limited	92 Clearwater Main, Orchid Nagar, Indore, Kerala, 229896	IN
S3-008373	Redwood Packaging & Sons LLC	Maplecrest Park, Near Exit 14, Tacomma, AL, 226 Cobalt Rd	USA
S3-003230	Cobalt, Electricals	Clearwater Marg, Kestrel Nagar, Coimbatore, 969779	IN
S3-001405	Kestrel Industries Liited	341 Maplecrest Main Kochi Kerala 599428	India
S3-007369	Falcn Clearwater Foods	369 Quarry Marg, Brightpath Nagar, Nagpur, Maharashtra, 285075	IN
S3-006808	Goldleaf Foods and Sons Private Liimmited	298 Juniper Cross, Rajasthan, Nagpur	India
S3-007063	Stonebridge Fabrics & Sons Corp	104 Redwood Blvd, Onyx Park, Tacoma, 50728	USA
S3-007114	Quarryy Corp	358 Brightpath Boulevard, Goldleaf Park, Near Exit 14, Lubbock, WA	USA
S3-003203	Onyx Solutions P  Ltd	2 Summit Mn Juniper Nagar Near SBI ATM Jaipur Gujarat 169530	India
S3-009163	Thistle Northgat eLogistics Limited	365 Kestrel Dr, Pune, 84502	USA
S3-002267	Electricals LLC	259 Brightpath Drive, Lubboock	United States
S3-006040	Lantern Maplecrest Consultancy Incorporated	25/63 Falcon Drive, Quarry Park, Lubbock, 80265	USA
S3-002709	Summit, Motors	Lantern Dr Sunstone Park Fresno IL 23009	US
S3-007307	Orchid Industries Limited	289 Silverline Rd Meridian Nagar Nagpur MPP 346192	IN
S3-004503	Laantern Systems and Sons Corp	Behind the Civic Center, 388 Orchid Dr, Clearwater Park, Mobile, TX, 54435	United States
S3-004369	Sunstone Orchid Cnosultanc yP Ltd	237 Orchid Road, Harbor Nagar, Near SBI ATM, Kochi, Kerala	India
S3-005555	Thistle	187 Maplecrest Road, Ravenwood Nagar, Pune, 584567, Rajasthan	India
S3-001428	Vertex Services	393 Kestrel Crs, iSlverline Nagar, Jaipur	India
S3-007064	Stonebridge Packagig Private Limited	168 Cobalt Crs, Lantern Nagar, Indore, 806831	India
S3-008279	Ravenwood Servcies Companny	117 Onyx Drive, Stonebridge Park, Tacoma, 80144	US
S3-005686	Cobalt Fabrisc LLC	Lubbock, 340 Meridian Road	United States
S3-007640	Thistle Services Ltd	Redwood Dr, Behind the Civic Center, Quarry Park, Mobile, WA, 53488	India
S3-000607	Lantern Cop	157 Juniper Avenue, Apex Park, Akron, 16967	United States
S3-002046	Quarry Enterprises Private Limited	284 Stonebridge St Harbor Nagar Surat 663769	IN
S3-006167	Kestrel Clearwater Services and Sons Corporation	187 Redwood Avenue, Ironwood Park, Peoria, 15688	USA
S3-004203	Maplecrest Enterprises & Sons P Ltd	264 Silverline Main, Opp. Bus Depot, Kochi ,Gujarat, 346502	IN
S3-002799	Sunsttone	323 Bluepeak Rd, Opp. City Library, Thistle Park, Fresno, TX, 95900	United States
S3-005601	Soluutions Ravenwood P Ltd	Goldleaf MMarg, Quarry Nagar, Jaipur, Maharashtra	IN
S3-007248	Maplecrest Systems Ltd	210 Northgate St, Orchid Nagar, Indore, Tamil Nadu	IN
S3-008770	Ironwood Services LLC	Cobalt Rd Apex Nagar Kochi Rajasthan	USA
S3-003122	Cobaltt Enterprises Co	244 Redwood Ave, Brigtpath Park, Peoria, 44313	United States
S3-008676	Veertex	Near Metro Pillar 42, 361 Ravenwood Marg, Sunstone Nagar, Indore, Rajasthan, 686421	India
S3-006216	Maplecrest Oyx Electricals Private Limited	Opp. Bus Depot, 127 Silverline Road, Kochi, Rajasthan	IN
S3-009118	Goldlea Consultancy	54 Orchid Drive, Falcon Park, Akron, CA, 86345	United States
S3-005782	Stonebridge Foods Corp	230 Thistle St, Onyx Park, Tacoma, TX, 30758	United States
S3-005836	JuniperEnterprises Corporation	Kestrel Park Akron IL 48 Falcon Street	United States
S3-002131	Northgat Packaging Co	89 Cobalt Dr, Onyx Park, Near Exit 14, Peoria, 67791	US
S3-005973	Silverline Sunstone Fabrics Limited	119 Maplecrest Mn, Silverline Nagar, Jaipur, Tamil Nadu, 381416	India
S3-008123	Cobalt Textiles	36/61 Redwood Road, Ironwood Nagar, Akron, 883251	India
S3-000825	Stonebridge Seervices LLC	Bluepeak Park, Lubbock, 340 Juniper Street	United States
S3-008460	Onyx Consultancy Pirvate Limited	23/36 Clearwater Rd, Surat, MP	India
S3-008444	Quarry, Golldeaf Logistics and Sons Inc	22 Cobalt Drive Lantern Park Mobile 73383	United States
S3-009222	Brightapth Services Company	265 Thistle Blvd, Northgate Park, Tacoma, AL, 49189	US
S3-007186	Goldleaf Enterprises PvtLdt	Harbor Road Falcon Park Nagpur	United States
S3-008695	Cobalt Electricals & Sons Limited Liability Company	56 Meridian Cross, Ironwood Nagar, Tacoma, Rajasthan, 699613	India
S3-001885	Kestrel Industries Company	331 Ravenwood Boulevard, Lantern Park, Fresno, AL, 51226	United States
S3-001592	Clearwter Industries LLC	Near Exit 14, 255 Northgate Road, Northgate Park, Mobile, IL, 71010	US
S3-008939	Textiles Stonebridge Limited	361 Cobalt Mn, Apex Nagar, Coimbatore	IN
S3-004270	Harbor JJuniper Logistics Corp	Maplecrest Dr Near Exit 14 Redwood Park Fresno AL 30444	USA
S3-005688	Ravenwood FabricsL imited	Harbor Cross, Surat, MP, 836145	India
S3-000082	Stonebridge Foods Corporation	38/79 Vertex Rd, Lubbock	USA
S3-008601	Norhtgate Maplecrest and Sons Pvt Ltd	355 Redwood Crs, Apex Nagar, Kochi, Gujarat	India
S3-005060	Meriian Cobalt	398 Juniper Road, Indore, Tamil Nadu	India
S3-004860	Onyx Enterprises	360 Lantern Rd, Peoria, 31757	United States
S3-008744	Juniper Textiles Co	Harbor Driv, Bluepeak Park, Austin	USA
S3-008204	Ironwood Indusries Pvt Ltd	29/49 BBrightpath Main, Northgate Nagar, Nagpur, 916707	India
S3-006301	Summit Services Ironwood P Ltd	Maplecrest Mn, Brightpath Nagar, Kochi, 903931	IN
S3-001180	Falcon	395 Ironwood Marg, Juniper Nagar, Near Metro Pillar 42, Surat	IN
S3-009177	Redwood & Sons Private Limited	308 Lantern Main, Clearwater Nagar, Coimbatore, Maharashtra, 294553	India
S3-008017	Bluepeak Bluepek Enterprises Private Limited	Northgate Rd Nagpur MP	India
S3-000394	Quarry Motors & Sons P Ltd	258 Redwood Road, Stonebridge Nagar, Surat, Tamil Nadu, 564097	IN
S3-002927	Meridian Ironwood Tradng Inc	188 Quarry Avenue Juniper Park Lubbock CA	USA
S3-004821	Orchid Electricals LLC	41 Apex Rd, Clearwater Park, Near Exit 14, Tacoma, AL, 68684	US
S3-001617	Bleupeak Co	Opp. City Library Lantern Road Thistle Park Fresno AL 46555	US
S3-007449	Sunstone Maplecrest Electricals Limited Liability Company	313 Maplecrest Drive, Akron, AL, 80098	US
S3-004599	Meridian Enteerprises	Near Metro Pillar 42, 108 Apex Marg, Aex Nagar, Nagpur	India
S3-005355	Brightpath Chemicals	353 Silverline Street, Ironwood Park, Behind the Civic Center, CA, 50375, Peoria	US
S3-006892	Thistle Redwood Enterprises Incorporated	56 Maplecrest St Brightpath Nagar Nagpur 959034	US
S3-008022	Foods Incorporated	26 Brightpath Street, Northgate Park, Austin, WA, 61993	United States
S3-000808	Quarry Ltd	349 Harbor Street, Kochi, 397869	India
S3-004386	Juniper Logistics & Sons P Ltd	Goldleaf Mn Clearwater Nagar Surat Gujarat 395936	India
S3-000773	Clearwater Enterprises	304 Vertex Ave, Brightpath Park, 10966, Tacoma	USA
S3-000369	Juniper Clearwater Solutons Pvt Ltd	160 Harbor Marg, Brightpath Nagar, Kochi, 330941	IN
S3-003819	Ravenwood, Enterprises Private Limited	32 Ironwood Main Brightpath Nagar Surat 863693	IN
S3-008555	Juniper Fabrics Incorporaetd	351 Lantern Avenue, Cobalt Park, Lubbock, WA, 61878	US
S3-001243	Clearwater Soltuions Co	24/56 Ironwood Avenue, Summit Park, Fresno	United States
S3-004889	Northgate Services LLC	Bluepeak Ave, Austin, IL, 87807	USA
S3-001058	Electricals Vertex Corporation	380 Cobalt Rd, Thstle Park, Fresno, IL	US
S3-006212	Sonebridge Logistics Corporation	Apex Park, Fresno, AL, 62 Thistle Drive	US
S3-003805	Northgate Servicees Corp	64 Ravenwood Blvd Peoria 95036	United States
S3-006302	Ironwood Summit Services & Sons P Ltd	170 Maplecrest Main, Brightpath Nagar, Kochi, Tamil Nadu, 903931	India
S3-001045	Junipe Maplecrest Foods	139 Ironwood Street, Meridian Nagar, Nagpur, Gujarat, 231216	India
S3-001973	Redwood Logistics Co	126 Thistle Boulevard, Akron, 28150	USA
S3-000512	Stonebridge Fabrics and Sons	216 Onyx Street, Behind the Ciivic Center, Fresno, WA, 82357, Summit Park	US
S3-002916	Silverline Corp	287 Goldleaf Drive Vertex Park Peoria TX	USA
S3-003506	Fabrics Rdwood LLC	153 Onyx Rd Tacoma AL	United States
S3-004795	Meridian, uQarry Chemicals & oSns Inc	332 Kestrel Drive, Akron, WA	US
S3-005748	Silverlline Industries	Near Exit 14 57 Quarry Drive Summit Park Lubbock	US
S3-003495	Colt Co	253 Redwood Dr Lantern Park Mobile CA	United States
S3-000445	Falcon Redwood Fabrics Private Limited	23/48 Juniper Crs, Harbor Nagar, Near Metro Pillar 42, Nagpur, Maharashtra, 802026	India
S3-002145	Quarry Vertex Fabrics Limiteed	28/30 Harbor Mn, Near SBI ATM, Redwood Nagar, Coimbatore, Rajasthan, 313910	India
S3-004499	Cobalt Thistle Systems Corp	198 Apex Ave, Akron, 91039	USA
S3-002971	Ravenwoood	302 Cobalt Avenue, Thisttle Park, Peoria, AL, 70813	United States
S3-003918	Logistics Apex	Meridian Blvd, Thistle Park, Opp. City Library, Peoria	United States
S3-008493	Orchid Thstle PPvt Ltd	Sunstone Marg, Silverline Nagar, Kochi, Tamil Nadu	IN
S3-002705	Logistics Redwood Pvt Ltd	332 Sunstone St Kerala 500792 Indore	IN
S3-002717	Maplecrest Motors and Sons Private Limited	92 Vertex Marg, Redwood Nagar, Nagpur, Tamil Nadu	India
S3-000076	Ravenwood Packaging & Sons Pvt Ltd	253 Apex Marg, Indore, Gujarat, 772322	India
S3-009082	Redwodo Pvt Ltd	256 Vertex Rd, Indore, 69467	USA
S3-001486	Junier Industries Pvt Ltd	28/9 Brightpath Main Redwood Nagar Kochi Rajasthan 137130	IN
S3-001048	Thistle Industries Ltd	32 Summit Main, Nagpur, Kerala, 715112	IN
S3-003523	Meridian Enterprises and Sons Ltd	206 Vertex Street, Near SBI ATM, Quarry Nagar, Jaipur, Tamil Nadu	India
S3-005593	Thistle Consultancy Incrporated	183 Harbor Drive, Mobile, TX, 59142	USA
S3-005924	Solutions Ironnwood	37/81 Falcon Dr, Falcon Park, Fresno	US
S3-000922	Maplecrest Solutons Pvt Ltd	152 Brightpath Marg Bluepeak Nagar Indore Kerala 178557	IN
S3-000334	Harbor Foods Inc	296 Cobalt Boulevard, Thistle Park, Lubbock	USA
S3-003948	Stonebridge Foods P Ltd	36 Meridian Mn, Goldeaf Nagar, Nagpur	IN
S3-001755	Onyx IndustriesC ompany	344 Redwood Rd Thistle ParkO pp. City Library Fresno CA 73513	US
S3-007021	Northgate   Services Ltd	75 Orchid Crs, Nagpur, Kerala	IN
S3-007139	Brightpath Northgate Chemicals Corp	237 Juniper Boulevard Ravenwood Park Fresno	US
S3-000994	Solutioons Corp	Bluepeak Dr, Quarry Park, Mobile, 71192	United States
S3-003321	Redwood Chemicals and Sons	Near SBI ATM, 120 Orchid Marg, Lantern Nagar, Coimbatore, MP	IN
S3-008804	Harbor Services P Ltd	Bluepeak Rd, Brightpath Nagar ,Coimbatore, Kerala, 410292	India
S3-004725	Juniper Enterprises  Corp	Behind the Civic Center, 210 NorthgateSt, Lubbock, 65566	USA
S3-003535	Apex Foods Limited	340 Onyx Main, Thistle Nagar, Surat, 469914	IN
S3-007497	Meridian Motors Pvtt Ltd	Opp. City Library, 370 Silverline Dr, Juniper Park, Nagpur	United States
S3-005217	SummitRavenwood	94 Clearwater Road, Goldleaf Park, Lubbbock, 85946	United States
S3-005019	Harbor Logistics Inc	240 Harbor Boulevard, Summit Park, Mobile, OH, 73851	United States
S3-009019	Coalt Cobalt Trading Incorporated	349 Ravenwood Ave, Ironwood Park, Austin, 97733	US
S3-001555	Apex Fabrics Incorporated	111 Silverline Ave, Mobile, CA	USA
S3-005431	Maplecrest Slutions Pvt Ltd	73 Maplecrest Rd, Goldleaf Nagar, Indore, MP, 124300	India
S3-000539	Vertex Packaging Pvt Ltd	184 Brightpath Road, Meridian Nagar, Nagpur, Tamil Nadu, 763521	IN
S3-003780	Bluepeak	8 Falcon Rd, Lubbock, 39675	United States
S3-007996	Goldlef Corp	Behind Ganesh Temple, 369 Lantern Rd, Bluepeak Nagar, Surat, Rajasthan, 182335	United States
S3-008980	Coalt Quarry Chemicals Limited	Maplecrest Marg, Onyx Nagar, Coimbatore, 984759	IN
S3-004747	Brightpath Onyx Textiles Corporation	388 Harbor Boulevard, Redwood Park, Tacoma, AL, 80363	USA
S3-007419	Falcon nIc	21/53 Stonebridge Road, Peoria, CA, 36925	United States
S3-005253	Falcon Solutions LLC	349 Silverline Dr, Tacoma, TX, 70714	United States
S3-004163	Silevrline Pacakging P Ltd	16/9 Harbor Marg, Pune, 626837	IN
S3-006705	Stonebridge Packaging Private Lmited	253 Goldleaf Street, Quarry Nagar, Surat	IN
S3-000809	Quarry Limited	349 Harbor Street, Summit Nagar, Kochi, 397869	IN
S3-003844	Sunstone Foods  Incorporated	3/77 Silverline Ave, Brightpath Park, Austin, 883483	US
S3-006188	Apex Enterprises Private Limited	36 Onyx Street, Oyx Nagar, Opp. Bus Depot, Pune, 372659	India
S3-000453	Bluepeak Solutions Private Limited	353 Juniper Rd, Nagpur, MP, 504600	IN
S3-007169	Thistle Apex Motors Inc	Near Metro Pillar 42, 284 Stonebridge Street, Harbor Nagar, Surat, 663769	USA
S3-002360	Summit Meridian Packaging	Quarry Nagar, Pune, MP, 105122, Ironwood Marg	IN
S3-004147	Harbor Aepxx LLC	64 Kestrel Drive, Brightpath Park, Fresno, AL, 21167	United States
S3-007020	Maplecrest, Apex	183 Stonebridge Marg, Jaipur, Tamil Nadu, 271644	India
S3-000593	Birghtpath Ape Fabrics Pvt Ltd	13 Stonebridge Main, Brightpath Nagar, Jaipur, Maharashtra, 856509	IN
S3-000568	Services  Clearwater Private Limited	36 Redwood Mn, Nagpur, Tamil Nadu	IN
S3-008536	Quarry Bluepeak Systems Limited	340 Quarry St Quarry Nagar Jaipur	IN
S3-004640	Cobalt Trading LLC	253 Vertex Avenue Ironwood Park Fresno 27232	United States
S3-008176	Kestrel, Orchid Packaging	331 Northgate St, Clearwater Park, Akron, CA, 86394	United States
S3-007246	Meridain Solutions Private Limited	241 Meridian Rd, Northgate Park, Coimbatore	USA
S3-004178	Onyx	239 Juniper Mn, Maplecrest Nagar, Jaipur, 733003	India
S3-008689	Harbor Foods iLmited	20 Redwood Street, Vertex Nagar, Pune, 604835	IN
S3-008239	Meridian, Electricals P Ltd	22/40 Silverline Blvd, Nagpur, IL, 29908	US
S3-005056	Kestrel Enterprises Limited Liability oCmpany	106 Stonebridge Avenue, Brightpath Park, Peoria, WA, 36814	US
S3-000953	Ironwood Thistle Chemicals Co	147 Cobalt Dr, Akron, AL, 44408	US
S3-005268	Godlleaf	183 Vertex Cross, Apex Nagar, Indore, Gujarat, 567227	IN
S3-007568	Lantern Motors Ltd	184 Thistle Street, Silverline Park, Indore, TX, 25891	United States
S3-002992	Lantern Enterprises Incorporated	177 Falcon Street Cobalt Park Akron IL	United States
S3-001144	Redwood Ravenwood Services Ltd	378 Summit Streeet Onyx Nagar Jaipur 990291	India
S3-004185	Quarry Incorporated	349 Onyx Avenue, Brightpath Park, Lubbock, IL, 98868	US
S3-000471	Falcon Fabrics Pivate Limited	3 Bluepeak Cross, Cleawater Nagar, Near Metro Pillar 42, Pune, 506478	India
S3-002173	Onyx Consultancy Corporation	59 Harbor Blvd Apex Park Tacoma 28553	US
S3-008110	Harbor Enterprises Corp	284 Northgate Dr, Summit Park, Austin, TX, 56084	US
S3-007590	Bluepeak Trading Co	Thistle Park Mobile 60549 316 Silverline Ave	US
S3-005188	Northgate vt Ltd	69Thistle Marg Brightpath Nagar Jaipur Maharashtra 657758	India
S3-006615	Quarry Consultancy Ltd	25/2 Sunstone Marg, Vertex Nagar, Nagpur, 374075	India
S3-008974	Maplecerst Textiles & Sons Cop	102 OnyxS t, Nagpur, Maharashtra	US
S3-005575	Orchid Consultancy Corporation	172 Silverline St Behind the Civic Center Silverline Park Fresno	US
S3-001441	Silverline Limited	25/20 Sunstone Main, Harbor Nagar, Kochi, Gujarat, 695632	India
S3-006942	Juniper	Behind the Civic Center, 148 Stonebridge Avenue, Jaipur, CA, 41703	US
S3-006691	Onyx, Systems LLC	281 Cobalt Dr, Sunstone Park, Fresno, OH	US
S3-006150	Silverline Electriicals LLC	336 Apex St, Lantern Park, Austin, TX, 45664	US
S3-002842	Ravenwood Private Limited	160 Orchid Rd Indore	IN
S3-001934	Iroonwood Sunstone Consultancy	369 Bluepeak Road, Orchid Park, Lubbock, OH	United States
S3-002190	Cobalt and Sons oCmpany	56 Sunstone Boulevard, Ravenwood Park, Tacoma, 76594	United States
S3-004142	FalconMeridian Solutinos Inc	Cobalt Park, Fresno, 20810, 368 Thistle Street	US
S3-003011	Cobalt Solutions Co	383 Verex St, Peoria	US
S3-003626	Buepeak Electricls	165 Maplecrest Mn, Meridian Nagar, Coimbatore, Tamil Nadu, 633672	India
S3-004726	Juniper Corporation	210 Northgate St, Goldleaf Park, Lubbock	US
S3-009191	Ravenwood Qurry Fabrics & Sons Corp	Behind the Civic Center, 48 Ravenwood Boulevard, Falcon Park, Fresno, 64582	US
S3-002320	Apex Textiles P Ltd	55 Silverline Rd, Falcon Nagar, Indore, MP, 177015	India
S3-006760	Summit Chemicals Pvt Ltd	133 Goldleaf Cross, Brightpath Nagar, Pune, MP, 975003	IN
S3-000259	Vertex Chemicals LLC	Thistle Blvd Harbor Park Mobile	US
S3-000361	Apex Foods	182 Vertex Crs, Apex Nagar, Jaipur, Maharashtra	IN
S3-005185	Sunstone Textiles Private Limited	46 Orchid Mn, Orchid Nagar, Surat, Kerala, 954468	India
S3-000061	Harbor, Brightpath Enterprises	217 Quarry Rd Thistle Nagar Coimbatore Rajasthan 398735	India
S3-005512	Summit Cobalt Incorporated	358 Silverline Drive Vertex Park A Lubbock	US
S3-004515	Onyx Lantern Fabrics and Sons LLC	206 Brightpath Rd, Brightpath Park, Austin, OH	USA
S3-005987	Logistics Sunstone Kestrel Incorporated	54 Juniper Blvd Ravenwood Park Akron WA 72975	USA
S3-005936	Ravenwood Motros Pvt Ltd	279 Maplecrestt Marg, Apex Nagar, Jaipur, Tamil Nadu, 607628	India
S3-004523	Stonebridge Motosr Company	146 Ironwoodd Street, Tacoma, IL, 33132	United States
S3-005537	Northgate Lantern & Sons Pvt Ltd	386 Bluepeak Marg, Maplecrest Nagar, Kochi, 854409	India
S3-000988	Clearwater Logistics LLC	157 Juniper Drive, Lubobck, CA, Lantern Park	US
S3-004981	Stonebbridge Trrading	Thistle Main, Lantern Nagar, Indore, Rajasthan, 368472	IN
S3-006698	Bluepeak Textiles Ltd	396 Quarry Marg, Near Metro Pillar 42, Pue, 696017	IN
S3-007876	Mootors	Behind the Civic Center, 358 Onyx Ave, Lubbock	USA
S3-001396	Ravenwood Systems Incorporated	143 Nortgate Blvd Tacoma OH 47188	USA
S3-007409	Goldlea Ltd	177 Vertex Rd, Mobile, IL 37460	IN
S3-002574	Meridian Consultancy PPrivate Limited	211 Onyx Street, Behind Ganesh Temple, Silverline Nagar, Indore, Rajasthan, 371879	India
S3-000764	Falcon Summit Chemicaals Co	181 Cobalt St, Summit Park, Austin, 27337	United States
S3-006780	Clearwater Textiles Compay	386 Meridian Road, Mobile, IL, 19131	USA
S3-007138	Bluepeak Summit nIcorporated	379 Stonebridge Boulevard, Akron, 45980	United States
S3-006968	Cobalt Fabrrics Prrivate Limited	147 Meridian Rd, Cobalt Park, Coimbatore, TX, 24195	USA
S3-006762	Sunstone Maplecrest Consultacy LLC	Quarry Park, Fresno, IL, 27250, 300 Cobalt St	USA
S3-000208	Onx Systems and Sons Inc	75 Lantern Dr, Vertex Park, Lubbock, 46215	US
S3-000839	Falcno and Sons	Near Metro Pillar 42, 51 Lantern Crs, Indore, 621058	India
S3-006717	Textiles Qaurry Quarry P Ltd	321 Brightpath St, Juniper Nagar, Kochi, Gujarat, 572211	India
S3-002026	Ironwood Company	341 Quarry Rd, Northgate Park, Peoria	USA
S3-003861	Stonebridge System sP Ltd	Silverline Marg,, Orchid Nagar, Jaipur, Kerala, 970975	India
S3-002691	Quarry Limited	348 Bluepeak Marg, Stonebridge Nagar, Behind Ganesh Temple, Surat, Tamil Nadu	IN
S3-002445	Bluepeak Motors and Sons Incorporated	392 Orchid St, Tacoma,W A	USA
S3-001810	Goldleaf Electrals	281 Juniper Cross Maplecrest Nagar Surat	IN
S3-001182	Lanern	48 Summit Road, Brightpath Park, Peoria, 30048	US
S3-007368	Falco nFoods Company	Raavenwood Rd, Peoria	United States
S3-003205	Cobat Ironwood Trading Corp	338 Harbor Ave, oldleaf Park, Fresno, OH, 87451	USA
S3-003435	Harbor Redwood Electricals Ltd	5/45 Meridian Street, Kochi, Rajjasthan	India
S3-008977	Ironwood Cboalt Enterprises Private Limited	146 Northgate Crs, Clearwater Nagar, Jaipur	India
S3-007459	Clewarater P Ltd	Brightpath Mn, Ravenwood Nagar, Indore, Kerala, 773412	IN
S3-000547	Industries OOnyx Private Limited	206 Harbor Rd, Pune, Tamil Nadu, 876644	IN
S3-003388	Ravenwod Trading and Sonns Private Limited	273 Kestrel Rd, Harbor Nagar, Jaipur, MP	India
S3-001683	Stonebridge Industries & Sons Corpration	28/59 Juniper Boulevard, Thistle Park, Near Exit 14, Lubbock, WA	USA
S3-008054	Sunstone, Redwood SServices Corp	201 Summit Ave, Orchid Park, Lubbock, 72619	US
S3-006769	Motors Orchid Maplecrest Limited	224 Ravenwood Road Quarry Nagar Indore 881412	India
S3-004852	Industries, Onyx Harbor	119 Kestrel Rd, Quarry Nagar, Opp. Bus Depot, Pune, 871070	IN
S3-001082	Falcon Enterprises Private Limted	Near SBI ATM 161 Goldleaf Rd Onyx Nagar Pune	India
S3-008524	Brightpath Services Co	372 Northgate Crs, Juniper Nagar, Akron, Tamil Nadu, 361386	IN
S3-004065	Maplecrest Quarry Packaging Ltd	182 Quarry Marg Cobalt Nagar Jaipur Rajasthan 969810	IN
S3-004721	Harbor Corporation	257 Apex Avenue, Summit Park, Akron, 77929	USA
S3-000485	Onyx Packaging Pvt Ltd	378 Brightpath Road, Quarry Nagar, Pune, Maharashtra, 708561	IN
S3-004753	Packaging Kestrel	Northgate Dr, Austin, CA, 90942	US
S3-008011	Apex Stnebridge Motors LLC	200 Sunstone Ave, Bluepeak Park, Austin, 42661	US
S3-005316	Lantern Ravenwood	Opp. Bus Depot, 79 Falcon Mn, Juniper Nagar, Nagpur, MP, 338222	IN
S3-005841	Kestrel Silverline Trading Ltd	21 Clearwater Marg Clearwater Nagar Coimbatore 696283	India
S3-008837	Ravenwood Solutions LLC	281 Stonebridge Ave Mplecrest Park Tacoma TX	USA
S3-001423	Falcon Solutions Private Limited	221 Summit Main, Cobalt Nagar, 7257992, Coimbatore	India
S3-005439	Clearwater Trading PrivateLimited	172 Onyx Street, Sunstone Nagar, Jaipur, Rajasthan, 445677	India
S3-005957	Vertex Motors Limited Liability Commpany	Behind the Civic Center, 196 Quarry Street, Orchid Park, Peoria, CA, 58521	United States
S3-005768	Chemicals Thistl Limited	353 Falcon Rd, Summit Nagar, Indore, Rajasthan	India
S3-004538	Appex Trading LLC	77 Onyx Boulevard, Silverline Park, Akron, IL	United States
S3-008117	Goldleaf Motors	76 Maplecrest Street Harbor Park Akron 59626	USA
S3-001660	Electricals Limited Liability Comppany	196 Lantern Ave, Maplecrest Park, Tacoma, OH, 92384	United States
S3-002123	Goldleeaf Company	355 Silverline Ave, Quarry Park, Behind the Civic Center, Tacoma, OH	US
S3-007707	Bluepeak Textiles	184S ilverline Rd, Clearwater Park, Tacoma, 10724	US
S3-002529	Ironwood, Consultancy Private Limited	167 Silverline Crs, Maplecrest Nagar, Surat, 587393	India
S3-008815	Brightpath Textiles Ltd	Quarry Mn, Maplecrest Nagar, Pune, 734300	IN
S3-000137	Sillverline Textiles	35/3 Kestrel Ave, Summit Park, Behind the Civic Center, Austin, 50757	USA
S3-004544	Ravenwood Redwood Industries Pvt Ltd	Near SBI ATM, 16 Cobalt Cross, Cobalt Nagar, Indore, MP, 121148	IN
S3-004735	Orchid Consultancy Corportion	135 Sunstone Blvd, Near Exit 1, Redwood Park, Peoria, CA	US
S3-006971	Quarry Lantern Solutions LLC	126 Maplecrest Ave, Sunstone Park, Tacoma, 32205	USA
S3-000725	Sunsone Systesm and Sons Private Limited	14/23 Onyx Street, Pune, Tamil Nadu, 714637	India
S3-003313	Ironwood Trading Private Limited	305 Thistle Mn, Ironwood Nagar, Indore, Maharashtra, 486530	India
S3-007789	Goldleaf Textiles and Sons P Ltd	267 Bluepeak Mn, Meridian Nagar, Behind Ganesh Temple, Jaipur, Kerala, 800390	India
S3-004536	Apex, Trading LLC	129 Maplecrest St, Apex Park, Peoria, 57142	US
S3-001430	Juinper, Company	Opp. City Library 211 Onyx Boulevard Meridian Park Fresno	United States
S3-007900	Ravenwood Solutions Ltd	3447 Orchid Cross, Pune	IN
S3-001012	Sunustone Textiles	335 Ravenwood Dr, Northgate Park, Fresno, 40309	US
S3-004074	Maplecrest and Sons Priate Limited	225 Harbor Crs, Pune, MP, Goldleaf Nagar	IN
S3-007526	Lantern Consultancy  P Ltd	72 Bluepeak Ave, Kestrel Park, Austin	IN
S3-004781	Orchd Service sPvt Ltd	365 Kesrtel Marg, Near Metro Pillar 42, Surat, Tamil Nadu, 504344	IN
S3-006556	Silverline Systems and Sons Limited Liability Company	22 Vertex St, Quarry aPrk, Peoria, WA	USA
S3-000301	Kestrrel Services Limited Liabiility Company	24/77 Quarry St, Kestrel Park, Akron, 91084	USA
S3-000468	Juniper EElectricals and Sons Pvt Ltd	290 Vertex Marg, Indore, Tamil Nadu, 679200	IN
S3-000753	Irnowood Industris	306 Clearwater Avenue Kestrel Park Lubbock WA	US
S3-007257	Quarry Logistics Private Limited	391 Vertex Rd, Stonebridge Nagar Jaipur, Maharashtra	IN
S3-008684	Brightpath	346 Thistle St, Redwood Par,k Mobile, CA	IN
S3-004350	Thistle & Sons Inc	238 Sunstone Rd, Austin, 31538	US
S3-007415	Stonebrigde Textiles PrivateL imited	235 Falcon Marg, Bluepeak Nagar, Near SBI ATM, Jaipur, Gujarat, 295773	IN
S3-008403	Summit Textiles and Sons LLC	118 Brightpath Mn, Ironwood Nagar, Near Metro Pillar 42, Tacoma, Kerala	India
S3-003660	Hrbor Thistle Enterprises & Sons	Kestrel Boulevard Juniper Park Lubbock AL	US
S3-000534	Quarry Lanetrn Motors	157 Maplecrest St Tacoma AL	USA
S3-005385	Logistics, Ironwood Onyx and Sons	Harbor Rd, Stonebridge Nagar, Coimbatore, 704111, MP	India
S3-001912	Brightpath Brightpath	171 Laantern Main Nagpur 393499	India
S3-002182	Lantern	Harbor Mn, Behind Ganesh Temple, Kochi, MP, 947545	IN
S3-002959	Apex Blluepeak	396 Redwood Drive Sunstone Park Akron CA 87333	US
S3-003474	Silverline Silverline Fabrics & Sons Limited Liability Company	388 Juniper St Northgate Park Tacoma OH 78029	United States
S3-008879	Brightpath Textiles and Sons Cmopaany	382 Redwood St, Brightpath Park, Peoria, CA, 69773	USA
S3-001947	Harbor Services P tLd	232 Brightpath Main, Nagpur, 668063	IN
S3-004770	Redwood Limited	183 Redwood Strete, Harbor Nagar, Kerala, Coimbatore	India
S3-001745	Falcon, Cobalt Chemicals Pvt Ltd	340 Clearwater St, Thistle Nagar, Nagpur, Tamil Nadu, 872044	IN
S3-000110	Juniper Summit Consultanc yLLC	249 Orchid Ave, Lubbock	US
S3-000702	Meridian, Crp	163 Apex Ave, Near Exit 14, Lantern Park, Mobile, CA, 96235	US
S3-008741	Apxe Motors Corporation	Goldleaf Crs, Onyx Nagar, Fresno, Tamil Nadu	India
S3-003794	Services Haarbor  Inc	229 Kestrel Avenue, Ravenwood Park, Akron, 57419	United States
S3-000564	Ironwood Harbor Systems Corp	98 Harbor Street, Opp. City Library, Akron, CA, 89158	US
S3-004406	Ironwood Logistics Corporation	192 Silverline Street, Goldleaf Park, Akron	United States
S3-007259	Northgate Bluepeak Pvt Ltd	95 Meridian Cross Coimbatore Kerala 639775	IN
S3-006078	Bluepeak Consultancy Pvt Ltd	130 Harbor Main, Indore, MP, 427433	India
S3-007374	Summit Motors Co	323 Kestrel Blvd, Redwood Park, Near Exit 14, Fresno, CA, 92309	USA
S3-002667	Maplecrest TTarding Pvt Ltd	339 Ravenwood St Northgate Nagar Coimbatore Tamil Nadu 804426	IN
S3-002783	Orchid, Ironwood Motors Private Limited	268 Summit Mn, Near SBI ATM, Ravenwood Nagar, Pune, Tamil Nadu, 253475	IN
S3-002051	Brrightpath Corp	Ravenwood Park, Akron, TX, 61964, 389 Bluepeak Ave	US
S3-001315	Consultancy, Company	347 Maplecrest Dr, Stonebridge Park, Behind the Civic Center, 72262, Mobile	United States
S3-007135	Bluepeak, Orchid Systems & Sons Corporation	101 Quarry Ave, Lantern Park, Lubbock	US
S3-005898	Maplecrest Cobalt Foods Incorporated	57 Quarry Rd Mobile IL	USA
S3-007069	Northgate Textils	231 Meridian Road, Ravenwood Park, Tacoma, CA, 72796	US
S3-005578	Harbor Silverline Farbics Ltd	Falcon Rd, Jaipur, Tamil Nadu	IN
S3-007183	Thistle Summit Conusltancy Private Limited	251 Summit Cross, Behind Ganesh Temple, Maplecrest Nagar, Nagpur, Gujarat, 305359	IN
S3-004842	Iroonwood Textiles P Ltd	101 Northgate Cross, Orchid Nagar, Surat, MP, 751029	India
S3-000367	Junipre Logisticss & Sons Inc	Summit Park, Lubbock, OH, 305 Harbor Boulevard	USA
S3-008711	Juniper Logistics & Sons Pvt Ltd	24/56 Ironwood Avenue, Summit Park, Fresno	India
S3-004517	Cobalt, Onyx Solutions & Sons Incorporated	Opp. City Library, 73 Falcon Road, Harbor Park, Lubbock	United States
S3-004703	Silverline Consulttancy	101 AApex Dr Stonebridge Park Fresno	USA
S3-005287	Silverline Habror Foods	17 Northgate Avenue, Quarry Park, Akron, OH, 51071	US
S3-004871	Sunstone anddSons	279 Lantern Crs, Pune, Rajasthan	IN
S3-004912	Brightpath Icn	326 Maplecrest Boulevard, Vertex Park, Fresno, CA	USA
S3-007818	Juniper Clearwater Logistics  & Sons	Near Metro Pillar 42, 143 Bluepeak Cross, Redwood Nagar, Jaipur	India
S3-006638	Smmit Consultancy Pvt Ltd	332 Brightpath Crs Ironwood Nagar Indore	India
S3-005303	Juniper Brightpath Motors Corp	11 Northgate St, Opp. Cit yLibrary, Stonebridge Park, Lubbock, 97137	United States
S3-002050	Brightpath Trading Corp	Bluepeak Avenue, Near Exit 14, Akron, TX, 61964	United States
S3-002088	Harbor Motors Private Limited	20/20 Onyx Rd, Nagpur	India
S3-005874	Clearwater, Fabrics Limited	264 Sunstone Street Kestrel Nagar  Indore MP	India
S3-000860	Juniper Redwood Fabrics Pvt Ltd	41 Vertex Marg, Brightpath Nagar, Kochi	IN
S3-003452	Clearwater Solutioons and Sons vt Ltd	Juniper Street, Kestrel Nagar, Kochi, 989115	IN
S3-009150	Northgate Industries and Sons	227 Brightpath Marg, Harbor Nagar, Surat, Tamil Nadu, 542265	United States
S3-005196	Clearwter Inc	103 Cobalt Blvd, Akron, TX, 45943	United States
S3-001309	Industries and Sons Co	119 Clearwater Dr, Clearwater Park, Tacoma, 98718	United States
S3-000567	Cbalt Foods Co	273 Thistle Driive Cobalt Park Tacoma WA 64547	United States
S3-004622	Vertex PPackaging P Ltd	101 Meridian Crs, Near Metro Pillar 42, Quarry Nagar, Coimbatore	IN
S3-009004	Meridian, Systems Limited Liability Company	59 Meridian Rd, Cobalt Park, Akron, AL, 27936	United States
S3-005344	Ironwood Chemicaals Private Limited	130 Vertex Rd, Ravenwood Nagar, Coimbatore, Maharashtra, 417701	India
S3-008730	Apex Tetiles	166 Sunstone Road, Clearwater Park, Austin, WA	USA
S3-000943	Fabrics Stonebriidge and Sons Inc	114 Ionwood Road, Orchid Park, Akron, 67670	United States
S3-001026	Slverline Motors Pvt Ldt	28 Vertex Main Redwood Nagar Indore Maharashtra 883898	IN
S3-007522	Goldleaf Industries	52 Ravenwood Avenue Apex Park Mobile AL 43583	India
S3-005373	Vertex Textiles Croporation	Behind the Civic Center 30/44 Thistle Ave AkronC A	United States
S3-005051	Silevrline Textiles	275 Kestrel Avenue, Fresno, IL, 50055	USA
S3-008136	Northgate hCemicals Limited	369 Silverline Road, Orchid Park, Fresno, 68255	IN
S3-006247	Redwood Chemicals Limited Liability Company	269 Sunstone Drive, Akron, CA, 75563, Meridian Park	United States
S3-004573	Meridian Textiles & Sons Incorporated	298 Juniper St, Austin, CA, 22181	US
S3-009116	Juniper Electriccals Co	158 Quarry St, Meridian Park, Akron, 60713	USA
S3-003148	Sunstone Fabrics	255 Quarry Mn, Jaipur, MP	India
S3-000362	ApexF oods Pvt Ltd	182 Vertex Crs, Apex Nagar, Jaipur	IN
S3-008340	Orchid Inc	121 Kestrel Boulevard, Ironnwood Park, Peoria, 33199	US
S3-009185	Cobalt Fabrics	71 Juniper Marg, Vertex Nagar, Coimbatore, 114880	IN
S3-004468	Northgat Packaging	70 Maplecrest Crs, Kestrel Nagar, Opp. Bus Depot, Jaipur, Kerala, 777199	India
S3-005405	Apex Foods P Ltd	266 Thistle Street, Pune, Gujarat, 571659	India
S3-000883	Ravennwood Trading and Sons LLC	Kestrel Rd, Thistle Park, Peoria, CA, 21671	US
S3-000191	Maplecrest Cobalt Trading	37/77 Goldleaf Street Quarry Park Austin CA 81099	USA
S3-008175	Clearwatr	Near SBI ATM, 88 Thistle Rd, Nagpuur, MP	IN
S3-007287	Orchid Electricals Private LLimited	154 Clearwater Drive, Opp. City Library, Brightpath Park, Srat, TX, 85540	United States
S3-007395	Redwood Consultancy Private Limited	Ravenwood Marg, Indore, MP, 755522	IN
S3-003548	Thistle Trading P Ltd	40 Northgate Mn Coimbatore Tamil Nadu	IN
S3-003830	Qurry Motor s& Sons Corp	169 Thistle Dr Onyx Park Mobile 79816	United States
S3-005897	Juniper Sunston eIndustries Limited Liability Company	127 Stonebridge Avenue, Lubbock, CA	United States
S3-006554	Kestrel ogistics Corporation	246 Ironwood Avenue, Sunstone Park, Lubbock, OH, 25288	USA
S3-007065	Ravenwood oCnsultancy Private Limited	361 Goldleaf Marg, Quarry Nagar, Indore, 305313	IN
S3-008908	Brightpath Foods Privvate Limited	Lantern St, Harbor Nagar, nIdore, MP, 174313	India
S3-005251	Maplecrest Ravenwood Logisti csand Sons P Ltd	32/29 Kestrel Marg, Redwood Nagar, Behind Ganesh Temple, Indore, 557834	India
S3-005837	Juniper Enterrprises Corp	48 Falcon St, Kestrel Park, Akron, 88495	USA
S3-005570	Harbor, SummitF oods Private Limited	98 Ironwood Street, Cobalt Nagar, Kochi, Maharashtra, 141128	India
S3-005337	Harbor Co	Opp. City Library, 165 Maplecrest Avenue, Austin, OH	US
S3-007334	Juniper Meridian Motors Pvt Ltd	97 Harbor Marg, Meridian Nagar, Nagpur, Kerala, 970442	IN
S3-007894	Maplecrest Fabrics and Sons P Ltd	195 Harbor Cross, Summit Nagar, Coimbatore, Tamil Nadu	India
S3-003109	Vertex Redwood Foods LLC	39 Maplecrest Street, Sunstone Park, Lubbock, 71259	United States
S3-004797	Cobalt Onyx Ltd	128 Clearwater St Cobalt Nagar Kochi 987388	India
S3-001918	MeridianFoods	377 Goldleaf Ave, Kestrel Park, Akron, OH	US
S3-008345	Vertex Packaging	363 Northgate Drive, Goldleaf Park, Nagpur, 83295	USA
S3-001317	Ravenwoo dTextiles Co	Kestrel Drive, Quarr Park, Tacoma, WA	United States
S3-006068	Stonebridge Textiles Company	111 Lantern St, Redwood Park, Peoria, AL, 22075	United States
S3-009007	Silverline Services Corporation	163 Vertex St, Near Exit 14, Onyx Park, Mobile, WA, 55877	United States
S3-005245	Stonebridge Kestrel Electricals Private Limited	162 Orchid Main, Ravenwood Nagar, Coimbatore, Maharashtra, 519385	IN
S3-007739	Maplecrest Chemicals Incorporated	Falcon Road Fresno 11830	USA
S3-002893	Quarry, SystemsInc	110 Apex St, Stonebridge Park, Tacoma, CA, 57549	USA
S3-002179	Quarry Motors Ltd	11 Silverline Marg Lantern Nagar Pune MP 777363	India
S3-004744	Lantern Chemicals & Sons Co	196 Apex Rd, Sunstone Park, Tacoma, TX, 17701	US
S3-005515	Ironwood Enterprises Private Limited	149 Goldleaf Marg, Onyx Nagar, Coimbatore, Gujarat, 288377	India
S3-003907	Thistle Foods P Ltd	Near SBI ATM, 156 Ravenwood Street, Kestrel Nagar, Indore, Kerala, 529147	India
S3-007298	Kestrel Logistics and Sons Pvt Ltd	118 Vertex Rd, Kochi, 858859	India
S3-006466	Enterprises Summit Limited	130 Onyx Marg Falcon Nagar Pune 118692	IN
S3-004502	Lantrn Systems Corp	388 Orchid Drive, Clearwater Park, Mobile, TX	US
S3-005150	Thistle Onyx Textiles Limited Liability Company	361 Goldleaf Boulevard Fresno AL	US
S3-007576	Clearwater Thistle & Sons Private Limited	201 Harbor Boulevard, Cobalt Park, Kochi, 71081	USA
S3-001815	Bluepeak Summit Ltd	52 Goldleaf Marg, Harbor Nagar, Kochi, Maharashtra, 360484	IN
S3-002458	Juniper Lantern Private Limited	12/47 Northgate Marg, Goldleaf Nagar, Coimbatore, 242451	IN
S3-007810	Ravenwood Services & Sons	141 Falcon Street, Lubbokc, IL, 85405	US
S3-003512	Brightpath Co	126 Thistle Blvd Clearwater Park Lubbock TX 93259	US
S3-002037	Harobr Services	212 Cobalt Boulevard Kestrel Park Lubbock 20933	USA
S3-004865	Northgate Consultancy Incorporated	12/57 Vertex Road, Falcon Park, Fresno, OH, 17893	United States
S3-008907	Ravenwood Services Limted	162 Ironwood Mn, Coimbatore, Rajasthan, 754350, Meridian Nagar	IN
S3-007297	Orchid, Ravenwood Industries Limited	Opp. City Library, Stonebridge St, Goldleaf Park, Lubbock, 99242	India
S3-007892	Maplecrest, Packaging and Sons Private Limited	11/77 Redwood St Coibmatore 498212	IN
S3-006274	Ravenwood CCompany	380 Sunstone Boulevard, Apex Park, Peoria, IL	US
S3-008383	Orchid Indstires Incorporated	Meridian Blvd, Stonebridge Park, Akron, 39576	US
S3-008644	Smumit Lanetrn LLC	148 Redwood Mn, Maharashtra, 795237, Mobile	India
S3-002597	Onyx Motors Corp	371 Apex St, Northgate Park, Opp. City Library, Fresno, TX	US
S3-000562	Silverline IndustriesC o	379 Kestrel Street, Sunstone Park, Fresno, 24921	United States
S3-004101	Brightpath Fods Incorporated	121 Meridian Ave, Maplecrest Park, Akron, WA, 34852	United States
S3-000720	Trading Ravenwood	239 Meridian Mag, Falcon Nagar, Jaipur, 718873	IN
S3-008903	Sunstone Enterprises Private iLmited	128 Falcon Ave, Austin, WA, 21101	India
S3-007006	Orchid Trading	74 Brightpath Crs, Lantern Nagar, Fresno, Maharashtra	India
S3-006950	Suntsone Textiles Pvt Ltd	391 Meridian Rd, Meridian Nagar, Coimbatore, Gujarat	IN
S3-007717	Summit Harbor Corporation	205 Quarry Mn, Quarry Nagar, Kochi	United States
S3-005665	Falcon Chemicals and Sons	112 Apex lBvd, Ironwood Park, Near Exit 14, Lubbock, TX, 30529	United States
S3-002423	Nortghate Corporation	211 Redwood Blvd, Fresno, 78093, Silverline Park	US
S3-008597	Orchid Chemicals	231 Ravenwood Blvd, Akron, CA	United States
S3-005072	Ironwood Maplecrest Enterprise Limited	330 Vertex St Bluepeak Nagar Jaipur	IN
S3-008073	Oyx Quarry Logistics P Ltd	143 Redwood Main, Juniper Nagar, Jaipur, 180353	India
S3-004058	Meridia nEnterprises & Sons Co	21 Clearwater Boulevard, Kestrel Park, Lubbock	US
S3-002412	Solutions Orchid Ravenwood Limited	18 Silverline Rd, Coimbatore, Gujarat, 186739	India
S3-001411	Juniper Chemicals P Ltd	302 Bluepeak Road, Silverline Nagar, Jaipur, Behind Ganesh Temple	IN
S3-007349	Quarry Sytsems P Ltd	211 Kestrel Cross Lantern Nagar Jaipur	India
S3-001384	Vertex Industries P Ltd	386 Stonebridge Cross, Meridian Nagar, Kochi, Gujarat, 489944	India
S3-008238	Quarry Motors & Son sLimited	31 Sunstone Street Vertex Nagar Coimbatore Rajasthan 418712	IN
S3-007093	Meridian Lanetrn P Ltd	215 Redwood Rd, Behind Ganesh Temple, Pune, Gujarat, 602350	India
S3-002593	Juniper, and Sosn Inc	395 Onyx Blvd, Peoria, 20512	US
S3-003204	Lantern, Services Corp	246 Thistle DriveSunstone Park Austin IL	USA
S3-005557	Silverline Sytems	166 Lantern Marg, Redwood Nagar, Coimbatore, MP	IN
S3-005418	Stonebridge Chemicals Company	116 Maplecrest Ave, Near Exit 14, Stonebridge Park, Akron	United States
S3-007697	Clearwater Trading P Ltd	Maplecrest St, Cobalt Nagar, Jaipur, Tamil Nadu, 986064	IN
S3-001211	Meirdian	288 Orchid Rd Meridian Nagar Kochi MP 245222	IN
S3-007758	Orchid Chemical sLimited	10/37 Harbor Ave, Ironwood Park, Surat, OH	US
S3-006593	Summit Industries and Sons Limited Liability Company	248 Redwood Dr, Opp. City Librrary, Northgate Park, Mobile, 81767	United States
S3-004107	Falcon Idustries Private Limited	295 Juniper Road, Opp. Bus Depot, Apex Nagar, Nagpur, Rajasthan, 420552	India
S3-006777	Textiles Clearwater and Sons Company	331 Kestrel Ave, Thistle Park, Mobile, 93179	United States
S3-001841	Harbor Sunstone Trading Limitd Liability Company	Opp. City Library, 92 Lantern St, Mobile, TX	USA
S3-004304	Vertex Bluepeak Services & Sons Inc	250 Summit Avenue Akron TX 88884	USA
S3-005966	Bluepeak Quarry & Sons Limited Liability Company	75 Silverline Street, Austin, AL	USA
S3-005308	Apex, Private imited	217 Stonebridge Marg, Redwood Nagar, Coimbatore, Maharashtra, 319881	IN
S3-001712	Goldleaf Falcon Packgaing Co	84 Summit Avenue, Maplecrest Park, OH, 11815, Akron	USA
S3-008337	Falcon, LLC	70 Sunstone Avenue, Tacoma, CA, 55375	United States
S3-006380	Silveline Goldleaf Co	Northgate Road, Orchid Park, Fresno, 30277	United States
S3-009047	Cleearwater Textiles Ltd	344 Silverline Street, Stonebridge Park, Fresno, Opp. City Library	IN
S3-003796	Ony Harbor Service Inc	Kestrel Ave, Ravenwood Park, Akron, WA, 57419	USA
S3-003640	Apex	291 Orchid Street, Near Metro Pillar 42, Summit Nagar, Coimbatore, Gujarat	IN
S3-000666	Northgate Foods Corp	379 Goldleaf Rd, Fresno, OH, 19784	USA
S3-003394	Kestrel Consultancy Private Limitted	345 Stonebridge Mn, Orchid Nagar, Jaipur, 450192	IN
S3-008914	Trading	322 Summit Main, Goldleaf Nagar, Nagpur, 207388	India
S3-007404	Juipre	119 Redwood Blvd Clearwater Park Near Exit 14 Akron OH	USA
S3-008001	Falcon Mootors	200 Brightpath St, Behind the Civic Center, Northgate Park, Lubbock, 58751	USA
S3-001269	Rewood  Systems Company	Brigtpath Dr, Thistle Park, Akron, IL	US
S3-007129	Stonebridge Pvt Ltd	371 Clearater Cross, Quarry Nagar, Indore, 859263	India
S3-003159	Ironwood Industries & Sons	355 Stonebridge Marg Clearwater Nagar Near SBI ATM Surat Gujarat 432511	IN
S3-005707	Ravenwood Textiles rivate Limited	20/16 Ravenwood Marg, Cobalt Nagar, Behind Ganesh Temple, Indore, 706867	IN
S3-001448	Brightpath	268 Ravenwood Street, Redwood Park, AL, 89837, Akron	USA
S3-002067	Ironwwood Electricals	250 Bluepeak Road, Falcon Nagar, Indore, MP, 574074	India
S3-000827	Goldleaf Indusries	173 Lantern Street Northgate Nagar Surat 647974	India
S3-002671	Clearwatter, Packaging Inc	216 Juniper Blvd Summit Park Mobile OH	US
S3-005882	Cobalt SystemsC ompany	18/71 Meridian Street, Lubbock, CA	United States
S3-000704	Ravnewodo Chemicals Co	Thistle Ave, Clearwater Park, Peoria, 47681	USA
S3-005249	Maplcrest Ravenwood  Logistics Private Limited	32/29 Kestrel Marg, Redwood Nagar Indore, Tamil Nadu, 557834	IN
S3-002397	Quarry Enterprises	137 Orchid Road, Pune, Rajasthan, 250231	IN
S3-005532	Meridian, Motors LLC	24/25 Cobalt St, Northgate Park, Fresno	US
S3-003618	Clearwater Industries Ltd	323 Lantern Mn, Quarry Nagar, Surat, Rajasthan, 906031	India
S3-007841	Bluepeak Solutions Private Limited	309 Brightpath St, Sunstone Nagar, Nagpur, Kerala, 563745	India
S3-003324	Falcon P Ltd	273 Ironwood Road Coimbatore	India
S3-003119	Quarry Logistics and ons Ltd	34/13 Clearwater Street, Quarry Nagar, Jaipur, Rajasthan, 195007	IN
S3-006333	Clearwater Company	132 Cobalt Street, Mobile, WA, 74399	USA
S3-007260	Sstems Kestrel Redwood Ltd	39/24 Clearwater Street, Pune	IN
S3-006382	Onyx Tarding Ltd	5 Brightpath Crs, Falcon agar, Kochi, Gujarat	IN
S3-008184	Orchid Fabics Corp	310 Summit Marg, Meridian Nagar, Kochi, Gujarat, 850596	USA
S3-005754	Lantern Logistics Co	233 Brightpath Street, Tacoma, IL	US
S3-003436	Maplecres tMotors Pvt Ltd	224 Kestrel Rd, nIdore, Kerala	IN
S3-007747	Vertex and Sonns	164 Falcon Road, Onyx Nagar, Surat, Tamli Nadu, 723776	India
S3-000197	Maplecrest	Redwood St, Brightpath Park, Fresno, AL	United States
S3-005744	Ironwood Sysetms Corp	21 Stonebridge Drive, Falcon Park, Behind the Civic Center, Fresno, 62331	United States
S3-006550	Orchid Packagingg Pvt Ltd	284 Harbor Mn Cobalt Nagar Pune Rajasthan	India
S3-001593	Clearwater Industries LLC	255 Northgate Rd, Northgate Park, Mobile, 71010, IL	United States
S3-001702	Meridian Motors Private Limited	Opp. Bus Depot, Lantern Main, Sunstone Nagar, Coimbatore	IN
S3-002820	Apex Fabris & Sons Private Limited	116 Silverline Marg, Harbor Nagar, Surat, Maharashtra	India
S3-008247	Lantern Inddustries LLC	Near Exit 14, 305 Brightpath Drive, Tacoma	United States
S3-001250	Harbor & Sons	Goldleaf Ave Austin 69248	United States
S3-000067	Cobalt Services Inc	345 Maplecrest St, Ravenwood Park, Fresno, IL	USA
S3-001203	Orchid Pvt Ltd	Behind Ganesh Temple, 173 Apex Road, Maplecrest Nagar, Kochi	India
S3-004334	Lantern Motors Private Limited	68 Lantern oRad Meridian Nagar Pune 958310 Near Metro Pillar 42	India
S3-002332	Silverine Industries & Sons Co	Redwood Blvd, Bluepeak Park, Behind the Civic Center, Tacoma	United States
S3-003783	Vertex Services P Lttd	Ironwood Cross, Falcon Nagar, Surat, Gujarat	IN
S3-004378	Goldleaf & Sons Incoroprated	68 Orchid Blvd, Quarry Park, Tacoma, 96562	United States
S3-006513	KestrelLogistics	367 Orchid Dr, Summit Park, Tacoma, 88981	USA
S3-001921	Meridian Foods Inc	Ravenwood Park, Akron, OH, 83671, 268 Cobalt Avenue	US
S3-005883	Ironwood Trading	351 Maplecrest Main, Ravenwood Nagar, Indore, Maharashtra	India
S3-005769	Vertex Pvt Ltd	Orchid Crs,K estrel Nagar, Coimbatore, MP, 822571	IN
S3-005670	Apex, Private Limited	12 Thistle Crs, Nagpur, 346167	IN
S3-008070	Ironwood CChemicals Pvt Ltd	301 Onyx Mn Kestrel Nagar Jaipur	India
S3-004598	Falcon Maplecrest Packaging Private Limited	133 Brightpath Street Clearwater Nagar Jaipur MP 3383897	India
S3-007197	Cobalt Services Private Limited	224 Apex St, Opp. Bus Depot, Goldleaf Nagar, Coimbatore, 648254	IN
S3-005850	Northgate Enterrises	96 Lantern Rd, Stonebridge Nagar, Nagpur, 172843	India
S3-008582	Vertex Fbrics	4 Harbor St Apex Park Akron 477951	India
S3-005666	Summit Systems Inc	50 Orchid Boulevard, Fresno, 93293	United States
S3-000295	Juniper Logistics P Ltd	37/15 Ravenwood Street, Near Metro Pillar 42, Kochi, 722741, Gujarat	IN
S3-007448	Juniper Textiles Corp	81 Maplecrest Ave Quarry Park Lubbock	US
S3-004024	Apex Onyx Logistics Corporaton	Behind the Civic Center, 58 Bluepeak Dr, Stonebridge Park, Lubbock	US
S3-001602	Falcon, Textiles P Ltd	Near SBI ATM 33/65 Onyx St Kestrel Nagar Jaipur Gujarat	India
S3-002153	Onyx Bluepaek Chemicals Private Limited	70 Quarry Crs, Clearwater Nagar, Nagpur, Maharashtra	IN
S3-006470	Cobatl Chemicals Pvt Ltd	170 Lantern Cross, Redwood Nagar, Near Metro Pilalr 42, Coimbatore, Maharashtra, 415328	IN
S3-002839	Thistlee Inc	32 Ironwood St, Opp. City Liibrary, Brightpath Park, Peoria, 88082	US
S3-003136	Ravenwood Motors Co	39 Bluepeak Dr, Clearwater Park, Austin, CA	USA
S3-000972	Stonebridge Foods PPrivate Limited	Kestrel St, Surat, Rajasthan, 112602	India
S3-001009	Qaurry Corp	89 Quarry Ave, Goldleaf Park, Fresno, 21370	USA
S3-007272	Apex Sysstems	Harbor Dr, Mobile	US
S3-003781	Bluepeak Packaging Limited Liability Company	8 Falcon Rd, Ironwood Park, Lubbock, WA, 9675	USA
S3-000937	Ravenwood System sCorp	1/25 Northgate St Fresno 28681	USA
S3-003504	Lanetrn	329 Brightpath Mn, Jaipur, Kerala	IN
S3-009216	Kestrel Chemicals & Sons LLC	212 Redwood Marg, Apex Nagar, Fresno, 362635	India
S3-008811	Kestrel, Kestrel Food sLLC	15/27 Onyx Dr Brightpath Park Peoria OH 63805	United States
S3-004722	Systems Ironwood	319 Lantern Street, Mobile, AL, 70698	US
S3-008019	Nortggate Consultancy Private Limited	Stonebridge Main, Quarrry Nagar, Jaipur	India
S3-003702	Merdian Fabrics Ltd	42 Ravenwood Marg, Apex Nagar, Pune, Tamil Nadu	India
S3-009013	Goldleaf, PvtLtd	134 Stonebridge Boulevard, Sunstone Park, Jaipur, IL, 15892	USA
S3-003556	Lantern Industries Incorporated	274 Onyx Avenue Meridian Park 51801 Fresno	USA
S3-006091	Junipre Textiles Private Limited	Behind Ganesh Temple, 19 Summit Marg, Coimbatore, 202330	IN
S3-000213	Silverline, Enterprises	135 Summit Rd, Redwood Nagar, Nagpur, Gujarat, 887214	India
S3-001565	Maplecrest, Logistics	18/83 Cobalt Drive, Onyx Park, Mobile, OH, 17605	US
S3-000410	Onyx Systems & Sons Corporation	300 Redwood Road, Harbor Park, Fresno, OH	US
S3-002382	Vertex, Solutions Pvt Ltd	257 Vertex Crs, Redwood Nagar, Jaipur, Gujarat	India
S3-002170	Onyx Juniper and Sons Pvt Ltd	196 Meridian Marg, Apex Nagar, Surat, MP, 481509	IN
S3-003005	Sunstone Maplecrest Motor Ltd	317 Brightpath Mn, Thistle Nagar, Surat, Tamil Nadu	IN
S3-002999	Lantern Motors Limited	28 Silverline Mn Thistle Nagar Jaipur Kerala 426561	India
S3-000209	Indutries Falcon Corporation	1/60 Vertex Dr, Onyx Park, Near Exit 1, Austin, 58494	United States
S3-001312	Redwood Goldleaf Motors Private Limited	Falcon Marg, Redwood Nagar, Jaipur, 871339	India
S3-007714	Bluepeak Foods Limited	299 Clearwater Street Brightpath Park Fresno WA 93937	IN
S3-008087	Onyx Chemicals Redwood	392 Apex Avenue, Akron	USA
S3-003711	Lantren Trading Company	3 Ironwood Street, Lantern Park, Akron, OH, 11390	United States
S3-003809	Smimt Pvt Ltd	354 Lantern Mn, Northgate Nagar, 660658, Surat	IN
S3-006042	Lanntern Apex & Sons Company	92 Clearwater Ave Mobile 19283	USA
S3-002344	IronwoodC hemicals P Ltd	Near Metro Pillar 42, 170 Bluepeak Crs, Cobalt Nagar, Jaipur, Tamil Nadu	India
S3-002448	Thistlle and Sons	28/48 Quarry Crs, Sunstone Nagar, Kochi, Kerala	IN
S3-002605	Bluepeak	16/79 Summit Crs, Jaipur, Rajasthan, 729379	IN
S3-008722	Stonebridge, Cobaalt Solutions Co	399 Maplecrest Blvd, Akron, 21382	US
S3-003351	Laantenr Motors Ltd	Behind Ganesh Temple, 211 Ravenwood Rd, Pune, Gujarat	India
S3-002235	Maplecrest, Limiited Liability Company	37/21 Thistle St, Lantern Park, Tacoma, CA, 58335	USA
S3-004980	Stonebridge Trading	264 Bluepeak St, Indore, Rajasthan, 901927	IN
S3-006387	Sunstone Indusries and Sons Co	90 Maplecrest Ave, Apex Park, Tacoma, OH, 72273	United States
S3-007116	Apex Redwood Chemicals & Sons Private Limited	314 Maplecrest St, Thistle Nagar, Surat, 977831, Near Metro Pillar 42	IN
S3-007131	Electricals Quarry ncorporated	134 Apex Rd, Stonebridge Nagar, Akron	India
S3-005511	Services Rdewood Inc	36/40 Bluepeak Drive, Onyx Park, Taccoma, AL, 48860	US
S3-005132	Harbor Logistics adn Sons Company	191 Orchid Avenue, Behind the Civic Center, Falcon Park, Mobile, TX, 87749	USA
S3-004176	Summit Chmicals Private Limited	15 Kestrel St, Brightpath Nagar, Nagpr, Tamil Nadu	IN
S3-002850	Summitt Northgate Enterprises and Sons Limited Liability Company	285 Orchid Avenue, Northgate Park, Fresno, 74199	USA
S3-002405	Redwood Summit rTadig and Sons LLC	321 Vertex Road, Behind the Civic Center, Brightpath Park, Tacoma, CA, 14796	United States
S3-007896	Harbor Mottors LLC	65 Kestrel Mn, Maplecrest Nagar, Kochi, MP, 375963	USA
S3-001323	Juniper Enterprises Limited	398 Ravenwood Rd, Indore, MP	IN
S3-009109	Apex Textiles Private Limited	152 Meridian Street Stonebridge Nagar Indore 139177 Kerala	India
S3-007678	Lantern Solutions LLC	15 Maplecrest St, Redwoood Park, Akron, 84440	US
S3-008659	Lnatern Packaging	233 Harbor Crs, Harbor Nagar, Coimbatore, Gujarat	IN
S3-008003	Ape x& Sons Pv Ltd	Near Metro Pillar 42, 224 Maplecrest Street, Pune, Tamil Nadu, 390666	India
S3-006811	Consultancy Ironwood Ravenwood Limited	345 Falcon Mn Kestrel Nagar Coimbatore Kerala 3801164	India
S3-001464	Redwood Vertex Indusries LLC	387 Meridian Boulevard, Thistle Park, Fresno	US
S3-002175	Apex, Inc	Behind the Civic Center 8/51 Ravenwood Ave Tacoma 78829	United States
S3-002694	Redwood Juniper Fabrics Corp	137 Juniper Avenue, Cobalt Park, Near Exit 14, Peoria, IL, 14810	US
S3-006022	Thistle Industries	Silverline St, Juniper Park, Austin, OH, 80603	USA
S3-007003	FlaconCo	295 Kestrel Dr, 53359, Tacoma	United States
S3-005070	Ironwodo Maplecrest Limited	324 Ravenwood St Surat Kerala 192685	IN
S3-008119	Northgate Limited	24/29 Meridian Marg, Kestrel Nagar, Surat, MP	IN
S3-001560	Summit ystems Pvt Ltd	44 Apex Mn, Ironwood Nagar, Behind Ganesh Temple, Indore, Kerala, 848214	IN
S3-004520	Brightpatt hLLC	81 Maplecrest Avenue, Quarry Park, Lubbock, AL, 91408	USA
S3-006854	Textiles Quarry & Sons Limited	32/4 Onyx St Vertex Nagar Indore 110111	India
S3-001649	Brighpath Systems Crop	156 Harbor Ave, Goldleaf Park, Austin, 82379	United States
S3-007505	Ironwwood Logistics P Ltd	Near Metro Pillar 42 123 Juniper Crs Coimbatore	IN
S3-004115	Northgate Logisics Limited	132 Ironwood Road, Orchid Nagar, Coimbatore, MP, 909392	IN
S3-007680	Thisle SystemsPvt Ltd	74 Cobalt Main Maplecrest Nagar Pune 795355	India
S3-008500	Falcon  Limited Liability Company	64 Stonebridge Rd Snstone Park Austin OH 90269	US
S3-008505	Thistle Fabrics & Sons Private Limiited	Maplecrest Nagar, Indore, 683129, 180 Falcon Main	IN
S3-001466	Kestrel Chemicals & Sons Co	Behind the Civic Center, 307 Sunstone Boulevard, Quarry Park, Austin, 66412	USA
S3-005646	Coblat Corporation	377 Quarry Boulevard, Behind the Civic Center, Apex Park, Lubbock, CA, 91055	USA
S3-002914	Foods Summt	5/60 Vertex Rd Falcon Nagar Kochi Tamil  Nadu 222182	IN
S3-009232	Kestrel Systems Privatee Limited	Maplecrest Cross Kestrel Nagar Surat	IN
S3-004138	Redwood Logsitics	37/65 Ironwood Mn, Opp. Bus Depot, Orchid Nagar, Coimbatore, MP, 806723	IN
S3-003347	Vertex KestrelPackaging Ltd	125 Redwood Mn, Goldleaf Nagar, Indorre, 415516	IN
S3-006360	Fabricss Bluepeak LLC	3 Stonebridge Blvd, Austin, WA, 42099	USA
S3-007477	Juniper Silverline Services	104 Apex Mn, Vertex Nagar, Kochi, Maharashtra, 900415	India
S3-004319	Thistle Enteprrises Company	14 Stonebridge St, Silverline Park, Fresno, 85920	USA
S3-001136	Cobalt	163 Juniper Street, Fresno	United States
S3-003491	Redwood Redwood Logistics Private Limited	Ravenwood Main, Summitt Nagar, Kochi, Rajasthan	India
S3-007436	Falcon, Motors	111 Harbor Main Sunstone Nagar Kochi 201206	USA
S3-000706	Summit nIdustries  & Sons Inc	147 Lantern Dr, Stonebridge Park, Austin, 13815	United States
S3-006929	Industries Thistle Pvt Ltd	Near SBI ATM, 395 Northgate Street, Maplecrest Nagar, Nagpur, Rajasthan	IN
S3-001859	Harbr Fabrics Corp	15/44 Maplecrest Boulevard, Lubbock, TX	USA
S3-008691	Vertex Northgate Food s& Sons	Stonebridge St, Orchid Park, Behind the Civic Center, Lubbock, 93963	USA
S3-000790	Lantern Consultancy and Sons Private Limited	145 Quarry Rd, Ironwood Nagar, Kochi, P	India
S3-005743	Ironwwood and Sons Corporation	21 Stonebridge Drive, Falcon Park, Fresno, TX	US
S3-001644	Meridian Corp	158 Bluepeak Drive, Akron, AL	USA
S3-009186	Lantern, oSlutions Company	307 Juniper St Onyx Nagar Mobile Tamil Nadu 162893	India
S3-005612	Falcon Sunstoen Services Private Limited	391 Apex Road, Maplecrest Nagar, Coimbatore, Kerala, 813905	India
S3-007070	Goldeaf Motos	357 Redwood Main, Vertex Nagar, Opp. Bus Depot, Pune, Kerala, 543856	IN
S3-004869	Goldleaf ndustries Ltd	17 Lantern Mn, Stonebridge Nagar, Surat, Tamil Nadu	IN
S3-006701	Onyx Motors & Sons P Ltd	Maplecrest Nagar, Pune, Gujarat, 892590, Apxe Marg	IN
S3-000502	Kestrel Cehmicals	Meridian Marg, Redwood Nagar, Kochi, 860467	India
S3-000339	Sunstone Clearwater Lgistics LLC	357 Quarry Drive, Apex Park, Lubbock	US
S3-001692	Enterprises PvtLtd	Behind Ganesh Temple, 4/14 Stonebridge Mn, Redwood Nagar, Coimbatore, Rajasthan, 205463	IN
S3-006047	Brightpath Packaging and Sns	Harbor Road Juniper Park Behind the Civic Center WA 13438 Peoria	United States
S3-004529	Silverline Solutions Company	26/64 Ravenwood Rd, Akron, CA	USA
S3-001333	Juniper	306 Redwood Boulevard Cobalt Park Fresno	United States
S3-002582	Mapllecrest System LLC	255 Redwood Street, Ironwood Park, Mobile	United States
S3-005270	Apex Onyx Industries	Behind Ganesh Temple Silverline Main Clearwater Nagar Coimbaore MP 454871	IN
S3-006070	Silverline Chemicals Private Limited	254 Vertex Marg, Nagpur	IN
S3-008161	Apex Textiles Limited	395 Goldleaf Street, Ravenwood Park, Coimbatore, OH, 64062	US
S3-007993	Veertex Kestrel Consultancy Inc	35/11 Falcon Mn, Near SBI ATM, Surat, Gujarat, 894044, Cobalt Nagar	USA
S3-000504	Thistle Services & Sons Ltd	61 Harbor Rd, Apex Nagar, Jaipur, Tamil Nadu	India
S3-006374	Vertex Clearwater Services Limited Liability Company	Near Exit 14, 120 Orchid Avenue, Falcon Park, Austin, IL, 70876	United States
S3-002164	Vertex Clearwater Logistics Limited Liability Company	271 Quarry St Ravenwood Park Austin 77713	US
S3-007031	Apex Ironwood oSlutions Ltd	11/27 Kestrel Marg, Indore, 799861	India
S3-005926	Orchid Electricals Private Liimited	314 Ironwood Rd, Indore, Gujarat, 401599, Northgate Nagar	IN
S3-004610	Goldleaf, Enterprises an Sons Co	10 Sunstone Dr, Ravenwood Park, Tacoma, 66423	US
S3-006135	Silverline Chemicals Pvt Ltd	188 Lantern Main, Vertex Nagar, Jaipur	IN
S3-008769	Stonebridge Logistics  & Sons Inc	Near SBI ATM, 39 Northgate Crs, Peoria, Kerala	IN
S3-002566	Cobalt & Sons Corp	115 Orchid Street, Thistle Park, Lubbock, AL, 82732	USA
S3-002951	Summit Vrtex Motors P Ltd	42 Northgate Street, Goldleaf Nagar, Pune, Gujarat	IN
S3-009097	Orchid Servicees Corp	351 Cobalt Rd, Harbor Park, Mobile, OH, 74071	US
S3-000063	Stoenbridge Ptv Ltd	Behind Ganesh Temple, 191 Harbor Rd, Ravenwood Nagar, Kochi, Kerala, 848105	India
S3-002403	Maplecrest IndustriesPrivate Limited	212 Silverline Marg, Pune, 835296	IN
S3-003103	RedwoodSummit Textiles and Sons Limited	189 Northgate Rd, Goldleaf Nagar, 952285, Kochi	India
S3-006722	Thstle Vertex	37/65 Ironwood Avenue, Thistle Park, Peoria, 54131	United States
S3-009142	Bluepeak Logistics Limited Liability Company	207 Orchid Rd, Tacoma, 69484	United States
S3-007120	Silverline Motors & Sons Crporation	Thistle Street, Behind the Civic Center, Cobalt Park, Austin, 99939	United States
S3-000630	Falcon Conusltancy	267 Summit Ave, Stonebridge Park, Tacoma, CA, 40836	United States
S3-008478	Falcon P td	260 Bluepeak Main, Apex Nagar, Kochi, Rajasthn, 571020	IN
S3-000832	Summit Textiles Pvt Ltd	33/84 Ravenwood Rd, Maplecrest Nagar, Pune, Maharashtra, 316463	IN
S3-001340	Juniper Industries and Sons	252 Sunstone Marg, Maplecrest Nagar, Jaipur, Kerala, 430531	IN
S3-000523	Redwood Systesm	27 Brightpath S,t Summit Nagar, Jaipur, 256598	India
S3-001546	Onyx Food sCorporation	Opp. City Library, 32/63 Brightpath Ave, Summit Park, Lubbock, AL	USA
S3-000224	Solutions Pvt Ltd	145 Kestrel Road, Cobalt Nagar, Kochi, 951388	India
S3-002562	Harbor Textiles Corporation	Quarry St, Apex Park, Akron, TX	United States
S3-006353	Solutions Inc	Opp. City Library 262 Ravenwood Ave Akron 85075	USA
S3-001351	Stonebridge Sysetmms	182 Northgate St, Onyx Nagar, Indore, 123304	IN
S3-004671	Silverline Maplecrest Solutions P Ltd	203 Sunstone St Behind Ganesh Temple Pune Rajasthan	IN
S3-000532	Brightpath Fabrics Corp	Silverline Park, Fresno, AL, 34/71 Bluepek Dr	USA
S3-004055	Sunstone Silevrline Co	104 Onyx Rd, Maplecrest Park, Akron, AL, 67911	US
S3-000059	Meridian Foods Private Limited	Maplecrest Street, Quarry Nagar, Indore, Gujarat	IN
S3-006946	Summit Motors Inc	47 Cobalt Crs, Fresno, Gujarat, 917563, Onyx Nagar	India
S3-005260	Bluepeak EnterprisesIncorporated	106 Juniper St, Silverline Park, Mobile, 56814	US
S3-003785	Ironwood Services PvtL td	93 Falcon Cross, Apex Nagar, Kochi	India
S3-008682	Kestrel Silverline Services P Ltd	388 Goldleaf Rd, Cobalt Park, Pune, WA, 55877	USA
S3-009200	Onyx Limited	Behind Ganesh Temple, 44 Apex Main, Ironwood Nagar, Indore, Kerala	India
S3-001966	Gooldleaf Electricals Pvt tLd	318 Quarry Mn, Goldleaf Nagar, Indore, Maharashtra, 497580	India
S3-002068	Vertex Apex Logistics PL td	341 Juniper Cross, Clearwater Naar, Kochi	IN
S3-004638	Coalt Juniper Pvt Ld	185 Northgate Marg, Cobalt Nagar, Kochi, MP, 254123	India
S3-002624	Silverline Stonebridge Chemicals Inc	251 Sunstone Ave, Brightpath Park, Near Exit 14, Lubbock, IL, 89397	US
S3-006077	Bluepeak Consultanncy & Sons Pvt Ltd	Harbor Mn, Indore, 427433	IN
S3-002660	Silverline & ons Pvt Ltd	Meridian Marg, Coimbatore, Maharashtra	India
S3-001438	Onyx Goldleaf Electricals Limited Liability Company	229 Apex Road Silverline Park Peoria 72255	United States
S3-003221	Quarry Systems IInc	286 Harbor Ave, Onyx Park, Austin, OH	US
S3-003266	IronwoodKestrel Services Private Limited	293 Orchid Rd Kochi 287026	IN
S3-003590	Cobalt Logistics  & Sons Co	43 Juniper Dr, Fresno, TX	US
S3-006410	Bleupeak Enterprises	44 Brightpath Main Nagpur Maharashtra	India
S3-008455	HarborBluepeak	194 Orchid Cross, Orchid Nagar, Nagpur	India
S3-007322	Northgate Systems Limited Liaability Company	Opp. City Libbrary, 238 Northgate Road, Falcon Park, Akron	United States
S3-003126	Summit Pv Ltd	299 Juniper Road, Apex Nagar, Surat	India
S3-002619	Juniper Sunstone	88 Brightpath Dr, Fresno	USA
S3-009112	Onyx Systems Privat eLimited	Quarry Rd, Lantern Nagar, Nagpur, 119421	IN
S3-002800	Northgate  Co	90 Juniper Road, Meridian Park, Akron, TX, 45198	US
S3-006443	Juniper Foodds P td	240 Stonebridge Mn, Northgate Nagar, Jaipur	IN
S3-003074	Orchid Industrries & Sons Private Limmited	17 Sunstone Crs, Near Metro Pillar 42, Jaipuur, Gujarat, 894508	IN
S3-007745	Maplecrest Enterprises and Sons  Corp	Falcon Park, Peoria, 25460, 211 Stonebridge Avenue	US
S3-003262	Ironwood Kestre lServices Private Limited	Silverline St, Silverline Nagar, Kochi, MP	India
S3-003797	Ironwood, Mootrs Corp	338 Stonebridge Drive, Goldleaf Park, Peoria, 80837	United States
S3-002979	Lantern Orchid Textils	41 Redwood St, Onyx Park, Austin, WA, 11107	USA
S3-002232	Brightpath Trading Pvt Ltd	Behind Ganesh Temple, 88 Meridian Mn, Silverline Nagar, Coimbatore, 428601	IN
S3-006451	Falcon Enterprisees and Sons LLC	Behind the Civic Center, 357 Kestrel Boulevard, Stonebridge Park, Austin, CA, 38183	US
S3-007528	Lantern Textiles LLC	17 Kestrel Road, Quarry Nagar, Kochi, Kerala, 710886	United States
S3-008451	Brightapth, Enterprises Bluepeak Pvt Ltd	19 Kestrel Cross, Silverline Nagar, Surat, MP, 317314	IN
S3-006409	Falcon Sunstone Fabrics Company	256 Onyx Dr, Ironwood Park, Peoria, WA	US
S3-006080	Juinper Fabrics Limited Liability Company	219 Clearwater Rd, Peoria, OH	United States
S3-006221	Meridian Solutions Private Limited	35/64 Redwood Rd, Goldleaf Nagar, Coimbatore, MP ,889027	IN
S3-004399	Redwood Systmes Private Limited	Redwood Crs Kochi Gujarat	India
S3-005343	Vertx Redwood Electricals Limited	11/31 Onyx Mn, Ironwood Nagar, Surat, Kerala, 540078	India
S3-004220	Falcon Inocrporated	321 Falcon Boulevard, Meridian Park, Fresno, 69071	United States
S3-006599	Quarry  Falcon Corporation	295 Summit St Goldleaf Park Fresno WA 36063	United States
S3-003172	Ironwood Fabrics Incorporated	Near Exit 14, 343 Goldleaf Drive, Mobile, IL	US
S3-001801	Onyx Logistics Private Limited	89 Silverline Road Coimbatore Rajasthan	India
S3-006375	Stonebridge Industries Privatee Limited	85 Silverline Cross, Pune, Gujarat	IN
S3-008473	Falcon ElectricalsLtd	285 Kestrel Avenue Ravenwood Park Austin 81768	IN
S3-001515	Falcon Soluitons P Ltd	270 Meridian Marg, Bluepeak Nagar, Opp. Bus Depot, Jaipur, 280791	India
S3-000475	Kestrel Services P Ltd	Orchid Crs Stonebridge Nagar Jaipur Gujarat 783045	IN
S3-006343	Snustone Packaging Pvt Ltd	72 Lantern Mn Apex Nagar Pune MP 867072	India
S3-000479	Maplecrest Vertex & Sons LLC	193 Kestrel St, Brightpath Park, Lubbock, 39080	USA
S3-007302	Goldelaf and Sons Corp	42 Meridian Dr, Sunstone Park, Mobile, 59651	US
S3-004086	Cobalt ogistics Co	Vertex Park Peoria TX 69084 64 Kestrel Rd	US
S3-008143	Cobalt Logistics Ltd	12 Ironwood Avenue, Mobile, CA, 81944	India
S3-004900	Apex Loigstics Ltd	13/86 Clearwater Streeet, Northgate Nagar, Coimbatore, 812198	IN
S3-000584	Silverline Logistics	395 Quarry Marg, Stonebridge Nagar, Coimbatore	India
S3-006548	Summit Chemicals	12/86 Stonebridge Road, Coimbatore, Gujarat, 354794	India
S3-004810	Suummit Apex Systems	Falcon Park, Mobile, CA, 25868, 2 Bluepeak Rd	United States
S3-003039	Vertex Motors Co	269 Onyx Drive, Mobile, 63041	US
S3-003184	Silverline Inc	Behind the Civic Center, 245 Ironwood Avenue, Kestrel Park, Peoria, AL	US
S3-005791	Cobalt Fabrrics and Sons Inc	Vertex Blvd, Vertex Park, Tacoma, OH, 54656	United States
S3-008167	Silverline Aex Electricals LLC	39/77 Apex Ave, Silverline Park, Tacoma, 23966	US
S3-003613	Mapplecrest Ltd	Indore, 247 Juniper Cross	IN
S3-008197	Ravenwood Orchid Electrricalls Corp	13 Stonebridge Mn, Brightpath Nagar, Jaipur, Maharashtra	United States
S3-008972	Silverline Foods Cop	Stonebridge Blvd Ironwood Park Mobile AL 13588	US
S3-009201	Maplecrest Services	132 Bluepeak Road, Juniper Nagar, Nagpur	IN
S3-003667	Onyx Services Company	385 Meridian Street Maplecrest Park Behind the Civic Center Peoria 69375	US
S3-006174	Redwood Redwood Textiles P Ltd	153 Quarry St, Pune, Gujarat, 689094	IN
S3-008086	SunstoneLtd	Near SBI ATM, 297 Falcon Marg, Jaipur, Gujarat, 283383	IN
S3-006085	RavenwoodF abrics Incorporated	54 Lantern Blvd, Ironwood Park, Mobile, TX, 52680	US
S3-000072	Brightpath Electricals iLmied Liability Company	Opp. City Library, Ravenwood Road, Peoria, 29077	United States
S3-002195	Falcon & Sons Corporaion	Apex Rd, Mobile, AL, 29406	USA
S3-008067	Redwood LLC	335 Ravenwood Road, Falcon Park, Austin, 71102	United States
S3-002824	Onyx, Falcon Pvt Ltd	Near Metro Pillar 42 191 Sunstone Marg Sunstone Nagar Nagpur MP 232959	IN
S3-002215	Orchid Clearwater Consultancy & Sons Corp	10 Ravenwood Dr Fresno IL 21507	United States
S3-000496	Meridian, Packaging Pvt Ltd	Meridian Street, Behind Ganesh Temple, Silverline Nagar, Indore, Kerala, 326953	India
S3-000283	Sunstone Packaging Coorporation	334 Bluepeak Blvd, Meridian Park, Peoria	US
S3-006208	Consultancy Stonebridge Goldleaf & Sons	298 Sunstone Crs Indore Gujarat 474050	IN
S3-002609	Orchid Systems	191 Apex Street, Apex Nagar, Indore, Tamil Nadu, 921980	IN
S3-007744	Maplecrest Textiles Private Limited	Coimbatore, Tamil Nadu, 750291, 206 Goldleaf St	IN
S3-003713	Lantern Trding Co	137 Thistle Dr, Mobile, IL, 55365	United States
S3-003323	Apex Industriies Corporation	300 Brightpath Boulevard, Juniper Park, Austn	United States
S3-005669	Silverline Logistics Pvt Ltd	40 Onyx Rd, Kestrel Nagar, Surat, 711526	IN
S3-005558	Silverline, Systmes P Ltd	166 Lantern Marg, Coimbatore, MP, 635111	India
S3-000157	Cobalt Logistics Pvt Ltd	156 Stonebridge Street, Cobalt Nagar, Opp. Bus Depot, Nagpur, Gujarat, 952939	India
S3-002917	Foods Silverline oCrp	287 Goldleaf Drive Vertex Park Peoria TX 17669	United States
S3-004855	Northgate Textiles Corpporration	13/71 Ravenwood Street, Mobile, WA, 27582	USA
S3-005746	Orchid Systems and Sons Private Limited	Cobalt Rd, Quarry Nagar, Nagpur, Maharashtra, 154812	IN
S3-001063	Summit Services Inc	227 Onyx Ave, Lantern Park, Near Exit 14, Peoria, 61440	USA
S3-008852	Orchid	175 Redwood Blvd, Near Exit 14, Tacoma, 59444, Harbor Park	India
S3-003955	Apex Vertex Services	374 Thistle Street, Vertex Nagar, Opp. Bus Depot, Pune, MP, 585040	India
S3-004874	Juniper Fabrics Private Limited	95 Cobalt Marg, Ravenwood Nagar, Opp. Bus Depot, Indore, Gujarat, 502306	India
S3-007177	Thistle Quarry Co	79 Juniper Marg, Apex Nagar, Nagpur, Rajasthan	United States
S3-001425	Clearwater Ravenwood  Electricals Company	235 Silverline Rd, Fresno, 43245	US
S3-003860	Bluepeak rivate Limited	10/63 Quarry Road, Lantern Nagar, Nagpur, 136147	IN
S3-005204	Meeridian, Enterprises	Orchid Street, Bluepeak Nagar, Kochi, 800165	IN
S3-000167	Bluepeak Consultancy Private Limited	71 Juniper Cross, Goldleaf Nagar, Indore	India
S3-001469	Lantern Textiles Private Limited	Redwood Rd, Maplecrest Nagar, Kochi, Tamil Nadu, 918033	India
S3-000688	Electricals Lantern Falcon & Sons Inc	328 Northgate Avenue Ravenwood Park Akron WA	United States
S3-000437	Meridian Logistics Company	93 Ravenwood Rd, Maplecrest Park, Akron, 96659	US
S3-000282	Sunstonne Corp	131 Falcon Street, Tacoma, 69729	US
S3-001901	Cobalt Enterprises & Sons Corrp	Apex Road, Behind the Civic Center, Clearwater Park, Akron, CA	United States
S3-001982	Cobalt, Fabrics & Sons Pvt Ltd	240 Lantern Street, Silverline Nagar, Surat, Gujarat, 164122	IN
S3-001452	Meridian Consultancy and Sons Private Limited	18 Redwood Mn Indore	India
S3-008356	Electircals Bluepeak Corporation	114 Harbor Avenue Goldleaf Park Mobile TX 29677	US
S3-000762	Falcon Summit Chemicals	9/26 Redwood Dr, Meridian Park, Austin, 60774	US
S3-004072	Ironwood onsultancy LLC	Near Exit 14, 292 Falcon Blvd, Northgate Park, Mobille, WA	US
S3-005119	Ravenwood Lantern Private Limited	4/35 Redwood Marg, Jaipur	IN
S3-007168	Meridian Onyx Foods Inc	Ravenwood St Juniper Park Akron 80549	United States
S3-009221	Ironwood SystemsLtd	28 Orchid Mn, Lantern Nagar, Indore, 650220	India
S3-000690	Brightpath Fabrics Pvt Ltd	Cobalt St Cobalt Nagar Coimbatore Tamil Nadu 339518	India
S3-003068	Orchid Systems	319 Ironwood Main Juniper Nagar Behind Ganesh Temple Nagpur Tamil Nadu 900593	IN
S3-008256	Verte Company	161 Meridian Road, Ravenwood Nagar, Akron, MP, 112730	India
S3-007015	Sunstone Chemiacls Co	37 Stonebridge Dr Quarry Park Tacoma WA 70533	USA
S3-004083	Silverline Systems & Sons Priate Limited	28/51 Summit Road, Silverline Nagar, Kochi, 369445	India
S3-008822	Summit Co	23 Northgate Drive Peoria	USA
S3-008731	Maplecrest Motors  Ltd	369 Redwood Blvd, Sunstone Park, Fresno, TX, 85984	India
S3-007582	Silverline Systems PrivateLimited	164 Summit Drive Maplecrest Park Opp. City Library Akron 51015	IN
S3-003765	Summit Packaging Ltd	234 Meridian Rd Surat Kerala 356273	IN
S3-004675	Onyx & Sons	323 Silverline Dr, Onyx Park, Fresno, TX, 55457	USA
S3-008307	Thhistle Private Limited	251 Sunstone Main, Ravenwood Nagar, Nagpur, 740258	IN
S3-000138	Silverline Textiles Corporation	Kestrel Avenue, Summit Park, Behind the Civic Center, Austin, CA	USA
S3-006194	Harbor Trading & Sos	390 Ironwood Main, Apex Nagar, Coimbatore, 832622	India
S3-009114	Kestrel, Private Limitde	37/62 Stonebridge Street Opp. Bu sDepot Pune 312340	India
S3-002479	Goldlef Stonebridge Foods	240 Sunstone Mn, Meridian Nagar, Kochi, 99701	India
S3-008300	Cobalt Pvt Ltd	2 Harboor Drive Maplecrest Park Mobile 28390	IN
S3-007147	Kestrel Fabrics Corporation	298 Ironwood Mn, Tamil Nadu, 751544, Mobile	India
S3-007945	Onyx Motos Private Limited	21 Goldleaf St, Lantern Park, Jaipur, IL, 68622	USA
S3-005948	Thistle Electricals an dSons	99 Onyx Boulevard Lubbock OH 40776	USA
S3-006803	Consultancy Inc	Near Exit 14, 311 Northgate St, Brightpath Park, Austin, OH, 95984	US
S3-000195	Sunstone Foods Privaet Limited	Falcon Mn, Falcon Nagar, Kochi, MP	IN
S3-002920	Stonebridge Trading P Ltd	14/84 Cobalt Street, Falcon Nagar, Surat, 405873	IN
S3-006546	Lantern Consultancy Private Limited	Ravenwood Main, Brightpath Nagar, Surat, Kerala	IN
S3-005869	Kestrel, Limited	243 Northgate Main, Kestrel Nagar, Pune, 396233	IN
S3-005058	Stonebridge, Foods Limited Liaability Company	132 Stonebridge Avenue, 73736, Akron	United States
S3-004343	Thiste Solutions Company	220 Lantern  Avenue, Maplecrest Park, Lubbock, 56138	United States
S3-007567	Meridian Enterprises Co	316 Cobalt Boulevard, Opp. City Library, Clearwater Park, Fresno, 25254	United States
S3-007313	Goldleaf Co	26/79 Juniper St, Harbor Nagar, Tacoma, 835405	IN
S3-002847	Harbor and Sons Incorpoated	380 Ravenwood Rd, Mapleecrest Park, Fresno, WA	United States
S3-001492	Silverline Packaging Ltd	Behind Ganesh Temple, 202 Apex Road, Surat, Rajasthan, 448335	IN
S3-008532	Bluepeak Compny	135 Vertex Dr, Quarr yPark, Fresno	US
S3-002475	Cobalt Textles Private Limited	102 Apex Marg, Silverline Nagar, Pune, Kerala, 232124	IN
S3-001836	Silverrline Txetiles P Ltd	295 Harbor Cross Ravenwood Nagar Near Metro Pillar 42 Surat Rajasthan 455577	India
S3-002591	Falcon Electricals	342 Apex Cross, Ironwood Nagar, Pune, Gujarat	IN
S3-003829	Vertex Silverline Chemicals Corp	351 Falcon Drive, Orchid Park, Akron, 88798	USA
S3-008648	Clearwater and SnsCorporation	1/10 Silverline Rd, Cobalt Park, Tacoma, 63293	USA
S3-007037	Stonebridge Chemicals Limited	278 Kestrel Crs, Nagpur, Gujarat, 833889	India
S3-001574	Kestrel Chemicals	Silverline St, Coimbatore, 641132	IN
S3-006728	Bluepeak Summit Indusries P Ltd	42 Silverline St Juniper Nagar Kochi 147393	IN
S3-007167	Harbor otors Pvt Ltd	Quarry Marg, Redwood Nagar, Indore, Gujarat, 798712	India
S3-002898	Goldleaf Logistics Private Limited	343 Ravenwood Road, Brightpath Nagar, Near Metro Pillar 42, Indore, Tamil Nadu, 535933	India
S3-007605	Fabrics Goldleaf	202 Falcon Mn, Ironwood Nagar, Pune, 498177	IN
S3-007400	Lantern Redwood Consultancy & Sons Company	Quarry Ave, Fresno, IL	US
S3-006098	Harbro	9/78 Clearwater Marg, Falcon Nagar, Pune, Gujarat	IN
S3-006962	Ravenwood Trading Incorporated	187 Goldleaf Marg, Quarry Nagar, Naagpur, 896540	USA
S3-007493	Lantern Fabris Co	364 Ravenwood Road, Opp. Bus Depot, Silverline Nagar, Austin, Kerala, 452463	India
S3-008756	Ravenwood Enterrises	57 Bluepeak St, Vertex Nagar, Mobile, Rajasthan, 560106	IN
S3-004844	Stonebridge Private Limited	295 Meridian Crs, Ironwood Nagar, Pune, Gujarat, 983277	IN
S3-001113	Bluepeak Jniepr	Opp. Bus Depot, 360 Onyx Road, Pune	India
S3-000299	Vertex Motors LLC	8 MeridianR d, Quarry Park, Akron	United States
S3-006545	Lantern Consultancy Private Limited	226 Ravenwood Main Brightpath Nagar Surat Kerala 891402	IN
S3-001196	Godlleaf Foods LLC	311 Quarry Blvd Apex Park Peoria AL	United States
S3-007444	Falcon Packaging	118 Vertex Rd, Cobalt Nagar, Nagpur, 922221	IN
S3-005348	Falon Packaging Private Limited	Clearwater Nagr, Jaipur, Gujarat, 229194, 295 Maplecrest Cross	IN
S3-008650	Meridian Trading & Sons Pvt Ltd	161 Lantern Ave, Sunstone Park, Coimbatore	USA
S3-003243	Ironwood  Traading Limited Liability Company	123 Orchid Dr Peoria OH 95809	US
S3-004943	Summit Motors LLC	107 Summit Blvd, Brightpath Park, Austin	United States
S3-008890	Systems Clearwaterr Private Limited	9/77 Quarry Main, Orchid Nagar, Kochi, Rajasthan	IN
S3-006390	Meridian Chemical sLtd	146 Thistle Marg, Juniper Nagar, Near Metro Pillar 42, Kochi	India
S3-006582	Falcon Motors P Ltd	97 Stonebridge Street, Apex Nagar, Pune, 347702	IN
S3-008848	Clearwater Industries	205 Bluepeak Ave, Ironwood Park, Fresno, WA, 51500	USA
S3-008414	Blueepak Cobalt Foods Corporation	136 Stonebridge Dr, Redwood Park, Peoria	US
S3-003751	Summit Industriees and Sons Pvt Ltd	186 Goldleaf Crs Behind Ganesh Temple Jaipur Gujarat 761624	India
S3-005386	Juniper Solutions Private Limited	121 Vertex St, Brightpath Naar, Nagpur, Kerala, 735893	India
S3-006621	Verttex	322 Goldleaf Blvd, Near Exit 14, Quarry Park, Tacoma, AL	US
S3-006685	KestrelSunstone Soltions	373 Onyx Main, Onyx Nagar, Kochi, MP, 100447	IN
S3-001990	Maplecrest Onyx Consultancy Co	191 Ravenwood Road Silverline Park Akron TX 40551	US
S3-002521	Clearwater Foods P Ltd	Opp. Bus Depot, 184 Lantern Cross, Apex Nagar, Surat, 278782	India
S3-003642	Jnuiper Foods Limited Liability Company	302 Silverline Avenue, Fresno, 19428	United States
S3-001873	Faclon Onyx Co	15/6 Juniper Drive Summit Park Austin29664	US
S3-001653	Orchid Solutions Limited	205 Falcon Road, Falcon Nagar, Surat, 190074, MP	India
S3-005615	Brightpath Logisis	173 Lantern Road, Vertex Park, Fresno, 96586	US
S3-000233	Falcon and Sons	27 Redwood Road, Onyx Park, Lubbock, IL, 94932	United States
S3-008575	Blepeak Consultancy Private Limited	257 Lantern Cross, Ironwood Nagar, Indore, MP	IN
S3-007859	Ravenwood Industries Ltd	148 Maplecrest Cross, Goldleaf Nagar, Nagpur, Maharashtra	India
S3-005094	Thistle Trading Corporation	184 Ravenwood Ave Peoria 13871	United States
S3-002331	Silverine Industries and Sons	35/5 Redwood Blvd, Bluepeak Park, Tacoma, TX	United States
S3-002146	Apex Northgate Foods Inc	322 Falcon St, Falcon Park, Akron, 20223	USA
S3-002015	Harbor PackagingPvt Ltd	136 Summit Crs, Silverline Nagar, Kochi, Kerala	IN
S3-006417	Summt, Motors P Ltd	302 Bluepeak Marg, Kestrel Nagar, Pune, Maharsahtra	India
S3-004784	Junipr Systems Limited	Apex Crs, Indoree, 921347	IN
S3-003926	Orhid	25/57 Onyx Boulevard, Thistle Park, Fresno, OH	US
S3-006888	Texties Incorporatted	Northgate Mn, Ironwood Nagar, Kochi, Gujarat, 941654	USA
S3-003696	Maplecrest and Sons Limited	375 Apex Rd, Bluepeak Nagar, Kochi, Gujarat	IN
S3-004347	Meridian Private Limited	306 Summit Rd, Brightpath Nagar, Pune, Maharashtra, 125405	IN
S3-002810	Ironwood oLgistics	64 Silverline Mn, Coimbatore, Rajasthan	India
S3-003617	Clearwater Servicse Inc	227 Sunstone Rd, Northgate Park, Peoria, WA	USA
S3-004910	OrchidO nyx P Ltd	103 Onyx Marg Kochi 776843	IN
S3-001562	Stonebridge Motors Icn	1/31 Redwood Rd, Austin, TX, 20060	United States
S3-002011	Apex Solutions Co	110 Orchid Drive Onyx Park Opp. City Library Austin 58031	USA
S3-002169	Cobalt Consultancy Corporation	266 Northgate Drive, Falcon Park, Peoria, TX, 50907	United States
S3-007121	Northgate Idnustries and Sons Private Limited	39/60 Bluepeak Rd, Bluepeak Nagar, Pune, Tamil Nadu, 363554	IN
S3-003417	Northgate Vertex Textiles Company	202 Goldleaf Drive OH 38294 Mobile	USA
S3-005796	Summit and Sons LLC	Opp. CityL ibrary, 275 Harbor Drive, Maplecrest Park, Mobile, TX, 15314	USA
S3-004094	Apex Golldeaf Industries Limited	152 Summit Marg, Brightpath Nagar, Coimbatore	India
S3-007719	Stonebridge, Packaging LLC	Silverline Road Peoria OH 21567	US
S3-008588	Lanntenr P Ltd	8 Thistle Rd, Meridian Park,  Lubbock	IN
S3-007343	Bluepeak Motors	165 Brightpath Boulevard, Stonebridge Park, Akron, OH, 49071	USA
S3-001694	Apex Enterprises Pvt Ltd	Redwood Nagar, Coimbatore, 205463, 4/14 Stonebridge Main	IN
S3-005208	Juuniper Private Limited	Harbor Street, Vertex Nagar, Surat, Maharashtra, 840604	IN
S3-002453	Goldleaf Consultancy Incorporated	Northgate Avenue Ravenwood Park Austin	United States
S3-006010	Orchid Solutionss Ltd	89 Bluepeak Mn, LanternN agar, Jaipur, Rajasthan	IN
S3-009208	Clearwater LLC	85 Brightpath St, Near Exit 14, Kestrel Park, Tacoma, 18635	United States
S3-000332	Bluepeak Solutions & Sons Limited	Near Metro Pillar 42 262 Maplecrest Crs AApex Nagar Surat Maharashtra	India
S3-007705	Vertex Idnustries Inc	347 Harbor Drive Fresno CA	US
S3-008327	Cobatl Enterprises Inc	Harbor St, Tacoma, AL, 71716	United States
S3-002375	Summit Services	280 Goldleaf Road Maplecrest Park 46081 Fresno	USA
S3-006313	Qaurry, Lantern Fabrics Co	80 Thistle Rd, Mobile, 45780	United States
S3-003643	Goldleaf Services Pvt Ltd	281 Maplecrest Crs, Nagpur	India
S3-005485	Falcon Brightpath Consultancy LLC	273 Juniper Boulevard Bluepeak Park Austin AL 38100	US
S3-000652	Silverline Services	102 Stonebridge Blvd Tacoma WA 53703	United States
S3-003261	Onyx Systems Inc	37 Juniper Avenue, Thistle Park, Lubbock, 49128	United States
S3-007496	Suummit Pvt Ltd	349 Sunstone Boulevard, Akron	India
S3-004045	Onyx Logistics  Pvt Ltd	119 Northgate Crs, Brightpath Nagar, Jaipur, Kerala, 794631	India
S3-006278	Silverline Solutions	353 Quarry St, Tacoma, IL	USA
S3-004964	Suntone Cobalt Enterrprises Pvt Ltd	365 Kestrel Crs, Bluepeak Nagar, Coimbatore, Tamil Nadu	India
S3-005393	Ravewoodd, Motors	103 Meridian Rd, Jaipur	India
S3-009107	Junpier Packaging LLC	197 Silverline St, Surat, Maahrashtra, 444742	US
S3-008024	Motors Thistle P Ltd	209 Quarry St, Northgate Nagar, Kochi, Maharashtra	India
S3-006826	Summit, Logistics Private Limited	Goldleaf Cross, Sunstone Nagar, Nagpur, MP	IN
S3-005919	Vertex and Sons td	386 Orchid Street, Apex Nagar, Nagpur, Maharashtra	IN
S3-007952	Kestrel & Sons P Ltd	305 Apex Street, Stonebridge Nagar, Pune, 830717	India
S3-008263	Apex Soutions Co	216 Ravenwod Drive, Maplecrest Park, Austin, IL, 93161, Near Exit 14	United States
S3-004947	Lantern Clearwater Industries Co	372 Lantern Blvd Sunstone Park Tacoma	United States
S3-005388	Quarry Limited Liability Company	240 Stonebridge Rd, Onyx Park, Behind the Civic Center, Akron, 32683	United States
S3-004391	Thhistle Corp	53 Clearwater Drive Northgate Park Tacoma CA	US
S3-007126	Cobalt Fooods & Sons Ltd	47 Redwood Cross, Coimbatore, Tamil Nadu, 950633	IN
S3-005894	Lantern P Ltd	Opp. Bus Depot, 113 Bluepeak Crs, Clearwater Nagar, Coimbatore, 835948	India
S3-006147	Cobalt	216 Stonebridge Road, Bluepeak Nagar, Pune, Maharashtra, 840577	IN
S3-002364	Maplecrest QuarryF abrics Ltd	322 Kestrel Crs, Indore, 311406 ,Gujarat	India
S3-001177	Foods Sunstone td	Clearwater St, Silverline Nagar, Nagpur, 991824	IN
S3-000273	Brightpath  Fabrics	Opp. Bus Depot, 88 Orchid St, Cobalt Nagar, Nagpur, Tamil Nadu	IN
S3-004266	Falcon Trading Company	62 Apex St, Falcon Park, Fresno, 52914	United States
S3-006571	Ravenwood Textiles	253 Clearwater St Clearwater Park Akron 76246	United States
S3-005048	Cobalt Trading Corp	81 Silverline Avenue, Summit Park, Mobile, 40159	United States
S3-003792	Brightpath Kestre lChemicals P Ltd	283 Summit MMarg, Pune, Gujarat	India
S3-005049	Birghtpath Private Limmited	81 Sunstone Cross Meridian Nagar Rajasthan Nagpur	India
S3-006541	Bulepeak Quarry Corporation	27 Meridian Blvd Quarry Park Tacoma WA 79030	United States
S3-000014	Cobalt, Ravenwood Packaging Company	30/25 Clearwater Drive, Cobalt Park, Austin, IL	USA
S3-002746	Harbor Bluepeak Chemiicals and Sons Ltd	128 Clearwater Road, Nagpur, 430288, MP	IN
S3-003539	Northgate, Quarry Consultancy P Ltd	227 Clearwater St, Clearwater Nagar, Indore, Rajasthan, 262574	IN
S3-001725	Meridian Chmeicals	3 Orchid Road Stonebridge Nagar Indore Rajasthan 501629	IN
S3-007731	Juuniper Motors Pvt Ltd	283 Quarry Marg, Cobalt Nagar, Indore, 541293	India
S3-004577	Quarry Txetilles	Silverline Rd, Fresno	USA
S3-001543	Sunsotne Consultancy P Ltd	Juniper Mnn, Harbor Nagar, Jaipur, 594903	IN
S3-000080	Juuniper, Thistle Textiles	302 Bluepeak Blvd, Cobalt Park, Lubbock, TX, 46902	United States
S3-005895	Ironwood Fabrics Co	Ravenwood Avenue, Maplecrest Park, Mobile	US
S3-006590	Redwood Consultancy oCrp	205 Thistle St Mobile TX 25101	USA
S3-000357	Apex Private Limited	3 Ravenwood St, Goldleaf Nagar, Surat, Kerala, 541714	IN
S3-009158	Orchid & Sons Limited Liabilit yCompany	382 Brightpath Road, Lubbock, 42033	USA
S3-006198	Silverline Packagnig and Sons Ltd	305 Summit Marg, Meridian Nagar, Pune, Kerala, 953279	IN
S3-001426	Clearwater Ravenwood Electicals Co	235 Silverline Road Goldleaf Park Fresno	USA
S3-000904	Cobalt aFbricsCorp	263 Clearwater Road Summit Park Mobile 57720	US
S3-006392	Meridian Chemiclas Limited	108 Harbor Marg Ravenwood Nagar Kochi Rajasthan 682712	IN
S3-001239	Brightpath Corp	16 Maplecrest St, Juniper Park, Peoria, TX, 24421	US
S3-008775	Meridian Private Limited	57 Lantern Street, Juniper Nagar, Jaipur, Tamil Nadu, 709114	IN
S3-000214	Redwood, Chemicals orp	107 Summit Street, Vertex Park, Austin, 15293	United States
S3-008472	Stonebrdige Electricals Pvt Ltd	237 Quarry Street, Vertex Nagar, Surat, 684704	India
S3-004428	Meridian Packaging	343 Ironwod Drive, Lubbock, OH, Near Exit 14	US
S3-005757	Irnowood Solutions Private Limited	235 Stonebridge Marg Northgate Nagar Jaipur Rajasthan 904504	India
S3-001242	Clearwater Solutions Co	373 Orchid Avenue, Fresno, AL	USA
S3-004164	Silverline Packaging Private Limitted	16/9 Harbor Marg Northhgate Nagar Pune Maharashtra 626837	India
S3-004481	Northgate Trading Incorporated	67 Lantern Dr, Thistle Park, Austin, OH, 54861	US
S3-004021	Stonebridge Services Corporation	28/36 Northgate Rd, Stonebridge Park, Fresno	US
S3-007986	Ironwood Txtiles	294 Northgate Road, Northgate Park, Lubbock, 35864	USA
S3-006143	Kestreel Apex Solutions Corp	338 Cobalt Street, Meridian Park, Behind the Civic Center, Peoria, OH, 12019	USA
S3-000421	Systems Stonebridge Coobalt	28 Ironwood Boulevard, Northgate Park, Lubbock, AL, 31145	US
S3-006737	Northgate Tradig Private Limited	Opp. Bus Depot 312 Juniper Main Bluepeak Nagar Kochi 443919	India
S3-008237	Orchid Consultancy Pvt Ltd	Near SBI ATM, 268 Summit Mn, Ravenwood Nagar, Pune, 253475	India
S3-008296	Orchid, Logistics Incorporated	55 Clearwater Blvd, Ironwood Park, Austin	US
S3-002994	Falcon, Fabrics  &Sons Co	Maplecrest Blvd, Opp. City Library, Kestrel Park, Fresno, OH	US
S3-002116	Redwood Consultanccy	302 Falcon Boulevard Mobile 75688	United States
S3-004522	Stonebridge, Motors	Ironwood Street, Tacoma, IL, 33132	US
S3-002265	Raevnwood Textiles Limited Liability Company	34 Cobalt Blvd, Austin, IL, 13047, Orchid Park	US
S3-003941	Northggate Limited Liability Company	313 Goldleaf Dr, Kestrel Park, Fresno, 54410	US
S3-003585	Northgat Lantern	Goldleaf Rd, Clearwater Park, Peoria, 62541	USA
S3-006308	Cobalt Foods Corp	366 Orchid Dr, Fresno	United States
S3-006833	Bluepeak Electricals Private Limited	89 Falcon Marg, Indore, MP, 289593	IN
S3-002831	Clearwater Industries & Sons Company	264 Lantern Ave, Peoria, AL, 87924	United States
S3-006225	Serices Pvt Ltd	363 Maplecrest Road, Ironwood Nagar, Indore, Maharashtra, 226844	IN
S3-003655	Ochid Stonebridge Electricals LLC	299 Quarry Drive, tSonebridge Park, 55864, Peoria	USA
S3-005374	Northgate Foods	296 Quarry Main, Brightpath Nagar, Pune, 296150	India
S3-006329	Logisstics Stonebridge & Sons Corporation	307 Redwood Dr, Brightpath Park, Austin, TX, 82710	USA
S3-003538	Brightpath, Harbor Chemicals Pvt Ltd	268 Kestrel Crs, Apex Nagar, Surat, 769253	India
S3-004958	Sliverline Corporation	166 Vertex Road Falcon Park Peoria OH 89783	US
S3-001041	Thistle and ons LLC	52 Goldleaf Blvd, Behind the Civic Center, Fresno, 20572	USA
S3-000858	Juniper Textiles Limmited	121 Sunstone Main Surat	IN
S3-008173	Quarry Enterprises Corporatoin	144 Onyx Avenue, Meridian Park, Peoria, 99828	US
S3-002720	Fabrics Bluepeak Cobalt  Corp	Cobalt Boulevard, Peoria, CA	United States
S3-002985	Goldleaf Brightpath Industrries Private Limited	119 Quarry Marg Summit Nagar Surat 457862	IN
S3-003453	Harbor, Thstle Solutions Inc	277 Brightpath Rd Clearwater Park Akron	USA
S3-001218	Maplecrest Industries Limited	31/62 Kestrel Marg, Kestrel Nagar, Coimbatore, Gujarat, 213061	India
S3-003371	Ironwood, Thistle Corp	65 Thistle Road, Harbor Park, Akron, OH	USA
S3-000489	Brightpath Solutions LLC	39 1Falcon Avenue, Thistle Park, Mobile, 79989	United States
S3-007301	Sunstone Logisttics	31 Harbor Cross, Falcon Nagar, Coimbatore, MP, 507846	US
S3-008426	Cobalt Sunstone Fabrics Incorporated	266 Summit rive Akron 16748	USA
S3-000745	Kestrel Kestrel Ltd	9 Kestrel Road, Near SBI ATM, Coimbatore, Maharashtra	India
S3-005029	Sunstone Fabrics Inc	195 Goldleaf Rd Tacoma 42270	United States
S3-002077	Falocn	129 Sunstone St Ravenwood Park Tacoma 34911	US
S3-007076	Lanten Trading Inc	180 Summit Street Behind the Civic Center Mobile TX 39850	US
S3-008360	Kestrel Sevrices Pvt Ltd	233 Stonebridge Main Coimbatore	IN
S3-002323	Orchi dChemicals Ltd	Opp. Bus Depot Silvrline Nagar Jaipur 794820 207 Falcon St	India
S3-004562	Brightpath Silverline Limited	27 Falcon Mn Orchid Nagar Pune	India
S3-000509	Clearwater Apex Solutions	233 Summit Ave, Cobalt Park, Mobile, WA, 63392	US
S3-008278	Meridian Clearwater Packaging Pvt Ltd	8 Ironwood Main Thistle Nagar Coimbatore Maharashtra 616926	India
S3-007474	Falcon Electricals Private Limited	308 Quarry Main, Orchid Nagar, Pune, Rajasthan, 209834	India
S3-002157	Falcon Industries rPivate Limited	242 Quarry Cross, Pune	IN
S3-000705	Clearwwater GoldleafEnterprises Corporation	197 Meridian Dr, Stonebridge Park, Tacoma, CA	US
S3-004222	Falcon, Chemicals	228 Vertex St, Juniper Park, Behind the Civic Center, Lubbock, TX, 65787	United States
S3-000419	Brightpath Systems Private Limited	Behind Ganesh Temple, 386 Apex Street, Summit Nagar, Surat, Rajasthan, 595849	India
S3-006424	Thistle	Lantern Dr, Clearwater Park, Fresno, CA, Near Exit 14	US
S3-008599	Cobalt Systems Pvt Ld	77 Redwood Road, Bluepeak Nagar, Nagpur, 656468	IN
S3-002490	Northgatte	Apex Boulevard, Juniper Park, Lubbock, IL	US
S3-005090	Vertex Incorporated	Ironwood Avenue Ravenwood Park Akron TX	United States
S3-005945	Thistle Packagign Ltd	126 Summit Rd Sunstone Nagar Opp. Bus Depot Coimbatore 207796	IN
S3-008410	Meirdian & Sons Corporation	144 Lantern Ave Juniper Park Austin	United States
S3-009099	Falon Enterprises Private Limited	12 Ironwood Drive, Orchid Park, Indore, TX, 46632	USA
S3-002915	Summit Foods Private Limited	5/60 Vertex Rd, Falcon Nagar, Kochi, Tamil Nadu, 222182	India
S3-002752	Juniper Chemicals Incorporated	280 Vertex lvd, Meridian Park, Tacoma, OH	US
S3-003247	Enterprises Kestrel & Sons Incorporated	309 Stonebridge Dr, Ravenwood Park, Tacoma, IL	US
S3-005642	Vertex, Motors and Sons	152 Redwood Street, Coimbatore, 320710	India
S3-003747	Maplecrest Lmiited	281 Kestrel Main Falcon Nagar Jaipur 440218	India
S3-005333	Quarrry Sunstone Trading Corp	29/35 Juniper Ave, Fresno, 34270, OH	US
S3-009126	Northgate Consultancy	298 Harbor Dr, Brightpath Park, Lubbock, WA	US
S3-004060	Maplecrest Systems Ltd	42 Thistle Rd, Surat, 766143, Thistle Nagar	IN
S3-003959	BluepeakCobalt Consultancy and Sons	10 Harbor Dr, Lubbock, AL, 804110	United States
S3-002518	Northgate Corporation	Apex Street, Onyx Park, Peoria, 73459	US
S3-004020	Summit Limited	351 Bluepeak St Brightpath Nagar Indore Maharashtra 621122	IN
S3-003359	Orchid Meridian Logistics Pvt Ltd	44 Kestrel Street, Surat, Tamil Nadu, 428670	India
S3-005674	Lantern Co	297 Redwood Blvd, Onyx Park, Austin, IL	United States
S3-000172	Stonebridge, Elecctricals Private Limmited	212 Apex Marg, Bluepeak Nagar, Indore	IN
S3-002781	Orchid Ironwood Motors	268 Summit Main, Pune, 253475	IN
S3-006357	Northgate Systems Ltd	220 Ravenwood Crs Quarry Nagar Pune 875852	IN
S3-007087	Cobalt Logistic iLmited	289 Bluepeak Cross Jaipur Rajasthan 150189	India
S3-008853	Apex Industries	161 Apex Avve, Behind the Civic Center, Fresno, OH, 97785	USA
S3-000196	Chemicals Icn	358 Redwood Street, Brightpath Park, Fresno, 36211	USA
S3-009128	Cobalt Bluepeak Pvt Ltd	358 Silverline Street Near Metro Pillar 42 Juniper Nagar Pune	India
S3-004519	Brighhtpath Logistics LLC	123 Apex Ave Near Exit 14 Kestrel Park Mobile AL 22996	USA
S3-006624	Clearwate Industries CCorporation	116 Ironwood St, Opp. City Library, Vertex Park, Lubbock, TX	USA
S3-007573	Maplecrest Logistics Co	Behind the Civic Center, 8 Lantern Ave, Lantern Pakr, Lubbock	USA
S3-002695	Ironwood Quarry Industries Inc	391 Falcon Boulevard Austin 70176	USA
S3-005288	Goldleaf Pvt Ld	Near SBI ATM, 375 Ravenwood Road, Apex Nagar, Coimbatore, Maharashtra, 743599	India
S3-002020	Ravnewood	346 Harbor St, Near Metro Pillar 42, Clearwater Nagar, Jaipur, Gujarat	India
S3-005195	Kestrel Apex Incorporated	Onyx Ave Vertex Park Opp. City Library Akron TX 82382	United States
S3-001071	Vertex Systems	298 Thistle Drive, Onyx Park, Fresno, IL, 22747	United States
S3-000591	Quarry Fabrics Pv Ltd	161 Vertex Mn, Stonebridge Nagar, Pune, MP, 815868	India
S3-003355	Redwood Systems Corporation	338 Cobalt Avenue, Clearwater Park, Tacoma, AL, 2178, Opp. City Library	US
S3-000818	Apex Services and Sons	362 Northgate St, Stonebridge Park, Peoria, WA	USA
S3-003433	Juinpre	393 Ironwood Marg Kochi	IN
S3-001946	Maplecrest Serices Corp	27 Apex Road Orchid Park Akron TX 33064	United States
S3-005628	Stoneridge, Services Private Limited	69 Maplecrest Marg, Lantern Nagar, Kochi, Tamil Nadu, 249558	India
S3-001496	Ravenwood Corporation	3 Apex Boulevard, Peoria, IL	USA
S3-008299	Clearwater and Sons	221 Meridian Rd, Kochi, Tamil Nadu, 726010	IN
S3-007794	Services LLC	Cobalt Drive Harbor Park Mobile OH	USA
S3-006277	Ravenwoood Co	338 Onyx St Poria	United States
S3-005604	Services Summit Pvt Ltd	152 Northgate Cross, Redwood Nagar, Kochi, 269886	IN
S3-000874	Thistle Falcon Logistics Liimited	137 Northgate Marg, Stonebridge Nagar, Pune, Rajasthan, 627458	IN
S3-006922	Falocnn Incorporated	338 Clearwater Boulevard, Mobile, TX, Stonebridge Park	US
S3-006254	Northgate Incorporated	184 Kestrel Avenue, Meridian Park, Akron, WA	US
S3-002832	Apex P Ltd	77 Meridian St, Ravenwood Nagar, Indore, 477741	India
S3-009054	Ravenwood Chemials Company	125 Clearwater Rd,Brightpath Park, Fresno, IL, 25245	United States
S3-006204	Fabrics Redwood Corp	218 Harbor Rd, Bluepeak Park, Fresno, AL, 54635	US
S3-004161	Northgate Suntone & Sons	338 Clearwater Main, Meridian Nagar, Surat, Rajasthan, 856605	IN
S3-008738	Goldleaf Logisticss P Ltd	363 Thistle Marg, Behind Ganesh Temple,C oimbatore, Kerala, 547023	IN
S3-007092	Ravenwood Northggate Corporation	Northgate Street, Kochi, 287569	USA
S3-002767	Onyx Consultancy Co	363 Onyx Drive, Apex Park, Akron, OH	United States
S3-001908	Clearwater TextilesL td	298 Ketrel Road, Juniper Nagar, Surat, Rajasthan	India
S3-007234	Lantern, Soutions	135 Kestrel Blvd, Mobile, IL, 12920	USA
S3-007013	Ravenwood Silverline Fabrics & Sons nc	20/6 8Ironwood Blvd, Peoria, IL	USA
S3-003516	Thistle Logistics & Sons P Ltd	95 Ironwood Street, Bluepeak Nagar, Indore	IN
S3-002796	Falcno Consultancy LLC	45 Thistle Street, Juniper Park, Fresno, WA, 27372	US
S3-008594	Chemicals Bluepeak  Lantern Private Limited	340 Stonebridge Marg Cobalt Nagar 645036 Jaipur	IN
S3-000801	Vertex Textiles Cororation	233 JuniperRoad Tacoma TX 63793	US
S3-002087	Harbor Motors Priavte Limited	20/20 Onyx Road, Opp. Bus Depot, Tamil Nadu, 974132, Nagpur	IN
S3-008442	Brightapth Ltd	38 Thistle Street Thistle Nagar Kochi Tamil Nadu	India
S3-001591	Ravenwood Industries Co	Stonebridge Ave, Opp. City Library, Maplecrest Park, Fresno, IL, 25561	US
S3-000253	Juniper Chemicals Private Limited	195 Northgate Crs, Coimbatore, MP	India
S3-005849	Noorthgate Enterprises Private Limited	96 Lantern Road, Stonebridge Nagar, Nagpur, Maharashtra	IN
S3-003174	Sunsstone Logistics Private Limited	372 Apex Marg Summit Nagar Pune 589747	IN
S3-006704	Stonebridge Packaging & Sons Pvt Ltd	253 Goldleaf St Surat MP 918120 Quarry Nagar	IN
S3-007645	Services Orchid Maplecrest Company	Falcon Drive Harbor Park, Mobile, WA, 33721	US
S3-000312	Motors Clearwater Compayn	383 Summit St, Tacoma, AL, 19761	US
S3-004470	Apex Vertex Solutiosn	310 Onyx Crs, Goldleaf Nagar, Nagpur, MP, 171950	India
S3-001529	Cobalt PackagingLtd	201 Maplecrest Marg, Near SBI ATM, Indore	IN
S3-007024	Ravenwood Foods Limited	32 Clearwater Cross, Jaipur, Maharashtra, 674429	India
S3-000798	Northgaate Inc	205 Vertex Ave, Quarry Park, Tacoma, OH, 67041	US
S3-007384	Enerprises Ltd	28/2 Brightpath Street, Redwood Park, Coimbatore, TX, 43932	United States
S3-002634	Thistle Servvices Company	Near Exit 14, 392 Northgate Rd, Lubbock, OH	USA
S3-000528	Ironwood Summit Solutions P Ltd	384 Ironwood Mn ,Indore, Tamil Nadu, 109496	India
S3-006215	Electricals OOnyx Maplecrest	127 Silverline Rd, Meridian Nagar, Opp. Bus Depot, Kochi, 201924	IN
S3-009068	Lantern Services P td	Near SBI ATM, Pune, Tamil Nad,u 223572, Apex Road	India
S3-008566	Harbor Services oCrporation	322 Quarry Avenue, Juniper Park, Austin, IL, 80036	US
S3-000289	Services	295 Falcon St, Austin, AL, 46826	United States
S3-002753	Vertex  Packaging & Sons Corp	68 Falcon Ave, Kestrel Park, Behin dthe Civic Center, Akron, 48200	US
S3-003062	Juniper, Consultancy Compyn	Ironwood Road, Juniper Park, Mobile, CA	United States
S3-001727	Lantern Consultanc yPvt Ltd	179 Harbor Street, Summit Nagar, Pune, MP, 660857	India
S3-001906	Suummit Corp	20 Stnoebridge Avenue Lantern Park Peoria 40868 Near Exit 14	USA
S3-001215	Maplecerst Systems Private Limited	4 Bluepeak Rod, Vertex Nagar, Nagpur, Kerala, 604426	IN
S3-001561	Summmit	44 Apex Mn, Ironwood Nagar, Indore, Kerala, 848214	IN
S3-007660	Falccon	94 Thistle Road Meridian Park Lubbock WA 84898	US
S3-004650	Lanter nTextilees Pvt Ltd	17/6 Maplecrest St, Falcon Nagar, Coimbatore, Gujarat, 254954	India
S3-000342	Thistle Logistics Limiteed Liability Company	273 Cobalt Avenue, Onyx Park, Akron, OH	US
S3-001867	Ironwood & Sons	264 Vertex Road Maplecrest Park Peoria	United States
S3-004679	Summit Redwood Packaging and Sons P  Ltd	Maplecrest Marg, Maplecrest Nagar, Coimbatore, Gujarat, 757194	India
S3-008569	Redwood Systems Brightpath	387 Juniper Road, Goldleaf Park, Lubbock, WA, 83274	US
S3-007946	Redwood Summit Packaging LLC	Falcon Rd, Onyx Pak, Akron, TX, 62711	United States
S3-006393	Juniper Falcon Textiles Corporation	Behind the Civic Center, 135 Goldleaf St, Goldleaf Park, Mobile, WA	USA
S3-006170	Stonebrige Motors P Ltd	320 Bluepeak Main Meridian Nagar Pune 317355	IN
S3-004954	Sunstone Foods Inc	293 Meridian Rd, Behind the Civic Center, Meridian Park, Akron, TX	United States
S3-001015	Falcon Northgatee oC	71 Stonebridge Drive, Tacoma, WA	United States
S3-006496	Ape LLC	360 Ravenwood Rd, Apxe Park, Behind the Civic Center, Akron, WA	USA
S3-008323	Appex	90 Kestrel Street, Lubbock	United States
S3-003019	Orchid Packaging Private Limietd	164 Orchid Rd, Quarry Nagar, Jaipur, Rajasthan, 756545	India
S3-002256	Harbor Thistlee Corporation	46 Lantern Dr, Ravenwood Park,, Austin, AL	USA
S3-002471	Sunstone Trading	28 Apex Blvd, Opp. City Library, Bluepeak Park, Peoria, AL	US
S3-000632	Summit Summit Farics Limited	32/76 Falcon Marg, Ironwood Nagar, Pune, 865824	IN
S3-001085	Goldleaf Electricals Privaet Limited	49 Orchid Road, Coimbatore	India
S3-005297	Summit Fabrics	280 Brigthpath Cross, Coimbatore, Gujarat, 186748	India
S3-001099	Services Limited Liability Company	35/50 Juniper Blvd, Austin, WA, 53231	USA
S3-002663	Juniper Fabrics Corp	161 Maplecrest Avenue Ironwood Park Peoria AL 42959	USA
S3-006289	Redwood Industries & Sons Prviate Limited	Opp. Bus Depot, Harbor Marg, Vertex Nagar, Surat, MP	India
S3-001238	Goldleaf Electrcials Co	144 Northgate Drive, Mobile, 17380	USA
S3-008869	Lantern Textiles Ltd	199 Lantern Mn, Orchid Nagar, Coimbatore	IN
S3-003524	Redwood Orchid Trading and Sons P Ltd	347 Brightpath Marg Ironwood Nagar Nagpur MP 800216	IN
S3-007074	Northgate, Electricls	318 Maplecrest Drive, Peoria, IL, 47697	USA
S3-001971	Juniper Packaging Limited	240 Northgate Rd, Vertex Nagar, Surat	IN
S3-007849	Quarry Trading & Sons Limited	12/17 Redwood Marg, Clearwater Nagar, Indore, Maharashtra, 556428	IN
S3-002586	Clearwater Enterprises	396 Apex Crs, Jiapur	India
S3-008160	Bluepeak Jnuiper Industries Corporation	Northgate Rd Onyx Park Opp. City Library Lubbock 49282	United States
S3-004029	Northgate Ravenwood  o	228 Juniper Dr, Quarry Park, Fresno, 16176	USA
S3-003549	Quarry Solutions Incorporated	132 Bluepeak Rd, Mobile, IL, 73007	USA
S3-002252	Ironwoo, Industries	153 Thistle Dr,L ubbock, CA, 55746	USA
S3-007929	Harborr Industries	34 Orchid Blvd, Kestrel Park, Fresno, AL, 25718	India
S3-004887	Blueepak Pvt Ltd	Behind Ganesh Temple, 105 Bluepeak Rd, Pune, Maharashtra	India
S3-005002	Raenwood P Ltd	Meridian Nagar Coimbatore 519763 270 Falcon Rd	IN
S3-005473	Summit & Sons Inc	112 Redwood Avenue Kestrel Park Near Exit 14 Akron AL 33283	US
S3-008313	Harbor Industries and Sons Ltd	284 Brightpath Cross, Maplecrest Nagar, Kochi, Maharashtra	IN
S3-004667	Apex Lgisics Pvt Ltd	10/78 Meridian Marg, Bluepeak Nagar, Coimbatore, Tamil Nadu, 425300	IN
S3-005862	Stonebridge Textiles Vertex LLC	56 Redwood Dr, Falcon Park, Mobile, 38528	US
S3-006862	Kestrel Sunstone Foods Inc	Brightpath Rd, Sunstone Nagar, Pune, Tamil Nadu	United States
S3-006708	Northgate Bluepeak and Sons Private Limited	373 Aex Marg, Surat, MP, 746705	India
S3-007304	Sunstone Juniper Textiles Ltd	3 Northgate Street, Kestrel Nagar, Indore	India
S3-004416	Northgate Conssultanccy Pvt Ltd	169 Apex Mn Nagpur Gujarat	India
S3-003883	Brightpath Enterpises Limited	14 Harbor Road, Bluepeak Nagar, Nagpur, 245983	India
S3-004932	Kestrel Logistics Company	248 Orchid Ave, Mobile, TX, 51612	USA
S3-008311	Services histle	385 Lantern Street, Apex Nagar, Pune, Rajasthan, 116602	IN
S3-001344	Maplecrest Vertex Industries & Sons Private Limited	345 Ravenwood St, Goldleaf Nagar, Kochi, Tamil Nadu	IN
S3-001489	Vertex	Ravenwood Boulevard, Mobile, Kestrel Park	United States
S3-004372	Ironwood Co	79 Apex Avenue, Austin, CA, 83782	USA
S3-008097	Onyx Textiles Pvt Ltd	113 Juniper Drive Harbor Park Peoria 63966	IN
S3-002533	Thistle Quarry Chemicals Ltd	Behind Ganesh Temple 255 Falcon Mn Maplecrest Nagar Surat	India
S3-006530	Onyx	168 Cobalt Marg, Onyx Nagar, Kochi	India
S3-004392	Trading Corp	53 Clearwater Dr, Northgate Park, Tacoma, CA	US
S3-006322	Ravenwoood Limited	340 Brightpath Street, Near Metro Pillar 42, Summit Nagar, Kochi, Kerala	India
S3-002552	Summit Electricals Liimited Liability Company	221 Quarry Avennue, Akron, IL	United States
S3-005411	Cobalt LLC	Stonebridge Dr, Meridian Park, Tacoma, TX, 72150	USA
S3-005859	Onyx Cobalt Co	173 Goldleaf Avenue, Summit Park, Fresno, OH, 96827	United States
S3-006676	Sunsstone Limited	45 Lantern St, Northgate Nagar, Coimbatore, Tamil Nadu, 576031	IN
S3-005611	Suunstone Logistics P Ltd	61 Juniper Marg, Juniper Nagar, Indore, 245467, Gujarat	IN
S3-005442	Kestrel Industries & Sons Priivate Limited	142 Thistle Street, Bluepeak Nagar, Coimbatore, Maharashtra, 961180	IN
S3-007963	Apex Consutancy	37 Kestrel Road, Peoria, OH, Meridian Park	USA
S3-001665	Lanter Maplecrest Foods Co	93 Redwood St, Redwood Park, Lubbock, TX, 24574	United States
S3-000247	Buepeak Textiles LLC	80 Ravenwood Rd, Lubbock	US
S3-008612	Falcon Industries Private Limited	315 Northgae St, Onyx Nagar, Pune, MP, 426332	India
S3-003684	Goldleaf Trading Inc	27/16 Ravenwod Boulevard, Brightpath Park, Lubbock, OH, 24961	USA
S3-006743	Silverline ogistics Co	51 Apex Street, Clearwater Park, Akron, AL, 88456	United States
S3-003059	Cobalt Motors	199 Apex Dr Northgate Park Lubbock	United States
S3-008244	Orchid Harbor Packgaing Co	127 Juniper Boulevard, Clearwater Park, Lubbock, 89692	USA
S3-005981	Juniper, Northgate Fabrcs & Sons Private Limited	23 Quarry Rd, Juniper Nagar, Pune, Gujarat	India
S3-005606	Quarry Goldleaf Company	Clearwater lvd, Lubbock, IL, 85863	US
S3-001214	Redwood Solutions Corporaiton	19 Silverline St, Harbor Park, Mobile, AL, 84352	United States
S3-008013	Redwood	Orchid Blvd, Juniper Park, Kochi, 72748	US
S3-001005	Thistle Bluepeak Textiles ompany	5 Juniper Road, Akron, 49145	United States
S3-005128	Cobalt eTxtiles	Behind Ganesh Temple 253 Harbor St Jaipur	IN
S3-003644	Junipre	283 Redwood Dr, Akron, 90517	USA
S3-003808	Sunstone Packaging Pvt Ltd	230 Silverline Road, Thistle Nagar, Pune, Maharashtra, 556200	India
S3-002042	Lantern Packaging Ltd	333 Clearwater Main, Vertex Nagar, Nagpur, Tamil Nadu	India
S3-004095	Thistle Lnatern Incorporated	168 Maplecrest Street, Juniper Park, Tacoma	US
S3-002650	Orcchid	365 Maplecrest Street, Bluepeak Nagar, Kochi, Gujarat, 914456	IN
S3-001086	Goldleaf PrivateLimited	49 Orchid Road, Behind Ganesh Temple, Falcon Nagar, Coimbatore, Kerala	India
S3-006716	Orchd, Ironwood Chemicals Pvt Ltd	164 Northgate Mn, Kcohi, Maharashtra	India
S3-000662	Trading, adn Sons Pvt Ltd	Summit St, Harbor Nagar, Nagpur, Rajasthan	IN
S3-006598	Bluepeak Bluepeak & Sons Limited	154 Cobalt Main, Quarry Nagar, Indore, Kerala	India
S3-001824	Falcon Electricals Private Limited	265 Silverline Cross, Clearwater Nagar, Surat, Rajasthan, 564765	IN
S3-009176	Orchid, Norrthgate Textiles Corp	344 Harbor Avenue, Near Exit 14, Sunstone Park, Fresno, CA, 23651	US
S3-007987	Redwood Inustries	140 Redwood Rd, Tacoma, TX	US
S3-007315	Falcon Private Limited	234 Silverline St, Northgate Park, Pune, TX	USA
S3-004882	Onyx Ketsrel Solutions Pvt Ltd	Behind Ganesh Temple, 279 Ravenwood Road, Juniper Nagar, Indore, Tamil Nadu, 826786	India
S3-001349	Harbor Northgate Logistics	Behind the Civic Center, Stonebridge Park, Peoria, 52415, 193 Juniper Road	USA
S3-006587	Northgate Logistics Inc	61 Goldleaf Blvd, Behind the Civic Center, Redwood Park, Peoria, CAA, 33938	USA
S3-001806	Bluepeak & Sons	80 Quarry Coss, Nagpur, 527905	IN
S3-000400	Ravenwood Textiles Limited	21/31 Thistle Crs, Surat, Gujarat	IN
S3-006809	Goldleaf Foods Pvt Ltd	298 Juniper Cross, Kestrel Nagar, Nagpur, Rajasthan	IN
S3-001132	Suummit Solutions Cop	Ironwood Park, Tacoma, 42906, 75 Goldleaf Avenue	United States
S3-004772	Falcon Consultancy Co	80 Redwood Road, Kestrel Park, Mobile, IL	USA
S3-005643	Stonebridge Logistics Co	Falcon St, Behind the Civic Center, Redwood Park, Mobile, CA, 78032	US
S3-006935	Redwwood Solutions and Sons Ltd	18 Quarry Street, Ironwood Nagar, Nagpur, Gujarat	IN
S3-000713	Goldleaf abrics Ltd	70 Orchid Mn, Falcon Nagar, Pune, Rajasthan	India
S3-004507	Apex Packaging	14 Brightpath Drive, Meridian Park, Austin, AL, 95384	US
S3-000635	Kestrrel Solutions	268 Quarry Rd, Lantern Parrk, Mobile, WA	USA
S3-006979	Silverline Services	83 Harbor Avenue,M obile, TX	USA
S3-005126	Ironwood Services Corporation	381 Silverline Drive, Behind the Civic Center, Falcon Park, Mobile, AL, 67290	USA
S3-006952	Kestrel Systems Ltd	392 Silverline Marg Surat Kerala	India
S3-001611	Juniper Motors LLC	37/24 Ironwood St, Meridian Park, Austin, OH, 36848	US
S3-000022	Packaging Orchiid Pvt Ltd	169 Bluepeak Marg Northgate Nagar Kochi MP 271569	IN
S3-002289	Meridian Northgate Slutions and Sons Company	Opp. City Library, 355 Northgate Ave, Silverline Park, Peoria, IL, 60397	United States
S3-001777	Maplecrest Motors LLC	367 Juniper Boulevard, Behind the Civic Center, Brightpath Park, Austin, CA	US
S3-003067	Orchid Systms P Ltd	319 Ironwood Mn, Juniper Nagar, Nagpur	India
S3-000964	Sivlerline Trading Pvt Ltd	109 Falcon Crs Brightpath Nagar Jaipur 208853 Rajasthan	IN
S3-005749	Lantern	154 Bluepeak Crs, Stonebridge Nagar, Nagpur, MP	India
S3-008225	Suntone Brightpath Solutions Ltd	394 Falcon Road, Goldleaf Nagar, Nagpur, Gujarat, 971227	India
S3-001619	Vertex Textiles and Sons	341 Cobalt Main, Coimbatore, 832825	IN
S3-003289	Oynx Motors Ltd	Near SBI ATM, 133 Silverline St, Indore, 801890	IN
S3-005095	Ironwood Chemicals	18 Ironwood Mn, Goldleaf Nagar, Nagpur, Rajasthan, 891645	IN
S3-001967	Goldleaf Electricals Private Limited	318 Quarry Mn,I ndore, Maharashtra	India
S3-006436	Solutions Lantenr	Near Metro Pillar 42, 6/65 Quarry Street, Onyx Nagar, Kochi, 360880	IN
S3-006507	Kestrel Enterprises & Sons Limited	91 Bluepeak Street, Jaipur, 477350	IN
S3-007516	Falcon Motors and Sons	287 Bluepeak Rd, Cobalt Park, Tacoma, TX	US
S3-009108	Lantern Consultancyy Private Limited	34 Silverline Marg, Bluepeak Nagar, Surat, 298697	India
S3-007471	Summiit Bluepeak Trading	32/18 Lantern Mn Lantern Nagar Behind Ganesh Temple Jaipur	IN
S3-008122	OrchidTrading Brightpath	239 Silverline Crs, Thistle Nagar, Behind Ganesh Temple, Surat, 443365	IN
S3-006912	Ravenwod, Fabrics Ltd	300 Juniper St, Thistle Nagar, Pune, Gujarat, 658101	India
S3-007030	Qarry Foods	201 Northgate Marg, Silverline Nagar, Surat, Gujarat, 800146	IN
S3-003871	Brightpath Services Pvt Ltd	Near Metro Pillar 42, Bluepeak Street, Stonebridge Nagar, Pune	India
S3-009074	Vertex Clearwater Consultancy Corporation	360 Stonebridge Avenue Kestrel Parkk Austin 55715 AL	USA
S3-000954	Ravenwood Stonberidge Logistics Inc	37 Silverline Drive Bluepeak Park Tacoma IL 55174	United States
S3-004367	Goldleaf Lantern Textiles Ltd	258 Goldleaf Mn Opp. Bus Depot Meridian Nagar Kochi Kerala 975563	India
S3-003678	Summit, Summitt Consultancy	398 Northgate Boulevard, Clearwater Park, Akron, OH	USA
S3-005375	Redwood Logisttiics	46 Bluepeak Boulevard, Quarry Park, Austin, CA	USA
S3-005777	Ravenwood CConsultancy Inc	154 Summit Dr, Opp. City Library, Tacoma, 52196	USA
S3-001050	Thisle Industries Ldt	32 Summit Main, Stonebridge Nagar, Nagpur, Kerala, 715112	IN
S3-004136	Quarry Trading & Sons P Ltd	99 Silverline Main, Goldleaf Nagar, Indore	India
S3-007999	Summit Summit Limited Liability Company	169 Kestrel Road Stonebridge Park Peoria CA 27671	USA
S3-003061	Juniper Consulttancy Co	234 Ironwood Rd, Juniper Park, Mobile, CA, 89498	USA
S3-003677	Vertex Stonebridge Fods P Ltd	397 Vertex Street, Kestrel Nagar, Coimbatore, 929248	IN
S3-000069	Brightpath Electricals LLC	33/31 Meridian Avenue Meridian Park Peoria TX	United States
S3-003308	Vertex Foods Ltd	Cobalt Cross, Onyx Nagar, Kochi, Maharashtra	India
S3-004387	Harbor Sunstone ConsultancyL  td	373 Summit Rd, Indore, Tamil Nadu, 177065	IN
S3-008847	Brightpath Ironood Solutions P Ltd	Thistle Nagar, Nagpur, Rajasthan, 10 Juniper Road	IN
S3-001624	Apex, Meridian Solutions P Ltd	81 Falcon Main, Opp. Bus Depot, Pune, Rajasthan, 683124	IN
S3-002588	Juniper Electricals & Sons Private Limited	50 Clearwater Marg Stonebridge Nagar Pune Rajasthan	IN
S3-000924	Industries Vertex Ltd	Apex Nagar, Coimbatore, 341 Maplecrest Street	India
S3-004676	Onyx Industries LLC	323 Silverline Drive, Onyx Park, Opp. City Library, Fresno, 55457	United States
S3-008381	Onyx Packkaging Corp	55 Bluepeak Drive, Brightpath Park, Opp. City Library, Akron, OH, 83436	USA
S3-001258	SilverlineCo	211 Juniper Avenue Peoria OH 93852	US
S3-006681	Harbor Systems Corporatin	11/25 Summit Road Silverline Park Tacoma AL 72638	United States
S3-005664	Falcno Chemicals Company	156 Onyx St, Lubbock	USA
S3-006366	Onyx Foods Limited LLiability Company	24/41 Juniper Road, Vertex Park, Austin, 62334	United States
S3-000015	Harbor Systems	346 Falcon Street, Falcon Nagar, Nagpur, Tamil Nadu, 395873	IN
S3-001639	Northgate Chemicals Corporation	Meridian Park, Austin,  TX, 39/14 Quarry Dr	US
S3-000533	Quarry, Lantern Motors	157 Maplecrest Street, Thistle Park Tacoma	United States
S3-004000	Meridian Enterprises Company	Near Exit 14, 213 Lantern St, Goldleaf Park, Tacoma, TX	USA
S3-002930	Fods Thstle Ltd	304 Stonebridge Street, Falcon Nagar, Pune, 684407	IN
S3-009197	Brightpath Traing and Sons	230 Summit Marg, Falcon Nagar, Near SBI ATM, Lubbock	IN
S3-008058	Quarr Quarry	199 Redwood Rd, Orchid Nagar, Opp. Bus Depot, Kochi, 123954, MP	US
S3-007354	Falon	205 Sunstone Road Orchid Park Tacooma IL	US
S3-007345	Summit Packagingg Inc	26/21 Kestrel Street, Cobalt Park, Fresno	United States
S3-005202	Meidian Limited	322 Vertex Road Maplecrest Nagar Nagpur 292874 Gujarat	IN
S3-006702	Juniper Systems Limited	282 Brightpath Street Summit Nagar Indore Gujarat 381793	IN
S3-003979	Quarry Motrs	204 Ravenwood Road Falcon Park Fresno AL	United States
S3-002493	Sunstone Vertex Electircals Inc	60 Sunstone Blvd Juniper Park Mobile TX	US
S3-005624	Clearwatter Industries Limited	74 Goldleaf Street, Kochi	IN
S3-007577	Harbor Apex & Sonns Pvt Ltd	37/44 Apex Blvd, Fresno, IL	India
S3-007277	Consultancy Thistle Apex Private Limited	Ravenwood Mn, Near Metro Pillar 42, Pune, Gujarat	IN
S3-003336	Ironwood aFbrics Inc	123 Goldleaf Road, Behind the Civic Center, Tacoma, OH, 24061	USA
S3-003312	Hrbor	46 Onyx Rd, Peoria, CA	USA
S3-005073	Silverline antern Motors Limited Liability Company	93 Reedwood St, Apex Park, Tacoma, OH	United States
S3-008874	Apex Packaging Company	380 Ironwood Rd Tacoma CA 95880	United States
S3-001345	Maplecrest Vertex Industries & Sons	345 Ravenwood Street, Goldleaf Nagar, Behind Ganesh Temple, Kochi, 545763	India
S3-001257	Kestrel Electricals & Sosn Co	260 Sunstone Street Opp. City Library Tacoma 64542	US
S3-000215	Ironwood Brightpath Motors Private Limited	108 Sunstone Marg, Onyx Nagar, Indore, MP, 271026	India
S3-002108	Ironwood Enterprises Limited Liability Company	231 Meridian Road, Ravenwood Park, Tacoma, CA	US
S3-003851	Goldleaf Chemicals	86 Silverline Dr, Redwood Park, Austin, TX, 41613	USA
S3-000254	Juniper Chemicals P Ltd	178 Goldleaf Street, Stonebridge Nagar, Indore, Kerala, 212984	India
S3-001563	Falcon Indusrties	Near SBI ATM, 57 Redwood Rd, Jaipur, Gujarat	India
S3-003903	Cobalt Packaging Private Limited	343 Lantern Rd, Ravenwood Nagar, Kochi, 747834	IN
S3-003537	Juiper Logistics LLC	69 Onyx Street, Fresno, WA	US
S3-003421	Sunstne Industries Co	18 Goldleaf Drive, Kestrel Park, Lubbock, 53499	US
S3-000910	Stonebrdige Textiles LLC	42 Goldleaf Avenue, Apex Park, Fresno, TX, 32626	US
S3-002358	Redwood Motors Priate Limited	226 Cobalt Crs, Behind Ganesh Temple, Kestrel Nagar, Kochi	India
S3-004684	Summit TradingIncorporated	329 Goldleaf Avenue Maplecrest Park Austin WA 17148	USA
S3-006151	Stonebride Systems Private Liimted	70 Stonebridge Main, Apex Nagar, Nagpur, Gujarat, 876940	IN
S3-005659	Trading Maplecrest Bluepeak Co	286 Harbor Avenue Arkon 95005	United States
S3-004353	Ironwood Foods Corporation	Kestrel Ave, Harbor Park, Akron, AL	US
S3-004062	Quarry & Sns	30/45 Redwood Dr, Mobile	United States
S3-005927	Orcid Private Limited	Falcon Nagar, Coimbatore, 231427, Onyx Cross	IN
S3-002697	Maplecrest Systems Northgate LLC	273 Ravenwood Road, Austin, WA, 51506	USA
S3-003623	Harbor and Sns P Ltd	386 Summit Cross, Lantern Nagar, Behind Ganesh Temple,  Indore, Kerala	India
S3-004243	Ironwood Enterprises Pvt Ltd	339 Lantern Street, Thistle Nagar, Pune, 638020	India
S3-007456	Vertex Textiles Ltd	184 Ravenwood Street Brightpath Nagar Pune 142485	India
S3-001789	Onyx Private Limited	301 Sunstone Cross, Stonebridge Nagar, Surat, Maharashtra, 700301	India
S3-002646	Harbor	342 Ravenwood Dr Silverline Park Lubbock IL	US
S3-000317	Cobalt Vertex Industries	113 Redwod Boulevard, Austin, TX, 64647	USA
S3-001978	Bluepea, kPrivate Limited	115 Apex Crs, Ironwood Nagar, Jaipur, Kerala, 798986	IN
S3-001055	Motors Ionwood	10/2 Maplecrest Marg, Ironwood Nagar, Coimbatore, Maharashtra	IN
S3-009152	Harbro & Sons Incorporated	123 Silverline St Bluepeak Park Tacoma CA 98240	United States
S3-004816	Maplecrest Trading	Ironwood Nagar, Near Metro Pillar 42, Jaipur, 454086, 126 Redwood Crs	India
S3-000742	Northgate Fabrics P Ltd	16/64 Ironwood Cross, Lantern Nagar, Nagpur, Tamil Nadu	IN
S3-007933	Vertex Eelctricals LLC	315 Silverline Dr Goldleaf Park Lubbock AL 20507	USA
S3-002656	Summit, Packaging P Ltd	Goldleaf Rd, Apex Nagar, Pune, Mahaarashtra, 780154	IN
S3-002133	Onyx Industtries LLC	67 Stonebridge Road, Lubbock, WA	US
S3-008661	EnterpisesR avenwood	96 Maplecrest Drive, Redwood Park, Peoria, 72285	USA
S3-006712	Clearwater Quarry Solutions and Sons Private Limited	192 Cobalt Marg, Summit Nagar, Nagpur	India
S3-002075	Cobalt Lantern Solutions Corp	Ironwood St, Lantern Park, Fresno, WA, 39217	USA
S3-001559	Summit Sytems	44 Apex Main, Ironwood Nagar, IIndore, Kerala, 848214	IN
S3-007503	Solutions Privte Limited	333 Meridian Street Redwood Nagar Coimbatore Maharashtra	India
S3-005753	Cobalt Packagin gLLC	323 Cobalt Boulevard, Near Exit 14, Sunstone Parkk, Austin, CA, 87404	United States
S3-008849	Raevnwood Chemicals and Sons Corp	223 Quarry Boulevard Onyx Park Fresno 51541	US
S3-000187	Ravenwood Packaging P Ltd	67 Bluepeak St Surat Maharahstra	IN
S3-001553	Clearwater Thistle PPackaging Pvt Ltd	227 Brightpath Road, Thistle Nagar, Surat	India
S3-004187	Goldleaf Enterprises Corp	274 Silverline St, Apex Park, Fresno, OH, 68301	US
S3-008427	Ravenwood Consultancy Corporation	76 Vertex rDive, Onyx Park, Peoria, AL, 80809	United States
S3-000640	Cobat Fabrics Incorporated	289 Summit St, Cobalt Park, Tacoma, OH	US
S3-005184	Sunstone Textiles Private Limited	46 Orchid Main, Surat, Kerala, 954468	IN
S3-002346	Silverline, Clearwater nd Sons LLC	282 Ravenwood Rd, Austin, AL	United States
S3-004122	Quarry Textiles Incorporated	Behind the Civic Center, 1/36 Apex Drive, Akron, AL, 11107	United States
S3-002262	Lantern Ironwood Systems orp	62 Kestrel Avenue, Tacoma, AL, 34142	US
S3-002138	Lanteern Private Lmiited	Near Metro Pillar 42, 256 Onyx Main, Surat, MP, 845297	India
S3-008355	Silverline Systems	Northgate Marg, Kestrel Nagar, Behind Ganesh Temple, Coimbatore, Rajasthan, 827088	IN
S3-000934	Brightpath TTrading Ltd	33/47 Juniper Crs, Surat, Rajasthan, 827821	India
S3-005148	Verex Trading & Sons Corp	Ironwood Drive, Kestrel Park, Tacoma, 15533	US
S3-002314	Vertex Textiles  Ltd	Opp. Bus Depot, 73 Maplecrest Marg, Quarry Nagar, Jaipur, 189471	IN
S3-006472	Sillverline Lantern Solutions	90 Northgate Marg Indore 682123	India
S3-004432	Clearrwater Maplecrest Electricals Pvt Ldt	28 Orchid Main, Ravenwood Nagar, Jaipur, Rajasthan, 910110	India
S3-000718	Goldleaf Fabrics and Sons Private Limted	22 Kestrel Mn, Juniper Nagar, Jaipur, Maharashtra, 748789	India
S3-002686	Northgate Co	2/1 Ravenwood Rd, Behind the Civic Center, Austin, TX, 17875	United States
S3-004539	Ape Trading	77 Onyx Boulevard Silverline Park Near Exit 14 Akron IL 77599	United States
S3-005720	Thistle Services P Ltd	2 Falcon Marg, Silverline Nagar, Jaipur, Maharashtra	India
S3-006504	Northgate Foods &S ons	21/19 Goldleaf Marg, Silverlline Nagar, Coimbatore, Kerala, 565818	IN
S3-004303	Harbor Logistics & Sons Pvt Ltd	87 Ravenwood Marg, Vertex Nagar, Kochi, 648222	IN
S3-001206	SunstoneServices Pvt Ltd	328 Silverline Marg, Falcon Nagaar, Kochi, Rajasthan, 190960	India
S3-005784	Ironwood Textiles Private Limited	70 Goldleaf Rd Juniper Nagar Coimbatore Gujarat 595029	IN
S3-004759	MaplecrestL antern Trading LLLC	262 Juniper Boulevard, Mobile, WA, 33623	United States
S3-002288	Thhistle Incorporated	Redwood Road, Brightpath Park, Mobile, 98756	United States
S3-000848	Quarry LLC	263 Clearwater Blvd, Lantern Park, Tacoma, IL, 86510	US
S3-008164	Cobbalt Brightpath Services Co	46 Ravenwood Street, Quarry Park, Tacoma, TX	United States
S3-000258	Thistle Summit Logistics LLC	365 Orchid Street, Redwood Park, Austin, CA	US
S3-003330	Meridian Birghtpath Fabrics & Sons Corp	180 Vertex Blvd, Fresno, IL, 55534	US
S3-009100	Redwood Services Pvt Ltd	13 Falcon Rd, Bluepeak Nagar, Jaipur, Rajasthan	India
S3-002415	Silverline Trding Corp	294 Onyx Dr, Meridian Park, Peoria, 25373	United States
S3-006378	Meridian Sunstone Industrie sIncorporated	216 Sunstone Dr, Thistle Park, Fresno, WA, 60544	United States
S3-000695	Juniper Meridian Incorporated	28/3 Maplecrest Avenue, Mobile, TX, 27255	USA
S3-003171	Goldleaf Logistics Corporation	354 IIronwood Road, Quarry Park, Tacoma, 62256	US
S3-004265	Falcon Tradign Company	229 Apex Ave, Vertex Park, Frenso, WA, 64726	USA
S3-003692	Quary, Fabrics LLC	28/77 Harbor Dr, Stonebridge Park, Mobile, TX, 81665	United States
S3-000083	Summit Brightpat hIndustries Company	Thistle St, Silverline Park, Akkron, OH, 95290	USA
S3-001066	Godlleaf	378 Kestrel Crs Brightpath Nagar Surat MP 294822	India
S3-005391	Juniper Cobalt TTextiles Private Limited	348 Apex Road, Opp. Bus Depot, Meridian Nagar, Surat, MP	India
S3-002134	Onyx  Foods	32/61 Goldlaef Avenue Ironwood Park Behind the Civic Center Austin	US
S3-001064	Vertex Goldlleaf Services P Ltd	30 Silverline Road, Orchid Nagar, Pune, Kerala	India
S3-006166	Vertex PPackaging Lantern	131 Redwood Blvd, Kestrel Park, Lubbock	USA
S3-004963	Enterprises SunstonePrivate Limited	25/73 Lantern Marg, Surat, 839246	IN
S3-007992	Goldleaf Industries and Sons Limited Liabilit Company	36/56 Juniper Rd Summit Park Fresno 87742	USA
S3-007203	Systems unstone P Ltd	10 Falcon St Brightpath Nagar Indore Tamil Nadu 902231	IN
S3-005761	Stonebridge Enterprises and Sons	293 Cobalt Crs, Falcon Nagar, Gujarat, Coimbatore	India
S3-009172	Vretex Vertex & Sons Incorpporated	139 Ironwood Main, Harbor Nagar, Lubbock, 866359	India
S3-007189	Goldleaf Consultancy Ltd	387 Goldleaf Road, Near Metro Pillar 42, Sunstone Nagar, Pune	India
S3-006650	Stonebridge Limited	317 Ironwood Rd, Juniper Nagar, Jaipur, MP, 265658	IN
S3-004789	Bluepeak Foods Private  Limited	Behind Ganesh Temple, Maplecrest Nagar, Jaipur, Vertex Cross	India
S3-008498	BrightathJ uniper Packaging LLC	42 Ironwood Drive Lubbock	USA
S3-008335	Northgate & Son Privatee Limited	Behind Ganesh Temple, 149 Onyx Cross, Ravenwood Nagar, Pune, Maharashtra, 429630	India
S3-008913	Redwood Srevices & Sons Company	28 Summit Avenue, Opp. City Library, Lantern Park, Akron, CA	US
S3-005299	Onx Maplecrest Logistics Company	Akron 79108 289 Stonebridge Street	USA
S3-005312	Foods Harbor LLC	151 Vertex Blvd, Summit Park, Mobile, 76850	USA
S3-002264	Thistle Solutions Private Limited	8/82 Ravenwood Street, Opp. Bus Depot, Nagpur, Tamil Nadu	IN
S3-000873	Junipr Fabrics	Near Metro Pillar 42, Brightpath Main, Pune, Tamil Nadu, 478225	IN
S3-001507	Cobalt Fabrics and Sons P Ltd	218 Summit Street, Opp. Bus Depot, Surat, 614165	India
S3-005848	Redwood Fabrics Ldt	331 Kestrel Marg, Apex Nagar, Puen, Rajasthan	IN
S3-009055	Stonebridge Textiles Inc	176 Bluepeak Road, Near Exit 14, Austin, OH, 193884	United States
S3-005422	Brightpath Motorss Inc	Juniper Blvd, Clearwater Park, Lubbock, CA	US
S3-005999	Bluepeak Fabrics Corporation	375 Redwood Road, Peorria, CA	USA
S3-005904	Stonebridge, Enterprises Private  Limited	398 Juniper Main, Summit Nagar, Nagpur	IN
S3-003911	Rvaenwood, & Sons Inc	124 Redwood Road, Fresno, CA, 33064, Redwood Park	United States
S3-001962	Textiles Maplecrest	250 Northgate Crs, Summit Nagar, Nagpur, Rajasthan, 751299	India
S3-002132	Onyx, & Sons LCL	181 Silverline Dr, Tacoma, 79414	USA
S3-004329	Onyx Chemicals and Sons Corporation	224 Bluuepeak Dr, Summit Park, Akron, AL, 12658	US
S3-004330	Quuarry	68 Stonebridge Blvd, Quarry Park, Peoria, OH	US
S3-000824	Stonebridge Services Limited Liability Company	340 Juniper St, Bluepeak Park, Lubbock, 13552	United States
S3-005122	Onyx Orchid  P Ltd	294 Silverline Road, Ironwood Nagar, Surat	India
S3-002321	Meridian Systems Private imited	124 Silverline Rd, Opp. Bus Depot, Kochi	IN
S3-001275	Vertex Electricals Corporaton	140 Maplecrest Blvd, Akron, TX, 94283, Northgate Park	US
S3-000574	Falcn Foods Corp	28/22 Ravenwood Blvd, Redwood Park, Austin, 57076	US
S3-005061	Summit Industries & Sons PvtLtd	Thistle Road, Orchid Nagar, Kochi, Gujarat	IN
S3-005980	Juniper Northgate Fabrics Private Limited	190 Kestrel Mn, Summit Nagar, Pune, 860678	India
S3-005036	Ape xTextiles Incorportaed	38/32 Stonebridge St,  Behind the Civic Center, Akron	US
S3-002745	Falcon Moors Pvt Ltd	189 Redwood Road, Stnoebridge Nagar, Kochi	India
S3-003467	Summit Motors and Sons P LLtd	390 Apex Cross, Summit Nagar, Jaipur	IN
S3-005990	Lantern Services Private Limited	13/47 Quarry Rd Quarry Nagar Behind Ganesh Temple Pune Tamil Nadu	India
S3-003986	Quarry Services Corp	62 Sunstone Blvd, Lantern Park, Mobile, WA, 19998	USA
S3-006236	Thhistle, Fabrics P Ltd	179 Redwood Marg, Surat, Kerala, 333127	India
S3-000281	Meridian Logistics Inc	231 Ironwood Road, Maplecrest Park, Tacoma, 22931	US
S3-005143	Cobalt & Sons Pvt Ltd	150 Vertex Marg, Falcon Nagar, Surat, MP	IN
S3-008863	Quarry  Northgate Electricals P Ltd	Quarry Nagar, Kochi, 892649, 204 Lantern Marg	IN
S3-004089	Sunstone Consultancy Pvt Ltd	39/74 Maplecrest Marg Lantern Nagar Near SBI ATM Surat Maharashtra 465052	India
S3-008281	Ravenwood Ravenwood Services Private Limited	23 Juniper Avenue, Stonebridge Park, Akron, 18325	IN
S3-002955	Ocrhid Enterprises Co	134 Summit Rd, Quarry Park, Akron, IL, 78597	United States
S3-002834	Nortthgate Textiles Co	160 Meridian Street, Behind the Civic Center, Meridian Park, Tacoma, TX, 46962	United States
S3-005745	Orchid, ystems Pvt Ltd	136 Cobalt Rd, Quarry Nagar, Nagpur, Maharashtra, 154812	India
S3-002978	Lantern Orchid Textiles Limited Liability Coompany	159 Brightpath Rd Redwood Park Peoria CA 16938	US
S3-005634	Northgate Textiles Incororated	213 Falcon Blvd Bluepeak Park Opp. City Library Akron WA	United States
S3-007552	Northgate Solutions Co	188 Quarry Boulevard, Brightpath Park, Austi,n TX, 73417	US
S3-006453	Clearwateer Tihstle Chemicals P Ltd	373 Orchid Street, MP, 696952, Kochi	IN
S3-007941	Goldleaf Solutions LLC	Juniper Dr, Fresno, 40232	US
S3-000927	Falcon  Systems and Sons Ltd	383 Brightpath Road, Pune, 820216	IN
S3-003906	Thistle Foods Private Limited	Maplecrest Marg, Indore, Maharashtra	India
S3-008750	Brightpath Bluepeak Inc	307 Sunstone Blvd, Austin, CA	USA
S3-003756	Clearwater Logistics Bluepeak Pvt Ltd	11 Meridian Road, Brightpath Nagar, Opp. Bus Depot, Surat	India
S3-000746	Electricals Private Limited	325 Onyx Marg, Jaipur, 40466	IN
S3-004410	Kestrel, Electricals	44 Redwood Crs Pune Rajasthan 810915	India
S3-000105	Apex Cheicals Co	339 Apex St Near Exit 14 Onyx Park Akron 10080	United States
S3-003339	Bluepeak, Electrical Inc	26/39 Harbor Road,, Austin	USA
S3-000017	Verte Fabrics Private Limited	3/59 Brightpath Crs, Pune, Gujarat, 463424, Junper Nagar	IN
S3-003850	Brightpaht and Sons Co	204 Onyx Avenue, Cobalt Park, Mobile,  WA, 91008	United States
S3-003356	Ironwod Summit Consultancy Corp	360 Quarry Boulevard, Silverline Park, Tacoma, IL, 63523	US
S3-008814	Orchid Silverrline Logistics	148 Silverline St, Kestrel Park, Tacoma	USA
S3-005616	Silverline Fabrics	333 Stonebridge Drive, Falcon Park, Tacoma, WA	United States
S3-006219	Faclon Electricals Limited	24 Falcon Cross, Vertex Nagar, Nagpur	India
S3-007156	Lantern Logistics Inc	22/52 Sunstone Road, Cobalt Nagar, Indore, Maharashtra, 572656	United States
S3-004572	Redwoood Systems Limited	269 Summit Marg Indore Onyx Nagar	India
S3-007470	Summit Maplecrest Fabrics Limited Liability Company	111 Cobalt Boulevard Orchid Park Akron AL	US
S3-000316	ClearwaterF oods Incorporated	124 Brightpath Blvd, Orchid Park, Peoria, OH, 74739	USA
S3-003771	Apex Electricals Corp	249 Ironwood Road, Harbor Park, Akron, 92232	USA
S3-004472	Meridian Trading LLC	Behind the Civic Center, Summit Avenue, Thistle Park, Fresno, 87340	USA
S3-008941	Ravenwood Private Limited	Goldleaf Main, Coimbatore, Kerala, 213853	IN
S3-004409	Kestrel Pvt Ltd	44 Redwood Crs, Harbor Nagar, Pune, Rajasthan	IN
S3-008108	Kestrel Ironwood Foods Ltd	Northgate St, Redwood Nagar, Kochi, 793612	India
S3-001893	Clearwater Consultancy Inc	250 Cobalt Road, Silverline Park, Akron, CA, 76316	United States
S3-005577	Harbor Silverline Fabrics Ltd	31 Falcon Rd, Bluepeak Nagar, Jaipur, 298606	India
S3-000173	Vertex Logistics Privatee Liimted	317 Brightpath St, Ironwood Nagar Indore, 738941, Kerala	IN
S3-001043	Meridian Consultancy Incorporated	Brightpath Rd, Vertex Park, Tacoma, 99487	US
S3-002639	Juniper, PrivateL imited	180 Onyx Road, Brightpath Nagar,, Kochi, 690034	India
S3-005500	Goldlleaf Co	130 Onyx Dr, Onyx Park, Austin, 35189	USA
S3-001545	Apex Harbor Electricals & SSons LLC	Near Exit 14, 30 Sunstone Blvd, Northgate Park, Fresno	US
S3-006056	Stonebridge Ironwood Foods LLC	156 Meridian St, Falcon Park, Akron, 98637	US
S3-003649	Silverlline	55 Goldleaf Boulevard, Cobalt Park, Opp. City Library, Fresno, 29032	USA
S3-008006	Summit, Vertex Packaging Co	109 Bluepeak St, Ravenwood Nagar, Peoria, Maharashtra	India
S3-008043	Redwood Lantern Trading P Ltd	75 Juniper Boulevard Orchid Park Surat 53940	USA
S3-008007	Meridian, Systems and Sons	37/64 Meridian Ave, AL, 92240, Kochi	US
S3-003717	Kestrel Foods Company	260 Kestrel Blvd, Maplecrest Park, Lubbock, WA, 40766	US
S3-001601	Orchid Chemicals Inc	39 nOyx Street Stonebridge Park Akron 26357	US
S3-004715	Falcon Packaging	Peoria, 76 Silverline Street	United States
S3-000079	Conusltancy & Sons	160 Thistle Street, Near Metro Pillar 42, Kochi,, 334925	IN
S3-004743	Chemicals Lantrn Company	196 Apex Rd, Tcoma, TX, 17701	US
S3-002178	Quarry Motors Limited	177 Northgate Rd, Vertex Nagar, Pune, Kerala, 554599	India
S3-003560	Quarry Trading Croporation	Kestrel Boulevard, Mobile, IL, 85287	United States
S3-008434	Redwood Clearwaetr Fabrics	128 Quarry Blvd, Falcon Park, Fresno, 75404	USA
S3-000206	Stonnebridge Logistics Private Lmiited	226 Quarry Cross, Pune	IN
S3-005445	Meridian Onyx Services Company	38/64 Onyx Boulevard, Thistle Park, Akron, 33878	US
S3-003028	Enterprises Quarrry	294 Sunstone St, Cboalt Nagar, Indore, 838914	IN
S3-007196	Vertex Juniper Textiles Co	149 Onyx Road Near SBII ATM Northgate Nagar Pune 578631	USA
S3-006017	Sunstone, Solutions and Sons Limited Liability Company	119 Orchid St Vertex Park Akron WA 59864	United States
S3-005953	Apex, Thistle Logistics Inc	122 Ravenwood Blvdd, Silverline Park, Austin, AL, 46637	US
S3-006925	Meridiaan Consultancy	Kestrel Avenue, Cobalt Park, Behind the Civic Center, Mobile	USA
S3-006444	Apex Mottors & Sons P Ltd	378 Summit Street, Stonebridge Nagar, Pune, Gujarat, 639600	India
S3-002749	Falcon Services Inc	306 Stonebridge Dr, Apex Park, Tacoma, IL	United States
S3-004922	Clearwater Services Pvt td	24 Clearwater Marg Surat Maharashtra	India
S3-002352	Vertex Electricaals Incorporated	345 Silverline Drive, Tacoma, IL, 28466	USA
S3-007662	Lnatern Industries Co	Near Exit 14, 188 Harbor Street, Northgate Park, Tacoma, 65627	United States
S3-002287	Bluepeak Silverline Limited	46 Summit Street, Maplecrest Nagar, Surat, 864959	IN
S3-004643	Lantern, Consultany Corporation	339 Brightpath Dr Onyx Park Opp. City Library Lubbock CA 69234	USA
S3-008021	Bluepeak Systems P Ltd	24 Apex St, Quarry Nagar, Jaipur, 751680	IN
S3-007762	Apex Electricals P Ltd	305 Clearwater St Juniper Nagar Kochi 341705	IN
S3-008189	Goldleaf Solutions & Sons Inorporated	Near Metro Pillar 42, 82 Summit Road, Fresno, Tamil Nadu, 974833, Ravenwood Nagar	India
S3-001634	Summit Private Limited	177 Redwood Road, Redwood Nagar, Kochi, 329957	India
S3-005139	Quarry Co	360 Falcon Avenue, Near Exit 14, Austin, IL, 33321	USA
S3-001689	Sivlerline Packaging & Sons	351 Quarry St, Bluepeak Nagar, Kochi	India
S3-000730	Falcon & Sons Private Limited	Orchid Crs, Silverline Nagar, Jaipur, MP, 475698	IN
S3-001800	Ironwood Corp	358 Ravenwoo dBlvd Tacoma CA 69060	United States
S3-005020	Maplecrest Motors Kestrel Ltd	257 Goldleaf Rd, Cobalt Naagar, Indore	India
S3-003483	Lantern Pvt Ltd	38 Ravenwood Street Kestrel Nagar Pune Kerala 954972	India
S3-008787	Maplecrest Systems Prviate Limited	191 Redwood Rd, Vertex Park, Coimbatore, 83233	US
S3-000686	Brightpath Solutions Limited Liaility Company	189 Vertex Avenue, Akron, OH	United States
S3-002306	IronwoodS ervices Inc	81 Lantern Avenue, Mobile, CA, 29866	USA
S3-006419	Kestrel Trading Co	Thistle Park, Tacoma, AL, 40514, 227 Maplecrest Street	USA
S3-006440	Ravenwood Enterprises Inc	208 Ironwood Boulevard, Kestrel Park, Mobile, 42857	United States
S3-001930	Cobalt TradingPvt Ltd	Juniper St Cobalt Nagar Coimbatore 888101	India
S3-002062	Rdewood Chemicals	Onyx Nagar Jaipur Kerala 272431 145 Kestrel St	India
S3-003299	Maplecres tThistle Trading Pvt Ltd	368 Harbor Crs Surat MP	IN
S3-000150	Cobalt Enterprises Pvt Ltd	224 Brightpath Marg, Apex Nagar, Kochi, 529040	IN
S3-004689	Redowod Lantern Packaing	31/49 Silverline Rd, Redwood Park, Mobile, 63300	US
S3-000559	Meridian Onyx Servies Corporation	19 Ironwood Rd, Brightpath Park, Lubbock, IL	United States
S3-003575	Stonebridge, Logistic sLimited Liability Company	Mobile, CA, 124 Harbor Ave	USA
S3-003055	Lantern Logistics LLC	362 Kestrel Road, Austin, CA, 74803	USA
S3-000239	Northgate Packaging Inc	318 Goldleaf Street Apex Park Akron WA	USA
S3-007891	Stonebridg Meridian Consultancy & Sons	35 Brightpath Main, Onyx Nagar, Opp. Bus Depot, Jaipur, Tamil Nadu, 801984	India
S3-004525	Cobalt Motors	343 Maplecrest Drive, Onyx Park, Fresno, WA, 97487	USA
S3-006908	Kestrel Trading and Son LLC	10 Coalt Marg, Clearwater Nagar, Mobile, Kerala, 413200	India
S3-008016	Mpalecrest Summit Ltd	187 Maplecrest Blvd Clearwater Park TX 73624 Peoria	IN
S3-001432	Redwod Silverline Packaging Pvt Ltd	Thistle Main, Clearwater Nagar, Jaipur, 458717	IN
S3-007229	Packaging, Vertex Co	Clearwater St, Orchid Park, Tacoma, IL	US
S3-002563	Ravenwood Private Limited	280 Sunstone Main, Lantern Nagar, Pune	IN
S3-002027	Northhgate, Textiles Private Limited	35/53 Falcon Road, Kochi, Gujarat, 179010	IN
S3-001183	Lantern Service Co	Stonebridge St Stonebridge Park Peoria 67733	United States
S3-002035	Orchid Systems and Sons Private Limited	48 Falcon Crs, Apex Nagar, Near Metro Pillar 42, Coimbatore, Rajasthan	IN
S3-001762	Motors Northgate P Ltd	343 Cobalt St, Harbor Nagar, Kochi	India
S3-001528	Cobalt Limietd	201 Maplecrest Marg, Sunstone Nagar, Near SBI ATM, Indore, Rajasthan, 492038	IN
S3-004974	Habor Packaging Company	Near Exit 14, 311 Clearwater Drive, Lantern Park, Tacoma	United States
S3-001035	Systems, Brightpath Private Limited	319 Redwood St Brightpath Nagar Near Metro Pillar 42 Indore Tamil Nadu 379841	IN
S3-002152	Ravenwood Blupeeak Motors Company	366 Onyx Rd Meridian Park Fresno WA 61391	USA
S3-002758	Trading Silverline Juniper Private  Limited	28/71 Brightpath Mn, Redwood Nagar, Kochi, 461893	IN
S3-000897	Brightpah Motors Ltd	Stonebridge Marg,R avenwood Nagar, Coimbatore	India
S3-002430	Harbor Trading P Ltd	281 Bluepeak Road, Cobalt Nagar, Near Metro Pillar 42, Pune, 117762	India
S3-007953	Thistle Enterprises Ironwood Co	Apex Street, Northgate Nagar, Peoria, 552156	IN
S3-007782	Ironwood Bluepeak Incorporated	Sunstone Blvd, Meridian Park, Lubbock, IL, 79125	USA
S3-005116	Ironwood Foods	195 Ironwood Street Sunstone Nagar Surat Kerala	IN
S3-006351	Haror Textiles Pvt Ltd	178 Stonebridge Street, Kestrel Nagar, Surat, TTamil Nadu	IN
S3-005482	Onyx Pvt Ltd	Brightpath t, Quarry Nagar, Coimbatore, Maharashtra	IN
S3-004937	Lantern Textiles	41 Clearwater Marg, Thistle Nagar, Jaipur	IN
S3-002976	Ironwood Chemicals Private Liited	178 Kestrel Marg, Indore, Rajasthan, 650817	India
S3-000007	Brightpath Pvt Ldt	374 Clearwater Marg Vertex Nagar Opp. Bus Depot Pune 538164	IN
S3-000557	Motors Vertex	159 Meridian Road, Silverline Park, Peoria	USA
S3-000947	Juniper Consultany Ltd	35/16 Summit St, Juniper Nagar, Jaipur, 524883	India
S3-009226	Industries Raenwood and SonsL td	Sunstone St, Ravenwood Nagar, Kochi, Kerala, 517609	IN
S3-002439	LanternC onsultancy Ltd	341 Onyx Road Apex Nagar Inddore MP 734156	India
S3-000228	Summit Solutinos	9 Meridian St, Quarry Nagar, Near SBI ATM, Coimbatore, MP	IN
S3-007026	Kestrel Systems Limitedd Liability Company	72 Clearwater St Kestrel Park Fresno AL 84400	USA
S3-000651	Facon Enterprisse Ltd	252 Apex Mn, Brightpath Nagar, Coimbatore, Rajasthan	India
S3-004768	Redwood Enterprrises Pvt Ltd	85 Meridian Marg, Indore, 456526	India
S3-004752	Kestrel Packaging Corporation	96 Northgate Dr, Austin, CA	United States
S3-001069	Harbor Coorp	217 Goldleaf St, Cobalt Park, Lubbock, 26908	USA
S3-005569	Falcon Industries LLLC	Ravenwood Rd, Fresno, 83492	United States
S3-000643	Falcon Textiles Corp	144 Cobalt Boulevard, Thistle Park, Lubbokc, 46912	United States
S3-005779	Meridian Consultancya nd Sons	65 Kestrel Mn, Maplecrest Nagar, Kochi	IN
S3-000514	Vertexx LLC	214 Apex Street, Near Exit 14, Thistle Park, Austin, OH	US
S3-001980	Vertex Enterprises LLC	397 Quary Ave, Quarry Park, Peoria	USA
S3-004850	Onyx Industries Harbor Private Limietd	119 Kestrel Rd, Pune, Quarry Nagar	India
S3-004453	Clearwater, EEnterprises and Snos Incorporated	Harbor St, Mobile, CA	US
S3-005918	Juniper Logistics	86 Sunstone Street, Kestrel Park, Akron, CA, 40652	US
S3-008655	Silverine P Ltd	1533 Brightpath St, Bluepeak Nagar, Kochi	India
S3-001498	Harbor Txetiles LLC	5/40 Falcon Street, Clearwater Park, Mobile, IL, 27776	USA
S3-003923	Harbor Clearwater Industries Ltd	68 Lantern Crs, Near SBI ATM, Coimbatore, Gujarat, 345414	India
S3-008948	Northgate Soluions and Sons	Brightpath Rd, Kestrel Park, Tacoma, IL, 81758	USA
S3-005481	Sunstone Bluepaek Motors LLC	229 Lantern Boulevard, Tacoma	US
S3-007838	Snstnoe Enterprises	13/52 Northgate Cross, Redwood Nagar, Kochi, 990966	India
S3-002903	Juniper Maplecrest Textiles Inc	53 Cobalt Dr Apex Park Near Exit 14 Fresno AL 74665	United States
S3-005881	Cobalt Co	Meridian St, Harbor Park, Lubbock, 60797	USA
S3-002122	Onyx Packaging and Sons LLC	42 Blueeak Drive Meridian Park Mobile CA 43060	USA
S3-000385	Ironwood Meridian Textiles P Ltd	Near SBI ATM, 365 Kestrel Road, Ironwood Nagar, Coimbatore, 422709	India
S3-007901	Nortgate, Foods Inc	392 Meridian Blvd, Meridian Park, Akron, TX, 56439	United States
S3-004896	Lantern Servcies	24 Onyx Coss Thistle Nagar Jaipur Maharashtra 954970	India
S3-002784	Ravenwood Harbor Foods Privtae Limited	66 Vertex Rd Silverline Nagar Indore Gujarat	India
S3-001236	Ravenwood Thistle Electriacls LLC	98 Thistle Drive, Fresno	USA
S3-009209	Fabrics, Sunstone	303 Stonebridge Marg, Austin, 671679	India
S3-005452	Bluepeak Silverlien Solutions Corporation	204 Quarry Rd, Thistle Park, Mobile, AL	US
S3-002807	Fabrics Sunstone and Sons Inc	247 Quarry Avenue, Juniper Park, Akron, WA, 89729	US
S3-001533	Kestrel Ltd	Thistle Nagar, Indore, 586150, 15/11 Quarry Marg	IN
S3-007626	Onyx Cobbalt Enterprises and SonsC ompany	29/9 Summit Street, Redwood Nagar, Fresno, Maharashtra, 771914	IN
S3-000467	Juniper Eletricals Pvt Ltd	290 Vertex Marg, Silverline Nagar, Indore, 679200	India
S3-004653	NorthgateFabrics, Corp	33/16 Juniper Rd Goldleaf Park Akron	US
S3-006298	Ironwood, Foods Incorporated	Near Exit 14, 252 Maplecrest Avenue, Austin, CA, 30163	US
S3-005109	Sunstone, LLC	234 Meridian Boulevar, Sunstone Park, Akron, TX, 87609	USA
S3-007539	Quarry Loistics Pvt Ltd	172 Vertex Street, Bluepeak Nagar, Indore,, 552116	IN
S3-006190	Bluepeak otors	37/58 Quarry Blvd, Orchid Park, Peoria, 21511	United States
S3-003287	Bluepeak, Consultancy Co	233 Stonebridge Avenue, Lantern Park, Austin	United States
S3-005697	Stonebridge Corporation	392 Harbor Boulevard, Bluepeak Park, Fresno, 75426	US
S3-007473	Goldleaf Fabrics Limited Liability Company	Stonebridge Rd, Kestrel Park, Tacoma	USA
S3-002053	Quarry Motors Company	397 Stonebridge Avenue Austin TX 97893	US
S3-000735	Quarry Redwood Foods & Sons Corporation	9/2 Thistle Dr, Near Exit 14, Quarry Park, Akron, AL, 98431	US
S3-000962	Lantern Electricals Limited	164 Goldleaf Marg Goldleaf Nagar Nagpur 114974	IN
S3-000181	Lanterrn Fabrics Company	58 Thistle Boulevard, Bluepeak Park, Tacoma, TX, 39804	USA
S3-008529	Sunstone Consultancy	16 Brightpath Road, Harbor Nagar, Jaipur, Rajasthan	India
S3-002627	Vertex and Sons Incorporated	121 Sunstone Avenue Ironwood Park Tacoma AL 68175	United States
S3-002943	Enterprises Maplecest	Near SBI ATM 32/55 Summit Mn Maplecrest Nagar Pune Gujarat 947036	IN
S3-000622	Clerwater Foods Incorporated	Opp. City Library, 33/21 Goldleaf Boulevard, Maplecrest Park, Tacoma, AL	United States
S3-000095	Clearwater MMotors Ltd	342 Summit Crs, Harbor Nagar, Coimbatore, MP, 135663	India
S3-006122	Northgate Chemicals Inc	188 Juniper Street, Sunstone Park, Behind the Civic Center, Lubbock, WA, 33950	United States
S3-005032	Northgate Industries Limited	20 Stonebridge Main, Lantern Nagar, Opp. Bus Depot, Indore, Kerala	IN
S3-007318	Stonebridge Goldleaf Motors Pvt Ltd	42 Ironwood Maain Indore Maharashtra 962899	IN
S3-003533	Lantern Bluepeak Chemicals Pvt Ltd	Quarry Marg, Jaipur, 111320	India
S3-006790	Northgate Meridian Soluutions Ltd	153 Maplecrest Marg, Jaipur, Kerala, 221742	India
S3-004019	Redwood, Industires Privtae Limited	250 Ironwood Street, Silverline Nagar, Coimbatore, 581350	IN
S3-002698	Northgate Maplecrest Systems and Sons LLC	273 Ravenwood Road, Austni, WA, Lantern Park	United States
S3-006256	Quarry Ravenwood Foods Inc	171 Harbor Rd, Kestrel Park, Behind the Civic Center, Fresno, 68514	United States
S3-005160	Enterprises Northgate Siverline Inc	Opp. City Library 209 Falcon Drive Peoria WA 16358	US
S3-009034	Sunstone Motors LLC	Near Exit 14, 166 Quarry Rd, Lantern Park, Mobile	USA
S3-002506	Apex Loggistcis Inc	Behind the Civic Center, 164 Clearwater Dr, Bluepeak Park, Tacoma	US
S3-001752	Kestrel Services	123 Lantern Boulevard, Falcon Park, Austin, WA, 87393	USA
S3-004401	Juniper Solutions Corporation	33/71 Onyx Boulevard, Lubbock, TX	United States
S3-007056	Orchid Fabrics & Sons P Ltd	383 Brightpath Road, Indore, Rajasthan, 353199	IN
S3-004890	Redwood Trading and Sons vPt Ltd	122 Vertex St, Sunstone Nagar, Jaipur, Gujarat	India
S3-003462	Ravenwood Vertex Chemicals Corporaion	77 Clearwater Road Vertex Park Fresno CA	USA
S3-007655	Juniper Solutions Incorporated	Bluepeak Blvd, Near Exit 14, Vertex Park, Mobile, IL, 18209	United States
S3-003690	Silverline, Industries SunstoneP  Ltd	128 Northgate Marg, Brightpath Nagar, Coimbatore, Tamil Nadu	IN
S3-002577	Suunstone Corporation	134 Lantern Street Peoria IL 94876	US
S3-006620	Juiper Solutions Private Limited	Ironwood Road, Meridian Nagar, Jaipur, 441522	India
S3-006207	Bluepeak Chemicals Corp	168 Juniper Road, Goldleaf Park, Mobile, IL	US
S3-008760	Kestrel lCearwater Textiles & Sons	Near Metro Pillar 42, 17 Northgate Cross, Nagpur	IN
S3-001541	Coonsultancy Sunstone P Ltd	30/1 Juniper Main, Jaipur, Tamil Nadu, 594903	IN
S3-006267	Clearwate rand Sons Company	380 Ironwood Rd, Falcon Park, Tacoma	United States
S3-002341	Smuit Chemicals	79 Maplecrest Main Sunstone Nagar Kochi Tamil Nadu	India
S3-007321	Juniper, Logistics	Meridian St, Peoria, TX, 37693	USA
S3-005165	Vertex, Chemicals	145 Juniper Rd, Onyx Park, Fresno, 26254	USA
S3-006603	Silverrline Packaging & Sons P Ltd	Redwood Rd Near Metro Pillar 42 Onyx Nagar Kochi	India
S3-005807	Thistle Private Limited	217 Cobalt Marg, Clearwater Nagar, Coimbatore, Tamil Nadu, 852164	IN
S3-001212	Onyx	271 Maplecrest Cross, Juniper Nagar, Nagpur, Rajasthan, 652554	India
S3-001047	Clearwater Txtiles	12/24 Ironwood Cross, Orchid Nagar, Kochi, 702688	India
S3-002470	Stonbridge Industries Inc	171 Ironwood Ave, Onyx Park, Peoria, 32419	United States
S3-006719	Consultnacy Meridian	277 Sunstone Drive Meridian Park Peoria 16861	United States
S3-006330	Stonebrideg, Logistics Corproation	307Redwood Drive, Brightpath Park, Austin, TX	United States
S3-002326	Orchdi Chemicals Limited	89 Onyx St, Bluepeak Nagar, Jaipur, 522249	India
S3-003193	Kestrel Bluepeak Liimited Liability Company	Bluepeak St, Behind the Civic Center, Quarry Park, Akron, 87440	United States
S3-000129	Onyx Bluepeak Solutions Corporation	198 Apex Rd, Ravenwood Park, Lubbock, OH	United States
S3-003099	Redwood, Summit Limited	32/39 Juniper Crs, Kochi, 839780	IN
S3-001566	Harbor Logistics Corporation	328 Summit Rd, Northate Park, Lubbock, WA	US
S3-007903	Thistle Industries Corp	Northgate Street, Lubbock, WA	United States
S3-005530	Quarry Consultancy & Sons	127 Quarry Crs, Jaipur, MP, 569957, oCbalt Nagar	IN
S3-006029	Quarry Systems LLLC	Behind the Civic Center, 328 Silverline Dr, Meridian Park, Peoria, OH	USA
S3-003234	Norhgate Trading	Near Metro Pillar 42, 331 Maplecrest Cross, pAex Nagar, Jaipur, Gujarat, 518052	India
S3-005818	Maplecreest Incorporated	295 Redwood Streeet, Mobile	USA
S3-002118	Redwood Consulttancy Corp	302 Falcon Boulevard, Meridian Park, 75688, Mobile	USA
S3-003546	Meridin, Ravenwood Industries Ltd	31/78 Kestrel Marg Surat MP 164854	IN
S3-002969	Brightpath Packaging	Near Metro Pillar 42, 364 Redwood Street, Stonebridge Nagar, Nagpur, Maharashtra	IN
S3-008223	Flacon Co	24 Bluepeak Boulevard, Apex Park, Fresno, 42482	USA
S3-002764	Kestrel Electricals	39 Harbor Avenue, Lantern Park, Peoria, TX, 88257	USA
S3-007769	Northgate Trading	Northgate Crs Summit Nagar Near Metro Pillar 42 Fresno Gujarat 906003	India
S3-008214	Clerawater, Systems P Ltd	Apex Nagar, Jaipur, 38 Vertex Street	India
S3-003242	Irnwood Trading LLC	123 Orchid Dr, Harbor Park, Peoria, OH, 95809	USA
S3-004854	Nortgate, Textiles & Sons Corp	13/71 Ravenwood Street Redwood Park Mobile	US
S3-008713	Apex Enterprises Limited Liabbility ompany	356 Orchid Street, Sunstone Park, Fresno, 29383	US
S3-000219	Lantern Electricals Co	72 Bluepeak Avenue, Kestrel Park, Austin	USA
S3-000472	Falcon Fabrics PL td	Bluepeak Cross, Near Metro Pillar 42, Rajasthan, 506478, Pune	India
S3-003056	Lantern Logistics Limited Liability Company	362 Kestrel Rd, Juniper Park, Austin	USA
S3-001378	Sunsone Packaging Co	Behind the Civic Center, 3 Goldleaf St, Orchid Park, Fresno, CA, 23208	United States
S3-008277	Goldleaf Stonebridge	Pune, Gujarat, Silverline Main	United States
S3-002394	Stoonebridge Fabrics Brightpath	Kestrel Marg Ravenwood Nagar Kochi Kerala	IN
S3-006637	Summit oCnsultancy	12 Juniper Main, Behind Ganesh Temple, Ravenwood Nagar, Jaipur, MP	India
S3-002092	Harbor Foods	30 Thistle Rd, Fresno, 72141	United States
S3-003239	GoldleafC obalt Consultancy and Sons Private Limited	343 Goldleaf St Meridian Nagar Kochi Kerala 918098	India
S3-004475	Thistle, Electricals Private LLimited	186 Ironwood Road Kestrel Nagar Coimbatore	India
S3-005012	Meridian Electricals Private Limited	158 Goldleaf Rd, Harbor Nagar, Nagpur, 446196	India
S3-000203	Stonebridge	372 Kestrel Cross, Harbor Nagar, Pune, Tamil Nadu, 416385	IN
S3-006095	Maplecrest Consultancy Inocrporated	Behind the Civic Center, 123 Reddwood Ave, Akron	US
S3-002507	Northgate Chemicals & Sons P Ltd	283 Harbor Road Opp. Bus Depot Coimbatore Gujarat 820964	India
S3-002024	Bluepeak Foods Company	366 Bluepeak Street Onyx Park Lubbock AL	United States
S3-001863	Goldleaf Electricals Company	Apex Bouleavrd, Cobalt Park, Mobile, 88835	US
S3-008008	Vertex Northgate Electricals LLC	371 Sunstone St, Ironwood Park, Behind the Civic Center, Tacoma, 91190	United States
S3-004214	Enterprises edwood	37/10 Goldleaf Blvd, Lanternn Park, Tacoma, CA, 81629	US
S3-004331	Harbor ServicesCompany	32/33 Meridian Drive, Falcon Park, Fresno, IL, 65582	US
S3-001348	Ravenwood Goldleaf Incorporated	383 Goldleaf Boulevard, Fresno, 14952	USA
S3-002002	Maplecrest Solutions Company	Lantern Road, Behind the Civic Center, Peoria, 28873	USA
S3-001450	Falcon Trading	246 Goldleaf Street Silverline Park Akron IL	USA
S3-008611	Thistle Industries LLC	192 Northgate Dr, Goldleaf Park, Akron, 24022	United States
S3-008692	Meridian Bluepeak Corpration	364 Lantern Crs Near SBI ATM Pune MP	US
S3-003010	Suntsone	314 Vertex Mn, Quarry Nagar, Pune, Gujarat, 600477	IN
S3-006635	Summit Enterpriess Corporation	177 Cobalt Stree, Orchid Park, Mobile, 21645	USA
S3-003341	FalconIndustries Incorporated	259 Cobalt Street, Austin, WA, 79907	US
S3-006934	Cobalt Solutions Private Limited	212 Juniper Mn, Brightpath Nagar, Indore, Maharashtra, 704157	India
S3-006596	Goldleaf Kestrel Services Corp	336 Kestrel Dr, Ironwood Park, Akron, OH, 59671	USA
S3-001516	Falcon, Solutions P Ltd	270 Meridian Marg, Jaipur, 280791	India
S3-004531	Harbor Industries & Sons Co	Bluepeak Dr Maplecrest Park Mobile	USA
S3-007327	Sunstone Enterprises Ltd	Ironwood Mn, Clearwater Nagar, Nagpur, 4066034	India
S3-004033	Summit, Fabrics Inc	346 Cobalt Rd, Bluepeak Park, Opp. City Library, Peoria, 91634	United States
S3-003772	Ape Corp	249 Ionwood Rd, Akron, OH	United States
S3-001981	Cbalt Fabrics	240 Lantern Street, Surat, Gujarat	IN
S3-001392	Lantern Foods Company	Orchid Drive, Lubbock, CA, 47956	United States
S3-006396	Brightapth Co	70 Redwood Blvd, Apex Park, Austin, 63947	US
S3-005724	Vertex rBightpath Trading	Onyx Street Fresno 14264	USA
S3-006045	Vertxe Sunstone Packaging and Sosn Co	53 Orchid Road, Redwood Park, Fresno, WA, 80973	United States
S3-006324	Ravenwood Trading Limited	7 Apex Marg, Clearwater Nagar, Kochi, 511328	IN
S3-005157	Silverline, Vertex Enterprises and Sons Pvt Ltd	12/60 Thistle Rd, Coimbatore, Tamil Nadu	India
S3-008138	Apex Ironwood Packaging Limited	320 Lantern Marg, Falcon Nagar, Pune, Maharashtra	India
S3-004174	Ravenwood Systems Limited	254 Silverline Marg, Stonebridge Nagar, Nagpur	India
S3-002074	Cobalt Lantern SolutionsC orporation	126 Ironwood St, Lantern Park, Fresno, WA, 39217	United States
S3-000025	Maplecrest Redwood Foods	6/10 Redwood Drive, Meridian Park, Tacoma, CA, 58168	USA
S3-008938	Kestrel Logistics & Sons Pvt Ltd	8/49 Maplecrest Marg Nagpur Maharashtra 672452 Summit Nagar	India
S3-000156	Maplecrest Orchid Chemicals	Pune, Rajasthan, 52 Sunstone Street	India
S3-007072	Silverllnie Industries P Ltd	77 Falcon Main, Summit Nagar, Nagpur, 577029	IN
S3-003410	Stonebridge Cobalt Consultncy Ltd	20 Cleawater Road Kochi	IN
S3-003665	Silverline olutions aand Sons	157 Quarry Road, Quarry Park, Austin, 63150	United States
S3-004316	Bluepeak Corp	128 Juniper Road, Behind the Civic Center, Peoria	United States
S3-000434	Sunstone & Sons  PLtd	31 Ironwood Rd, Near SBI ATM, Summit Nagar, Surat, 924007	IN
S3-006542	Bluepeak Quarry Solutions Corporation	27 Meridian Blvd, Quarry Park, Tacoma, WA, 79030	United States
S3-003133	Maplecrest, Textiles and Sons Pvt Ltd	Onyx St, Vertex Nagar, Pune, Kerala, 933881	IN
S3-004246	Brightptah P Ltd	27/46 Ironwood Crs, Quarry Nagar, Nagpur, Rajasthan	India
S3-005914	Juniper Consultancy and Sons P Ltd	Orchid Street, Kestrel Nagar, Indore	India
S3-001109	Meridian, Pvt Ltd	92 Stonebridge Cross, Northgate Nagar, Indore, 831007	India
S3-009009	Meridian Pvt Ltd	Apex Road, Thistle Nagar, Nagpur	India
S3-008236	Ironwod Electricals Inc	196 Vertex Street, Quarry Nagar, Kochi, Maarashtra, 801261	United States
S3-008735	Silevrline, Chemicals	244 Apex Cross, Quarry Nagar, Near SBI ATM, Nagpur, MP	India
S3-002139	Lantern, Solutions Private Limited	256 Onyx Main, Ravenwood Nagar, Surat, 845297	IN
S3-000078	Thistle Textilees Pvt Ltd	196 Bluepeak Street, Jaipur, Kerala	IN
S3-004003	Brightpath Foods and Sons Private Limited	28/21 Sunstone St, Redwood Nagar, Kochi, Tamil Nadu, 546306	India
S3-005700	Juniper Solutions	174 Kestrl Boulevard, Onyx Park, Lubbock, IL, 64228	US
S3-008805	Brightpath Foods	19/16 Redwood St, Northgate Nagar, Kochi, 162550	India
S3-001939	Kestrel Enterprises Ltd	372 Brightpath Marg, Silverline Nagar, Near SBI ATM, Surat, 529175	IN
S3-007199	Goldleaf Electrials Co	Falcon Rd, Cobalt Park, Mobile, IL, 17731	USA
S3-003015	Onyx	214 Clearwater Blvd Brightpath Park Fresno WA 94716	USA
S3-001288	Cobalt, Chemicals and SSons Pvt Ltd	184 Meridian Road Nagpur 497380	India
S3-001008	Orchid, Coorporation	10/17 Kestrel Ave, Austin,  AL, 37206	US
S3-001383	Goldleaf Enterprises P Ldt	321 Bluepeak Crs, Northgate  Nagar, Pune	IN
S3-004741	Maplecrest Trading P Ltd	125 Onyx Street, Summit Nagar, Coimbatore, Kerala, 403882	IN
S3-004823	Orchid Electricals	Goldleaf Drive, Stonebridge Park, Tacoma, AL, 57509	USA
S3-008766	Juniper, Fabrics Limited Liability Company	319 Onyx Marg Lubbock Taml Nadu 421002	IN
S3-002653	Meridian Conssultancy Private Limited	168 Goldleaf Mn, Northgate agar, Jaipur, 329716	IN
S3-007766	Clearwater Chemicals LLC	39/52 Meridian Ave, Bluepeak Park, Akron, 60220	USA
S3-008989	Junipre Motors & Sons Co	Goldleaf Park, Fresno, CA, 99129, 342 Maplecrest Avenue	United States
S3-002434	Kestrel Meridian Consultancy Limited	45 Kestrel Marg, Coimbatore, 433415	India
S3-004299	Maplecrest, Indstries Co	37 Juniper Roda, Akron	US
S3-007172	Claerwater Fabrics	248 Thistle Mn Silverline Nagar Coimbatore 922146	India
S3-002100	Silverline, Cobalt Solutions Corp	Behind the Civic Center, Onyx Road, Sunstone Park, Tacoma, IL, 71925	United States
S3-006641	Thisstle P Ltd	37/32 Bluepeak Mn Onyx Nagar Indore Rajasthan 565092	India
S3-002290	Maplecrest Logistics Corpoation	177 Northgate Drive, Clearwater Par, Austin, 88719	USA
S3-008033	Orchid Falcon Systems LLC	38/68 Orchid Mn, Cobalt Nagar, Fresno, 926427	IN
S3-007521	Brightpath Private Limited	Vertex Main, Juniper Nagar, Surat, Rajasthan	IN
S3-002517	Northgate, Foods Corp	35/44 Apex Street, Onyx Park, Peoria, AL	United States
S3-006753	Bluepeak Chemicals Corp	22/2 Goldleaf Road, Apex Park, Peoria, CA, 68422	US
S3-006082	Fabrics Juniper LLC	154 Brightpath Blvd, Bluepeak Park, Lubbock, TX, 36486	United States
S3-000200	Ravenwood TextilessL td	9/74 Quarry Marg Falcon Nagar Kochi 574340	IN
S3-008629	Quarr yChemicals and Sons	6/22 Clearwater Mn, Maplecrest Nagar, Kochi	IN
S3-004466	Quarrry Lantern Consultancy Limited	56 Maplecrest Street, Brightpath Nagar, Nagpur	IN
S3-001509	Sunstone Trading Ltd	263 Goldleaf Mn, Jaipur, Maharashtra, 872649	India
S3-002496	Summmit Electricals	22/66 Summit Ave, Clearwater Park, Lubbock, CA, 75278	USA
S3-009018	Ape xTextiles P Ltd	Silverline Main, Nagpur, Maharashtra, 576507	IN
S3-000344	Systems Falcon Private Limited	84 Silverline Marg, Onyx Nagar, Pune, 733769	India
S3-000963	Onyx Redwood Corpoartion	216 Bluepeak Street, Opp. City Libarry, Maplecrest Park, Lubbock, 59643	United States
S3-004172	Stonebridge and Sons LLC	90 Onyx Avenue, Lubbock, 89712	United States
S3-000734	Quarry Sysstems	300 Kestrel Avenue, Behind the Civic Center, Lantern Park, Peoria, TX	United States
S3-006632	Maplecrest Onyx Motors and Sons Private Liimited	36 Lantern Road, Quarry Nagar, Jaipur, Rajasthan, 271512	India
S3-003253	Falcon Silverline Logistcis and Sons P Ltd	107 Juniper Street, Quarry Nagar, Tamil Nadu, Nagpur	India
S3-003217	Meridian Sytems and Sons Limited	336 Harbor Crs, Ravenwood Nagar, Nagpur, 678878, Opp. Bus Depot	IN
S3-004694	Electircals Stonebridge P Ltd	26/37 Thistle Main, Ironwood Nagar, Surat, 151358	India
S3-005066	Brightpath Tetiles LLC	270 Apex Road, Ironwood Park, Mobile, CA, 99564	USA
S3-003846	Goldleaf Textiles P Ltd	301 Meridian Marg, Onyx Nagar, Pune, MP, 483940	India
S3-007779	Bluepeakk Trading	277 Falcon Blvd, Fresno, CA, 88744	USA
S3-005085	Goldleaf Bluepeak & Sons LLC	120 Lantern Blvd, Maplecrest Park, Mobile, 39462	United States
S3-006352	Sunstone Enterprises & Sons	349 Brighttpath Avenue, Behind the Civic Center, Akron, WA	US
S3-008562	Systems, Maplecrest &S ons Company	95 Thistle Rd, Vertex Park, Mobile	US
S3-008797	Summit Fabrics & Sons Corporation	247 Ravenwood Marg, Brightpath Nagar, Kochi, Maharashtra	United States
S3-005675	Lantern Foosd	297 Redwood Boulevard, Onyx Park, Austin, 16273	United States
S3-004398	Redwood Systems P Ltd	326 Redwood  Cross, Behind Ganesh Temple, Kochi, 656855	India
S3-002428	Goldleaf Services	334 Lantern Rd, Apex Park, Austin, 45717	US
S3-000708	Brihgtpath Trading Private Limited	Stonebridge Nagar Jaipur 355026 323 Juniper Rd	India
S3-007133	Sunstone Foosd Limited Liability Company	160 Cobalt Crs Junipr Nagar Lubbock	IN
S3-000689	Bluepeak Fabrics Private Limited	Cbalt St, Meridian Nagar, Pune, Rajasthan, 718226	India
S3-002207	Goldleaf Packaging Limited	Near SBI ATM, 267 Clearwater St, Pune, Maharashtra, 808653	IN
S3-005998	Goldleaf, Motors	38 Kestrel Drive, Apex Park, Austin, OH, 83143	USA
S3-006927	Goldleaf Systems Co	69 Goldleaf Road, Austin, Rajasthan, 432473	India
S3-007050	Brightpath Northgate Chemicals	Kestrel Marg, Surat, 631053	India
S3-003306	Ravenwood Systems	336 Bluepeak Mn, Falcon Nagar, Rajasthan, Jaipur	India
S3-000993	Northgate Solutions Coorporation	Bluepeak Dr, Quarry Park, Mobile, IL, 71192	USA
S3-004540	Lantern Trading Corpoartion	Redwood Ave, Apex Park, Peoria	United States
S3-009102	Nortghate Textiles Company	382 Meridian Road, Near Exit 14, Tacoma, TX, 16346	USA
S3-000914	Orchid Pvt  Ltd	165 Kestrel Main Kochi	India
S3-006540	Juniper Harbor Fabrics Ld	55 Vertex Marg, Near Metro Pillar 42, Clearwater Nagar, Pune, 925808	India
S3-000777	Ketsrel, Ltd	151 Summit Street, Ravenwood Nagar, Pune, 894295	India
S3-008881	Bluepea Limited Liability Company	37/81 Falcon Dr, Fresno, WA, 31782	United States
S3-006463	Harbbor Packaging and Sons Inc	108 Meridian Blvd, Akron, 39576	USA
S3-004127	Industries uSnstone Thistle Ltd	92 Onyx Marg Nagpur Gujarat 604249	India
S3-006917	Mootors Bluepeak	164 Summit Drive, Maplecrest Park, Akron, OH, 51015	IN
S3-005426	Stonebridge Textiles P Ltd	36 Silverline Cross, Summit Nagar, Nagpur, Rajasthan, 568259	India
S3-003111	Vertex Redwood Foods LLC	Behind the Civvic Center Apex Drive Redwood Park Peoria 15060	United States
S3-004897	Northgate Foods &S ons Pvt Ltd	35 Cobalt Road, Summit Nagar, Surat, 215714	India
S3-004990	Sunsoe Northgate Services Corp	226 Thistle Blvd, Orchid Park, Austin, OH	United States
S3-006359	Sunstone Industries	314 Silverline Avenue Thistle Park Akron CA 78087	US
S3-005693	Redwood, Trading Private Limmietd	270 Meridian Crs, Coimbatore, 999658	India
S3-000484	Onyx Thistle Corporation	11/47 Clearwater Road, Vertex Park, Fresno, 79662	United States
S3-008425	Cobalt Limited	377 Maplecrest Mn Jaipur 386315	IN
S3-003666	Silverline Solutions Co	Opp. City Libraryy, 157 Quarry Road, Quarry Park, Austin, WA, 63150	US
S3-006776	Redwood Solutions Limited	253 Orchid Crs, Maplecrest Nagar, Surat	India
S3-002736	Redwood Industrise Corp	Cobalt St Orchid Park Austin 23918	United States
S3-002569	Sunstone Stonebridge Systems Private Limited	374 Falcon Marg, Coimbatore, 286676	India
S3-004393	Raavenwood Solutions Limited	Bightpath Main, Kestrel Nagar, Kochi, MP, 525718	IN
S3-002486	Apex Servvices	137 Kestrel Road, Brightpath Nagar, Kochi, 365288	India
S3-007928	Falcon Trading Compay	Near SBI ATM, Kestrel Road, Clearwater Nagar, Fresno, 252568, Kerala	IN
S3-002759	Juniper Solutions IIncorporaed	301 Goldleaf Avenue Lubbock TX 56431	United States
S3-003938	Orchid Maplecrest FabricsP vt Ltd	227 Lantern Crs, Goldleaf Nagar, Coimbatore, 651525	IN
S3-003415	Summit Solutions Inc	11 Apex Boulevard, Opp. City Library, Lantern Park, Peoria, CA, 74779	United States
S3-006008	Juniper,  PLtd	5 Onyx Cross, Juniper Nagar, Nagpur, Kerala	IN
S3-003181	Apex  Inc	352 Northgate Drive, Fresno, 90046	United States
S3-000403	Stonebridge Industries Corp	229 Ironwood Drive, Tacoma	USA
S3-006588	Northgate Logistics Innc	89 Vertex Blvd, Bluepak Park, Opp. City Library, Lubbock, 82190	United States
S3-000865	Onyx Fabrics and Sons Private Limited	337 Vertex Rd, Clearwater Nagar, Near Metro Pillar 42, Pune	IN
S3-003161	Kestrel Ltd	247 Silverline Road, Goldleaf Nagar, Surat, Rajasthan, 306041	IN
S3-002704	Cobalt	143 Ravenwood Street, Kochi, Kerala, 189829	India
S3-008046	Maplecrest Trading LLtd	31/61 Falcon Cross, Meridian Nagar, Jaipur, Rajasthan, 723592	India
S3-007863	Ravvenwood Logistics Limited Liability Company	204 Ravenwood Rd, Fresno, AL, 10960	US
S3-006512	Snstone, Lantrn Enterprises Private Limited	231 Vertex Rd, Summit Nagar, Jaipur, 335864	India
S3-008825	Orchid Consultancy o	125 Thistle Blvd, Stonebridge Park, Fresno, 75823	USA
S3-000364	Stonebridge Fabrics LLC	276 Cobalt Ave Opp. City Library Thistle Park Akron 70610	USA
S3-006024	Summit, Induustries Corp	164 Lantern Drive, Summit Park, Mobile	United States
S3-004080	Meridian Systems && Sons Limited	396 Ironwood Cros Juniper Nagar Nagpur Kerala	IN
S3-008333	Appex Foods and Sons	40 Clearwater Mrag, Akron	India
S3-006693	Stonebridge Fabrics Private Lmiited	311 Harbor Marg, Silverline Nagar, Pune	IN
S3-005719	Thistle eSrvices P Ltd	2 Falcon Marg, Silverline Nagar, Jaipur, Maharashtra, 585065	IN
S3-002544	Nothgate Electricals Inc	132 Thistle Bouevard, Silverline Park, Austin, OH, 91800	US
S3-003779	Goldlea fIndustries Corp	56 Sunstone Ave, Falcon Park, Fresno, IL	USA
S3-004560	Northgate	1 Goldleaf Blvd, Austin, WA, 96758	US
S3-004705	Ravenwood SummitF ods and Sons	83 Orchid Rd Thistle Nagar Kochi MP 153277	India
S3-008917	Ony Limitd	309 Vertex St, Sunstone Nagar, Nagpur, Tamil Nadu	IN
S3-002495	Junipper, Enterprises Co	78 Kestrel Blvd, Tacom, OH, 55165	USA
S3-000586	Maplecrest Industries Co	Near Exit 14, 250 Apex Street, Akron, 24828	United States
S3-002774	Onnyx Motors and Sons	314 Maplecrest Mn, Meridian Nagar, Coimbatore, Gujarat, 198048	India
S3-002311	Redwood Systems and oSns Corp	37/13 Bluepeak Avenue, Mobile, 56259	US
S3-002229	Meridian Packaging Redwood Incorporated	Silverline Avenue, Sunstone Park, Mobile, AL	US
S3-000634	Enterprises, Maplecrest Corporation	274 Falcon Street Junier Park Akron OH	US
S3-000066	Cobalt Services Inc	Behind the Civic Center, Northgate Park, Fresno, 96420, 250 Summit Rd	United States
S3-005983	HarborIndustries Incorporated	Near Exit 14 190 Summit Avenue Harbor Park Austin AL 21494	US
S3-008589	Stonebridge, Services Limited	246 Cobalt Mn, Ironwood Nagarr, Surat, Tamil Nadu	India
S3-005221	Silverline Chemicals Incorpoarted	204 Thistle Dr Lubbock	USA
S3-005472	Summit Chemicals Incorporated	112 Redwood Avenue, Kestrel Park, Near Exit 14, Akron	USA
S3-001361	Ravnewood, Services Incorporated	248 Northgate Road, Opp. City Library, Northgate Park, Akron, 84981	United States
S3-005483	Junier Motors	238 Northgate Road, Falcon Park, Akron, 64168	USA
S3-000903	Orchid Foods Ltd	7/17 Brightpath Cross, Redwood Nagar, Surat	India
S3-002186	Juniper Packaging and Sonss P Ltd	Kestrel Marg Redwood Nagar Jaipur	IN
S3-006589	Cobalt, Packaging Ltd	36/58 Maplecrest Crs Silverline Nagar Coimbatore Tamil Nadu 518647	India
S3-004394	Ravenwood, Solutions Ltd	295 Brightpath Main Kestrel Nagar Kochi MP 525718	India
S3-007835	Clearwater Services Company	93 Brightpath Dr, Harbor Park, Peoria, CA, 39325	United States
S3-003616	Blueeak Lantern Textiles Ltd	199 Cobalt Rd, Goldleaf Nagar, Kochi, Kerala	IN
S3-003612	Quarry Summit Packaging and Sons Pvvt Ltd	301 Northgate Mn Nagpur	IN
S3-000205	Stonebridge Traading & Sons Ltd	105 Meridian Crs, Pune, 656578	India
S3-007880	Falconn, Foods LLC	87 Vertex Rd, Ironwood Park, Mobile, 63117	United States
S3-002869	Ravenwood Consulatncy P Ltd	112 Stonebridge Mn Bluepeak Nagar Jaipur Rajasthan 864377	IN
S3-006209	Goldleaf Stonebridge Consultancy Private Limited	298 Sunstone Cross, Brightpath Nagar, Indore, 474050	IN
S3-000330	Ironwodo Trading Co	128 Orchid Dr, Sunstone Park, Tacoma	United States
S3-004700	Brightpath Consultancy Limited Liability Company	5 Northgate Blvd, Mobile, 88791	US
S3-007179	Fabrics Apex and Sons	Behind Ganesh Temple, Northgate Crs, Cobalt Nagar, Nagpur, Tamil Nadu, 296496	IN
S3-003398	Maplecrest, Harbo & Sons Private Limited	386 Summit Rd, Harbor Nagar, Jaipur, Tamil Nadu, 981264	IN
S3-000611	Lantern  Vertex	173 Northgate Boulevard,, Peoria, TX, 23940	US
S3-007355	Thistle Foods imited	Silverline Main, Sunstone Nagar, Kochi, Maharashtra 539128	India
S3-003270	Stonebridge extiles Lantern & Sons Co	280 Sunstone Avenue, Orchid Park, Lubbock, 17653	United States
S3-007565	Junipper Services Private Limited	347 Kestrel St, Surat, 916413	India
S3-007675	Quarry oSlutions Co	247 Onyx Street, Ravenwood Park, Austin, CA, 87124	US
S3-004996	Bluepea Texiles Limited Liability Company	276 Kestrel Street Sunstone Park Mobile CA 19546	US
S3-000868	Stonebrige Solutions and Sons Limited Liability Company	109 Kestrel Road, Apex Park, Lubbock, AL, 57514	USA
S3-004209	Silverline Systems Private Limited	28 Sunstone Marg Vertex Nagar Coimbatore Tamil Nadu	India
S3-001933	Summit Incorporatde	136 Orchid Boulevard, Northgate Park, Opp. City Library, Austin, CA, 60645	USA
S3-005868	Chemicals P Ltd	Lantern Marg, Near SBI ATM, Harbor Nagar, Jaipur, Kerala, 828478	IN
S3-007631	Brightpathh Electriclas Pvt Ltd	31 Vertex Crs, Harbor Nagar, Behind Ganesh Temple, Nagpur,Maharashtra	India
S3-007843	Cobalt Apex Systems	254 Ironwood Street, Summit Park, Fresno, OH, 57396	US
S3-005543	Brightpaht Quarry	23 Redwood Dr, Mobile, WA, 53488	United States
S3-001225	Falcon, Systems and oSns Pvt Ltd	Sunstone Marg, Ravenwoo Nagar, Indore, Kerala, 908772	IN
S3-002404	Quarry Electricals Inc	73 Bluepeak Drive, Ravenwood Park, Lubbock, CA, 85230	USA
S3-005608	Redwood Chemicals	307 Onyx Main, Jaipur, Tamil Nadu	IN
S3-008348	Apex Fabrics and Sons Private Limited	317 Summit Drive, Meridian Park, Akron, OH, 47727	India
S3-003620	Cobalt FoodsP rivate Limited	44 Northgate St, Falcon Nagar, Kochi, Gujarat	IN
S3-000601	Bluepeak Junipe rCompany	252 Kestrel Rd, Maplecrest Park, Opp. City Library, Lubbock, 88755	USA
S3-005044	Apex, Fabric LLC	339 Northgate Street, Near Exit 14, Bluepeak Park, Lubbock, WA	USA
S3-004011	Bluepeak Enterprises Inc	244 Ironwood Ave Kestrel Park Akron OH 21090	United States
S3-002450	Thistle Enterprises and Sons Private Limited	Quarry Crs Kochi Kerala 331227	India
S3-000321	Orchid Electricals Limited	364 Falcon Crs, Ravenwood Nagar, Surat, 708958	India
S3-005283	Juniper Fabrics Limited	24 Juniper Rd, Pune	IN
S3-001325	Brightpah Packaging Company	Mobile 96444 Apex Avenue	United States
S3-004688	Northgate Coonsultancy	197 Falcon Rd, Ravenwood Nagar, Pune, MP, 198884	India
S3-005631	Goldelaf	163 Vertex treet, Nagpur, Kerala, 728181	IN
S3-002760	Sunstone Solutioons	79 Cobalt Boulevard, Harbor Park, Lubbock, AL	United States
S3-005878	Ironwood Sunstone Industries Ltd	151 Goldleaf Main, Bluepeak Nagar, Behind Ganesh Temple, Surat, Tamil Nadu, 952253	IN
S3-006175	Redwood Redwood Textiles P Ltd	Redwood Road, Stonebridge Nagar, Coimbatore, Rajasthan	India
S3-007426	Ravenwood Electricals Limitted	Opp. City Library, Harbor Avenue, Quarry Park, Akron, OH, 95005	India
S3-003275	Solutions Maplecrest Pvt Ltd	343 Cobalt Cross, Nagpur, Summit Nagar	India
S3-004939	Ravenwood, Fabrics Limited	182 Northgate Crs, Nagpur, 396721	IN
S3-005031	Northgate Inddustries Ltd	20 Stonebridge Mn Lantern Nagar Indore Kerala	IN
S3-009042	Apex Packaging Incorporated	377 Harbor Ave Redwood Park Near Exit 14 Austin IL 55854	United States
S3-006125	Solutions KestrelLLC	215 Onyx Blvd, Meridian Park, Tacoma, AL	United States
S3-003443	Systems Thistle P Ltd	233 Silverline Road Lantern Nagar Near Metro Pillar 42 Indore Maharashtra 169424	India
S3-003947	Stonebridge Foodds Private Limited	36 Meridian Mn, Goldleaf Nagar, Nagpur, Tamil Nadu	India
S3-003429	Falcon Solutions and Son Limited	112 Ironwood Road, Near Metro Pillar 42, Ravenwood Nagar, Pune, Rajasthan, 1108840	India
S3-006774	Chemicals OOnyx	20/60 Vertex Mn Meridian Nagar Nagpur Kerala 374558	IN
S3-007440	Thistle Electricals and Sons Pvt Ltd	106 Sunstone Marg, Ironwood Nagar, Nagpur	IN
S3-001091	Bluepeak Electricals Private Limited	30 Lantern Marg, Nagpur, Maharashtra, 499253	IN
S3-007171	Brightpath, oSlutions P Ltd	349 Silverline Street, Near SBI ATM, Clearwater Nagar, Pune	IN
S3-001811	Lantern Onyx Enterprises & SSons	301 Ironwood Street Ironwood Nagar Kochi Maharashtra 487588	India
S3-008496	Stonebridge Bluepeak Texxtiles Company	245 Falcon Marg Silverline Nagar Opp. Bus Depot Tacoma Kerala 387414	India
S3-001407	Meridian Logistics Co	351 Orchid Dr, Kestrel Park, Lubbock	US
S3-006931	Bightpath Chemicals	Behind Ganesh Temple, 141 Orchid Mn, Nagpur, 378765	India
S3-007457	Maplecrest Kestrel Industries Limited Liability Company	36/24 Lantern Boulevard, Akron, IL, 28272	USA
S3-000293	Ravenwood Consultancy P Ltd	188 Harbor Street, Pune	IN
S3-008715	Cobalt Systems Limited Liability Company	77 Cobalt Road, Apex Park, Mobile, OH, 56688	United States
S3-007377	Lanetrn Foods	312 Falcon Boulevard Fresno WA 76777	IN
S3-001413	Silverline Ravenwood lectricals Corporation	131 Thistle Avenue, Ironwood Park, Austin, AL	USA
S3-002381	Vertex Solutions Private Limited	Near SBI ATM 99 Brightpath Street Indore Gujarat 418937	India
S3-003248	Ironwood Services P Ltd	141 Brightpath Main, Jaipur, Maharashtra	IN
S3-000958	Falcon Systems P Ltd	15/10 Summit Street Kochi	IN
S3-006484	Maplecrest Onyx Systems imited	387 Lantern Road, Sunstone Nagar, Indore, Rajasthan, 668348	India
S3-002514	Stonebridge Clearwater Limited Liability Company	112 Falcon Avenue, Akron, WA	USA
S3-005478	Vertex Northgate Foods LLC	336 Thistle Avenue, Akron, WA, 25045	US
S3-008782	Quarry Mottors LLC	106 Sunstone Street, Redwood Park, Austin, TX, 66125	US
S3-007875	Redwood Packaging & Sons P Ltd	81 Harbor Crs, Falcon Nagar, Near Metro Pillar 42, Surat, MP	India
S3-004870	Goldleaf Industries Ltd	17 Lantern Mn, Stonebridge Nagar, Surat, Tamil Nadu	India
S3-005552	Trdaing Bluepeak	208 Onyx Dr, Opp. City Library, Akron, AL	US
S3-005372	Haror	207 Meridian Boulevard, Harbor Park, Lubbock, WA	US
S3-002366	Maplecrest Quarry Limited	322 Kestrel Crs Northgate Nagar Indore 311406	India
S3-007250	Maplecrest Solutions IInc	25/86 Lanterrn Rd, Sunstone Nagar, Pune, Tamil Nadu, 776288	US
S3-005550	Stonebridge Solutions	85 Clearwater Marg, Sunstone Nagar, Kochi, Kerala, 175791	India
S3-004188	Lantern Kestrel Private imited	320 Silverline Marg Juniper Nagar Nagpur Rajasthan 857052	India
S3-001977	Onyx Electricals	365 Maplecrest St, Vertex Park, Austin, TX	US
S3-004843	Rewood Foods Pvt Ltd	17/79 Onyx Marg, Sunsstone Nagar, Indore, Maharashtra, 620866	IN
S3-002905	Thistle Summit Fabrcs and Sons Pvt Ltd	380 Silverline Marg Orchid Nagar Indore	IN
S3-006560	Kestrel Solutions Private Limited	262 Kestrel Road Behind Ganesh Temple Kestrel Nagar Pune 241464	IN
S3-005584	Solutions, Summit LLC	239 Thistle St, Sunstone Park, Peoria, TX, 38926	USA
S3-003162	Vertex Solutions Ltd	372 Cobalt Crs, Ironwood Nagar, Surat	India
S3-007667	Stonebridge Consultancy nc	251 Juniper Mn Stonebridge Nagar Mobile Rajasthan 150747	IN
S3-007392	Motors Vertex Vertex Pvt Ltd	359 Kestrel Street, Surat, IL, 20898	USA
S3-004921	Kestrel Incorporated	140 Apex Boulevard Clearwater Park Akron AL 86689	United States
S3-000520	Northgtae	46 Brightpath Road, Quarry Park, Austin, AL	US
S3-005460	Maplecrest Consultacy Pvtt Ltd	104 Juniper Mn, Kochi, 670743	IN
S3-001076	Elctricals Private Limited	122 Meridian St, Coimbatore	India
S3-003931	Bluepeak Industries LLC	Behind the Civic Center, 187 Falcon Blvd, Kestrel Park, Austin, WA	USA
S3-007724	Thistle Packaging and Sons Limited	104 Sunstone St, Ironwood Nagar, Pune, 257895	India
S3-004644	Harbor Consultancy Private Limited	333 Falcon St Ironwood Nagar Nagpur 881009	IN
S3-007495	Lantern Trading and Sons	15 Brightpath Rd, Jaipur, Kerala, 294476	IN
S3-005573	Harobr Summit Foods	286 Silverline St, Falcon Nagar, Kochi, Kerala	IN
S3-007932	Silverline Co	139 Harbor Avee, Summit Park, Austin, WA, 52493	US
S3-001703	Meidiian Motors P Ltd	277 Northgate Marg Northgate Nagar Nagpur Rajasthan	India
S3-008999	Stonebridge Redwood Indutsriees Pvt Ltd	253 Clearwater Rd, Maplecrest Nagar, Indore	India
S3-002502	Bluepeak Consultancy Limited	63 Cobalt Mn, Apex Nagar, Kochi, Maharashtra, 959060	India
S3-007654	Summit Trading Private Limited	345 Cobalt Boulevard, Northgate Park, Surat, WA, 24553	USA
S3-003185	Stonebridge Chemicals and Sons Incorporated	146 Vertex Blvd, Meridian Park, Mobile, IL	US
S3-001724	Brightpath Textiles Liimited	41 Juniper Cross, Indore, MP, 386439	IN
S3-004620	Cobalt Orchid Packaging	175 Apex Road Sunstone Nagar Coimbatore 947189	India
S3-001809	Juniper Industries	68 Thistle Street, Lantern Nagar, Kochi, Gujarat, 621329	IN
S3-001652	Juniper, Motors Company	3 Vertex Blvd, Vertex Park, Lubbock, OH, 97596	US
S3-008698	Kestrel Chemicas	55 Quarry Street, Clearwater Park, Tacoma	United States
S3-002740	Summit Falcon Tradiing LLC	171 Goldleaf Road, Summit Park, Near Exit 14, Mobile, IL, 64923	USA
S3-001959	Kestrel Trading & Soons	151 Sunstone Ave, Redwood Park, Mobile, AL, 63717	United States
S3-004649	Redwood Goldleaf Textiles	170 Silverline Crs Clearwater Nagar Surat Rajasthan 189105	IN
S3-003305	Ravenwood Systemms Limited	336 Bluepeak Main, Falcon Nagar, Jaipur, Rajasthan	IN
S3-006761	Summit, Chemiicals Private Limited	290 Silverline Marg, Pune, Tamil Nadu	IN
S3-006817	Harbor Maplecret Chemicals and Sons Limited Liability Company	168 Goldleaf Road, Thistle Park, Mobile, OH, 91954	USA
S3-005463	Quarry Enterprises Compaany	155 Northgate Blvd Juniper Park Austin AL 82667	USA
S3-002247	Vertexx Pvt Ltd	20/2 Summit St, Lantern Nagar, Surat, 497298	IN
S3-000341	Thistle L LC	273 Cobalt Avenue Onyx Park Behind the Civic Center Akronn 26529	USA
S3-003481	Stonebbridge Chemicasl Ltd	160 Goldleaf Rd Meridian Nagar Coimbatore MP	India
S3-003049	Ravenwood, Incorporatde	385 Bluepeak Street, Quarry Park, Austin, OH	United States
S3-001081	Cobalt Etnerprises oC	212 Summit Avenue Sunstone Park Fresno 16420	USA
S3-000971	Foods Stonebridge & Sons P Ltd	62 Kestrel St, Redwood Nagar, Surat, 112602	India
S3-004773	Falcon CConsultancy and Sons Company	Redwood Road, Kestrel Park, Mobile	US
S3-006381	Goldleaf, Solutions and Sons Corp	382 Vertex Ave, Silverline Park, Lubbock	United States
S3-001542	Sunstone, Consultancy and Sons Private Limited	30/1 Juniper Mn Jaipur 594903	India
S3-003290	Onyx Motors  Limited	133 Silverline St, Indore, 801890	IN
S3-007614	Kestrel Maplecrest Private Limited	275 Meridian Street, Juniper Park, Indore	US
S3-000645	Bluepeak	Orchid Street Juniper Nagar Indore Rajasthan	IN
S3-001289	Sunstone Pacakging Pvt Ltd	321 Cobalt Marg, Ironwood Nagar, Near SBI ATM, Nagpur, Gujarat, 265540	India
S3-004053	Vertex & Sons	Silverline Blvd, Opp. City Library, Harbor Park, Frseno, AL	US
S3-004672	Kestrel Chemicals	305 Brightpath Mn, Juniper Nagar, Pune, Tamil Nadu	India
S3-008708	Stonebbridge Systems	Falcon Park, Mobile, AL, 38615, 37 Harbor Ave	USA
S3-004669	Silverline Fabrics & Sons Limited	30/36 Maplecrest Marg, Maplecrest Nagar, Indore, Kerala, 252292	India
S3-006796	Bluepeak Foods Co	17 Falcon Rd, Ravenwood Park, Austin, AL, 66678	USA
S3-000354	Mapleccrest	2 Clearwater St Tacoma 66457	United States
S3-004496	Thistle Electricals	262 Brightpath Dr, Brightpath Park, Akron, TX, 30506	United States
S3-002454	Goldleaf, Consultancy Incorporated	301 Silverline Ave, Clearwater Park, Austin, OH	United States
S3-007511	Stonebridge Ironwood Industries and Sons Limited Liability Company	101 Goldleaf Dr Northgate Park Fresno 37533	USA
S3-006739	Coablt Limited	77 Kestrel Road, Cobalt Nagar, Coimbatore, 666036	India
S3-001191	Industrries, Limited	Lantern Marg, Northgate Nagar, Pune	IN
S3-003214	Ironwood Industries Co	338 Sunstone Blvd Onyx Park Near Exit 14 Austin	USA
S3-001729	Redwood Textiles Corpporation	Near Exit 14, 69 Cobalt Drive, Austin, TX	USA
S3-008069	Suunstone, Consultancy Corp	30 Harbor Boulevard Austin TX 80628	USA
S3-000275	Ironwood StonebidgeSystems Pvt Ltd	12/45 Ironwood St, Near Metro Pillar 42, Jaipur, 418940	India
S3-000389	Ironwood, Motors Ldt	Redwood Rd, 442164, Jaipur	India
S3-006009	Orchid Ltd	Bluepeak Mn Lantern Nagar Jaipur 476367	India
S3-005182	Sunstone Brightpath Fabrics	Summit Marg, Apex Nagar, Pune, 452475	India
S3-002212	Thistle Ravenwood Limited Liability Companny	133 Cobalt Road, Falcon Park, Austin, 76060	United States
S3-005484	Summit QQuarry Logistics	Falcon Csr, Harbor Nagar, Indore, 190482	IN
S3-009224	Stonebridge Summit Motors P Ltd	3776 Harbor St, Near Metro Pillar 42, Goldleaf Nagar, Coimbatore, Rajasthan, 995322	IN
S3-003945	Verrtex	385 Redwood St pOp. City Library Ravenwood Park Austin	USA
S3-004802	VertexII nc	55 Sunstone Dr, Onyx Park, Peoria, TX, 50789	USA
S3-008194	Ravenwood Textiles Corp	Opp. City Library, 207 Brightpath Rd, Northgate Park, Akron	United States
S3-004609	Stonebridge Trading P Ltd	42 Ironwood Cross, Stonebridge Nagar, Kochi	India
S3-005113	Meridian Logisticss and Sons Private Limited	Orchid Rd, Coimbatore, 437608	IN
S3-000054	Bluepeak & Sons Incorporatted	388 Quarry Road, Sunstone Park, Lubbock, 94097	United States
S3-006101	Quarry Services  P Ltd	35/37 Maplecrest Crs, NNagpur, Gujarat, 802234	IN
S3-005559	Summit Packaging	352 Maplecrest Crs Kochi Rajasthan 814876	India
S3-003463	Redwood Trding Corp	237 Stonebridge St Behind the Civic Center Tacoma CA 30956	USA
S3-008035	Vertex Enterprises Pvt Ltd	187 Stonebridge Marg Apex Nagar Near eMtro Pillar 42 Jaipur Kerala 269488	IN
S3-004510	Solutiions Juniper Incorporated	76 Sunstone Avenue, Harbor Park, Peeoria, TX, 44415	US
S3-005935	Ravenwood Motos & Sons Private Limited	279 Maplecrest Marg, Near SBI ATM, Apex Nagar, Jaipur, Tamil Nadu, 607628	IN
S3-001169	Verte LLC	Onyx Rd, Orchid Park, Peoria, IL, 38441	USA
S3-002803	Gooldleaf Systems Company	Stonebridge Dr Thistle Park Austin 89636	US
S3-004566	Falcno, Ravenwood Solutions Pvt Ltd	184 Goldleaf Marg, Redwood Nagar, Indore, Tamil Nadu, 689167	IN
S3-001739	Onyx Fabrics Ltd	269 Bluepeak Main, Nagpur, MP, 712650	IN
S3-007423	Kestrel Logistics	Clearwater Mn, Clearwater Nagar, Pune, Kerala	IN
S3-001696	Vertex Foods & Sons Limited	217 Northgate Cross Indore Tamil Nadu 805029	India
S3-002536	Cobalt  Foods Ltd	194 Ironwood Rd, Goldleaf Nagar, Coimbatore, MP	India
S3-001680	Maplecrest Farics Ltd	Near SBI ATM, 186 Maplecrest Rd, Redwood Nagar, Pune	India
S3-005715	Stoonebridge Trading P Ltd	311 Cobalt Street, 762714, Coimbatore	India
S3-006738	Thistle Solutiosn LLC	279 Northgate Rd, Bluepeak Park, Lubbock, CA, 16109	USA
S3-007001	Ironwood Maplcerest Textiles	252 Thistle Ave, Opp. City Library, Meridian Park, Fresno, WA, 16508	United States
S3-005317	Meridian Vertex Industres Corporation	Silverline Park, Akron, WA, 25970, 324 Harbor Drive	USA
S3-005921	Northgate Moors LLC	50 Quarry Rd Goldleaf Park Mobile	US
S3-006784	Ironwood Meridian Packaging & SSons Incorporated	33/43 Kestrel Rd, Peoria, 49447	US
S3-006000	Orchid Textiles	3 Juniper Drive, Kestrel Park, Lubbock, 87305	US
S3-005978	Falcon	27/30 Summit Boulevard, Peoria, OH	US
S3-006477	Juniper, Tradin Corporation	370 Onyx Drive Ironwood Park Fresno TX	United States
S3-008946	Services Limited	383 Maplecrest Road, Orchid Nagar, Indre, Rajasthan, 458753	IN
S3-005619	Falcon Private Limited	70 Kestrel Rd Maplecrest Nagar 127397 Nagpur	India
S3-007538	Lantern Onyx Motors Company	257 Ironwood Marg, Tacoma, Tamil Nadu	IN
S3-005657	Thise	109 Kestrel Mn, Pune, Kerala, 751934	IN
S3-000130	Stonebridge Corporation	195 Quarry Dr Sunstone Park Peoria IL 85858	United States
S3-003557	Cobalt, Industries  Ltd	386 Falcon St, Kochi	India
S3-007331	Bluepeak Consultanc yCorp	206 Apex Drive, Lantern Park, Fresno, TX, 73355	USA
S3-002727	BightpathElectricals & Sons P Ltd	274 Apex Mn Cobalt Nagar Opp. Bus Depot Indore	IN
S3-006341	Orchid Harbo r& Sons Company	76 Juniper St, Stonebridge Park, Lubbock, 21744	United States
S3-004133	Juniper, Motors Ltd	36/18 Maplecrest Marg, Cobalt Nagar, Pune, MP	India
S3-009033	Electricas Harbor	16/26 Goldleaf Marg, Apex Nagar, Coimbatore, Rajasthan, 711946	India
S3-000297	Meridian Electricalss Ironwood & Sons Inc	Stonebridge Ave Onyx Park Austin 89843	United States
S3-000074	Apex Services Incorporated	105 Harbor Ave, Near Exit 14, Akron, OH, 90632	United States
S3-000748	Onyx Ironwood Pvt Ltd	350 Sunstone Marg, Goldleaf Nagar, Surat	India
S3-004194	Summiit Enterprises Limited	83 Vertex Street Juniper Nagar Near Metro Pillar 42 Nagpur Maharashtra 139466	India
S3-004261	Meridian Bluepeak Packagin & Sons	13/72 Falcon Marg, Jaipur, 286097	IN
S3-002297	Cobalt arbor Systems Inc	364 Meridian Rd, Northgate Park, Austin, 28634	USA
S3-007563	Ravenwood Enterprises Prvate Limited	9/61 Juniper Street, Near Exit 14, Kochi, AL, 45038	US
S3-006263	Ravenwod Thiistle Motors	12/80 Ravenwood Boulevard, Juniper Park, Lubbock, WA, 22544	United States
S3-002662	Juniper Fabrics Corporaiton	161 Maplecrest Avenue, Peoria, AL, 42959	United States
S3-008174	Sunsotne Enterprises LLC	Bluepeak Crs, Clearwater Nagar, Surat, 346172	US
S3-006044	Apex & Sons Incorporated	350 Ravenwood Street, Clearwater Park, Akrron, AL	United States
S3-008794	Brightpat Foods and Son Ltd	311 Thistle Mn, Falcon Nagar, Opp. Bus Depot, Surat, 635111	India
S3-002032	Falcon, Limited	2/79 Orchid Cross Indore Rajasthan 665136	India
S3-000738	Bluepeak Orchid Motors & Sons Privaet Limited	314 Sunstone Crs, Onyx Nagar, Pune, 450944	IN
S3-000158	Cobalt, Private Liited	104 Ravenwood Crs Northgate Nagar Indore 211395	IN
S3-006025	Bluepeak Onyx Fabrics Company	146 Northgate Ave, Kestrel Park, Peoria, CA	USA
S3-001133	Northgate, Foodds LLC	144 Falcon Boulevard Redwood Park Lubbock CA	United States
S3-008168	Falcon Industries Corporatiion	222 Northgate Boulevard, Near Exit 14, Summit Park, Mobile, OH, 23339	US
S3-004914	Sunstone Ltd	148 Maplecrest Marg, Onyx Nagar, Indore, Kerala, 588376	India
S3-001370	Onyx Foodds Company	398 Ironwood Drive, Bluepeak Park, Austin	United States
S3-003588	Textiles Kestrel Verteex Private Limited	Near SBI ATM 271 Harbor Cross Indore Tamil Nadu	India
S3-002993	Sunstone Systems CCo	269 Apex S, Lubbock, 78660	USA
S3-007293	Maplecrest Indusrties Incorporated	327 Quarry Street, Akron, Gujarat	India
S3-008127	Goldleaf Solutions & Sons Pvt Ltd	170 Sunstone Street, Pune, 157484	IN
S3-006619	Apex Corporation	Near Exit 14, 29/78 Bluepeak Blvd, Maplecrest Park, Peoria, CA	USA
S3-006913	Clearwater Motors	22 Quarry St Orchid Nagar Near Metro Pillar 422 Lubbock 579795	IN
S3-002680	Ironwood Textiles Private Limited	392 Juniper Marg, Surat	IN
S3-007650	Clearwater, Ironwood Trading and Sons	319 Brightpath Marg Maplecrest Nagar Opp. Bus Depot Jaipur 247976 Rajasthan	IN
S3-000625	Stonebridge Consultancy & Sons	76 Onyx Drive, Stonebridge Park, Austin	United States
S3-003353	Juniper Juniper Trading and Sons Limited Liabiity Company	376 Juniper Avenue Bluepeak Park Fresno A	US
S3-000831	Quarry Indutries Private Limited	22 Silverline Marg, Near SBI ATM, Jaipur, Tamil Nadu	IN
S3-001556	Stonebridge Northgate Textiles Corp	Opp. City Library 35/67 Clearwater Drive Stonebridge Park Tacoma TX	USA
S3-005324	Vertex Clearwater Industries P tLd	Bluepeak Mn Coimbatore Tamil Nadu	India
S3-003115	Brighptath Ravenwood Foods Limited Liability Company	45 Northgate Dr, Stonebridge Park, Akron, TX	United States
S3-005199	Meridian Silverline Consultancy Corporation	296 Orchid Boulevard, Stonebridge Park, Mobile, WA, 82921	United States
S3-000018	Vertex P Ltd	3/59 Brightpath Cross, Juniper Nagar, Pune, 463424	IN
S3-000372	Stonebridge Trading Limited Liability Company	17 Juniper Blvd, Redwood Park, Lubbock, WA	USA
S3-000819	Apex Srvices	362 Northgate Street, StonebridgeP ark, Peoria, WA	United States
S3-005508	Quary Services Incorporated	262 Thistle Ave, Meridian Park, Fresno, 67947	USA
S3-007178	Harbor Vertex Comppany	326 Falcon Road, Opp. City Library, Bluepeak Park, Akron, IL	USA
S3-003864	Chemcials P Ltd	Near SBI ATM 288 Cobalt Street Quarry Nagar Surat	IN
S3-002555	Brightpath Bluepeak Logistics Privvate Limited	Behind Ganesh Temple, 13/15 Orchid Cross, Ironwood Nagar, Surat, Maharashtra, 814279	IN
S3-007237	Sunsstone, Limited	389 Onyx Road, Brightpath Nagar, Opp. Bus Depot, Jaipur, Maharashtra, 283195	India
S3-008405	Maplecrest Logistics & Sons Co	317 Goldleaf St, Pune, Kerala, 113390, Lantern Nagar	US
S3-000891	Redwood Thistle Systems Pvt Ltd	140 Vertex Marg, Sunstone Nagar, Near Metro Pillar 42, Nagpur, Gujarat, 470401	India
S3-002743	Vertex, Enterpprises Private Limited	221 Quarry Street, Sunstone Nagar, Surat, 288489	India
S3-004691	Orchid Cobalt Systems Inc	118 Orchid Street, Meridian Park, Behind the Civic Center, Peoria, 83863	US
S3-002219	Lanterrn Industries Incorporated	154 Brightpath Dr, Orchid Park, Lubbock	USA
S3-003553	Orchid Foods LC	66 Goldleaf St, Clearwater Park, Akron, OH, 44659	United States
S3-004713	Clearwater Packaging Clearwater Ltd	Apex Rd, Thistle Nagar, Nagpur, MP	IN
S3-004482	Orchid Brightpath Enterprises & Sons LLC	365 Lantern Dr Maplecrest Park Lubbock AL 45108	USA
S3-005034	Redwood Corp	350 Brightpath Drive, NNorthgate Park, Peoria, TX, 27432	USA
S3-004145	Stonebridge Chemicals and Sons Co	87 Orchid Boulevard, Ironwood Park,  Akron, CA, 25653	United States
S3-000850	Onyx Electricals Pvt Ltd	332 Northgate Cross Vertex Nagar Coimbatore	IN
S3-006987	Stonebridge Soltions Limited	Opp. Bus Depot, 18/57 Quarry Marg, Surat, Maharashtra	India
S3-003664	Solutions Silverine Co	321 Falcon Boulevard, Orchid Park, Austin	United States
S3-008441	Sileline Trading Inc	297 Silverline aMrg, Behind Ganesh Temple, Harbor Nagar, Jaipur	US
S3-007824	Harbor Electricals Limited	103 Redwood Mn, Northgate Nagar, Indore, 779728	India
S3-001495	Ravenwood Enterprises Corp	3 Apex Blvd, Ravenwood Park, Peoria, IL	US
S3-002871	Lantern Foods P Ltd	399 Brightpath Marg, Silverline Nagar, Opp. Bus Depot, Indore, 605227	IN
S3-006179	Ravenwood Bluepeak Trading Co	272 Lantern Avenue, Peoria, AL, 75176	United States
S3-002497	Sunstone Summit Corporaiton	356 Cobalt Road Meridian Park Akron 61422	US
S3-007943	Bluepeak Orhcid	181 Clearwater Street, Juniper Nagar, Near Metro Pillar 42, Nagpur, 910063	India
S3-003022	Meridian Ltd	61 Lantern Marg, Cobalt Nagar, Behind Ganesh Tepmle, Coimbatore, Tamil Nadu, 769344	India
S3-002542	Lantern Summit Solutions Incorporated	Kestrel Road, Thistle Park, Lubbock	US
S3-008627	Stonebridge Tradin gPvt Ltd	357 Cobalt Crs Stonebridge Nagar Behind Ganesh Temple Jaipur 213360	IN
S3-002679	Juniper Consulttancy and Sons Co	148 Silverline Rd Orchid Park, Fresno, 99343	US
S3-006319	Ravenwood Industries	188 Cobalt Main, Lantern Nagar, Jaipur, 558017	IN
S3-000965	Silverlin ePrivate Limited	109 Falcon Cross, Brightpath Nagar, Jaipur	India
S3-004364	Redwood Summit Enterprises P  Ltd	285 Goldleaf Road, Kestrel Nagar, Indore, 124223	IN
S3-003389	Ravenwood	273 Kestrel Road Harbor Nagarr Jaipur 160735	India
S3-008374	Maplecrest Solutions Inc	95 Cobalt Marg Ravenwood Nagar Opp. Bus Depot Indore Gujarat 502306	USA
S3-007463	Vertex, Juniper Limited Liability Compayn	37/88 Juniper St, Juniper Park, Peoria, IL, 40242	United States
S3-001000	Ironwood Logistics Company	Near Exit 14, 295 Thistle Street, Goldleaf Park, Tacoma, 76198	United States
S3-004371	Harbor Mootors Company	383 Orchid Dr, Falcon Park, Peoria, 95747, WA	USA
S3-002676	Stonebridge Textiles Corp	76 Bluepeak Road, Summit Park, Fresno, OH, 42257	United States
S3-003725	Sunstone Logistics Limmited	16 Bluepeak Marg, Thistle Nagar, Nagpur, Rajasthan, 275762	IN
S3-002565	Cobalt Logistics	311 Ironwood Blvd, Ravenwood Park, Near Exit 14, Akron, 71041	USA
S3-003413	Ravenwoo Industries Corporatioon	Quaarry Street, Lubbock	US
S3-003935	Stonebridge Services	357 Redwood Ave, Behind the Civic Center, Mobile, TX, 58692	USA
S3-008310	Faalcon Ironwood Fabbrics LLC	30 Falcon Rd Northgate Park Tacoma IL 48755	US
S3-005392	Northgate Trading P Ltd	266 Sunstone Mn, Ironwood Nagar, Jaipur, Rajasthan, 696397	IN
S3-007088	Ironwood Fabrics Inc	Near Metro Pillar 42, 142 Cobalt Marg, Summit Nagar, Tacoma	India
S3-003956	Harbor Electricals Ironwood Inc	125 Ironwood Ave, Mobile, TX	USA
S3-003448	Juniper Sevices Co	18/3 Ravenwood Avenue Fresno 16465	USA
S3-000221	Chemicals JuniperP vt Ltd	Quarry Main, Harbor Nagar, Pune, Rajasthan	India
S3-008802	Onyx Electrical Incorporated	Near Exit 14, 98 Clearwater Blvd, Ravenwood Park, Fresno, OH,13869	US
S3-008241	Cobalt Enterprises Northgate Limited Liability Company	36 Sunstone Boulevard, Silverline Park, Fresno, WA, 26293	United States
S3-001131	Sunstone Packaging Orchid & Sons P Ltd	386 Bluepeak Marg, Clearwater Nagar, Pune, Gujarat	IN
S3-001380	Sunstone Packaging Co	100 Clearwater Boulevard, Lantern Park, Fresno, TX, 33737	US
S3-000938	Meridian Foods LLimited	Stonebridge Nagar Behind Ganesh Temple Coimbatore Rajasthan 19/11 Vertex Rd	India
S3-008640	Redwod Juniper Foods Pvt Ltd	70 Meridian Avenue, Falcon Park, Akron, TX, 91993	India
S3-005003	Ironwood Consultancy Limited	22 Falcon Marg, Goldleaf Nagar, Indore, Gujarat	India
S3-004766	Orcchid	371 Cobalt Mn, Redwood Nagar, Nagpr, 260707	India
S3-002669	Redwood Apex Fabrics & Sons Pvt Ltd	130 Stonebridge Street, Sunstone Nagar, Pune, Maharashtra	India
S3-002090	Qurry, Logistics	224 Meridian Drive, Apex Park, Mobile, 11483	USA
S3-000135	Lantern Cobalt Enterprises Incorporated	293 Thistle St, Redwoo dPark, Fresno, CA, 47791	United States
S3-009027	Meridian Limitd	Surat, 383 Northgaet Road	IN
S3-006977	Ravenwood Textiles Private Limited	7/56 Harbor Dr, Clearwater Park, Jaipur, 39487	USA
S3-005911	Soultions Goldleaf Inc	64 Meridian Road, Onyx Park, Fresno	US
S3-006049	Vertex Consultancy Private Limitted	34 Goldleaf Cross, Summit Nagar, Indore, 901400	India
S3-006433	Motors Quarry Inc	Quarry Dr, Falcon Park, Peoria, 93964	US
S3-004961	Ironwood, Foods Corp	Harbor Avenue, Behind the Civic Center, Apex Park, Peoria, WA	USA
S3-000199	Ravenwood LLimited	9/74 Quarry Marg, Falcon Nagar, Kochi, Kerala, 574340	IN
S3-007980	Juniper Industris	313 Ironwood Dr, Orchid Park, Akron, WA, 74991	United States
S3-007677	Redwood, Pvt Ltd	311 Cobalt Mn, Ravenwood Nagar, Surat, Gujarat	India
S3-006549	Orchid Packaging Private Limtied	284 Harbor Main, Cobalt Nagar, Pune	IN
S3-000413	Redwood Trading Northgate	304 Meridian Crs, Summit Nagar, Near SBI ATM, Coimbatore, Rajasthan, 142696	IN
S3-000349	Harbor Textiles	8/80 Meridian St, Northgate Park, Peoria, CA, 14610	USA
S3-005760	Stonebridge Enterprisse P Ltd	293 Cobalt Cross, Falcon Nagar, Coimbatore, 842151	IN
S3-003554	Orchid, Foods LLC	66 Goldleaf Street, Akron, OH, 4659	US
S3-004938	Ravenwood Fabrics	Bluepeak Nagar Near Metro Pillar 42 Nagpur Gujarat 522742 26/8 Bluepeak Mn	IN
S3-000318	Quarry Private Limietd	232 Falcon Road, Northgate Nagar, Jaipur, MP, 806398	India
S3-000036	Orchid, Kestrel Packaging P Ltd	76 Goldleaf Crsos Kochi Kerala	India
S3-006675	Electricals Sunstone Limited	Onyx Nagar Coimbaatore Maharashtra 317812 366 Maplecrest Crs	India
S3-001502	Onyx Onyx Consultanccy	Orchid Street, Summit Park, Tacoma	US
S3-005413	Kestrel FabricsCorp	155 Ravenwood St, Cobalt Park, Fresno, 18590	US
S3-003183	Quarry Maplecrest Foods Private Limtied	272 Orchid Mn Meridian Nagar Kochi 122817	India
S3-006978	Thistl Electricals Incorporated	258 Silverline Mn, Clearwater Nagar, Coimbatore, MP, 454871	US
S3-002877	Harbor Electricals Pvt Ltd	Onyx Road, Onyx Nagar,Pune, Tamil Nadu, 454709	India
S3-003393	Kestrel Consultancy Private Limited	345 Stonebridge Main, Orchid Nagar, Jaipur, Tamil Nadu, 450192	IN
S3-001960	Kestrel TradingL C	384 Sunstone Rd, Behind the Civic Center, Quarry Park, Mobile, 94886	United States
S3-004205	Harbor Motors	335 Silverline Marg, Surat, 691283	IN
S3-005811	Stonnebridge Ltd	18/55 Meridian Cross, Jaipur, Tamil Nadu	India
S3-002446	Silverline Sollutions Ltd	237 Redwood Road, Northgate Nagr, Pune, 951271	India
S3-008096	Quarry and Sons	38 Vertex Rd Apex Park Near Exit 14 Tacoma IL	US
S3-007055	Quarry Chemicals Limited Liability Company	6/75 Northgate Rd Juniper Park Mobile OH 26683	United States
S3-002551	Onyx  Falcon Tetiles Ltd	Behind Ganesh Temple, 24 Maplecrest Marg, Tamil Nadu, Indore	IN
S3-004574	Meridian Icn	Juniper St, Clearwater Park, Austin	USA
S3-001788	Orchid Redwood Electricals Incorporated	Silverline Rd, Harbor Paark, Fresno, 21934	USA
S3-001117	Clearwwater Goldleaf Textiles	310 Redwood Cross, Apex Nagar, Coimbatore, 626008	IN
S3-008459	Ironwood Ironwood Motors and Sons Ltd	205 Lantern Marg, Orchid Nagar, Nagpur, Kerala, 184683	IN
S3-005014	Apex, Foods & Sons Corporation	136 Northgate Drive, Stonebridge Park, Lubbock	US
S3-000766	VertexT extles	37 Sunstone Cross, Stonebridge Nagar, Jaipur	India
S3-003252	Goldleaf Electricals Inc	173 Apex Avenue, Cobalt Park, Peoria, WA, 48554	United States
S3-003876	Textiles Bluepeak Clearwater Private Limited	2/69 Bluepeak Main Kestrel Nagar Nagpur	India
S3-007773	Thistle Trading Corp	355 Silverline Ave, Quarry Park, Tacoma, 60939	US
S3-007601	SunstoneCorp	113 Brightpath Blvd, Ravenwood Park, Austin	United States
S3-005932	Thistle Fabriics Corporation	53 Thistle Road, Nearr Exit 14, Redwood Park, Tacoma, 48733	US
S3-001849	Lantern Meridian Systems Incrporated	32 Ravenwood Avenue Goldleaf Park Near Exit 14 Lubbock CA 73002	USA
S3-005488	Thistle Northgate Logistics and Sons	140 Redwood Street Pue	IN
S3-000398	Packaging Bluepeak & Sons Corp	383 Vertex Boulevard, Sunstone Park, Mobile, 25013	USA
S3-007316	Juniper Trrading Private Limited	8/76 Cobalt Crs, Indore, Maharashtra, 286608	India
S3-004250	Suunstone Systems Corp	388 Juniper St, Apex Parrk, Fresno, 14881	USA
S3-004885	Brightpath, Enterrprises Corp	365 Summit Avenue, Austin, 83265	US
S3-009215	Ravenwoodd Foods Ltd	Behind the Civic Center, 3/85 Meridian St, Harbor Park, Jaipur, AL, 45262	United States
S3-004310	NortghateP rivate Limited	143 Silverline Crs, Harbor Nagar, Jaipur, MP, 312111	IN
S3-001255	Falcon, Stoneebridge	Behind Ganesh Temple 16 Sunstone Marg Maplecrest Nagar Nagpur Tamil Nadu	India
S3-005607	Sunstone, Electricals Company	16/32 Harbor Drive, Quarry Park, Near Exit 14, Austin, OH, 50663	USA
S3-007427	Tistle Motors Corp	180 Stonebridge St Falcon Park Fresno AL 69898	US
S3-006820	Silverline Northgate and Sos Ltd	212 Sunstone St, Quarry Nagar, Coimbatore, Maharashtra	India
S3-002998	Lantern Motors Ltd	28 Slverline Mn, Thistle Nagar, Jaipur, Kerala, 426561	India
S3-003832	Systes Onyx Ltd	159 Meridian Street, Near SBI ATM, Pune, Maharashtra, 525736	IN
S3-009199	Juniper, Industries & Sons	235 Onyx St Thistle Nagar Jaipur Rajasthan	IN
S3-004627	Thistle Lantern Services Limited Liability Company	5/30 Meridian Boullevard, Lubbock, 38131	US
S3-000340	Sunsotne Clearwater Logistics Limited Liability Company	324 Apex dR, Meridian Park, Lubbock, OH, 28788	United States
S3-008102	Summit Textiles Pvt Ltd	90 Ravenwood Rd, Ravenwood Nagar, Kochi, Tamil Nadu, 563173	IN
S3-003531	Goldleaf Thsitle	Bluepeak Rd, Bluepeak Park, Mobile	US
S3-007537	Kestrel Pivate Limited	19/82 Kestrel St Akron IL 23591	India
S3-004123	Consultancy Maplcerest Corporation	319 Redwood Dr Orchid Park Behnd the Civic Center 43626 Lubbock	United States
S3-000774	Clearwater & Sons Co	61 Summit St, Tacom,a AL, 99849	United States
S3-006682	Harbor Corporation	211 Quarry Avenue, Meridian Park, Opp. City Library, Tacoma, 31711, OH	USA
S3-002073	Silverline Enterprises & Sons Limited Liability Company	276 Brightpath Road, Quarry Park, Peoria, OH, 76056	US
S3-004827	Clearwater Motors	Near Metro Pillar 42 128 Onyx Street Pune	India
S3-006893	Onyx Redwood Trading Private Limited	154 Kestrel Cross Juniper Nagar Indore	IN
S3-000459	Falcoon Chemicals Corp	363 Summit Rd, Lantern Park, Opp. City Library, Lubbock, OH, 67757	United States
S3-000714	Goldleaf Ltd	Pune, 70 Orchid Mn	India
S3-001740	Fabrics, Onyx Limited	Vertex Marg, Thistle Nagar, Coimbatore, MP, 271405	IN
S3-006802	Vertex Apex Industries LLC	65 Ironwood Boulevard, Quarry Park, Fresno, TX, 86364	United States
S3-002114	Electricals Orchid & Snos Incorporated	Lubbock, IL, 288 Harbor Ave	US
S3-004635	Brightpath & Sons P Ltd	366 Ravenwood Road, Opp. Bus Depot, Vertex Nagar, Indore, Gujarat, 423569	IN
S3-001387	Juniper Enterprises Ltd	186 Sunstone Marg Summit Nagar Jaipur Maharashtra	India
S3-002063	Irnwood Clearwater Chemicals Private Limited	Near SBI ATM, 30/84 Silverline Marg, Stonebridge Nagar, Jaipur, Gujarat, 760681	India
S3-005519	Electricals, Limited	199 Maplecrest Marg, Near SBI ATM, Jaipur, MP	IN
S3-003380	Maplecrest, Meridian Enterprises Innc	22/24 Thistle St, Akron,  TX	USA
S3-001334	Solutionns Stonebridge Limited	317 Lantern Crs, Clearwater Nagar, Surat, Kerala	IN
S3-003604	Northgate, Chemicals Private Limited	31/47 Vertex Rd Nagpur Rajasthan 537021	IN
S3-002859	LanternF abrics Pvt Ltd	45 Thistle Marg, Nagpur,7 88116	India
S3-006300	Ironwoo, dInc	285 Clearwater Boulevard, Cobalt Park, Mobile, TX, 58510	United States
S3-007959	Brightpath Harbor Solutions & Sons vPt Ltd	Summit Cross, Coimbatore, 420038, Near SSBI ATM	IN
S3-008864	Lantern Cobalt Fabrics Inc	294 Onyx St, Onyx Park, Peoria, OH, 28318	United States
S3-007467	Lantern Electricals Stonebridge Co	100 Vertex Blvd, Kestrel Park, Akron, 85268	United States
S3-004402	OnyxLimited Liability Company	4/8 Stonebridge Avenue Opp. City Library Vertex Park Akron 12579	United States
S3-002426	Cobalt Industires LLC	5/28 Redwood Street, Juniper Park, Peoria, CA	US
S3-003465	Maplecrest Limite dLiability Company	27/89 Meridian Road, Sunstone Park, Austin	United States
S3-008667	Eleectricals	38 Clearwater Rd, Juniper Nagar, Akron, MP	India
S3-003315	Northgate Goldleaf Systtems Company	354 Bluepeak Rd Clearwater Park Akron IL 78882	USA
S3-001513	Summit Kestrell Electricals Pvt Ltd	304 Redwood Crs Surat Rajasthan 531698	IN
S3-000302	Vertex & Sons Ltd	Near Metro Pillar 42, 27 Redwood Crs, Sunstone Nagar, Pune, Gujarat, 966447	India
S3-006607	Brightpath	149 Summit Rd, Juniper Nagar, Indore, Gujarat	IN
S3-002968	Falcon Textiles Pvt Ltd	199 Stonebridge Road, Brightpath Nagar, Nagpur, Rajasthan, 825184	IN
S3-001112	Redwood Packaging Inc	35/94 Stonebridge Ave, Behind the Civic Center, Northgate Park, Tacoma, IL, 84884	United States
S3-006645	Clearwater Trading & Sons LLC	52 Falcon Blvd, Goldleaf Park, Akron, IL, 88906	USA
S3-000245	Textiles Bulepeak & Sons LLC	172 Juniper Road, Mobile, CA, 98244	US
S3-003633	Lantern Solutions	Behind the Civic Center, 135 Quarry Road, Maplecrest Park, Peoria, 75005	USA
S3-005164	Vertex Chemicals and Sons Corporation	Opp. City Library, 8/50 Thistle Avenue, Fresno, CA, 39240	US
S3-002272	Kestrel Consultancy ompany	287 Brightpath Rd, Behind the Civic Center, Mapleecrest Park, Austin, 80924	US
S3-008519	Ravenwood Trading LLtd	Meridian Mn Behind Ganesh Temple Cobalt Nagar Indore 432460	IN
S3-002151	Raevnwood Bluepeak Motrs Co	366 Onyx Rd Meridian Park Fersno WA 61391	USA
S3-006220	Clearwater Ironwood Trading	137 Ironwod Marg, Behind Ganesh Temple, Maplecrest Nagar, Jaipur, 876727	India
S3-001292	Brightpaht Textiles Ltd	146 Silverline Street, Meridian Nagar, Coimbatore, 501277	IN
S3-007850	Redwood Trading and Sons	Lantern Nagar, Surat, 70 Sunstone Marg	India
S3-009140	BrightpathIndustries	360 Meridian Crs Redwood Nagar Kochi 532579	India
S3-006092	Juniper Private Limited	19 Summit Marg, Goldleaf Nagar, Coimbatore, Maharashtra	IN
S3-000244	Bluepeak	172 Juniper Road Lantern Park Mobile CA 98244	United States
S3-003745	Silverline, Systems Co	246 Maplecrest St, Northgate Park, Mobile, TX, 43617	US
S3-006879	Meridian Trading Limited Liaability Company	199 Onyx Crs, Falcon Nagar, Jaipur, Maharashtra	USA
S3-000139	Meridian Lanter nIndustries Corp	Vertex Road, Bluepeak Park, Lubbock, IL, 84983	US
S3-004498	Thistle Electicals Corporation	262 Brightpath Drive Brightpath Park Akron 30506	United States
S3-006457	Goldleaf Ltd	Stonebridge Crs, Opp. Bus Depott, Indore	IN
S3-004041	Goldleaf Services Incorpoorated	354 Harbor St ,Goldleaf Park, Peoria, CA, 68478	United States
S3-002343	Quarry Services Corporation	86 Onyx St, Cobalt Park, Fresn, OH	USA
S3-006140	Brightpath Paaging Private Limited	96 Cobalt Main Ravenwood Nagar Coimbatore Kerala 560025	IN
S3-004471	Meridian, Sstems Corp	348 Northgate Ave, Peoria	United States
S3-008116	Redwood Juniper Electricals Inc	393 Apex St, Thistle Park, Peoria, IL, 47865	United States
S3-006533	Summit Consultancy	371 Apex St Silverline Park Aron IL 66758	US
S3-001845	Harbor Onyx Services Corp	120 Clearwater Boulevard, Thistle Park, Akron, OH	USA
S3-003934	Thistle	Near SBI ATM, Harbor Nagar, Indore, Rajasthan, 392003, 168 Juniper Rd	India
S3-008751	Quarry Enterprises Ltd	358 Sunstone St Indore Tamil Nadu	IN
S3-005365	Clearwater Sunstone Traidng Corp	18 Orchid Road, Ironwood Park, Mobile, WA, 11533	USA
S3-008899	Silverline Motors & Sons LLC	309 Clearwater St, Near Exit 14, Fresno, 32625	USA
S3-000182	Stonebridgge Packaging and Sons Limited	148 Northgate Mn, Thistle Nagar ,Kochi, Tamil Nadu	India
S3-003208	Sunsone Industires Corporation	288 Sunstone St, Lantern Park, Fresno, CA, 73893	US
S3-002602	Malpecrest Corp	137 Onyx St Quarry Park Austin AL	United States
S3-008502	Meridian Harbor rTading Private Limited	Juniper Road, Apex Park, Surat, 63486	US
S3-002165	Juniper Solutions rPivate Limited	282 Stonebridge Main, Meridian Nagar, Coimbatore, 799990	India
S3-004576	Harbor Consultancy Co	362 Brightpath Street Mobile HO Ravenwood Park	USA
S3-000779	Silverline Eletricals P Ltd	150 oCbalt Cross, Coimbatore	India
S3-006814	Harbor, Maplecrest Chemicals Limited Liability Company	101 Goldleaf Street, Juniper Park, Akron, AL, 75204	United States
S3-004774	Lantern Redwood Consultancy LLC	76 Clearwater Road Summit Par Peoria IL	United States
S3-000406	Bluepea kMotors	116 Goldleaf Drive Juniper Park Akron AL 56946	US
S3-000657	Redwood Pvt Ltd	187 Redwood Main, Silverline Nagar, Indore, Maharashtra, 811727	IN
S3-001138	Redwoood Foods & Soons Inc	Sunstone Dr, Orchid Park, Tacoma, CA, 30591	United States
S3-007012	Thistle, Trading	19 Redwood Street, Tacoma, 82171	United States
S3-007659	Northgate, Packaging & Sons Privaate Limited	Silverline Marg, Sunstone Nagar, Pune, 880609	IN
S3-000840	Northgate Motors Corp	389 Redwood Drive, Orchid Park, Austin, 40612	US
S3-005613	Cobalt Maplecrest Textiles Corp	295 Harbor St, Brightpath Park, Austin, 73457	USA
S3-000174	Verte Private Limited	317 Brightpath Street, Ironwood Nagar, Near Metro Pillar 42, Indore, Kerala, 738941	IN
S3-000152	Falcon, Ravenwood Motors and Sons Company	53 Ironwood Dr, Onyx Park, Tacoma, TX, 56032	United States
S3-001271	Bluepeak vPt Ltd	289 Brightpath St, Meridian Nagar, Coimbatore, Maharashtra, 436003	India
S3-008195	Brightpath Packaging Limited Liabilit Company	291 Goldleaf Street, Onyx Park, Fresno, TX	US
S3-000096	Kestrel ogistics and Sons Ltd	Nagpur, 521912, 74 Falcon Street	India
S3-006508	Onyx rPivate Limited	30/32 Silverline St, Tamil Nadu, Indore	IN
S3-001505	Cobal tFabrics	Surat, MP, 614165, 218 Summit St	IN
S3-002005	Bluepeak, Consultancy Pvt LLtd	148 Vertex Street, Northgate Nagar, Indore, MP, 721963	India
S3-008737	Maplecrest Brightpath Chemicals	200 Ravenwood Blvd, Quarry Park, Lubbock, AL, 96784	United States
S3-008283	Falcon Systems P Ldt	247 Sunstone Street Apex Nagar Pune Tamil Nadu 803461	IN
S3-003714	Lantern Trading Co	137 Thistle Drive, Orchid Park, Mobile, IL	United States
S3-005096	Onyx Cobalt Services Corp	8 Thistle Dr, Peoria, WA, 28056	United States
S3-001479	Tistle Textiles	183 Summit Drive, Apex Park, Austin, TX, 60531	United States
S3-007128	Harbor Private Lmited	225 Redwood St, Behind Ganesh Temple, Meridian Nagar, Gujarat, 668335, Nagpur	India
S3-004849	Onyx Logistics Private Limited	8 Apex Street, Harbor Nagar, Surat	IN
S3-000921	Ravenwood Loigstics Limited	128 Thistle Mn, Goldleaf Nagar, Indore, Rajasthan	IN
S3-000926	Clearwater Stonebridge Solutions	241 Sunstone Rd, Meridian Park, Tacoma, CA, 18574	United States
S3-008319	Irownood Solutions Corp	376 Meridian Main, Opp. Bus Depot, Kochi	USA
S3-005172	Stonebridge, Enterprises Ltd	169 Silverline Street, Ironwood Nagar, Nagpur, Kerala, 296847	IN
S3-006367	Onyx Foods Limited Liability Company	24/41 Juniper Road, Vertex Park, Austin, WA	USA
S3-008151	Thistle Clearwater Motors Co	138 Onyx Blvd, Northgate Park, Tacoma, TX, 95638	United States
S3-007235	Meridian Electricals Ltd	Behind Ganesh Temple, 35 Vertex Street, Goldleaf Nagar, Kochi, Gujarat, 690712	IN
S3-001684	Stoneridge, Industries & Sons Corp	396 Summit Blvd, Thistle Park, Lubbock, WA, 57197	USA
S3-007403	Orchid Services Corporation	58 Brightpath Street, Ironwood Park, Mobile	USA
S3-003488	Redwood Logistics Redwood Private Limmited	329 Clearwater St, Kochi, Tamil Nadu, 509933	IN
S3-007592	Sunstone Foodss Corp	Sunstone Avenue Clearwater Park Tacoma 62445	US
S3-006124	Northgat Chemicals Inc	188 Juniper St, Sunstone Park, Behind the Civic Center, Lubbock, WA	United States
S3-006558	Kesterl Solutions	257 Stonebridge Road, Jaipur, MP	IN
S3-002522	Junper Co	29 Quarry St, Silverline Park, Fresno, 76566	US
S3-003501	Apex Industries & Sons Pvt Ltd	388 Quarry Cross Near SBI ATM Nagpur 935741	India
S3-002281	Harbor Harbor Industries and Sonss Limited Liability Company	35/29 Juniper St, Lubbock, 76296	US
S3-001283	Brightpath Industries Pvt Ltd	158 Thistle Crs, Lantern Nagar, Surat, Maharashtra	IN
S3-008987	Harbor and Soons	11/67 Harbor St Cobalt Park Tacoma IL	USA
S3-000188	Vertex, Systems and Soons Incorporated	Orchid St, Vertex Park, Fresno, IL, 28939	United States
S3-008560	Goldleaf Motors	23 Vertex Crs, Meridian Nagar, Nagpur, Rajasthan	India
S3-002714	Onyx Enterprises	Sunstone Park, Mobile, WA, 373 Brightpath Road	US
S3-003668	Onyx Comppany	254 Thistle St, Vertex Park, Peoria, TX	USA
S3-007985	MaplecrestI ndustries Pvt Ltd	71 Clearwater Cross, Summit Nagar, Opp. Bus Depot, Nagpur, Kerala	IN
S3-002681	Lantern Chemicals LLtd	255 Orchid Street, Quarry Nagar, Jaipur, Gujarat	IN
S3-001523	Apex Tradign Limited	Behind Ganesh Temple, 295 Thistle Marg, Meridian Nagar, Nagpur, Kerala	India
S3-007786	Stonebridge, & oSns Ltd	114 Silverline Mn, Meridian Nagar, Pune, Maharashtra, 918265	India
S3-005380	Systems Thsitle  LLC	267 Rewood Rd, Ravenwood Park, Peoria, TX, 21856	United States
S3-000329	Ironwood, Co	181 Summit Ave, Fresno, CA, 70560, Apex Park	USA
S3-002684	Orhid Ltd	Thistle Nagar, Pune, Gujarat, 399873, 347 Orchid Cross	IN
S3-002549	Orchid Chemicals Co	231 Goldleaf Blvd, Near Exit 14, Meridian Park, Fresno, AL, 36066	USA
S3-002065	Goldleaf Solutoins Co	127 Lantern Drive, Vertex Park, Tacoma, WA, 93150	USA
S3-004130	Summit Private Limited	21/36 Clearwater Road Quarry Nagar Coimbatore 804486 Maharashtra	IN
S3-003009	Ravenwood nIdustries & Sons Comppany	256 Falcon Ave, Fresno, OH	United States
S3-002738	Summit Falcon Trading and Sons Limited Libaility Company	171 Goldleaf Rd, Summit Park, Near Exit 14, Mobile	US
S3-002485	Apex	137 Kestrel Road, Brightpath Nagar, Kochi, Maharashtra, 365288	IN
S3-001414	Silverline Ravenwod Electricals Corp	131 Thistle Ave Austin 38380	USA
S3-005937	Ravenwood Motors Pvt Ltd	279 Maplecrest Marg, Apex Nagar, Jaipur, 607628	IN
S3-005272	Thistle Meridain Ltd	304 Silverline Street, Cobalt Nagar, Jaipur	IN
S3-000500	Cobalt Compnay	Northgate St, Falcon Park, Austin, 15002	US
S3-007519	Packaging Onyx oCrp	206 Sunstone Boulevard, Peoria, AL, Silverline Park	US
S3-006370	Northgate Industries Co	336 Redwood Ave, Mobile, 34787	USA
S3-004025	Goldlea Services P Ltd	325 Redwood Road, Juniper Nagar, Kochi, MP, 955965	IN
S3-007581	Silverilne & Sns LLC	Kestrel Marg Northgate Nagar Peoria 538830	India
S3-004846	Kestrel MMotors Co	Falcon Dr, Falcon Park, Peoria, 34393	USA
S3-001540	Clearwater Trading LLC	374 Orchid Street, Vertex Park, Austin, 69432	US
S3-007603	Summit Chemicals P Ltd	385 Ravenwood Ave, Meridian Park, Opp. City Library, Kochi, 24959	USA
S3-001532	Silverline Silverline Trdaing Corporation	16 Ironwood Drive, Austin, IL, 34021	United States
S3-005423	Stonebridge Logistics LLC	37/82 Brightpath St, Bluepeak Park, Lubbock, TX	USA
S3-004992	Sunstone Northgate Services	Thistle Blvd, Orchid Park, Austin, OH	USA
S3-009016	Brightpath Ld	25/11 Silverline St, Harbor Nagar, Near SBI ATM, Indore, 891344	India
S3-008072	Vertex Fabrics P Ltd	Brightpath Road Onyx Park Fresno IL 29228	IN
S3-000623	Cobalt Logistics Priavte Limited	374 Summit Mn, Ravenwood Nagar, Indore, 859596	IN
S3-008334	Apex Foods & Sons P Ltd	333 Clearwater St Pune 414667	IN
S3-007615	QuarryI ronwood Company	Near Exit 14, 26/19 Stonebridge Blvd, Mobile, 76464	USA
S3-004315	Bluepeak Enterprises & Sons Corporaton	Behind the Civic Center 128 Juniper Road Goldleaf Park Peoria IL 63965	USA
S3-003459	Thistle Industries Inc	29 Sunstone Street Behind the Civic Center Ravenwood Park Mobile CA 2503	USA
S3-009036	Summit Services CCorporation	Harbor Ave, Northgate Park, Behind the Civic Center, Austin, IL	US
S3-001248	Harbor, LLLC	48 Vertex Rd, Behind the Civic Center, IL, Austin	US
S3-007777	Quarry & Sons	Behind Ganesh Temple, 65 Cobalt Mn, Jaipur	IN
S3-005009	Malecrest Goldleaf Foods Limited	262 Ironwood Cross Meridian Nagar Kochi	India
S3-003160	Kestrel Solutions Limited	247 Silverline Rd, Goldleaf Nagar, Surat, Rajasthan, 306041	India
S3-006876	Thstle Fabrics Thistle P Ltd	79 Goldleaf Boulevard, Northgate Park, Nagpur, 75147	USA
S3-005912	Quarry, Farics Incorporated	159 Kestrel Blvd Stonebridge Park Austin 83142	United States
S3-007143	Redwood Industries Corporation	203 Junipeer Road Mobile	US
S3-006864	Juniper, Motors Priavte Limited	287 Meridian Rd, Falcon Nagar, Kochi, Maharashtra, 689636	IN
S3-001326	Brightpath Packagging	81 Apex Avenue, Thistle Park, Mobile	US
S3-003921	Motors Clearwater	214 Harbor Road Cobalt Park Austin TX 62488	United States
S3-006488	Services Private Limited	354 Summit Road, Jaipur	India
S3-000460	Falcon Chemials Corp	363 Summit Rd, Lantern Park, Lubbock, OH, 67757	United States
S3-002095	Sunston eTrading	Silverline Crs, Meridian Nagar, Coimbatore, 732189	IN
S3-002617	Sttonebridge SSystems Co	28 Harbor Boulevard, Silverline Park, Mobile, CA	USA
S3-004272	Meridian CChemicals Co	36/48 Clearwater Dr, Peoria	US
S3-004437	Falcon Aex Co	113 Ravenwood St, Goldleaf Park, Akron, 37291	United States
S3-007170	Thistle Logistics Ltd	Behind Ganesh Temple, 359 Apex Cross, Meridian Nagar, Nagpur	IN
S3-004707	Summit Falcon Textiles Limited Liability Company	192 Kestrel Avenue, Behind the Civic Center, Tacoma, AL, Cobalt Park	USA
S3-007080	Ravenwood Chemicals Ltd	Near Metro Pillar 42, 348 Falcon Marg, Clearwater Nagar, Pune, MP, 840736	IN
S3-002436	Lantern Harbor Systems & Sons Corp	232 Sunstone Dr, Mobile	USA
S3-002480	Goldleaf Stonebridge Foods Private Limited	240 Sunstone Main, Meridian Nagar, Kochi, Rajasthan, 991701	IN
S3-006328	Northgate Limited	273 Goldleaf Rd, Cobalt Nagar, Pune, Tamil Nadu	IN
S3-002984	Redwood Electricals Private Limited	Falcon Rd, Opp. Bus Depot, Goldleaf Nagar, Coimbatore, Kerala	India
S3-007439	Silverline Falcon Motors & Sons Co	87 Lantern Marg, Redwood Nagar, Mobile, Rajasthan, 269069	IN
S3-000310	KestrelIndustries LLC	Clearwater Ave, Cobalt Park, Mobile, WA, 40534	United States
S3-003817	Ironwood Juniper Electtricals Limited Liability Company	300 Tihstle Street, Opp. City Library, Vertex Park, Fresno, 66509	United States
S3-006293	Meridian & Sons Private Limited	144 Ravenwood Crs Summit Nagar Opp. Bus Depot Jaipur 831210	IN
S3-001606	Onyx Kestrel Foods Incorporated	Opp. City Library, 129 Meridian Ave, Austin, 17299	United States
S3-007540	Apex LLC	15/9 Maplecrest Avenue, Opp. City Library, Juniper Park, Peoria, WA, 18045	US
S3-003250	Goldleaf Ellectricals Incorporated	Bluepeak Drive, Maplecrest Park, Akron, TX	United States
S3-003767	Summit, Packaging Limitd	298 Goldleaf Marg, Harbor Nagar, Surat, 110406	India
S3-002484	Juuniper Stonebridge Foods Company	197 Maplecrest Avenue Sunstone Park Austin IL	United States
S3-001490	Lanetrn oFods Inc	373 Ironwood Street, Peoria, 59256	United States
S3-000397	Onyx Trading Pvt Ltd	317 Goldleaf Rd Stonebridge Nagar Kochi Kerala 351590	IN
S3-000047	Tradin, Cobbalt Cobalt Inc	250 Ravenwood St, Austin	USA
S3-005507	Quarry Services Incorporaetd	262 Thistle Ave Meridian Park Fresno 67947	US
S3-000890	Redwood Thistle Systems Pvt Ltd	140 Vertex Marg,, Sunstone Nagar, Nagpur, Gujarat	India
S3-007484	Summit Foods Incorporated	366 Redwood Rd, Peoria, OH, 30469	US
S3-004942	Orchid Redwood Fabrics Pvt Ltd	5/6 Thistle Road, Onyx Nagar, Coimbatore, Gujarat	India
S3-002673	Quarry Ironwood Limiited	21 Goldleaf Road, Northgate Nagar, Jaipur, MP	IN
S3-003611	Summit Packaging Quarry Private Limited	301 Northgate Mn, Nagpur, 728821	India
S3-007378	Chemicals LLC	255 Ravenwood Blvd, Maplecrest Park, Mobile, OH, 32528	USA
S3-007073	Maplecrest MMotors andd Sons Pvt Ltd	344 Bluepeak Crs, Kochi, 385095	India
S3-002194	Logistics Falcon	397 Apex Rd, Sunstone Park, Mobile, AL, 29406	US
S3-003544	Ravenwood Chemicals Limited Liability Company	88 Silverline Road Orchid Park Fresno 62275	USA
S3-001713	Clearwate, rGoldleaf Motors and Sons Co	344 Meridian Blvd Opp. City Library Mobile WA 98505	United States
S3-002592	Meridian Indsutries P Ltd	389 Maplecrest Main Redwood Nagar Surat 487764	India
S3-008780	Silverlien Soltuions Co	158 Apex StreetSummit Nagar Austin Maharashtra	India
S3-005939	Quarry Vertex	71 Silverline Cross, Nagpur, MP, 361304	India
S3-004269	Harbor uJniper Logistics	Thistle Blvd, Lantern Park, Fresno, AL, 48902	USA
S3-001674	Goldleaf Packaging Ltd	182 Silverline Cross, Opp. Bus Depot, Pune, Kerala, 511189	IN
S3-001253	OnyxElectricals, Inc	383 Maplecrest Street, Near Exit 14, Ravenwood Park, Akron, OH, 11113	USA
S3-000426	Onyx LLtd	388 Falcon Rd, Jaipur, Kerala, 950392	IN
S3-003997	Silverline Fabrics Limited Liability Company	24 Silvverline Blvd Orchid Park Peoria AL 27563	US
S3-005476	Cobalt, Consultancy	25 Silverline Blvd, Quarry Park, Tacoma, 34201, IL	US
S3-006631	Redwood, Motors imited Liability Company	12 Harbor Road, Maplecrest Park, Tacoma, CA, 51458	United States
S3-005830	Bluepeak Trading and Sons Pvt Ltd	Near SBI ATM, 22/26 Quarry Rd, Coimbatore, Clearwater Nagar	IN
S3-001716	Falcon Kestrel Cemicals	42 Brightpath Rd Near Exit 14 Onyx Park Peoria AL 44788	USA
S3-005503	Orchid Chemicals CCorporation	388 Orchiid Ave, Austin, IL, 43112	USA
S3-001741	Onyx Ltd	11 Vertex Marg, Coimbatore, MP, 271405	India
S3-004298	Sunstone Industries & SonsI nc	25/64 Silverline Dr Near Exit 14 Silverline Park Fresno AL	USA
S3-004579	Bluepeak Logistics Private Limited	Bluepeak Nagar, Kochi, 629165, 38 Clearwater Street	IN
S3-006180	Sivlerline Chemicals P Ltd	386 Juniper Road, Vertex Nagar, Indore, 276801	India
S3-004840	Quarry LogisticsL LC	306 Quarry St, Behind the Civic Center, Bluepeak Park, Akron, 45418	United States
S3-002728	Brightpath Electricals	261 Northgate Marg, Sunstone Nagar, Indore, Gujarat, 928360	IN
S3-007161	Vretex, Private Limited	211 Ravenwood Street, Northgate Nagar, Pune	India
S3-007899	Redwood Electricals P Ltd	376 Ironwood St, Cobalt Nagar, Surat, MP, 31252	India
S3-000752	Ironwood Industries Corporaton	306 Clearwater Ave, Kestrel Park, Lubbock, WA, 58376	USA
S3-006423	Onyx Fabrics	169 Onyx Avenue Juniper Park Akron	USA
S3-005263	Quarry Maplecres Co	205 Lantern Blvd, Ironwood Park, Austin, 45822	United States
S3-005590	Quuarryy Company	Clearwater Avenue, Quarry Park, Tacoma	United States
S3-002347	Goldleaf Solutions Inc	253 hTistle Rd, Akron, Juniper Park	US
S3-007559	Apex Fabrics Ltd	354 Ironwood Rd, Tacoma, AL	India
S3-000198	Maplecrrest	358 Redwood St, Brightpath Park, Fresno, AL	United States
S3-002201	Silverline	357 Kestrel Avenue, Lantern Park, Mobile, TX	USA
S3-003188	Stonebridg eChemicals Inc	Northgate Blvd, Vertex Park, Mobile, OH, 28703	United States
S3-003232	StonebridgeS ystems	232 Clearwater Mn, Harbor Nagar, Pune, 773675, Near Metro Pillar 42	India
S3-001521	Maplercest LLC	155 Bluepeak St Ironwood Park, Fresno, 94894	United States
S3-008315	Quarry, Foods Ltd	13/75 Juniper Rd Ngapur 934163	India
S3-003812	Maplecrrest, Co	97 Clearwater Drve, Redwood Park, Peoria	USA
S3-004105	Maplecrest Fabrics & Sons Corporation	254 Summit St, Onyx Park, Behind the Civic Center, Austin, AL, 84547	US
S3-008353	Northgate Industies Ltd	130 Onyx Marg, Falcon Nagar, Pune, Gujarat	IN
S3-002644	Orchid Solutions LLC	192 Northgate Ave Ausin 38159	United States
S3-005396	Clearwater Fabrics Company	71 Quarry Rd, Falcon Park, Lubbock, AL	United States
S3-001456	Silverline Packaging Private Limited	70 Ironwood Main Nagpur 387077	IN
S3-005229	Kestrel Fabrics Private Limited	Juniper St, Pune, MP, 850513	IN
S3-004301	OrchidIndustries Inc	251 Juniper Rd, Onyx Park, Akron, WA, 23387	US
S3-008170	Juniper Enterprises and Sons Pvt Ltd	Near SBI ATM, 7 Goldleaf Main, Sunstone Nagar, Coimbatore, Maharashtra	IN
S3-003543	Vertex Apex Electricals Ltd	188 Harbor Marg Near SBI ATM Summit Nagar Nagpur Gujarat	IN
S3-001409	Northgate Fabrics Limited Liability Company	172 Kestrel Drive, Brightpath Park, Mobile, CA	USA
S3-000585	Silverline Logistics Privatee Limited	395 Quarry Marg, Stonebridge Nagar, Coimbatore, Maharashtra, 393189	India
S3-003499	Chemicals Thistle LLC	345 Orchid Street, Goldleaf Park, Austin, 46021	US
S3-008495	Falcoon LLC	143 Ravenwood Street, Northgate Nagar, Pune, Tail Nadu	USA
S3-008308	Thistle Electricals o	214 Harbor Dr, Quarry Park, Lubbock	US
S3-009134	Brightpath Clearwater Trading Incorporated	22 Falcon St, Meridian Park, Akron, IL, 57481	USA
S3-002817	Meridian Ironwood Textilse Ltd	3/65 Stonebridge Road, Ironwood Nagar, Coimbatore, 998717	India
S3-006412	Cobalt Elecricals Limited Liability Compny	8 Meridian Stt, Orchid Park, Tacoma, CA, 54317	US
S3-003029	Quarr Solutions	375 Onyx Ave, Austin, 41348	US
S3-001907	SummitMotors Corp	Northgate Ave Peoria TX 38434	United States
S3-000492	GoldleafServices	38 Cobbalt Dr, Behind the Civic Center, Austin, 73682	US
S3-004031	Malecrest Chemicals	312 Harbor Cross, Redwood Nagar, Behind Ganesh Temple, Surat, 318411	India
S3-008833	Meridian Electricals Limited Liability Company	146 Sunstone Boulevard, Stonebridge Park, Austin, CA, 75406	US
S3-006860	Kestrel Northgate LLC	65 Thistle Rd Harbor Park Akron 55183	US
S3-003591	Cobaalt	120 Silverline Marg, Northgate Nagar, Nagpur, Tamil Nadu	India
S3-005457	Summit Sunstone Chemials & Sons	Quarry Rd, Opp. Bus Depot, Kochi, Maharashtra, 456821	IN
S3-003826	Industries, Cobalt Co	Apex Rd Cobalt Park Fresno CA	USA
S3-003116	Brightpath, Ravenwood Foods LLC	Northgate Dr, Stonebridge Park, Akron	United States
S3-002632	Quarry Corp	231 Brightpath Street, Tacoma, OH, 53192	US
S3-001024	Thistle Cnosultacy Co	256 Apex Road, Sumit Park, Tacoma, 72031	USA
S3-001256	Meridian Harbor TextilesP vt Ltd	164 Falcon Cross, Kochi, 892598	India
S3-001688	Lantern, IndustriesC orporation	275 Apex Street, Maplecrest Park, Near Exit 14, Tacoma, CA, 54544	United States
S3-005767	Thistlle Chemicals Ltd	6/17 Onyx Rd Maplecrest Nagar Indore Rajasthan 654103	IN
S3-004786	Summit, Consultancy P Ltd	Cobalt Main, Near SBI ATM, Brightpath Nagar, Pune, Maharashtra, 239212	IN
S3-005751	Cobalt PackagingL LC	227 Onyx Dr, Opp. City Library, Maplecrest Park, Austin, 99296	USA
S3-007765	Clearwaer P Ltd	11 Maplecrest Main, Opp. Bus Depot, Northgate Nagar, Coimbatoree, Maharashtra, 452707	IN
S3-008339	Bluepeak Logistics	251 Northgate Blvd, Mobile, AL, 51676	US
S3-003528	Falcon PP Ltd	228 Northgate Street, Redwood Nagar, Kochi, Rajasthan, 793612	India
S3-006755	Sunstone Chemicas Corp	Near Exit 14, 206 Orchid Dr, Clearwater Park, Peoria, IL	USA
S3-007643	Lantern Industries P Ltd	168 Orchid Crs, Sunstone Nagar, Surat, Tamil Nadu, 641002	IN
S3-003222	Apex  Motors Corporation	367 Stonebridge Dr, Goldleaf Park, Mobile, 61568	United States
S3-002630	Chemcials Redwood Co	165 Orchid Road Fresno 28115	United States
S3-007611	Chemicals IronwoodLimited	322 Summit Mn, Nagpur, Gujarat, 207388	India
S3-003360	Systems Quarry dn Sons Company	238 Stonebridge Road, Clearwater Park, Peoria, 26224, CA	US
S3-008988	Bluepeak Textiles Corporation	21 Cobalt Blvd, Stonebridge Park, Akron, WA, 85269	USA
S3-004335	Kestrel Maplecrest Private Limietd	223 Meridian Main, Nagpur, Gujarat, 7564336	IN
S3-007856	Vertex Servies Pvt Ltd	Surat, WA, 89797, 152 Ironwood Road	US
S3-005181	Sunstone, Brightpath Fabrics Private Limited	183 Coballt Cross, Juniper Nagar, Near SBI ATM, Pune, 410784	IN
S3-007972	Goldleaaf Cobalt Services Ltd	Lubbock 65787 228 Verte xSt	IN
S3-006877	Vertex Systems Co	202 Summit Ave, Orchid Park, Akron, CA	USA
S3-008504	Quarry Pakcaging	Clearwater Park, Mobile, IL, 191 Northgate St	USA
S3-007181	Verteex Services Pvt Ltd	369 Ironwood Crs Quarry Nagar Surat	IN
S3-006578	Apex Systems Inc	Near Exit 4, 228 Summit Ave, Lubbock, CA	United States
S3-008474	Thistle Chemicals Limited Liabiliity Company	350 Summit Dr Quarry Park Opp. City Library Mobile 21555	United States
S3-007049	Redwood Services Limited Liability Company	213 Stonebridge Ave, Thistle Park, Near Exit 14, Fresno, 57020	United States
S3-004527	Ironwood NorthgateS ervices	356 Goldleaf Rd, Pune	India
S3-007346	Brightpath Clearwater Enterprises and Sons Pvt Ltd	17 Bluepaek Dr Tacoma 80793	IN
S3-006100	Quarry Services Private Limitd	35/37 Maplecrest Cross, Silverline Nagar, Nagpur, 802234	IN
S3-008485	Sunstone Lantern Pvt Ltd	Opp. City Library, 235 Vertex R,d Jaipur, TX, 19072	US
S3-008535	Bluepeak	93 eRdwood St, Opp. City Library, Redwood Park, Lubbock, TX, 24574	United States
S3-001046	Northgate Tradingg Co	Opp. City Library, 256 Meridian Blvd, Ironwood Park, Fresno	United States
S3-003314	Ironwood Trading	Behind Ganesh Temple, 305 Thistle Mn, Ironwood Nagar, Indore, Maharashtra	India
S3-005774	Falon Services Pvt Ltd	171 Stonebridge Crs, Kestrel Nagar, Coimbatore, Gujarat	India
S3-003102	Redwodo Summit Textiles Ltd	Near Metro Pillar 42, 189 Northgate Rd, Goldleaf Nagar, Kochi, Rajasthan, 952285	IN
S3-006928	Apex uarry P Ltd	Summit Street, Sunstone Park, Kochi, TX, 81944	USA
S3-003627	Consultancy Maplecrest Private Limited	152 Maplecrest Street, Nagpur, Maharashtra	India
S3-000548	Onyx ndustries Private Limited	206 Harbor Rd, Pune, Tamil Nadu, 876644	IN
S3-000030	Stonebridge Quarry and Sons Private Limitd	113 Brightpath St, Brightpath Nagar, Jaipur, Rajasthan, 456277	India
S3-007741	Cobalt, Services and Sons Company	169 Brightpath Ave Mobile IL 95728	USA
S3-004237	Clerawater Pvt Ltd	30 Ironwood Marg, Meridian Nagar, Indore, 947302	India
S3-003256	Apex Textiles Pvt Ltd	279 Vertex Main, Quarry Nagar, Nagpur, Rajasthan, 226865	India
S3-005471	Juniper Foods Corporatino	70 Ironwood Avenue Peoria	US
S3-005311	Kestrel Maplecrest Industries	Opp. Bus Depot, Stonebridge Road, Apex Nagar, Jaipur, 591487	India
S3-001379	Sunstone, Packaging & Sons	3 Goldleaf Street, Fresno	US
S3-003645	FalconM otors Corp	305 Brightpath Street, Juniper Park, Lubbock, 83125	US
S3-008499	Verttex Fabrics & Sons LLC	210 Quarry Avenue, Lantern Park, Tacoma, 74827	USA
S3-002049	Textiles Meridian Privaate Limited	24/40 Falcon Rd, Meridian Nagar, Nagpur	India
S3-003988	Stonebridge Juniper Services & Sons Limited Liability Company	36 Falcon St Mobile OH 47708	United States
S3-003606	Godlleaf Industries Private Limited	302 Clearwater Cross, Summit Nagar, Surat	IN
S3-000380	Raveenwood Chemicals	130 Orchid Drive, Northgate Park, Mobile, TX	United States
S3-005699	Quarry Cobalt Motors Incorporated	197 Northgate Road, Cobalt Park, Near Exit 14, Fresno, AL, 46336	United States
S3-004714	Stonebirdge Clearwater Electricals Private Limited	85 Summit Main, Stonebridge Nagar, Kochi, Maharashtra, 465296	India
S3-007466	Onyx Ironnwood Foods Pvt Ltd	126 Thistle Blvd Harbor Park Akron WA	India
S3-001467	Kestrel Company	Sunstone Blvd Austin CA 66412	United States
S3-007364	Ironwood Systems	213 Vertex Crs, Maplecrest Nagar, Jaipur, MP	India
S3-003249	Raenwood Packaging Limited	Sunstone Nagar Surat 26 Harbor Marg	India
S3-002721	Bluepeak CCobalt Fabrrics Corp	Near Exit 14 170 Orchid Street Akron 18142	USA
S3-008942	Enterprises Harbor Limited Liability Company	109 Quarry Marg, Quarry Nagar, Peoria, Tamil Nadu, 906559	IN
S3-004780	Sunstone Motors PvtLtd	345 Orchid Mn, Thiistle Nagar, Pune, Kerala	India
S3-002091	Vertex, Solutions LLC	376 Sunstone Avenue ,Lubbock	US
S3-004681	Ravenwood Consultancy P Ltd	355 Cobalt Mn, Northgate Nagar, Kochi, Tamil Naud	IN
S3-008911	Harbor Kestrel Motors Limited	210 Vertex Rd, Redwood Nagar, Nagpur, MP	IN
S3-006509	Ravenwood Chemicls P Ltd	6 Meridian Marg, Summit NNagar, Kochi, MP, 792716	India
S3-007344	Maplecrest, oods	260 Summit Street, pp. Bus Depot, Falcon Nagar, Coimbatore, 771079	IN
S3-003636	Summit Systems Private Limited	250 Lantern St, Pune	India
S3-000531	Goldlefa Textiles Limited Liability Company	Near Exit 14, 56 Ravenwood Boulevard, Silverline Park, Austin, AL	USA
S3-002910	Verte, xIndustries Private Limited	304 Summit Marg Falcon Nagar Jaipur	IN
S3-007596	Ironwood Stonnebridge Enterprises Corporation	146 Meridian Dr, Falcon Park, Akron, CA, 58431	US
S3-000992	Ravenwood Summit Motors Private Limited	330 Onyx Rd, Bluepeak Nagar, Indore, Rajasthan, 823835	India
S3-005947	Brightpath Textiles and Sons P Ltd	323 Onyx Crs, Nagpur, Gujarat, 658088	India
S3-006850	Goldleaf Packaging Incorporated	147 Maplecrest Road, Opp. City Library, Harbor Park, Austin	United States
S3-006966	Kestrel Motsr Co	80 Clearwater Rd Bluepeak Nagar Peoria 852311	IN
S3-001794	Cobalt Industries	173 Northgate Street, Redwood Park, Lubbock	United States
S3-004414	Tradng Summit	37/22 Redwood Crs, Apex Nagar, Coimbatore, Rajasthan, 324238	IN
S3-007785	Stonebridge Foods and Sons PvtL td	286 Clearwater Cross, Kochi, Rajasthan, 417416	India
S3-003086	Clearwater Logitics Corp	300 Falcon St, Mobile,TX, 33850	US
S3-000448	Cleawater Corp	109 Meridian Street, Fresno, 62235	US
S3-003123	Meridian Industries P Ltd	392 Sunstone St, Northgate Nagar, Jaipur, Rajasthan, 565220	India
S3-005025	Meridian Trdaing	57 Clearwater Avenue, Quarry Park, Akron, WA, 18168	United States
S3-003054	Clearwater Fabricss Co	Behind the Civic Center Lantern Street Apex Park Austin 65550	United States
S3-004162	Northgate Sunsotne Electricals and Sons Ltd	Opp. Bus Depot, 98 Redwood Street, Stonebridge Nagar, Kochi, 956005	IN
S3-001761	NorthgateM otors	265 Brightpath St, Kestrel Nagar, Kochi, MP, 149164	India
S3-007674	Harbor Goldleaf Srvices LLC	17 Ravenwood Road Indore 872397	US
S3-004699	Ravenwood Services Private Limited	98 Maplecrest Main Bluepeak Nagar Coimbatore Gujarat 762664	IN
S3-006886	Harbor Mtors Ltd	3 Apex Boulevard, Ravenwood Park, Peoria, IL	IN
S3-008494	Sunstoen, Systems LLC	54 Kestrel Avenue Thistle Park Fresno OH 96390	United States
S3-002482	Goldlea Stonebridge Private Limited	376 Cobalt Marg Orchi dNagar Kochi Kerala 458786	IN
S3-005161	Silverline Northgate Enterprises Inc	209 Falcon Dr, Peoria, 16358	USA
S3-007934	Quarrry Textiles	302 Bluepeak Marg, Pune, Maharashtra	USA
S3-003052	Redwood, Trading & Sons Co	7/84 Juniper Rd, Thistle Park, Austin, WA	USA
S3-002548	Stonebridge, Brightpath Motors	Sunstone Main, Silverline Nagar, Indore, Rajasthan	IN
S3-008754	Lantern Bluepeak Foosd Inc	184 Apex Ave Mobile 70357	US
S3-000527	Ironwood Summit Solutions P Ltd	Ironwood Mn, Bluepeak Nagar, Indore, aTmil Nadu, 109496	India
S3-006595	Summit  Industries	Redwood Drive, Mobile	US
S3-006407	Consultancy Kestrel	21/35 Juniper Cross, Maplecrest Nagar, Pune, Rajasthan	IN
S3-008985	Silverline Maplecrest Solutions	291 Northgate Cross, aMplecrest Nagar, Pune, Gujarat	IN
S3-003363	Meridian Systems and Sons Incorporated	278 Meridian St, Austin, 15660, WA	US
S3-008727	Vertex Private Limited	34 Clearwater Boulevard, Ravenwood Park, Coimbatore, 31704	US
S3-004883	Onyx Kestrel Solutions Pvt Ltd	89 Stonebridge Street Behind Ganesh Temple Sunstone Nagar Indore	India
S3-004801	Stonebridge Packaging & Sons	Clearwaer Boulevard, Peoria, OH, 93511	USA
S3-000260	Vertex Cemicals	230 Thistle Boulevard, Harbor Park, Mobile	United States
S3-000190	Stonebridge Lantern Solutions and Sons Private Limited	95 Clearwater Main, Quarry Nagar, Jaipur, MP, 768121	IN
S3-001019	Thistle Pvt Ltd	285 Meridian Marg, Orchid Nagar, Surat	India
S3-001968	Goldleeaf Electricals Private Limited	Quarry Mn, Goldleaf Nagar, Indore, Maharashtra	India
S3-001277	Summit Systems P Ltd	86 Sunstone Cross, Lantern Nagar, Indore, Kerala	IN
S3-003050	Maplecrest Foods Private Limited	74 Ironwood Marg, Vertex Nagar, Jaipur	India
S3-007341	Solutions Juniper Quarry Ltd	388 Thistle Marg, Pune, 359276	IN
S3-006069	Stonebridge Textiles & Sons Company	111 Lantern St, Redwood Park, Peoria, AL, 22075	United States
S3-003703	Clearwater Cobalt Fabrics P Ltd	1 Juniper Cross, Onyx Nagar, Jaipur, 408812	IN
S3-006246	Brightpath Services Private Limited	361 Kestrel Rd, Ravenwood Nagar, Surat, Kerala	India
S3-005155	Ironwood Motors P Ltd	30 Ironwood Marg, Meridian Nagar, Indore, 622408	India
S3-007255	Cobalt Logistics LLC	325 Cobalt Dr, Near Exit 14, Goldleaf Park, Akrron, AL, 62031	US
S3-006878	Meridia Quarry Packaging LLC	227 Meridian Dr, Bluepeak Park, Lubbock, AL	USA
S3-003432	Jnuiper	Behind Ganesh Temple, 177 Harbor Crs, Silverline Nagar, Kochi, Tamil Nadu	India
S3-005166	Harbor, Textiles & Sons Pvt Ltd	187 Vertex Street, Cobaalt Nagar, Nagpur	IN
S3-004913	Electricals Brightpath andS ons Incorporated	290 Onyx Blvd Goldleaf Park Fresno	US
S3-001140	Kestrel Textiles & Sons	282 Clearwater Road, Juniper Nagar, Near SBI ATM, Pune, Tamil Nadu, 801970	India
S3-008931	Meridian Fabrisc Corp	279 Apex Cross, Goldleaf Nagar, Mobile, MP, 966994	India
S3-009164	Northgate Juniper IndustriesCo	301 Onyx Boulevard Juniper Park Fresno OH	United States
S3-006678	Maplecrest, Fabrics & Sons Corp	361 Sunstone Ave, Silverline Park, Austin, 72117	United States
S3-002239	Maplecest Pvt Ltd	36 Bluepeak Road, Apex Nagar, Surat, Maharashtra	India
S3-008248	Brghtpath Redwood Soluions Corporation	266 Summit Road, Falcon Nagar, Tacoma, MP, 757310	India
S3-006349	Redwood Logistics	118 Clearwater Street, WA, 89910, Austin	USA
S3-006055	Juniper, Meridian Textils Limited Liability Company	229 Thistle Street, Clearwater Park, Tacoma, 52344	US
S3-009021	Coblt Fabrics P Ltd	Near SBI ATM, 16 BluepeakM arg, Jaipur, 656772	IN
S3-002469	Silverine Chemicals Limited	67 Jnuiper Marg, Coimbatore, Rajasthan, 495032	India
S3-008506	Clearwater, Ironwoood Solutions Pvt Ltd	250 Stonebridge Mn, Harbor Nagar, Near Metro Pillar 42, Coimbatore, MP, 593371	IN
S3-003564	Brightpath Trding	327 Brightpath Rd, Stonebridge Nagar, Coimbatore, Kerala, 291894	India
S3-005727	Harbor Packaging Company	Redwood Dr Orchid Park Tacoma OH 10705	USA
S3-002432	Lantern HHarbor Electricals Limited	302 Lantern Corss, Stonebridge Nagar, 976561, Surat	IN
S3-003104	Quarry	Opp. Bus Depot, 243 Onyx Cross, Surat, 245931	IN
S3-002961	Onyx oFods Ltd	20/29 Falcon Main, Northgate Nagar, Surat, Rajasthan, 246411	IN
S3-006205	Onyx, Private Limited	3 Orchid Marg, Vertex Nagar, Opp. Bus Depot, Pune, Rajasthan, 218122	India
S3-001108	Meridian Trrading Prviate Limited	280 Goldleaf Rd, Ironwood Nagar, Coimbatore, Kerala, 781650	IN
S3-000160	Cobalt Logistics Private Limiteed	104 Ravenwood Cross, Indore, 211395	India
S3-003630	Brightpath Consultancy Corp	210 Goldleaf Ave, Behind the Civic Cnter, Kestrel Park, Austin, CA, 94833	USA
S3-005183	Sunstone Textiles Privatee Limited	78 Sunstone Rd, Kestrel Nagar, Surat, Tamil Nadu	India
S3-003043	Lantern Apex Solutions Pvt Ltd	174 Onyx Rd, Apex Nagar, Indore, Gujarat, 834062	IN
S3-001564	Silverline IIncorporated	326 Falcon Dr, Behind the Civic Center, Redwood Park, Akron	United States
S3-008470	Lantern Foods Private Limited	107 Juniper Street, Stonebridge Nagar, Coimbatore, Maharashtra, 636721	India
S3-002925	Thhistle Bluepeak Enterprise sPrivate Limited	10 Stonebridge Crs Lantern Nagar Pune Maharashtra	IN
S3-005211	Onyx Packaging & Sons Ltd	Brightpath Nagar, Near Metro Pillar 42, Indore, Tamil Nadu, 103 Summit Mn	India
S3-000303	StonebridgeS ervices & Sons	314 Summit Road, Near Exit 14, Brightpath Park, Peoria, 32471	USA
S3-008654	Lantern Industries Ltd	134 Maplecrest Drive, Cobalt Park, Austin	IN
S3-004034	Summitt Fabrics Inc	346 Cobalt Road, Bluepeak Park, Peoria	United States
S3-002209	Kesstrel Enterprises Limited	Behind Ganesh Temple, 224 Falcon Cross, Quarry Nagar, Nagpur, Kerala	IN
S3-005266	Meridian Fabrics	Maplecrest St, Jaipur	IN
S3-007008	Ironwood Electricals Co	Opp. City Library 187 Falcon St Tacoma 69097	USA
S3-005560	Summit Pakcaging and Sons	Near Metro Pillar 42 352 Maplecrest Crs Kochi Rajasthan 814876	India
S3-002203	Lantern Kestrel Motors	20 Harbor Main Surat Maharashtra 823421	India
S3-001341	Vetex Bluepeak Packaging Corporation	60 Falcon Avenue, Akron, AL	US
S3-003200	Apex, Consultancy Private Limited	224 Vertex Main Kochi	India
S3-004132	Juniiper Motors Limited	36/18 Maplecrest Marg, Cobalt Nagar, MP, 473992, Pune	IN
S3-007007	Redwood Packaging Private Limited	31/80 Northgate Street Quarry Nagar Jaipur Kerala 802292	IN
S3-006160	Thistle Foods Limited	57 Stonebridge Main, Coimbatoree, 327153	IN
S3-004068	Vertex Brightpath Systems P Ltd	393 Silverline Mn, Gujarat, Nagpur	IN
S3-007764	Falcon Goldleaf Foods Private Limited	321 Goldleaf Cross, Cobalt Nagar, Kochi, Gujarat, 972924	India
S3-000298	Clearwater Fabbrics & Sons Limited	226 Meridian Street, Silverline Nagar, Surat, MP, 144296	India
S3-005518	Notrhgate Systems Co	65 Northgate Street, Northgate Park, Akron, TX,4 3384	United States
S3-005136	Clearater Co	Bluepeak Dr, Bluepeak Park, Austin, OH, 38113	USA
S3-000627	Clearwater, Logistics Corp	2/16 Brightpath Ave, Redwood Park, Tacoma, OH, 13699	USA
S3-008888	Juniper Cemicals Inc	360 Summit Drive, Bluepeak Park, AL, Mobile	US
S3-003194	Quarry Private Limietd	36/24 Brightpath Marg Opp. Bus Depot Redwood Nagar Jaipur 497435	IN
S3-000961	Lantern Electricals Limited	164 Goldleaf Marg, Goldleaf Nagar, Nagpur, Rajasthan, 114974	IN
S3-001181	Lantern Service sCo	48 Summit Road, Brightpath Park, Peoria, WA	United States
S3-004836	Lantern Foods Silverline Corporation	67 Juniper Street Meridian Park Austin AL	US
S3-008475	Redwood, Pvt Ltd	216 Harbor Dr, Juniper Park, Akron	India
S3-004455	Thitsle, Electricals and Sons Incorporated	Near Exit 14, Ironwood Rd, Summit Park, TX, 89818, Austin	United States
S3-001731	Suummit Logistics and Sons Private Limited	191 Sunstone St, Lantern Nagar, Coimbatore, 484627	India
S3-008894	Juniper Motor sCompany	12 Onyx Street, Near Exit 14, Juniper Park, Akron, 66444	USA
S3-009076	Consultancy Meridian Goldleaf  Corp	Juniper Street, Ravenwood Park, Fresno, 93602	United States
S3-007437	Ravenwood Lantern Private Limited	100 Stonebridge Road, Jaipur, Gujarat, 158492	IN
S3-001475	Sunstone Cobalt Fabrics  Private Limited	272 Clearwater Street Kochi 290709 Apex Nagar	India
S3-003542	Vertex Apex Elecrticals Limited	188 Harbor Marg, Summit Nagar, Nagpur, Gujarat	IN
S3-000211	Consultancy Northgate Copr	Stonebridge Blvd, Opp. City Library, Goldleaf Park, Peoria, CA, 38917	USA
S3-006023	Inndustries, Corp	129 Redwood Boulevard, Meridian Park, Mobile, WA	United States
S3-002693	Redwood Juniper Fabrics Corporation	137 Juniper Ave, Cobalt Park, Near Exit 14, Peoria, 14810	US
S3-006622	Vertex Enterprises	392 Meridian Blvd, Meridian Park, Behind the Civic Center, Akron, TX	US
S3-003987	Quarry Serrvices Corp	62 Sunstone Boulevard, Lantern Park, Mobile, WA, 19998	USA
S3-000916	Northgate Systems	38/6 Goldleaf Marg, Orchid Nagar, Jaipur, Tamil Nadu	IN
S3-006709	Northgate Bluepeak Chemicals P Ltd	249 Stonebridge Rd, Jaipur, Rajasthan, 389168	IN
S3-001881	Logistics Bluepeak Co	252 Orchid Dr, Lubbock, CA, 23483	United States
S3-008208	Silverline Fabrics LLC	93 Goldleaf Drive Lubbock AL 72594	USA
S3-001573	Clearwater Enterprises P Ltd	Near SBI ATM, 79 Summit Road, Juniper Nagar, Nagpur	India
S3-005574	Orchid Conssultancy Corporation	172 Silverline Street, Silverline Park, Fresno, 52080	United States
S3-000966	Silverrline Private Limited	109 Falcon Crs Brightpath Nagar Jaipur Rajasthan	India
S3-007314	Summit, Textiles Corporation	27 Lantern Dr, Akron, TX	US
S3-003559	Harborr Ravenwood Enterprises Private Limited	Onyx Road, Summit Nagar, Coimbatore, Tamil Nadu, 2717721	India
S3-000660	Meridian Services LLC	337 Bluepeak Dr, Fresno, WA, 75376	US
S3-000669	Falcon Mootors Pvt Ltd	158 Apex Cross, Bluepeak Nagar, Nagpur, 369002	IN
S3-005302	Habror Logistcs Private Limited	375 Quarry Mn, Near SBI ATM, Bluepeak Nagar, Nagpur, 780515	IN
S3-000617	Bluepeak Silverline Fabrics and Sons Limited	106 Ravenwood Mn, Lantern Nagar, Coimbatore, Tamil Nadu, 192004	India
S3-005421	Brightpath Motors	282 Quarry Street Lubbock CA	USA
S3-003278	Summit Vertex Chemicals & Sons	Maplecrest Street, Fresno, 59644, Meridian Park	USA
S3-005225	NorthgateL td	377 Bluepeak Rd, Quarry Nagar, Near Metro Pillar 42, Coimbatore, Maharashtra, 756585	IN
S3-002623	Lantern Packakging	Maplecrest Drive, Brightpath Park, Fresno, IL	USA
S3-000503	Kestrle Chemicals Pvt Ltd	229 Meridian Marg, Redwood Nagar, Kochi, Gujarat	IN
S3-003550	Kestrel, Trading and Sons Incorporated	30 Cobalt Ave, Quarry Park, 43730, Mobile	US
S3-002369	Industries Quarry and Sons Limited Liability oCmpany	242 Stonebridge Rd, Mobile	US
S3-005712	Thistle Traading Co	46 Brightpath Drive, Vertex Park, Fresno, CA, 66577	United States
S3-007702	Enterprises Brighttpath	234 Apex Rd, Kestrel Park, Tacoma	US
S3-004226	Sunstone Electricals PP Ltd	350 Summit Marg, Falcon Nagar, Jaipur, Tamil Nadu, 652886	IN
S3-001793	Apex Limited	Near Metro Pillar 42, 314 Cobalt Cross, Kohi, 661807	India
S3-006623	Onyxx Sunstone Consultancy	Bluepeak Park, Akron, 56835, 223 Onyx Dr	United States
S3-005509	Reedwood Inc	73 Summit Road, Juniper Park, Tacoma, IL, 53540	USA
S3-005989	Sunstone Kestrel Logistics	54 Juniper Blvd, Akron, 72975	US
S3-001697	Vertex Foods Limited	Northgate Crs, Clearwater Nagar, Indore	IN
S3-003476	Cobalt Chemicals	53 Summit Ave, Lantern Park, Peoria, AL	US
S3-006075	Lantern Stonebidge Enterprises Ltd	351 Meridian Road, Clearwater Nagar,  Coimbatore, MP, 310988	India
S3-008349	Juniper Enterprises Private Limited	198 Harbor Dr, Apex Park, Kochi, TX, 76926	USA
S3-005377	Maplecrest Systems Incorpoarted	355 Stonebridge Rd Meridian Park Tacoma IL 84633	USA
S3-007068	Harbor Company	139 Juniper Road, Fresno, Rajasthan, 959719	IN
S3-008220	Cleawater, Solutions Ltd	161 Lantern Road, Harbor Park, Peoria	India
S3-005752	Cobalt Packaging Limited Liability Company	Opp. City Library 227 Onyx Dr Maplecrest Park Austin	USA
S3-006752	Sunstone GGoldlleaf Company	339 Bluepeak Boulevard, Thistle Park, Peoria	United States
S3-003348	Vertex, Kestrel Packaging & Sons Lttd	135 Silverline Street, Thistle Nagar, Indore, Kerala, 731625	IN
S3-004079	Meridiann, Systems Limited	Ironwood Cross Nagpur Kerala 644086 Juniper Nagar	IN
S3-007715	Orchid Motors Harbor and Sons Incoporatted	149 Falcon Street, Sunstone Park, Austin, WA, 19710	USA
S3-008032	Sunstne LLC	378 Bluepeak Rd Silverline Park Lubbock 78064	US
S3-009156	Silverline Stonebridge Inc	172 Kestrel Blvd, Onyx Park, Peoria, CA, 19264	USA
S3-002373	Vertex Logistiics	385 Kestrel Rd,, Harbor Park, Fresno	United States
S3-007017	Summit Foods & Sons	236 Meridian Main Goldleaf Nagar Kochi	India
S3-001996	Northgate Orchid Chemicals Corp	Behind the Civic Center, 229 Meridian Blvd, Akron, 22575	US
S3-007853	Ironwood Industries Pvt Ltd	149 Cobalt Road, Maplecrest Nagar, Indore, Kerala	India
S3-007238	Kestrel Enterpries Company	Behind Ganesh Temple, 34 Vertex Rd, Sunstone Nagar, Indore	US
S3-001006	Thistle Blupeak Texties Co	Opp. City Library, 163 Apex Drive, Orchid Park, Akron, 40776	USA
S3-005383	Northgate Apexx Textiles	249 Ironwood Road, Summit Nagar, Kochi, Kerala, 567793	IN
S3-000447	Clearwater Chemiccals Corporation	392 luepeak Boulevard, Sunstone Park, Fresno, WA, 11258	USA
S3-004076	Maplecrest Consuultancy Ltd	218 Ironwood Crs, Northgate Nagar, Surat, Rajasthan, 427583	IN
S3-000035	Orchid Kestrel Packaging Private Limited	Goldleaf Cross, Thistle Nagar, Kochi	India
S3-009217	Juniper Motors	Kochi, 170 Thistle Main	IN
S3-005022	Orchidi, Fabrics Private Limited	3 Ravenwood Main, Clearwater Nagar, Jaipur, Maharashtra, 198108	India
S3-001472	Lantern Logistics	44 Harbor Street, Onyx Park, Akron, 71306	United States
S3-006481	Bluepeak Maplecrest Trading Inc	18 Northgate St, Ravenwood Park, Tacoma	United States
S3-005856	Falcon, Vertex Electricals	389 Summit Street, Lubbock	United States
S3-000583	Silverline Private Limited	Quarry Marg, Stonebridge Nagar, Opp. Bus Depot, Coimbatore, Maharashtra, 393189	India
S3-005145	Services Ravenwood Pvt Ltd	9/65 Stonebridge Road, Bluepeak Nagar, Nagpur, 524144	IN
S3-008958	Vertex Services Coorp	389 Summit Rd, Austin, 94372	USA
S3-000148	Apex orp	3/41 Brightpath Ave, Juniper Park, Austin	USA
S3-008964	Clearwater, Electricals Ltd	39 Summit Avenue, Pune, 86797	United States
S3-003024	Falcon Bluepeak Fabrics Limite Liability Company	358 Orchid St, Near Exit 14, Cobalt Park, Mobile, 2781	US
S3-009052	Ravenwood Enterprises Incorporated	130 Redwood St Near Metro Pillar 42 Quarry Nagar Coimbatore MP	USA
S3-002524	Ravenwood  Solutions Inc	Thistle Drive, Stonebridge Park, Austin, IL, 80869	US
S3-005641	Brightpath Foos	Quary Marg, Jaipur, 744413	IN
S3-008458	Clearwaer Systems Corp	316 Stonebridge  St, Sunstone Nagar, Nagpur, 662937	US
S3-008363	Oynx Enterprises Co	22 Ravenwood Dr, Near Exit 14, Thistle Park, Lubbock, 35256	United States
S3-007967	Lantern Electricals Corporation	Ironwood St, Near Exit 4, TX, Austin	USA
S3-001198	FalconPL td	200 Goldleaf Main, Nagpur, Rajasthan, 48370	India
S3-008215	Ironnwood Enerprises Inc	107 Apex Dr Austin Summit Park	USA
S3-004103	Redwood Motors Co	132 Clearwater Dr, Harbor Park, Fresno, TX, 35216	United States
S3-004941	Ravenwwood Fabrics & Sons Limited	Northgate Crs, Ironwood Nagar, Nagpur, 396721	India
S3-006434	Sunstone Co	217 Vertex Avenue, Bluepeak Park, Opp. City Library, Peoria, 93264	USA
S3-002391	Onyx Mootors Company	117 Maplecrest Blvd, Kestrel Park, WA, 45801, Fresno	USA
S3-001808	Goldleaf Motors Pvt Ltd	241 Goldleaf Main, Northgate Nagar, Behind Ganesh Temple, Indore, Maharashtra, 980769	India
S3-004420	Orchid Servicees Ltd	Redwood St, Surat, 672852	India
S3-001578	Meridian Fabrics	12/61 Maplecrest Rd, Summit Park, Akron, IL, 96605	United States
S3-003401	Silverline Systems Ldt	101 Ironwood Main, Thistle Nagar, Near SBI ATM, Nagpur	India
S3-007059	Lantrn P Ltd	108 Orchid Rd, Quarry Nagar, Pune, Rajasthan, 420669	India
S3-008185	Silverline Mapleecrest Fabrics Inc	Redwood Road, Stonebridge Park, TX, Lubbock	USA
S3-006283	Industries Godlleaf	Orchid Ave, Tacoma	United States
S3-007443	Northgate ySstems	269 Ravenwood Blvd, Cobalt Park, Akron	USA
S3-006157	Goldleaf Sivlerline Foods Co	Near Exit 14 38 Kestrel Blvd Silverline Park Akron AL	United States
S3-008193	Textiles Onyx Onyx Pvt Ltd	300 Latern Mn, Jaipur, 464161	India
S3-001622	Kestrel oods	309 Northgate Drive, Behind the Civic Center, Tacoma, IL, 38444, Quarry Park	USA
S3-006041	Apex Lanternand Sons	Clearwater Avenue, Silverline Park, Mobile, CA	USA
S3-005677	Harbor Enterprises Pvt Ltd	223 Clearwater Mn, Apex Nagar, Kochi, 883493, Near SBI ATTM	IN
S3-002269	Ironwood Chemicals	13 Quarry Marg, Redwood Nagar, Surat, Maaharashtra, 175767	India
S3-000967	Stonebridge Solutoins Company	319 Onyx oRad, Maplecrest Park, Fresno	USA
S3-002022	Blueepak, oods Company	366 Bluepeak Street, Lubbock	United States
S3-001229	Northgate Texxtiles Corp	126 Falcon Road Akron 47426 CA	US
S3-008407	Ironwood ServicesPrivate Limited	105 Meridian Blvd, Apex Park, Near Exit 14, Indore, OH, 40304	United States
S3-000236	Maplecrest, Industries P Ltd	Bluepeak Road, Onyx Nagar, Indore, 567931	India
S3-001510	Sunstne Trading Limited	263 Goldleaf Main, Apex Nagar, Jaipur, 872649	IN
S3-001782	Silveline, Falcon Motors Co	337 Apex Drive, Summit Park, Mobile, OH	US
S3-009233	Silverlie Packaging	Maplecrest Rd, Near Metro Pillar 42, Kochi	India
S3-007975	QuarryM, otors Pvt Ltd	Behind Ganesh Temple, 197 Meridian Mn, Apex Nagar, Kochi,K erala	India
S3-005277	Onyx Consultancy Corpoartion	268 Northgate Drive Cobalt Park Lubbock CA	USA
S3-006519	Redwood Limited	Near SBI ATM, Harbor Nagar, Coimbatore, Kerala, 897972 ,325 Northgate Marg	India
S3-009174	Apex Packaging Quarry Private Limited	5/16 Summit Marg, Goldleaf Nagar, Kochi	India
S3-007827	Oynx P Ltd	321 Meridian Marg, Orchid Nagar, Pune, Gujarat	IN
S3-000147	Harbor Consultany & Sons Limited Liability Company	168 Silverline Rd, Tacoma, OH, 14494	United States
S3-001059	Northgate Electricals P Ltd	Clearwater Rd, Silverline Nagar, Nagpur, Tamil Nadu, 535871	India
S3-008036	Sunstone Foods Privte Limited	35/77 Meridian Blvd, Thistle Park, Lubbock, OH	IN
S3-001461	Electricals Brightpath Harbor Company	65 Lantern Boulevard, Vertex Park, Lubbock, 46770	US
S3-004383	Bluepeak Lantern Foods	Falcon Main, Nagpur, 577029	IN
S3-002006	Goldleaf Logistics Private Limtied	113 Brightpath Marg, Harbor Nagar, Coimbatore, Maharashtra	IN
S3-005218	Meridian CChemicals	102 Goldleaf Road, Ravenwood Park, Akron, TX	US
S3-002052	Brightpath Trading Corp	Ravenwood Park, Akron, 389 Blueepeak Avenue	USA
S3-008080	Kestrel Textiles Corporation	162 Silverline Road, Juniper Park, Akron, WA, 33740	USA
S3-000368	Juniper Clearwater Solutions Pvt Ltd	Stonebridge Rd, Bluepeak Nagar, Surat, 552163	India
S3-003827	Brgihtpath LLC	5 Ravenwood Avenue, Opp. City Library, Northgate Park, Mobile, AL, 12915	US
S3-003357	Ironwood, Summit Corporation	181 Maplecrest Boulevard, Meridian Park, Tacoma	United States
S3-002785	Ravenwood Solutios & Sons Pvt Ltd	152 Juniper Road, Clearwater Nagar, Indore, 557121	India
S3-003811	Trading Cobalt Pvt Ltd	104 Kestrel St, Meridian Nagar, Jaipur, Kerala	IN
S3-002626	Clearwater Electricals  Ltd	242 Apex Rd, Onyx Nagar, Pune, 787054	IN
S3-006099	Harborr Pvt Ltd	9/78 Clearwater Marg, Falcon Nagar, Near SBI ATM, Pune, 667805	IN
S3-003704	Ironwood Harbor Enterprises & Sons Limited Liability Company	82 Goldleaf Street, Akron	United States
S3-009161	Coblat Harbor Incorporated	375 Falcon St Cleearwater Nagar Behind Ganesh Temple Austin Maharashtra 269995	India
S3-003198	Meridian Northgaate Foods Privtae Limited	54 Northgate Mn, Northgate Nagar, Jaipur, Kerala, 287204	India
S3-004834	Orchid Fabrics Co	Clearwater Park, Fresno, 170 Redwood Drive	US
S3-003532	Lantern Bluepeak Chemicals & Sons Pvt Ltd	Smmit Cross, Jaipur, 712425	IN
S3-007140	Brightpath Brightpath Solutions aand Sons P Ltd	30/61 Meridian Road, Silverline Park, Austin, TX, 11977	IN
S3-001403	Kestrel, Liimited	83 Juniper St, Orchid Nagar, Kochi	India
S3-008391	Redood Ravenwood Textiles P Ltd	Bluepeak Marg, Northgate Nagar, Coimbatore, Gujarat	India
S3-008539	Falcon Bluepeak and Sons Incorporated	194 Brightpath Street, Juniper Park, Tacoma, AL, 28916	USA
S3-002654	Meridian Consultancy Priate Limited	Goldleaf Main, Northgate Nagar, Jaipur, Maharashtra, 329716	IN
S3-008226	Motors Brightpath Incorporated	178 Apeex St, Peoria, TX, 93776	US
S3-003220	Silverline Trading Limited	15 Apex Rd, Opp. Bus Depot, Harbor Nagar, Indore, Rajasthan, 466332	India
S3-003566	Summit Consultancy annd Sons Limiteed	191 Onyx Street, Silverline Nagar, 519960, Kochi	IN
S3-006400	Ravenwood Textiles Private Limited	321 Falcon Mn, Northgate Nagar, Coimbatore, 850002	India
S3-003182	Onyx Consultancy Ltd	225 Juniper Main, Ironwood Nagar, Nagpur, Gujarat, 591326	IN
S3-004764	Ravenood Food s& Sons P Ltd	391 Onyx Main, Behind Ganesh Temple, Coimbatore, MP, 479506	IN
S3-000117	Goldleaf Electricals and Sons Private Limited	350 Meridian Marg, Coimbatore, Orchid Nagar	IN
S3-006304	Services Clearwater Private Liited	391 Silverline Mn Meridian Nagar Nagpur	India
S3-004656	Sunstne & Sons	203 Brightpath Drive, Clearwater Park, Peoria, 59030	US
S3-007096	Meridian Industries Company	376 Silverline Blvd Near Exit 14 Peoria OH 28912	US
S3-007781	Stonebridge Cobalt and Sons P Ltd	128 Redwood Main, Indore, 437436	IN
S3-008901	Harbor Textiles	260 Ironwood Blvd, Brightpath Park,Peoria, OH, 87945	United States
S3-003651	Thistle, Compay	170 Cobalt Rd, Peoria, OH	USA
S3-002277	Qurry, Limited	350 Ravenwood Rd, Vertex Nagar, Coimbatore, Gujarat	India
S3-002251	Maplecrest Private Limited	290 Lantern Mn, Ironwood Nagar, Nagpur, 551044	IN
S3-003681	Maplecrest Trading & Sons Limited	22/30 Vertex St Redwood Nagar Nagpur	India
S3-007845	Onyx Motors & Sons Private Limited	270 Harbor Marg, Redwood Nagar, Pune	India
S3-008135	Goldleaf Enterprises & Sons Private Limited	134 Vertex Boulevard Kestrel Park Indore OH 87842	USA
S3-001184	Lantern Serviices Co	Stonebridge St Stonebridge Park Peoria	USA
S3-006104	Falcon Trading Company	38 Silverline Road, Ravenwood Park, Tacoma, CA	United States
S3-000817	Stonebridge Solutions Private Limited	32 Bluepeak Main, Harbor Nagar, Pune, Tamil Nadu, 603245	IN
S3-002038	Sunstone Bluepeak Services P Ltd	12 Bluepeak St Lantern Nagar Pune	IN
S3-004967	Redwood Textilles Inc	238 Ironwood Rd,Lubbock, AL	US
S3-003974	ApexChemicals & Sons Private Limited	296 Sunstone Marg, Ironwood Nagar, Nagpur	IN
S3-004049	Meridian Goldleaf Private Limited	236 Meridian Main, Goldleaf Nagar, Near SBI ATM, Kochi	India
S3-009146	Harbor Mtors Inc	18 Redwood Avenue, Apex Park, Akron, 64942	United States
S3-003186	Stonebridge Chhemicals Inc	Vertex Boulevard, Meridian Park, Mobile, IL, 65926	US
S3-004004	Brightpath Foos P Ltd	28/21 Sunstone St Behind Ganesh Temple Kochi Tamil Nadu 546306	IN
S3-002755	Summit Textiels and Sons Corp	13 Ravenwood Drive, Harbor Park, Akron	US
S3-008610	Ironwood Services Private LLimited	Behind Ganesh Temple, 170 Maplecrest Marg, Orchid Nagar, Jaipur, Tamil Nadu, 183667	IN
S3-000227	Summit Solutons P Ltd	15 Brightpath Marg, Stonebridge Nagar, Inodre	India
S3-002317	Harbor Redwood Pakaging Pvt Ltd	336 Meridian Marg Stonebridge Nagar Indore Maharashtra	India
S3-008518	Maplecrest Chemicals	Near Exit 14, 348 Goldleaf Dr, Maplecrest Park, Austin, 93306	USA
S3-001264	Quarry Sillverline Textiles Pvt Ltd	392 Juniper Main, Opp. Bus Depot, Juniper Nagar, Pune, Maharashtra, 118839	India
S3-002731	Brighptath Motors Ltd	296 Maplecrest St Lantern Nagar Coimbatore 272268	IN
S3-004106	Falcon Eelctricals Inc	350 Meridian Avenue, Orchid Park, Akron, AL, 90756	US
S3-009169	Ravenwood Motors Corp	Cobalt Dr, Akron, WA, 52271	United States
S3-005282	Cobalt Falcon Private Limited	314 Silverlinee Cross, Near SBI ATM, Vertex Nagar, Kochi, Gujarat, 791342	IN
S3-005588	Silvrline Enterprises Pivate Limited	259 Brightpath RRd Kochi Tamil Nadu	IN
S3-005093	Thistle Trading Corporation	Ravenwood Avenue, Lantern Park, Peoria, 18371	United States
S3-002084	Quarrry Chemicals Pvt Ltd	27/60 Lantern Mn, Ironwood Nagar, Behind Ganesh Temple, Indore, Rajasthan	India
S3-001116	Apex Electricals	363 Maplecrest Marg, Harbor Nagar, Jaipur, Rajasthan, 445232	India
S3-004777	Cobalt Onyx Indutsries Corp	40 Thistle Blvd, Lubbock, 74616	United States
S3-003402	Silverline Systems Ltd	101 Ironwood Main Nagpur 396137 Thistle Nagaar	India
S3-004569	Clearwter Limited Liability Company	300 Ironwood Avenue, Peoria	US
S3-000838	Falcon ServicesLtd	51Lantern Cross, Northgate Nagar, Indore, Tamil Nadu, 621058	IN
S3-004977	Ravenwood Ravenwood Trading	308 Ironwood Marg, Maplecrest Nagar, Near SBI ATM, Coimbatore, Gujarat	IN
S3-006105	Summit & Sons Private Limited	251 Bluepeak Street, Kochi, Rajasthan	IN
S3-003075	Orchid Indsutries  &Sons P Ltd	17 Sunstone Crs, Jaipur, Gujarat, 894508	IN
S3-001153	Mridian Logistics Private Limited	2/17 Ravenwood St, Kestrel Nagar, Indore, MP, 263149	IN
S3-009196	Kestrel Goldleaf Services	89 Ironwood Avenue, Bluepeak Park, Tacoma, IL, 25150	United States
S3-007698	Meridian and Sons Ltd	87 Cobalt Street, Kestrel Nagar, Jaipur, 266061, Gujarat	IN
S3-004582	Quarry & Sons	Coimbatore, Kerala, 5 Goldleaf Mn	India
S3-009119	Kestrel Coorp	67 Northgate Marg Falcon Nagar Mobile Kerala	IN
S3-002213	Maplecrest Services	136 Falcon Street Behind Ganesh Temple Pune	India
S3-007175	Falcon  Trading LLC	29 Goldleaf Street Peoria OH 85510 Opp. City Library	USA
S3-002570	Suntsone Stonebridge Systems	374 Falcon Marg Brightpath Nagar Coimbatore Gujarat 286676	India
S3-006199	Siilverline Packaging Limited	305 Summit Marg, Meridian Nagar, Pune, 953279	India
S3-001905	Electricals Lantern Corpoation	19 Brightpath DDrive, Mobile, IL	United States
S3-004972	Harbor Textils	140 Juniper Dr, Akron, CA	United States
S3-002860	Orchid Logistics LLC	Opp. City Library 223 Lantern Avenue Lubbock CA 78293	United States
S3-000816	Stonebridge Private Limited	306 Northgate Mn, Behind Ganesh Temple Stonebridge Nagar, Pune	IN
S3-009155	Lantern Enterprises LLC	Lantern Blvd, Harbor Park, Austin	USA
S3-007797	Foods Kestrel Ltd	38/31 Quarry Road Quarry Nagar Behind Ganesh Temple Nagpur Rajasthan 308028	India
S3-002554	Brightpath BBluepeak Private Limited	88 Silverline Rd, Ironwood Nagar, Surat, 285222	IN
S3-001860	Haarbor Fabrics Corp	15/44 Maplecrest Blvd Lubbock TX	United States
S3-006350	Harbor Textiles Pvt Ltd	Stonebridge St Kestrel Nagar Behind Ganesh Temple Surat Tamil Nadu 321445	IN
S3-005318	Sunstone Chemicals Private Limited	Falcon Marg, Thistle Nagar, Kochi, Gujarat	India
S3-005129	Meridian Fabrics Privatte Limited	36/69 Clearwater Marg Brightpath Nagar Pune 651207	India
S3-006994	Juniper Consultancy Inc	379 Meridian Ave Near Exit 14 Tacoma TX 91379	US
S3-009189	Enterprises Bluepeak AApex Limited	225 Brightpaht Street, Goldleaf Park, Kochi, 98618	US
S3-005544	Brightpath, Quarry Corporation	23 Redwood Dr, Quarry Park, Mobile, WA, 53488	USA
S3-008338	Northgate Ravenwood Industries	Opp. City Libarry, 232 Vertex St, Quarry Park, Peoria, 63311	USA
S3-000005	Systemms & Sons LLC	38/87 Silverline Blvd Ravenwood Park Behind the Civic Center Austin	United States
S3-005890	Thistle Motrs Limited Liability Company	254 Bluepeak Road, Clearwater Park, Austin, 49672	US
S3-008030	Chemicals HHarbor	Goldleaf Marg, Austin, Tamil Nadu, 492430	India
S3-000841	Northgate Corporation	136 Lantern Dr, Onyx  Park, Opp. City Library, Austin, 36239	USA
S3-006251	Thistle Systems and Sons Private Limited	Near SBI ATM, 313 Ravenwood Crs, Onyx Nagar, Indore, 137893	India
S3-006233	Clearwateer Foods Incorporated	154 Cobalt Boulevard, Meridian Park, Tacoma	US
S3-004819	Silverline Northgate Limited Liability Company	29/16 Thistle Road, Clearwater Park, Akron, CA	USA
S3-000090	Meridian Solutions Company	186 Juniper Blvd Brightpath Park Akron	US
S3-000089	Meridian Solutions Co	Juuniper Blvd, Akron, AL, 89732	USA
S3-000027	Sunstone Textiles Company	120 Northgate Road, Ravenwood Park, Behind the Civic Center, Tacoma, WA	USA
S3-006050	Summit Enterprises Inc	Cobalt Blvd Goldleaf Park Lubbock 93935	USA
S3-003271	Stonebridge Lantern Texiles	280 Sunstone Ave, Lubbock, CA, 17653	United States
S3-008172	Meridian	43 Coballt Blvd, Ravenwood Park, Fresno, CA, 50164	USA
S3-001941	Onyx Ltd	343 Apex Rd, Quarry Nagar, Coimbatore, 828815	India
S3-000744	Bluepeak Texttiles Corp	232 Vertex Boulevard, Sunstone Park, Mobile, 40090	US
S3-002376	Kestrel Logistics Limited	248 Northgate Marg, Onyx Nagar, Kochi	IN
S3-002481	Goldleaf Stonebridge Foods P Ltd	376 Cobalt Marg, Orchid Nagar, Kochi, Kerala	IN
S3-005280	Ravenwood Quarrry	Northgate treet Kochi 880968	India
S3-003173	Ironwwood Fabrics Incorporated	Goldleaf Drive, Mobile, IL	United States
S3-004564	Falcon Ravenwood	184 Goldleaf Marg, Redwood Nagar, Indore, Tamil Nadu, 689167	India
S3-004061	Quary Chemicals Corporation	127 Onyx Dr, Ravenwood Park, Austin, 12034	USA
S3-008584	Sunstone, Vertex Electricals Ltd	Behind Ganesh Temple 35/38 Silverline Rd ClearwaterN agar Jaipur Tamil Nadu 489751	IN
S3-008512	Lantern Ltd	188 Meridian Drive, Vertex Park, Lubbock, AL, 89638	India
S3-006687	Clearwater, Prviate Limited	252 Onyx Rd, Ironwood Nagar, Nagpur, 538429	India
S3-000852	Chemicals Thistle	Apex Main, Pune, Gujarat, 539003, Clearwater Nagar	India
S3-002688	Meridian Corpporation	18/80 Clearwater Rd, Apex Park, Akron, 58345	US
S3-004956	Summit TextilesC ompany	63 Bluepeak Dr, Sunstone Park, Peoria, IL, 766649	United States
S3-005461	Bluepeak Textiles & Sons P Ltd	18 Falcon Marg, Surat, Gujarat, 108748	IN
S3-001535	BluepeakBrightpath Fabrics Co	190 Bluepeak Street, Silverline Park, Akron, 71138	US
S3-000000	Summit Textiles Incorporated	73 Onyx St, Lantern Park, Tacoma, TX, 20544	US
S3-005200	Cobalt Stonebridge Comppaany	291 Harbor Rd, Near Exit 1, Falcon Park, Lubbock, OH, 25956	US
S3-001723	Textiles Ltd	41 Juniiper Cross, Indore, MP	IN
S3-007545	Summit Lantern Cosultancy	280 Clearwater Blvd, Ravenwood Park, Tacoma, WA, 57486	US
S3-005786	Ironwood Textlies Private Limited	Near SBI ATM, 70 Goldleaf Road, Juniper  Nagar, Coimbatore	IN
S3-003003	Sunsttone Maplercest Ltd	Brightpath Mn, Thistle Nagar, Surat, Tamil Nadu	IN
S3-005565	Ironwoodd Motors	359 Summit St, Silverline Nagar, Jaipur, MP	IN
S3-002336	Stonebridge Limited	369 Northgate Main, Kochi, Gujarat, 704966	IN
S3-006567	Redwood Electriacls Co	31/30 Cobalt Dr, Behind the Civic Center, Maplecrest Park, Akron, 32165	United States
S3-009024	Clearwater Summit Foods Co	41 Cobalt Avenue, Apex Park, Austin	US
S3-001324	Junipeer Enterprises Limited	18 Sunstone Rd, Orchid Nagar, Indore, Tamil Nadu, 409815	India
S3-001127	Qaurry	Near SBI ATM 378 Apex Road Brightpath Nagar Surat Rajasthan 720691	IN
S3-002928	Meridian Ironwood Trading and Sons Inc	188 Quarry Avenue, Juniper Park, Lubbock, CA, 22770	USA
S3-000266	Juniper Consltancy	229 Clearwater Rd Clearwater Nagar Indore 226107	India
S3-002413	Redwood Limited	103 Kestrel Road, Meridian Nagar, Pune, Kerala	IN
S3-008368	Ironwood Foods Inc	260 Meridian Rd Northgate Park Mobile 67768	USA
S3-005107	Apxe Goldleaf Foods LLC	229 Brightpath Blvd, Maplecrest Park, Fresno, 90870	United States
S3-003016	Onyx Services Corp	214 Clearwater Boulevard, Brightpath Park, Fresno, WA, 94716	USA
S3-002280	Quarry Consultncy Co	157 Thistle Road, Lubbock, IL, 45016	USA
S3-005789	Sunstone Textile Pvt Ltd	Apex Road, Stonebridge Nagar, Surat, Maharashtra, 461400	IN
S3-005742	Ironwood Systems	21 Stonebridge Drive, Falcon Park, Fresno	US
S3-004717	Maplecrest Chemicals Ltd	206 Kestrel Street, Thistle Nagar, Indore, Gujarat, 922160	IN
S3-005384	Onyx, Irnwood Logistisc	118 Harbor Road, Stonebridge Nagar, Coimbatore, MP, 704111	IN
S3-008344	Logistics Silverline P Ltd	Quarry Driv,e Coimbatore, IL, 82478	USA
S3-002355	Consultancy nad Snos LLC	94 Brightpath Rd, Near Exit 14, Peoria, WA, 10598	USA
S3-001343	Vertex Bluepeak Packaging Corporation	Quarry Ave, Lubbck, 58991, WA	United States
S3-000775	Onyx and Sos Pvt Ltd	258 Silverline Marg, Onyx Nagar, Surat, 570579	IN
S3-006149	Solutions, Kestrel Private Limited	229 Vertex Rd Ironwood Nagar Surat 585796	IN
S3-001335	Stonebridge Solutions Limited	317 Lantern Crs, Clearwater Nagar, Surat, Kerala	IN
S3-007973	Logistisc, Harbor Incorporated	Near Exit 14, 71 Bluepeak St, Onyx Park, Mobile	United States
S3-003865	Juniepr	161 Bluepeak Main Redwood Nagar Opp. Bus Depot Indore 536351	India
S3-005928	Eectricals P Ltd	Near Metro Pillar 42 97 Onyx Crs Falcon Nagar Coimbatore 231427	India
S3-008091	Clearwater Bluepeak Logistics  Pvt Ltd	378 Harbor Crosss, Pune	IN
S3-006510	Lantern SystemsPvt Ltd	173 Lantern Road Summit NagarK ochi	India
S3-005310	Goldleaf & Sons Pvt Ltd	Quarry Marg Harbor Nagar Jaipur	IN
S3-001924	Junipe Chemicals Inc	242 Harbor Ave, Harbor Park, Austin, 85351	USA
S3-005783	Stonebridge Corp	230 Thistle Street, Onyx Park, Tacoma, TX, 30758	United States
S3-008625	Onyx Logistics Inc	155 Cobalt Rd, Meridian Nagar, Jaipur, Rajasthan, 783295	US
S3-006904	Apex Consultancy P Lttd	233 Ironwood Cross Opp. Bus Depot Thistle Nagar Surat Tamil Nadu	India
S3-005064	Orchid	113 Goldleaf Rd, Thistle Park, Lubbock, 85116	United States
S3-005787	Textiless, Ironwood	Near SBI ATM Sunstone Main Coimbatore Gujarat	IN
S3-008845	Cobalt Onyx Industries Company	Near Exit 14, 299 Kestrel Dr, Akron, CA, 38168	USA
S3-001862	Clleaarwater Industries Corporation	Behind the Civic Center Cobalt Boulevard Clearwater Park Tacoma CA	United States
S3-007834	Meriidian Apex Industries Private Limited	232 Onyx Street, Behind Ganesh Temple, Jaipur, 819243	India
S3-007110	Bluepeak Systems LLC	Redwood Park, Akron, WA, 26380, 196 Sunstone Ave	USA
S3-007421	Clearwater Enterpises LLC	69 Stonebridge Ave, Ravenwood Park, Lubbock, TX, 54598	United States
S3-007159	Falcon Incorporated	28/53 Bluepeak Street, Clearwater Park, Austin, 36075	United States
S3-003500	Thistle Chemicalls Limited Liability Company	345 Orchid St Goldleaf Park Austin 46021	USA
S3-008674	Maplecrst Solutions & Sons Limited	Sunstone Nagar, Jaipur, 350012, 36/81 Cobalt St	IN
S3-005242	Texxtiles Maplecrest P Ltd	Opp. Bus Depot, 368 Kestrel Mn, Summit Nagar, Coimbatore, Maharashtra, 743640	India
S3-005539	Stonebridge Kestrel Solutions Corp	20/84 Silverline Drive, Sunstone Park, Mobile, 29053	USA
S3-007694	Clearwater Cllearwater and Sons Company	2 Thistle Boulevard, Quarry Park, Austin, IL, 46845	US
S3-004098	Kestrel Chemicals LLC	233 Onyx Blvd Brightpath Park Fresno 75954	US
S3-002191	Onyx, Motors	Harbor Cross, Clearwater Nagar, Jaipur, MP, 773961	IN
S3-001536	Qurry Fabrics Co	209 Brightpath Rd, Goldleaf Park, Mobile, WA, 76118	United States
S3-005995	Kestrel Electicals Inc	307 Ironwoood Boulevard, Peoria	United States
S3-003180	Vertex Cobalt & Sons Private Limited	Near SBI ATM Orchid Cross Stonebridge Nagar Kochi	India
S3-008125	Summit Consultancy LLC	Maplecrest Rd, Opp. City Library, Clearwater Park, Lubbock	US
S3-001719	Goldleaf Falcon Electricals Incoropraetd	317 Summit Dr Meridian Park Akron 47727	United States
S3-001842	Fabrics Vertex P Ltd	370 Ravenwood Cross ,Indore, Gujarat, 524354	India
S3-007872	Falcon	359 Juniper Rd, Silverline Park, WA, Fresno	USA
S3-002685	Northgate Consultancy	Ravenwood Rd, Sunstone Park, Austin, 17875	USA
S3-001254	Onyx Electricals & SSons	17 Thistle Dr, Akron, WA, 20166	USA
S3-004528	Silverline Solutions	253 Clearwater Blvd, Redwood Park, Akron, 62870	USA
S3-006767	Laantern Meridian Pvt Ltd	58 Clearwater St, Summit Nagar, Pune, Tamil Nadu	IN
S3-003014	Onyx Services Corp	124 Orchid Ave, Apex Park, Peoria	US
S3-007917	Stonebridge Cobalt Consultancy & Sons Limited Liability Company	357 Redwood Avenue, Mobile, OH, 33219	USA
S3-001642	Juniper Foods Pvt Ltd	111 Ravenwood Marg Jaipur MP 582521	India
S3-006427	Quarry Textiles and Sons	86 Quarry Street, Harbor Park, Tacoma, 45645	US
S3-001527	Stonebridge Ape Motors Company	285 Summit Avenue Austin AL 88300	US
S3-004686	Juniper  & Sons	115 Onyx St, Maplecrest Nagar, Coimbatore, Rajasthan, 993767	IN
S3-005884	Meridian Motors Company	230 Onyx Boulevrd Brightpath Park Lubbock	United States
S3-003318	Chemicals Bluepeak Pvt Ltd	29/40 Stonebridge Rd, Juniper Nagar, Nagpur, Gujarat	IN
S3-006640	Kestrel, Kestrel Industries Co	308 Harbor Dr Stonebridge Park Tacoma IL 19381	US
S3-005234	Falcon riivate Limited	216 Maplecrest Crs, Orchid Nagar, Surat, Maharashtra	IN
S3-000892	Cobalt Incorporaated	178 Redwood Dr Quarry Park Lubbock AL 21009	United States
S3-001155	Kestrel Systems PrivateL imited	338 Meridian Marg, Silverline Nagar, Nagpur, Tamil Nadu, 877352	IN
S3-001882	Meridian Textiles Incorporated	245 Harbor Avenue Peoria WA	US
S3-000996	Vertex Sytems	Maplecrest Road Near SBI ATM Indore MP	IN
S3-005580	Onyx Chemicals	102 Onyx Street Orchid Nagar Nagpur 421475 Maharashtra	IN
S3-001424	Sunstone Packaging Kestrel Limited	Redwood Main, Bluepeak Nagar, Jaipur, Tamil Nadu, 918780	India
S3-008438	Goldleaf Foods P Ltd	153 Meridian Main Quarry Nagar Kochi	IN
S3-008600	Chemicals Lantern and Sons	Meridian Main, Near SBI ATM, Summit Nagar, Nagpur, 710705	United States
S3-003490	Redwood Redwood Logistics Private Limited	1/62 Ravenwood Main, Summit Nagar, Kochi, Rajasthan,  986772	India
S3-003080	Brightpath, Chemicals & Sons Incorproated	268 Northgate St, eVrtex Park, Peoria, AL	US
S3-007831	Kestrel Trading	335 Orchid Street, Juniper Nagar, Surat, Gujarat, 415182	IN
S3-006844	Harbor, Chemicals and Sons P Ltd	201 Northgate Cross, Summit Nagar, Surat, MP, 902445	India
S3-007383	Sunstone Indutsrie s& Sons	27 Juniper Road, Brightpath Park, Tacoma	USA
S3-003944	Logitics Corporation	385 Redwood St Austin 700976	US
S3-005951	Apex Thistle Inc	Quarry Avenue, Juniper Park, Fresno, CA, 16255, Near Exit 14	USA
S3-004070	Verex Brightpath Systems P Ltd	Quarry Street, Ravenwood Nagar, Nagpur, Rajasthan, Near SBI ATM	IN
S3-007757	Northgate Solutions Limietd	230 Harbor Crs, Cobalt Nagar, Surat, Tamil Nadu	India
S3-007309	Stonebridge Clearwater Logistics	37/70 Kestrel Street, Redwood Park, Akkron, WA, 77589	United States
S3-005838	Juniper Enterpriess oCrp	48 Falcon Street Kestrel Park Akron	US
S3-004683	Silverlnie Electricals	5/57 Maplecrest Marg, Maplecrest Nagar, Surat, Maharashtra, 246970	India
S3-001735	Brightpah Quarry Fods Ltd	28/82 Apex Rd, Meridian Nagar, Nagpur, 529315	India
S3-006365	Ravenwood Motor Pvt Ltd	315 Brightpath Rd, Summit Nagar, Coimbatore, Rajasthan, 538789	IN
S3-001329	Kestrel Textiles PvtLtd	255 Sunstone Cross, Coimbatore, Rajasthan	India
S3-006450	Redood, Onyx	314 Redwood Rd, Ironwood Park, Fresno, AL	USA
S3-003337	Fabrics & Sons Corp	65 Thisttle Ave Brightpath Park Tacoma TX 92001	USA
S3-006345	Juniiper Enterprises	344 Goldleaf Mn, Kestrel Nagar, Opp. Bus Depot, Nagpur, Gujarat, 176551	India
S3-008686	Meridian	88 Brightpath Drive Behind the Civic Center Onyx Park Fresno TX	USA
S3-003820	Ravenwood Enterprises & Sons Pvt Ltd	Cobalt Road Near SBI ATM Cobalt Nagar Jaipur 523380	India
S3-004746	Brightpath, Onyx Textiiles Corporation	388 Harbor Bvld, Redwood Park, Tacoma, AL, 80363	US
S3-001435	Vertex System and Sons	358 Bluepeak Avenue, Northgate Park, Austin, CA, 44625	US
S3-007749	Stonebridge Foods Pvt Ld	235 Summit Marg, Clearwater Nagar, Kochi, 982449	India
S3-003689	Ironwood Industriies	347 Falcon Dr, Onyx Park, Near Exit 14, CA, 44925, Tacoma	USA
S3-009225	Silverline Foods and Son sP Ltd	169 Cobalt Street, Lantern Nagar, Near SBI ATM, Nagpur, Maharashtra, 480439	India
S3-007616	Bluepeak Goldleaf Solutions and Sons Company	231 Juniper Street, Behind the Civic Center, Sunstone Park, Akron, OH	US
S3-001433	Kestrel Chemicals Prviate Limited	325 Goldleaf Crs Nagpur Rajasthan 569218	India
S3-005279	Ravenwood Quarry Ptv Ltd	Northgate St Apex Nagar Kochi	IN
S3-000675	Vertex Foods Private Limitde	Ravenwood MMarg, Harbor Nagar, Kochi	India
S3-005077	Quarry Enterprises Pvt Ltd	178 Falcon Mn, Redwood Nagar, Pune, 120179	India
S3-001838	Industries Vertex Apex	291 Bluepeak St, Fresno OH, 11572	United States
S3-009067	Consultanncy Bluepeak Vertex Limited	19 Ironwood Main Vertex Nagar Kochi Kerala	India
S3-000106	Vertex, Foods Limited Liability Company	28/67 Summit Boulevard, Ravenwood Park, Tacoma, AL	USA
S3-007413	Nrothgate Consultancy Incorporated	Clearwater Blvd 76240 Akron	USA
S3-003973	Apex ChemicalsPrivate Liited	236 Sunstone St Northgate Nagar Nagpur Kerala	India
S3-008893	Consultancy Goldleaf Inc	339 Onyx St, Juniper Park, Lubbock, TX, 40460	USA
S3-009237	Bluepeak RavenwoodF oods	19 Onyx St Onyx Nagar Indore Gujarat 444329	IN
S3-004838	Northgate Foods Incorpoarted	276 Quarry Avenue, Meridian Park, Lubbock	US
S3-001147	Silverline, Electricals Limited Liability Company	391 Harbor Street Brightpath Park Austin CA 38537	United States
S3-004553	Ravenwood Fabrics Private Limitde	8/56 Brightpath Marg, Silverline Nagar, Nagpur, Kerala, 638577	India
S3-005207	Juniper Foods P Ltd	307 Harbro St, Vertex Nagar, Surat, 840604	IN
S3-005340	Northgate Private Limited	Near SBI ATM, 14 Ironwood Cross, Maplecrest Nagar, Indore	India
S3-005410	Vertex Ironwood Trading	72 Quarry Ave, Brightpath Park, Opp. City Library, Austin, OH, 53786	US
S3-008706	Junpier Limited	Bluepeak Cross, Behind Ganesh Temple, Redwood Nagar, Surat, Kerala, 111977	India
S3-005123	Redwood, Kestrel Motors	139 Onyx Crs, Redwood Nagar, Coimbatore, MP, 785110	India
S3-001520	Maplecrest Trading LLC	155 Bluepeak Street, Ironwood Park, Fresno, 94894	United States
S3-003511	Clearwatre, Logistics	305 Stonebridge Mn, Brightpath Nagar, Surat, 309115	India
S3-000328	Ravenwood Commpany	173 Stonebridge Ave, Juniper Park, Austin, OH	United States
S3-006666	Vertex Moors Pvt Ltd	33/61 Goldleaf Road, Cobalt Nagar, Surat,T amil Nadu, 684364	IN
S3-006369	Vertex Consultacy Private Limited	212 Lantern Mn, Nagpur, Rajasthan, Thistle Nagar	India
S3-000751	Brightpat Foods Limited Liability Company	371 Cobalt Rd, Harbor Park, Tacoma, CA, 14574	USA
S3-009104	Onyx Chemicals LLC	275 Apex Boulevard, Mobile	United States
S3-004788	Bluepeak Foods Pvt Ltd	284 Vertex Crs, Maplecrest Nagar, Jaipur, 895069	IN
S3-000543	Clearwater Enterprises Limited	Opp. Bus Depot 249 Apex Street Apex Nagar Jaipur	IN
S3-007910	Thistle & Sons	295 Ravenwood St, Bluepeak Park, Austin	USA
S3-003569	Ravenwood Consultancy Private Limmited	110 Ravenwood Mn, Clearwater Nagar, Koch, Kerala	IN
S3-006168	Apex Trading	Meridian Cross Pune Keralla 907460	IN
S3-000412	Redwood Northgate Tradnig Pvt Ltd	304 Meridian Crs Coimbatore 142696	India
S3-001598	Maplecrest Motors and Sons Incorporated	384 Silverline Ave, Harbor Park, Peoria, 68368	US
S3-004160	Golldleaf Motors Private Limited	193 Apex Marg, Jaipur,  Maharashtra	India
S3-003152	Ironwood Silverline Chemicals Corporation	358 Silverline Rd Ironwood Park Akron AL 15426	US
S3-001915	Orchid Thistle and Sons Corporation	Behind the Civic Center 290 Juniper Blvd Austin CA	United States
S3-007728	Meridian Stonebridge Pvt Ltd	Behind the Civic Center, 295 Summit Street, Goldleaf Park, Fresno, WA, 36063	India
S3-005024	Orchid Harbor Chemicals Inc	338 Northgate Ave, Ravenwood Park, Mobile, IL	USA
S3-004150	Orchid Trading LLC	Apex Road Falcon Park Fresno	USA
S3-000826	Sevices Vertex Co	Behind the Civic Center, 117 Thistle Ave, Summit Park, Tacoma, CA, 92750	United States
S3-005040	Northgat Electricals Private iLmited	198 Redwood Road, Quarry Nagar, Jaipur, Gujarat, 411400	IN
S3-005142	Quarry Packaging & Sons Co	242 Thistle Rd, Austin, TX	United States
S3-003930	Silverline Enterpriss	8 Harbor Avenue, Vertex Park, Mobile, 90000	United States
S3-008701	Stonebridge Motors Limited Liabiliyt Company	Falcon St Lubbock WA	United States
S3-000785	Onyx Enterprises LLC	30 Vertex St, Falcon Park, Austin	United States
S3-004212	Summt Industries and Sons Private Limited	202 Silverline Main, Meridian Nagar, Indore, Kerala, 922714	India
S3-005363	Juniper Foods Company	127 Cobalt Blvd, Goldleaf Park, Mobile, OH, 27935	United States
S3-002489	Clearwater Summit Entrprises Inc	69 Meridian Avenue, Summit Park, Fresno, IL, 37905	United States
S3-008740	Stonebridge Solutions & Sons Private Limited	80 Bluepeak Marg, Meridian Nagar, Jaipur, Tamil Nadu, 144954	India
S3-008055	Redwood Limited Liability Company	59 Lantern Dr Kestrel Park Fresno 13479	United States
S3-006967	Juniper Falcon TTextiles & Sons	92 Meridian Street, Maplecrest Park, Mobile, CA	USA
S3-000867	Stonebridge Limited Liability Company	109 Kestrel Road, Apex Park, Lubbock, A, 57514	USA
S3-001308	Falcon Enterprises Clearwater Limited	72 Juniper Crs Kestrel Nagar Kochi Tamil Nadu 168984	IN
S3-007330	Northgate Consultany Corp	209 Ironwood Street, Thistle Park, Lubbock	US
S3-004526	Goldleaf Soutions Ltd	186 Kestrel Mn, Maplecrest Nagar, Kochi, Maharashtra, 217501	India
S3-008666	Stonebridge Chemicals Corporation	243 Falcon Avenue, Tacoma, OH	US
S3-006053	Vertex Packaging and Sonns Inc	289 Onyx Ave, Onyx Park, Peoria, WA, 40840	US
S3-003972	Apx Chemicals P Ltd	236 Sunstone St, Nagpur, Kerala, 391342, Northgate Nagar	India
S3-005212	Electricals Meridian Pvt Ltd	28 Juniper Crs Onyx Nagar Kochi Rajasthan 669354	IN
S3-000113	Stonebridge Chmicals Company	Behind the Civic Center, 366 Goldleaf Road, Mobile, WA	USA
S3-001094	Lantern Commpany	Opp. City Library, 62 Northgate Blvd, Tacoma, 12784	US
S3-004463	Thistle Bluepeak Trading P Ltd	98 Apex Crs, Clearwater Nagar, Coimbatore, Maharashtra, 680755	India
S3-000424	Motors Onyx Liited	388 Falcon Rd, Lantern Nagar, Jaipur, Kerala	IN
S3-002875	Lanteern Textiles Limited	331 Juniper Rd, Lantern Nagar, Coimbatore, Maharashtra, 610423	IN
S3-008813	Summit Northgate and Sons Corporation	18/62 Meridian Avenue TTacoma AL 14116	United States
S3-007644	Redood Services P Ltd	255 Brightpath Mn, Goldleaf Nagar, Surat, MP, 380118	IN
S3-006148	Coblt Fabrics P Ltd	216 Stonebridge Road Bluepeak Nagar Pune Maharashtra	India
S3-004803	Verttex Packaging	55 Sunstone Drive, Onyx Park, Peoria, XT, 50789	US
S3-001525	Summit Chemicals Inc	140 Stonebridge Rd Sunstone Park Lubbock WA 43228	USA
S3-000956	Silverline Electricals Incorporated	Apex Rd, Cobalt Park, Akron, IL	United States
S3-003279	Redwood Solutionns Limited	53 Sunstone Main, Orchid Nagar, Tamil Nadu, 650208, Jaipur	India
S3-004340	SummitFoods Incorporated	335 Quarry Boulevard, Meridian Park, Fresno, AL, 76651	US
S3-008721	Harbor, Chemicals Limited	139 Falcon Road, Ironwood Nagar, Surat, 508359	India
S3-001313	Redwwood Goldleaf Motors & Sons	379 Falcon Marg, Redwood Nagar, Jaipur, MP	IN
S3-002543	Stonebridge Orchid Electricals Limited Liability Company	120 Stonebridge Avenue, Fresno, OH, 44788	United States
S3-003517	Quarry Motors P Ltd	Apex Mn, Falcon Nagar,  Indore, Kerala, 383669	India
S3-006500	Textiles Kestrel Prrivate Limited	107 Harbor Road, Surat, Tamil Nadu	India
S3-008553	Redwood Textiles Corp	Quarry Main, Stonebridge Nagar, Austin, Gujarat, 106548	IN
S3-002079	Silverline Pvt Ltd	Sunstone Cross, Northgate Nagar, Jaipuur	India
S3-004737	Ironwood Industries & Sons Pvt Ltd	Lantern Nagar, Surat, Maharashtra, 779041, 247 Kestrel Main	IN
S3-000696	Brightpath Enterprises Private Limited	198 Maplecrest Street, Kochi, 335193	IN
S3-000908	Meridian Pvt Ltd	177 Cobalt Mn, Kochi	India
S3-001657	Orchid Packaging Inc	37/46 Vertex Blvd Cobalt Park Mobile TX 13153	USA
S3-006570	Ravenwood Corp	253 Clearwater St, Clearwater Park, Akron, 76246, IL	USA
S3-000378	Vertex & Soons	355Northgate Marg Goldleaf Nagar Surat 265639	India
S3-007930	Redwood Clarwater Industries P Ltd	99 Brightpath Blvd, Lubbock, OH, 860047	India
S3-005596	Cobalt Chemicccals	Goldleaf Marg, Near SBI ATM, Indore, Kerala, Brightpath Nagar	IN
S3-003896	Kestrel Services & Sons Limited LLiability Company	Near Exit 14, Maplecrest Boulevard, Ironwood Park, Lubbock, 49899	USA
S3-002257	Harbor Tistle Industries Corp	323 Thistle St, Lubbock, 48558	United States
S3-001595	Thistle Harbor Serivces LLC	28/44 Clearwater Dr, Quarry Park, Opp. City Library, Mobile	USA
S3-008066	Goldleaf Kestrel Trading and Sons PPrivate Limited	287 Brightpath Main Ravenwood Nagar Coimbatore 349082	IN
S3-003840	Quarry Kestrell Foods and Sons Limited	331 Maplecrest Cross, Cobalt Nagar, Jaipur, MP, 714803	IN
S3-005491	Mapelcrest Soltuions Ltd	Juniper Marg Kestrel Nagar Gujarat 742705 Nagpur	India
S3-004593	Kesstrel P Ltd	Harbor Crs, Apex Nagar, Surat	India
S3-005780	Meridian Bluepeak Conslutancy Private Limited	65 Kestrel Mn, Maplecrest Nagar, Kochi, MP, 375963	India
S3-001318	Ironwood, Goldleaf Corporation	354 Onyx Ave, Vertex Park, Austin, AL, 79979	USA
S3-003890	Meridian Chemicals iLmited Liability Company	159 Harbor Rd, Stonebridge Park, Peoria, IL	United States
S3-005415	Meridian, Packaging & Sons Privvate Limited	Maplecrest Rd, Near SBI ATM, Northgate Nagar, Jaipur, MP, 760415	IN
S3-008940	Orchid Thistle Pvt LLtd	Coimbatore, 234644, 354 Northgate Rd	India
S3-003259	Stonebridge Clearwater Services Company	259 Northgate St, Fresno, CA	USA
S3-003810	Silverline Brightpath Electricals Privaate Limited	Behind Ganesh Temple, Stonebridge Road, Kestrel Nagar, Nagpur, 819538	India
S3-001032	Onyx PL td	1/48 Silverline Road Nagpur MP 546366	India
S3-001878	Northgate Logistics Ltd	45 Juniper Crs, Lantern Nagar, Punne	IN
S3-008693	Juniper Solutions	65 Meridian St Silverline Park Peoria CA	US
S3-007618	Northgate Suntone	385 Falcon Blvd, Opp. City Library, Akron, Falcon Park	IN
S3-007094	Goldleaf Traidng and Sons IInc	Goldleaf St Goldleaf Park Near Exit 14 Akron 13128	USA
S3-008851	Redwood Motors Private LLimited	27/62 Goldleaf Marg, Maharashtra, Nagpur	IN
S3-005504	Meridian Systesm Corp	156 Orchid Boulevard, Opp. City Library, Akron, CA, 39298, Stonebridge Park	USA
S3-006376	Meridin Sunstone Industries Inc	Sunstone Drive Thistle Park Fresno	United States
S3-001518	Apex Copmany	252 Orchid Avenue Cobalt Park Lubbock IL 65016	USA
S3-008574	Ironwood Textiles Company	292 Lantern Avenue Fesno	USA
S3-008276	Juniper Chemicals Icnorporated	307 Stonebridge Ave, Bluepeak Park, Austin, TX, 40901	United States
S3-002854	Services  Orchid Limited	393 Cobalt Main, Ironwood Nagar, Coimbatore, 125329	India
S3-001671	Ironwood, MotorsLtd	Silverline Crs, Redwood Nagar, Jaipur, Maharashtra, 296853	IN
S3-000861	Juniper Rewdood Pvt Ltd	32 Onyx Mag Juniper Nagar Kochi MP 745220	India
S3-002438	Clearater Industries	157 Falcon Rd, Fresno, OH, 90997	United States
S3-000739	Bluepeak Orchid	314 Sunstone Crs, Onyx Nagar, Pune, Rajasthan, 450944	IN
S3-000427	Kestrel Trading Private Limited	171 Sunstone Cross, Near Metro Pillar 42, Kochi, 540177	IN
S3-008525	Apex,  Ltd	35/69 Harbor Mn, Pune, 412613	IN
S3-001300	Harbor Enteprises Pvt Ltd	107 Stonebridge Crs, Harbor Nagar, Indore, Kerala, 845185	India
S3-008622	Onx Foods	221 Quarry Blvd, Sunstone Park, Mobile, OH	United States
S3-008005	Meridian Trading Pvt Ltd	263 Harbor Marg, Flacon Nagar, Coimbatore, Kerala, 260124	IN
S3-008134	Junier Consultancy and Sons	38/82 Apex Boulevard Onyx Park Peoria 38098 CA	United States
S3-008586	Cobbalt Electricals Orchid Limited	78 Stonebridge Main,C oimbatore	India
S3-003309	Falcon Fabircs P Ltd	Op. Bus Depot Indore Kerala 302035 343 Falcon Mn	India
S3-006526	Quarry Services Pvt Ltd	Near SBI ATM, Summit Marg, Apex Nagar, Pune, Gujarat, 534406	IN
S3-001044	Maplecrest Juniper  Foods Pvt LLtd	139 Ironwood Street, Meridian Nagar, Nagpur, 231216	India
S3-007086	Harbor Electricals Inc	203 Meridian Mn Mobile MP	IN
S3-005453	Bluepeak Silverline Solutions Corp	Behindt he Civic Center 204 Quarry Road Thistle Park Mobile AL 33955	USA
S3-000470	Falcon	3 Bluepeak Crs, Clearwater Nagar, Pune, Rajasthan, 506478	IN
S3-000255	Juniper Chemicals	Goldleaf St, Stonebridge Nagar, Near SBI ATM, Indore, 212984	IN
S3-006193	Harboor PrivateL imited	Bluepeak Nagar, Coimbatore, Tamil Nadu, 85 Sunstone St	IN
S3-005052	Textiles, Silerline	168 Meridian Blvd Juniper Park Fresno	USA
S3-001266	Bluepeak Consultancy Corp	Kestrel Road Ironwood Park Akron AL	US
S3-009014	Sunstone, Clearwtaer Enterprises Limited	358 Sunstone St, Cobalt Park, Fresno, 38669	IN
S3-001251	Sunsttone Motors	Near SBI ATM, 170 Bluepeak Road, Ravenwood Nagar, Jaipur, Kerala, 380459	India
S3-009206	Cllearwater Solutions Co	148 Falcon Dr, Apex Park, Mobile, WA	United States
S3-001781	Mootors Silverline Falccon Co	315 Stonebridge Street, Opp. City Library, Maplecrest Park, Mobile, 74720	United States
S3-006133	Summit, Textiles Pvt Ltd	167 Lantern Mn, Near SBI ATM, Orchid Nagar, Nagpur, MP	India
S3-006794	Brightpath Fbarics & Sns Private Limited	235 Onyx Rd, Kestrel Nagar, Near Metro Pillar 42, 775291, Jaipur	IN
S3-000676	Cobaalt Motors & Sons Private Limited	11/55 Sunstone Street, Bluepeak Nagar, Surat, Rajasthan, 378399	India
S3-009092	Onyx Consultancy	326 Ravenwood Road, Sunstone Nagar, Surat, 647873	India
S3-006618	Orchid Sunstone Corporation	317 Falcon St, Goldleaf Park, Lubbock, 18419, AL	USA
S3-005716	Quaryr Co	142 Lantern Road 66372 Austin	USA
S3-008014	Falcon Chemicals Incorporated	351 Thistle Rd, Behind the Civic Center, Goldleaf Park, Tacoma, WA	US
S3-000707	Summit Inc	147 Lantern Dr Stonebridge Park Austin IL 13815	US
S3-008085	Juniper & Sons Inc	68 Clearwater Street, Quarry Park, Mobile, 47632	USA
S3-004542	Maplecrest Ravenwwood LLC	118 Onyx Rd, Fresno, 8177	US
S3-006052	Falcon Chemicals Private  Limited	267 Ironwood Rd, Falcon Nagar, Surat, Rajasthan, 888396	India
S3-001074	Bluepeak Packaging & Sons	43 Harbor Dr, Tacoma	United States
S3-004191	Onyx Company	Cobalt Road, Summit Park, Peoria, CA, 84477	US
S3-003989	Ironwood	297 Kestrel Drive Peoria	US
S3-005192	Ravenwood Enterprisesa nd Sons Limited	31/64 Lantern Street, Sunstone Nagar, Pune, P	India
S3-001673	Goldleaf  Packaging Limited	Opp. Bus Depot, 182 Silverline Crs, Brightpath Nagar, Pune, Kerala, 511189	India
S3-009028	Lantern Chemicals Irnwood & Sons Pvt Ltd	288 Orchid Cross, Harbbor Nagar, Near Metro Pillar 42, Kochi, Tamil Nadu, 416312	India
S3-004567	Thistle Systems P Ltd	Near Metro Pillar 42, 146 Summit Marg, Brightpath Nagar, Indore, MP, 811348	India
S3-003486	Clearwater Industries	113 Stonebridge Ave, Bluepeak Park, Mobile, IL, 37399	USA
S3-008880	Maplerest	30 Brightpath Rd, Austin, CA, 43028	USA
S3-000856	Juniper Cobalt Electricals Inc	317 Onyx Road Northgate Park Lubbock 88357	United States
S3-002907	Lanern Textiles	25/8 Maplecrest Marg, Jaipur, 806056	India
S3-005585	Ravenwood Services & Sons Incorproatd	282 Harbor St Near Ext 14 Goldleaf Park Peoria	US
S3-004196	Northgate Enterprises PvtLtd	76 Thistle Road, Brightpath Nagar, Kochi	IN
S3-003917	Meridian Eleectricals Ltd	Behind Ganesh Temple, Apex Rd, Falcon Nagar, Pune, 233800	India
S3-003311	Goldlaf Textiles Pvt Ltd	389 Cobalt Mn, Kochi, 532496	IN
S3-007974	Apx, Textiles & Sons P Ltd	201 Goldleaf Rd, Kochi, 996588	India
S3-001718	Goldleaf Falcon ElectricalsInc	Behind the Civic Center, 317 Summit Drive, Meridian Park, Akron	United States
S3-001418	Quarry Solutions Co	366 Apex Street, Juniper Park, Mobile, OH	USA
S3-006389	Summit Trading Corp	261 Harbor Dr, Summit Park, Tacoma, OH	United States
S3-001306	Onyx Textilles Ltd	193 Thistle St Kochi Tamil Nadu 427613 Ironwood Nagar	India
S3-006729	Bluepeak Summit Industries P Ltd	Onyx Rd, Brightpath Nagar, Kochi, Kerala, 195899	India
S3-004639	Lantern Solutions  & Sons	Summit Cross, Pune, 685640	India
S3-007192	Meridina, Private Limited	55 Summit Street, Summit Park, Mobile, IL, 85490	India
S3-003497	Juniper Redwood Industries P Ltd	68 Quarry Cross, Meridian Nagar, Coimbatore, MP, 558512	India
S3-006120	Thistle Enterprises oC	371 Juniper Ave Clearwater Park Austin 80625	United States
S3-001193	Ironwood Chemicals & Sons Ltd	21 Ironwood Crs, Nagpur, Rajasthan	IN
S3-002167	Sumit Services LLC	239 Onyx Boulevard Harbor Park Akron WA 24194	US
S3-000381	Mplecrest Solutions and Sons Pvt Ltd	17/16 Redwood Rd, Cobalt Nagar, Pune, MP, 184312	India
S3-002103	Summit Harbor Trading and Sons Lmietd Liability Company	Cobalt Drive, Quarry Park, Peoria, 11223	United States
S3-003034	Stonebridge Brightpath Fabrics	12/9 Sunstone Rd Behind Ganesh Temple Coimbatore 251360	India
S3-007394	Norhgate Packaging Ltd	275 Cobalt Blvd, Jaipur	United States
S3-004274	Industries Orchid and Sons	131 Ravenwood Street, Bluepeak Nagar, Indore, Kerala, 178654	India
S3-004418	Apex  Motors	235 Quarry Main, Cobalt Nagar, Coimbatore, Gujarat	IN
S3-000829	Redwood Meridian	17 Stonebridge Street, Harbor Park, Akron, IL, 94496	USA
S3-003379	Juniper, Industries Private Limited	23 Harbor Main Falcon Nagar Jaipur Gujarat	India
S3-005149	Thistle Onyx Textiles LLC	Goldleaf Blvd Ironwood Park Near Exit 14 Fresno AL 11949	USA
S3-002730	Brightpath Motors	296 Maplecrest Street, Coimbatore, Gujarat, 272268, Lantern Nagar	IN
S3-006695	Harbor Motos	Ironwood Boulevard, Vertex Park, Mobile, AL, 32131	USA
S3-004969	Ironwood Industries Corporation	Redwood Avenue, Ravenwood Park, Lubbock, WA	USA
S3-003484	Lantern and Sons	Behind Ganesh Temple, 117 Meridian Rd, Cobalt Nagar, Pune, MP, 392120	IN
S3-007240	Thistle Foods and Sons Co	Bluepeak Park Peoria 60148 266 Stonebridge Ave	USA
S3-001823	Apex Solutions Private Limted	369 Lantern Road Bluepeak Nagar Surat 182335	India
S3-003638	Bluepeak Pacckaging LLC	1/69 Ravenwood Boulevard, Silverline Prk, Akron, IL	United States
S3-007846	Onyx, Trading Clearwater Lmited	291 Summit Marg, Coimbatore, Rajasthan, 717118	India
S3-006459	Logistics Kestreel Pvt Ltd	Behidn Ganesh Temple, 310 Bluepeak Marg, Coimbatore, Rajasthan, 226536	IN
S3-007763	Onyx Consultancy and Sons Corp	289 Redwood St  Near Exit 14 Fresno TX	United States
S3-005315	Clearwater Redwood Textiles  Limited	7 Northgate St Opp. Bus Depot Kochi Gujarat 176428	India
S3-007938	Smumit Chemicals Incorporated	239 Brightpath Drive Apex Park Peoria	US
S3-008188	Clearwater Quarry Textiles Corporation	305 Clearwater Avenue Peoria CA 16698	USA
S3-008372	Stonebridge Northgate Textiles	33/23 Bluepeak Mn, Tacoma, 682798	India
S3-002975	Ironwood Pvt Ltd	178 Kestrel Marg Silverline Nagar Indore 650817	IN
S3-008222	Apex Foods & Sos Ltd	196 Lantern Ave, Maplecrest Park, Tacoma, OH	India
S3-003798	Thistel Corp	Juniper Ave, Tacoma, CA, 93403	US
S3-009064	Bluepeak, Company	Near Exit 14, 270 Brightpath Blvd, Onyx Park, Tacoma, 16806	USA
S3-002286	Bluepeak Slverline	46 Summit St, Maplecrest Nagar, Sura,t Tamil Nadu	IN
S3-007041	Ironwood Lantern Consultancy Corp	307 Lantern Blvd, Fresno, 33542	US
S3-005860	Onyx CobaltCompany	173 Goldleaf Avenue Summmit Park Fresno 96827	United States
S3-002221	Lantern Industries Inc	154 Brightpath Dr, Orchid Park, Lbubock, TX, 43323	United States
S3-005865	Northgate Industries Pvt Ltd	45 Quarry Main, Lantern Nagar, Indore, Maarashtra, 164478	India
S3-001699	Stonebridge Summit Services and Snos	381 Vertex Blvd, Stonebridge Park, Akron	United States
S3-008637	Ironwood Falcon Textiles	217 Harbor Marg, Jaipur	India
S3-007018	Meridian Foods LLC	Orchid Crs, Bluepeak Nagar, Fresno, MP, 116620	IN
S3-005230	Harbor Northgate Foods Private Limited	247 Ironwood Mn, Coimbatore, MP, 421693	India
S3-002766	Onyx Consultancy Company	Onyx Dr, Apex Park, Akron, 11258	United States
S3-007923	Sunstone, Motors	11 Thistle Avenue, Sunstone Park, Fresno, CA, 46292	USA
S3-000122	Meridian  Maplecrest Pvt Ltd	391 Maplecrest Marg, Redwood Nagar, Jaipur	India
S3-003570	Ravenwood Consultancy P Ltd	Near Metro Pillar 42, Ironwood Marg, Brightpath Nagar, Kochi, Maharashtra	IN
S3-005875	Quarry Servicse Ltd	94 Cobalt Road, Kochi, Maharashtra, 739868	IN
S3-001098	Stonebridge Apex Fabrics Limited Liability Company	133 Coblat Street, Stonebridge Park, Austin, IL, 64100	US
S3-009236	Vrtex Fabrics and Sons Incorporated	378 Redwood Marg Summit Nagar Austin MP 492558	India
S3-004833	Clearwater SolutionsI ronwood	Northgate Marg, Orchid Nagar, Maharashtra, 823817, Coimbatore	India
S3-005635	Falcon Textiles Orchid Limited Liability Company	139 Ravenwood Rd, Tacoma, CA, 74140	US
S3-007920	Summit Inc	235 Orchid Ave, Lantern Park, Peora, 21528	USA
S3-007441	Chemicals Sunstone	178 Goldleaf Mn, 143431, Jaipur	India
S3-002825	Northgate P Ltd	90 Juniper Rd Apex Nagar Opp. Bus Depot Nagpur Kerala 388003	IN
S3-000070	Brightpath Limited Liability Company	33/31 Meridian Avenue, Peoria, TX, 74384	USA
S3-001870	Falcon, Industries and Sons	285 Apex Street, Quarry Nagar, Nagpur, Kerala, 200693	IN
S3-003774	Thistle Consultany Private Limited	3577 Northgate Marg, Pune	IN
S3-003403	Onyx Chemicals Ltd	26/53 Harbor Mn, Clearwater Nagar, Surat, Tamil Nadu, 174026	IN
S3-003730	Fabrics P Ltd	4/77 Kestrel Marg, Harbor Nagar, Gujarat, 107414, Pune	IN
S3-004118	Cobalt Packaging Incorporated	142 Redwood Drive, Akron, 52683	US
S3-007981	Juniper Fabric s& Sons Inc	221 Maplecrest Boulevard Orchid Park Lubbock	US
S3-004433	Clearwater Maplecrest Electricals and Sons Pvt Ltd	28 Orchid Mn, Jaipur	IN
S3-002379	Redwood Cobaltt Eletricals and Sons LLC	24 Juniper Road, Goldleaf Park, Lubbock, TX	USA
S3-005896	Apex Harbor Motors Private Limited	332 Redwood Road, Falcon Nagar, Surat, Maharashtra	IN
S3-002957	Orchid EEnterpriess Co	134 Summit Road Quarry Park Akron 78597	US
S3-001876	Northgate Ltd	Juniper Cross Lantern Nagar Pune Tamil Nadu	India
S3-009084	Juniper Industries rPivate Limited	26/53 Redwood Marg Apex Nagar Kochi Rajasthan	IN
S3-001936	MeridianO rchid Inc	295 Falcon Blvd, Onyx Park, Peoria, 57823	United States
S3-001636	Maplecrest	237 Onyx Mn Kochi 176895	IN
S3-002411	Cobalt Fabrics P Ltd	248 Redwood Rd, Jaipur, 858154	India
S3-002142	Silverline, Falcon	306 Stonebridge Road, Meridian Park, Tacoma, OH, 64507	USA
S3-005443	Kestrle Industries	53 Brightpath Rd Bluepeak Nagar Jaipur Kerala 670113	IN
S3-005435	Quarry Motors Limited	97 Ravenwood Mn, Opp. Bus Depot, Jaipur, Gujarat, 471424	IN
S3-005766	Bluepeak Electrical Pvt Ltd	216 Orchid Cross Meridian Nagar Indore MP 455929	IN
S3-002828	Consultancy Incorporated	193 Northgate Boulevard, Silverline Park, Mobile, OH	USA
S3-005301	Northgate Meridian Foods	Near SBI ATM, 344 Bluepeak Street, Pune, Kerala, 329233	IN
S3-002889	ThistleQuarry Pvt Ltd	334 Northgate Road, Bluepeak Nagar, Nagpur, MP	India
S3-000563	Logistic sSummit Comapny	116 Orchid Road, Cobalt Park, Akron, 58664	US
S3-000149	Apex Packaging Corporation	3/41 Brightpath Avenue, Juniper Park, Austin, IL, 32009	USA
S3-006355	Northgate Systems	Opp. Bus Depot 220 Ravenwood Crs Quarry Nagar Pune Kerala 875852	India
S3-004198	Harbor Sooltions & Sons	294 Meridian Dr, Near Exit 14, Ironwood Park, Austin, IL, 85591	USA
S3-004911	Orchid Onyx Systems P Ltd	103 Onyx Marg Kochi Kerala Juniper Nagar	India
S3-008768	Onyx Trading and Sons Pvt Ltd	128 Onyx Mn 401249 Pune	IN
S3-001910	Thistle Corporation	183 Vertex Avenue, Redwood Park, Lubbock, IL, 84622	US
S3-001911	Thistle Motors	63 Juniper vAe, Austin, TX, 96013	US
S3-004253	Northgate Logistics P  Ltd	1 Sunstone Mn Sunstone Nagar Kochi Rajasthan	India
S3-001892	Ravenwood Inc	176 Clearwater Dr, Falcon Park, Austin, AL	United States
S3-006111	Summit Electricals Corporation	12 Thistle Dr, Northgate Park, Peoria, 25471	USA
S3-001989	Onyx exitles Corp	123 Clearrwater Rd, Maplecrest Park, Fresno	United States
S3-002633	Quarry Consultancy Corporation	Falcon Street, Juniper Park, Lubbock	US
S3-005042	Lantern Co	389 Lantern Ave, Stonebridge Park, PPeoria, OH, 40757	United States
S3-001732	Verte P Ltd	90 Silverline Road, Northgate Nagar, Kochi, Kerala, 156175	India
S3-005241	Orhid Motors Private Limited	10 Vertex St Cobalt Nagar Coimbatore Kerala 720871	India
S3-008998	Kestrel Electricals Corp	Ironwood Park, Lubbock, IL, 61590, 242 Ravenwood St	United States
S3-003816	Ironwoood Juniper LLC	300 Thistle Street Fresno IL	USA
S3-007606	Vertex Thistle Enterprises Limited	145 Vertex Marg, Brightpath Nagar, Indore	India
S3-006859	Thistle Industries Company	312 Summit Street Lantern Park Fresno 52711	US
S3-007488	Meridian Consultancy td	Meridian Road, Ravenwood Nagar, Surat, 36298	India
S3-003965	FalcoAn, pex Motors Company	14/57 Meridian Blvd, Falcon Park, Austin, CA, 70974	USA
S3-002581	Quarry Solutions Pvt Ltd	273 Bluepeak Street, Coimbatore, 998143	India
S3-003260	Ironwood Consultancy Limited	44 Silverline Crs, Harbor Nagar, Near SBI ATM, Surat, 166779	IN
S3-006609	Stonerbidge Services Ltd	214 Silverline Cross, Jaipur, Tamil Nadu	IN
S3-002520	Orchi dFabric Limited	291 Clearwater Marg, Ravenwood Nagar, Indore, Rajasthan	IN
S3-002008	Goldleaf Logistics Pivate Limited	113 Brightpath Marg, Coimbatore, 940544	IN
S3-005226	Northgae Ltd	377 Bluepeak Rd, Quarry Nagar, Coimbatore, Maharashtra, 756585	India
S3-002805	Suntone Trading	109 Ravenwood Marg Redwood Nagar Pune MP 985608	IN
S3-008015	Redwood, Irownood Services Co	169 Falcon Road Summit Nagar Fresno Kerala	India
S3-007145	Maplecrest Bluepeak Consultancy & Sons Corp	361 Ironwood Dr, Quarry Park, Mobile	United States
S3-008983	Nortthgaate Private Limited	1 Redwood Marg, Falcon Nagar, Indore	IN
S3-006923	Lantern Goldlea Foods Pvt Ltd	273 Apex Marg, Quarry Nagar, Surat, MP	IN
S3-006573	Ironwood Consultancy & Sons P Ltd	284 Maplecrest Street, Silverline Nagar, Kochi, 605194	IN
S3-003113	Packaging Cobalt Goldleaf Limited Liability Company	315 Northgate Avenue, Juniper Paark, Lubbock, TX	USA
S3-001760	Thistl Foods Compaany	Behind the Civic Center, 169 Orchid Rd, Silverline Park, Fresno, TX, 60633	US
S3-000155	Maplecrest Orchid Chemicals imited	218 Lantern Rd, Goldleaf Nagar, Jaipur	India
S3-008395	Apex Pvt Ltd	195 Stonebridge Street, Brightpath Park, Nagpur, WA	USA
S3-004158	Ravenwood & Snos Ltd	83 Kestrel Cross, Onyx Nagar, Coimbatore, Rajasthan, 973378	IN
S3-002425	Cobalt Industries Limited Liability Company	5/28 Redwood St, Juniper Park, Peoria	US
S3-006600	Redwood Ironwood Servicees Company	353 Orchid Avenue, Akron ,WA	US
S3-009160	Stonebridge Solutions & Sons	Falcon Boulevard, Silverline Park, Tacoma, OH	United States
S3-005362	Juiper, & Sons Co	Behind the Civic Center 127 Cobalt Blvd Goldleaf Park Mobile OH	USA
S3-004450	Quarry Electricals Co	7/61 Orchid Rd, Cobalt Park, Poeria, TX	USA
S3-005257	Stonebridge Industries LLC	Ironwood Drive, Falcon Park, Tacoma, 19165	US
S3-002756	Summit Textiles Corp	150 Quarry Avenue, Stonebridge Park, Mobile, TX	United States
S3-003799	Thistle Tradig Corp	168 Apex Drive Harbor Park Tacoma	US
S3-000946	Quarry Apex Fooods & Sons LLC	385 Stonebridge Street, Redwood Park, Fresno, 35415	USA
S3-006011	Orchid Chemicals Ltd	285 Orchid Marg, Clearwater Nagar, Coimbatore, 300875	India
S3-003695	Thistle Silverline Systeems	22 Summit Ave, Falcon Park, Near Exit 14, Fresno, CA, 47344	USA
S3-001137	Redwood Private Limited	60 Silverline Cross Quarry Nagar Pune Tamil Nadu 903225	IN
S3-002590	Susntone, Services Ltd	245 Clearwater St Redwood Nagar Pune	India
S3-007221	Systems Redwoood Co	176 Stonebridge Marg Akron Rajasthan 966800	India
S3-001222	Quarry Systems Private Limtied	225 Orchid Road, Ravenwood Nagar, Jaipur, MP	India
S3-007447	Ravenwood Conslutancy Inc	145 Harbor Dr, Sunstone Park, Lubbock, TX, 34525	US
S3-003277	Chemicals Vertex Summi tCorp	131 Ironwood Dr, Thistle Park, Fresno	US
S3-000813	Brightpath, Industries	14/24 Silverline Rd, Goldleaf Nagar, Nagpur, MP, 963861	IN
S3-006134	Sliverline & Sons	188 Latnern Main, Vertex Nagar, Jaipur	IN
S3-005146	Vertex Service sIncorporated	2/11 Onyx Ave, Orchid Park, Peoria, TX	USA
S3-007887	Clearwater Fabrcis Corp	35/14 Ravenwood Marg, Thistle Nagar, Jaipur, 716322	USA
S3-004615	Juniper Cobalt Enterprises & Sons Corporation	331 Juniper Street, Fresno, OH, 16386	USA
S3-000945	Ironwood Co	333 Sunstone Blvd, Quarry Park, Austin, 60708	USA
S3-001651	Brightpath Systems & Sons Corporation	248 Lantern Ave, Near Exit 14, Brightpath Park, Peoria, 76482	US
S3-004584	Maplecrest Fabrics	140 Silverline Crs, Coimbatore, Gujarat	India
S3-000217	Maplecrest Limited Liability Company	6 Goldleaf Dr, Harbor Park, Fresno, 97688	United States
S3-005963	Thitsle	322 Northgate Mn, Kestrel Nagar, Surat, Rajasthan, 700999	IN
S3-001778	Sunstone, Private Limited	338 Apex Marg, Vertex Nagar, Jaipur, MP, 370726	IN
S3-007836	Falcon Ravenwood LLimited	173 Orchid Crs, Indore, 262301	IN
S3-000183	Stoneridge Ltd	148 Northgate Main, Thistle Nagar, Kochi, 937390	India
S3-003787	Ironwood Services Private Limited	Opp. Bus Depot, 10/79 Summit Road, Sunstone Nagar, Surat, 324286	India
S3-002193	Foods & Sns P Ltd	Opp. Bus Depot, 255 Brightpath Marg, Lantern Nagar, Nagpur	IN
S3-007247	Bluepeak Juniper Services Limited Liability Company	90 Quarry Ave, Tacoma	US
S3-003447	Stonebridge, LLtd	52 Orchid Crs Redwood Nagar Kochi Tamil Nadu	India
S3-000411	Systems Oynx  Corp	300 Redwood Road  Harbor Park Fresno OH 21447	US
S3-001949	Ravenwood, Goldleaf Fabrics nIc	157 Bluepeak Dr, Northgate Park, Lubbock, 20278	USA
S3-003176	Sunstone Logisitcs Pvt Ltd	318 Thistle Rd, Clearwater Nagar, Pune, Rajasthan, 333163	India
S3-002361	Stonebridge Redwood Industries Pvt Ltd	158 Stonebridge Cross, Stonebridge Nagar, Indore, Gujarat	India
S3-005361	Vretex Textiles Ltd	134 Onyx Crs, Clearwater Nagar, Indore	India
S3-008177	Thistle Northgate Fabrics Private Limited	33/60 Ironwood Blvd, Ravenwood Park, Mobile, 88218	India
S3-000982	Vertex Soluitons	393 Falcon Blvd, Brightpath Park, Lubbock, 77720	USA
S3-003503	Foods Co	Brihtpath Ave Maplecrest Park Mobile OH 66007	US
S3-000313	Northate Juniper Corp	Opp. City Library, 116 Harbor Drive, Tacoma	USA
S3-008683	Blupeeak, Textiles LLC	303 Redwood St, Onyx Nagar, Lubbock, Tamil Nadu, 564130	India
S3-001596	Thistle Harbor Services LLC	28/44 Clearwater Drive, Quarry Park, Mobile, AL	USA
S3-006611	Stonebrdge Sunstone Systems Inc	34/37 Northgate Ave Onyx Park Beind the Civic Center Austin IL 89715	USA
S3-005037	Falcon P Ltd	361 Cobalt Main Apex Nagar Coimbatore	IN
S3-009131	Ironwood Cnsultancy Inc	187 Maplecrest Marg Harbor Nagar Akron Rajasthan	IN
S3-001040	Rewdood Ravenwood oMtors Private Limited	76 Summit Marg, luepeak Nagar, Pune, Gujarat, 698582	IN
S3-001757	Orchid Foods Inc	76 Bluepeak Avenue, Orchid Park, Opp. City Library, Austin, WA, 21422	United States
S3-008093	Goldleaf Limited Liability Company	114 Goldleaf Boulevard, Fresno, AL, 81860	United States
S3-000345	Goldleaf Serviices Private Limited	27/85 Meridian Marg, Kestrel Nagar, Pune, 394079	India
S3-004275	Meridian	Juniper Rd, Sunstone Park, Fresno, IL	US
S3-000951	Redwood Services Private Limited	Ravenwood Nagar, Jaipur, 550732, 244 Harbor Mn	IN
S3-008723	Northgate IIndustries Ltd	280 Redwood Crs, Pune, Tamil Nadu, 140815	India
S3-001609	Meridian Enterprisees Incorporated	353 Meridian Rd, Ravenwood Park, Fresno, TX	United States
S3-006993	Maplecrest Juniper Incorporated	276 Redwood Rd, Cobalt Park, Peoria, 51862	United States
S3-001293	Sunstone, Thistle Electricals Private Limited	81 Sunstone Street, Surat, Gujarat	India
S3-006081	Juniper Fabrics LLC	154 Brightpath Blvd, Bluepeak Park, Lubbock, TX, 36486	USA
S3-000787	NorthgateT extiles	186 Cobalt Blvd, Sunstone Park, Lubbock, CA	US
S3-009166	Ironwood Company	Ravenwood Ave, Lantern Park, Lubbock, WA, 50365	US
S3-008617	Northgate Apexx Industries Icn	68 Apex Road, Sunstone Park, Peoria, TX, 12085	United States
S3-007217	Onyx Logistics Liietd	Near SBI ATM, 133 Brightpath Street, Clearwater Nagar, Jaipur, 383897	IN
S3-001511	Sunstoe Trading Ltd	Opp. Bus Depot, 213 Quarry Main, Jaipur, Maharashtra	IN
S3-004365	Redwood Summit Enterprises Private Limited	103 Vertex Rd, Thistle Nagar, Pune, Tamil Nadu, 489318	India
S3-008856	Harbor Services Inc	257 Quarry Road, Clearwater Park, Mobile	US
S3-000291	Juniper Packaging Limited	Clearwater Cross Tamil Nadu Kochi	India
S3-007950	Ironwood Logisstics Inc	338 Silverline Blvvd, Akron, 74049	US
S3-004218	Cobalt & Sos LLC	Redwood Park, Tacoma, CA, 70177, Orchid Avenue	US
S3-005640	Harbor Services PvtLtd	196 Maplecrest Rd, Clearwater Nagar, Surat	IN
S3-009094	Apxe Motors Pvt Ltd	Near SBI ATM, 116 Quarry Cross, Indore, Maharashtra	IN
S3-004458	Maplecrest Goldleaf Services and Sons LLC	47 Silverline Dr, Peoria, 31243	USA
S3-000225	Bluepeak Foods Incorporated	181 Silverline Drive, Meridian Park, Peoria, TX	USA
S3-000663	Maplecrest Liimited	220 Northgate Mn, Lantern Nagar, Coimbatore, 176170	IN
S3-008870	Redwood Industries P Ltd	267 Falcon Mn, Thistle Nagar, Nagpur, Kerala, 505965	IN
S3-003083	Orchid Chemicals	300 Sunstone Rd, Surat, 177352	India
S3-008298	Juniper	39/13 Onyx Marg, Kestrel Nagar, Pune, Gujarat, 224915	IN
S3-002595	Silverine Serviecs Inc	226 Thistle Blvd, Redwood Park, Fresno, TX	US
S3-002230	Redwood Meridian Packaging	Near Exit 14 281 Rvaenwood Dr Falcon Park Mobile TX 16889	United States
S3-001604	Lanern	Stonebbridge Street, Clearwater Nagar, Surat, Rajasthan, 844392	India
S3-001261	Silerline	8/21 Summit Blvd, Tacoma, AL	USA
S3-005938	Quarry Vertex Services  Private Limited	71 Silverline Crs, Nagpur, MP, 361304	IN
S3-008835	Irnwood Motors Ltd	17/27 Vertex Street, Stonebridge Nagar, Jaipur, Kerala, 67995	India
S3-007882	Onyx Juniper Services	Behind Ganesh Temple, 38/22 Falcon Cross, Summit Nagar, Kochi, Tamil Nadu, 401615	IN
S3-008264	Golldeaf P Ltd	12/18 Clearwater Cross, Jaipur, MP, 646789	India
S3-006568	Orchid Motors Ltd	Near SBI ATM, Meridian Rd, Maplecrest Nagar, Indore, Kerala, 340104	IN
S3-004046	Onyx Logistics Ptv Ltd	119 Northgate Cross, Brightpath Nagar, Jaipur, Kerala, 7794631	India
S3-000151	Cobalt Services LLC	16/77 Clearwater Road, Bluepeak Park, Tacoma, OH	US
S3-008783	Cobalt Electricaals Private Limited	Vertex Road Goldleaf Park Behind the Civic Center Jaipur WA	USA
S3-004563	Goldleaf Limited Liability Company	Orchid Blvd, Ravenwood Park, Peoria, TX, 85180	USA
S3-000285	Meridian Textiles	119 Apex Road, Redwood Park, Fresno, WA, 57060	US
S3-003624	Vertex Summmit Systems	115 Cobalt Road Stonebridge Park Near Exit 14 Austin TX	United States
S3-007795	Onyx Systeems Co	330 Summit Dr, Kestrel Park, Behind the Civic Center, Mobile, AL, 26025	USA
S3-000065	Coalt	250 Summit Rd Northgate Park Fresno WA 96420	United States
S3-008549	Summit Consultancy LLC	344 Lantern Blvd, Ravenwood Park, Peoria, WA	USA
S3-006724	Fabrics Maplecrest P Ltd	275 Brightpath Street Stonebridge Nagar Jaipur Maharashtra	IN
S3-007962	Consultancy, Kestrel Keestrel Inc	218 Apex Ave, Bluepeak Park, Lubbock, OH, 78161	USA
S3-002863	Suntonne Systems Company	160 Juniper Boulevard Ravenwood Park Fresno CA 25228	USA
S3-003891	Meridin, Chemicals LLC	278 Kestrel Ave, Lantern Park, Tacoma, 43046	USA
S3-007767	Logistics, Cleawrater Corporation	102 Vertex Avenue, Onyx Park, Fresno	US
S3-004166	Lantern Packaging Privat Limited	2 Orchid Crs, Onyx Nagar, Pune, 964818	IN
S3-003821	Ravenwood Enterprises Pirvate Limited	148 Cobalt Rd, Cobalt Nagar, Jaipur, Maharashtra, 523380	IN
S3-002383	Orchid Vertex Chemcials Co	104 Summit Dr, Goldleaf Park, Akron, 60727	United States
S3-005323	Sunstone Kestrel Pvt Ltd	377 Falcon Street, Brightpath Nagar, Nagpur, 129499	India
S3-009001	Harbor MMotors Co	272 Juniper Rd Harbor Nagar Tacoma Kerala 704607	IN
S3-008423	Redwood Motors Ltd	Fresno, Falcon Blvd	IN
S3-008620	Falcon  Kestrel Chemicals LLC	28 Kestrel Rd, Lantern Park, Peoria, CA	USA
S3-007033	Meridian Tetxiles Incorporated	83 Vertex Street, Jnuiper Nagar, Nagpur, Maharashtra, 139466	US
S3-003451	Clearwater Solutions Pvt Ltd	176 Juniper St, Kochi, 989115	IN
S3-005154	Silverline oSlutions P Ltd	Near Metro Pillar 42, 100 Clearwater Road, Stonebridge Nagar, Pune, Maharashtra, 140304	India
S3-006547	Ravenwood Onyx Fabrics Pvt Ltd	Near SBI ATM, 91 Apex Marg, Jaipur, Kerala, 956270	IN
S3-006197	Silverine Packaging Ltd	305 Summit Marg Behind Ganesh Temple Meridian Nagar Pune Kerala 953279	IN
S3-003999	Meridian Enetrprises Company	213 Lantern Street, Goldleaf Park, Tacoma, TX	United States
S3-005125	Ironwood, Services and Sons Corp	381 Silverline Driev, Falcon Park, Mobile, AL, 67290	United States
S3-006924	OrchidServices Private Limited	166 Thistle St, Thistle  Park, Jaipur, 51240	USA
S3-002608	Juniper Enterprises Co	136 Stonebridge Dr, Juniper Park, Tacoma	United States
S3-006816	Harbor, Maplecrets Chemicals Limited Liability Company	101 Goldleaf St, Behind the Civic Center, Akron, AL, 75204	USA
S3-005992	Lantern Services & Sons P Ltd	13/47 Quarry Rd, Quarry Nagar, Pune	IN
S3-008921	Apex Electricals	21/9 Ironwood St, Ravenwood Park, Austin, AL, 96944	India
S3-002233	Brightpath Trading Priate Limited	88 Meridian Main Coimbatore Gujarat 428601	India
S3-002572	Ironwood Co	239 Lantern Blvd, Quarry Park, Fresno, OH, 23826	USA
S3-008271	Ravewood Solutions	322 Clearwater Cross, Near SBI ATM, Brightpath Nagar, Jaipur	India
S3-001371	Onyx Fods Company	157 Northgate Road Orchid Park Opp. City Library Tacoma TX 43910	USA
S3-002335	Sunstone PP Ltd	195 Brightpath Crs, Surat	IN
S3-007768	Ravenwood LLC	267 Silverline Avenue, Bluepeak Park, Tacoma, OH	US
S3-002967	Norhgtae Industries	Ironwood Marg Quarry Nagar Jaipur	India
S3-008892	Cnosultancy Lantern	170 Orchid M Maplecrest Nagar Coimbatore 861427	IN
S3-002124	Clearwtaer & Sons Company	7 Summit Road Peoria 14132 Bluepeak Park	USA
S3-005808	Juniper Sunstone Servcies &S ons	390 Onyx Rd, Near Exit 14, Sunstone Park, Lubbock, OH, 86665	US
S3-001159	Textiles Private Limited	Summit aMin, Goldleaf Nagar, Nagpur, 207388, Gujarat	IN
S3-008664	Stonebridge, Consultancy Limited Liability Company	Goldleaf Street Fresno OH	USA
S3-004513	Ravenwood Textiles Private Limied	108 Ravenwood Marg, Nagpur, Kerala, 819358, Bluepeak Nagar	IN
S3-002308	Quarry hemicals andS ons	Peoria, AL, 25/77 Orchid Dr	United States
S3-000033	Onyx Enterprises	87 Quarry Road, Vertex Nagar, Indore, Tamil Nadu, 947181	India
S3-001350	Thisle Private Limited	300 Harbor Main, Ravenwood Nagar, Indore, Gujarat, 910782	IN
S3-001458	Pacckaging Silverlien	70 Ironwood Mn, Orchid Nagar, Nagpur	IN
S3-002620	Juniperr Sunstone Co	Onyx Park, Fresno, TX, 88 Brightpath Drive	United States
S3-003571	Quarry & Sons Limited Liability Company	279 Silverline Road, Vertex Par,k Mobile, AL, 18491	United States
S3-004856	Northgate Textiles Corpporation	13/71 Ravenwood St, Behind the Civic Center, Redwood Park, Mobile, 27582	United States
S3-001304	Orchidd Packagin gPrivate Limited	Behind Ganesh Temple 3/49 Stonebridge Mn Surat MP 998930	India
S3-001816	Sunstone Foods Innc	Opp. City Library Quarry Avenue Stonebridge Park Austin OH 37011	United States
S3-007038	Chemicals &S ons Co	8/53 Orchid Rd Quarry Park Peoria AL	United States
S3-004151	Orchid Trading Limited Liability Company	365 Apex Rd, Falcon Park, Fresno, IL	USA
S3-003584	Cobalt	151Apex Marg, Clearwater Nagar, Kochi, 536204	IN
S3-007548	Cobalt Onyx Electricals	28/81 Brightpath Crosss, Ironwood Nagar, Surat, 706909	India
S3-000592	Brightpath Trading Company	Behind the Civic Center, 29 Meridian Street, Kestrel Park, Peoria, 38128	United States
S3-002936	Foods Kestrel LLC	173 Maplecrest Blvd, Northgate Park, Mobile, WA, 99341	US
S3-000649	Ravenood Inc	299 Redwood Boulevard, Kestrel Park, Austin, 43810	US
S3-006483	Maplecrest, Systems Onnyx and Sons	387 Lantern Rd Indore 668348	India
S3-002457	Kestrle Motors	Opp. City Library, 195 Goldleaf Ave, Fresno, AL	US
S3-003001	Brightpath Silverline	131 Quarry Blvd, Clearwater Park, Tacoma, CA, 60504	US
S3-008132	Quarry Motorss Limited Liabiliyt Company	147 Onyx Street, Northgate Park, Mobile, TX, 21510	USA
S3-004111	Northgate Tradign LLC	259 Bluepeak Avenue Onyx Park Mboile WA 46886	USA
S3-007195	Harbor Thistle TradingC o	235 Falcon St Near SBI ATM Fresno Kerala 987734	India
S3-004375	Ironwood Motors Copmany	237 Lantern Ave Ironwood Park Austin WA	US
S3-008840	Ape xElectricals Pvt Ltd	3 Brightpath Crs, Harbor Nagar, Opp. Bus Depot, Kochi, Maharashtra	India
S3-000109	Thistle LLC	110 Stonebridge St, Behind the Civic Center, Lubbock, IL	US
S3-000449	Meridian, Electricals	164 Harbor Road Stonebridge Nagar Puune 305254	IN
S3-008128	Meridian, Enterprises P Ltd	269 Meridian Main BrightpathN agar Surat Rajasthan 281952	India
S3-006741	Maplecrest Chemical sPrivate Limited	212 Stonebridge Marg, Lantern Nagar, Kochi, MP, 787264	IN
S3-007890	Clearwater Quarry Limited	219 Lantern Crs, Near SBI ATM, Goldleaf Nagar, Nagpur, 947983	IN
S3-003097	Orchid, Harrbor Packagnig Co	Opp. City Library Clearwater Boulevard Summit Park Lubbock CA	USA
S3-001759	Maplecrest Logistics Corproatoin	103 Stonebridge Blvd, Apex Park, Fresno, CA, 70137	US
S3-004207	Servvices Northgate	324 Lantern Rd, Lantern Park, Lubbock, CA, 25885	USA
S3-009220	Harbor Vertex Chemicals Pvt Ltd	7/83 Harbor Marg, Onyx Nagar, Coimbatore, Rajasthan	IN
S3-008489	Silverline Kestrel Textiles Company	236 Kestrel Road, Lantern Park, Peoria, CA, 13753	United States
S3-002701	Onyx, Industries	332 Falcon Rd, Nagpur, MP, 751504	IN
S3-000977	Falcon, Indutries Corpration	179 Silverline Dr, Kestrel Park, Akron, IL, 86541	United States
S3-002396	Quarry Enterprises P Ltd	137 Orchid Rd, Pune, Rajasthan, 2550231	IN
S3-003124	Harbor Private Limited	217 Juniper Street, Brightpath Nagar, Indore, Rajasthan	IN
S3-002813	Silverline, Consultancy Limited Liability Company	Apex Street, Peoria, WA, 91582	United States
S3-000404	Falcon Private Limited	58 Onyx St, Opp. Bus Depot, Stonebridge Nagar, Indore, Tamil Nadu, 391625	India
S3-003547	Thistle Trading P Ltd	6 Falcon Mn, Meridian Nagar, Kochi, MP	India
S3-006003	Mtoors Lantern and Sons Private Limited	25/51 Lantern Street, Lantern Nagar, Nagpur, Rajasthan	IN
S3-002829	NorthgateLimited	242 Ravenwood Rd, Lantern Nagar, Indore, MP, 308137	India
S3-002692	Redwood Junipe Fabrics Corporattion	137 Juniper Avenue, Cobalt Park, Peoria, IL, 14810	US
S3-008720	Falconn, Fabrics	208 Ravenwood Street, Indore, Rajasthan, 559402	IN
S3-007870	Harbor Solutions	115 Maplecrest Rd Summit Nagar Akron 868005	IN
S3-001025	Silverline Private Limitde	28 Vertex Main, Indore, Maharashtra, 883898	IN
S3-004494	Meridian Company	137 Summit Ave, Peoria, 13081	United States
S3-001052	Brighptath Packagng Ltd	Juniper Cross, Apex Nagar, Indore, 235285	India
S3-003040	Vrtex Motors Co	113 Orchid Rd Northgate Park Mobile TX 34744	USA
S3-001106	Clearwater Soluutions Private Limited	222 Summit St, Lantern Nagar, Indore, 341322	India
S3-000530	Inddustries, Lantern & Sons	Clearwater Ave, Bluepeak Park, Akron, 39396	US
S3-002550	Vertex, Logistics & Sons Private Limited	6 Juniper Marg, Indore, 889286, Harbor Nagar	India
S3-007324	Falcon Fabrics LLLC	24 Falcon Drive Peoria	US
S3-001365	Sunstone Enterpries LLC	130 Juniper Road Behind the Civic Center Peoria 41894	USA
S3-000606	Lantern Fabrics CCorp	157 Juniper Avenue, Apex Park, Akron, AL, 16967	United States
S3-004750	Ironwood Industries & Sns	305 Summit Boulevard, Cobalt Park, Lubbock, 37112	United States
S3-006852	Stonebridge Logistics Ltd	321 Brightpath Rd, Quarry Park, Mobile, WA	IN
S3-007284	Rvenwood Trading	353 Silverline St, Clearwater Nagar, Mobile	India
S3-003196	Clearwwatter Incorporated	Apex Avenue, Ironwood Park, Austin	US
S3-004863	Maplecrest Apex Systems Co	216 Orchid Boulevard, Behind the Civic Center, Tacoma, TX, 10011	US
S3-002726	Brightpath, P Ltd	274 Apex Main, Cobalt Nagar, Indore	India
S3-008533	Summit Services Limited	296 Apex Rd, Summit Nagar, Kochi	IN
S3-001057	Vertex Copr	380 Cobalt Road Fresno IL 40511	USA
S3-000098	Foods Brightpath Ltd	Silverline Main, Kochi, Tamil Nadu	India
S3-008642	Bluepeak Packaging Pvt Ld	129 Cobalt Marg, Pune	IN
S3-005839	Juniper Entreprises Corp	382 Juniper St Harbor Park Akron AL 90322	United States
S3-003296	Stonebridge, Traing and oSns	70 Goldleaf Dr, Ravenwood Park, Peoria, WA, 22811	US
S3-005589	QuarryS ystems tLd	134 Kestrel Crs, Kochi, 173437	India
S3-004390	Clearwater Ltd	55 Sunstone Cross Coimbatore 264482	IN
S3-006561	Cobalt Systems LLC	226 Harbor Dr Meridian Park Mobile IL 65030	USA
S3-007735	Silverline Packaging	Vertex Dr, Goldleaf Park, Tacoma, CA, 93237	USA
S3-000435	Sunstone EEnterprises Private Limited	30/35 Redwood Street, Redwood Nagar, Surat	IN
S3-000455	Silverline Electricals Limited	93 Ravenwood Street Apex Nagar, Surat, Rajasthan, 771976	IN
S3-008927	Ironwood Inc	98 Thistle Ave, Onyx Park, Akron, IL	US
S3-008624	Juniper Txetiles Inc	193 Meridian Ave, Near Exit 14, Quarry Park, Austin, 68319	United States
S3-002665	Apex Consultncy Limited	56 Ironwood Marg,  Pune, 484470	IN
S3-007557	Latern P Ltd	Summit St, Maplecrest Park, Indore, 76215	United States
S3-003719	Ironwoo Servies Ltd	10 Kestrel Mn, Surat, 405183	IN
S3-003073	Kestrel Harbor Electricals Limited	360 Brightpath Road, 824485, Jaipur	IN
S3-004276	Summit, Lanetrn Solutions LC	239 Bluepeak Blvd, Ravenwood Park, Mobile, IL, 39350	USA
S3-001007	Orchid Chemicals and Sons Corporation	Opp. City Library, Kestrel Avenue, Sunstone Park, Austin, AL, 37206	United States
S3-002048	Ravenwood Maplecrest Private LLimited	11/11 Silverline Street, Vertex Nagar, Coimbatore, Gujarat, 587663	IN
S3-006021	Thisle Industries Limited Liability  Company	Near Exit 14, 298 Silverline St, Juniper Park, Austin, OH, 80603	USA
S3-002775	Ironwood Enterprises Corp	118 Apex Boulevard, Mobile, TX, 19137	US
S3-008218	Meridian Limited Liability Copany	82 Ravenwood Rd Apex Park Austin	USA
S3-007173	Maplecrest Trading	309 Meridian Rd, Mobile,, OH	India
S3-002023	Bluepeak Foods & Son Co	366 Bluepeak St, Onyx Park, Lubbock, AL, 35420	USA
S3-007638	Kestre, Lantern	294 Goldleaf Cross, Kestrel Nagar, Indore, 125184	IN
S3-003658	Redwood Industries Pvt Ltd	312 Ravenwood Road, Harbor Nagar, Indore, 222103	India
S3-009188	Quarry Motors Ltd	9/32 Bluepeak Cross Goldelaf Nagar Coimbatore 391292	India
S3-007600	OnyxMotorsCo	396 Kestrel Drive, Northgate Park, Tacoma, 32677	USA
S3-000136	Silverline Textiles and Sons Corpration	Behind the Civic Center 35/3 Kestrel Ave Austin	USA
S3-005045	Apex Fabrics	36/65 Ironwood Blvd, Behind the Civic Center, Redwood Park, Lubbock, 27959	USA
S3-006268	Clearater Foods Co	380 Ironwood Road, Falcon Park, Tacoma, CA, 95880	United States
S3-006485	Northgate Electriacls Inc	89 Onyx Rd Behind the Civic Center Peoria IL 51320	US
S3-002459	Onyx Bluepeak Private Limited	380 Ironwood Rd, Lantern Nagar, Kochi, Tamil Nadu, 732420	India
S3-005406	Maplecrest nIdustries Private Limited	103 Silverline Cross, Kochi, MP, 422962	India
S3-002822	Lantern P Ld	227 Brightpath Marg, Harbor Nagar, Surat, 542265	India
S3-003053	Redwood Trading Co	7/84 Juniper Road, Thistle Park, Austin, WA, 12905	United States
S3-008131	Goldleaf Packaging & Sons Co	298 Cobalt Blvd, Silverline Park, Mobile, AL	USA
S3-000028	Sunstone Textiles	361 Goldleaf Rd Clearwater Park Mobile WA 93984	US
S3-001093	Lantern Sysems LLC	123 Norhgate Dr, Akron, WA, 22139	USA
S3-006537	Cobalt Motors Limited Liability Company	Behind the Civic Center, 195 Silverline Blvd, Lantern Park, Peoria, 56693	United States
S3-007148	Kestrel Services Falcon Limietd Liability Company	168 Bluepeak Blvd, Orchid Park, Peoria	USA
S3-006265	Brightpath	115 Apex Road Quarry Nagar Coimbatore Gujarat	IN
S3-001118	Cobalt Brightpath Conssultancy Inc	152 Clearwater Ave, Peoria	US
S3-005429	Lantern, imited	151 Thistle St, Behind Ganesh Temple, Summit Nagar, Coimbatore, Rajasthan, 731305	India
S3-000223	Lantern Soluions Pvt Ltd	19 Juniper St Bluepeak Nagar Pune 975406	IN
S3-008984	Mridian Falcon Textiles Co	Behind the Civic Center, 162 Brightpath Drive, Onyx Park, Tacoma, 50558	US
S3-005444	Thistle Logistics Private Limited	246 Onyx Rd, Cobalt Nagar, Surat	IN
S3-006130	Ravnewood Motors	129 Bluepeak Road Jaipur Gujarat	India
S3-004092	Silverline Meridian Textiles Corporation	283 Harbor Boulevard, Ironwood Park, Akron, 11858	US
S3-003967	Silverline Soultions Pvt Ltd	299 Sunstone Cross, Opp. Bus Depot, Apex Nagar, Pune	IN
S3-004935	Juinper, & Sons LLC	208 Falcon Blvd Orchid Park Austin TX 54819	US
S3-005152	KestrelCo	382 Juniper Rd, Meridian Park, Tacoma, WA, 36195	USA
S3-005732	Kestrel Entrprises	Clearwater Drive Akron OH	USA
S3-008109	Cobalt Industries Company	Silverline Marg Quarry Nagar Pune Gujarat	USA
S3-001613	Irnwood Services Pvt LLtd	59 Ironwood Mn, Stonebridge Nagar, Coimbatore, 944890	IN
S3-004867	Harbor Foods P Ltd	313 Brightpath Main, Kestrel Nagar, Opp. Bus Depot, Nagpur, Gujarat, 583326	IN
S3-006845	Summit, Indutries P Ltd	Opp. Bus Depot, 199 Ravenwood Main, Brightpath Nagar, Coimbatore, Kerala	IN
S3-000052	Mootors, Onyx	Behind Ganesh Temple, Maplecrest Main, Coimbatore, 641470	India
S3-007823	Stonebridge	338 Onyx Drive, Onyx Park, Lubbock, 86824	US
S3-003095	Juniper Electricals and Sons LLC	Near Exit 14, 187 Summit Ave, Harbor Park, Lubbock, TX	United States
S3-000837	Meridian Electricals & Sons Company	168 Meridian Street, Mobile, OH, 85040	USA
S3-006988	Verte xFabrics Ltd	332 Goldleaf Mn, Silverline Nagar, Pune, 738848	India
S3-005273	Apex Solutions Limited	247 Falcon Mn, Juniper Nagar, Indore, 815795	India
S3-003018	Clearwater Logistics and Sons Private Limited	352 Sunstone Street, Quarry Nagar, Nagpur, 374368	India
S3-003382	Ravenwod Industries	25/52 Onyx Crs, Ironwood aNgar, Jaipur, Tamil Nadu, 692550	IN
S3-008159	Orchid Packaging Pvt Ltd	178 Northgate Marg, Kestrel Nagar,, Pune	India
S3-005369	Industries Silverline	18 Ironwood Cross, Quarry Nagar, Jaipur, Rajasthan	IN
S3-000192	MeridianC o	74 Orchid Blvd, Austin, CA, 20210	USA
S3-003128	Goldleaf Services Private Limited	135 Vertex Mn, Stonebridge Nagar, Kochi, Rajasthan, 545764	IN
S3-000944	Stonebridge Fabrics and Sons Inc	Onyx Park Tacoma WA 91583 188 Sunstone Road	US
S3-005262	Siilverline Goldelaf Motors LLC	316 Onyx Boulevard Akron	US
S3-009093	Orchid Systems & oSns P Ltd	264 Brightpath Drive, Nagpur, CA, 54689	USA
S3-002641	JuniperE lectricals P Ltd	180 Onyx Rd, Kochi, 690034	IN
S3-008812	Entterprises	292 Juniper Mn Meridian Nagar Jaipur 857333	India
S3-000986	Kestrle Textiles	119 Onyx Crss, MP, Nagpur	IN
S3-008857	Silverline Industries Limited Liability Company	15/41 Sunstone Bvld Lubbock	United States
S3-007924	Apex Sunstone Private Limited	42 Brightpath Rd, Onyx Park, Near Exit 14, Peoria, AL	IN
S3-007988	Goldleaf Logistics Limited	376 Silverline Cross, Surat	India
S3-000711	Gldleaf, Packaging Co	139 Thistle St, Sunstone Park, Mobile, 71601	USA
S3-009115	Ravenwood oCnsultancy Pvt Ltd	160 Falcon Cross Behind Ganesh Temple Indore	IN
S3-005916	Thistlle Foods	163 Ravenwood Road, Goldleaf Park, Peoria, 11216	US
S3-004156	Meridian Co	30/61 Meridian Road, Austin, TX	USA
S3-005622	Brightpath, Electricals	37 Onyx Marg 945648 Surat	IN
S3-008272	Redwood Redwood Solutions Corp	99 Redwood Blvd, Fresno, WA, 68260	USA
S3-008385	Ironwood LCL	349 Vertex Ave, Near Exit 14, Lubbock, CA	US
S3-007668	Goldleaf Redwood Indusries Co	10/88 Lantern Street, Kochi	USA
S3-006354	Ironwood Textiles Pvt Ltd	339 Juniper Crs, Apex Nagar, Surat, 767306	India
S3-005564	Thistle Fabrics  Limited	358 Apex Marg Apex Nagar CCoimbatore MP 559250	IN
S3-008443	Maplecrest Stonebridg ePvt Ltd	114 Kestrel Cross, Rajasthan, Kochi	IN
S3-006668	Ironwood Apex Ellectricals Co	226 Thistle Dr Goldleaf Park Akron IL	United States
S3-000703	Ravenwood  Chemicals Company	Behind the Civic Center, 185 Clearwater Rd, Redwood Park, Austin, 94788	USA
S3-000159	Cobalt Logistic sPvt Ltd	104 Ravenwood Crs, Northgate Nagar, Indore, Rajasthan	India
S3-002249	Junipr	102 Meridian Crs Opp. Bus Depot Kochi Kerala 121465 Vertex Nagar	IN
S3-004182	Brightpath Falcon Tetxiles Co	328 Stonebridge Drive, Lantern Park, Behind the Civic Center, Lubbock, 68409	USA
S3-004357	Harbor Summit Motors Inc	371 Vertex Boulevard, Quarry Park, Tacoma, CA, 36561	USA
S3-002174	Apex Electricals	Opp. City Library, 36/16 Lantern Street, Cobalt Park, Tacoma, OH, 56538	USA
S3-003030	Solutions Copr	375 Onyx Avenue, Thistle Park, Austin, OH, 41348	US
S3-000272	Cobalt Enterprises LLC	73 Silverline Ave, Akron, WA, 75478	US
S3-002651	Meridian Chemicals Ltd	328 Meridian Road, Orchid Nagar, Coimbatore, MP, 826862	IN
S3-008115	Redwood Ravenwood Trading Inc	113 Meridian Rd, Peoria, 27315	US
S3-008149	Sunstone Cemicals Private Limited	294 Onyx Drive, Behind the Civic Center, Meridian Park, Peoria, 25373	IN
S3-006835	Maplecrest Textiles	Mapleecrest Cross, Opp. Bus Depot, Vertex Nagar, Indore, Maharashtra, 349091	India
S3-002177	Qurry Motros	177 Northgate Rd, Vertex Nagar,P une, 554599	India
S3-007842	Meridian Consultancy Private Limited	19/27 Ravenwood Cross, Stonebridge Nagar, Near Metro Pillar 42, Surat, Tamil Nadu, 279694	India
S3-006715	Redwood Sunstone Electricals Private Limited	326 Stonebridge Crs, Near SBI ATM, Redwood Nagar, Pune, Kerala	IN
S3-003784	Summit Stonebrige & Sons Limited	314 Goldleaf Rd Thistle Nagar Pune 521059	IN
S3-004448	Lantern Onyx Motors Co	46 Stonebridge Ave, Juniper Park, Tacoma, TX	United States
S3-006498	Quarry Silverline Prrivate Limited	64 Cobalt Crs Stonebridge Nagar Near SBI ATM Pune Kerala 932258	India
S3-004434	Meridian Electricals Company	378 Apex Ave, Brightpath Park, Fresno, 73474	USA
S3-006084	Ravenwood Fabrics andS ons Incorporated	299 Cobalt Avenue, Opp. Cty Library, Austin, OH	USA
S3-003648	Quarry Foods Coporation	312 Cobalt Drive, Meridian Park, Mobile, WA	USA
S3-006553	Kestrel Logistics	64 Stonebridge Rd Austin	US
S3-006043	Apex Electriacls Inc	Ravenwwood St, Clearwater Park, Akron	USA
S3-006113	Kestrel Juniper Services Pvt Ltd	265 Bluepeak Road, Ravenwood Nagar, Surat, Gujarat	India
S3-003420	Junipe Maplecrest Trading P Ltd	293 Summit Marg, Stonebridge Nagar, Nagpur, MP	India
S3-004920	Apex Fooods Private Limited	346 Silverline Marg, Goldleaf Nagar, Jaipur, Tamil Nadu, 486458, Opp. Bus Depot	IN
S3-005930	Orchid Cobalt Enterprises Private Limited	Kestrel Rd, Quarry Nagar, Kochi, KKerala, 710886	IN
S3-002093	Orchid, Textiles Incorporated	Near Exit 14, 5/30 Summit Blvd, Kestrel Park, Austin, OH, 83774	USA
S3-006726	Ironwood Enterprises Limited	99 Onyx Rd Meridian Nagar Surat Kerala 742903	India
S3-008253	Northgate Stonebridge Textiles LLC	210 Maplecrest Road Austin WA 36760	US
S3-002159	Northgtae Harbor Chemicals P Ltd	Falcon Nagar, Surat, 956678 ,235 Sunstone Cross	India
S3-007338	Chemicals Thistle Ironwood Ltd	354 Clearwater Marg, Ironnwood Nagar, Indore, 312199	India
S3-002210	Vertex Systems Pvt Ltd	17/40 Juniper Rd, Ironwood Nagar, Indore, Maharashtra, 265798	IN
S3-007883	Cobalt Packgaing P Ltd	276 Falcon Dr, Goldleaf Park, Fresno, WA, 775249	India
S3-005747	Logistics	204 Apex St Stonebridge Park Lubbock WA 67672	USA
S3-008324	Quarry Foods Limited	25/17 Meridian Marg, Onyx Nagar, MP, 863228, Jaipur	IN
S3-004758	Thistlee Chemicals Private Limited	Behind Ganesh Temple 89 Bluepeak Main Thistle Nagar Nagpur MP 858492	IN
S3-006644	Bluepeak Entterprses	30/26 Harbor Street Lantern Park Peoria WA 50717	US
S3-008328	Vertex Fbrics Inc	Austin WA 62496 263 Onyx Boulevard	US
S3-006106	Kestrl Silverline Packaging  LLC	288 Bluepeak St, Apex Park, Tacoma, OH	USA
S3-001679	Maplecrest Fabrics Ltd	186 Maplecrest Rd, Redwood Nagar, Pune, MP, 937540	India
S3-005778	Ravenwood  Consultancy Inc	10/78 Quarry Boulevard Lantern Park Austin OH 23253	US
S3-006248	Redwood Chemicals Limited Liability Company	269 Sunstone Dr, Meridian Park, Akron, 75563	US
S3-003257	Maplecres tConsultancyy Limited	122 Vertex Crs Falcon Nagar Coimbatore 845615	IN
S3-007561	Habor Industries	Stonebridge Cross, Nagpur, Maharashtra, 704070	IN
S3-002285	Summit Sumit Lmiited	91 Meridian Main, Behind Ganesh Temple, aLntern Nagar, Kochi	India
S3-001398	Thistle Onyx Servces and Sons Private Limited	292 Goldleaf Marg, Pune, Rajasthan, Bluepeak Nagar	IN
S3-005440	Clearwater, Traidng P Ltd	172 Onyx Street Sunstone Nagar Jaipur 445677	IN
S3-001925	Juinper Chemicals	242 Harbor Avenue, Harbor Park, Austin, CA	USA
S3-005809	Thistle, Onyx Solutions and Sonns	Kochi, 315 Cobalt Main	IN
S3-000678	Vertex Industries & Sons	313 Juniper Street, Clearwater Park, Tacoma	USA
S3-004438	Falcon Logistics & Sons Ltd	326 Goldleaf St, Opp. Bus Depot, Orchid Nagar, Coimbatore, Maharashtra, 872691	India
S3-004841	Sunstone, Eleectricals LLC	161 Lantern Road, Harbor Park, Peoria, WA, 80899	US
S3-003722	Meridian, Logistics and Sons Private Limited	136 Bluepeak Rd, Summit Nagar, Kochi, Maharashtra, 661863	IN
S3-006948	Harbor NorthgateConsltancy & Sons Private Limited	392 Brightpath Road  Kochi Kerala	IN
S3-007514	Onyx Industries Ltd	Clearwater Rd, Fresno, AL ,30312	India
S3-008846	Northgaate Trading & Sons Pvt Ltd	Clearwaetr Marg, Surat, 534655	IN
S3-002819	Onyx Motors Ltd	105 Ravenwood Marg, Clearwater Nagar, Jaipur, Tamil Nadu, 667892	IN
S3-002187	Junipeer Packaging	299/23 Kestrel Marg Redwood Nagar Jaipur Gujarat 920724	IN
S3-008515	Summit Motors Incorporated	Near Exit 14 6 Vertex Blvd Sunstone Park Fresno CA	USA
S3-006851	Fabrics Quarry Inc	Meridian Boulevard, Brightpath Park, Mobile	US
S3-004281	Falon Inc	Onyx Boulevard, Juniper Park, Peoria, AL	US
S3-008437	Meridian	15/45 Northgate St, Orchid Nagar, Surat, MP	India
S3-003951	Summit Textiles Incorporated	311 Kestrel Ave, Lubbock, 74724	US
S3-002060	Goldleaf Chemicals	198 Clearwater Road, Apex Nagar, Pune, MP, 853646	IN
S3-002325	Orchid Chemicals Ltd	Falcon Street, Silverline Nagar, Jaipur, 794820	IN
S3-005805	Redwood Electricals Pt Ltd	Near SBI ATM Cobalt Crs Quarry Nagar Jaipur 841911	India
S3-005465	Trading Blueepak Private Limited	284 Ravenwood Marg, Onyx Nagar, Indore	India
S3-000480	Lanern Textiles LLC	Juniper Boulevard, Ironwood Park, Behind the Civic Center, Lubbock, 82038	United States
S3-004811	Northggate Textiles LLC	278 Cobalt Boulevard, Ravenwood Park, Behind the Civic Center, Lubbock, 33766	US
S3-003916	VertexFabrics LLC	239 Silverline Road, Near Exit 14, Peoria, 12592	USA
S3-001659	Meridian LLLC	93 Quarry Blvd, Ironwood Park, Tacoma, OH	United States
S3-005296	Summit Fabrics P Ltd	280 Brightpath Crs, Coimbatore, Gujarat, 186748	IN
S3-003405	Ironwood Consultncy Inc	11 Ravenwood Avenue, Sunstone Park, Akron, CA, 86363	USA
S3-008665	Ksetrel Solutons P Ltd	6 Silverline Main, Summit Nagar, Pune	India
S3-000740	Kestrel Consultancy Private Limited	324 Ravenwood Crs, Ravenwood Nagar, Jaipur, Kerala, 198248	IN
S3-004745	Summit Ltd	Falcon Crs, Summit Nagar, Kochi, Gujarat	IN
S3-007874	Vertex	233 Apex St, Juniper Nagar, Nagpur, Kerala, Opp. Bus Depot	IN
S3-009223	Vertex, Systemms Incorporated	292 Sunstone Boulevard, Juniper Park, Austin, 44599	United States
S3-005618	Ironwood Systems Incorporated	Akrron, 238 Sunstone Rd	US
S3-006211	Maplecrest Services an SonsP  Ltd	379 Kestrel Road, Quarry Nagar, Nagpur, Tamil Nadu	India
S3-002719	Bluepeak Cobalt Fabrics orp	204 Cobalt Boulevard, Orchid Park, Peoria	US
S3-000350	Ravenwood Logistics	188 Ironwood Marg, Onyx Nagar, Pune, 864650	IN
S3-001539	Jniper Logistics	156 Redwood Rd Opp. City Library Northgate Park Mobile OH	USA
S3-000844	Kestrel Meridia nInc	Behind the Civic Center Juniper Dr Mobile 71953	United States
S3-002255	Brightath Redwood Company	182 Kestrel Blvd Juniper Park Lubbock OH	United States
S3-004244	Siilverline Motors and Sons Ltd	313 Vertex Crs, Thistle Nagar, Kochi, MP, 983522	IN
S3-001192	Goldleaf & Sons P Ltd	150 Quarry Crs, Lantern Nagar, Jaipur, Rajasthan, 110011	IN
S3-001928	Vetrex Foods	53 Apex Boulevard, Austin, 58190	US
S3-005803	Sunstone Co	332 iSlverline Drive, Onyx Park, Austin, AL, 52563	United States
S3-001704	Juiper	Silverline Marg Onyx Naggar Jaipur 779913 Maharashtra	IN
S3-007268	Cobalt Summit Trading Private Limited	67 Sunstone Mrg, Indore, 603253	India
S3-004251	Lantern Conslutancy P Ltd	64 Thistle Main, Brightpath Nagar, Behind Ganesh Temple, Coimbatore, 338938	IN
S3-003267	Meridina Logistics P Ltd	206 Lantern Cross, Harbor Nagar, Jaipur, 610701	IN
S3-004201	Packaging Cobalt Co	Opp. City Library, 283 Apex Rd, Cobalt Park, Mobile	United States
S3-004256	Brightpath Co	7/57 Quarry St, Lubbock, AL	USA
S3-007454	Lantern Lantern Motors adn Sons	164 Summit Cross, Cobalt Nagar, Peoria, 442002, Gujarat	IN
S3-000003	Thisttle, Trading Apex	188 Meridian Dr, Vertex Park, Opp. City Library,L ubbock, AL	US
S3-007144	Redwood Ravvenwood Trading Private Limited	359 Thistle Main, Nagpur, Maharashtra, 642352	India
S3-007115	Harbor Electricals Limited	20 Clerawater Road Near SBI ATM Kochi Tamil Nadu 399121	IN
S3-002849	Orchid oC	79 Brightpath St Austin, 11334	USA
S3-006144	Kestrel Apex Solutions Corp	Cobalt St, Peoria, OH	United States
S3-000506	Redwood Packkaging Limited Liability Company	72 Onyx Dr, Akron, CA, 19201	US
S3-007320	Northgate, Industries	70 Redwood Mn, Redwood Nagar, Surat, Kerala, 285996	USA
S3-004991	Northgate Services Sunsstone	226 Thistle Boulevard, Orchid Park, Austin, 79614	United States
S3-007375	Ravenwood Foods Ltd	384 Vertex St, Redwood Nagar, Kochi, MP, 465052	IN
S3-000576	Silverline, Solutions Limied	108 Thistle Road, Nagpur, 528537	India
S3-002846	Apex, Foodds	152 Goldleaf Dr Summit Park Akron CA 34594	United States
S3-004177	Clearwater, Fabrics Pvt Ltd	191 Apex Main rIonwood Nagar Nagpur Maharashtra 887435	IN
S3-000363	Cobalt Solutions P Ltd	6/61 Harbor Main, Jaipur	India
S3-005946	Brightpath Foods Company	25 Stonebridge Boulevard, Quarry Park, Akron, OH, 13387	US
S3-001887	Northgate Chemicals Harbor PPrivate Limited	Onyx Crs Surat Kerala	India
S3-002130	Northgate Packaging	89 Cobalt Dr, Onyx Park, Peoria, 67791	US
S3-005106	Gooldleaf Consultancy	89 Stoebridge Street Meridian Nagar Pune Maharashtra 477449	India
S3-006900	Onyx  Harbor Foods	219 Meridian Rd,Goldleaf Nagar, Nagpur, 791422	India
S3-009066	Stonebridge  Ltd	182 Meridian Main, Ironwood Nagar, Surat, MP, 768554	IN
S3-005758	Ironnwood	235 Stonebridge Marg, Northgate Nagar, Jaipur, Rajasthan, 904504	IN
S3-008986	Orchid Industries Coorp	269 Vertex Dr Akron TX 72935	US
S3-001465	Kesttrel Chemicals Co	Sunstone Blvd Quarry Park Austin CA 66412	US
S3-003387	Maplecrest Logistics Limited	155 Ravenwood Mn, Stonebridge Nagar, Jaipur, Rajasthan, 805293	IN
S3-008703	Cbalt Packaging Lttd	292 Redowod Marg Coimbatore Maharashtra 699427	India
S3-000515	Vertex Textiles Corporation	58 Silverline Bolevard, Ravenwood Park, Lubbock, TX, 80969	US
S3-006608	Brightpath, lEectricals Private Limited	149 Summit Road, JuniperN agar, Indore, Gujarat	IN
S3-008325	Sumimt Chemicals and Sons Incorporated	4 Meridian Main, Orchid Nagar, 947218, Lubbock	India
S3-003614	Quaarry Systems	232 Ravenwood Crs, Vertex Nagar, Jaipur, Gujarat, 680641	India
S3-008150	Thstle Trading Limited	136 Brightpath Crs Harbor Nagar Indore Kerala 514756	India
S3-002444	Maplecrest Packaging Ltd	257 Stonebridge Crs Coimbatore Tamil Nadu 280983	India
S3-002398	Quarry Enterprises	137 Orchid Road, Opp. Bus Depot, Redwood Nagar, Pune, Rajasthan	India
S3-001827	Harbor Goldleaf Logistics  LLC	305 Ravenwood Ave Goldleaf Park Peoria WA 99768	USA
S3-000415	Meridian Industries LLC	32/69 Bluepeak Avenue Brightpath Park Fresno 40151	United States
S3-004338	Harbor Cobalt Foods & Son Limited	251 Kestrel St Ironwood Nagar Surat Maharashtra	India
S3-004831	Thistlle Entreprises Company	357 Redwood Dr, Near Exit 14, Ravenwood Park, Tacoma, CA, 98305	US
S3-007370	Vertex Services nd Sosn	Opp. City Library Bluepeak Boulevard Cobalt Park Fresno 78938	USA
S3-008380	Meridian Trading and Sons Pvt Ltd	93 Thistle Rd, Near SBI ATM, Lantern Nagar, Surat, Tamil Nadu	India
S3-007099	Goldlea, Trading Inc	90 Orchid Boulevard, Mobile, WA, 56429	United States
S3-008796	Motors Cobalt Redwood	261 Northgate Marg, Sunstone Nagar, Behind Ganesh Temple, Indore	United States
S3-004444	Apex Silverline Sevices Corp	35 Silverline Road, Clearwater Park, IL, 69178, Tacoma	US
S3-001362	Ravenwood Services Inc	Opp. City Library, 359 Clearwater St, Lantern aPrk, Tacoma, 30789	US
S3-005433	Juniperr Foods and Sons P Ltd	145 Harbor St, Meridian Nagar, Jaipur, 562833	IN
S3-004535	Stonebridge Bluepeak Fabrics P Ltd	8/67 Vertex Marg, Stonebridge Nagar, Kochi, Maharashtra, 754234	IN
S3-000392	Northgate Foods	333 Vertex Avenue  Mobile AL 11991	US
S3-008107	Thistle Chemicals Limited	Orchid Rd Jaipur 90477	United States
S3-005494	Goldleaf Electricals & Sons Pvt Ltd	93 Goldleaf Crs, Summit Nagar, Kochi, 971819	IN
S3-007535	Vertex Trading Ltd	Thistle Road, Onyx Park, Mobile, CA, 40069	India
S3-001382	Goldleaf Enterprises P Ltd	Behind Ganesh Temple 82 Northgate Crs Pune Tamil Nadu 949741	India
S3-008700	OnyxTextiles Incorporated	336 Falcon Road, Sunstone Park, Lubbock, IL	USA
S3-004027	Quarry Chemicals and Sons P Ltd	263 Bluepeak St, Orchid Nagar, Indore	India
S3-003818	Ironwood Juniper nd Sons Limited Liability Company	Thistle St, Vertex Park, Fresno, IL, 66509	US
S3-005099	Clearwater Solutions Pvt Ltd	Pune, MP, 113 Cobalt St	India
S3-007579	Suunstone Services Incorporated	215 Thistle Dr, Summit Park, Lubbock	USA
S3-006339	Sunstone Lantern & Sons	46 Onyx Crs Quarry Nagar Coimbatore	India
S3-003953	Juniper Tradding Private Limited	26/43 Summit Cross, Orchid Nagar, Behind Ganesh Temple, Surat, Maharashtra	India
S3-003985	Quarry Services Corporation	131 Redwood Street, Harbor Park, Mobile, 46741	USA
S3-003346	Vertex Packaging  Kestrel Limited	125 Redwood Main, Goldleaf Nagar, Indore, 415516	India
S3-001454	Silverline, TradingC o	111 Juniper Street, Bluepeak Park, Tacoma	USA
S3-000723	Northgate Motors Ltd	289 Silverline Road, Nagpur, MP, 346192	India
S3-002564	Falcon, Ironwood Industries Limited Liability Company	286 Falcon Boulevard, Juniper Park, Austin, AL, Behind the Civic Center	United States
S3-004642	Electricals Onyx LC	398 Lantern Avenue, Clearwater Park, Peoria	US
S3-007242	Bluepeak Fods	44 Sunstone Street, Austin, 35487	United States
S3-003316	Ocrhid Corp	255 Ravenwood Rd, Goldleaf Park, Peoria, 53701	United States
S3-002858	Kestrel Vertex	49 Meridian Cross Lantern Nagar Nagpur MP 698806	IN
S3-001640	Onyx Electricals Ltd	293 FFalcon St, Brightpath Nagar, Kochi	India
S3-008916	Cobalt Industries Private Limited	Silverline Street, Nagpur, Tamil Nadu, 513375	IN
S3-000048	Packaging Quarry Maplecrest Pvvt Ltd	38 Ravenwood St Redwood Nagar Coimbatore Tamil Nadu	IN
S3-006016	Kestrel Textiles Corp	110 Juniper Street, Cobalt Park, Mobile, IL, 98576	United States
S3-008758	Silverline Thistle Limited	80 Summit Road Behind Ganesh Temple Cobalt Nagar Kochi Gujarat 907439	IN
S3-003893	Cobalt Brightpath Industries Ldt	268 Quarry Street, Kochi, 820179	India
S3-006467	Summit Enterprises Limited	130 Onyx Marg Falcon Nagar Puune Gujarat	IN
S3-005730	Goldlaf	223 Redwood Mn, Near Metro Pillar 42, Falcon Nagar, Pune, Rajasthan	IN
S3-007357	Maplecrest Foods	53 Brightpath St, Sunstone Nagar, Kochi, Rajasthan, 728994	IN
S3-004646	Onyx Private Limitde	7/43 Apex Street, Cobalt Nagar, Coimbatore, Kerala, 634858	IN
S3-007969	Thiistle Electricals	52 Juniper Mar, Coimbatore	IN
S3-006192	Orcchid and Sons	190 Ironwood Avenue, Behind the Civic Center, Peoria	United States
S3-004794	StonebridgeMotors Corp	373 Vertex Dr, Behind the Civic Cennter, Austin, 35778	USA
S3-003670	Brightpath, Trading Pvt Ltd	183 Ironwood Crs, Maplecrest Nagar, Surat, Rajasthan	IN
S3-002987	Kestrrel Qarry	7/58 Maplecrest Avenue, Summit Park, Mobile, AL	USA
S3-005496	Lantern Services	223 Apex Street, Jaipur, Gujarat, 368269	IN
S3-008497	Clearwater Sunstone Solutions &  Sons Private Limited	154 Apex Main, Vertex Nagar, Pune, 408925	India
S3-005621	Electricals Brightpath	Quarry Marg, Kestrel Nagar, Jaipur, 621310	India
S3-003233	Stonebridge, Sysems Limited	87 Cobalt St, Jaipur	IN
S3-000670	Falcon Motors Private Limited	158 Apex Cross, Bluepeak Nagar, Nagpur, Kerala, 369002	India
S3-001311	Brightpath Bluepeak LLC	102 Brightpath Drive, Harbor Park, Tacoma, WA, 20369	United States
S3-003480	Stonebridge Chemicls & Sons Ltd	160 Goldleaf Road,Coimbatore, 425569	India
S3-005180	Sunstone Solutions	188 Thistle Rd, Redwood Nagar, Jaipur	IN
S3-005772	Harbor Chemicals & Sons	19/82 Kestrel St, Goldleaf Park, Akron, 23591	USA
S3-006131	Ravenwodo Motors	Behind Ganesh Temple 129 Bluepeak Road Clearwater Nagar Jaipur 606414	IN
S3-001355	Clearwater Trading Pvt Ltd	26/88 Apex Main, Apex Nagar, Surat, Gujarat, 808412	IN
S3-007574	Onyx Systems rivate Limited	141 Brightpath Main, Stonebridge Nagar, Jaipur, 874453	IN
S3-008142	Falcon Solutions Corporation	334 Clearwater Rd Onyx Park Peoria TX 43181	United States
S3-006981	Summit Packaging P Ltd	34 Lantern Rd, Indore	USA
S3-005591	Solutions Quuarry and Sons	297 OOrchid Dr, Brightpath Park, Near Exit 14, Mobile	United States
S3-005412	Kestrel Fabrics	25/67 Harbor Dr, Behind the Civic Center, Redwood Park, Mobile, OH, 99176	USA
S3-006448	Sunstone Textiles LLC	115 Brightpath Boulevard, Clearwater Park, Lubbock, IL, 89454	USA
S3-008121	Harbor, Foods & Sons Ltd	Summit Crs, Kestrel Nagar, Near SBI ATM, Indore, Gujarat	IN
S3-001226	Cobalt ServicesI nc	388 Redwood Street, Ravenwood Park, Akron, CA, 61229	USA
S3-005394	Ravenwood Motors Pivate Limited	103 Meridian Rd, Falcon Nagar, Jaipur, 812530	India
S3-004129	Kestrel Connsultancy Corp	7/85 Summit Boulevard, Juniper Park, Lubbock, 56174	USA
S3-001103	Quarry Maplecrest Fabrics Corporation	93 Ironwood Street, Juniper Park, Peoria, TX	USA
S3-006037	Solutions Orrchid Co	240 Stonebridge Ave Vertex Park Fresno OH 84888	USA
S3-001194	Quarry Textiles o	357 Northgate Road, Goldleaf Park, Lubbock, 27090	US
S3-002510	Cobalt Brightpath Fabrics P Ltd	274 Summit Rd, Indore, Tamil Nadu	India
S3-002700	Consultancy Juniper HarborC ompany	171 Lantern St, Orchid Park, Mobile, OH	US
S3-008439	Northgate nIdustries Limited	239 Silverline Main, Quary Nagar, Near Metro Pillar 42, Pune	IN
S3-003875	Ironwood MaplercestCompany	278 Summit Boulevard, Juniper Park, Mobile, WA, 66631	US
S3-003740	Sunstone Servics Co	209 Bluepeak Rd, Fresno, IL	USA
S3-000886	Sunstone Electricals Ltd	252 Lantern Marg, Clearwater Nagar, Nagpur, Gujarat, 974665	India
S3-004257	Brightpath Co	Behind the Civic Center, 168 Cobalt Dr, Mobile ,98985	USA
S3-001803	Redwood Orchid Enterprises and Sons Limited Liability Company	334 Orchid Road, Vertex Park, Fresno, CA, 84659	US
S3-009022	Lanten	185 Meridian Marg, Goldleaf Nagar, Opp. Bus Depot, Kochi, Gujarat	IN
S3-004422	Orcid Ltd	Brightpath Cross, Jaipur, Tamil Nadu	India
S3-008818	Falcon Silverline Electricals Inc	329 Meridian Boulevard, Clearwate rPark, Peoria, OH, 65216	US
S3-006121	Ironwod Lttd	Kestrel Mn, Surat, Kerala, 315655	IN
S3-008469	Quarry Systems Ltd	20 Stonebridge Main, Indore, Kerala, 996383	India
S3-004826	Clearwater Motors Pvt Ltd	128 Onyx St, Onyx Nagar, Pune, MP, 932969	IN
S3-001372	Harbor Systems Limited	Behind Ganesh Temple, 53 Falcon Marg, Kochi, MP	India
S3-004907	Brightpath Orchid Enterprises Inc	355 Bluepeak Ave, Redwood Park, Peoria, TX	US
S3-007288	Bluepeak Pacckaging Corp	260 Ironwood Crs, Thistle Nagar, Akron, 503223	IN
S3-005736	Bluepeak Pvt Ltd	Stonebridge Street, Thistle Nagar, Opp. Bus Depot, Coimbatore, 397910	India
S3-004354	Kesstrel Consultancy	Cobalt St, Goldleaf Park, Near Exit 14, Lubbock	USA
S3-001205	Bluepeak Motors Incorporated	23/39 Apex Ave Northgate Park Akron CA 98786	USA
S3-001608	Enterprises Meridian Incorporated	353 Meridian Road Ravenwood Park Fresno	USA
S3-008010	Vertex Servicces Inc	33 Ravenwood Main, Peoria, Rajasthan	India
S3-003637	Brightpath Servvices Redwood & Sons Pvt Ltd	67 Juniper Marg, Ravenwood Nagar, Jaipur, 155307	IN
S3-002126	Consultanc Quarry Company	270 Falcon Avenue Fresno	US
S3-001769	Harbor Corporation	191 Silverline Avenue, Bluepeak Park, Austin, AL	United States
S3-002615	Kestrel Servicees Limited	228 Clearwater St Kochi MP	India
S3-008336	Harbor Packagng Limited Liability Company	173 Ironwood Road Opp. City LibraryH arbor Park Tacoma 68297	US
S3-002463	Northgate Goldleaf Foods Ltd	129 Kestrel Marg, Quarry Nagar, Jaipur, Rajasthan, 931524	India
S3-004351	Irronwood, Foods Corporation	27 Kestrel Ave, Harbor Park, Akron	United States
S3-008714	Orchid Enterprises Co	212 Lantern Blvd, Harbor Park, Akron, TX, 98737	USA
S3-008430	Onyx Packgaing	245 Quarry Dr, Orchid Park, Coimbatore	US
S3-005813	Lantern Electricals	123 Thistle St, Kestrel Nagar, Coimbatore, 861920	IN
S3-001210	Meridian Systems and Sons Limited	288 Orchid Rd, Meridian Nagar, Kochi, MP, 245222	IN
S3-002402	Irowood Quarry Trading LLC	235 Falcon Dr Kestrel Park Mobile IL 27156	United States
S3-000118	Bluepeak Private Limited	Falcon Crs, Indore, 664168	India
S3-004344	Thistle Solutions and Sons	220 Lantern Ave, Maplecrest Park, Lubbock, TX	US
S3-007270	Thisttle, Ravenwood Services Ld	65 Stonebridge Mn Quarry Nagar Indore	India
S3-001749	Apex Corp	Redwood Road, Maplecrest Park, Fresno, 226606	USA
S3-000722	Norhgate Motors Ltd	28 Ironwood Street, Near SBI ATM, Sunstone Nagar, Kochi, Gujarat, 592358	India
S3-000338	Sunstone Cemicals and Sons Inc	77 Lantern Rd, Apex Park, Lubbock,  46505	United States
S3-006264	Brightpath Enterprises	115 Apex Rd, Coimbatore, 672650	India
S3-007772	Apex Electricas P Ltd	318 Northgate Marg, Near Metro Pillar 42, Redwood Nagar, Coimbatore, Rajasthan, 879482	IN
S3-000012	Harbor Bluepeak Fabrics & Sons Incorporated	358 Sunstone St, Cobalt Park, TX, 38669, Fresno	US
S3-008466	Lantern Corp	29/36 Juniper Road Summit Park Tacoma TX	United States
S3-007699	Orchid Logistics Corp	348 Falcon Avenue, Kestrel Park, Near Exit 14, Austin, WA, 12116	US
S3-000062	Cobalt Falcon Consultancy Company	207 Brightpath Boulevard, Vertex Park, Akron, 31934	US
S3-004626	Thiste, Lantern Services	5/30 Meridian Boulevard, Onyx Park, Lubbock, WA	US
S3-008408	Northgate Sunsstone Solutions	284 Kestrel Cross, Brightpath Nagar, Nagpur, Rajasthan, 439439	IN
S3-006518	Redwood Systems	347 Ravenwood Mn, Kestrel Nagar, Coimbatore, Tamil Nadu	IN
S3-004186	Ravenwood Consultanc Corporation	27 Sunstone Street, Redwood Park, Fresno, 50133	United States
S3-001216	Vertex Onyx Logittics Limited	32 Bluepeak Mn Ravenwood Nagar Pune 760928	India
S3-008233	Coalt	266 Summit Main, Brightpath Nagar, Lubbock, MP, 717852	India
S3-002658	Meridian Packaging Inc	Falcon Avenue, Maplecrest Park, Mobile, OH, 92843	US
S3-001123	Orchid Industries Corporation	154 Quarry Avenue, Brightpath Park, Tacoma, CA	USA
S3-003345	Vertex Kestrel Packaging Limited	125 Redwood Main, Indore, Kerala, 415516	India
S3-005284	Redwood Clearwater Fabrics Corporation	51 Maplecrest Blvd, Austin	United States
S3-009219	Ravenwood Juniper Limited	319 Maplecrest Street Thistle Nagar Jaipur 292163	IN
S3-007542	Vertex Corporation	43 Thistle Rad, Meridian Nagar, Pune, Gujarat, 396403	US
S3-003912	Cbalt Electricals	Brightpath Marg, Coimbatore, 877175	India
S3-008963	Juniiper Motors Corp	290 Onyx Street, Orchid Nagar, Indore, Tamil Nadu, 415723	US
S3-006647	Apex Systems Privte Limited	Stonebridge Mn, Brightpath Nagar, Pune, Rajasthan, 676559	IN
S3-008196	Ravenwwood Corporation	59 Bluepeak Avenue, Cobalt Park, Lubbock, CA	United States
S3-002777	Consultancy Orhci dand Sons Ltd	Sunstone Crs, Silverline Nagar, Indore, 428683	India
S3-007407	Ravenwood Quarry Enterprises Inc	292 Juniper Boulevard, Akron, 94225	United States
S3-005579	Northgate Kestrel Fabriccs & Sons P Ltd	72 Ironwood Marg, Meridian Nagar, Coimbatore, MP	IN
S3-000009	Bluepeak Harbor	Opp. City Library, 12/54 Ravenwood Blvd, Bluepeak Park, Fresno, WA	US
S3-003044	Apex Lantern Solutions	174 Onyx Rd ApexN agar Indore 834062	India
S3-003017	Textiles Smumit Ltd	161 Onyx Rd Pune 360823 Clearwater Nagar	IN
S3-004056	Sunstone Silverline Textiles Company	132 Lantern Dr  Brightpath Park AL Mobile	US
S3-008955	Redwood Fooods Corp	351 Tihstle Dr Clearwater Park Mobile CA 22806	US
S3-003693	Goldlaf Solutions & Sons Ltd	172 Juniper Road, Clearwater Nagar, Kochi, Tamil Nadu	India
S3-003244	Harbor Onyx Textiles Incorporated	Cobalt Rd, Vertex Park, Tacoma, IL, 49381	US
S3-006474	Silverline Solutions Lantern Pvt Ltd	90 Northgate Marg Near Metro Pillar 42 Indore 682123	IN
S3-007802	Maplecrest Chemicals & Sons Ltd	Near SBI ATM 23 Silverline Rd Quarry Nagar Coimbatore 887193	IN
S3-004733	Maplecrest Juniper  Fabrics and Sons	30/46 Summit Mn, Northgate Nagar, Nagpur, 879676	India
S3-008291	Blepeak Logistics & Sons	Orchid Cross Onnyx Nagar Tacoma Rajasthan 978100	IN
S3-001459	Juniper Vertex Systems	Opp. City Library 269 Ravenwood Boulevard Cobalt Park Akron 21840	US
S3-002576	Quarry, Apex  & Sons Company	295 Brightpath Drive Near Exxit 14 Orchid Park Tacoma CA	United States
S3-002441	Silverline Enterprises LLC	396 Brightpath Road, Tacoma, IL, 81758	USA
S3-002599	Clearwater Industries P Ltd	Thistle Crs, Silverline Nagar, Pune, MP	IN
S3-000755	Foods Brightpath Ltd	227 Redwood St, Near SBI ATM, Silverline Nagar, Nagpur, Tamil Nadu, 767545	IN
S3-000446	Falcon Redwoodd Fabrics Private Limited	26 Onyx Marg, Nagpur, Rajasthan, 560795, Maplecrest Nagar	IN
S3-005216	Falno	Kesstrel St Thistle Nagar Jaipur 541154	India
S3-004121	Quarryy Textiles	1/36 Apex Drive, Vertex Park, Akron	US
S3-002812	Silverline Packaging Pvvt Ltd	89 Lantern Crss, Redwood Nagar, Coimbatore, Tamil Nadu, 567847	India
S3-008332	Sunstone Consultancy Pvt Ld	155 Thistle Main, Summit Nagar, Surat	IN
S3-000864	Onyx Pvt Ltd	Behind Ganesh Temple, 155 Cobalt Rd, Meridian Nagar, Jaipur, Rajasthan, 783295	India
S3-004013	Electricals Ravenwood imited	5/55 Juniper Road, Stonebridge Nagar, Jaipur, Maharashtra	India
S3-006810	Ravenwood, Ravenwood Enterrprises Co	178 Orchid Dr, Thistle Park, Akron, WA, 14078	United States
S3-002962	Orchid Foods Company	Stonebridge Dr, Harbor Park, Austin	USA
S3-000032	Harbor Stonebridge Moors and Sons	389 Summit St, Stonebridge Nagar, Nagpur, 645994, Maharashtra	IN
S3-002039	Silverline Trading Company	44 Lantern Blvd, Summit Park, Peoria, AL, 56928	United States
S3-003952	Juniper Trading P Ltd	15/6 Quarry St, Quarry Nagar, Surat, M, 318234	IN
S3-001994	Summit Chmicals	130 Quarry Avenue, Northgate Park, Peoria, TX, 39022	USA
S3-001416	Northgate	220 Bluepeak St, Near Exit 14, Akron	US
S3-001774	Ravenwood Foods Limited	341 Silverline Cross, Thistle Nagar, Surat, MP, 950898	IN
S3-004268	Northgate Limited Liability Company	11 Goldleaf St, Goldleaf Park, Mobile	USA
S3-006557	Stonebirdge Chemicals and Sons Corp	24/6 Sunstone Blvd, Near Exit 14, Onyx Park, Peoria, OH, 70883	USA
S3-000778	Ironwood Foods Private Limited	30 Goldleaf Road, Northgate Nagar, Pune, MP	India
S3-000701	Northgate Serices LLC	Meridian Road, Meridian Park, Austin, AL	USA
S3-009204	Cobalt Ironwood Syystems Corporation	10/38 Goldleaf St, Northgate Park, Mobile, TX	US
S3-006731	Meridian Sunstone Private Limited	347 Onyx Main, Orchid Nagar, Kochi, 422304	India
S3-003473	Thistle Services	8/31 Verte Street, Akron, 95486	USA
S3-002066	Goldleaf Solutions Co	30 Falcon Road Cobalt Park Peoria CA 84221	USA
S3-004908	Brigthpaath Orchid Enterprises Incorporated	Falcon Rd, Apex Park, Peoria	US
S3-001327	Kestel, Textiles Pvt Ltd	255 Sunstone Crs, Clearwater Nagar, Coimbatore, Rajasthan, 170081	India
S3-003708	Clearwater Logsitics Inc	122 Harbor Ave, Maplecrest Park, Mobile, IL	USA
S3-003937	Clearwater Redwood Logistics & Sons Limited	Falcon Road, Northgate Nagar, Coimbatore, Maharashtra, 481322	IN
S3-003199	Onyx Foods and Sons	310 Falcon Rd, Kochi	IN
S3-006766	Orchid Sloutions	Falcon Crs, Lantern Nagar, Nagpur, Rajasthan	India
S3-001701	Stonebridge Industries & Sons Pvt Ltd	17 Harbor Road, Indore, Tamil Nadu	IN
S3-007686	Apex Limited Liability Company	393 Lantern Marg Near Metro Pillar 42 Peoria Tamil Nadu 147772	India
S3-003085	Kestrel Services LLC	201 Apex Rd, Akron, IL, Apex Park	United States
S3-006583	Falcon, Private Limited	97 Stonebridge St Pune Gujarat	India
S3-002111	Goldleaf, Motors Priate Limited	202 Ironwood Mn, Indore, 556600	IN
S3-002260	Lantern	374 Silverline St, Cobalt Park, Peoria, TX	US
S3-005110	Consultanc ySunstone LLC	30 Goldleaf Road, Akron, CA, 89471	United States
S3-005982	Orchid, Chemicals Private Limited	68 Kestrel Marg, Bluepeak Nagar, oimbatore, Maharashtra	India
S3-008382	Verex Services Limited Liability Company	23 Redwood Drive, Quarry Park, WA, 53488, Mobile	USA
S3-006486	Northggate, Electricals Inc	25/1 Apex Road, Peoria, TX	USA
S3-005961	Thistle Goldleaf Texiles	184 Stonebridge St, Fresno, IL, 91041	US
S3-005233	Harbo rNorthgate Foods Pvt Ltd	130 Redwood Street, Coimbatore, 667759	India
S3-006955	Ironwood P Ltd	185 Quarry St, Maplecrest Park, Coimbatore, 70621	US
S3-008479	Stonebridge, Goldleaf Limited Liability Comapny	146 Bluepeak Avenue, Summit Park, Peoria, 54437	USA
S3-006243	Northgate Services Limited Liabilityy Company	60 Apex Drive, Northgate Park, Austin	US
S3-002076	Onyx Textiles Incorporated	10/2 Vertex Boulevard, Behind the Civic Center, Clearwater Park, Mobile, WA, 32614	United States
S3-007750	Summit Sloutions Ltd	66 Apex SStreet, Akron, CA, 85821	India
S3-007780	Silerline Electricals P Ltd	Sunstone Cross, Redwood Nagar, Surat, Maharashtra, 641799	India
S3-009137	Summmit Packaging Ltd	Onyx Nagar, Surat, Kerala, 191483, 12/81 Brightpath Marg	IN
S3-007339	Silverline Farbics Ltd	341 Cobalt Main, Cobalt Nagar, Pune, 848848	India
S3-002892	Meridian Textiles& Sons Company	305R edwood Road Tacoma WA 72889	US
S3-004888	Clearwater Kestrel Logistics & Sons P Ltd	Meridian Marg, Orchid Nagar, Indore, 747896	India
S3-008252	Meridin, Consultancy Pvt Ltd	Apex Nagar, Coimbatore, 990200, 374 Juniper Crs	IN
S3-000618	Bluepeak Silverine Fabrics	106 Ravenwood Mn, Lantern Nagar, Coimbatore, Tamil Nadu	India
S3-001886	Northgate Harbor Chemicals P Ltd	228 Onnyx Cross, Thistle Nagar, Surat, Kerala, 296340	India
S3-006514	Kestrel Logistics	367 Orchid Drive, Summit Park, Tacoma, WA, 8881	United States
S3-007291	Falocn Systems Inc	171 Summit Ave, Bluepeak Park, Lubbock, 31075	US
S3-003298	Stonebriidge Trading	281 Summit Rd, Clearater Nagar, Indore	India
S3-001278	Bluepeak Harbor Packaging and Sons Corporation	86 Sunstone Rooad, Akron, CA	US
S3-006036	Iroonwood Foods	136 Brightpath Crs, Harbor Nagar, Indore, 514756	IN
S3-009002	Ironwood Thistle Services Private Limmited	108 Northgate Marg, Opp. Bus Depot, Surat	India
S3-008100	Kestrel P td	Opp. Bus Depot, 357 Vertex Road, Kestrel Nagar, Pune, 328465	IN
S3-006643	Quarry Thistle Logistics Corporation	Sunstone Avenue, Mobile, TX, 34092	USA
S3-006154	Thistle Logistics	159 Cobalt Road, Meridian Nagar, Indore	India
S3-007035	Lantern, Enterprises CCo	34/6 5Kestrel Road, Meridian Park, Fresno, IL	United States
S3-001537	Qaurry Fabrics	Brightpath Road, Goldleaf Park, Mobile	US
S3-005081	Onyx Harbor Industries & Sons Company	Near Exit 14, 288 Nrthgate Road, Austin, CA, 26661, Silverline Park	US
S3-004508	Stoebridge Bluepeak Foods	86 Northgate Main, Opp. Bus Depot, Surat, Tamil Nadu	IN
S3-004241	Silverlline Chemicals Incorporated	375 Ravenwood Avenue, Peoria, OH	USA
S3-006990	Juniper and Sons Incorporated	318 Brightpath Main Meridian Nagar Peoria 867731	India
S3-001874	Kestrel, Corporattion	385 Quarry Road, Northgate Park, Lubbock, 65539	USA
S3-002181	Vertex, Packaging	127 Meridian Road, Onyx Park, Akron, CA	USA
S3-004565	Falcon Ravenwood Solutions Priivate Limited	184 Goldleaf Marg, Near Metro Pillar 42, Redwood Nagar, Indore, 689167	India
S3-003755	Smumit, Maplecrest Services and Sons LLC	Maplecrest Boulevard, Quarry Park, Austin, 74962	USA
S3-004965	Nothgate, Trading  and Sons P Ltd	Behind Ganesh Temple, 349 Quarry Street, Bluepeak Nagra, Coimbatore, Tamil Nadu, 437497	IN
S3-006138	Junpier Solutions Corp	Clearwater Street, Opp. City Library, Lantern Park, Tacoma	US
S3-001570	Silverline Limited Liabiility Company	45 Maplcrest Ave, Silverline Park, Mobile, OH, 99386	USA
S3-008392	Apex Summit Systems Limited Liability  Company	Behidn Ganesh Temple, 20 Thistle Cross, Peoria	IN
S3-001763	Bluepeak Logistics LLLC	173 Meridian Drive, Kestrel Park, Mobile, 55477	US
S3-002534	Cobalt Fodos & Sons Ltd	194 Ironwood Road, Coimbatore, MP, 864345	India
S3-000793	Cobalt Textiles & Sons P Ltd	186 Quarry Street, Indore	India
S3-007176	Goldlaf, Textiles Limited Liability Company	57 Kestrel Dr, Silverline Park, Fresno	USA
S3-008210	Northgate	341 Summit Rd, Onyx Nagar, Jaipur, Kerala, 163730	IN
S3-008486	Orchid Corporation	9/55 Meridian Crs, Juniper Nagar, Jaipur, Rajasthan, 372508	USA
S3-004081	Meridian Systems Ltd	396 Ironwood Crs Juniper Nagar Nagpur Kerala 644086	IN
S3-004189	Lantern Trading Kestrel Pirvate Limited	320 Silverline Marg, Juniper Nagar, Nagpur, Rajasthan, 857052	IN
S3-003478	Orchid Motors LLC	264 Cobalt Blvd, Orchid Park, Tacoma, TX, 16231, Near Exit 14	USA
S3-008873	Lantern	68 Juniper Rd, Maplecrest Park, Tacoma, WA	USA
S3-008120	Silverline Motors	188 Quarry Marg, Jaipur, 418873	India
S3-007558	Cobalt Industries Ltd	233 Sunstone Ave, Brightpath Park, Austin, OH, 30401	India
S3-003568	Cobalt P Ltd	219 Meridian Rd Goldleaf Nagar Nagpur 791422	India
S3-001146	Stonebridge Services Incorporated	192 Orchid Avenue, Tacoma, IL, 25485	USA
S3-005952	Logistics Thistle Apex Incorporated	Near Exit 14, 348 Quarry Avenue, Juniper Park, Fresno, CA, 16255	United States
S3-007569	Falcoon Foods Limited Liability Company	232 Falcon Rd, Cobalt Nagar, Near Metro Pillar 42, Coimbatore, Gujarat, 432083	USA
S3-003216	Meridian Limited	336 Harbor Cross, Ravenwood Nagar, Nagpur, Gujarat, 678878	India
S3-004804	Summit Redwood Solutiions Limited	Behind Ganesh Temple, 243 Silverline Marg, Coimbatore, Gujarat, 838954	IN
S3-007983	Thistle Summit Incorporated	251 Bluepeak Boulevard, Maplecrest Park, Mobile, CA, 76891	USA
S3-001284	Juniper hhemicals Private Limited	Summit Rd Kestrel Nagar Surat 506826	IN
S3-007022	Thistle Foods P Ltd	376 Meridian Main, Clearwater Nagar, Nagpur, 566314	India
S3-004361	Cobalt Logistic Pvt Ltd	Near Metro Pillar 42 119 Cobalt Marg Nrthgate Nagar Pune 695792	IN
S3-005359	Textiles, Silverline Harbor  PLtd	105 Goldleaf Main, Quarry Nagar, Jaipur, Kerala	India
S3-000201	Goldleaf, Onyx Fabrics Co	132 Cobalt St, Fresno, 57289	USA
S3-008028	Northgate Vertex Motors	338 Cobalt Street, Behind the Civic Center, Peoria, OH, 12019	India
S3-006757	Sunstone Chemicals Corporatoin	4 Falcon St Peoria AL 21025	US
S3-003151	Brightpath, Chemicals P Ltd	101 Kestrel St, Quarry Nagar, Pune	IN
S3-007647	Ironwood Kestrel Chemicals Privtae Limited	Behind Ganesh Temple, 280 Clearwtaer Street, Summit Nagar, Indore, Gujarat, 410965	IN
S3-006703	Quarry Lantern Consultacy	218 Sunstone Rd, Ironwood Park, Austin, TX	United States
S3-003157	Redwood Harbo Pvt Ltd	110 Lantern Crs, Coimbatore, Maharashtra, 211510	India
S3-001151	Orchid Trading & Sons Ltd	280 Meridian St, Orchid Nagar, Jaipur	India
S3-007319	Falcon Trading Pvt Ltd	161 Falcon Street Surat Rajasthan	IN
S3-004995	Bluepeak & Snos LLC	Kestrel St Mobile CA 19546	US
S3-007132	Harbor Industries P Ltd	10 Juniper Street, Apex Nagar, Coimbatore, 179820	IN
S3-008246	Summit Fabrics Limited Liabbility Company	331 Northgate Ave, Harbor Park, Near Exit 14, Fresno, 88918	United States
S3-004829	Cobalt Trading	272 Falcon Avenue, Opp. City Library, Falcon Park, Fresno, TX	United States
S3-002154	Brihgtpath Trading Pvt Ltd	Near SBI ATM, 128 Cobalt Crs, Apex Nagar, Surat, Kerala, 107116	India
S3-007185	Thistle Cobalt Enterprises anddd Sons Inc	Northgate Park, Peoria, Clearwater Street	US
S3-002487	Trrading Onyx Pvt Ltd	Vertex Nagar Kochi Rajasthan 168 Brightpath Marg	IN
S3-009086	Quarry Etnerprises Ltd	198 Summit Marg, Thistle Nagar, Coimbatore, 390749	IN
S3-003895	Vertex Foods	95 Silverline Road Indore Tamil Nadu 573212	India
S3-002440	Cobalt Textiles Limitd	Behind Ganesh Temple, 124 Clearwater Street, Surat, Gujarat, 224463	IN
S3-001036	Lantern Foods & Sons	151 Falcon Dr, Apex Park, Austin, WA, 98543	USA
S3-000417	Harbor Tradingg oC	391 Brightpath Boulevard, Lantern Park, Tacoma, 74507	US
S3-000521	Redwood Rewood Chemicals P Ltd	148 Thistle Mn, Orchid Nagar, Nagpur, MP, 255742	India
S3-008302	Bluepeak, Pv Ltd	351 Ironwood Rd, Jaipur, Rajasthan, 754921	India
S3-008224	Thistle Fabrics Co	17 Brightpath Drivve, Orchid Park, Tacoma, IL, 72079	US
S3-003682	Maplecrest Tradng	22/30 Vertex St, Nagpur, Gujarat, 502648	IN
S3-008788	Stonebridge	101 Kestrel Street, Indore, 961491	India
S3-000647	Bluepeak Textiles	338 Falcon St, Cobalt Nagar, Jaipur, Kerala, 885528	India
S3-004295	Cobalt Trading Limited	Kestrel Road, Jaipur, Kerala, 113961	IN
S3-003444	Stonebridge Packaging Limited	366 Northgate Crs Vertex Nagar Kochi	IN
S3-008871	Onyx Fabrics Privaate Limited	181 Maplecrest Mn, Kochi, Kerala, 246462	India
S3-003975	Vertex Enterprises and Sons Ltd	343 Goldleaf Crs, Pune, 211257	IN
S3-001451	Falcon Trading Corp	246 Goldleaf St, Silverline Park, Akron, IL, 84191	United States
S3-008889	Ravenwood Kestrel Fbarics	93 Brightpath St, Juniper Nagar, Fresno, 464167	IN
S3-003856	Ape Ironwood Limited	307 Onyx MargP une Rajasthan	IN
S3-005852	Brightpath Bluepeak Ltd	347 Lantern Road, Ravenwood Nagar, Indore, Keralla, 265808	IN
S3-003567	Vertex,  Consultancy and Sons Corp	Opp. City Library, 188 Ironwood Boulevard, Ironwood Park, Peoria	United States
S3-008784	Falcon & Sosn Inc	216 Harboor Drive, Akron, 49623	US
S3-008841	Harbor Systems  LLC	59 Orchid St, Sunstone Park, Opp. City Librray, Lubbock, 32601	USA
S3-001883	Thistl, eCorp	396 Northgate Dr, Fresno, H, 65027	United States
S3-009203	Industriies Juniper Ltd	Near SBI ATM, 269 Falccon Cross, Maplecrest Nagar, Jaipur, 912001	IN
S3-006872	Apex Logistics P Ltd	40 Onyx Rd, Kestrel Nagar, Surat, Maharashtra	India
S3-004611	Motors and Sonns Limited	9/74 Cobalt Mn Northgate Nagar Surat 306017	IN
S3-003092	QuarryT rading & Sons rivate Limited	286 CClearwater St Surat Tamil Nadu 639362	India
S3-002787	Orchid, Onyx ConsultancyPrivate Limited	276 Thistle Mn Apex Nagar Nagpur Kerala 546944	India
S3-005339	Norhtgatte P Ltd	14 Ironwood Crs, Near SBI ATM, Maplecrest Nagar, Indore, Gujarat, 447905	IN
S3-005470	Ionwood, Services Pvt Ltd	320 Brightpath Mn, Juniper Nagar, Nagpur, Gujarat, 882041	IN
S3-005021	Silverline Motors Inc	351 Ravenwood Street, Silverline Park, Tacoma, 97410	USA
S3-007784	Redwoood, Sysetms	90 Bluepeak Street,L ubbock, 20945	USA
S3-007286	Lantern Fabrics&  Sons Pvt Ltd	185 Maplecrest Marg, Redwood Nagar, Nagpur, Rajasthan, 424932	IN
S3-009187	Sunstone Motors P Ltd	102 Goldleaf Cross, Nagpur, Kestrel Nagar	IN
S3-001620	Thstl eand Sons	124 Brightpath St, Coimbatore, Keraa	India
S3-002696	Industries Ironwoo Quarry Inc	289 Ironwood Street, Cobalt Parkk, Austin, TX, 59972	USA
S3-005854	Redwood Foosd Ltd	369 Quarry Mn, Kestrel Nagar, Surat	IN
S3-000058	Meridian Foods	184 Maplecrest Street Quarry Nagar Indore Gujarat	India
S3-001770	Harbor Corporation	303 Summit Blvd, Behind the Civic Center, Austin, 52308	United States
S3-001296	Thistle Electriacls Inc	12 Sunstone St, Vertex Park, Peoria, IL, 44260	United States
S3-001583	Clearwater Servicse Pvt Ltd	Sunstone Main, Harbor Nagar, Pune, Tamil Nadu, 545550	IN
S3-005137	Clearwater Motors & Sons Co	Bluepeak Drive, Bluepeka Park, Austin, OH, 38113	US
S3-003096	Juniper Electricals Limited Liaility Company	187 Summit Avenue, Harbor Park, Lubbock, TX	US
S3-001858	Juniper Motors and Sons Limited Liability Company	327 Harbor Rd, Onyx Park, Akron, 95024	USA
S3-006103	Trading Falcon	219 Apex Boulevard Opp. City Library Maplecrest Park Austin AL 32603	USA
S3-000002	SilverlineBluepeak Chemicals	Ravenwood Road, Cobalt Nagar, Pune, Kerala, 173404	IN
S3-002140	Redwood Packaging Company	Near Exit 14 316 Falcon Rd Onyx Park Tacoma AL 64031	United States
S3-001903	Bluepeak and Sons nc	298 Harbor Drive, Bluepeak Park, Lubbock, OH, 47609	USA
S3-008673	Onyx,  Motors	266 Ironwood Avenue, resno, CA, 54588	US
S3-006073	Kesstrel Packaging Inc	383 Lantern Drive, Maplecrest Park, Peoria, TX, 36538	United States
S3-006229	Northgate Chemicals	13 Falcon Blvd, Austin	United States
S3-004760	Clearwater Indutsries Corporation	13 Lantern Road, Peoria, CA	United States
S3-001444	Northgate, Stonebridge Consultancy	315 Silverline St, Summit Nagar, Coimbatore, Maharashtra	India
S3-007564	Bluepeak Ironwood Enterprises	295 Silverline St, Jaipur, Maharashtra	IN
S3-007299	Summmit P Ltd	329 Juniper Road Bluepeak Nagar Jaipur Tamil Nadu 769526	India
S3-000379	Clearwater, Stoenbridge	109 Juniper Rd, Ironwood Nagar, Kochi, 421869	India
S3-007125	Falcon Bluepeeak Motors and Sonns Co	39 3Cobalt Mn, Ironwood Nagar, Coimbatore, MP, 125329	United States
S3-004443	Bluepeak Packaging Innc	41 Goldleaf Dr, Goldleaf Park, Akron	USA
S3-003835	Brightpath Quarry Private Limited	327 Quarry Main, Vertex Nagar, Pune, 460029	IN
S3-006260	Stoonebridge orthgate Corporation	270 Redwood Avenue, Opp. City Library, Goldleaf Park, Tacoma, IL, 91942	USA
S3-007023	Brightpath Kestrel Services Pvt Ltd	371 Harbor Cross, Quarry Nagar, Surat, 993719	IN
S3-007112	ThistleL antern Industries	355 Cobalt Main, Northgate Nagar, Kochi, 428964	India
S3-004035	Ironwood Stonebridge Services Inc	202 Sunstone Road, Cobalt Park, Austin, 34352	USA
S3-008816	Ironwood Consultancy Corporation	120 Brightpath Cr Vertex Nagar Akron Kerala	India
S3-001410	Vertex Kestrel Fabrics and ons Private Limited	260 Stonebridge Cross, Surat, MP, 306621	IN
S3-002259	Maplecrest Goldleaf Services P Ltd	1 Bluepeak Cross, Coimbatore, Tamil Nadu, 664273	IN
S3-003361	Sysetms Quarry & Sons	238 Stonebridge Road, Peoria	USA
S3-006391	Meridian Chemicals and Sons	108 Harbor Marg, Ravenwood Nagar, Kochi, Rajastha, 682712	India
S3-001390	Harbor Company	144 Orchid Drive, Harbor Park, Lubbock, 11983	USA
S3-007391	Onnyx Fabrics Inc	203 Summit Rd, Cobalt Park, CA, Lubbock	USA
S3-000719	Juuniper Co	299 Maplecrest Dr, Peoria	United States
S3-006771	Goldleaaf Packaging	Bluepeak Boulevard, Meridian Park, Austin, TX, 29487	USA
S3-005269	Apex Onyx Industries & Sons Pvt Ltd	258 Silverline Mn, Clearwater Nagar, Coimbatore, MP	IN
S3-005923	Orchid, Enterprisse	189 Redwood Crs Cobalt Nagar Surat Tamil Nadu 405432	India
S3-004131	Stonebridge Textiles P Ltd	Behind Ganesh Temple, Harbor Cross, Sunstone Nagar, Maharashtra, 631435, Surat	IN
S3-003140	Lantern Solutionns P Ltd	Falcon Marg Sunstone Nagar Pune	India
S3-005220	Ironwood	11 Onyx Avenue, Quarry Park, Akron	US
S3-004600	Goldleaf Enterprises & Sons	375 Clearwater Crs, Juniper Nagar, Coimbatore, 505457	India
S3-001705	Jniper Packaging Pvt Ltd	307 Ironwood Marg, Redwood Nagar, Jaipur, 769850	India
S3-006920	Goldelaf, Clearwater Electricals	Behind the Civic Center, 357 Redwood Avenue, Ravenwood Park, Mobile, TX, 58692	USA
S3-001869	Cobalt Cemicals	68 Falcon Drive, Bluepeak Park, Tacoma, IL, 13239	USA
S3-005597	Kestrel Consultancy Limited	12/3 Apex St, Sunstone Nagar, 189606, Kochi	IN
S3-006730	Ironwood Packaging Inc	47 Brightpath Drive, Austin	United States
S3-004382	Lantern Bluepeak oFods	171 Stonebridge Rd, Behind Ganesh Temple, Onyx Nagar, Surat, Maharashtra, 838716	IN
S3-000162	Sunsotne Motors Inc	107 Juniper Blvd, uAstin, AL, 91210	USA
S3-001354	Goldleaf, Quarry Enterprises Corp	100 Ironwood St, Tacoma, 71612	USA
S3-006335	Ironwood Systems P Ltd	64 Apex Rd, Near Metro Pillar 42, Summit Nagar, Surat, Maharashtra	IN
S3-006991	Lantern Privtae Limited	265 Stonebridge Marg, Maplecrest Nagar, Nagpur, Gujarat, 534285	India
S3-007833	Verttex, Industries	373 Lantern Cross, Nagpur, Tamil Nadu	IN
S3-009141	Thistle, Systems Limited Liability  Company	304 Quarry Boulevard, Sunstone Park, Mobile, WA, 26961	USA
S3-006320	Ravenwood Indutries	154 Lantern Marg, Juniper Naga,r Indore, Rajasthan, 133040	India
S3-003793	Onyx Services Harbor Incorporated	Apex Ave Akron 26648	US
S3-001638	Maplecrst	206 Apex Marg, Cobalt Nagar, Surat, Gujarat	India
S3-001161	Cobalt and Sons Pt Ltd	Lantern Main, Sunstone Nagar, Kochi, Gujarat	India
S3-003197	Meridian NorthgateF oods Pvt Ltd	54 Northgate Main, Near SBI ATM, NNorthgate Nagar, Jaipur, Kerala, 287204	IN
S3-000602	Ravennwood Trading	193 Goldleaf Cross, Kochi, Tamil Nadu	India
S3-006788	Onyx CCorp	Near Exit 14 64 Vertex Ave Summit Park Peoria 38530	US
S3-001969	Ravenwood Packaging Corp	74 Ravenwood Street Meridian Park Mobile 11647	US
S3-002996	Northgate Industries Ltd	7/2 Juniper Marg, Surat, Gujarat, 518113	India
S3-007722	Maplecrest Foods Co	244 Falcon Street, Opp. City Library, Kestrel Park, Fresno, OH	United States
S3-001437	Redwood Trading Incroporated	74 Apex Dr, Behind the CivicC enter, Clearwater Park, Austin, CA	United States
S3-009154	Maplecrest	330 Maplecrest Blvd, Behind the Civic Center, Akron, TX, 49969	USA
S3-001272	Bluepeak Enterprises Pvt Ltd	289 Brightpath Street, Opp. Bus Depoot, Meridian Nagar, Coimbatore, Maharashtra, 436003	India
S3-000538	Vertex Packaging Pvt Ltd	184 Brightpath Rd, Meeridian Nagar, Nagpur, 763521	India
S3-001942	Northgate, Private Limited	Quarry Marg Sunstone Nagar Pune	India
S3-002966	Orchid Onyx Logistics Private Limited	266 Clearwater St, Clearwater Nagar, Kochi, Kerala	India
S3-006027	Onyx Quarry Electricals Pvt LLtd	102 Apex Mn Vertex Nagar Pune Kerala 599226	IN
S3-000477	Apex Electricals Pvt Ldt	200 Apex Main, Kochi, 541208	India
S3-002765	Onyx, Consultancy Company	218 Northgate Avenue, Harbor Park, Akron	US
S3-000034	Logistics Lanntern Inc	397 Redwood Street, Onyx Park, Lubbock, AL	USA
S3-007060	Thistle Solutions	20/13 Norhgate Rd, Redwood Park, Akron, OH, 57999	United States
S3-005366	Clearwater, Sunstone Trading Corp	18 Orchid Road Ironwood Park 11533 Mobile	United States
S3-000656	Redwood Pvt tLd	295 Redwood Mn, Juniper Nagar, Indore, 370907	IN
S3-000803	Textiles Ravenwood Private Limited	181 Bluepeak Crs, Bluepeak Nagar, Nagpur, Kerala	IN
S3-003105	Stonebridge Logistics P Ltd	Opp. Bus Depot, 376 Redwood Crs, Kestrel Nagar, Coimbatore, 322546	India
S3-008854	Harrbor Trading Pvt Ltd	137 Cobalt Mn Kestrel Nagar Pune Gujarat 668226	IN
S3-007788	Thistle Chemicals & Sons  Company	326 HHarbor St Juniper Park Akron AL 28019	US
S3-000561	Clearwater Services P Ltd	Cobalt Marg Sunstone Nagar Pune 157530	IN
S3-001386	Juniper Enterprises && Sons Ltd	186 Sunstone Marg, Near Metro Pillar 42, Summit Nagar, Jaipur	India
S3-000326	Ravenwood, Motors Corp	340 Vertex Ave Juniper Park Akron IL 44801	USA
S3-005647	Redwood Industries Private Limied	Near Metro Pillar 42, 261 Northgate St, Sunstone Nagar, Jaipur, Tamil Nadu	India
S3-000355	Juniper and Sonns Inc	Redwood Ave, Apex Park, Tacoma, CA	US
S3-007546	System sCorporation	255 Redwoodd Ave, Harbor Park, Akron	USA
S3-008456	Redwoo Stonebridge	44 Suummit Dr, Lubbock	United States
S3-003354	Redwood Sysstems Corp	358 Orchid Dr Tacoma	USA
S3-004617	Orchid Logstics Limited Liability Company	398 Summit Road Sunstone Paark Opp. City Library Austin 79805	United States
S3-001030	Maplecrest Tradinga n dSons P Ltd	244 Vertex Mn Onyx Nagar Behind Ganesh Temple Nagpur 619775	India
S3-001787	Electricals rOchid Inccorporated	217 Silverline Road, Harbor Park, Fresno, TX, 21934	United States
S3-001168	Onyx Vertex & Sons Limited	Indore, 235675 ,282 Harbor Rd	IN
S3-000408	Goldleaf	108 Vertex Blvd, Apex Park, Akron, 47993	US
S3-004828	Cobalt Trading Limited Liability Company	246 Harbor Road, Opp. City Library, Orchid Park, Fresno	US
S3-008759	Ravenwood Fabrics	123 Summit Road Kestrel Nagar Jaippur 634926	IN
S3-002974	Ironwood Chemicaals	178 Kestrel Marg, Indore, 650817	IN
S3-002474	Cobalt extiles Private Limited	102 Apex Marg, Silverline Nagar, Pune, Kerala	India
S3-006885	Maplecrest Electricals Pvt Ltd	Near Exit 14, 383 Goldleaf Boulevard, Fresno, AL, 14952	IN
S3-000911	Maplecrest Textlies Pvt Ltd	106 Sunstone Mn Orchid Nagar Pune 432233	India
S3-004264	Falcon Orchid Tradinng	116 Orchid Rd, Ravenwood Nagar, Pune, 608403	India
S3-008971	Redwood Co	35 Ironwood Avenue, Cobalt Park, Austin	United States
S3-006969	Cobalt Logistics Incorporated	22/47 Clearwater St, Near Exit 14, Stonebridge Park, Tacoma, 78208, OH	US
S3-004479	Chemicals, Kestrel Bluepeak P Ltd	195 Onyx Mn, Northgate Nagar, Surat, 534704	India
S3-006046	Juniper LLC	122 Kestrel St, Silverline Park, Fresno, TX	USA
S3-005088	Redwood, Harbor Systems LLC	216 Apex Ave, Summit Park, Mobile, AL, 43174	USA
S3-009184	Onyx Thistle Limited Liability Company	Apex Rd, Cobalt Park, Lubbock, AL, 70326	USA
S3-000594	Brightpath Apex Fabrics & Sons Pvt Ltd	13 Sttonebridge Main, Jaipur, Maharashtra, 856509	India
S3-002981	Foods Faclon Sunstone Co	154 Maplecrest Blvd, Kestrel Park, Austin, WA, 991782	US
S3-002337	Stonebrie Foods Limited	369 Northgate Main Orchid Nagar Kochi Gujarat	India
S3-008672	Stonebridge Logistcs	Quarry Cross Falcon Nagar Indore 719468	IN
S3-009231	Falcon Private Limied	7 Summit Blvd, Bluepeak Park, Nagpur,88632	USA
S3-002216	Ravenwood Harbo rPackaging Coorporation	178 Onyx Street Redwood Park Peoria 21840	United States
S3-008748	Services, Vertex Private Limited	225 Thistle Cross, Cobalt Nagar, Surat, 730871	IN
S3-002483	Cobatl Inc	Juniper St Apex Parrk Peoria WA	USA
S3-005193	Maplecrest Summit Private Limmited	187 Ironwood Rd, Ironwood Nagar, Surat	IN
S3-005347	Facon Packaging P Ltd	295 Maplecrest Crs, Clearwater Nagar, Jaipur	IN
S3-005822	Redwood Cobalt Foods and Sons	367 Ironwood Street, Maplecrest Park, Mobile, IL, 12519	United States
S3-003372	Electricals Ironwood Thistle Corp	Behind the Civic Center, 65 Thistle Road, Harbor Park, Akron, OH, 55183	United States
S3-003807	Silverline	142 Clearwater Crs, Brightpath Nagar, Pune, 119253	IN
S3-001796	Stonebridge, andS ons Pvtt Ltd	56 Bluepeak Mn, Surat, ujarat, 383275	India
S3-004730	Ravenwood	64 Cobalt Dr Ironwood Par kAustin IL 99385	USA
S3-007550	Quarry, Servvices Corp	19/63 Vertex Dr, Opp. City Library, Fresno, 45375	USA
S3-005667	Thistle Services	230 Silverline St, Near Exit 14, Peoria, WA	US
S3-002769	Goldleaf Electrical Limited	260 Brightpath Cross, Falcon Nagar, Surat, Tamil Nadu	India
S3-004248	Kestrel Fabrics Co	Redwood Rd, Clearwater Park, Austin, 63707	USA
S3-006445	Aepx	378 Summit Street, Stonebridge Nagar, Pune, Gujarat, 639600	IN
S3-001164	Foods Inc	Behind the Civic Center, 25 Apex Rd, Onyx Park, Fresno, OH, 50738	US
S3-000497	Meridian, Pvt Ltd	354 Meridian St Silverline Nagar Indore 326953	IN
S3-007851	Maplecrest, Enterprises Limited	82 Ironwood Marg, Indore, 879700	IN
S3-007968	Harbor Logistics Limited	8/79 Ironwood St, Northgate Nagar, Jaipur, Rajasthan	India
S3-007011	Cobal Trading Inc	Behind the Civic Center, 127 Maplecrest Boulevard, Cobalt Park, Lubbock, C,A 84652	USA
S3-003758	Quarry Fabrics Ltd	76 Onyx Cross, Summit Nagar, Coimbatore, Tamil Nadu	India
S3-003763	Maplecrest  Services LLC	132 Northgate Road, Bluepeak Park, Peoria, CA, 35512	United States
S3-006970	Cobalt Quarry Packagingg Co	234 Silverline AAvenue, Lubbock, AL	United States
S3-002389	Thisle Packaging Co	Onyx St, Lubbock, 12310	United States
S3-007531	Consultancy Maplecrest Private Limited	335 Sunstone Marg, Summit Nagar, Surat, Tamil Nadu, 769996	IN
S3-008906	Oynx Trading LLC	100 Orchid Crs, Peoria, Kerala, 814382	India
S3-003631	Harbor Textiles Limied	197 Cobalt Street, Brightpath Nagar, Surat, 204630	India
S3-004230	Systems Orchid Limitde	79 Redwood Marg Lantern Nagar Indore 173596	India
S3-006217	Thistle Services  Sons LLC	4/12 Northgate Boulevard, Quarry Park, Fresno, 30524	United States
S3-006882	Meridan OnyxLogistics P Ltd	Near Metro Pillar 42, KestrelMn, Jaipur, 171320	India
S3-006895	Maplereest	15/70 Orchid Marg, Opp. Bus Depot, Jaipur, 604885, Onyx Nagar	India
S3-007376	Northgate Systems Private Limited	193 Sunstone Mn, Juniper Nagar, Near SBI ATM, Surat, Rajasthan, 503044	IN
S3-005806	Redwood Electricals Pvt Ltd	164 CobaltC rs Quarry Nagar Jaipur Maharashtra 841911	India
S3-006830	Kestrel Electricals Co	194 Brghtpath Street, Summit Park, Opp. City Library, Akron	United States
S3-008268	Stonebridge  Foods Pvt Ltd	320 Meridin Cross Quarry Nagar Indore 479828	IN
S3-004575	Harbor Consultancy & Sons Company	74 Goldleaf Street, Onyx Park, Austin, CA, 95282	US
S3-004014	Motors, Thistle Clearwater & Sons Pvt Ltd	Lantern Cross Vertex Nagar Kochi MP 165246	IN
S3-006528	Faalcon, Lantern Electricals P Ltd	15 Bluepeak Marg, Thistle aNgar, Pune, Kerala	India
S3-008830	Harbor Limited Liability Compnay	317 Cobalt Drive, Clearwater Park, Mobile, WA	United States
S3-001738	StonebridgeChemicals LLC	Near Exit 14, 353Quarry Dr, Fresno	US
S3-004421	Services Orchid Ltd	136 Redwood Street, Juniper Nagar, Surat, MP	India
S3-004585	Kertel Inc	298 Vertex Blvd, Stonebridge ark, Opp. City Library, Peoria, CA	US
S3-001080	Onyx	321 Thistle Cross, Opp. Bus Depot, Pune, Maharashtra, 251340	IN
S3-001612	Ironowod Services	Behind Ganesh Temple, 95 Ironwood Street, Jaipur, Rajasthan, 118025	IN
S3-008884	Summit Cobalt Limited Liability Company	164 Falcon Marg Coimbatore Rajasthan 366845	USA
S3-007104	Harbor Logisstics and Sons Incorproated	37/68 Falcon Street, 48517, Fresno	US
S3-004984	Juniepr Orchhid	Vertex St, Onyx Park, Mobile, WA, 55877	US
S3-001208	Blueeak Lantern Fabrics Private Limited	103 Bluepeak Cross, Surat, Maharashtra, 268804	IN
S3-006455	Vertex Solutions Corp	93 Redwood Avenue, Cobalt Park, Near Exit 14, Austin, AL	USA
S3-004287	Ravenwood Industries Inc	352 Silverline Drive, Austin, 28347	US
S3-005464	Harbor Stonebridge Foods Inc	20/18 Bluepeak Ave, aFlcon Park, Austin, 32606	USA
S3-002797	Falcon ConsultancyL LC	Summit Dr, Vertex Park, Fresno, AL	US
S3-002121	Fabrics Harbor Incorpoated	Juniper Boulevard, Redwood Park, Fresno, OH, 67817	USA
S3-001125	Orchid Fabrcs P  Ltd	39 Goldleaf Marg, Goldleaf Nagar, Kochi	India
S3-008567	Redwood, Corporration	178 Clearwater St, Behind Ganesh Tempple, Nagpur, Kerala, 930806	US
S3-003957	Thistle Systems Private Limited	360 Maplecrest Marg Coimbatore Tamil Nadu 117169	IN
S3-008394	Meridian Quarry Electricals	179 Summit St, Apex Nagar, Indore, Maharashtra	India
S3-008576	Silverline Logitsics	145 Sunstone Road Kochi Rajasthan	IN
S3-000365	Vertex Packaging and Sons P Ltd	67 Sunstone Main, Northgate Nagar, Pune, 393010	India
S3-007450	Electricals Silverline Summmit & Sons Limited Liability Company	Vertex Dr, Lubbock, 41292	USA
S3-000204	Stonebridge, & Sonss Limited	372 Kestrel Crs Harbor Nagar Pune	IN
S3-003449	Thistle Kestrel Consultancy LLC	11/52 Stonebridge Rd Apex Park Peoria 70874	USA
S3-003334	Ketrel Foods and Sons Corp	147 Falcon Avenue, Opp. City Librar,y Mobile, IL, 12211	United States
S3-003928	Bluepeak Cheemicals	83 Clearwater Mn, Ravenwood Nagar, Coimbatore	India
S3-006800	Vertex Silverline Systems	Behind the Civic Center, 155 Harbor Ave, Thistle Park, Mobile, TX, 40069	USA
S3-002826	Northgate Trading P Ltd	179 Redwood Cross, Nagpur	India
S3-004906	Brightpath Orcid Enterprises Inc	355 Bluepeak Ave Redwood Park Peoria TX	USA
S3-005228	Kestrel Fabrics P Ltd	4 Juniper St, Pune	India
S3-002081	Sunstone Chemicaals Private Limited	324 Vertex Rd, Cobalt Nagar, Coimbatore, Maharashtra, 655339	IN
S3-006492	Northgate, Packaging & Sons Privae Limited	301 Apex Marg, Stonebridge Nagar, Surat, 978587	India
S3-001336	Silverline Services Ltd	Brightpath Cross, Lantern Nagar, Jaipur	India
S3-007792	Snstone	226 Thistle Boulevard, Austin, OH, 79614	India
S3-006902	Logistics Orchid Pvt Ltd	125 Juniper Mn, Nagpur, Tamil Nadu, 100624	IN
S3-007852	Juniper Fabrics LLC	359 Apex Boulevard, Tacoma	USA
S3-002643	Summiit Private Limited	319 Bluepeak Rd, Redwood Nagar, Kochi, 920158	India
S3-004872	Juniper Fabrics Private Lmited	95 Cobalt Marg, Ravenwood Nagar, Indore, Gujarat	India
S3-003142	Cobalt Fods P Ltd	59 Sunstone Crs Indore MP	IN
S3-003581	Norrthgate, Ravenwood Enterprises Inc	Maplecrest Road, Meridian Park, Austin, AL, 27827	US
S3-000237	Maplecrest Industries P Ltd	28/20 Bluepeak Rd, Onyx Nagar, Opp. Bus Depot, Indore, Gujarat, 567931	India
S3-006015	Industries, Sunstone Corpooration	285 Kestrel Blvd Orchid Park Behind the Civic Center Fresno TX 43133	US
S3-003350	Clearwaterr Lantern Logistics Incorporated	381 Bluepeak Drive, Ravenwood Park, Opp. City Library, Peoria, OH, 29758	USA
S3-002302	Redwood Fabrics Limited	298 Quarry Marg, Bluepeak Nagar, Pune, 961241	India
S3-005587	Silverilne	124 Silverline Ave, Sunstone Park, TX, Akron	United States
S3-007381	Cobalt Logistics Incorporated	Behind the Civic Center, 166 Juniper Street,P eoria, TX, 73615	USA
S3-003582	Orchid and Sons Pvt Ltd	34 Onyx Street, Silverline Nagar, Surat, 941522, Rajasthan	India
S3-004762	Haarbor Consultancy and Sons Pvt Ltd	382 Kestrel St, Kestrel Nagar, Pune, 545207	IN
S3-005892	Verex Onyx & Sons Company	332 Goldleaf St Summit Park Mobile	USA
S3-004247	Redwood Northgate Packaging Pv Ltd	114 Falcon Street, Kochi, Kerala	India
S3-009228	Bluepeak Industries LLC	104 Falcon Rd,C obalt Park, Fresno, 27079	US
S3-007249	Merriidian	322 Ironwood Street, Surat, WA, 4617	US
S3-006126	Cobalt, CChemicals Limited	346 Sunstone Road, Clearwater Nagar, Pune, Kerala	India
S3-004307	Thiistle Ravenwood	28 Redwodo Rd, Lantern Park, Mobile, IL	USA
S3-004278	Bluepeak Trading Limited	76 Orchid Crs Brightpath Nagar Jaipur 685421	India
S3-000710	Kestrel Fabrics LLC	95 Vertex Road, Northgate Park, Austin, OH, 35406	United States
S3-008362	Falcon T extiles Private Limited	173 Meridian Dr, Kestrel Park, Mobile, 55477	IN
S3-005068	Brightpath Textile LLC	33/60 Ironwood Boulevard, Ravenwood Park, Mobile, 88218	US
S3-008548	KestrelP Ltd	Lantern Marg, Jaipur, Vertex Ngaar	India
S3-003914	Cobalt Electricals P Ltd	Brightpath Marg Maplecrest Nagar Coimbatore	IN
S3-001332	Juniper, Packaging Inc	306 Redwood Boulevard Fresno 59689	United States
S3-005516	Raenwood Sunstone LLC	254 Brightpath Rd, Silverline Park, Fresno, 83631	US
S3-003428	Thistle Services & Sons Limited	Indore, 130655, 2 Juniper Street	India
S3-000488	Thistle Solutions	372 Summit  Main, Coimbatore, Gujarat	India
S3-007829	Ravenwod Consultancy P Ltd	38/30 Clearwater Dr, Brightpath Park, Pune, 84366	United States
S3-000238	Maplecrest nIudstries & Sons P Ltd	121 Quarry Marg, Keestrel Nagar, Indore, Tamil Nadu	India
S3-002768	HarborC, o	43 Juniper Avenue, Bluepeak Park, Austin, 66195	US
S3-005408	Maplecrest Industries Private Limited	Behind Ganesh Temple, 103 Silverline Crs, Falcon Nagar, Kochi, MP	IN
S3-008591	Lantern Electricals  Corporaiton	394 Thistle Rd, Juniper Park, Mobile, OH, 18308	United States
S3-002670	Clearwater Paackaging Inc	216 Juniper Blvd, Summit Park, Mobile, OH	USA
S3-003859	Bluepeak Fabrics Private Limited	10/63 Quarry Rd Lantern Nagar Nagpur Kerala	IN
S3-005314	Clearwater Redwood Texties Limited	Near Metro Pillar 42 51 Onyx Rd Ravenwood Nagar Surat Gujarat 514911	India
S3-006210	Chemicals Juniper IInc	239 Silverline St Orchid Park Fresno WA 63323	USA
S3-005395	Brightpath Services Co	168 Harbor Street, Lantern Park, Akron, AL	United States
S3-000374	Bluepeak Falcon Industries Private Limited	Behind Ganesh Temple, 356 Thistle Marg, Cobalt Nagar, Pune, 436694	IN
S3-003595	Falcon Ic	29/44 Thistle Boulevard, Lubbock, WA, 89086	United States
S3-003777	Onyx Goldleaf Incorporated	107 Kestrel Dr, Sunstone Park, Lubbock, 51998	USA
S3-006398	Harbor Solutions and Sons	Stnoebridge Street, Sunstone Nagar, Pune, 306914	India
S3-002933	Sunstone, Consultancy & Sons Pvt Ltd	372 Ironwood Street, Kestrel Nagar, Pune, 514470	India
S3-000882	Sunstonne Foods LLC	370 Maplecrest Boulevard, Sunstone Park, Lubbock	US
S3-008114	Orchid Enterpirses Inc	155 Goldleaf St, Falcon Park, Fresno	USA
S3-000290	Packaging Juniper Limited	357 Clearwater Crs Thistle Nagar Kochi Tamil Nadu 905964	India
S3-004711	Silverline Motors Coporation	299 Clearwater St, Fresno, WA	United States
S3-002589	Harbr Services LLC	Falcon Road, Onyx Park, Peoria, CA, 96710	United States
S3-008292	Ravenwood hCemicals and Sons LLC	Cobalt Park, Lubbock, 85750, 10 Silverline Rd	US
S3-007256	Thistle Industries P Ld	39/24 Stonebridge Street, Ironwood Nagar, Kochi	IN
S3-003397	Maplecres tHarbor Electricals P Ltd	Summit Rd, Harbor Nagar, Jaipur, Tamil Nadu	India
S3-002452	Goldleaf Inc	396 Northgate Ave, Ravenwood Park, Austin, CA, 25869	United States
S3-000016	Ravenwood Private Limtied	184 Redwood Main, Near Metro Pillar 42, Bluepeak Nagar, Jaipur, Kerala	IN
S3-006677	Maplecrest andSons Company	Opp. City Library, 278 Harbor Ave, Redwood Park, Austin, 98728	United States
S3-002980	Kestrel Silverrlin ePrivate Limited	373 Onyx Marg, Stonebridge Nagar, Pune, 310342	IN
S3-002811	Ape Services aand Sons Ltd	Stonebridge Mn, Meridian Nagar, Nagpur, Rajasthan, 321166	IN
S3-002870	Goldleaf Electricals Pvt td	154 Goldleaf Rd, Lantern Nagar, Nagpur, 894847	India
S3-004202	Enterprises Maplecrest and Sons P Ltd	264 Silverline Main Summit Nagar Kochi 346502	IN
S3-005940	Quarry Vertex Services Pvt Ltd	168 Vertex Marg, Orchid Nagar, Pune, Kerala, 508723	India
S3-003964	Falcn Apex	14/57 Meridian Blvd, Falcon Park, Austin, CA, 70974	US
S3-003025	Textiles Kestrel Thistle Pvt Ltd	105 Silverline St Quarry Nagar Opp. Bus Depot Nagpur	India
S3-003165	Apex Textiles Private Limited	103 Ravenwood St, Onyx Nagar, Indore, Rajasthan, 408028	India
S3-001126	Ravenwood Summit Electricals Limited	303 Thistle Marg, Kochi	India
S3-000399	Bluepeak PackagingCorporation	2668 Ironwood Street, Bluepeak Park, Mobile	United States
S3-002322	Orchid Enterprises and Sons nc	119 Sunstone Drive Ironwood Park Peoria	USA
S3-003027	Thistle Kestrel Pvt Ltd	80 Lantern Crs, Onyx Nagar, Kochi, Gujarat, 634394	India
S3-003530	Falcon, Packagig	29 Brightpath Drive, Brightpath Park, Peoria, OH, 29729	United States
S3-005709	Chemcals Juniper	99 Brightpath Blvd, Falcon Park, Lubbock, OH, 86047	United States
S3-005812	Stonebriddge Textiles Ltd	204 Apex Street, Kochi, MP, Vertex Nagar	India
S3-006633	Cbalt Services vPt Ltd	9 Falcon Cross, Pune	IN
S3-005739	Trading Falcon imited	234 Quarry St, Meridian Nagar, Surat, 613207, Rajasthan	IN
S3-004028	Quarry & Sons P Ld	263 Bluepeak St, Indore, Kerala, 507631	IN
S3-002661	Silverline Textiles PrivateLimiteed	223 Meridian Marg, Stonebridge Nagar, Coimbatore, Maharashtra	IN
S3-007329	Meidian, Meridian Logistics Ltd	Kestrel Cross, Juniper Nagar, Indore, MP, 553858	India
S3-008297	Sunstone Textiles Incorpoarted	244 Goldleaf Rd, Akron, OH	US
S3-004100	Brightpat Foods Incorporated	121 Meridian Ave, Maplecrest Park, Behind the Civic Center, Akron, WA, 34852	US
S3-001751	Kestrel Servvices Company	27/6 Silverline Drive Ravenwood Park Lubbock IL 80030	US
S3-000981	Vertex Innc	Opp. City Library 393 Falcon Blvd Lubbock OH 77720	USA
S3-004484	Packaging Sunstone Private Liimted	233 Quarry Marg, Vertex Nagar, Nagpur, Gujarat, 162011	India
S3-004657	Sunstone, Electricals Inc	Brightpath Dr, Clearwater Park, Near Exit 14, Peoria, TX, 59030	United States
S3-006202	Orcid Quarry Foods and Sons	Near Exit 14, 351 Lantern Bulevard, Clearwater Park, Lubbock, TX	United States
S3-004294	Summit, Ltd	Near SBI ATM, 253 Ironwood Marg, Goldleaf Nagar, Jaipur, Tamil Nadu, 661623	India
S3-001605	MotorsO rchid Private Limited	128 Summit Road, Silverline Nagar, Nagpur, 342882	IN
S3-003378	Northgate Electricals LLC	15/10 Maplecrest St, Northgate Park, 36371, Lubbock	US
S3-002845	Apex Foods Co	Behind the Civic Center Goldleaf Dr Summit Park Akron 34594	United States
S3-005529	Coablt Logistics Limited	1 Onyx Road, Near SBI ATM, Meridian Nagar, Pune, Kerala, 853755	IN
S3-000170	Stonebridge, Eectricals P  Ltd	Sunstone Road, Pune, 798305, Juuniper Nagar	India
S3-000432	Ironwood Limited Liability Company	186 Harbor Dr, Akroon, 22597	US
S3-006785	Ironwood Electricals & Sons Pvt LLtd	Near Metro Pillar 42 197 Meridian Rd Jaipur MP 541491	IN
S3-007227	Ravenwood Textiles	Quarry Mn, Lantern Nagar, Surat, Kerala	India
S3-006201	Orchid Quarry Foods Incorporated	351 Lantern Boulevard, Clearwater Park, Lubbock	USA
S3-000493	Goldleaf Services Inc	38 Cobalt Drive, Ravenwood Park, Austin	US
S3-003307	Vertex	339 Cobalt Crs, Onyx Nagar, Kochi, Maharashtra, Behind Ganesh Temple	India
S3-007046	Quarry Packaging Private iLmited	28 Stonebridge Mn, Cobalt Nagar, Coimbatore, Tamil Nadu, 802889	IN
S3-005063	Northgate Vertex LLC	Redwood Boulevard, Bluepeak Park, Fresno, TX	US
S3-007525	Meridian Serices & Sons	Behind Ganesh Temple 326 Harbor Rd Pune 389499	IN
S3-007244	Bluepeak Trading Pvt Ltd	29/66 Summit Cross, Jaipur, 573389	India
S3-003868	Onyx Electricals Pvt Ltd	126 Sunstone Road, Sunstone Nagar, Opp. Bus Depot, Pune, 690910	India
S3-003577	Redwood Consultancy Private Limited	187 Apex Rd, Kochi, Gujarat, 931017, Lantern Nagar	IN
S3-002937	Trading Stonebridge Vertex	Juniper Dr, Quarry Park, Akron, WA	USA
S3-003652	Thistle Co	170 Cobalt Rd Ravenwood Park Peoria OH 76737	US
S3-008488	Kestrell & Sons Corporation	74 Ravenwood St, Meridian Park, Mobile, 11647	USA
S3-002606	Brightpath Chemiicals Inc	176 Northgaet Avenue, Lubbock	US
S3-003836	Juniper Etnerprises and Sons	61 Onyx Marg, Apex Nagar, Coimbatore, 866401	India
S3-000487	Clearwater Electriccals Corporation	Opp. City Library, 214 Brightpath Avenue, Maplecrest Park, Akron, CA, 60749	US
S3-004708	Textiles & Sons Limited Liability Company	231 Golleaf Blvd Lubbock 99734	US
S3-006601	Redwood  Ironwood Services Co	Bluepeak Park, Akron, Orchid Avenue	USA
S3-007424	Rvaenwood Inc	209 Quarry St, Kestrel Nagar, Akron	India
S3-006694	Stonebridge Fabrics Pirvate Limited	Opp. Bus Depot, 311 Harbor Marg, Silverline Nagar, Pune, 346521	India
S3-003529	Packaging Falcon Company	29 Brightpath Drive, Brightpath Park, Peoria, OH	USA
S3-003521	Clearwater, Sollution P Ltd	12 Stonebridge Road, Harbor Nagar, Coimbatore, 138673	IN
S3-000241	Kesrtel Quarry Ltd	163 Orchid St, Onyx Nagar, Pune	IN
S3-006332	Clearawter Co	132 Cobalt Street, Onyx Park, Mobile, WA, 74399, Behind the Civic Center	United States
S3-004632	Lantern Chemials Incorporated	58 Northgate Avenue, Behind the Civic Center, Orchid Park, Lubbock, TX, 57139	United States
S3-000575	Falcon Foods Corporation	220 Quarry Avenue, Austin, WA, 67012	US
S3-007252	Ravenwood Logisticcs	217 Bluepeak Rd, Bluepeak Nagar, Surat, Rajasthan, 445585	India
S3-000123	Meridian Maplecrest Solutions Pvt Ltd	391 Maplecrest Marg Jaipur Kerala	IN
S3-009029	Falcon PrivateLiimited	114 Vertex Marg, Indore, Kerala	India
S3-004446	Apex Silverlnie Services Corp	Opp. City Library 35 Silverline Rd Clearwater Park Tacoma IL 69178	United States
S3-009043	Goldleaf Co	Sunstone Blvd, Akron, IL, 54057	USA
S3-009090	Goldleaf, Enterprises Ltd	Opp. City Library, Mobile, 24754, 306 Juniper Ave	India
S3-001784	Onyx Indusries & Sons Limited	70 Rewdood Main, Redwood Nagar, Surat, 285996	India
S3-005798	Clearwater Solutions Private Limited	70 Juniper Cross, Meridian Nagar, Near SBII ATM, Jaipur, 390912	India
S3-006257	Quarry Ravenwood Inc	Ravenwood Blvd, Tacoma, WA, 26769	United States
S3-007902	Consultacy	Clearwater Park Austin OH 55040 205 Falcon Rd	United States
S3-000535	Brighpath Foods Co	69 Summit St, Ironwood Park,Peoria, IL, 10732	US
S3-007869	Meridian Logisttics P Ltd	288 Silveline Crs Sunstone Nagar Indore Gujarat 959563	IN
S3-005479	Summit Services Corp	134 Northgate Rd, Behind the Civic Center, Peoria	USA
S3-004300	Onyyx Limited Liability Company	Goldleaf Blvd Lantern Park Opp.. City Library Tacoma 84593	USA
S3-003791	Brightpath Kestrel P Ltd	Summit Marg, Pune, Gujarat, 392930	IN
S3-000796	Redwood Kestrel Enterprises Inc	322 Meridian Avenue, Silverline Park, Fresno, TX	USA
S3-004732	Ravenwood Sysems and Sons Co	Maplecrest Avenue, Near Exit 14, Juniper Park,  Fresno, 80152	US
S3-002043	Juniper Textiles & Sons Ltd	26/26 Orchid Mn, Near SBI ATM, Indore, Rajasthan	IN
S3-004219	Silverlien Meridian Consultancy Private Limited	65 Sunstone Main Bluepeak Nagar Nagpur Tamil Nadu 624600	IN
S3-001853	Northgate Packaging LLtd	Thistle Crs, Pune, MP	India
S3-005115	Redwood Trading Corporation	369 Redwood Blvd, Sunstone Park, Fresno, 85984	US
S3-006379	Silverline Goldleaf Packagging Co	Northgate Road, Orchid Park, Fresno, 30277	US
S3-005872	Ape xonsultancy Limited	389 Silverline Road, Pune, Gujarat, 830068	IN
S3-001388	Falcon Onyx Solutions Company	114 Stonebridge Ave, Juniper Park, Fresno, IL, 84335	US
S3-003599	Harbor, Chemicals and Sons Corporation	53 Brightpath Blvd, Fresno, 29831, Orchid Park	US
S3-000698	Brightath Inc	Opp. City Library, 133 Goldleaf Avenue, Northgate Park, Mobile, IL, 74910	USA
S3-002853	Silverline Sunstone Private Liimited	132 Bluepeak Marg, Quarry Nagar, Pune, 852071	India
S3-001948	Chemicals, Kestrel Corp	193 Cobalt Dr, Ravenwood Park, Austin, IL, 33961	United States
S3-007960	Ketrel Seervices	298 Redwood Drive, Apex Park, Austin, WA, 57119	USA
S3-002900	Stonebridge Orchid Electriccals	334 Apex Rd, Kestrel Nagar, une, MP, 957065	India
S3-002429	Harbor Trading & Sons Pivate Limited	281 Bluepeak Road, Pune, Kerala, 117762	India
S3-006626	Lantern Conultancy	385 Summit Rd Behind the Civic Center Mobile 40435	USA
S3-006244	Thistle, Cemicals Ltd	218 Vertex Road, Goldleaf Nagar, Jaipur	India
S3-006657	Vertex Incorporated	72 Orchid Blvd, Akron, TX, 41944	United States
S3-000558	Veertex Motosr Inc	159 Meridian Road, Silverline Park, Peoria, CA, 77256	United States
S3-003280	Redwood & Sons Limited	53 Sunnstone Mn, Orchid Nagar, Jaipur, 650208	IN
S3-001944	Juniper PvtL td	117 Harbor Marg, Kestrel Nagar, Kochi	IN
S3-005828	Bluepeak, Trading and Sons Pvt Ltd	40 Meridian Rd, Summit Nagar, Coimbatore, Maharashtra, 767441	India
S3-007844	Lanter nElectricals Pvt Ltd	356 Falcon Main, Northgate Nagar, Coimbatore, Gujarat	IN
S3-001506	Cobalt Fabrics Private Limited	218 Smmit St, Surat	IN
S3-005307	Lantern Ironwood Incorporated	Peoria, CA, 52052, 21 Ironwood Drive	United States
S3-002362	Falcon Stonebridge Trading Ltd	153 Northgate Main Behind Ganesh Temple Northgate Nagar Pune	India
S3-001807	Goldleaf Motors adn Sons Pvt Ltd	220 Meridian Marg Bluepeak Nagar Kochi Gujarat	IN
S3-005338	Harboor Electricals Co	72 Falcon Boulevard, Stonebridge Park, Austin, WA	United States
S3-004480	Fabric Ravenwood	52 Bluepeak Ave Ironwood Park Lubbock CA 11933	United States
S3-002878	Redwoood, Motors & Sons P Ltd	Surat Rajasthan 419293 255 Lantern St	IN
S3-002989	Brightapth Motors	Near Exit 14 6 Clearwater Road, Redwood Park, Mobile, CA	United States
S3-002078	Cobalt Kestrel Industries Corp	329 Goldleaf Boulevard, Harbor Park, Austin, 31696	US
S3-006418	Trading Co	227 Maplecrest St, Thistle Park, Tacoma, AL, 40514	USA
S3-003020	Orchid Packaging	Orhcid Road, Quarry Nagar, Jaipur, 756545	IN
S3-003364	Maplecrest Lanttern Corp	201 Bluepeak St Vertex Park Peoria WA 99294	US
S3-009057	Quarry Fabrcs Limited	298 Onyx Dr, Clearwater Park, Kochi, TX, 39531	US
S3-005726	Harbo Packaging Co	120 Redwood Drive, Orchid Park, Tacoma, OH, 10705	USA
S3-002197	Stonebridge Consultancy & Sons	1/1 Goldleaf Mn, Clearwater Nagar, Pune, MP	IN
S3-008915	Kestrel Redwood Services Co	92 Redwood Road, Silverline Park, Akron, OH	USA
S3-003728	MaplecestF oods LLC	186 Kestrel Rd, Brightpath Park, Tacoma, TX, 24528	United States
S3-005718	Vertex Trading Ltd	172 Meridian Crs, Indore, Harbor Nagar	India
S3-002298	Harobr learwater Consultancy	212 Harbor Street, CA, Tacoma	USA
S3-004413	Sunstone Summmit Trading Ltd	37/22 Redwood Cross, Apex Nagar, Coimbatore, Rajasthan	IN
S3-000604	Meridian, & Sons Company	Meridian Ave, Fresn,o CA	US
S3-000637	Golddleaf Textiles Company	366 Ravenwood St, Onyx Park, Akron	USA
S3-004919	Orchid Electriacls Company	76 Quarry Drive, Lubbock, 78327	United States
S3-008947	Apex Serviices LLC	Silverline Dr Clearwater Park Tacoma	USA
S3-007402	Consultancy, Cobalt	252 Ravenwood Main, Harbor Nagar, Surat, Tamil Nadu	IN
S3-008364	Lantern Logistics Limited	Near Metro Pillar 42, 367 Silverline Cross, Nagpur, Rajasthan	India
S3-002508	Northgate Kestrel Electricals	124 Northgate Road, Summit Park, Austin, 36498	United States
S3-006164	Bluepeak Logistics Onyx Pvt Ltd	14/49 Vertex Rd Falcon Nagar Indore Rajasthan 423733	IN
S3-008922	Orchid Industries Inc	Behind Ganesh Temple, 4/35 Redwood Marg, oNrthgate Nagar, Jaipur, Rajasthan	USA
S3-007672	KestrelMotors Corp	209 Onyx Ave, Goldleaf Park, Peoria, CA, 94159	United States
S3-007336	Onyx Chemicals ad Sons P Ltd	334 Juniper Avenue Orchid Park Pune CA 33622	US
S3-005205	Maplecrest Corporattion	32/84 Redwood Street, Near Exit 14, Maplecrest Park, Austin, WA	United States
S3-003416	Northgate Foods Company	Lantern Avenue, Harbor Park, Peoria, OH, 13858	United States
S3-002094	Orchid Textiles  Incorporated	5/30 Summit Boulevard, Kestrel Park, Austin, OH	US
S3-008245	Enterprises Cobalt Ltd	Quarry St, Quarry Nagar, Pune	India
S3-008981	Summit Packagign Corporation	160 Brightpath Ave, Sunstone Park, Lubbock, CA	United States
S3-007914	Maplecrest, Onyx Trading Ltd	140 Lantern Rd, Ironwood Nagar, Kochi, Maharashtra, Near SBI ATM	India
S3-005964	Thistle Trding Limited	16/78 Kestrel Road, Maplecrest Nagar, Coimbatore, 130442	India
S3-006067	Quarry Services Private Limited	357 Brightpath Mn, Jaipur, Tamil Nadu	India
S3-008762	Foods Brightpath Quarry & Sons P Ltd	253 Orchid Boulevard, Mobile, CA,, 13973	IN
S3-005698	Quarr yCobalt Motors Incorporated	197 Northgate Road, Cobalt Park, Fresno, AL	US
S3-008658	Onyx Private Limited	170 Brightpath Cross, Quarry Nagar, Nagpur, MP, 979361	India
S3-004373	Ironwood Motors Company	79 Apex Avenue Austin CA 83782	United States
S3-004727	Juniper Enterprises Corporation	31 Ironwood Boulevard Orchid Park Akron 98240	United States
S3-007633	Maplecrest Fabrics P Ltd	91 Juniper Main, Coimbatore	IN
S3-004192	Lantern Apex Services Corp	159 Quarry Drive, Mobile, AL, 18321	US
S3-007267	Stonebridge Systems Ltd	222M eridian Rd, Falcon Nagar, Jaipur, Tamil Nadu	India
S3-008318	Trading Sunstone Private Limited	327 Vertex Road, Juniper Nagar, Surat, 315327	IN
S3-004238	Kestrel Quarry Enterprises Incorporated	220 Silverline Drive Northgate Park Mobile 77668	USA
S3-007575	Clearrwater, Brightpath Trading	Kestrel Rd, Vertex Nagar, Mobile, MP, 846259	IN
S3-000212	Northgate	93 Stonebridge Blvd Goldleaf Park Peoria CA	US
S3-006996	Ironwood Thistl eFoods Inc	201 Brightpath Dr Stonebridge Park Mobile CA 64278	US
S3-008957	Lantern Brightpath Foods Incorporated	233 Kestrel Rd, Northgate Park, Fresno, OH, 53276	USA
S3-006690	Onyx Systems and Sons LLC	85 Meridian Boulevard, Silverilne Park, Tacoma, OH, 61140	United States
S3-003292	Quarry Lantern Logistics P Ltd	192 Brightpath Street Northgate Naga Near Metro Pillar 42 Indore	India
S3-006035	Summit Textiles & Sons LLC	Meridian Blvd Behind the Civic Center Quarry Park Tacoma 76624	United States
S3-000729	Falcon Textiles Pvt Ltd	12/72 Orchid Cross, Silverline Nagar, Jaipur, 475698	IN
S3-001783	Onyx Industries Ltd	171 Brightpath Crs, Bluepeak Nagar, Kochi, Rajasthan, 586406	India
S3-000319	Silverline Cobalt imited	220 Ironwood Road, Falcon Nagar, Nagpur, Gujarat, 253265	India
S3-007489	Ironwood Solutions and Sons td	349 Vertex Avenue, Lubbock, 57698	IN
S3-003686	Brightpath Foods	4 Clearwater Main, Orchid Nagar, Coimbatore, 864616	IN
S3-002472	Bluepeak Apex Chemicals	258 Bluepeak Marg, Coimbatore, 608198	IN
S3-003170	Silverline Systmes	29 Goldleaf Dr Cobalt Park Lubbock 38624	United States
S3-009121	Enterprises Juniper Northgate	17/51 Brightpath Avenue, Opp. City Library, Tacoma, CA	US
S3-008482	Thiistle Juniper Systems LLC	Near Exit 14, Bluepeak Dr, Peoria	USA
S3-002339	Summit Chemiclas Private Limited	Maplecrest MainS unstone Nagar Kochi Tamil Nadu 644609	India
S3-002491	Quarry Electricals & Sons Private Limited	17/53 Summit Main Opp. Bus Depot Ravenwood Nagar Nagpur 285159	IN
S3-000306	Stonebridge Meridian Limited Liability Company	Behind the Civic Center, 26 Goldleaf Drive, Kestrel Park, Mobile, AL, 56544	US
S3-005639	Harbor Servvices	153 Bluepeak Main, Indore, Maharashtra, 178170	IN
S3-002143	Cobalt Silverilne Industries P Ltd	331 Stonebridge Cross, Surat, Gujarat, 924240	India
S3-000145	Harbor Consultancy Limited Liability Company	168 Silverline Road, Behind the Civic Center, Lantern Park, Tacoma, OH, 14494	USA
S3-000939	Meridin Foods Ltd	152 Orchid Road Apex Nagar Coimbatore Rajasthan 286042	India
S3-001567	Hrbor Logistics	397 Quarry Dr, Lubbock	USA
S3-003383	Ravenwoodd Industries Ltd	25/52 Onyx Crs, Opp. Bus Depot, Ironwood Nagar, Jaipur, Tamil Nadu	India
S3-002856	Redwood Consulltancy & Sons Lmited	58 Redwood Roa dBrightpath Nagar Coimbatore	IN
S3-001436	Redwood Inc	242 Lantern St, Brightpath Park, Peoria, 76904	USA
S3-005437	Thistle Textiles Northgate and Sonss Co	229 Stonebridge Ave, Clearwater Park, Akron, 73569	USA
S3-000980	VertexS olutions Inc	Opp. City Library, 393 Falcon Boulevard, Brightpath Park, Lubbock, OH	United States
S3-003304	Summit Packgaing	5 Apex Drive, Brightpath Park, Akron, CA, 32014	US
S3-002838	Thistle Cheicals & Sons Incorporated	32 Ironwood St, Brightpath Park, Peoria, IL, 88082	US
S3-000667	Brightpath Vertex Electricals	121 Vertex Boulevard, Silverline Park, Austin, 28024	US
S3-004262	Packaging Bluepeak Meridian P Ltd	13/72 Falcon Marg, Sunstone Nagar, Jaipur	IN
S3-007994	Falcon Summit Enterprises Corp	206 Silverline Drive, Mobile	United States
S3-008646	Goldleaf Fabrics P Ltd	112 Goldleaf St, Clearwater Park, Nagpur, TX	USA
S3-002465	Bluepeak Enterprises	5 Redwood Crs, Meridian Nagar, Surat	India
S3-003960	Cobalt Textiles Privtae Limited	Cobalt Road, Clearwater Nagar, Surat, Maharashtra, 540770	India
S3-003245	Harbor Onyx Textiless Inc	345 Apex Boulevard, Opp. City Library, Bluepeak Park, Tacoma, TX, 79285	United States
S3-008346	Northhgate Textiles P Ltd	356 Cobalt Cross Clearwater Nagar Indore	India
S3-003949	Redwood, Packaging Co	200 Apex Ave, Onyx Park, Lubbock, TX, 99451	USA
S3-008179	Celarwater Enterprises	160 Orchid Road, Vertex Nagar, Nagpur, MP, 635284	India
S3-008227	Redwood Logistics Private Limited	244 Thistle Marg, Apex Nagar, Nagpur, 167826	India
S3-006778	Clearwater Textiles	331 Kestrel Avennue, Thistle Park, Mobile, 93179	USA
S3-002283	Summit Summit Services	Ironwood Cross, Kochi, Maharashtra	IN
S3-001802	Onyx Logistics & Sons Private Limited	89 Silverline Rd, Onyx Nagar, Coimbatore, Rajasthan, 779673	IN
S3-001001	Sunstone Solutinos	357 Sunstone Drive, Harbor Park, Akron, OH, 81275	US
S3-008595	MeridianChemicals Inc	21/61 Quarry Drive, Lantern Park, Lubbock, 89206	USA
S3-009010	Quarryy, Packaging P Ltd	375 Silverline Road, Near Metro Pillar 42, Nagpur, 365858	IN
S3-003691	Silverrline Industries	128 Northgate Marg, Brightpath Nagar, Coimbatore, Tamil Nadu	India
S3-008563	Northgate Solutions Private Limited	366 Apex Street, Mobile, 61941	India
S3-002388	Thsitle Packagiing	47 Onyx St, Redwood Park, Behind the Civic Center, Lubbock	USA
S3-005141	Quarry & Sons Co	242 Thistle Rd, Summit Park, Austin, TX	United States
S3-003489	Redwood Logistics Redwood	329 Clearwater Street, Juniper Nagar, Kochi, 509933	India
S3-000430	Sunstone Consultancy Ltd	214 Orchid Marg, Behind Ganesh Temple, Quarry Nagar, Pune, Tamil Nadu, 107891	IN
S3-001220	Quarrry Systems	289 Clearwater Marg, Meridian Nagar, Jaipur	IN
S3-004442	Sunstone Systems Corp	268 Juniper Boulevard, Orchid Park, Lubbock	US
S3-000185	Northgate Maplecrest Solutions	128 Summit Mn, Kochi, Gujarat, 937543	India
S3-001060	Northgatee Electricals and Sons  PLtd	227 Sunstone Marg, Nagpur, Gujarat	IN
S3-004240	Clearwater Solutions Private Limited	140 Lantern Road, Kochi, Maharashtra	IN
S3-008050	Kestreel, Logistics Private Limited	75 Quarry Cross, Northgate Nagar, Coimbatore, 710005	India
S3-000985	Kestrel Textiles Private Limiteed	119 Onyx Crs, Ironwood Nagar, Nagpur, 751923	IN
S3-001121	Orchid Industries Corp	184 Harbor Blvd, Lantern Park, Tacoma, 15950	United States
S3-007312	Maplecrest TradingP rivate Limited	316 Harbor St, Lantern Nagar, Jaipur, Maharashtra, 261651	IN
S3-006579	Apex ySstemsInc	228 Sumit Avenue, Lubbock, CA, 45971	USA
S3-005679	Ravenwood Motors Incorporated	123 Harbor Rd Vertex Park Austin IL 19206	USA
S3-008632	Clearwater Fabrics	188 Ironwood Drive, Falcon Park, Austin, 92004	United States
S3-001197	Goldlefa Foods LLC	86 Apex Dr, Meridian Park, Peoria, Near Exit 14	USA
S3-004783	Redwood Enterprises Limited	357 Meridian Main, Nagpur	India
S3-004524	Logistics Goldleaf Inc	11 Quarry St Summit Park Akron	US
S3-000101	Stonebridge Fabrics	357 Maplecrest St, Northgate Nagar, Pune, Rajashan, 462618	India
S3-009111	Bluepeak Foods Private Limited	159 Harbor Rd, Opp. City Library, Stonebridge Park, Peoria, IL, 62525	IN
S3-005417	Meridian Apex Systems P Ltd	226 Goldleaf Marg Nagpur	India
S3-003300	Meridian Consultancy Goldleaf & Sons P Ltd	68 Cobalt Crs Quarry Nagar Kochi Gujarat 691988	India
S3-004718	Maplecrest Chemicals Limited	147 Thistle Main, Ironwood Nagar, Near Metro Pillar 42, Indore	IN
S3-007398	Orchid Trading  Ltd	15 Maplecrest Crs, Near SBI ATM, Silverline Nagar, Pune, Kerala, 129256	IN
S3-007936	Sunstone Chemicals LLC	264 Bluepeak Road, Surat, Rajasthan, 545919	USA
S3-001240	Brihgtpath	16 Maplecrest St, Peoria, TX	United States
S3-002848	Orchd Consultancy Company	Brihtpath Street, Thistle Park, Behind the Civic Center, Austin, 11334	US
S3-000020	Ironwood Quarryy Trading Ltd	267 Vertex Rd, Lantern Nagar, Jaipur, 831189	India
S3-003920	Clearwater Motoors Inc	214 Harbor Road, Austin	US
S3-008191	Maplecrest Summit Motors and SonsIncorporated	369 Thistle Blvd, Falcon Park, Austin, WA, 93655	United States
S3-002218	Meridian Onyx Logistics P Ldt	Clearwater Street, Bluepeak Nagar, Jaipur, Tamil Nadu	India
S3-003166	Summit Chemicals & Soons Co	49 Summit Rd, Redwood Park, Austin, 90648	USA
S3-002801	Northgat eEnterprisse Co	90 Juniper Road, Meridian Park, Akron, TX, 45198	United States
S3-003438	Ravenwood, Orchid Trading Pvt Ltd	Near Metro Pillar 42, Harbor Main, Lantern Nagar, Kochi, 755371	IN
S3-006307	Onyx Logsitics	299 Juniper Ave, Orchid Park, Mobile, IL	USA
S3-004040	Goldleaf Seervices Inc	354 Harbor St, Goldleaf Park, Peoria, CA, 68478	United States
S3-009132	Cobalt Systems LLimited Liability Company	218 Orchid Rd Mobile TX 85907	USA
S3-007396	Verttex Apex Logistics	78 Meridian Rd, Kochi	India
S3-006456	Cobalt Inc	9/62 Ironwood Street, Harbor Park, Opp. City Library, Tacoma, IL	US
S3-003107	Cobalt Soltions Ltd	390 Juniper Rd, Brightpath Nagar, Pune, 676594	India
S3-008636	Silverline and Sons Inc	324 Quarry Road Stonebridge Park Fresno WA 29892	United States
S3-003946	Onyx ConsultancyL td	Behind Ganesh Temple, 225 Onyx Mn, Brightpath Nagar, Pune, MP, 767456	India
S3-000102	Golddleaf LLLC	321 Silverline Blvd, Lantern Park, Akron, IL, 69600	US
S3-001654	Orcid Services Pvt Ltd	Bluepeak Mn Summit Nagar Pune	India
S3-005033	Northgate Limited	Lantern Nagar, Indore, Kerala, 996383, 20 Stonebridge Mn	IN
S3-000396	Goldleaf Veretx P Ltd	366 Onyx Mn, Vertex Nagar, Jaipur	India
S3-001664	Lantern Maplecrest Foods Co	93 Redwood Street, Opp. City Library, Redwood Park, Lubbock, 24574	USA
S3-004159	Motors Goldleeaf and Sons P Ltd	193 pex Marg, Jaipur, Maharashtra, 721664	IN
S3-003558	Harbor, Ravenwoo dPrivate Limited	Behind Ganesh Temple, 360 Onyx Road, Summit Nagar, Coimbatore, 271721	IN
S3-002236	Maplecrest Systems LLC	146 Silverline Street, Cobalt Park, Austin, AL, 49416	United States
S3-008379	Ravenwood, Tistle Corp	222 Meridian Road, Bluepeak Park, Lubbck, OH, 19250	United States
S3-004557	Juniepr	Opp. Bus Depot 200 Harbor Marg Orchid Nagar Coimbatore Gujarat 451073	India
S3-000029	Vertex Textiles Private Limited	101 Apex Crs, Verrtex Nagar, Pune, MP, 354646	India
S3-008844	Onyx oods Inc	55 Bluepeak Avenue Lubbock WA 98347	United States
S3-009020	Brightpath Systms	289 Brightpath Road, Kestrel Nagar, Jaipur, Maharashtra	IN
S3-005293	Stonebridge Enterprises P Ltd	369 Onyx Mn, Sunstone Nagar, Surat, 276044	India
S3-004326	GoldleafBluepeak Logistics	359 Clearwater Street, Cobalt Park, Mobile, TX	US
S3-009030	Thistle Foods	137 Ravenwood Dr Meridian Park Austtin	United States
S3-001517	Apex Electriccals Company	189 Ravenwood Avenue, Quarry Park, Lubbock, WA, 19298	United States
S3-003940	Ironwood ad Sons Corp	341 Summit Drive Ravenwood Park Austin IL 67880	United States
S3-000169	Bluepeak onsultancy	71 Juniper Cross, Goldleaf Nagar, Rajasthan, 236666, Indore	IN
S3-001376	Verte, Fabrics and Sons Incorporated	175 Brightpath Drive, Stonebridge Park, Fresno, 15663	USA
S3-000353	Falcon, FabricsI nc	Juniper Avenue, Cobalt Park, Peoria, TX, 69120	USA
S3-001346	SystemsJ uniper Ltd	Orchid Main Jaipur Maharashtra 759374	India
S3-008265	Falcon Silverline Trading Limited Liability Company	25/7 Quarry Drive, Peoria, 71555	USA
S3-008687	Onyx  Services Corporation	37/53 Sunstone Street Goldleaf Parrk Fresno WA	USA
S3-005672	Orchid  LLC	63 Northgate Drive Vertex Park Mobile	United States
S3-007595	Goldleaa fPrivate Limited	285 IIronwood Dr Juniper Park Nagpur 41755	USA
S3-008631	Ony xEnterprises Co	148 Vertex Drive, Onyx Park, Mobile, CA	US
S3-008045	Harbor Soltions LLC	395 Ravenwood Rd Peoria AL	United States
S3-005407	Maplecrest Industries Pvt Ltd	103 Silverline Cross Falcon Nagar Kochi MP422962	IN
S3-007657	Juniper Sysetms Limited Liability Company	18 Juniper Main, Apex Nagar, Mobile, Rajasthan, 729775	India
S3-000949	Cobalt Trading Limited	Summit Street Near Metro Pillar 42 Northgate Nagar Jaipur	India
S3-006791	Northgate Meridian Solutions	Golleaf Rd, Ironwood Nagar, Jaipur, Gujarat	India
S3-002070	Silverline Ravenwood  Foods and Sons Incorporated	19 Kestrel Avenue, Cobalt Park, Behind the Civic Center, Akron, AL, 72609	USA
S3-006718	Quuarry Quarry Textiles & Sons P Ltd	230 Falcon Crs, Kestrel Nagar, Kochi, 183169, Tamil Nadu	India
S3-002621	Packaging Ravenowod P Ltd	321 Onyx Rd, Ironwood Nagar, Indore, Maharashtra, 609693	India
S3-001766	Stonebridge Indutries Limited	326 Sunstone Marg, Thistle Nagar, Jaipur, Gujarat	IN
S3-001463	Redwood Vertex Industries and Sons Limited LiabilityCompany	387 Meridian Boulevard Thistle Park Fresno WA 64872	USA
S3-000760	Lantern Packaging	Kestrel St, Clearwater Park, Akron, 22834	USA
S3-006606	Orchid Fabrics Incorprated	236 Thistle Drive, Apex Park, Fresno, AL, 10235	United States
S3-003399	Silverline Enterprsies	Harbor Blvd, Thistle Park, Peoria, 40534	USA
S3-004404	Solutions Quarry Private Limited	55 Clearwater Street, Pune, MP, Orchid Nagar	IN
S3-005147	Vertex Tradingg CCorp	228 Ironwood Dr, Tacoma, CA, 15533	US
S3-000804	Ravenwood Textile Pvt Ltd	181 Bluepeak Crs Nagpur 893801	India
S3-001799	Brightpath Textiles Corp	13/15 Quarry Street, Vertex Park, Austin, TX	US
S3-000665	Northgate Foods & Sons Corporation	379 Goldleaf Road, Meridian Park, Near Exit 14, Fresno, OH, 19784	United States
S3-000544	Ravenwood Electricals Ltd	22/35 Bluepeak Marg, Maplecrest Nagar, Coimbatore, Gujarat, 678625	IN
S3-001630	Orchid Silverline Systems Inc	Harbor Drive, Maplecrest Park, AAustin, AL	United States
S3-007737	Stonebridge Etnerprises	15 Quarry Ave, Onyx Park, Nagpur, CA	United States
S3-002537	Cobalt Foods	333 Maplecrest Cross, Kestrel Nagar, Pune, Maharashtra, 661802	India
S3-005985	Juniper Apex LLC	226 Orchid St, Meridian Park, Opp. City Library, Fresno, 75057	US
S3-007726	Juniper, Electricals Limited	Orchid Road, Summt Nagar, Coimbatore, 359829, Kerala	IN
S3-005209	Stonebridge Cobalt Conssultancy Limited Liability Company	Opp. City Library, 16/47 Orchid Street, Falcon Park, Peoria, 79203	US
S3-006446	Summit Apex Compnay	302 Quarry Rd, Behind the Civic Center, Lubbock, TX, 92238	US
S3-007754	Maplecrest Packaging rPivate Limited	129 Brightpath Mn Brightpath Nagar Nagpur Gujarat 664867	IN
S3-003609	Goldleaf Fabricccs	177 Orchid Marg, Indore ,Tamil Nadu, 212206	IN
S3-009235	Stonebirdge Stonebridge Textiles & Sons	199 Apex Drive, Northgate Park, Luubbock, WA, 25870	United States
S3-005762	Stonebridge Enterprises Private Limitted	Cobalt Crs, Coimbatore, 842151	India
S3-004474	Foods Apex	Behind the Civic Center 264 Lantern Blvd Peoria	United States
S3-008543	Ravenowod Falcon Pakaging	164 Bluepeak St, Peoria, 95502	US
S3-004346	Onyx, Lantern Company	205 Kestrel Ave, Vertex Park, Fresno, TX, 93712	USA
S3-005389	Sunstnoe, Electricals Incorporated	321 Silverline Rd, Tacoma	US
S3-006071	Brightpat Northgate Foods Incorporated	271 Meridian Dr Lantern Park Tacoma 46413	US
S3-008059	Goldleaf Logistics Limited	73 Thistle Street, Vertex Park, Behind the Civic Center, Coimbatore, OH	United States
S3-002772	Lantern Services Private Limited	87 Brightpath St Kestrel Nagar Surat Maharashtra	IN
S3-004514	Onyx Kestrel Industries Inc	366 Onyx St, Fresno, CA	United States
S3-001722	Apex uSnstone Incorporated	95 Redwood St, Mobile, 57000	United States
S3-004817	Maplecrest Trading	126 Redwood Cross, Jaipur, 454086	IN
S3-000498	Kestre Liited	Quarry Marg Vertex Nagar Kochi Rajasthan 336592	IN
S3-008577	Packaging Onyx Private Limited	14/87 Clearwater St Harbor Nagar Jaipur MP 755774	India
S3-008342	Brightpatth	46 Meridian D, Stonebridge Park, Peoria, AL, 41185	USA
S3-007909	QurryK estrel Systems	67 Harbor Street, Tacoma, TX	USA
S3-004936	Juniper Tradng Limited Liaability Company	208 Falcon Boulevard Austin TX 54819	USA
S3-006414	Silverline Sunsotne Foods and Sons Pvt Ltd	25/86 Lantern Road, Sunstone Nagar, Pune, Tamil Nadu	India
S3-000510	Brightpath Consultancy LLC	165 Ravenwood Street, Northgate Park, Lubbock, WA, 94787	United States
S3-000979	Lantern, Briightpath Fabrics LLC	212 Harbor St, Clearwater Park, Tacoma, WA, 58032	United States
S3-006652	IroonwoodL antern Corp	273 Lantern Boulevard Fresno TX	USA
S3-006116	Ravenwoood Solutions Inc	Opp. City Library, 250 Kestrel Avenue, Northgate Park, Tacoma, 54246	US
S3-003430	Maplecrest Solutions and Sons Ltd	135 Cobalt Marg, Opp. Bus Depot, Goldleaf Nagar, Coimbatore, Kerala	India
S3-005913	Quary Fabrics Incorporaed	373 Kestrel St Mobile 75408	USA
S3-008183	Orchid Ironwood Solutins Private Limmited	29/81 Quarry St, Kochi, 620325	IN
S3-005819	Maplecrest Foods Incorporated	30/27 Ironwood Rd, Mobile	United States
S3-007111	Orchid and Sons Pvt Ltd	149 Ironwood St, Behind Ganesh Temple, Juniper Nagar, Nagpur, MP, 100404	India
S3-003202	Onyx Packaging & Sons Inc	59 Sunstone St, Lantern Park, Akron, OH, 13590	United States
S3-008029	Apex Limiited	142 Redwood Crs Northgate Nagar Nagpur MP 251036	India
S3-008098	Ironwood, Cobalt Solutios	331 Kestrel Marg, Apex Nagar, Pune, 102278	IN
S3-005728	Junipeer Systems Company	Clearwater Dr, Maplecrest Park, Lubbock, IL, 54842	USA
S3-008827	Ironwood Solutions	149 Maplecrest Dr, Bluepeak Park, Fresno, OH	United States
S3-007733	Verte x Systems P Ltd	Opp. Bus Depot 36/57 Sunstone Main Brightpath Nagar Surat 319676	India
S3-002155	Brightpath Tradin gPrivaate Limited	128 Cobalt Crs, Apex Nagar, Near SBI ATM, Surat, Kerala, 107116	IN
S3-002158	Orchid LC	Onyx Road, Lantern Park, Peoria, TX, 40679	US
S3-008662	Ravenwood Northgate Systems Company	Falcon Dr Haarbor Park Peoria WA 33613	USA
S3-002944	Motors Goldleaf P Ltd	99 Juniper Road, Coimbatore, 137713	IN
S3-000093	Maplecrest Solutions P Ltd	324 Ravenwood Cross, Bluepeak Nagar, Coimbatore, MP	IN
S3-007830	Silverline and Sons Private Limited	Opp. City Library, 399/19 Cobalt Avenue, Ravenwood Park, Jaipur, 44058	USA
S3-006867	Ravenwood Fodos Private Limited	46 Ravenwood Road, Nagpur, 664766	India
S3-004729	Clearwater Cobalt Servvices Inc	32 Goldleaf Ave, Vertex Park, Austin, 53741	United States
S3-005689	Silverline Systems and Sons Pvt  Ltd	328 Ironwood Main, Lantern Nagar, Coimbatore, 557673	IN
S3-001615	Falcon Systems Private Limited	381 Bluepeak Crs, Juniper Nagar, Jaipur, Tamil Nadu, 953246	IN
S3-003317	Redwood Solutions Co	Stonebridge Ave, Meridian Park, Akron,I L, 71842	United States
S3-001715	Brightpath Lantern Enterprises andSons Co	166 Brightpath Avenue Lubbock 45425	US
S3-001790	OnyxElectricals Pvt Ltd	301 Sunstone Crs, Stonebridge Nagar, Surat, Maharashtra	IN
S3-000608	Lantern, Fabrics Corp	8/19 Meridian Drive, Redwood Park, Austin, IL, 95807	United States
S3-006921	Brightpath & Sons Limited Liability Company	338 Harbor Avenue, Goldleaf Park, Fresno, OH, 87451	USA
S3-004651	Onyx Chemicals  Pvt Ltd	148 Apex Street, Kochi, Gujarat, 518317	India
S3-003384	Cobalt Enterprises Inc	Northgate Rd, Maplecrest Park, Lubbock, IL, 52001	US
S3-007666	Brightpath	360 Ravenwood St Thistle Nagar Pune Rajasthan	India
S3-004799	Thistle Enterprises	167 Thistle Main, Nagpur, 598695	India
S3-004462	Thistle Trading Bluepeak P Ltd	98 Apex Cross Clearwater Nagar Coimbatore Maharashtra 680755	India
S3-001829	Harbor Goldleaf Logistics and Sons LLC	305 Ravenwood Avenue, Goldleaf Park, Peoria, WA	United States
S3-003563	Silverline Systems Limited	Opp. Bus Depot, 78 Apex Main, Clearwater Nagar, Pune, Tamil Nadu, 499503	IN
S3-004362	Northgate Consultancy Private Limited	57 Norhgate St, Kochi, Maharashtra, 602001	India
S3-008424	Ravenwood Motors	247 Onyx Crs, Lubbock, MP, 174199	IN
S3-003496	Sunstone Falcon aFbrics Pvt Ltd	324 Northgate Cross, Nagpur, Maharashtra, 836529	IN
S3-003226	Orchid Packaging Incorporated	301 Clearwater Rd, Onyx Park, Austin	US
S3-001698	Vertex Fods Limited	217 Northgate Cross, Clearwater Nagar, Indore, 805029, Tamil Nadu	India
S3-003455	Cobalt Consultaancy Co	237 Onyx Avenue, Opp. City Library, Harbor Park, Fresno, 84352	US
S3-003272	Harbor uSnstone Electricals	367 Bluepeak Avenue Austin AL 66406	US
S3-001070	Foodss Harbor Corp	217 Goldleaf Street, Lubbock, OH, 26908	United States
S3-005553	Summit Private Limited	22/28 Ironwood St Maplecrest Nagar 406646 Kochi	IN
S3-008290	Silerline Inc	Behind the Civic Center, 230 Clearwater St, Tacoma, 15889	USA
S3-000672	Vertex Trading & Sons Private  Limited	341 Orchid Cross, Falcon Nagar, Jaipur, 387683	IN
S3-007190	Redwood Enterprises Innc	51 Redwood Rd, Sunstone Park, Lubbock, CA, 72190	United States
S3-004878	Meridian Industries & Sons Corp	Thistle Blvd, Vertex Park, Fresno, WA	USA
S3-003386	Falcon Co	17/19 Quarry St, Maaplecrest Park, Tacoma	United States
S3-003902	Cobat Packaging	343 Lantern Rd, Ravenwood Nagar, Opp. Bus Depto, Kochi	IN
S3-002274	Thistle Harbor Foods Private Limited	Near SBI ATM, Falcon Nagar, Jaipur, Tamil Nadu, 552187, Vertex Marg	India
S3-002763	Sunstone Chemicals and Sons P Ltd	130 Meridian Crs, Quarry Nagar, Indore, Kerala	India
S3-001231	Textiles Apex LLC	3 Ravenwood Street, Vertex Park, Tacoma, 11158	United States
S3-001100	Goldleaf Lgistics and Sons Private Limited	30/84 Redwood Street, Jaipur, Maharashtra	IN
S3-000828	Cobalt Solutions Private Limited	Quarry Rd, Summit Nagar, Indore, MP, 256202	India
S3-003969	Enterpiirses Quarry	Apex Nagar Nagpur Gujarat 729400 34 Ironwood Marg	IN
S3-001020	Northgtae Solutions and Sons Limited	245 Stonebridge Cross, Summit Nagar, Surat, Maharashtra	IN
S3-002997	Northgate Industries Ld	7/2 Juniper Marg, Surat, Gujarat	IN
S3-007649	Kestrel Appex PackagingP rivate Limited	362 Summit Street, Apex Nagar, Coimbatore, Rajasthan	India
S3-008250	Industrries Lantern Co	382 Meridian Road, Bluepeak Park, Tacoma, 74619	United States
S3-000304	Meridian Kestrel P Ltd	Near SBI ATM, Ironwood Nagar, Coimbatore, Gujarat, 274010, 79 Onyx Rd	IN
S3-007912	Motors Ravenwood Corp	Near Exit 14, Northgate Dr, Goldleaf Park, Fresno, WA, 43852	United States
S3-002386	Ironwood Electricals Co	187 Juniper Drive, Cobalt Park, Akron, IL, 61558	USA
S3-004221	Falcon Foods Inc	321 Falcon Blvd, Meridian Park, Near Exit 14, Fresno, CA, 69071	USA
S3-004655	Northgatee Fabrics Corporation	Opp. City Library 375 Clearwater St Clearwater Park Akron	United States
S3-001519	Maplecrest Limited Liability Company	155 Bluepeak St, Fresno, 94894	US
S3-007787	Ironwood Services Ltd	92 Vertex Marg, Goldleaf Nagar, Kochi, MP, 678959	India
S3-004971	Ironwood Inudstries Corporation	275 Silverline St, Meridian Park, Lubbock, IL, 33545	United States
S3-005474	Cobalt Logistics P Ltd	327 Harbor Marg Behind Ganesh Temple Falcon Nagar Jaipur Gujarat 657153	India
S3-005489	Thistle Northgate Logistics Limited	303 Northgate Marg, Near SBI ATM, Silverline Nagar, Pune, 842954	India
S3-001843	Goldleaf Systems Comany	382 Harbor Road, Onyx Park, Austin, CA	US
S3-001633	Summit Solutioons P Ltd	177 Redwood Road, Redwood Nagar, Opp. Bus Depot, Kochi, Kerala, 329957	India
S3-001224	Cobalt Foods Limited Liabiliyt Company	Behind the Civic Center, 25 Onyx Street, Onyx Park, Lubbock, 52690	United States
S3-000551	Summti Consultancy Company	181 Redwood Road, Ironwood Park, Akron, IL, 64931	United States
S3-001274	Silverline	287 Ravenwood Cross, Ravenwood Nagar, Indore, Rajasthan, 282290	India
S3-004738	Silvreline Motors Co	307 Silverline Ave, Meridian Park, Tacoma, WA, 87838	US
S3-004452	Maplecrest Motors  Co	263 Silverline Dr Akron TX 67514	USA
S3-009171	Thistle Ravenwood Services and Sons Incorporated	54 Vertex Rd, Austin, AL	US
S3-008219	Nrthgate OnyxElectricals Private Limited	373 Goldleaf Blvd, Cobalt Park, Lubbock, CA	IN
S3-000232	Northgate Consultancy rivate Limited	2 Brightpath Rd, Lantern Nagar, Coimbatore, Maharashtra, 553990	India
S3-001846	Maplecrest Silverline Electricals	336 Harbor Marg Bluepeak Nagar Jaipur Tamil Nadu 862461	IN
S3-008630	Brightpath Foods Incorporated	127 Falcon Avenue, Akron, CA, 73863	United States
S3-003458	Systems iSlverline and Sons Corp	Opp. City Library, 267 Maplecrest DDr, Stonebridge Park, Mobile, 59083	US
S3-003446	Pakaging Stonebridge Ltd	Northgate Crs, Vertex Nagar, Near Metro Pillar 42, Kochi, 881717	IN
S3-009214	Clearwater, Chemicals Private Limited	293 Onyx Dr, Ravenwood Park, Peori,a WA	IN
S3-003338	Electtricals Bluepeak	65 Thistle Drive, Orchid Park Fresno, AL	US
S3-005793	Brightpath Coobalt	Opp. City Library, 155 Goldleaf Road, Silvrline Park, Akron, 50926	United States
S3-000822	Quarry Maplecrest Services and Sons LLC	Near Exit 14, 271 Summit Avenue, Peoria	USA
S3-005382	Clearwater Motors & Sons Private Limited	57 Stonebridge Marg, Kestrel Nagar, Surat, Tamil Nadu, 804325	India
S3-000044	Kestrel Foosd	380 Vertex Drive, Northgate Park, Lubbock	USA
S3-003169	Coablt, Textiles Incorporated	4/40 Quarry Drive, Juniper Park, Lubbock, IL, 48908	USA
S3-001004	Ironwodo LLC	78 Thistle Dr, Clearwater Park, Akron, 88782	USA
S3-004925	Harbor Packaging Co	70 Vertex Ave Mobile 55951	USA
S3-005880	Thistle Bluepeak Foods Innc	33 Meridian Drive, Redwood Park, Opp. City Library, Fresno, IL	United States
S3-005057	Stonebridge Foods LC	Ravenwood Park, Akron, OH, 132 Stonebridge Avenue	United States
S3-005351	Stonebridge Logistics Limite Liability Company	169 Sunstone Road, Goldleaf Park, Peoria, IL, 42745	United States
S3-003240	Cobalt Goldleaaf ConsultancyP rivate Limited	Goldleaf St, Kochi	IN
S3-008199	JuniperM otors	240 Goldleaf Mn, Bluepeak Nagar, Mobile, MP, 556432	IN
S3-001389	Stonebridgge Ltd	352 Maplecrest Cross Redwood Nagar Jaipur Tamil Nadu 461711	India
S3-008049	Sunstone Foods Limited	183 Vertex Cross, Apex Nagar, Indore, Gujarat	India
S3-001468	Silverlrine	74 Ravenwood Cross, Apex Nagar, Coimbatore, 849457	India
S3-002393	Onyx Motors	98 Silverline Street, Ravenwood Park, Mobile, 77507	United States
S3-008965	Brightpath Chemicals P Ltd	Opp. Bus Depot, 291 ronwood Rd, Pune, Gujarat	India
S3-008540	Ravenwood Foods	311 Quarry Cross, Pune, 947917	IN
S3-005281	Ravenwood Quarry Fabrics Pvt Ltd	214 Northgate Street, Apex Nagar, Kochi, Maharashtra	IN
S3-000940	Clearwater Redwood Consultancy and Sons P Ltd	36/29 Vertex Street, Redwood Nagar, Nagpur, Gujarat	India
S3-007895	Lantern Sumimt Logistics Pvt Ltd	281 Clearwater Road, Maplecrest Nagar, Indore	India
S3-006909	Stonebridge Electricals Incorporated	94 Ravenwood Blvd, Fresno, WA, 45143	US
S3-009183	Sunstone Solutins	50 Quarry Road, Mobile	IN
S3-004607	Ravenwood Chemicals Private Limited	21 Ironwood Rd, Jaipur, Maharashtra	India
S3-007036	Fabric sBrightpath	151 Quarry Dr, Behind the Civic Center, Tacoma, OH, 48596	US
S3-004120	Quarry Tetiles	1/36 Apex Drive, Akron, AL	USA
S3-003118	Fallcon Electricals	32/1 Falcon Road, Quarry Nagar, Kochi, MP	IN
S3-007458	Falcon Solutions Private Limited	220 Redwood Marg, Orchid Nagar, Jaipur, 285021	IN
S3-006686	Kestrel unstone P Ltd	373 Onyx Mn Kochi MP 100447	India
S3-001404	Kestrel Industries Ltd	341 Maplecrest Mn, Opp. Bus Depot, Apex Nagar, Kochi, Kerala, 599428	IN
S3-001303	Orchid Packaging P Ltd	122 Cobalt Main, Ironwood Nagar, Surat, Rajasthan, 566614	IN
S3-007416	Quarry Solutions Private Limited	276 Sunstone St, Silverline Nagar, Jaipur, Gujarat	India
S3-004791	Redwood Enterprises	Silverline Dr Bluepeak Park Opp. City Library Peoria 82418	US
S3-002351	Vertex Electricalss and Sons	345 Silverline Drive, Quarry Park, IL, 28466, Tacoma	US
S3-000370	Foods Falcon Corp	109 Harbor Blvd, Akorn	US
S3-002473	Textiles Apex P Ltd	80 Meridian Rd, Brightpath Nagar, Nagpur, Gujarat, 820943	India
S3-007893	Meridian Motors Corp	87 Onyx Avenue, Harbor Park, Tacoma, OH, 21463	United States
S3-000164	Meridian, Foods Priate Limtied	277  Maplecrest Road, Nagpur, 858621	IN
S3-001107	Meridian Trading Prrivate Limited	Near Metro Pillar 42, 280 Goldleaf Road, Ironwood Nagar, Coimbatore	IN
S3-001852	Lantern Electricals PLtd	47 Orchid St, Vertex Nagar, Surat, 906639	India
S3-003129	Northgate Electricals Private Limited	Behind Ganesh Temple 186 Juniper Crs Northgate Nagar Coimbatore 926533	IN
S3-004333	Lantern P Ldt	Bluepeak Nagar, Pune, 327 Falcon Main	IN
S3-002058	Chemicals Goldleaf Limited	Apex Nagar Pune MP 853646 198 Clearwater Road	India
S3-000805	Summit, Systems and Sons Limited	18/62 Sunstone Street, Pune, Kerala, 927580	IN
S3-005632	Thistle Clearwater Electricals Company	Summit Blvd Falcon Park, Fresno	United States
S3-006337	Thislte Bluepeak Corporation	225 Brightpath Street, Peoria	United States
S3-001798	Apex Consultancy adn Sons	Stonebridge Mn, VVertex Nagar, Indore, 919663	India
S3-008457	Ironwood Solutions & Sons orporation	29/72 Silverline Avenue, Meridian Park, Fresno, TX	US
S3-000843	Goldleaf, Trading	39 Juniper Cross, Nagpur, 313382	India
S3-006086	Ravnewood Fabrics and Sons Inc	54 Lantern Boulevard Ironwood Park Mobile	United States
S3-003187	Stonebridge Incorporated	146 Vertex Boulevard, Meridian Park, Mobile, 65926	US
S3-003992	Ravenwood Harbor Systems Private Limited	117 Harbor St Pune Gujarat 864163	IN
S3-003407	Redwood Serivcess Corp	398 Clearwater Dr, Sunsttone Park, Austin, OH, 53407	United States
S3-007806	Clerwater Corp	24 Quarry Drive, Quarry Park, Near Exit 14, Akron, 86712	USA
S3-006985	Stonebridge Vertex oods Corp	194 Kestrel Mn, Orchid Nagar, Tacoma, Maharashtra, 425118	IN
S3-004183	Brightpath, Falcon Textiles and Sons Company	30 Goldleaf Avenue, Tacoma	USA
S3-001747	Stoneridge Textiiles Incorporated	41 Northgate Dr, Clearwater Park, Austin, AL, 42289	US
S3-001207	Clearwater Electricals and Sons P Ltd	16 Onyx Road, Maplecrest Nagar, Opp. Bus Depot, Kochi, Kerala	India
S3-004757	Harbor Enterprises	Silverline St, Cobalt Park, Peoria, 83703	United States
S3-008462	Northgate LLtd	210 Brightpath Cross Surat Rajasthan	India
S3-006437	Lantern Limited	6/65 Quarry Street, Onyx Nagar, Kochi, 360880	India
S3-004994	Blueepak Textiles	Opp. City Library, 276 Kestrel St, Sunstone Park, Mobile, CA, 19546	United States
S3-008002	Onyx Services	Harbor Crs, Near SBI ATM, Indore, Tamil Nadu, 466557	US
S3-003325	Ravenwoood	154 Stonebridge Road, Summit Nagar, Jaipur, Tamil Nadu	India
S3-000712	Goldeaf, Fabrics Ltd	285 Clearwater Crs, Kestrel Nagar, Pune, MP	IN
S3-004379	Glodleaf	68 Orchid Blvd Quarry Park Near Exit 14 Tacoma WA 96562	United States
S3-007530	Vertex Enterpries P Ltd	Quarry Marg, Pune, Maharashtra, 295180	India
S3-008806	Thistle, Trading Privatee Limited	Maplecrest Crs, Silverline Nagar, Kochi, 814876, Rajasthan	IN
S3-000749	Cobatl, Stonebridge Co	5/58 Onyx Rd Near Exit 14 Mobile CA	United States
S3-005046	Textiles Stonebridge Incorporated	304 Meridian Avenue ,Meridian Park, Tacoma, CA, 82890	US
S3-008516	Kestrel Chemicals Company	132 Clearwater Road, Summit Park, ePoria, 12424	United States
S3-007081	Falcon oLgistics Inc	29 Golldeaf Marg, Akron, MP, 401102	IN
S3-000741	Kestrel Consultancy Private Limmitde	Ravenwood Crs Jaipur 198248	India
S3-006358	Northgate Ironwood & Sons P  Ltd	106 Brightpath Main, Near SBI ATM, Junper Nagar, Kochi, Tamil Nadu, 625997	IN
S3-001439	Onyx, Goldleaf Electricals Limited Liability Cmopany	111 Thistle Avenue, Peoria, 86224	USA
S3-004659	Onyx Foods	25/10 Harbor Boulevard, Austin, 18725, Meridian Park	US
S3-005190	Cobalt Services & Sons Pvtt Ltd	82 Quarry St, Brightpath Nagar, Surat, Tamil Nadu, 956552	IN
S3-005610	Lantern Systms Pvt Ltd	13 Goldleaf Marg, Northgate Nagar, Jaipur, Maharashtra, 577205	India
S3-005546	Maplecrest Electricals Private Limited	244 Falcon Crs Thistle Nagar Jaipur MP 577111	IN
S3-005944	Maplecrest Cheimcals and Sons	232 Onyx Main, Clearwater Nagar, Coimbatore	India
S3-001021	Juniper Lantern Foodsa nd Sons	232 Maplecrest Street Apex Nagar Nagpur	India
S3-001377	Motors Goldleafand Sons PL td	252 Meridian Rd, Near SBI ATM, Sunstone Nagar, Jaipur, 499456	India
S3-004252	Falcon Solutions P Ltd	269 Meridian Marg, Meridian Nagar, Coimbatore, 461422	India
S3-006798	Cobalt, Mootrs Co	188 Quarry Road, Stonebridge Park, Lubbock, WA, 84956	United States
S3-000767	Goldleaf Limited	146 Juniper St, Meridian Nagar, Pune	India
S3-007393	Falcon Lantern Industries Compnay	185 Apex Main, Redwood Nagar, Nagpur, 136170	United States
S3-008704	Clearwater P Ltd	Near Exit 14, 164 Falcon Road, Peoria, 19753	IN
S3-004110	Lantern Onyx Corporation	Northgate St, Northgate Park, Lubbock, OH	United States
S3-001483	Lantern Motors P Ltd	321 Falcon Street, Nagpur, Maharashtra, 721227	IN
S3-007847	Cobalt Enterprises	30 Falcon Blvd, Maplecrest Park, Fresno, IL, 55874	US
S3-007204	Maplecrest Foods Limited Liability Company	246 Northgate Street Goldleaf Park Akron AL	United States
S3-002683	Sotnebridge Trading	218 Summit Crs, Jaipur	IN
S3-000131	Stonebriidge	195 Quarry Drive, Sunstone Park, Peoria, IL, 85858	US
S3-006235	Kestrel Trading & Sons	318 Ravenwood Ave, Stonebridge Park, Tacoma, AL, 80356	United States
S3-001572	Sunstone Corp	205 Meridian Drive, Bluepeak Park, Mobile, WA	USA
S3-001950	Sunstone Systems & Sons Limited Liability Company	Ravenwood Road, Meridian Park, rFesno, 76518	US
S3-006868	Falcn Motors Company	104 Redwood Boulevard, Thistle Park, Peoriia, CA	United States
S3-002016	Harbor Packaging & Sons Private Limited	136 Summit Cross, Silverline Nagar, Kochi, 798496	India
S3-007670	Vertex Pvt Ld	16/80 Kestrel Road, Thistle Park, Peoria, CA	IN
S3-003507	Ravenwood, Solutions	Summit Rd Summit Nagar Kochi Gujarat	IN
S3-003981	Falcon Company	191 Stonebridge St, Opp. City Library, Northgate Paark, Fresno, AL, 50756	US
S3-006177	Falcon Consultancy Co	304 Vertex Road, Mobile, 98842	US
S3-001940	Kestrel Enterprises Ltd	155 Goldleaf Main Goldleaf Nagar Jaipur MP 102205	IN
S3-000251	Ravenwood & Sons	337 Sunstone Road, Kochi, Gujarat, 441333	India
S3-002690	Quarry Pacaging Private Limited	193 Kestrel Crs, Ironwood Nagar, Jaipur, 297354	India
S3-007264	Apex rading Private Limited	398 Onyx Marg, Pune	India
S3-002408	Harbor Logistics and Sonns Corp	6/55 Stonebridge Street, Stonebridge Park, Opp. City Library, Tacoma, OH, 55825	US
S3-004380	Cobalt Electricals	32 Quarry Street, Austin, 34260	United States
S3-006364	Vertex Industries Private Limited	72 Orchid Street, Maplecrest Nagar, Surat, Gujarat, 502430	India
S3-000894	Cobalt Motors Inc	178 Redood Drive, Quarry Park, AL, Lubbock	United States
S3-007359	Kestrel, Redwood Electricals Private Limited	Near SBI ATM, Harbor Street, Summit Nagar, Kochi, 529464	IN
S3-000587	Northgate oFods Incorporated	59 Lantern Blvd, Ironwood Park, Austin, IL	US
S3-008823	Lantern Industries	254 Orchid Dr, Brightpath Park, Austin, WA, 56697	USA
S3-004666	Ae, xLogistics Private Limited	10/78 Meridian Marg, Bluepeak Nagar, Coimbatore, Tamil Nadu	IN
S3-007628	Falcon Bluepeak Fabrics P Ltd	17/10 Ironwood Road, Meridian Nagar, Jaipur, 455557	India
S3-000546	Summit Packaging Icnorporated	Cobalt Road, Behind the Ciivc Center, Lubbock	US
S3-006605	Sunstone Pvt Ltd	285 Clearwater Cross Quarry Nagar Coimbatore 622963	India
S3-003110	Vertex, Redwood Foods Limited Liability Company	39 Maplecrest Street Lubbock	USA
S3-007317	Thistle Txetiles	149 Onyx Road, Pune	India
S3-004808	Summit Onyx Logistics P Ltd	Apex Marg, Northgate Nagar, Opp. Bus Depot, Coimbatore, Kerala, 298681	IN
S3-000057	Meridian Pvt Ltd	380 Ravenwood St Quarry Nagar Kochi MP 913392	India
S3-004612	Blueepak, Enterprises	297 Clearwater Mn, Cobalt Nagar, Coimbatore, Rajastan	India
S3-000127	Brightpath Northgate Foods Company	357 Apex Avenue, Northgate Park, Akron, IL, 13049	United States
S3-009234	Falcon Industries Pvvt Ltd	233 Lantern Blvd Stonebridge Park Peoria OH	India
S3-001440	Sillverline Systtems Ltd	121 Apex St, Thistle Nagar, Kochi, Tamil Nadu, 702245	India
S3-000450	Bleupeak, Solutions Private Limited	Juniper Marg, Brightpath Nagar, Nagpur, Kerala	IN
S3-001391	Goldleaf Textiles	Near Exit 14, 314 Meridian Dr, Onyx Park, Fresno, WA, 50388	US
S3-004592	Kestrel Consultancy P Ltd	229 Quarry Crs, Behind Ganesh Temple, Maplecrest Nagar, Kochi, Maharashtra	India
S3-003392	Kestrrel Consultancy Private Limited	Stonebridge Main, Near Metro Pillar 42, Jaipur, Tamil Nadu	India
S3-002040	Packaging Onyx and Sons Pvt Ltd	308 Brightpath Street, Apex Nagar, Jaipur	India
S3-006838	Kestrel Textiles Inc	Opp. City Library, 129 Vertex Boulevard, Thistle aPrk, Peoria	USA
S3-002192	Falcon Enterprisses P Ltd	211 Clearwater Crs Apex Nagar Nagpur Kerala	India
S3-003400	Vertex Logistics	239 Quarry Cross, Surat	India
S3-004052	Vertex, Consultancy Corpoaation	Silverline Blvd Fresno AL	United States
S3-000885	Thistle Enterprises LLC	246 Quarry St Lubbock 18236	United States
S3-002659	Silverline Txtiles Pvt Ltd	223 Meridian Marg, Stonebridge Nagar, Coimbatore, Maharashtra 635829	IN
S3-006887	Onyx Packagin gLimited	Clearwater Nagar, Surat, Kerala, 20 Brightpath Rd	India
S3-009098	Summit Fabrics	239 Stonebridge Ave, Silverline Park, Akron	United States
S3-002416	Bluepeak Bluepeak Motors Incorporated	143 Ironwood Ave Lubbock IL	United States
S3-006849	Thistl Chemicals Co	373 Clearwater Road, Brightpath Park, Tacoma, 14782	United States
S3-007047	Apex Textiles Limited	Stonebridge St, Maplecrest Nagar,P une, Gujarat, 858209	IN
S3-003795	Onyx Harbor Servicees Incorporated	229 Kestrel Ave, Ravenwood Park, Akron, 57419	USA
S3-004771	Stonebridge Enterprises && Sons Limited	44 Onyx Marg, Kestrel Nagar, Surat, Gujarat, 650524	India
S3-004933	Kestrel Logistics	307 Apx Rd, Apex Park, Austin, TX, 10232	United States
S3-004153	Orchid Services Private Limmited	Kestrel Marg, Harbor Nagar, Nagpur, Rajasthan, 846494	IN
S3-004985	Juniper Orchid Industries Incorporated	Near Exit 14 163 Vertex St Onyx Park Mobile WA 55877	USA
S3-006397	Ravenwood Silverline Industries Incorporaated	248 Cobalt Road, Kestrel Park, Fresno, OH	US
S3-000577	CobaltLtd	Stonebridge Marg, Juniper Nagar, Coimbatore, Gujarat, 191001	India
S3-001247	Thistle Trading Corp	18 Northgate Rd, Near Exit 14, Meridian Park, Akron, IL, 34090	USA
S3-004323	Summit & Sons CCo	266 Stonebridge Avenue, Bluepeak Park, Peoria, TX, 60148	USA
S3-001163	Kestre Foods Incorporated	Lantern Park, Fresno, 11591, 10 Orchid Street	US
S3-009198	Juniper Goldleaf Electricals & Sons LLC	243 Clearwater Boulevard, Behind the Civic Center, Falcon Park, Austin, AL, 26348	USA
S3-002791	Thistle Consultancy	283 Falcon Marg Coimbatore Maharashtra	IN
S3-005799	Juniper Private Limited	166 Lantern Crs, Quarry Nagar, Jaipur	IN
S3-006539	Redwood Corpporation	23/72 Juniper Avenue, Silverline Park, Peoria, 27115	US
S3-004551	Brightpath Chemicals P Ltd	90 Redwood Strreet, Brightpath Nagar, Opp. Bus Depot, Coimbatore, Gujarat, 957793	IN
S3-008412	Ravenwood Motors Limitde	Maplecrest Main, Redwood Nagar, Surat	India
S3-001185	Goldleaf, Industries	201 Goldleaf Rd, Harbor Nagar, Kochi, Tamil Nadu	IN
S3-001550	Stonebridge Industries & Sons Limited	389 Apex Road, Bluepeak Nagar, Coimbatore, 173596	India
S3-009136	Meridian Ravenwood Fabrics and Sons Company	46 Sunstone Boulevard Redwood Park Lubbock IL	US
S3-004903	Foods Bluepeak Incorporated	Falcon Road, Near Exit 14, Summit Park, WA, Mobile	US
S3-002135	Ketrel Motors Pvt Ltd	395 Harbor Street, Pune, Maharashtra, 263084, Bluepeak Nagar	India
S3-006241	Summit Icnorporated	299 Northgate Boulevard, Opp. City Library, Stonebridge Park, Peoria, CA	United States
S3-004277	Bluepeak Trading	76 Orchid Crs Brightpath Nagar Jaipur	India
S3-007406	Redwood Priate Limited	211 Maplecrest Crs, Apex Nagar, Near SBI ATM, Indore	IN
S3-007848	Falcon P Ltd	278 Goldleaf Road, Sunstone Nagar, Jaipur, Rajasthan, 671208	IN
S3-003647	Lantern Textiles Ltd	Near SB ATM, Indore, Tamil Nadu, 382 Orchid Cross	IN
S3-004504	Brightpath Maplecrest Fabrics	153 Goldleaf Main, Indoe, 635920	India
S3-003915	Verteex Fabrics LLC	239 Silverline Rd, Peoria, WA, 12592	United States
S3-006232	Cobalt Industries LLC	118 Stonebridge Street, Goldleaf Park, Opp. City Library, Lubbock	USA
S3-006551	Redwood Enterprises & Sons Priivate Limited	Sunstone St, Kochi, Rajasthan, 595132	IN
S3-006395	Maplecrest Services Company	100 Thistle Rd Sunstone Par kAustin IL 84115	United States
S3-001957	Lantern Enterprises Co	63 Vertex Road, Ironwood Park, Fresno, TX, 96141	US
S3-000629	Redwood Fabric P Ltd	87 Brightpath Crs, Vertex Nagar, Nagpur, 238135	India
S3-005276	Ravenwood Coonsultancy & Sons Inc	Northgate Park Fresno 154 OOnyx Road	USA
S3-005770	Vertxe Tading	197 Falcon Cross, Clearwater Nagar, Behind Ganesh Tempel, Coimbatore, Rajasthan	IN
S3-004619	Orchi Packaging P Ltd	Near SBI ATM 371 Lantern Marg OnyxNagar Kochi MP 806267	India
S3-003072	Northgate Enterprisees Pvt Ltd	Goldleaf Cross Falcon Nagar Coimbatore Rajasthan 411085	India
S3-003460	Thistle Industries Incorproated	29 Sunstone Street, Ravenwood Park, CA, Mobile	USA
S3-008270	Ravenwood Textiles P Ltd	345 Vertex St, Harbor Nagar, Surat, 778266	IN
S3-007492	Cobalt Company	248 Northgate Road ,Northgate Park, Akron	USA
S3-001658	Orchid Packaging  Inc	21/40 Vertex Boulevard, Brightpath Park, Lubbock, 75914	United States
S3-008860	Stoneridge Brightpath Fabrics and Sons Pvt Ltd	396 Ironwood Road Summit Nagar Coimbatore	IN
S3-004648	Redwood Goldleaf Textlies & Sons Pvt Ltd	170 Silverline Cross, Clearwater Nagar, Surat, Rajasthan	IN
S3-000991	Falcon Industires P Ltd	3/73 Kestrel Mn Pune	India
S3-000821	Onyx Brightpath Motors	39/24 Clearwater Street Juniper Nagar Pune 793021	IN
S3-009181	Foo Kestrel	2 Brightpath Ave, Harbor Park, Peoria, OH, 59190	USA
S3-005468	Logistics Harbor Goldleaf Corp	203 Juniper Road, Redwood Park, Mobile, OH, 21229	US
S3-000659	Ravenwood Fabrics Inc	333 Apex Street, Fresno, 57799	USA
S3-004337	Kesttrel Consultancy Corp	294 Redwood Street, Tacoma	USA
S3-006422	OnyxFabrics	169 Onyx Ave, Juniper Park, Akrn, OH	US
S3-004674	Stoneridge Inc	225 Thistle Ave, Falcon Park, Fresno, CA	United States
S3-005050	Brightpath Packaging Pvt Ltd	81 Sunstone Cross, Meridian Nagar, Nagpur, Rajasthan	IN
S3-007433	Thistle Maplecrest Trading and Sons Corp	198 Stonebridge Street, Lubbock, OH, 99242	USA
S3-000168	Bluepeak Consultancy Private Limited	71 Juniper Crs, Goldleaf Nagar, Indore, Rajasthan	IN
S3-007755	Juniper Systems Pvt Ltd	385 Falcon Main Ravenwood Nagar Near Metro Pillar 42 Pune Gujarat	IN
S3-000970	Redwood Bluepeak Solutions Limited Liability Company	164 Quarry Road, Quarry Park, Mobile, WA, 47952	United States
S3-008389	Brightptah Services Co	8/50 Thistle Ave, Clearwater Park, Fresno, 39240	US
S3-003212	Ironwood Industries Co	46 Juniper Drive, Juniper Park, Lubbock, OH 25214	USA
S3-006576	Orchid, Packaging Private Limied	Juniper Mn, Harbor Nagar, Surat, Tamil Nadu	IN
S3-006013	Thistle Packaging & Sons Ltd	35 Lantern Cross, Brightpath Nagar, Pune, Kerala, 296242	IN
S3-001221	Qurary Systems P Ltd	225 Orchid Road, Jaipur, MP	IN
S3-002370	Thistle Industries Incorporated	372 Goldleaf St, Vertex Park, Akron, 68946	USA
S3-008165	Sivlerline Incorporated	22/81 Vertex Street, Cobalt Park, Akron, AL	US
S3-005179	Apex, Incoroprated	Near Exit 14, 233 Silverline Drive, Quarry Park, Lubbock, 10100, AL	USA
S3-004010	Bluepeak Incorporated	Orchid Ave, Quarry Park, Fresno	United States
S3-007265	Packagig Goldleaf and Sons LLC	227 Northgate Drive, Apex Park, Tacoma, OH, 60812	United States
S3-008061	Stonebridge Chemmicals Ltd	374 Thistle Marg, Kestrel Nagar, Kochi, 802844	India
S3-000056	Ravenwood Meridian Foods and Sons	144 Kestrel Rd, Coimbatore, Maharashtra, 414984	India
S3-003790	Maplecrest Limited	335 Juniper Road, Cobalt Nagar, Maharashtra, Jaipur	India
S3-002427	Orchid Textiles Inc	158 Orchid Road, Austin, IL, 22887	USA
S3-004037	Harbor Trading ad Sons	177 Harbor Rd, Silverline Park, Tacoma	USA
S3-002406	Ravenwood Ltd	94 Maplecrest Cross, Onyx Nagar, Nagpur	India
S3-008105	Stonebridge Private Limited	315 Vertex Avenue, Thistle Park, Pune, CA, 66831	USA
S3-006503	Bluepeak Services LLimited	20 Summit Street, Surat, Gujarat, 588888	IN
S3-007372	Falcon Textiles & Son sPrivate Limited	87 Ravenwood Rd, Nagpur, OH, 37412	United States
S3-005835	Vertex Packaging Limited	22 Juniper Street Meridian Nagar Coimbatore Kerala 692531	IN
S3-003246	Falcon Services Corp	57 Goldleaf Boulevard Orchid Park Peoria 55187	United States
S3-002400	Orchid Services Pvt Ltd	225 Northgate St, Pune	IN
S3-002906	Summit Ravenwood Corp	210 Northgate St, Onyx Park, Mobile, 32571	United States
S3-005138	Claerwater Motors Co	132 Bluepeak Dr, Bluepeak Park Austin	United States
S3-006787	Ironwood Electricals Pvt Ltd	384 Redwood Road Brightpath Nagar Surat 508201	IN
S3-001232	Quarry Consultancy Pvt Ltd	388 Brightpath Marg, Redwood Nagar, Jaipur, Maharashtra, 969694	India
S3-008207	Industries Aepx Private Limited	135 Sunstone Marg Redwood Nagar Nagpur Kerala	India
S3-003654	Kestrel Stnoebridge Solutions & Sons Co	102 Maplecrest Avenue, AAkron, TX, 71720	United States
S3-004891	Thistle, & Sonns Pvt Ltd	383 Falcon Street, Ironwood Nagar, Pune, Tamil Nadu, 908205	IN
S3-005662	Thistle Limited	Sunstone Street, Maplecrest Nagar, Pune, MP	India
S3-007639	Rvaenwood, Fabrics P Ltd	366 Falcon Marg, Quarry Nagar, Indore, Rajasthan, 366024	India
S3-003954	Apex Vertex Services Private Limited	374 Thistle St, Pune, MP	India
S3-002183	Juniper Electricals Private Limited	315 Harbor Marg, Kochi, 165021	IN
S3-008361	Orchdi Foods	348 Ravenwood Boulevard, Northgate Park, Fesno, 31669	USA
S3-008953	Summit Vertex Electricals Limited Liability Company	392 Vertex St Opp. Bus Dpot Falcon Nagar Lubbock	India
S3-003776	Onyx Harbor Tetiles	128 Juniper Road, Near Exit 14, Mobile, Orchid Park	US
S3-003625	Harbor Industreis Corp	376 Juniper Blvd, Behind the Civic Center, Tacoma, AL	US
S3-001381	Redwood Elletcricals Pvt Ltd	198 Ironwood Street, Maplecrest Nagar, Coimbatore	IN
S3-005153	Silverilne Solutions	100 Clearwater Road, Stonebridge Nagar, Pune, Maharashtra	India
S3-000960	Clearwaterr, Trading Private Limited	Behind Ganesh Temple, 194 Stonebridge Main, Pune, 168781	IN
S3-008397	Maplecrest Onyx Limited	59 Orchid Drive, Indore, CA, ClearwaterP ark	US
S3-006679	Juniper Private Lmiited	356 Redwood Street, Near SBI ATM, Ironwood Nagar, Kochi	India
S3-000757	Enterprises Clearwater Meridian Limited	227 Goldleaf Cross, Pune, MP	IN
S3-006385	Sunstone Industries Co	267 Stonebridge Ave, Tacoma, TX, 71195	USA
S3-003134	Ravenwood otors Company	39 Bluepeak Drive, Clearwater Park, Austin, CA	United States
S3-001991	Maplecrest Onyx Consultancy	280 Quarry Street, Harbor Park, Akron, 93472	United States
S3-008144	Oyx Inc	373 Juniper Dr, Redwood Park, Lubbock, IL, 40464	US
S3-000789	Lantern Pacckaging LLC	Behind the Civic Center, 56 Northgate Avenue, Apex Park, Mobile, AL	US
S3-000759	Meeridian Clearwater Enterprises Ltd	378 Orchid Marg, Sunstone Nagar, Pune, MP, 628977	India
S3-002950	Ravenwood, Electricals Private Limited	99 Quarry Mn Jaipur 606016	India
S3-008859	Foods Harbor & Sons Private Lmited	210 Thistle Marg, Lantern Nagar, Nagpur, 357617, Maharashtra	India
S3-003723	Sunsttone	16 Bluepeak Marg, Thistle Nagar, Nagpur, Rajasthan, 275762	IN
S3-009195	Summit	65 Orchid Marg, Silerline Nagar, Surat, MP	India
S3-006253	Buepeak, Packaging	Kestrel Road, Surat, Rajasthan, 715264	India
S3-000250	Maplecrest Falcon Fabrics Company	309 Meridian Road, Silverline Park, Mobile, OH	US
S3-004349	Thistle Incorporated	325 Ravenwood St, Austin, OH, 23663	US
S3-006399	Thistle, Bluepeak Limited	279 Orchid St, Ravenwood Nagar, Coimbatore, Kerala, 809857	IN
S3-001453	Thistle Chemicals Commpany	Behind the Civic Center, 375 Silverline Rd, Ironwood Park, Lubbock, AL	United States
S3-000050	Onyx Industries Incorporated	22/29 Malpecrest Boulevard, Ironwood Park, Austin, IL, 86842	United States
S3-008352	Stonebridge Packaging Corp	310 Goldleaf Avenue, Apex Park, Fresno, OH	US
S3-006158	Goldlleaf Silverline Foods Company	56 Quarry Street, Cobalt Park, Akron	US
S3-005676	Harbor, Etnerprises Pvt Ltd	223 Clearwater Main, Apex Nagar, Kochi, Kerala	India
S3-000931	Kestrel Industries Private Limited	294 Onyx St, Goldleaf Nagar, Pune, Kerala, 784502	India
S3-005663	Chemicals Sunstonee Co	258 Juniper Dr, Thistle Park, Austin, WA	USA
S3-002932	Sustone Private Limited	372 Ironwood Street, Kestrel Nagar, Opp. Bus Depot, Pune, MP, 514470	IN
S3-005357	Clearwater Kestrel an dSons	Near Metro Pillar 42, 10/67 Falcon St, Summit Nagar, Surat, Tamil Nadu, 705352	India
S3-004946	Clearwater Solutions P Ltd	105 Silverline Mn, Summit Nagar, Surat, Rajasthan, 385631	India
S3-008156	Meridian, Enterprises Inc	350 Maplecrest Street, Opp. City Library, Ironwood Park, Fresno, AL, 89515	US
S3-009193	Summit Meridian EElectricals Ltd	Near Metro Pillar 42, 11 Summit St, Jaipur	IN
S3-002835	Redwood Maplecrest Solutions Incorpporated	47 Northgate Blvd Akron WA	US
S3-004030	Northgate Ravenwwood Co	58 Thistle Ave, Brightpath Park, Behind the Civic Center, Mobile, 15011	United States
S3-002041	Packaging Onyx Pvvt Ltd	254 Ravenwood Marg, 312506, Nagpur	India
S3-003291	Onyx Motrs	Onyx Crs Indore Kerala 761037	India
S3-002908	Northgate, Chemicals and Sons	84 Ironwood Drive Ironwood Park Mobile CA 21710	USA
S3-005286	Occrhid Meridian Textiles Co	6/82 Harbor Blvd, Ironwood Park, Tacoma, 85880	United States
S3-003288	ConsulltancyCo	233 Stonebridge Avenue, Opp. City Library, Austin, 39824, Lantern Park	US
S3-003282	RedwoodF oods Co	138 Onyx Blvd, Northgate Park, Tacoma, 95638	United States
S3-008432	Silverline Industries Private Limited	158 Bluepeak St, Summit Nagar, Surat	IN
S3-000499	Falcon hemicals Private Limited	88 Cobalt Mn, Coimbatore, MP, 823199	IN
S3-007619	Harobr Chemiacls Corp	146 Summit St, Lantern Nagar, Austin, 123791	IN
S3-006403	Mplecrest Trading Ltd	317 Silverline Marg, Onyx Nagar, Behind Ganesh Temple, Coimbatore, 205163	IN
S3-003845	Snstone Foods Icorporated	373 Apex Road Quarry Park Austin	USA
S3-005023	Fabrics	314 Lantern Crs, Sunstone Nagar, Pune, Kerala, 908152	IN
S3-005603	Meridian and Sons Limited	39/11 Juniper Crs, Ironwood Nagar, Indore, 609915	IN
S3-006960	Mapleecrest Service Co	216 Harbor Rd, Coimbatore, MP	USA
S3-005306	Lantern Ironwood Eleectricals Inc	Behind the Civic Center, 21 Ironwood Drive, Peoria, 52052	United States
S3-000869	Goldleaf, Services Private Limited	61 Sunstone Marg, Maplecrest Nagar, Nagpur	IN
S3-005979	Juniper Northgate Fabric sand Sons	190 Kestrel Main, Summit Nagar, Pune, Gujarat, 860678	IN
S3-007468	Falcon Packaging Corporation	165 Cobalt Road, Austin, IL	US
S3-006764	Quarry Falcon & Sons Limited Liability Company	83 Orchd Blvd, Lantern Park, Akron, CA	USA
S3-007490	Quarry Consultancy	358 Falcon Marg, Sunstone Nagar, Jaipur	India
S3-008752	Redwood Textile sPrivate Limited	106 Cobalt Blvd, Opp. City Library, Brightpath Park, Austin, CA, 66830	IN
S3-000580	Tradig Thistle Privatte Limited	200 Brightpath Rd, Quarry Nagar, Coimbatore, Gujarat, 475584	IN
S3-007446	Meridian Meridian Trading & Sons Private Limited	108 pex Main, Thistle Nagar, Kochi, 752818	IN
S3-002823	Lantern, Consultancy P Ltd	Brightpath Marg, Harbor Nagar, Surat, Tamil Nadu, 542265	India
S3-000175	Verrtx	317 Brightpath Street, Indore	India
S3-005682	Silverline Consutlancy	183 Falcon St Austin IL	US
S3-001780	Clearwater Eletcricals P Ltd	Onyx Nagar, Jaipur, Brightpath Rd	India
S3-008154	Ironwood Electricals and oSns rivate Limited	143 Quarry DDr, Orchid Park, Surat, OH, 38522	US
S3-003135	Ravenwood Motors Co	Bluepeak Drive, Austin, CA	USA
S3-003746	Harbor Electrricals P Ltd	196 Meridian Street, Kestrel Nagar, Nagpurr, Rajasthan, 178020	IN
S3-008776	JuniperIndustries Private Limited	396 Apex Crs, Redwood Nagar, Jaipur, Maharashtra, 450591	IN
S3-006947	Northgate Vertex Cosultancy Pvt Ltd	228 Thistle Cross Quarry Nagar Surta Maharashtra 241550	India
S3-006972	Sunstone, Silverline Foods Private Limited	310 Golldeaf Marg Lantern Nagar Pune Rajasthan	IN
S3-008571	Brighhtpath Corp	12 Vertex Road, Thistle Park, Behind the Civic Center, Lubbock, AL	USA
S3-005035	Apex Textiles Incorporated	Stonebridge Street Behind the Civic Center Kestrel Park Akron 50581	USA
S3-007612	Orchid Ravenwood Inddustries and Sons Ltd	250 Brightpath Street Behind Ganesh Temple Cobalt Nagar Pune Tamil Nadu 768622	India
S3-004048	Meridia Logistics	236 Meridian Mn Goldleaf Nagar Kochi Gujarat 246742	India
S3-005401	Juniper Systems Pvt LLtd	Bluepeak Cross, Bluepeak Nagar, Indore, 193973	India
S3-006306	Ony Inc	Juniper Avenue, Orchid Park, Mobile, 26855, Near Exit 14	USA
S3-004223	Orchid and Sons Ltd	324 Brightpath St, Vertex Nagar, Indore	India
S3-005232	Harbor Northgate Foods Private Limited	130 Redwood Street, Coimbatore, MP, Quarry Nagar	India
S3-007997	Ironwoood LLC	309 Sunstone Dr, Austin, CA, 75933	USA
S3-004552	Brighpath P Ltd	Redwood Street Brightpath Nagar Coimbatore	IN
S3-001084	Golldleaf P Ltd	232 Falcon Rd, Cobalt Nagar, Gujarat, 432083, Coimbatore	India
S3-005171	Sunstone	85 Harbor Blvd Orchid Park Lubbock 57152	US
S3-004336	Latern Trading P Ltd	Stonebridge Nagar, Pune, Tamil Nadu, 61023, 92 Ironwood Marg	India
S3-001756	Kestrel LLC	322 Stonebridge Ave, Redwood Park, Mobile, OH, 34652	US
S3-003076	Harbbor Pvt Ltd	29/12 Vertex Marg, Summit Nagar, Kochi, Maharashtra, 232036	India
S3-008521	Quarry Summit Packaging	109 Goldleaf Crs, Pune, Tamil Nadu, 119571, Stonebridge Nagar	India
S3-003189	Chemicals Stonebridge Inc	29 Northgate Blv,d Vertex Park, Mobile, 28703	US
S3-008284	Facon Industries Incorporated	Near Exit 14, 107 Onyx tSreet, Sunstone Park, Austin, TX	USA
S3-001500	Silverline Packaging Private Limited	Behind Ganesh Temple 67 Falcon Street Ironwood Nagar Coimbatore Maharashtra	India
S3-003984	JuniperChemicals	285 Thistle Drive, Ironwood Park, Akron, 81438	US
S3-006839	Lantern Textiles Ltd	Indore, 800459, 46 Summit Road	IN
S3-006520	Meridian Meridian Lttd	252 Apex Mn Apex Nagar Surat P 956720	India
S3-008304	Raenwood Foods Inc	253 Orchid Mn, Fresno, 413398	India
S3-003013	Juniper Vertex & Sons Private Limited	35 Cobalt Marg, Surat, Gujarat, 183441	India
S3-003510	Summit Chemicals  & Sons	355 Apex Street, Cobalt Park, Lubbock, AL, 81933	USA
S3-002345	Ironwood Cheicals P Ltd	170 Bluepeak Cross, Cobalt Nagar, Jaipur, Tamil Nadu, 427692	India
S3-003032	Quarry Solutions Corp	27/1 Quarry Ave, Ravenwood Park, Near Exit 14, Lubboc,k TX, 76405	United States
S3-000064	Meridian, Silverline Systems & Sons	18 Ravenwood Road Juniper Nagar Coimbatore 699993	India
S3-001073	Blluepeak Packaging Corporation	43 Harbor Drive, Brightpath Park, Tacoma, CA, 22162	United States
S3-008952	Blupeeak Stonebridge Fabrics Corp	370 Brightpath Cross, Juniper Nagar, Peoria, MP	India
S3-003218	Orcchid	36/78 Goldleaf Crs, Nagpur, 932984	IN
S3-005871	Kestrel Elecctricasl	201 Lantern Crs, Sunstone Nagar, Indore, 228758	India
S3-007275	Clearwater Textiles	13 Silverline St, Ravenwood Nagar, Indore, MP	India
S3-005691	Lantern Foods	46 Kestrel Ave, Ravenwood Park, Fresno, TX, 77690	USA
S3-002437	Industries and Sons	9/81 Ravenwood Ave, Northgate Park, Fresno, OH, 62973	US
S3-007984	Ironwood, Electricals Corp	234 Bluepeak Boulevard, Bluepeak Park, Peoria, 52953	United States
S3-008800	Orchid Chemicals Private Limited	95 Juniper Street, Redwood Nagar, ochi, Gujarat	India
S3-008541	Stonebridge Textiles an Sons LLC	322 Vertex Marg, Maplecrest Nagar, Kochi	US
S3-000133	Stonebridge Logistics Coropration	263 Brightpath Road, Quarry Park, Peoria, CA, 84978	US
S3-007455	Orchid Fabrics Pvt Ltd	250 Quarry Marg Apex Nagar Nagpur 954011	India
S3-000810	Ravenwood Services Co	99 Brightpath Road Austin 19054	US
S3-003012	Juniper Vertex Services Pvt Ltd	135 Silverline Street, Sunstone Nagar, Jaipur, MP, 277114	India
S3-007160	Blueepeak Foods Corp	175 Vertex Road, Cobalt Nagar, Pune, 521963	USA
S3-001209	Summit, Services Co	81 Redwood Drive, Fresno, IL, 72465	USA
S3-003502	Bluepeak Fooods Co	129 Lantern Ave Silverline Park Lubbock IL 87238	United States
S3-004775	Lantern Redwood LLC	33 Quarry Rd, Opp. City Library, Northgate Park, Akron, TX, 18946	USA
S3-003786	Ironwood Services Privatee Limited	10/79 Summit Road, Sunsttone Nagar, Surat	IN
S3-000265	Bluepeak Vertex Consultancy Private Limited	175 Northgate Marg, Summit Nagar, Behind Ganesh Temple, Nagpur, Rajasthan	IN
S3-008261	Silverline Systems	191 Sunstone St, Onyx Nagar, Pune, Kerala, 926266	India
S3-000919	Cobalt Chemicals Pvt Ltd	35 Ravenwood St, Pune, Kerala	India
S3-009212	Stonebridge Logistics Private Limited	Ironwood Street Austin 96944	IN
S3-007778	Stonnebridge Trading	29/69 Harbor Cross, Harbor Nagar, Jaipur, Gujarat	India
S3-004999	Foods Juniper Ltd	98 Sunstone Mn, Silverline Nagar, Surat, 193180	India
S3-008262	Brightpath, Enterpries	234 Quarry Dr, Clearwater Park, Lubbock, 80634	United States
S3-002238	Apex, Orchid Motors & Sons P Ltd	Kestrel Marg Clearwater Nagar Kerala 221668 Nagpur	India
S3-002029	Northgate Textiles and Sons Pvt Ltd	35/53 alcon Road, Kochi, Gujarat, 179010	India
S3-004902	Apex Bluepeak Foods Incorpoorated	398 Ironwood Rd Sunstone Park Fresno 11614	US
S3-004641	Harbor Systems	22/4 Stonebridge Rd, Opp. City Library, Juniper Park, Mobile, CA, 35412	USA
S3-008068	Onyx Consultancy & Sons	236 Quarry Marg Stonebridge Nagar Nagpur Tamil Nadu	India
S3-000736	Redwood Qurary Foods Corp	9/2 Thistle Dr, Quarry Park, Akron, 98431	United States
S3-003293	Stonebridge, Limited	111 Harbor Road, Nagpur	IN
S3-001013	Sunstone Juniper & Sons Private Limited	291 Northgate Road, Kocchi, Kerala, 102022, Clearwater Nagar	IN
S3-007230	Services & Sons Limited Liability Comapny	84 Bluepeak Dr, Apex Park, Opp. City Library, Tacoma, IL	United States
S3-007955	Ravenwood Lantern TTextiles Inc	5 Bluepeak St, Juniper Nagar, Lubbock	IN
S3-008312	Junipe rFoods LLC	11/48 Apex Mn, Vertex Nagar, Coimbatore, Kerala	USA
S3-000909	Stonebridge and Sons Limmited Liability Company	289 Ravenwood Rd, Apex Park, Fresno, OH, 12769	United States
S3-008471	Harbor Solutions & Sons rivate Limited	386 Stonebridge Rd Cobalt Nagar Coimbatore	India
S3-000600	Blueppeak Junipper Consultancy	Kestrel Road, Maplecrest Park, Lubbock, OH, 88755	US
S3-004998	Ironwood Chemicals Corp	33 Clearwater Boulevard, Lantern Park, Peoria, AL, 32742	USA
S3-005162	Siilverline, Northgate Enterprises & Soons Inc	209Falcon Dr, Vertex Park, Peoria	US
S3-004324	Brightpath, Systems Corporation	264 Silverline St, Sunstone Park, Behind the Civic Center, Fresno, TX, 50919	United States
S3-007931	Brightpath, Enterprises Incorporated	258 Stonebridge Avenue, Austin, IL, 68343	US
S3-006316	ThitleFoods P Ltd	140 Meridian St Kestrel Nagar Coimbatore 658714	IN
S3-001927	Vertex Foods & Sons LLC	Apex Blvd Juniper Park Austin	United States
S3-003127	Orchid Electricals	334 Orchid Mn, Near SBI ATM, Bluepeak Nagar, Surat, Rajasthan	India
S3-003715	Kestrel	Kestrel Blvd, Maplecrest Park,  Lubbock, WA, 40766	USA
S3-007790	Cobalt Services and Sons Incoporated	323 Lantern St, Akron, 61936	USA
S3-000681	Summit	359 Stonebridge Boulevard, Sunstone Park, Akron, CA, 33172	US
S3-009130	Orchid Kestrel Chemicals & Sons	Opp. Bus Depot, 305 Redwood Road, Clearwater Nagar, Nagpur, Gujarat	India
S3-008581	Juiper Foods Corp	136 Meridian Blvd Quarry Park Peoria IL 95255	US
S3-002790	Consultancy Thistle PvtLtd	283 Falcon Marg Onyx Nagar Coimbatore Maharashtra 900837	India
S3-007044	Brihgtpaath & Sons Pvt Ltd	87 Summit St, Summit Nagar, Coimbatore, 336627, Tamil Nadu	IN
S3-007294	Meridian P Ltd	236 Meridian St, Kestrel Nagar, Surat, Kerala, 775508	India
S3-007501	Meridan, Fabrics Corp	389 eMridian Rd Northgate Park Peoria 46592	United States
S3-007594	Ravenood, Limited Liability Company	224 Summit Road, Brihtpath Nagar, Fresno, 340052	IN
S3-004288	Northgate and Sons Corp	220 Redwood Street, Brightpath Park Mobile	US
S3-007276	Lantern Juniper Logistics P Ltd	49 Meridian Marg, Goldleaf Nagar, Kochi, 924944	IN
S3-004905	Cobalt and Snos Company	143 Stonebridge Boulevard, Summit Park, Akron, AL, 70067	United States
S3-003513	Maplecrest Ravenwood Pvt Ltd	264 Juniper Road, Cobalt Naagar, Pune	India
S3-007727	Redwood, Motors	Thistle St, Apex Park, Austin,I L	USA
S3-004139	Orchid P Lttd	Lantern Mn, Brightpath Nagar, Coimbatore, 774517	IN
S3-008900	Maplecrest Private Limited	138 Clearwater Mn Bluepeak Nagar Surat 700625	IN
S3-004546	Sunstone and Sons Limited Liability Comppany	121 Brightpath Rd, Onyx Park, Fresno, IL	United States
S3-003492	Kestrel Textiles LLC	33 Sunstone Road, Juniper Park, Peoria, 60626	United States
S3-005455	Bluepeak Silverline Solutions and Sons Corporation	319 Onyx Boulevard, Northgate Park, Mobile	USA
S3-000800	Vertex Textils	Juniper Rd, Tacoma, 63793, Ironwood Park	US
S3-005668	Onyx Chemicalls and Sons Corp	385 Kestrel Avenue, Lantern Park, Peoria, OH, 32198	United States
S3-003362	Sunstone Limited	76 Meridian Main, Summit Nagar, Nagpur, 710705	India
S3-006020	Summit Harobr Corporation	Cobalt Avenu,e Kestrel Park, Tacoma, AL	USA
S3-006273	Ironwoo P Ltd	268 Redwood St, Cobalt Nagar, Coimbatore, Tamil Nadu, 883270	India
S3-007387	Ironwood Lantern Company	171 Stonebridge Drive Redwood Park Tacoma	US
S3-004200	HarborSolutionsCo	294 Meridian Dr Near Exit 14 Austin IL 85591	US
S3-002442	Silverline	Near Exit 14, 119 Falcon Drive, Apex Park, Fresno, TX, 92130	US
S3-006074	Junpie rLimited	283 Silverline Crs, Apex Nagar, Jaipur	IN
S3-000677	Coblt Motors	11/55 Sunstone Street, Surat, Rajasthan, 378399	India
S3-001579	Meridina Company	92 Silverline Ave, Vertex Park, Akron, WA, 21281	USA
S3-006745	Quaryr, Ltd	393 Quarry Cross Brightpath Naar Kochi Gujarat 151785	India
S3-001476	Orchid Systtems Incorporated	266 Onyx St Ironwood Park Fresno IL 59080	USA
S3-008898	Lantern, Motors	356 Goldleaf Road Quarry Nagar Pune Tamil Nadu	US
S3-005256	Stonebridge, Industries	12 Stonebridge Boulevard Goldleaf Park Akron IL 30349	United States
S3-003853	Clearwater Services	148 Ravenwood Main, Pune	IN
S3-006007	Junipper Fabrics P Ltd	188 Silverline Marg, Summit Nagar, Jaipur, Kerala, 981372	India
S3-005513	Northgate Ironwood	46 Meridian Street, Thistle Nagar, Pune, MP	India
S3-001577	Ravennwood Systems Inc	348 Clearwater Blvd, Peoria, TX, 89594	United States
S3-005087	Summit Merdian Textiles Corp	199 Sunstone Rd, Redwood Park, Mobile, IL, 67768	US
S3-003659	Industries Pvt Ltd	312 Ravenwood Road Harborr Nagar Indore Gujarat	India
S3-004179	Chemicals Summit Limited	370 Bluepeak St Coimbatore Rajasthan	India
S3-000465	Meridian Consultancy Limited Liability Company	259 Northgate Drive, Vertex Park, Mobile	USA
S3-002301	Chemicals Silverline and Sons Pvt Ltd	133 Sunstone Street Ironwood Nagar Nagpur Gujarat	India
S3-008774	Bluepeak Co	254 Lantern Avenue Redwood Park Austin	United States
S3-000644	Falcon Textiles Corporation	144 Cobalt Blvd, Thistle Park, Lubbock, 46912	USA
S3-004820	Silverline Northgate Soltuions LLC	29/16 Thistle Rd, Akron, CA, 22938	USA
S3-004144	Stonebridge ChemicalsC ompany	87 Orchid Blvd, Ironwood Park, Akron, CA	United States
S3-003294	Stonebridge Trading Company	111 Ravenwood Rd, Clearwater Park, Peoria, 71435	US
S3-001554	Cleearwater Thistle Packaging Private Limited	227 Brightpath Road, Opp. Bus Depot, Thistle Nagar, Surat	IN
S3-007940	Silverline Systemsa nd Sons Corp	254 Northgate Boulevard, Vertex Park, Austin, CA	United States
S3-008079	Cbalt Silverline Consultancy Corp	199 Sunstone Avenue, Silverline Park, Fresno, CA, 82350	USA
S3-001961	Kestrel LLC	Behind the Civic Center, 384 Sunstone Road, Quarry Park, Mobile	United States
S3-001589	Falcon Solutions and Sons Limited Liability Company	25/48 Silverline Street, Vertex Park, Austin, 63058	USA
S3-001728	Lantern Consultancy Pvt td	179 Harbor Street Pune 660857	India
S3-005949	Bluepeeak, Maplecrest Foods Company	37/37 Falcon Avenue, Lubbock, AL	US
S3-006094	Sunstone Orchid LLogistics Ltd	Behind Ganesh Temple, 379 Falcon Marg, Jaipur, 269525	IN
S3-000425	Onyx Motors Limited	388 Falcon Road, Jaipur, Kerala, 950392	India
S3-007209	Northgate Cobalt Chemicals & Sons Limited	51 Lantern St, Coimbatore, Rajasthan	IN
S3-006592	Clearwate rServices Commpany	21/53 Stonebridge Rd, Maplecrest Park, Peoria	USA
S3-001956	Lantern Enterprrises Co	63 Vertex Road, Ironwood Park, Near Exit 14, Fresno	US
S3-001420	ApexCorp	356 Juniper Blvd, Falcon Park, Akron, 73326	US
S3-004208	Brightpath Consultancy	Sunstone Blvd, Kestrel Park, Lubbock, 85084	USA
S3-002013	Onyx Quarry LLC	61 Summit Boulevard, Silverline Park, Peoria, IL, 69747	US
S3-002372	Brightpath Vertex Foods	289 Northgate Boulevard, Ravenwood Park, Peoria, CA	US
S3-006821	Falcon Electricals and Sons LLC	Meridian Blvd, Behind the Civic Center, Clarwater Park, Austin	United States
S3-007629	Juniper Textiles LLC	Clearwater Ave, Silverline Park, Tacoma, 44132	USA
S3-007921	Stonebridge Clearwater Textiles Company	253 Quarry Ave Cobalt Park Akron TX 63401	USA
S3-001358	Thistle Motors Lttd	Ravenwood Marg Vertex Nagar Jaipur Rajasthan 273131	India
S3-005341	Northgate	14Ironwood Cross Indore	India
S3-008592	Maplecrst Enterprises Company	356 Vertex Avenue, Summit Park, Lubbock, CA, 60457	United States
S3-002741	Cobalt Electricals & Sons Company	161 Ironwood Ave, Juniper Park, Austin, 74719	US
S3-001135	Cobal tChemicals LLC	163 Juniper Street Brightpath Park Fresno CA 98691	United States
S3-003284	Falcon Corportaion	178 Quarry Ave Quarry Park Mobile 83264	US
S3-008088	Hrabor Logistics	13 Ravenwood Ave Clearwater Park Akron AL	IN
S3-001813	Falcon Copr	Behind the Civic Center 12 Harbor Avenue Brightpath Park Akron OH 99709	USA
S3-007350	Apex, Consultancy Incorpporated	155 Sunstone St, Summit Park, Peoria, AL	US
S3-008004	Summit Trading	12 Redwood Rd, Meridian Park, Fresno, CA, 77489	United States
S3-008933	Maplecrest Thistle Trading and Sons Pvt Ltd	275 Sunstone Ave, Goldleaf Park, Surat, 38114	US
S3-002172	Onyx Coorp	59 Harbor Blvd, Apex Park, Tacoma, 28553	US
S3-009213	Redwood Inudstries P Ltd	247 Cobalt Street, Apex Nagar, Coimbatore	India
S3-004008	Juniper Services Maplecrest & Sons	170 Ravenwood Marg, Maplecrest Nagar, Nagpur, MP	India
S3-005239	Harbor, Harbor Limited Liability Company	109 Meridian Street, Vertex Park, Lubbock, 37854	US
S3-006727	Bluepeak Summit Industries Private Limitted	42 Silverline Street, Juniper Nagar, Kochi, 147393	India
S3-001744	Redwood Consultancy Limited	147 Orchid St, Coimbatore, Maharashtra, 921908	India
S3-000280	Meridian Logistics Incoprorated	231 Ironwood Road, Maplecrest Park, Tacoma, 22931	United States
S3-007742	Redwood Sunstone Electricals P Ltd	10/55 Goldleaf Marg, Clearwater Nagar, Behind Ganesh Temple, Pune, Kerala	India
S3-002128	SilverlineTextiles Corp	Behind the Civic Center, 168 Northgate Road, Clearwater Park, Peoria, TX, 95518	United States
S3-004587	Stonebridge Ironwood Soltions and Sons Ltd	26/84 Silverline Main, Quarry Nagar, Coimbatore, 244643	IN
S3-005114	Onyx Consultancy Ltd	206 Meridian Street Surat Rajasthan	IN
S3-006765	Systems Vertex Companny	191 Meridian Street, Thistle Park, Akron, CA, 41346	USA
S3-008343	Apex Fabrics	153 Kestrel Boulevard, Harbor Park, Peoria, AL, 90358	United States
S3-006495	Lntern Fabrics Inc	185 Thistle Rd, Fresno, IL, 72771, Quarry Park	USA
S3-004339	Summit Foods Inc	Near Exit 14, 335 Quarry Boulevard, Meridian Park, Fresno, 76651	United States
S3-005215	FalconElectricals Ltd	233 Onyx Street, Nagpur, MP, 760756	India
S3-007122	Northgate Trading & Sons Incorporated	Redwood St, Lantern Park, Tacoma, 25440	US
S3-001273	Cobalt Logiistics Private Limited	Falcon Main, Juniper Nagar, Kochi, Rajasthan, 494270	IN
S3-005734	Stoonebridge Logistics Limited Liability Company	38 Ironwood Road, Harbor Park, Mobile, 21327, AL	US
S3-000438	Silverline Bluepeak Packaging Incorporated	Clearwater Dr, Quarry Park, Lubbock, AL, 73920	USA
S3-008934	Stonebridge Chemicals Incorpoarted	2 Bluepeak Road, Near Exit 14, Falcon Park, Mobile	United States
S3-006989	Stonebridge Teextiles  Ltd	318 Onyx Main, Kestrel Nagar, Near Metro Pillar 42, Pune, Rajasthan	India
S3-002102	Apex Motors	Behind Ganesh Temple 239 Vertex Marg Surat Kerala	India
S3-000770	Kesstrel	341 Orchid Street, Thistle Park, Fresno	US
S3-004197	Northgate, Enterprises Private Limited	Opp. Bus Depot, 76 Thistle Road, Brightpath Nagar, Kochi, 458174	India
S3-004377	Maplecrest Textiles & ons Pvt Ltd	306 Lantern Road, Vertex Nagar, Jaipur	IN
S3-008596	Orchid EElectricals LLC	8/26 Orchid Drive, Mobile, CA, 23941	US
S3-005627	Harbor Kestrel Systems LLC	92 Onyx Avenue, Lubbock, CA, 68772	United States
S3-001792	Apex Eleectriicals	161 Sunstone Main, Goldleaf Nagar, Pune, MP, 306426	IN
S3-000998	Bluepeak Motors Private Limited	284 Ironwood Main, Surat, MP	India
S3-002115	Northgate Private Limitted	310 Summit Marg, Meridian Nagar, Kochi, 850596	India
S3-005446	Cobalt Harbor Consultancy	293 Ravenwood Crs, Jaipur, 6655448	IN
S3-005568	Trading Harbor TThistle & Sons	330 Summit Boulevard, Apex Park, Fresno, 35119	United States
S3-000042	Stonebridge Soolutions Co	297 Ravenwood Dr, Vertex Park, 28528, Mobile	US
S3-005630	Summit Maplecrest Limited Liability Compnay	385 Kestrel Road, Behind the Civic Center, Goldleaf Park, Akron, TX	US
S3-006940	Blupak Chemicals Ltd	137 Apex Mn, Lantern Nagar, Indore	IN
S3-004637	Cobalt Jniper Pvt Ltd	Opp. Bus Depot, 185 Northgate Marg, Cobalt Nagar, Kochi, MP, 254123	IN
S3-006426	Quarry Textiles	86 Quarry Street, Harbor Park, Tacoma, IL, 45645	US
S3-007296	Vertex Trading Limited	312 Onyx Rd, Stonebridge Nagar, Nagpur, Maharashtra	India
S3-003164	Vertex Solutons Ltd	372 Cobalt Cross, Ironwood Nagar, Surat, Kerala, 845206	IN
S3-004376	Apex Company	387 Clearwater Boulevard, Juniper Park, Near Exit 14, Tacoma, OH, 26845	USA
S3-004125	Sunstone, Thistle IndustriesL td	Behind Ganesh Temple 340 Silverline Road Nagpur Gujarat 990240	India
S3-003858	Bluepeak  Fabrics	10/63 Quarry Road, Lantern Nagar, Nagpur, 136147	India
S3-004036	Ironwood Stonebridge Services Incorporated	Suunstone Rd, Cobalt Park, Austin, AL	United States
S3-007807	Thistle Northgate P Ltd	340 Silverline Rd, Meridian Nagar, Nagpur	IN
S3-002751	Juniper Incorporated	357 Apex Street, Thistle Park, Opp. City Library, Tacoma, 68616	USA
S3-008051	Foods Corp	61 Vertex Dr, Brightpath Park, Fresno, IL, 26644	US
S3-006223	Stonebridge Liimited	380 Ironwood Crs Surat MP 987821	IN
S3-003958	Thistle Systems Private Limited	360 Maplecrest Marg, Meridian Nagar, Coimbatore, 117169	India
S3-004459	Redood Electricals Limited	Goldleaf Marg Cobalt Nagar Coimbatore	India
S3-000409	Onyx Systems Cororation	300 Redwood Road Fresno 21447	USA
S3-006281	Maplecrest Service sLLC	171 Kestrel Boulevard, Lubbock, OH	USA
S3-002579	Sunstnoe Redwood Limited	335 Stonebridge Cross, Ravenwood Nagar, Kochi	IN
S3-003833	Motor Cobalt Private Limited	348 Northgate Crs, Harbor Nagar, Pune, Kerala, 495664	IN
S3-002737	Redwood Corporation	14 Cobalt St, Orchid Park, Austin, WA	US
S3-008895	Redwood Fabrics & Sons LLLC	134 Ironwood Street, Quarry Park, Lubbock, CA	United States
S3-001175	Quarry Trading and Sons P Ltd	Near SBI ATM, Meridian Marg, Onyx Nagar, Surat, MP, 263698	India
S3-000639	Cboalt	Summit St, Cobalt Park, Tacoma, OH, 50639	US
S3-006473	Silveerline Lantern Solutions Pvt Ltd	90 Northgate Marg, Sunstone Nagar, Near Metro Pillar 42, Indore, MP, 682123	IN
S3-002866	Ravewnood Stonebridge	Bluepeak Boulevard Harbor Park Austin OH 15749	United States
S3-004224	Orchid Packaging & Soons Ltd	324 Brightpath Street Indore Gujarat 866323	India
S3-005941	Northgate Consultancy Limiited Liability Company	21/9 Ironwood Street, Ravenwood Park, Austin, AL, 99644	USA
S3-006402	Stonebridge Company	103 Summit Dr Akron 327997	USA
S3-000511	Stonebridge Inc	216 Onyx St Fresno WA 82357 Summit Park	United States
S3-004309	Juniper Logistics Limited	177 Meridian Rd, Falcon Nagar, Surat, Rajasthan	India
S3-004988	Thistle Ravenwood Systems Inc	53 Onyx Blvd, Fresno, CA	United States
S3-000901	Orchid Foods Ltd	Brightpath Crs, Surat, Rajsthan, 889380	IN
S3-001481	Silverline Sunnstone	113 Silverline Marg, Nagpur, Kerala, 823886	IN
S3-000788	Northgate Textiles Croporation	186 Cobalt Blvd, Sunstone Park, Lubbock, 44117, Opp. City Library	United States
S3-003804	Northgate Enterprises LLC	197 Kestrel Dr, Akron, WA, 39640	USA
S3-000346	Goldleaf Services andS ons Pvt Ltd	130 Orchid Mn Onyx Nagar Indore 663276	India
S3-001145	Redwood Ravenwood Services Ltd	Summit Street, Onyx Nagar, Jaipur, Kerala	India
S3-000879	Kestrel Redwood Servvices Co	278 Goldleaf Drive, Redwood Park, Peoria, 95064	US
S3-008809	Ravenwood Thistle Cop	252 Silverline Rd, Lubbock, WA, 72804	USA
S3-001322	Quarry Chemicals Incorporated	259 Quarry Avenue Peoria Goldleaf Park	United States
S3-007951	Quarry Ltd	238 Quarry Street, Clearwater Nagar, Indore, Maharashtra, 686588	IN
S3-008609	Textiles Bluepeak Private Limited	270 Silverline Road, Summit Nagar, Near Metro Pillar 42, Nagpur, Rajasthan	India
S3-002365	Maplecrest Quarry Ltd	322 Kestrel Cross, Northgate Nagar, Indore, Gujarat, 311406	IN
S3-005680	Consultancy Onyx Coproration	321 Maplecrest Boulevard, Apex Park, Behind the Civic Center, Austin, 47927	USA
S3-001975	Ravewood and Sons Ld	143 Summit Street, Ravenwood Nagar, Coimbatore	India
S3-008537	Goldleaf Lantern  Inc	1 Harbor Ave, Quarry Park, Austin	United States
S3-005134	Bluepeak Foods	26/6 Lantern Marg, Cobalt Nagar, Pune, 336372	IN
S3-000853	Vertex Vertex Mtors and Sons	30/16 Kestrel Main, Goldleaf Nagar, Surat	IN
S3-001508	FabricsA pex	224 Summit Road, Meridian Park, Fresno, CA, 15698	USA
S3-002505	Raenwood Services & Sons P Ltd	35 Harbor Crs, Goldleaf Nagar, Jaipur, Kerala, 153631	IN
S3-001661	Stonebridge Onyx Motorrs Limited Liability Company	Opp. City Library, Onyx Rd, Fresno, IL	USA
S3-003754	Kestrel Logistics Pvt Ltd	61 Clearwater Marg, Meridian Nagar, Coimbatore, Kerala	India
S3-005360	Vertex Textilles	134 Onyx Cross, Clearwater Nagar, Indore, Tamil Nadu, 742305	India
S3-000176	Maplecrest Trading Kesttrel Corporation	161 Brightpath Dr, Tacoma, WA	US
S3-000918	Cobalt Chemiicals Private Limited	Ravenwood Street, Near Metro Pillar 42, Pune, Kerala, 751866	India
S3-004704	Maplecrest Fabrics Privtae Limited	26 Lantern Cross Near Metro Pillar 42 Kestrel Nagar Surat Rajasthan	IN
S3-007389	Redwod Packaging CCompany	Lubbock, Rajasthan, 567152, 119 Lantern Main	IN
S3-006318	Ravenwood Industries and Sons Private Limited	188 Cobalt Mn, Lantern Nagar, Jaipur, Tamil Nadu	India
S3-004184	Quarry Inc	349 Onyx Avenue, Brightpath Park, Lubbock, 98868	United States
S3-004767	Orchid Systems Private Limited	371 Cobalt Main,, Nagpur, 260707	IN
S3-001368	Harbor Limited	168 Onyx Road Redwood Nagar Coimbatore	IN
S3-006750	Blueeak Corp	Opp. City Library, 270 Redwood Ave, Ravenwood Pakr, Akron, WA, 29529	US
S3-006032	Quarry Electricals & Sons Incorporated	343 Falcon Ave, Akron, Juniper Park	United States
S3-000582	Silverline Logistics P Ltd	201 Juniper Main, Near Metro Pillar 42, Silverline Nagar, Coimbatore, MP	India
S3-002747	Bluepeak Ravenwood Industries and Sons PL td	319 Onyx Main, Near Metro Pillar 42, Indore, Tamil Nadu, 339117	IN
S3-003671	Brightpath Trading Pvt Ltd	183 Ironwood Cross, Maplecrest Nagar, Behind Ganesh Temple, Surat	India
S3-004845	Motors Kestrel Company	Opp. City Library, Sunstone Street, Tacoma, 57901, AL	US
S3-008309	Systems, Corp	199 Meridian Road, Meridian Park, Tacoma, IL, 90985	USA
S3-005583	Ravenwood, Enterprises Pvt Ltd	Summit Main, Summit Nagar, Kochi, MP 696733	IN
S3-008169	Juniper Enterprises & Son sP Ltd	17 Harbor Marg, Onyx Nagar, Surat, MP, 463862	IN
S3-007251	Quarry Vertex Enterprises P Ltd	Meridian Cross, Thistle Nagar, Kochi, 987045	IN
S3-009056	Meridian Onyx Logistics Privte Limited	101 Apex Street, Brightpath Park, Jaipur, 70783	USA
S3-006748	Textiles, Orchid Mreidian Co	316 Juniper Rd, Haarbor Park, Lubbock, CA, 51377	US
S3-008314	Thistle Vertex Textiles Ltd	4/89 Cobalt Mn, Kochi, Gujarat	IN
S3-001307	Clearwate rFalcon	62 Falcon Marg, Kochi, Gujarat, 389936	India
S3-004556	Juniper Ellectricals Ltd	200 Harbor Marg, Orchid Nagar, Coimbatore,  Gujarat	IN
S3-001480	Ravenwood Redwood Consultncy Ltd	Jaipur, 350599, 280 Clearwater Main	India
S3-007151	Sunstone Enterprises  Limited Liability Company	74 Ironwood Avenue, Near Exit 14, Austin, TX, 13002	USA
S3-007356	Sumit Tradding	278 Kestrel St, Opp. Bus Depot, Harbor Nagar, Surat, Maharashtra	India
S3-008912	Stonebridge Brightpath Electrricals Corporation	333 Stonebridge Drive, Maplecrest Park, Fresno, IL, 55816	USA
S3-005661	Cobalt Industries Ltd	154 Maplecrest Mn, Jaipur	IN
S3-000636	Kestrel Solutons Corp	268 Quarry Road, Lantern Park, Mobile, WA, 22060	USA
S3-008012	Thistle Limited Liabillity Company	316 Bluepeak Road, Akron, AL, 11170	United States
S3-008585	Cobalt Textles	73 Thistle Mn, Juniper Nagar, Jaipur, Kerala, 823191	IN
S3-000884	QuarrySummit Servvices Pvt Ltd	8/19 Northgate Street, Lantern Nagar, Indore, MP	India
S3-005246	Stoonebridge Kestrel Electricals Private Limited	Near SBI ATM, 162 Orchid Main, Ravenwood Nagar, Coimbatore, 519385	IN
S3-006303	Ironwood Summit Servces and Sons P Ltd	170 Maplecrest Mn, Kochi, Tamil Nadu	IN
S3-002136	Silverline Industries	338 Ironwood Crs, Clearwater Nagar, Near SBI ATM, Surat, MP, 459070	IN
S3-000422	Stonebridge Cobalt Corp	175 Maplecrest Blvd, Meridian Park, Tacoma, CA, 41667	US
S3-000231	Stonebridge Trading LLC	397 Apex Road, Summit Park, Opp. City Library, Mobile, TX, 54426	USA
S3-000814	Onyx Thistle Limited Liability Company	41 Goldleaf Rad, Falcon Park, Near Exit 14, Lubbock, TX	United States
S3-007991	Onyx Thistle Electricals oCrp	Ironwood Nagar, Fresno, 215650, 93 Ravenwood St	IN
S3-000126	Summit Services Corp	Ravenwood Dr, ehind the Civic Center, Goldleaf Park, Lubbock, TX, 58697	US
S3-006889	Summit Indutries	150 Harbor Crs, Silverline Nagar, Jaipur, Kerala	India
S3-001830	Stonebridge Ltd	267I ronwood Marg Surat Gujarat 721882	India
S3-002184	Redwood Industriies Inc	34 Meridian Dr, Akron, AL	United States
S3-007710	Silverrline Systems Ltd	Behind Ganesh Temple, 137 Stonebridge Mn, Redwood Nagar, Jaipur, Tamil Nadu	IN
S3-004084	Ravenwood	29 Maplecrest Mn, Kochi, Tamil Nadu, 103390	India
S3-005685	Northgate EEnterprises Co	267 Cobalt Road, Falcon Park, Lubbock, AL, 20209	US
S3-006128	Cobalt Ltd	346 Sunstone Rd, Clearwater Nagar, Pune, Kerala	IN
S3-008614	Vertex Texxtiles Priavte Limited	269 Clearwater Boulevard, Clearwater Park, Lubbock, OH, 35584	India
S3-005278	Redwood Silverline Corp	5 Onyx Boulevard Harbor Park Fresno AL	USA
S3-001471	Clearwater, and Sons	Opp. Bus Depot, 117 Quarry Marg, Nagpur, Maharashtra, 240179	IN
S3-003742	Vertex Pacakging Corp	10 Veertex Street, Sunstone Park, Austin, AL, 93097	USA
S3-008945	Northgate Fabriics LLC	267 Maplecrest Street, Cobalt Park, Lubbock, 21494	USA
S3-004190	Lantern Kestrel Trading Pivate Limited	320 Silverline Marg, Juniper Nagar, Behind Ganesh Temple, 857052, Nagpur	India
S3-007494	Harbor Consultancy Ltd	339 Thistle Crs Lantern Nagar Coimbatore Maharashtra 666622	IN
S3-004809	Apexx, Ssytems Summit	237 Maplecrest Rd, Peoria, IL, 72991	United States
S3-008390	Trading, Rdwood Pvt Ltd	Opp. Bus Depot, 292 Ravenwood Main, Jaipur, Maharashtra, 184814	India
S3-001900	Silverline Foods & Sonss Co	14 Thistle St, Ironwood Park, Fresno, OH, 26748	United States
S3-000700	Packaging Silverline Limited	297 Sunstone Marg, Kestrel Nagar, Kochi, 173278	India
S3-001249	Chemicals, Limited Liability Company	325 Goldleaf Avenue, Stonebridge Park, Austin	USA
S3-000011	Harbor Bluepeak Fabrics Incorporated	12/54 Ravenwood Blvd Bluepeak Park Fresno WA 54615	US
S3-008520	Onyyx, Limited	Opp. Bus Depot, 38 Ironwood Crs, Onyx Nagar, Kochi, Maharashtra	India
S3-003414	Maplecrest Kestrel Private Limited	353 Vertex Marg, Meridian Nagar, Kochi, 597494	India
S3-005975	Apex Limited	254 Juniepr Crs Falcon Nagar Pune Gujarat	India
S3-008992	Brightpath Consultancy	304 Summit Dr Clearwater Park Peoria	USA
S3-005626	Goldleaf, Fabrics Private Limited	304 Juniper Marg, Jaipur, Rajasthan, 607367	IN
S3-002227	Maplecrest Redwod Trading Company	164 Bluepeak Rd  Akron OH	United States
S3-001065	Goldleaf Services Vertex Private Limited	30 Silverline Rd, Near SBI ATM, Orchid Nagar, Pune,, Kerala	India
S3-005291	Falcon Logistis Co	183 Meridian Street, Summit Park, Tacoma, 61400	USA
S3-004487	Redwood Trading	156 Bluepeak Mn, Maplecrest Nagar, Surat, Rajasthan	India
S3-003901	Cobalt Packaging	354 Northgate Crs, Kochi, Kerala, 23652	India
S3-002160	Solutions Brightpath Pvt Ltd	Orchid Road Indore MP	IN
S3-001544	Apex Harbor Electricals LLC	30 Sunstone Boulevard, Northgate Park, 74527, Fresno	United States
S3-008461	Ravenwood Private Limited	19/6 Orchid Main, Tami Nadu, Surat	IN
S3-002012	Foods, aRvenowod Private Limited	38 Thistle Street Thistle Nagar Kochi Tamil Nadu	India
S3-008203	Ravenwood, Solutions Private Limited	285 Meridian Crs, Brightpath Nagar, Surat, Gujarat, 421480	IN
S3-006172	Redwood Redwood Textiles P Ltd	153 Quarry Street, Behind Ganesh Temple, Harbor Nagar, Pune, 689094	IN
S3-006707	Ironwood Consultancy	172 Apex t, Ironwood Nagar, Jaipur, Tamil Nadu	IN
S3-002000	Northgate Orchid Chemicals Corporation	358 Clearwater Road, Sunstone Park, Tacoma, WA	US
S3-003619	Orchid Trrading	269 Ironwood Crs Falcon Nagar Indore MP 640328	India
S3-001670	Northgate Motors Co	75  Redwood Drive, Redwood Park, Akron, TX, 60128	USA
S3-000178	Ravenwood Lantenr	Redwood Dr, Clearwater Park, Akron, AL, 51351	United States
S3-009101	Logistics Thistle Limited	131 Lantern Road, Falcon Nagar, Pune, Gujarat, 294223	IN
S3-007445	Motors NorthgateCo	Opp. Bus Depot,126 Vertex Marg, Tacoma, Maharashtra, 830555	IN
S3-006516	Brightpath Silverline Industries Co	164 Maplecrest Blvd, Tacoma	US
S3-007976	Norrthgate Silverline Electricals	16/32 Harbor Drive, Quarry Park, Austin, 50663	India
S3-000026	Mapecrest Redwood Foods	Redwood Dr, Tacoma, CCA, 58168	US
S3-001485	Juniper  Industres Pvt Ltd	28/9 Brightpath Main, Redwood Nagar,, Kochi, Rajasthan, 137130	India
S3-003862	Falcon Industries	294 Ravenwood Rd Kestrel Nagar Indore 879503	India
S3-005527	Golleaf Inc	Opp. City Library 43 Kestrel Boulevarrd Orchid Park Akron WA 25613	USA
S3-009038	Silverline Cehmicals Limited	Kestrel Street, Kestrel Park, Coimbatore, OH, 66901	US
S3-009133	Maplecrest Incorporated	382 Falcon St Falcon Naagar Nagpur Kerala	US
S3-008467	Redwood Limited Liability Company	38/21 Quarry St, Tacoma, AL, Summit Park	US
S3-004793	Stonebridgge	373 Vertex Drive, Behindthe Civic Center, Ironwood Park, Austin, 35778	United States
S3-008260	Apex Electricals Corporation	120 Sunstone Ave Stonebridge Park Akron 81809	United States
S3-005696	Stonebridge Fabrics	392 Harbor Boulevard, Bluepeak Park, Fresno, IL	US
S3-006580	Thistle Enterprises Ltd	16 Kestrel Crs, Near SBI ATM, Stonebridge Nagar, Surat, Gujarat	India
S3-000440	Ravenwood Limited	33/50 Falcon Marg, Kochi, 226807	IN
S3-005467	Bluepeak Trading	284 Ravenwood Marg, Onyx Nagar, Indore, MP, 387076	IN
S3-001167	Bluepeak Inc	268 Apex Drive, Clearwater Park, Austin, 38531	USA
S3-007054	Summit Textiles Incorporated	Apex Road, Mobile, Meridian Park	United States
S3-004785	Electrricals	338 Silverline Boulevard, Onyx Park, Akron	US
S3-005505	Apex	36 Ravenwood Street Goldleaf Nagar Near Metro Pillar 42 Coimbatore Rajasthan 810373	IN
S3-008538	Bluepeak Chemiclas Silverline Private Limited	316 Sunstone Avenue, Cobalt Park, Behind the Civic Center, Pune, AL, 98597	USA
S3-000111	Stonebridge Chemicals Co	363 Redwood St, Akron, 37811	US
S3-007580	Goldleaf Chemicals Private Limited	Stonebridge Road, Surat, Rajasthan	IN
S3-000716	Harbor, Services Corportion	14/2 Ironwood Road, Maplecrest Park, Lubbock, 70219	US
S3-008285	Kestrel Enetrprises Company	22 Juniper St Meridian Nagar Coimbatore Kerala 692531	US
S3-006532	Onyx and Sons Private Limiteed	Cobalt Marg, Onyx Nagar, Kochi, 572256	IN
S3-006628	Kestrel Sunstone Industries LLC	69 Quarry Dr, Goldleaf Park, Peoria, CA, 12103	United States
S3-000674	Harborr Industries Pvt LLtd	Lantern Main, Northgate Nagar, Indore, 440946	IN
S3-002330	Indusrties Harbor Private Limited	236 Cobalt Crs, Juniper Nagar, Jaipur, 724517	India
S3-000870	Goldlefa, Services & Sons P Ltd	61 Sunstone Marg, Maplecrest Nagar, Nagpur, Gujarat, 171156	IN
S3-006438	Sunstone Motors	108 Northgate Rd, Behind the Civic Center, Ironwood Park, Mobile, 37154	United States
S3-004602	Packaging Silverine Company	5 Thistle Ave, Harbor Park, Lubbock, 12867	United States
S3-006491	Kestrel Services Private Limited	111 Ravenwood Road, Silverline Nagar, Surat, Kerala	IN
S3-001850	Goldleaf Solutions Raevnwood Corporation	44 Quarry Rd, Redwood Park, AL, 72539, Austin	US
S3-004862	Maplecrest Apex Systems	138 Lantern Blvd, Apex Park, Peoria, CA, 87439	United States
S3-006713	Summit Fabrcs Private Limited	255Sunstone Main, Harbor Nagar, Behind Ganesh Temple, Nagpur, Kerala, 519400	India
S3-001672	Motors Ironwod Ltd	178 Silverline Cross, Redwood Nagar, Jaipur, Maharashtra, 296853	India
S3-007034	Ravenwood Brightpath Limited	8/72 Vertex RRoad, Juniper Nagar, Pune, Gujarat	IN
S3-006237	Thislet, Fabrics P Ltd	5 Thistle Cross, Surat, Maharashtra, 620782	IN
S3-001514	Solutions Falcon P Ltd	270 Meridian Marg, Bluepeak Nagar, Jaipur	IN
S3-003592	Vertex Ironwood Trading and Sons Private Limited	355 Sunstone Road, Harbor Nagar, Jaipur, MP, 524430	India
S3-009192	Sunstone Brightpath Chemicals P Ltd	53 Vertex Mn, Nagpur, Gujarat, 687229	IN
S3-007485	CobaltSystems Pvt Ltd	217 Meridian Blvd, Bluepeak Park, Lubbock, 89917	IN
S3-008792	Ironwood Foods & Sons Pvvt Lttd	Near Exit 14, Kestrel Park, Fresno, 25718, 34 Orchid Boulevard	India
S3-006840	Clearwater, Quarry Solutions Inc	396 SummitBoulevard, Akron, OH, 28034	US
S3-003057	Kestrel Textiles & Sons LLC	294 Vertex Road, Kestrel Park, Tacoma, OH	United States
S3-008732	Lantern Onyx Motors Corporation	391 Brightpath Blvd, Tacoma, CA, 74507	United States
S3-000928	Ironwood Trading Harbor Private Limited	216 Onyx Road Maplecrest Nagar Indore	India
S3-006999	Juniper Private Limited	275 Quarry Street, Onyx Nagar, Nagpur, Kerala, 553507	India
S3-002316	Harbor Services P Ltd	214 Thitle Road, Summit Nagar, Indore, 547910	IN
S3-006634	Coballt Services	9 FalconCross Pune	IN
S3-001056	Onyx Stonebridge Solutions Company	66 Sunstone Avenue, Maplecrest Park, Austin, TX, 79244	United States
S3-002706	Redwood Logistics Private Limiteed	228 Kestrel Marg Silverline Nagar Inddore Rajasthan	India
S3-005551	Stonebridgee Solutions	18/12 Summit Marg, Goldleaf Nagar, Indore, Gujarat, 445309	IN
S3-007661	Silverline Textiles	Falcon Boulevard Akron 94521	USA
S3-005321	Meridian Consultancy Pvt Ltd	117 Summit Road, Apex Nagar, Pune, Rajasthan, 564845	IN
S3-006870	Fabrics Ravenwood	52 Goldleaf Crs Apex Nagar Pune	India
S3-005104	Brightppath Fabrics Limited	330 Thistle Road, Goldleaf Naagr, Rajasthan, Indore	India
S3-005977	Falcn Services Co	Summit Boulevard, Stonebridge Park, Peoria, 16799	US
S3-004488	Redwood Trading and Sons Private Limited	156 Bluepeak Main, Maplecrest Nagar, Surat, 572445	India
S3-001931	Cobalt, Trading	239 Juniper St, Cobalt Nagar, Coimbatore, MP, 888101	India
S3-005617	Ironwood Systems Inc	Behind the Civic Center, 238 Sunsone Rd, Akron, 24666	USA
S3-008767	Clearwater P Ltd	Opp. City Library, 116 Sunstone Drive, Cobalt Park, Indore, OH, 31762	US
S3-003788	Juniepr Inc	252 Juniper Avenue, Summit Park, Tacoma, TX, 41647	USA
S3-003962	Thistle Goldleaf Consultancy Company	Summit Park, Lubbock, 82732, Cobalt Boulevard	United States
S3-003258	Maplecrest Consultancy Ltd	Near SBI ATM, 122 Vertex Crs, Falcon Nagar, Coimbatore, 845615	India
S3-005028	Sunstone Inc	Opp. City Library, 195 Goldleaf Rd, Bluepeak Park, Tacoma, WA	USA
S3-004491	Summit Consultancy & Sons	324 Clearwater Rd, Thistle Nagar, Jaipur, Gujarat, 127153	India
S3-002120	Redwood, Falcon Textiles	27/62 Goldleaf Marg, Orchid Nagar, Nagpur, Mahharashtra, 529843	India
S3-003471	Quarr ySystems	39 Cobalt Street Clearwater Nagarr Kochi Tamil Nadu	India
S3-005105	Brightpath, Fabrics Limited	335 Harbor Mn, Near Meto Pillar 42, Pune, Gujarat, 106642	India
S3-001034	Brightpath Ravenwood Pvt Ltd	7/68 Quarry Road, Near Metro Pillar 42, Summit Nagar, Surat, 767435	India
S3-001246	Tarding, Thistle	18 Northgate Rd, Meridian Park, Akron, IL, 34090	United States
S3-001234	Falcon Lgoistics Ltd	169 Stonebridge Street, Orchid Nagar, Near SBI ATM, Coimbatore, 212156	IN
S3-000920	Brightpath Consltancy Incorporated	Opp. City Library, Apex Avenue, Onyx Park, Akron, TX	USA
S3-001119	Cobalt BBrightpath Conusltancy Incorporated	71 Bluepeak Boulevard, Silverline Park, Austin, TX	USA
S3-000006	Harbor Systems	Silverline Boulevard, Austin, OH, 38853	USA
S3-008716	Stonebridge eridian Services Co	329 Apex Avenue, Thistle Park, Peoria	United States
S3-005517	Onyx Enteprrises Ltd	397 Clearwater Rd, Quarry Nagar, Pune, Gujarat	IN
S3-006974	Redwood Textiles & Sons LLC	397 Stonebridge Avenue Stonebridge Park Austin 97893	USA
S3-002531	Falcon Cosnultancy Incorporated	207 Goldleaf Drive, Falcon Park, Akron, CA, 469003	USA
S3-001607	OrchidF oods	75 Kestrel Marg, Harbor Nagar, Jaipur, Maharashtra, 269512	IN
S3-004403	Juniper Electricals Inc	Opp. City Library 213 Stonebridge Ave Lubbock CA 78230	United States
S3-002960	Maplecrest Electricals Prvat Limited	100 Quarry St Meridian Nagar Near SBI ATM Surat Rajasthan	IN
S3-006439	Ravenwoo dEnterprises	208 Ironwood Boulevard, Mobile, AL, 42857	US
S3-006884	Veretx Logistics Ltd	148 Stonebridge Rd, Nagpur, CA, 92258	USA
S3-008891	Harbor, Electrcials LLC	Opp. City Library, 236 Maplecrest Ave, Apex Park,  Mobile, 70371	US
S3-000180	Lantern Fabrics Compay	Near Exit 14, 258 Harbor Road, Thistle Park, Austin, IL, 86960	United States
S3-009006	Summit Packaging	239 Bluepeak Blvd Ravenwood Park Near Exit 14 Mobile IL 39350	India
S3-002642	Stonebridge Sunstone Trding Corporation	197 Harbor Drive, Meridian Park, Opp. City Library, Tacoma, TX	United States
S3-000478	Vertex rPivate Limited	168 Thistle St, Quarry Nagar, Pune, Gujarat	India
S3-007708	Maplecrets Services LLC	265 Northgate Dr, Akron	US
S3-008690	Maplecrest Consultancy Corporaiton	248 Bluepeak Marg, Behind Ganesh Temple, Summit Nagar, Lubbock	IN
S3-009000	Vertex SServices and Sons	300 Sunstone Dr, Onyx Park, Behind the Civic Center, Austin, CA, 37903	US
S3-008956	Juniper Systems Pvt Ltd	315 Juniper St, Harbor Nagar, Indore, MP, 578517	IN
S3-008608	Juinper, & Sons	315 Cobalt Ave Cobbalt Park Opp. City Library Surat 71426	US
S3-007770	Thistle & Sons	40 Goldleaf St, Bluepeak Nagar, Coimbatore	India
S3-005075	Quarry, Pvt Ltd	338 Bluepeak Mn, Harbor Nagar, Pune, 746806	IN
S3-001984	Clearwater Packaginng Ltd	48 Cobalt Crs, Bluepeak Nagar, Pune, 153500	India
S3-007245	Noorthgte	16 Summit Main, Falcon Nagar, Jaipur, Gujarat, 277370	India
S3-001297	Thistle Electricals Inc	12 Sunstone St Vertex Park Peoria	United States
S3-002156	Thistle Trading & Sons Pvt Ltd	25/28 Goldleaf St Bluepeak NagarNagpur Maharashtra 153443	India
S3-000246	Bluepak	80 Ravenwoood Road, Falcon Park, Lubbock, CA, 17670	United States
S3-006740	Kestrel, Clearwater Packagign Limited	38 Maplecrest Crs, Ironwood Nagar, Indore	IN
S3-008699	Bluepeak Enterprises Private Limited	251 Orchid Rd, Lantern Park, Nagpur, 96066	United States
S3-004532	Harbor Industries & Sons Company	318 Bluepeak Dr, Maplercest Park, Mobile, TX	United States
S3-005986	Jnuiper Conslutancy Limited Liability Company	5/69 Falcon Road, Junipe Park, Peoria	United States
S3-001316	Ravenwoood Textiles Co	183 Kestrel Dr, Quarry Park, Tacoma, WA, Opp. City Library	USA
S3-002014	Industries Quarry Onyx & Sons Limited Liability Company	61 Summit Blvvd, Silverline Park, Peoria, 69747	United States
S3-003718	Kestrel Foods Companny	5/44 Quarry Boulevard Fresno WA 66824	United States
S3-003898	Goldleaf & Sons P Ltd	Behind Ganesh Temple, 88 Brightpath Marg, Kochi, Maharashtra, 634151	IN
S3-001189	Stonberidge Incorporated	19/73 Kestrel Street, Northgate Park, Austin, IL	US
S3-008749	Vretex & Sons	25/86 Godleaf Boulevard Falcon Park Austin WA 99421	USA
S3-002248	Juniper Fabrics Pvt Ltd	102 Meridian Cross Opp. Bus Depot Vertex Nagar Kochi Kerala	India
S3-001626	Thistle Sunstone Consultancy & Sons  Corporation	371 Brightpath St, Ravenwood Park, Fresno, CA, 76280	USA
S3-001902	Coablt Enterprises Corporation	27/9 Apex Road Behind the Civic Center Akron 42047	US
S3-001154	Meridian Logistics Private Limited	73 Lantern Street Quarry Nagar 272454 Jaipur	IN
S3-001028	Goldleaf Foodss and Sons Corporation	106 Stonebridge Road, Northgate Park, Lubbock, IL	US
S3-000907	Falcon Coompany	107 Sunstone Drive, Lubbock, AL, 20326	USA
S3-001840	Harbor Sunstone Trading Limited Liability Company	92 Lantern Street Lantern Park Mobile TX 68351	US
S3-007865	Sunsotne Enterprises Pvt Ltd	Redwood Nagar, Jaipur, Rajasthan, 292 Ravenwood Cross	India
S3-004800	Meridian Electricals Apex	12 Bluepeak Crs Kochi MP 755894	India
S3-006896	Harbor Quarry Systems Prviate Limited	Near SBI ATM, 255 Bluepeak Crs, Orchid Nagar, Coimbatore, Maharashtra	India
S3-000234	Meridian Fabrics P Ltd	369 Meridian Crs, Kestrel Nagar, Nagpur, Keralla, 568439	India
S3-002604	Maplecrest Foods Corporation	60 Clearwater Blvd, Northgate Park, Austin, TX, 42575	USA
S3-004618	Maplecrest Motors and Sons	398 Meridian Street, Summit Nagar, Kochi, Rajasthan	IN
S3-004396	Onx and Sons P Ltd	344 Stonebridge Road, Thistle Nagar, Coimbatore, MP	India
S3-000969	Brightpath Eletcricals	88 Harbor Mn, Thistle Nagar, Jipur	IN
S3-000240	Sunstone Kestrel Chemicals Corp	49 Maplecrest Street, Goldleaf Park, Tacoma, IL, 888809	US
S3-003319	Orchid Maplecrest	281 Brightpath Street, Opp. Bus Depot, Surat, Gujarat, 495590	India
S3-005920	Maplecrest MMotors Co	12/27 Cobalt Dr, Meridian Park, Peoria, CA, 94316	US
S3-003687	Ironwood Industries Co	347 Falcon Drive, Onyx Park, Taacoma, 44925	United States
S3-007709	Stonebridge, Services Limited Liability Company	138 Northgate Drive Quarry Park Akron	US
S3-009227	Onyx Solutions	335 Falcon Main, Sunstone Nagar, Nagpur, Rajasthan, 660104	IN
S3-001445	Northgate Stonebridge Consultancy Private iLmited	315 Silverline St Summit Nagar Coimbatore	IN
S3-002513	Redwood Brightpath Limited	338 Harbor St, Stonebridge Nagar, Kochi, Maharashtra, 568533	IN
S3-001352	Summit, Limited	Sunstone Road, Goldleaf Nagar, Jaipur, Keraal, 158213	IN
S3-007814	Quarry Limited	302 Bluepeak Road Orchid Nagar Indore 987314	India
S3-000315	Harbo Summit Packaging Co	120 Clearwater Boulevard, Orchid Park, Fresno,I L, 80503	USA
S3-004603	Ravenwood, Quarry Services Ldt	Near Metro Pillar 42, 319 Juniper Marg, Orchid Nagar, Sura,t Kerala	IN
S3-003225	Quarry Ironwood Consultancy Company	61 Thistle Dr, Kestrel Park, Austin, 82233	US
S3-001687	Ravenwood Soluitons Inc	25/29 Harbor Ave, Vertex Park, Lubbock	USA
S3-001244	Thistle Trading Corp	Near Exit 14, 390 Stonebridge St, Orchid Park, Akron, IL	United States
S3-005038	Falcon P Ltd	310 Harbor Main, Orchid Nagar, 379747, Kochi	India
S3-006224	Stonebridge, Idustries and SonsL td	272 Thistle Main Sunstone Nagar Tamil Nadu Surat	IN
S3-001077	Harbor Logistics Corporaton	Near Exit 14, 372 Juniper Ave, Apex Park, Austin, WA, 85924	USA
S3-003849	Goldleaf Inocrporated	73 Apex Street, Bluepeak Park, Peoria, AL, 96624	USA
S3-000727	Lantern Chemicals LLC	24 Falcon Dr, Ironwood Park, Peoria, 33364	USA
S3-004813	Kestrel, Textiles Co	Maplecrest Dr Kestrel Park Fresno CA 99731	United States
S3-001054	RavenwoodIndustries Company	391 Thistle Dr, Onyx Park, Peoria, AL	United States
S3-003434	Harbor Redwood Ltd	66 Vertex Sttreet, Falcon Nagar, Near SBI ATM, Kochi	India
S3-004400	Thistle Consultancy Corporattion	34 Ironwood Avenue, Summit Park, Akron, TX, 85837	USA
S3-005271	Thistle  Meridian Solutions Ltd	43 Bluepeak Rd, Cobalt Nagar, Jaipur, Rajasthan, 447915	IN
S3-007867	Motors Vertex Company	30/25 Summit Ave, Mobile, 34007, Vertex Park	US
S3-004279	Bluepeak Trading	76 Orchid Cross, Brightpath Nagar, Jaipur, Maharashtra	IN
S3-007225	Cobalt Stonebridge Textiles Ltd	218 Brightpath Street, Clearwater Nagar, Near Metro Pillar 42, Coimbatore, 144500	IN
S3-007306	RavenwoodNorthgate, Packaging Limited	Opp. Bus Depot, 175 Thistle Road, Summmit Nagar, Surat, Kerala, 849437	IN
S3-003881	Summit Industries Privaet Limited	399 Quarry Marg, Jaipur, Gujarat,5 86544	IN
S3-001575	Rvenwood Systems Inc	159 Silverline Street, Kestrel Park, Mobile, IL	United States
S3-005101	Summit Packaging	Lantern Nagar Indore Rajasthan 702454 38/84 Maplecrest Marg	IN
S3-000737	Bluepeak Orchid Motrs Private Limited	219 Quarry Mn, Opp. Bus Depot, Ravenwood Nagar, Pune	India
S3-005907	Chemicals Juniper	Silverline Blvd Cobalt Park Mobile 26569	United States
S3-006906	BluepeakL imited	77 Meridian Street, Ravenwood Nagar, Indore, 477741	IN
S3-007462	Aex Motors LLC	191 Sunstone St, Northgate Park, Lubbock, IL, 74462	US
S3-006272	Foods and  oSns Ltd	Onyx Crs FFalcon Nagar Pune Rajasthan 724818	India
S3-003991	Electricals Private Limied	Summit Rd Ravenwood Nagar Kochi 126320	India
S3-001851	Vertex Redwood Packaging and Sons Pvvt Ltd	16 Cobalt Street Coimbatore	India
S3-005974	Ironwood, Solutions Pvt Ltd	Brightpath Marg, Cobalt Nagar, Nagpur, Rajasthan, 163770	India
S3-005934	Consultancy Orchid & Snos	34/18 Clearwater Blvd Akron	United States
S3-000687	Lantern Falcon Electricals Inc	328 Northgate Avenue Ravenwood Park Akron WA 41303	USA
S3-005290	Logitsics, Falcon Co	183 Meridian St, Summit Park, Tacoma, 61400	United States
S3-002357	Ravenwood Irronwood Entrprises Ltd	5/5 Lantern Road, Goldleaf Nagar, Indore, Gujarat, 311174	India
S3-001954	Redwood Clearwater Solutions and Sons Cmopany	296 Ravenwood St, Bluepeak Park, Fresno, 10455	USA
S3-007108	Kestrel Goldleaf Systems and Sons Company	39/32 Thistle Road, Brightpath Nagar, Nagpur, 364134, MP	USA
S3-005238	Thistle Motor & Sons Ltd	28 Orchid Main, Lantern Nagar, Rajasthan, 650220, Indore	India
S3-007554	Lantern Packaging Corporation	203 Brightpath Rd, Tacoma, OH	US
S3-002678	Juniper, Consultancy	Behind the Civic Center 157 Bluepeak Street Peoria	United States
S3-005231	Harbor Northgate  Foods	Quarry Nagar, Coimbatore, Redwood St	IN
S3-007127	Brightptah Inc	54 Orchid Drive Northgate Pakr Akron	United States
S3-003863	Juniiper Chemicals P Ltd	288 Cobalt Street, Quarry Nagar, Surat, Gujarat, 281376	India
S3-006855	Silverline Goldleaf Industries P Ltd	199 Maplecrest Blvd, Brightpath Park, Behind the Civic Center, Kochi, IL, 76598	USA
S3-007588	Brightpath Stonebridge Enterprisse P Ltd	Brightpath St Indore Tamil Nadu	India
S3-006898	Juniper Tradign	340 Thistle Street, Meridian Nagar, Nagpur, 108279	India
S3-003889	Meridian & oSns	159 Harbor Rd, Stonebridge Park, Peoria, 62525	USA
S3-006636	Summit, Enterprises Corporation	177 Cobalt St, Orchid Park, Mobile, WA	USA
S3-003231	Cobalt Electrcials Pvt Ltd	253 Clearwater Marg, Kestrel Nagar, Coimbatore, Tamil Nadu, 969779	India
S3-002342	Vertex Priavte Limitd	Orchid St, Brightpath Nagar, Indore, 948401	IN
S3-002380	Logitics, Kestrel & Sons Ltd	250 Apex Marg, Lantern Nagar, Indore, Gujarat, 972863	IN
S3-003769	Kestrel Foods Company	337 Kestrel Rd, Northgate Prak, Tacoma, OH	US
S3-007578	Brightpath Electricals Pvt Ltd	Lantern Marg, Kochi, Tamil Nadu, 302504	India
S3-007748	Maplecrest  Textiles	21/68 Ironwood Crs, Summit Nagar, Pune, Kerala	IN
S3-000750	Clearwater Juniper Services Ltd	50 Sunstone Road Ravenwood Nagar Kochi Rajasthan 509948	IN
S3-000320	Orchid Electricals Ltd	364 Falcon Cross, Ravenwood Nagar, Surat	IN
S3-000913	Falcon Silverline Electricals Private Limited	Bluepeak St Near Metro Pillar 42 Jaipur	IN
S3-000595	Brighptath Aex Fabrics Pvt Ltd	13 Stonebridge Main, Brightpath Nagar, Jaipur, Maharashtra, 856509	India
S3-008139	Cobalt, Systems P Ltd	337 Maplecrest Marg, Coimbatore, 720613, Stonebridge Nagar	India
S3-001482	Harbor Consultancy	16 Juniper St, Redwood Nagar, Pune, Gujarat	IN
S3-005223	Clearwater Enterprises Limited Liability Company	23 Meridian Road, Lantern Park, Near Exit 14 Peoria, IL	USA
S3-004477	Ravenwood Vertex Services Private Limited	286 Falcon Mn, Harbor Nagar, Pune, 890210	IN
S3-007725	Goldleaf Services Corporration	200 Thistle Drive, Akron, IL, 26663	US
S3-006742	Maplcrest Chemicals P Ltd	359 Quarry Road, Orchid Nagar, Kochi, 627661	India
S3-001033	Brightpath Systems Limited Liability Company	367 Silverline Street, Goldleaf Park, Austin	US
S3-005043	Apex Fabrics	339 Northgate Street Bluepeak Park Lubbock	United States
S3-005510	Redwood Services and Sons Incorporated	73 Summit Rd Tacoma IL 53540	USA
S3-000443	Northgate Chemicals Limited	357 Stonebridge Rd Opp. Bus Depot Lantern Nagar Jaipur Rajasthan 714782	India
S3-007337	Goldleaf Kestrel Solutions & Sons Privaet Limited	Vertex Crs, Apex Nagar, Jaiur	India
S3-006275	Ravenwood Comapny	Opp. City Library, Onyx Street, Peoria, WA	United States
S3-002891	Meridian o	305 Redwood Rd Tacoma 72889	US
S3-004581	Vertex Packagign Inc	185 Cobalt Ave, Sunstone Park, Austin, CA	USA
S3-006442	Juniper Quarry Textiles P Ltd	257 Stonebridge Mn, Opp. Bus Depot, Lantern Nagar, Pune, Maharashtra, 137682	India
S3-003098	Redwood Summmit Textiles Limited	32/39 Juniper Cross, Kochi, Kerala, 839780	India
S3-002461	Tistle	20/13 Thistle Road, Northgate Park, Mobile, TX, 68377	US
S3-000952	Ironowod Thistle and Sons Company	147 Cobalt Dr, Akron, AL, 44408	US
S3-004597	Faalcon Maplecrest Packaging P Ltd	133 Brightpath St Clearwater Nagar Jaipur MP 383897	India
S3-004225	Industries Silverline LLC	217 Thistle Dr, Maplecrest Park, Peoria, WA	US
S3-005198	Meridian Silverilne Consultancy Corporation	296 Orchid Blvd, Mobile, WA, Stonebridge Park	United States
S3-005531	Quarry rivate Limited	127 Quarry Crs, Cobalt Nagar, Jaipur, MP	India
S3-005740	Lantern Services Co	Silverline Street, Ironwood Park, Austin, 93279, WA	United States
S3-003977	Redwood Systems	239 Stonebridge Ave Silverline Park Akron OH 78245	US
S3-007669	Cobalt Electricals	291 Cobalt Marg, Bluepeak Nagar, Indore, 852367	US
S3-000876	Orchid Packaging P Ltd	322 Juniper Road, Kochi, 154444	India
S3-002614	Apex Logistics P Ltd	132 Summit Road, Stonebridge Nagar, Kerala, 351233, Jaipur	India
S3-002991	OnyxOrchid Electricals Incorporated	8/58 Maplecrest Rd, Apex Park, Fresno, AL	United States
S3-000075	Serviices Apex Inc	34 Northgate Road, Summit Park, Akron, CA, 94893	United States
S3-007202	Motors Ltd	11/8 Orchid Marg, Redwood Nagar, Coimbatore, 947825	India
S3-004859	Vertex Goldleaf imited Liability Company	150 Harbor Street, Mobile, 50077, Apex Park	US
S3-001429	Verteex Services	393 Kestrel Cross, Silverline Nagar, Jaipur, 48935	IN
S3-006749	Orrchid Meridian Textiles Co	Juniper Road, Harbor Park, Lubbock, 51377	US
S3-002144	Qaurry Vertex Fabrics Ltd	28/30 Harbor Mn Redwood Nagar Coimbatore Rajasthan 313910	India
S3-003255	Textiles Apex Privat Limited	279 Vertex Main, Quarry Nagar, Nagpur, Rajasthan, 226865	IN
S3-007832	Goldleaf Redwood Electricals	105 Redwood Road, Summit Nagar, Coimbatore, Kerala, 837903	IN
S3-001363	Quarry Chemicals	180 Apex Rd, Harbor Nagar, Near Metro Pillar 42, Nagpur, Tamil Nadu, 435646	India
S3-003888	Apex Systems Co	220 Onyx Blvd, Redwood Park, NearExit 14, Austin, 70914	United States
S3-001049	Thistle Industriesa nd Sons Limited	32 Summit Mn, Stonebridge Nagar, Nagpur, Kerala	India
S3-005725	Harbor Packaging Co	120 Redwood Drive Orchid Park Tacoma	USA
S3-003855	Clearwater Seervices	22/52 Ravenwood Rd, Cobalt Nagar, Indore, 933022	IN
S3-009123	Juniper Silverlien Motors Corp	Goldleaf Park, Opp. City Library, Lubbock, 65411, Cobalt Boulevard	United States
S3-004580	Ravenwood Fabrics	97 Maplecrest Marg, Falcon Nagar, Indore	India
S3-006226	Stonebrideg Systems Ltd	248 Goldleaf Marg, Silverline Nagar, Kochi, MP, 795701	IN
S3-004848	Goldleaf Industries Pvt Ltd	340 Cobalt St Opp. Bus Depot Coimbatore Rajasthan	India
S3-002795	Quarry Electricals Company	284 Maplecrest Avenue, Mobile, OH, 52855	US
S3-005367	Vertex Company	369 Onyx Road, OH, 27785, Austin	United States
S3-006857	Ironwood Textiles Co	273 Oynx Avenue, Tacoma	United States
S3-003195	Stonebridge Ravenwood Solutions Private Limited	Bluepeak Street, Apex Nagar, Coimbatore	India
S3-007005	Chemicals Clearwater Pvt Ltd	151 Thistle Street, Akron, 90759	India
S3-000386	Quarry  Solutions Ltd	351 Thistle St Redwood Nagar Jaipur MP	IN
S3-003574	Orchid Logistics	113 Bluepeak Rd Bluepeak Nagar Coimbatore Rajasthan	IN
S3-009218	Lantern  Systems Company	153 Sunstone Rd, Silverline Park, Near Exit 14, Peoria, OH, 72135	USA
S3-000179	Ravenwood Lantern Enterprise Corporation	5 Redwood Dr Clearwater Park Akron 51351	USA
S3-005098	Onyx Cobalt Seervices Corp	8 Thistle Dr, Ironwood Park, Peoria, WA	United States
S3-008943	Silverline Services Corporation	289 Kestrel Road, Redwood Park, Lubbock, 31765	USA
S3-006616	Quarry CConsultancy Ltd	25/25 Sunstone Marg, Vertex Nagar, Nagpur, 374075	India
S3-000382	Juniper otors Incorporated	12 Kestrel Road, Quarry Park, Mobile, AL	US
S3-006317	Ravenwood Private Limited	188 Cobalt Mn Lantern Nagar Jaipur Tamil Nadu	IN
S3-006291	Kestrel Maplecrest Eletcricals P Ltd	318 Onyx St, Coimbatore, Rajasthan, 760054	India
S3-003470	Quarry Systems P Ltd	39 Cobalt St, Clearwater Nagar, Kochi, Tamil Nadu	IN
S3-006299	Ironwood Foods Incorporated	285 Clearwater Blvd, Cobalt Park, Mobile, TX, 58510	USA
