entity_id	business_name	business_address	country
S2-008949	Systems  Silverline Co	117 Northgate Dr, Mobile, WA, 88787	United States
S2-001318	Sunstone Packaging Pvt Ltd	200 Redwood Cross, Behind Ganesh Temple, Nagpur, MP, 824788	IN
S2-002191	Juniper Limited	Falcon Mn, Bluepeak Nagar, Pune, Rajasthan, 316419	India
S2-005608	Maplecrest Electricals & Sons P Ltd	244 Falcon Cross, Thistle Nagar, Jaipur, MPP, 577111	India
S2-001091	Brightpaath Electricals	355 Ironwood Road, Meridian Park, Mobile, TX	United States
S2-002213	Foods Ravenwood Pvt Ldt	107 Meridian Cross, Jaipur, 530419	India
S2-006311	Ironwood Pvt Ltd	363 Maplecrest Road, Ironwood Nagar, Opp. Bus Depot, Indore, Maharashtra	IN
S2-000939	Falcon Private Limited	15/10 Summit St, Orchid Nagar, Kochi, 528188	India
S2-007670	Northgate Fabrics LLC	64 Thistle Street Redwood Park Tacoma OH	United States
S2-002433	Vetex Services & Sons Incorporated	329 Lantern St Juniper Park Fresno 87172	US
S2-007317	Stonebridge uQarry Systems & Sons oCrporation	88 Brightpath Marg, Meridian Nagar, Kochi	United States
S2-003355	Cobalt Goldleaf Consultancy Private Limited	343 Goldleaf St, Meridian Nagar, Kochi, 918098	India
S2-004064	Onyx Packaging P Ltd	285 Brightpath Street, Orchid Nagar, Jaipur	India
S2-001889	Harbor Sunstone Trading and Sons	133 Harbor Blvd,  Behind the Civic Center, Mobile, 55368	US
S2-002468	Cobalt Private Liimited	248 Redwood Rd, Jaipur, Gujarat, 858154	IN
S2-003092	Northgate Indutries Limited	7/2 Juniper Marg, Harbor Nagar, Surat, Gujarat, 518113	IN
S2-002229	Ironwod Corp	380 Goldleaf Blvd Summit Park Mobile 65993	United States
S2-006405	Bluepeak Motors Corp	334 Thistle Dr, Mobile, 11646	United States
S2-007631	Redwood Redwood Motors Private Limited	39/77 Clearwater Marg, Silverline Nagar, Jaipur, Maharashtra, 458474	IN
S2-009100	Electricals Sunstone & Sons	240 Juniper Marg, Onyx Nagar, Kochi, Gujarat, 131076	IN
S2-006942	Summit Sttonebridge Services Limited Liability Company	28/4 Summit Dr Orchid Park Fresno TX	United States
S2-002676	Sunstone Lmitted	245 Clearwater St, Redwood Nagar, Pune, Tamil Nadu, 264098	IN
S2-003914	Kestrel Logistics Limited	Near Metro Pillar 42, 90 Sunstone Main, Indore, Gujarat, 575721	India
S2-003483	Cobalt Inc	319 Northgate Road, IL, 52001, Lubbock	US
S2-001644	Vertex Trading Company	271 Cobalt Boulevard, Orchid Park, Opp. City Library, Akron, AL	United States
S2-006321	Thistle, Fabrics P Ltd	179 Redwood Marg, Summit Nagar, Surat, 333127	IN
S2-004761	Bulepeak Summit Foods	398 Goldleaf Street, Brightpath Park, Akron, 50805	US
S2-003663	Redwood Pacaging & Sons Private Limited	238 Quarry Marg, Onyx Nagar, Jaipur, 208486	IN
S2-004804	Tihstle Co	1 Lantern Blvd, Summit Park, Lubbock, 21211, AL	USA
S2-008269	Onyx Fabrics Pvt Ltd	393 Onyx St, Lantern Nagar, Pune, Rajasthan, 858484	IN
S2-005297	Thistle, Enterprses Company	1 Juniper Ave, Kestrel Park, Lubbock, OH	United States
S2-004047	Clearwater Packaging Privaate Limited	Northgate Marg, Goldleaf Nagar, Indore, Maharashtra	India
S2-003375	Juniper Industries Incorporated	100 Bluepeak Dr, Onyx Park, Opp. City Library, Fresno, CA	USA
S2-005438	Lanten Chemicals Co	96 Cobalt Blvd, Ironwood Park, Mobile, WA, 96296	US
S2-007153	Ravenwood Serivces Co	32 Meridian Street, Quarry Park, Austin, TX, 81236	US
S2-008917	Quarry Chemicals Limited	54 Northgate Mn, Jaipur	India
S2-001998	Meridian Orchid Inc	295 Falcon Blvd, Onyx Park, Peoria, 57823	US
S2-000873	Thisle Redwood Systems	140 Vertex Marg, Sunstone Nagar, Nagpur, Gujarat	India
S2-009143	Apex Ennterprises P Ltd	154 Sunstone St, Kestrel Nagar, Coimbatore, Gujarat	IN
S2-001951	Clearwater, SSystems Apex Corp	14 Lantern Drive, Bluepeak Park, Lubbock, 81228	USA
S2-006618	Summmit Consultanccy	371 Apex Street, Silverliine Park, Akron, IL, 66758	USA
S2-006353	Brightpath Enterprises Ltd	115 Apex Rd, Quarry Nagar, Coimbatore, 672650	IN
S2-002824	Qarry Trading Inc	Opp. City Library, 333 Vertex Drive, Akron, TX	USA
S2-007598	Northgate Clearater Chemicals & Sons Corp	319 Ravenwood Avenue, Stonebridge Park, Lubbock, AL, 76384	US
S2-007438	Apex Summit Textiles	303 Silverline Boulevard Meridian Park Akron IL	US
S2-004000	Silverline and Sons CCorporation	8 Harbor Avenue, Vertex Park, Mobile, AL, 90000	US
S2-001916	Clearrwater Industries Corporation	111 Cobalt Boulevard Clearwater Park Tacoma	United States
S2-003264	Silverline Clearwater ogistics Pvt Ltd	29 Juniper Crs, Orchid Nagar, Surat	IN
S2-002761	Sunstone Liimited	215 Juniper Marg, Pune, Gujarat, 774895	India
S2-004603	Goldleaf Trading Company	153 Orchid Street, Opp. Cit yLibrary, Goldleaf Park, Mobile, WA	United States
S2-000527	Falcon Logisttics P Ltd	125 Kestrel Mn, Ravenwood Nagar, Jaipur, MP, 224398	India
S2-006012	Thistle, Foods LLC	163 Ravenwood Road, Goldleaf Park, Peoria, 11216	USA
S2-003504	Redwood Cororation	398 Clearwater Drive, Austin, OH, 53407	United States
S2-008936	Apex	69 Brightpath Street Orchid Nagar Nagpur 585417	IN
S2-005045	Kestrel Solutiions Inc	140 Apex Blvd, Clearwater Park, Akron	US
S2-001213	Ravenwood Industries Corp	2 Bluepeak St, Harbor Park, Lubbock, WA	United States
S2-005638	Northgate Kestrel Fabrics P Ltd	72 Ironwood Marg, Near Metro Pillar 42, Coimbatore, MP, 981510, Meriidian Nagar	India
S2-004683	Briightpath Silverline Chhemicals Limited	351 Goldleaf St, Jaipur, 275182	IN
S2-007361	Harbor Mootrs Private Limited	Summit Street, Sunstone Nagar, Pune, Rajasthan, 148298	India
S2-003880	Summit Industries Limited	177 Falcon Road, Meridian Nagar, Kochi, Kerala, 616027	IN
S2-001165	Kestrel Foods Incorporated	10 Orchid Street, Lantern Park, Fresno	US
S2-000145	Falcoon Ravenwood Motors Co	Opp. City Library 53 Ironwood Drive Tacoma TX 56032	United States
S2-002847	Redwood Consultany Ltd	78 Falcon St Meridian Nagar Coimbatore Rajasthan	India
S2-000565	Vertex Foods & Sons Limited	Near SBI ATM, Cobalt Mn, Bluepeak Nagar, Indore	India
S2-007617	Lantern Systems Commpany	370 Bluepeak Street, Ravenwood Nagar, Coimbatore, Rajasthan, 267408	USA
S2-008799	Lantern Summit Solutions nIc	378 Clearwater Street, Harbor Park, Lubbock	USA
S2-005079	Summit Textiles Company	2999 Clearwater Blvd, Peoria, CA	United States
S2-001670	Ironwood	Behind Ganesh Temple, Ironwood St, Apex Nagar, Jaipur	IN
S2-002810	Onx	215 Juniper St, Quarry Park, Mobile, OH, 49273	US
S2-005603	Snstone Juniper Packaging Incorrporated	Near Exit 14, 122 Stonebridge Rd, Thistle Park, Tacoma, 72559	USA
S2-005294	Sunstone Raenwood Systems Private Limited	389 Brightpath Main Kochi Gujarat	IN
S2-005711	Redwood Industries Pvt Ltd	261 Northgate St, Jaipur, Tamil Nadu, 253417	IN
S2-005055	Redwood, Fabircs P Ltd	190 Orchid Marg, Pune	India
S2-008395	Quuarry oLgistics LLC	281 Cobalt St, Thistle Park, Lubbock, AL, 99928	USA
S2-008941	Vertex, Privat Limited	242 Kestrel Road, Northgate Nagar, Pune, Tamil Nadu	IN
S2-003258	Haror Co	Ravenwood Boulevard Fresno AL 44005	United States
S2-000273	Sunstone oCrpration	131 Falcon Street, Ironwood Park, Tacoma	US
S2-005766	Harbor Solutions Co	306 Juniper Ave, Northgate Park, Mobile, 24754	US
S2-005651	Harbor Soutions Limited Liability Company	245 Ravenwood St, Juniper Park, Behind the Civic Center, Akron, 21608	USA
S2-002206	Northgate Harbbor Chemicals P Ltd	Sunstone Cross, Falcon Nagar, Surat, Gujarat, 956678	IN
S2-002438	Vertex Pvt Ltd	257 Vertex Cross, Jaipur, 718503	India
S2-005707	Lntern Trading Limited	38 Cobalt Mn, Ironwood Nagar, Surat	India
S2-005840	Meridian Bluepeak Consltancy Pvt LLtd	65 Kestrel Mn, Kochi, MP, 375963	India
S2-000749	Ironwoood, Industries	306 Clearwater Ave, Kestrel Park, Lubbock, WA, 58376	US
S2-000108	Sunstone & Sons	Opp. City Library 74 Onyx Ave Northgate Park Peoria 53853 OH	USA
S2-005009	Brigghtpath and Sons Corporation	365 Summit Avenue CA Austin	US
S2-001794	Redwood, Solutions Sunstone Inc	84 Kestrel Dr Goldleaf Park Akron 75130	United States
S2-005179	Stonebridge Onyx Private Limited	4/53 Summit Cross,  Sunstone Nagar, Nagpur	IN
S2-004322	Quarry Harbor Systems and Sons P Ltd	82 Bluepeak Cross, Cobalt Nagar, Jaipur, 724787	India
S2-002316	Coblt	28 Lantern Street, Bluepeak Park, Tacoma	United States
S2-008957	Stonebridgee Trading	171 Harbor Avenue, Falcon Park, Austin	US
S2-000337	Maplecrest Trading Corp	2 Clearwater St, Maplecrest Park, Tacoma, IL	US
S2-003703	Fabrics Goldleaf Pvt Ltd	177 Orchid Marg, Onyx Nagar, Indore, 212206	IN
S2-002841	Quary Thistle Pvt Ltd	Stonebridge Marg, Pune, MP, 194901	India
S2-007822	Orchid Motors Private Limited	337 Juniper Mn, Cobalt Nagar, Pune, Maharashtra	IN
S2-002437	Vertex Solutions Pvt Ltd	99 Brightpath St, Ironwood Nagar, Indore, Gujarat, 418937	India
S2-005688	Summit Foods LLC	Near Exit 14, 151 Juniper Road, Onyx Park, Tacoma, OH, 54350	USA
S2-008150	Ironwood Onyx Logistics and Sons Incorporated	127 Meridian St, Lantern Nagar, Indore, Rajasthan, 362945	USA
S2-006596	Bluepeak iLmited	20 Summit St, Surat, Gujarat	IN
S2-000508	Vertex Textiles Corp	Cobalt Blvd Goldleaf Park Lubboc 65411	United States
S2-008992	Chemicals Inc	Opp. City Library Akron OH 309 Juniper Drive	USA
S2-009063	Silverline Thistle Chmeicals	53 Juniper St Redwood Park Akron IL 72141	USA
S2-008468	Ironwood, Ironwood Pvt Ltd	Redwood Drive, Austin, 82710	India
S2-007971	Services Vertex Pvt Ltd	51 Summit Marg Behind Ganesh Temple Coimbatore 116784	IN
S2-003235	Redwood, Bluepeak Enterprises Ltd	Near Metro Pillar 42, 67 Lantern Road, Indore, Maharashtra	India
S2-004703	Kestrel Consultancy Privatte Limited	241 Ravenwood Main, Goldleaf Nagar, Nagpur, Rajasthan, 444280	IN
S2-008976	Redwood and Sons Limited	65 Bluepeak Road, Lantern Nagar, Kochi, Gjuarat	IN
S2-005452	Harbor Services Ltd	92 Quarry Rd Brightpath Nagar Coimbatore 891171	India
S2-008036	Summti Electricals Private Limited	234 Goldleaf Rd, Surat, 737667	IN
S2-009211	Onyxx Motors Limited Liability Company	70 Brightpath Street, Vertex Park, Tacoma, TX	USA
S2-008451	Bluepeak Industries Co	37/24 Ironwood Strete Meridian Park Austin OH 36848	US
S2-000085	Apex Chemicals  Co	378 Clearwater Road, Kestrel Park, Fresno, AL, 42601	USA
S2-000093	Clearwater Motors Limited	342 Summit Crs, Harbor Nagar, Coimbatore, 135663	India
S2-004908	Redwood Pakcaging Corp	Juniper Dr, Quarry Park, Lubbock, TX, 70182	US
S2-007943	Onyx Systems Company	243 Onyx Cross, Maplercest Nagar, Surat, 245931	United States
S2-008981	Falcon ElectricalsC orp	223 Onx Drive Bluepeak Park Akron WA 56835	United States
S2-005788	Harbor Packagingg Company	120 Redwood Dr, 10705, Taoma	USA
S2-005316	Meridian Enterprises Ltd	322 Vertex Rd Maplecrest Nagar Nagpur 292874	India
S2-008519	Northgate Packgaing Pvt Ltd	317 Lantern Street, Quarry Park, Indore, TX, 81915	USA
S2-003011	Lantern, Private Limited	25/8 Maplecrest Marg Harbor Nagar Near Metro Pillar 42 Jaipur 806056	India
S2-005017	Silverline Fabrics Private Limited	134 Stonebridge Marg, Brightpath Nagar, Kochi	India
S2-001887	Thistle Enteprises Corp	145 Quarry Ave Clearwater Park Mobile	USA
S2-004802	Stonebridge LLC	Cobalt Blvd, Kestrel Park, Peoria, TX, 30666	USA
S2-001331	Onyx Textiles Limited	193 Thistle Street, Kochi, 427613	India
S2-007857	Bluepeak Solutions Ltd	100 Clearwater Road Akron 34021	IN
S2-007109	Ironwood Fabrics Incorporated	244 Falcon Rd, Bluepeak Park, Akron	USA
S2-001198	Goldleaf Foods & Sons Private Limited	150 Quarry Crs Lantern Nagar Jaipur Rajasthan	India
S2-000799	Stonebridge Solutions Prrivate Limited	32 Bluepeak Mn, Harbor Nagar, Pune, Tamil Nadu	IN
S2-001990	Vertex Foods LLC	53 Apex Blvd, Austin, 58190	United States
S2-001771	Cobalt Incorporated	42 Apex Boulevard Mobile 41678	USA
S2-006287	Redwoood	218 Harbor Road, Bluepeak Park, Fresno	United States
S2-002521	Orchid Motors nad Sons P Ltd	351 Kestrel St Kestrel Nagar Pune Maharashtra	IN
S2-006972	Lantern Services & Sons Company	37 Meridian Avenue, Austin	US
S2-006928	Lantern Maplecrest Enterprises Private Limited	184 Sunstone Marg, Nagpur, 503913	India
S2-008851	Apex Logistics  Ltd	214 Harbor Rd, Sunstone Nagar, Jaipur, Tamil Nadu, 545488	IN
S2-004927	Bluepeak Foods	80 Stonebridge Rd, Surat, Rajasthan	India
S2-007952	Logisticcs	339 Ravenwood Ave, Vertex Park, Fresno	US
S2-000722	Falcon Textiles Private Limited	12/72 Orchid Crs, Behind Ganesh Temple, Jaipur	India
S2-007048	Quarry, Packagig	347 Onyx Rd, Orchid Park, Mobile	US
S2-000067	Brightpath Electricals LLC	Ravenwood Rd, Peoria, Opp. City Library	USA
S2-006047	Apex Thistle Logiistics Inc	348 Quarry Ave, Juniper Park, Fresno, 16255	USA
S2-002856	Ravenwood Electricals Pvt Ltd	347 Quarry Main, Lantern Nagar, Pune, MP	India
S2-005236	Ironwood Services Corp	381 Silverline Drive, Falcon Park, Behind the Civic Center, Mobile	USA
S2-001228	Clearater Electricals	378 Quarry Rd, Harbor Nagar, Jaipur, 878268	India
S2-003192	Orchid Harbor Packaging Co	335 Clearwater Blvd Summit Park Lubbock 63167	USA
S2-005803	Juniper Logistics & Sons Limited Liability Company	204 Apex Street Stonebridge Park Lubbock WA 67672	USA
S2-006360	Irownood Trading P Ltd	219 Sunstone St, Vertex Nagar, Pune	India
S2-001550	Silverline Packagnig P Ltd	Near Metro Pillar 42, 319 Apex Mn, Maplecrest Nagar, Indore, Gujarat, 590636	India
S2-008854	Brightpath Consultnacy Ravenwood Ltd	188 Maplecrest Main, Thistle Nagar, Surat, Tamil Nadu, 675339	IN
S2-007171	Juuniper Fabrics	198 Falcon St, Indore	US
S2-006384	Ironwood Goldleaf Chemicals Corporation	44 Lantern Blvd, Cobalt Park, Austin, WA, 46330	United States
S2-006846	Sunstone Chemicals	206 Orchid Drive, Clearwater Park, Peoria, IL, 29921	United States
S2-009237	Onyx Logstics	353 Silverline Street, Meridian Nagar, Pune, 751787	IN
S2-000203	Fooods	Silverline Drive, Meridian Park, Peoria, 27394	United States
S2-003553	Thistle Industries and Sons Inc	29 Sunstone Street, Behind the Civic Center, Ravenwood Park, Mobile, CA, 23503	US
S2-005404	Foods Harbor	Behind the Civic Center, Vertex Blvd, Mobile, CA	United States
S2-000090	Meridian Sollutions Co	Juniper Blvd, Brightpath Park, Akron, AL, 89732	United States
S2-009047	Mapleecrest Solutions PP Ltd	Ravenwood Road, Quarry Park,C oimbatore, OH, 94891	US
S2-002473	SilverlineT rading Corp	Peoria, TX, 294 Onyx Dr	US
S2-005560	Orchid Lantern Solutions and Sons Limited	385 Apex Rd, Near SBI ATM, Kestrel Nagar, Pune, Kerala, 650952	India
S2-001141	Latnern Fabrics Corporation	Kestrel Blvd, Falcon Park, Fresno, AL	USA
S2-006078	Orchid Chemicls Privte Limited	68 Kestrel Marg, Near SBI ATM, Bluepeak Nagar, Coimbatore, 700292	India
S2-003536	Maplecrest Motors	138 Ironwood St, Vertex Nagar, Surat, MP, 515498	IN
S2-006118	Redwood Juniper Industries	320 Kestrel Rd, Apex Nagar, Kochi, Gujarat, 491449	India
S2-000174	Maplecres Cobalt Trading Incorporated	37/77 Goldleaf St, Quarry Park, Austin, CA, 81099	USA
S2-005351	Maplecrest Ravenwood Logistics and Sons P Ltd	32/29 Kestrrel Marg, Behind Ganesh Temple, Redwood Nagar, Indore, Tamil Nadu, 557834	IN
S2-004312	Brightpath Motors Prviate Limited	27/46 Ironwood Cross, Quarry Nagar, Nagpur, Rajasthna	IN
S2-001095	Falcon, Onyx Industries Inc	Opp. City Library, 185 Northgate Road, Ravenwood Park, Mobile, AL	USA
S2-002692	Orchid, Systems Limited	Apex St, Indore, Tamil Nadu	IN
S2-004503	Sunstone Summitt Trading &Sons Ltd	37/22 Redwood Cross Apex Nagar Coimbatore Rajasthan 324238	India
S2-004875	Brightpath Onyx Textiles and Sons	388 Harbor Boulevard Tacoma AL	US
S2-009219	Fabrics, Vertex Inc	349 Meridian Crs Meridian Nagar Austin Maharashtra	India
S2-004430	Harbor Cobalt and Sons	131 Ironwood Rd, Quarry Nagar, Surat, 719455	IN
S2-002822	Bluepeak, Cboalt Fabrics	204 Cobalt Blvd Orchid Park Near Exit 14 Peoria CA 16170	United States
S2-007706	Cobalt nIdstries	Ravenwood Avenue, Thistle Park, Peoria, TX	USA
S2-007123	Summit Industries P Ltd	41 Redwood St, Maplecrest Nagar, Indore	IN
S2-003022	Silveline	23/84 Thistle Ave Near Exit 14 Ravenwood Park Peoria TX 11626	US
S2-006388	Sunstone Packagign	115 Orchid Rd Near Metro Pillar 42 Lantern Nagar Kochi Kerala 800703	IN
S2-002132	Onyx Textiles Inc	250 Stonebridge St, Silverline Park, Mobile, 13339	USA
S2-007619	Trading Apex and Sons	Clearwater Avenue Akron 85705	India
S2-000647	Bluepeak Texiles and Sons td	338 Falcn St, Jaipur, Kerala, 885528	IN
S2-003969	Meridian &  Sons Corp	11/35 Harbor Ave, Akron, OH	USA
S2-008630	Maplecrest Motors Inc	69 Silverline Marg, Falcon Nagar, Fresno, Gujarat	IN
S2-001292	Northgate Chemicals Private Limited	Kestrel St, Ironwood Nagar, Kochi, Gujarat, 845365	IN
S2-003609	Ironwood Summit Chemicals	355 Apex Street, Lubbock, AL, 81933	USA
S2-003098	Brightpath, Silverline Enterprises Corporation	131 Quarry Blvd, Clearwater Park, Tacoma, 60504	United States
S2-002367	Harbor Reddwood Packgaing Pvt Ltd	Near Metro Pillar 42, 336 Meridian Marg, Stonebridge Nagar, Indore, Maharashtra	India
S2-006299	Godleaf Packaging & Sons Private Limited	102 Harbor Rd, Cobalt Nagar, Jaipur, Kerala, 877630	IN
S2-001373	Stonebrigde Systems Limited	182 Northgate SStreet Onyx Nagar Indore MP 123304	IN
S2-004793	Orchid Foods	356 Summit Road Bluepeak Nagar Kochi 418521	India
S2-005205	Quarry Foods Co	78 Orchid St, Juniper Park, Tacoma, IL, 21490	United States
S2-002256	Stonebridge Consutancy Pvt Ltd	338 Harbor Mn, Pune, Harbor Nagar	India
S2-007833	Maplecrest Textiles Ltd	7/78 Falcon Marg, Pun, 349278	India
S2-008497	Logistics Quarry Co	284 Thistle Rd, Falcon Park, Peoria, AL, 26589	US
S2-001298	BluepeakEnterprises Pvt Ltd	Brightpath Street, MMeridian Nagar, Coimbatore, Maharashtra, 436003	India
S2-005615	Stonebridge Solutions Private Limited	85 Clearwater Marg, Sunstone Nagar, Kochi, Kerala	India
S2-006801	Quarry Quarry Textiles & Sons P Ltd	Brightpath St, Juniper Nagar, Kochi, Gujarat, 572211	IN
S2-000244	Vertex Chemicals LLC	230 Thistle Boulevard, Harbor Park, Mobile, CA, 43932	United States
S2-004826	Services Ravenwood Private Limited	Maplecrest Main Coimbatore 762664	IN
S2-005063	Orchid Redwood abrics Private Limited	Thistle Road Onyx Nagar Coimbatore 145971	IN
S2-007481	Summit Textiles	Brightpath Street, Silverline Park, Austin, AL, 94230	US
S2-002200	Goldlaf Ironwood Corp	79 Onyx Street, Juniper Park, 15217, Fresno	United States
S2-004942	Ravenwood, Logistics Inc	117 Onyx Boulevard, Ony Park, Lubbock, 59384	USA
S2-004841	Apex Logistics Company	251 Thistle Avenue, Falcon Park, Tacoma, AL, 55862	US
S2-008570	Vertex Cobalt Chemicals Inc	82 Juniper Marg, Jaipur, Tamil Nadu	United States
S2-004833	Summit Falconn Textiles LLC	192 Kestrel Avenue, Cobalt Park, AL, Tacoma	USA
S2-005488	Stonebrideg Logistics	37/82 Brightpath Street, Bluepeak Park, Lubbock, 52646	United States
S2-008009	Vertex Apex Logistics Private Limited	261 Lantern Marg, Bluepeak Nagar, Near SBI ATM, Kochi, Gujarat, 498628	IN
S2-002325	Consultancy Kestrel Company	Brightpath Rd, Austin, 80924	USA
S2-002933	Silvelrine Bluepeak Limited	121 Juniper Marg, Near SBI ATM, Redwood Nagar, Indore, 956295	IN
S2-000877	Harbor Logistics Private Limietd	19/74 Clearwater Main, Surat, 705283	IN
S2-006888	Apex Services Inc	335 Ironwood Street Quarry Park Opp. City Library Austin	United States
S2-005281	Stonebridge, Enterprisses Limited	80 Ironwood Marg, Pune, Tamil Nadu, 735937	India
S2-003505	Redwood & Sons Corporatiion	398 Clearwater Dr, Sunstone Park, Austin, OH, 53407	United States
S2-004192	Quarry Incorporated	1/36 Apex Drive, Vertex Park, Akron, AL, 11107	United States
S2-007786	Juniper Pivate Limited	5/21 Onyx Marg, Nagpur	India
S2-008817	Juniper Limited Libility Company	147 Meridian St, Juniper Nagar, Lubbock, Maharashtra, 409793	IN
S2-005920	Goldleaf Redwood Limited	99 Kestrel Mn, Behind Ganesh Temple, Meridian Nagar, Kochi	India
S2-007812	Northgate,  Consultancy LLC	19/82 Kestrel Street, Goldleaf Park, Akron, 23591	United States
S2-003707	Raveenwood Consultancy LLC	349 Ravenwood Boulevard, Maplecrest Park, Near Exit 14, Peoria	USA
S2-005814	Kestrel Systems	308 Ravenwood Avenue, Lubbock, OH, 79013, Lantern Park	United States
S2-008085	Ironwood Consutlancy and Sons Limited Liability Company	Meridian Park Tacoma AC 18574 241 Sunstone Road	USA
S2-000709	Enterprises Redwood Limited Liabilit yCompany	328 Goldleaf Avenue, Lubbock, AL, 92701	US
S2-001872	Bluepeak Pvt Ltd	227 Juniper Crs, Summit Nagar, Surat, Maharashtra	India
S2-001865	Lantern Onyx Enterprises & Sons P Ltd	301 Ironwood St, Ironwood Nagar, Kochi, Maharashtra, 487588	IN
S2-001386	Brightpath IndustriesLtd	355 Quarry Marg Jaipur Tamil Nadu 427883	India
S2-000232	Cobalt Chemiccals	Fresno, IL, 61364, Falcon Rd	United States
S2-004990	Northgate Consultancy and Sons Inc	12/57 Vertex Rd, Falcon Park, Fresno, OH, 17893	US
S2-002455	Juniper Juniper Consultancy Private Limited	295 Meridian St, Apex Nagar, Surat	IN
S2-001611	Silverline Systesm Inc	Akron CA Falcon Drive	USA
S2-008603	Sunstone Pvt Ltd	Thistle Rd Goldleaf Nagar Nagpur MP	India
S2-005286	IronwoodFabrics Company	Behind the Civic Center, 188 Quarry Blvd, Brightpath Park, Austin, TX, 73417	USA
S2-001302	Orchid Textiles Priate Limited	106 Vertex Road Meridian Nagar Pune Kerala	India
S2-002163	Orchid Electricaals Inc	Silverline Blvd, Lubbock, IL	United States
S2-000585	Cobalt Systems & Sons Ltd	Stonebridge Marg, Juniper Nagar, Coimbatore, Gujarat, 191001	India
S2-002185	Falcon Sunstone Motors Limited Liabbility Company	153 Apex Drive, Mobile, OH, 57035	USA
S2-006683	Redwood Consultancy Corp	Thistle St, Clearwater Park, Mobile, TX, 25101	USA
S2-002647	Northgate Packaging P Ltd	178 Northgate Marg, Pune, 892526	IN
S2-002283	Mpalecrestt Redwood	164 Bluepeak Rd, Clearwater Park, Akron, OH	United States
S2-003246	Northgte Electriacls P Ltd	395 Juniper Marg, Falcon Nagar, Indore, 323274	India
S2-000707	Redwood Enterprises LLC	56 Northgate Blvd, Meridian Park, Peoria	United States
S2-001704	Cobalt Electrciasl Private Limited	Apex Crs, Silverline Nagar, Jaipur	IN
S2-006744	Ravennwood, Chemicalls	272 Goldleaf Boulevard, Redwood Park, Opp. City Library, Tacoma, AL, 33398	USA
S2-002726	Sunstone Stonebridge Corp	197 Harbor Drive, Meridian Park, Tacoma, 54561	United States
S2-009208	Falcon Entrerprises Corp	7 Apex Marg, Clearwater Nagar, Kochi	US
S2-007848	Orchid	242 Summit Drive, Summit Park, Frenso	USA
S2-007810	Maplecrest Lantern Trading LLC	245 Harbor Street, Meridian Park, Mobile, WA	US
S2-007490	Bluepeak Vertex	34 Thistle Rd, Akron, OH, 32747	United States
S2-005466	Cobalt Juniper Texttiles Private Limited	348 Apex Road, Meridian Nagar, Surat	IN
S2-004375	Meridia nFabriics and Sons Ltd	139 Lantern Main, Stonebridge Nagar, Kochi, 520928	IN
S2-001691	Northgate Chemicals Corp	Quarry Drive Meridian Park Austin TX 41944	United States
S2-001514	Silverlie Consultancy Corporation	199 Maplecrest Blvd Thistle Park Tacoma TX 35465	USA
S2-009251	Thistle aFbrics Incorporated	362 Ravenwood Drive Onyx Park Tacoma  10357	United States
S2-000327	Thstle Logistics	273 Cobalt Avenue, Onyx Park, Aron, OH, 26529	US
S2-001879	Harbor  Goldleaf	362 Onyx Ave, Meridian Park, Akron, TX	USA
S2-005634	Ironwood, Ltd	359 Summit Street, Silverline Nagar, Jaipur, MP	IN
S2-004564	Apex Vertex Solutions Ltd	Near Metro Pillar 42, 310 Onyx Crs, Goldleaf Nagar, Nagpur, 171950	India
S2-004338	Summit aPckaging Inc	72 Northgate Ave, Summit Park, Fresno, TX, 15135	United States
S2-004839	Kestrel Stonebridge Packagig & Sons P Ltd	10/68 Northgate Cross, Stonebridge Nagar, Jaipur, Kerala	IN
S2-001225	Redwood Corp	19 Silverline Street Harbor Park Mobile	USA
S2-006095	Ocrhid Solutions	Bluepeak Main Lantern Nagar Jaipur Rajasthan	IN
S2-009296	Maplecrest Chemicals Ltd	Lantern  Avenue Juniper Park Indore AL	US
S2-003738	Onyx, Electricals Co	216 Harbor Drive Juniper Park Akron OH	USA
S2-000733	Bluepeak Orchid Motors Private Limited	Opp. Bus Depot, Quarry Mn, Pune, Rajasthan	IN
S2-002190	Stonebridge, Falcon Industries	44 Ironwood Boulevard, Meridian Park, Peoria, OH	USA
S2-001582	Apex Harbor Electricals and Sons LLC	355 Quarry Street, Kestrel Park, Peoria, CA, 20299	US
S2-006189	Harbor Trding Pvt Ltd	9/78 Clearwater Marg Near SBI ATM Falcon Nagar Pune Gujarat 667805	India
S2-005712	Trading  Vertex Pvt Ltd	Opp. Bus Depot, 124 Apex Marg, Ironwood Nagar, Kochi, Kerala, 902221	India
S2-004116	Meridian Harbor Trading Pvt Ltd	271 Vertex Crs, Clearwater Nagar, Surat, Rajasthan, 114964	India
S2-001176	Lantern Packaging P Lttd	208 Lantern Main, Juniper Nagar, Jaipur, Tamil Nadu	IN
S2-005673	Goldleaf Services LLC	27 Quarry Dr, Quarry Park, Behind the Civic Center, Fresno, TX	USA
S2-004348	Redwood Inc	39/87 Bluepeak Drive, Goldleaf Park, Lubbock, WA, 26591	US
S2-001767	Lanterrn Consultancy Privatee Limited	136 Northgate Main Thistle Nagar Pune aharashtra 243025	IN
S2-000223	Lantern Motorss Co	115 Harbor Blvd Kestrel Park Austin OH	US
S2-002995	Goldeaf, Logistics	343 Ravenwood Road, Brightpath Nagar, Indore, 535933	India
S2-008707	Silverline Textiles Corp	322 Redwood Main, Silverline Nagar, Austin, Rajasthan	India
S2-001163	Kestrel Foods	10 Orchid Street, Lantern Park, Fresno, CA, 11591	United States
S2-007649	Consutancy Summit & Sons	Peoria, 222 Goldleaf Drive	US
S2-002218	Orchid Motors	305 Meridian Rd, Brightpath Ngaar, Coimbatore, Rajasthan, 675222	IN
S2-004315	Silverline Electricals Company	60 Falcon Drive, Thistle Park, Austin, IL, 69074	US
S2-002262	Cobalt Harbor Logistics Corp	292 Quarry Street Peoria	USA
S2-005461	Onyx Ironwood Logistics Limietd	Coimbatore, MP, 118 Harbor Rd	India
S2-005246	Clearwater and Sons Company	Near Exit 14, 132 Bluepeak Dr, Austin, 38113	United States
S2-002315	Stonebridge, Vertex Enterprises Private Limited	104 Brightpath Rd Kochi Kerala	India
S2-004950	Summit Redwood Solutionss Limited	206 Lantern Marg, Vertex Nagar, Coimbatore, MP, 777005	India
S2-004265	Cobalt	283 Apex Road,M obile	USA
S2-005655	Sunstone SSolutions Private Limited	79 Cobalt Marg Kochi 331365	IN
S2-000141	Northgate Packaging and Sons Private Limited	193 Bluepeak Marg, Silverline Nagar, Opp. Bus Depot Pune, Gujarat, 835629	India
S2-006585	Kestrel Electricals P Ltd	34/81 Bluepeak Mn, Kestrel Nagar, Jaipur, MP, 926808	IN
S2-008143	Brightpath, Incorporated	111 Harbor Main, Near SBI ATM, Akron, 113470, Sunstone Nagar	India
S2-003071	Orchid Solutions LLC	5/51 Lantern St Lubbock 74928 Bluepeak Park	US
S2-003581	Kestrel Textiles LLC	33 Sunstone Rd, Juniper Park, Peoria, 60626	United States
S2-007172	Kestrel Logistics and Sons	291 Goldleaf Blvd, Goldleaf Park, Fresno, 30887	India
S2-008887	Quarry Trading and Sons Pvt Ltd	151 Juniper Rd Near Exit 14 Tacoma 54350	IN
S2-000236	Textiiles Thistle Corp	65 Juniper St, Fresno	US
S2-002484	Harbro Motors and Sons	217 Cobalt Road, Pune, MP	IN
S2-006361	Iornwood Trading	268 Redwood St, Cobalt Nagar, Coimbatore	India
S2-001081	Blluepeak	72 Northgate Road, Harbor Nagar, uPne	India
S2-001918	Golldleaf Company	191 Apex Blvd, Behind the Civic Center, Cobalt Park, Mobile, IL	USA
S2-003049	Ravenwood Pvt Ltd	Quarry Main, Ironwood Nagar, Jaipur, 606016	IN
S2-007275	Redwood Industries LLC	176 Lantern Road, Goldleaf Park, Mobile, 96446, TX	USA
S2-002166	Electricals Ochid Inc	288 Harbor Avenue Ironwood Park Lubbock 78147	United States
S2-007206	Summit Kestrel Electricls P tLd	61 Goldleaf Road, Northgate Nagar, Surat	India
S2-008638	Quarry Goldleaf Pvt Ltd	350 Ironwood Rd, Clearwater Nagar, Pune, 885069	IN
S2-002978	Meridian Textiles & Sons Co	305 Redwood Road, Lantern Park, Tacoma, WA	US
S2-001948	Ravenwood Incorporated	Clearwater Dr Falcon Park Opp. City Library Austin 91706	USA
S2-004899	Ironwood Logistics P Ltd	19 Kestrel Cross, Silverline Nagar, Surat, MP, 317314	India
S2-005954	Vertex Solutions Ltd	106 Falcon Street, Apex Nagar, Coimbatore, Tamil Nadu, 473703	IN
S2-008534	Silverline Motors Co	Goldleaf Avenue, Lantern Park, Austin, AL, 88196	United States
S2-004629	Cobalt Onyx Solutiosn Incorpoorated	4/122 Harbor Avenue, Quarry Park, Lubbock, OH, 61519	USA
S2-003323	Ironwood, Industries Co	46 Juniper Dr, Lubbock, OH, 25214	US
S2-006537	Sunnstone Motors Co	29/76 Lantern Blvd, Summit Park, Fresno, AL	US
S2-001653	Goldleaf Fabrics Harbor & Sons Private Limited	169 Meridian Marg, Apex Nagar, Nagpur, Tamil Nadu	IN
S2-007637	Ironwood Cobalt Services P Ltd	75 Kestrel Marg Harbor Nagar Jaipur Maharashtra	IN
S2-003573	Juniper Systems and Sons Private Limited	38/58 Vertex Mn, Cobalt Nagar, Behind Ganesh Temple, Jaipur, Maharashtra	India
S2-005040	Brightpath Electricals Inc	209 Onyx Boulevard, Goldleaf Park, Fresno, IL, 30322	US
S2-001555	Cobalt  Fabrics P Ltd	218 Summit Street, Brightpath Nagar, Surat, MP, 614165	India
S2-006616	Ravenwood Trading Co	17/14 Kestrel Boulevard, Meridian Park, Peoria	United States
S2-008460	Bluepak Inc	36/9 Summit St Austin 32690	USA
S2-000308	Stonebridge, TradingInc	389 Thistle St, Redwood Park, Lubbock, 12593	United States
S2-005320	Silverline Summit Systems & Sons	105 Onyx Crs Summit Nagar Nagpur Gujarat	India
S2-007860	Sunstone Packaging Pvt Ltd	371 Vertex rs Pune Gujarat	IN
S2-003943	Falcon Industries Limited	295 Juniper Street, Clearwater Nagar, Kochi, Gujarat, 141493	IN
S2-002354	Orchid Pvt Ltd	Onyx Marg, Falcon Nagar, Kochi, Kerala	IN
S2-005092	Ironwood Corp	279 Bluepeak Boulevard, Apex Park, Mobile	United States
S2-008011	Ravenwood Logistics Pvt  Ltd	Meridian Street, Thistle NNagar, Nagpur, 235387	India
S2-002060	Juniper Fabrics Limited Liability Company	Opp. City Library, 379 Thistle Street, Silverline Park, Austin, 23584	United States
S2-006211	Ironwood Solution Co	140 Falcon Road, Onyx Park, Mobile, 77362	USA
S2-002651	Orchid Onyx Entreprises Inc	266 Vertex Rd, Silverline Park, Fresno, WA, 99236	US
S2-009152	Orchid, Northgate Motors Company	188 Cobalt St, Lubbock, 74224	United States
S2-008045	Onyx & Sosn Limited Liability Company	156 Cobalt Ave Tacoma AL 55064	US
S2-005731	Brightpath Industries Pvt Ltd	3 Maplecrest Cross, Pune, MP	India
S2-009199	Clearwater Kestrel Logstics P Ltd	288 Onyx Street, Quarry Nagar, Indore, 868531	India
S2-003180	Orchid Chemicaals Ltd	300 Sunstone Road, Summit Nagar, Opp. Bus Depot, Surat, 177352	India
S2-002966	Redwood  Motors	255 Lantern Street, Redwood Nagar, Surat, 419293	India
S2-000831	Vertex Vertex Pvt Ltd	30/16 Kestrel Main, Surat, 266547	India
S2-009173	Habor Industries Private Limited	296 Bluepeak Rd, Cobalt Nagar, Pune, Kerala, 667448	IN
S2-001795	Redwood, Sunstone Solutions Incorporated	Behind the Civic Center, Goldleaf Park, Akron, 75130, 84 Kestrel Drive	US
S2-007007	Services Harbor P Ltd	282 Stonebridge Main, Ironwood Nagar, Kochi, Tamil Nadu, 887718	India
S2-001910	Silverline Foods Privvate Limited	Harbor Nagar Nagpur 765492 344 Summit Marg	India
S2-005746	Ravenwood Limitted	372 Harbor Cross Falcon Nagar Surat 836145	India
S2-004485	Bluepeak Stonebridge Fabrics Corporaation	277 Summit Road, Meridian Park, Peoria, AL, 81666	US
S2-000942	Clearwater Pvt Ltd	16/26 Kestrel Marg, Behind Ganesh Temple, Lantern Nagar, Pune, MP	IN
S2-000864	Thistle Enterpises LLC	246 Quarry St, Bluepeak Park, Lubbock, 18236	USA
S2-009238	OnyxTrading PvtL td	272 Brightpath Crs, Near SBI ATM, aplecrest Nagar, Jaipur, Gujarat, 668130	IN
S2-007716	Ravenwood Logitsics and Sons LLC	342 Maplecrest Road, Northgate Park, Lubbock, 66145	USA
S2-009269	Falcon, Electricals Limited Liabiity Company	361 Ironwood St Lantern Park Peoria	United States
S2-006599	Onyx Enterprises	Silverline St, Harbor Nagar, Indore, Tamil Nadu, 624878	IN
S2-008546	Redwood Electricals Ltd	333 Vertex Ave, Quarry Park, Mobile, AL, 11991	IN
S2-006657	Redwood Company	Behind the Civic Center, 31/30 Cobalt Dr, Maplecrest Park, Akron, 32165	United States
S2-002808	Ravenwood Traidng P Ltd	37 Stonebridge Mn Redwood Nagar Opp. Bus Depot Kochi MP	India
S2-002116	Goldleaf Ltd	198 Clearwater Road Pune MP 853646	IN
S2-006327	Trading Brightpah Ravenwood	96 Redwood Rd, Ironwood Nagar, Surat, Tamil Nadu	IN
S2-006013	Foods and Sons LLC	163 Ravenwood Road, Goldleaf Park, Peoria, 11216, OH	US
S2-008128	Bluepeak Services Private Limited	Onyx Cross, Kochi, 906357	IN
S2-004882	Harbor, Enterprrises & Son LLC	158 Silverline Street, Cobalt Park, Peoria, WA, 83703	US
S2-008967	Orchid Goldleaf Systes Limited Liability Company	133 Clearwater St, Opp. City Library, Falcon Park, Fresno, CA,58719	United States
S2-006075	Harbor Electricals Corporation	143 Quarry Ave, Akron	United States
S2-005853	Harbor Chemmicals Incorporated	345 Harbor Rd, Orchid Park,A ustin	United States
S2-007243	Sunstone Loogistics Private Limited	24/77 Quarry Street, Kestrel Park, Akro,n AL, 91084	IN
S2-007440	Onyx Chemicals Ltd	79 Goldleaf Crs, Stonebridge Nagar, Indore, Rajasthan, 889919	IN
S2-000124	Summit Servicse Corp	23 Ravenwood Dr, Lubbock, 58697	US
S2-002875	Juniper Logistics Private Liitted	2 Meridian Cross, Meridian Nagar, Behind Ganesh Temple, Kochi, 270041	India
S2-004662	Redwood Packaging Privtae Limited	Juniper Crs Sunstone Nagar Indore Rajasthan	IN
S2-004449	Quarry Logistics & Sons Ltd	173 Goldleaf Rd, Lantern Nagar, Pune, Maharashtra, 530107	India
S2-004284	Maplecrest Chemicals and Sons Limited Liability Compaany	4/41 Bluepeak Rd, Vertex Park, Tacoma, IL	US
S2-004743	Harbor Trading PrivateL imited	305 Bluepeak Crs Bluepeak Nagar Pune MP	India
S2-003148	Cobalt Motorss Limited Liability Company	137 Northgate Dr, Silverline Park, Mobile, 54440	United States
S2-001904	Lantern Electricals Priate Limited	47 Orchid Street, Vertex Nagar, Surat, 906639	India
S2-003035	Silvreline Kestrel Teextiles Co	292 Cobalt Drive, Clearwater Park, Peoria, OH, 88092	USA
S2-007239	Orchid Chemicals P Ltd	Harbor Marg, Stonebridge Nagar, Nagpur, 799525, Rajasthan	India
S2-006050	Blepeak	308 Northgate Main, Nagpur, 3158893	India
S2-008871	Stonebridge SilverlineF oods	Apex Marg, Surat, Gujarat, 301470	India
S2-005096	Ironwood Industries Crp	Redwood Avenue, Ravenwood Park, Lubbock, WA, 10060	United States
S2-008636	Ironwood Redwood Packaging Company	Fresno, WA, 42848, Meridian Rd	US
S2-003100	Summit Incoporated	365 Goldleaf Road, Peorria, 27866	US
S2-000534	Vertex Packkaging Private Limited	184 Brightpath Rd Meridian Nagar Nagpur Tamil Nadu 763521	IN
S2-003846	Kestrel Logistics	61 Clearwater Marg, Meridian Nagar, Coimbatore, 919378	IN
S2-003212	Ironwood Redwood Company	217 Juniper St, Fresno, AL, 11949, Opp. City Library	US
S2-000854	Keesrel Redwood Services Co	219 Meridian Boulevard, Silverline Park, Akron, CA, 62124	USA
S2-001268	Sunstone Motors Pvt Ltd	Bluepeak Rd, Ravenwood Nagar, Jaipur, Kerala, 380459	IN
S2-006355	Meridian Packging	Near Exit 14, 363 Brightpath Blvd, Tacoma, WA	US
S2-001486	Godlleaf Foods P Ltd	365 Brightpath Street, Brightpath Nagar, Pune	India
S2-002714	Thstle Serrvices Co	392 Northgate Road, Sunstone Park, Lubbock, OH, 28455	US
S2-008556	Vertex Consultancy Limited	21/41 Meridian Road, Ironwood Nagar, Pune, MP	IN
S2-001017	Brightpath Ravennwod Textiles and Sons Pvt Ltd	Near Metro Pillar 42, 7/68 Quarry Rd, Summit Nagar, Surat, Gujarat, 767435	IN
S2-001674	Systems Falcon and Sons P Ltd	381 Bluepeak Cross, Juniper Nagar, Jaipur, 953246	IN
S2-002386	Industries Silverline Co	114 Ravenwood Boulevard, Mobile, OH, 38882	United States
S2-007582	Goldleaf Inc	Mobile 15 Ravenwood Rd	India
S2-004290	Orchid Systems Ltd	79 Redwood Marg, Lantern Nagar, Opp. Bus Depot, Indore	IN
S2-008417	Quaryr Consultancy Limited	136 Sunstone Blvd, Peoria	India
S2-009255	Ravenwood Clearwater Electricals Ltd	344 Orchid Main Vertex Nagar Pune Gujarat 867904	India
S2-008994	Lantern Services	327 Brightpath Drive, Lantern Park, Mobile, TX	United States
S2-000461	Maplecrest Vertex Enterprises & Sons LLC	193 Kestrel St, Brightpath Park, Behind the Civic Center, Lubbock, AL	United States
S2-006811	Ironwood Enterprises	254 Stonebridge Rd Surat 414589	IN
S2-005584	Quarry Solutions Ltd	337 Maplecrest Marg, Stonebridge Nagar, Coimbatore, Rajasthan, 720613	India
S2-002043	Quarry Private Limited	20/17 Redwood Street, Orchid Nagar, Kochi, Kerala, 534140	India
S2-004455	Redwood Enterprises P Ltd	285 Goldleaf Rd, Kestrel Nagar, Indore, 124223	India
S2-002710	Silverline Stonebridge and Sons Inc	251 Sunstone Ave, Brightpath Park, Lubbock,IL, 89397	United States
S2-003336	Harbor Electricals & Sons IInc	86 Goldleaf Street, Lantern Park, Mobile, AL, 31052	United States
S2-002619	Orchid Coonsultancy	Opp. City Library, 338 Northgate Road, Peoria, IL, 94675	USA
S2-003539	Harbor Redwood	345 Onyx Ave Mobile AL 88777	US
S2-004110	Goldleaf Serrvices	134 Ravenwood Road Kochi 247113	India
S2-002848	Redwood Consultancy Limited	Near SBI ATM 27/40 Harbor Crs Stonebridge Nagar Nagpur Gujarat 886209	IN
S2-001107	Clearwater & SSons Private Limited	222 Summit Street Indoe	India
S2-004037	Bluepeak Cobalt Consultancy & Sons Incorporated	10 Harbor Drive, Redwood Park, Lubbock, 80410	USA
S2-003736	Juniper Foods & Sons Limited Liability Company	302 Silverline Ave, Orchid Park, Fresno, OH, 19428	US
S2-003797	Electricals, Maplecrest Juinper P Ltd	216 Vertex St, Coimbatore, Kerala, 737416	IN
S2-002559	Redwood Services Ltd	124 Vertex Cross Clearwater Nagar Pune 580733	IN
S2-003853	Maplecrest LLC	132 Northgate Road, Peoria, 35512	US
S2-000595	Thistle Consultancy Private Limited	319 Falcon Margg, Clearwater Nagar, Coimbatore, MP, 540480	IN
S2-003984	Brightpath Redwood Solutions & Sons Corp	82 Sunstone Dr, Juniper Park, Tacoma, OH	US
S2-000679	Summit and Son sCorporation	359 Stonebridge Blvd, Akron, 33172	USA
S2-002195	Silverline Flacon Incorporated	Kestrel Road, Ravenwood Park, Tacoma, 81633	USA
S2-004710	Harbor Cobalt Solutions	27/72 Summit Dr Goldleaf Park Mobile TX 20662	USA
S2-004428	Summit LLC	137 Lantern Avenue, Redwood Park, Akron, OH, 28182	USA
S2-007588	Apex Trading Limited Liability Cmopany	337 Harbor Main, Harbor Nagar, Pune, 141800	United States
S2-008228	Glodleaf Industries LLC	23/15 Summit Marg Lubbock 321205	India
S2-007479	Vertex Servces Private Limited	240 Orchid Main, Orchid Nagar, Coimbatore, Rajasthan, 362700	IN
S2-008268	Trading Onyx Corp	10/88 Lantern St, Harbor Nagar, Kochi, Rajasthan	US
S2-007829	Stonebridge Juniper Systems	297 Sunstone Marg, Brightpath Nagar, Jaipur, Maharashtra, 526957	IN
S2-006044	Maplecrest Chemicals & Sons P Ltd	Behind Ganesh Temple, 232 Onyx Mn, Clearwater Nagar, Coimbatore, MP	India
S2-002479	Redwood Sunsstone Pvt Ltd	395 Juniper Cross Meridian Nagar Kochi MP 805397	IN
S2-004773	Sunstone Northgate Solutions	203 Northgate Street, Apex Nagar, Kochi, Tamil Nadu	India
S2-004254	Goldleaf Enterprises Corp	274 Silverline Street, Apex Park, Fresno	USA
S2-001710	BrightpathSystems Corp	248 Lantern Ave, Peoria, TX, 76482	United States
S2-000074	Ravenwood Packaging	253 Apex Marg, Kestrel Nagar, Indore, 772322	IN
S2-008553	Quarry Ravenwood Logistics LLC	28 Maplecrest Drive, Opp. City Library, Goldleaf Park, Akron, 22661	USA
S2-003541	Kestrel, Trading Private Limited	292 Harbor Rd, Brightpath Nagar, Indore, Maharashtra, 904081	India
S2-006796	Summmit Foods Incorporated	398 Falcon Avenue, Orchid Park, Peoria, 27445	USA
S2-005100	Cobalt Company	18/82 Quarry Road, Akron, 41580	US
S2-000650	Falcon  Limited	170 Sunstone Street, Lantern Nagar, Pune	IN
S2-007367	Stonebridge Ravenwood Enterprises Company	13 Northgate Dr, Northgate Park, Austin	US
S2-008210	Redwood Lantern Packaging Incorporated	18 Juniper Dr, Thistle Park, Near Exit 14, Mobile, TX	USA
S2-008257	Vertex Priivate Limited	7/77 Quarry Street, Brightpath Nagar, Coimbatore, 974597	India
S2-003682	IronwoodE nterprises	359 Lantern Boulevardd, Austin, 54828	United States
S2-003749	Goldleaf Textiles Incorporated	21 Ironwoo Dr, Harbor Park, Mobile, 41480	US
S2-000498	Lantern Packagiing  P Ltd	342 Vertex Mn NearM etro Pillar 42 Clearwater Nagar Jaipur Rajasthan 146083	India
S2-000588	Silverline Systems Private Limmited	134 Clearwater St,N ear SBI ATM, Indore, 294744	IN
S2-005235	Redwood Kestrel Motors P Ltd	Onyx Crs, Redwood Nagar, Coimbatore, 785110	India
S2-007970	SolutiionsB rightpath	240 Goldleaf Boulevard, Summit Park, Austin, AL	United States
S2-003911	Verttex Silverline Chemicals	351 Falcon Drive, Orchid Park, Akron, WA	USA
S2-007080	Falcon Fabrics Limitted	309 Meridian Marg, Brightpath Nagar, Nagpur, Kerala	IN
S2-008345	Coblt Foods Corp	Meridian Boulevard, Ravenwood Park, Behind the Civic Center, Peoria, AL, 28651	USA
S2-005692	Txtiles Inc	213 Falcon Blvd Bluepeak Park Akron WA 28291	US
S2-004165	IndutriesG oldleaf Apex and Sons Limited	Opp. Bus Depot, 152 Summit Marg, Coimbatore	India
S2-008412	Clearwater Motors & Sons Limited Liability Company	Falcon Avenue, Summit Park, Tacoma, 71651	USA
S2-004692	Maplecrest, Fabrics and Sons Limited Liability Company	Opp. City Library, 57 Ironwood St, Vertxe Park, Fresno, IL, 14602	USA
S2-004129	Bluepeak Enterprises	93 Silverline Road, Harbor Park, Peoria, IL	USA
S2-001792	Electricals Apex Corp	Redwood Rd, Fresno, OH, 22606	USA
S2-004853	Ironwood Systems	319 Lantern St, Mobile, AL	United States
S2-004083	Harbor Inc	218 Cobalt Drive, Behind the Civic Center, Onyx Park, Lubbock	United States
S2-008919	Bluepeak Electricas Co	14 Lantern Blvd Lantern Park Lubbock 67054	United States
S2-006302	Maplecrest, Onyx Electricals P Ltd	17/77 Ironwood Mrag, Nagpur	India
S2-001240	Silverline Silverlinee Trading & Sons Co	Opp. City Library, 13 Summit Boulevard, Goldleaf Park, Tacoma, WA, 61902	USA
S2-005982	Sunstone Packaging Goldleaf Ltd	277 Onyx Marg, Kochi, Rajasthan, 478097	India
S2-007471	Apex radin gLimited	34 Cobalt Drive Sunstone Park Nagpur 31456	US
S2-004400	Bluepeak Texties Inc	250 Clearwater Ave, PPeoria, 97512	USA
S2-003696	Apex oods LLC	273 Ironwood Avenue Austni TX 49894	United States
S2-002867	Bluepeak Consultancy	Near SBI ATM, 155 Stonebridge Rd, Coimbatore, Kerala, 909383	IN
S2-000475	Brightpath	391 Falcon Ave, Thistle Park, Mobile, WA, 79989	USA
S2-004857	Junpier Corporation	31 Ironwood Blvd, Orchid Park, Akron, WA	United States
S2-005993	Maplecrest Cobalt Foods Incorpoorated	Maplecrest Park, Mobile, 57 Quarry Road	US
S2-005641	Ravenwood Services Inc	282 Harbor Street, Goldleaf Park, Peoria, AL, 37062	United States
S2-003956	Texttiles Clearwater BluepeakP Ltd	367 Quarry St, Thistl Nagar, Nagpur, MP, 676239	IN
S2-007681	Silverline Trading	35/37 Maplecrest Cross, Nagpur, Gujarat	IN
S2-002547	Silverline Ltd	67 Juniper Marg, Redwood Nagar, Coimbatore, Rajasthan, 495032	India
S2-000234	Ironwood Summit Industries Co	354 Quarry Blvd, Meridian Park, Fresno	US
S2-000921	Redwod, Consultacy and Sons Limited	95 Vertex Mn, Kestrel Nagar, Nagpur, Gujarat, 130506	India
S2-007618	Quarry Incorporated	220 Northgate St, Behind the Civic Center, Cobalt Park, Peoria, TX, 58522	USA
S2-003538	Harbor Redwood Corp	345 Onyx Aveue Silverline Park Mobile AL 88777	USA
S2-004789	Ironwood TextilesP rivate Limited	393 Quarry Marg, Ravenwood Nagar, Near Metro Pillar 42, Jaipur	India
S2-000490	Cobalt Fabrics and Sons Company	96 Northgate Street, Falcon Park, Austin	US
S2-003672	Summit Crp	99 Kestrel Bld, Bluepeak Park, Akron, TX, 29561	USA
S2-006476	Summit, Trading & Sons Corporation	261 Harbor Dr, Tacoma, OH, 19428	United States
S2-003135	Quarry Corporation	375 Onyx Avenue Thistle Park Austin 41348	US
S2-005047	Stonebridge Textiles oCmpany	209 Summit Street, Near Exit 14, Tacoma, 73022	US
S2-006672	Bluepeak Meridian Enterprises Limited	379 Thistle Street, Brightpath Nagar, Kochi, MP, 151532	IN
S2-001149	Ironwood Ravenwood Trading & Sons Inc	290 Apex Street rOchid Park Akron AL	USA
S2-008132	VertexFoods	140 Ravenwood Rd,, Austin, 12796	United States
S2-008698	Logistics Corporation	3 Stonebridge Ave, Summit Park, Tacoma, 96896	US
S2-002268	Silverline Packaging Corp	Falcon Avenue, Aron, AL, 92258	USA
S2-005944	Onyx Enterprises Cobalt	Summit Park, Fresnoo, 173 Goldleaf Avenue	US
S2-000106	Sunstone Summit Pvt Ltd	7/1 Maplecrest Cross, Jaipur, 116519	India
S2-002613	Thistle QuarryC hemicals Ltd	255 Falcon Main Maplecrest Nagar Surat MP	IN
S2-004469	Stonebridge, Consultancy Inc	Behind the Civic Center, 8 Kestrel Road, Peoria, OH, 15769	US
S2-008579	Thistlle Electricals & Sons LLC	Harbor Ave, Stonebridge Park, Akron, OH	USA
S2-007324	Meridian Juiper Electricals Inc	194 Vertex Boulevard, Peoria, CA	US
S2-003605	Ravenwood Solutions	Summit Road Summit Nagar Kochi Gujarat	IN
S2-001535	Lanern Motors Private Limited	321 Falcon St Thistle Nagar Nagpur Maharashtra	IN
S2-002465	Servics, & Sos	94 Maplecrest Crs Onyx Nagar Behind Ganesh Temple Nagpur Gujarat 818596	India
S2-003800	Ironwood Harbor Enteprrises LLC	82 Goldleaf St, Behind the Civic Center, Vertex Park, Akron, 57202	US
S2-006717	Onyx Sunstone Consultancy & Sons Corp	223 Onyx Drive, Bluepeak Park, Akron, WA, 56835	USA
S2-001013	Maplecrest Private Limited	244 Vertex Mn, Nagpur, Rajasthan, 619775	IN
S2-001123	Orchid Fabrics P Ltd	39 Goldleaf Marg, Kochi	IN
S2-008694	Quarry Chemicals Pvt Ltd	172 Orchid Blvd, Kestrel Park, Nagpur, WA, 62470	USA
S2-003330	Mreidian Limited	336 Harbor Crs, Ravenwood Nagar, Nagpur, Gujarat, 678878	India
S2-005538	Juniper Foods Corporation	70 Ironwood Avenue, Apex Park, Peoria, CA, 37546	United States
S2-002119	Syystms Ltd	304 Cobalt Crs, Coimbatore, MP, 853513	India
S2-001982	Electricals Ltd	399 Sunstone Main Sunstone Nagar Jaipur Rajasthan 277490	India
S2-009080	Foods Northgate & SonsC orporation	276 Summit Cross, Stonebridge Naga,r Fresno, Rajasthan, 330127	India
S2-001238	Facon Systems	367 Sunstone MMarg, Ravenwood Nagar, Indore, Kerala, 908772	IN
S2-000609	Kestrel Consultancy Corpoartion	Near Exit 14, 43 Sunstone St, Thistle Park, Fresno, AL, 65708	USA
S2-007998	Brightpath Lanteer nIncorporated	14 Summit Road Kochi Gujarat	United States
S2-003214	Falcon, Industries and Sons	161 Ravenwood St, Kochi, Maharashtra, Ravenwood Nagar	IN
S2-004706	Kestrel Foods Inc	260 Bluepeak Driive, Tacoma, 24576	United States
S2-004318	Redwood oNrthgate Packaging Private Limited	Falcon Street, Bluepeak Nagar, 825528, Kochi	IN
S2-000335	Falcon, Fabrics Incorporated	Near Exit 14, 71 Juniper Ave, Cobalt Park, Peoria, TX, 69120	US
S2-007518	Fabrics an dSons Pvt Ltd	55 Lantern Ave, Jaipur, 19257	USA
S2-008564	Bluepeak Aex Chemicals Ltd	81 Sunstone Street, Ironwood Park, Oppp. City Library, Coimbatore, IL	United States
S2-008998	Cobalt Harbor Consultacny	Jaipur, TX ,82514, 10 Thistle Boulevard	USA
S2-003652	Quarry Trading Corp	Opp. City Library, 65 Kestrel Blvd, Kestrel Park, Mobile, IL	USA
S2-002474	Consultancy Ravenwood Inc	Opp. City Library, Brightpath Road, Quarry Park, Tacoma, 68036	United States
S2-003813	Ironwood Services Ltd	189 Northgate St, Ravenwood Nagarr, Surat, Kerala, 414676	IN
S2-002520	Orchid Motors Private Limited	54 Brightpath Marg, Sunstone Nagar, Pune, Tamil Nadu	India
S2-004038	Cobalt  Textiles	309 Cobalt Rd, Surat, 540770	IN
S2-007820	Goldleaf & Sons PLtd	Ravenwood Park, Tacoma, 32439, 390 Clearwater Dr	India
S2-001104	Quarry Maplecrst Fabrics	259 Kestrel Rd, Akron, TX, 68534	US
S2-004221	Falcon Meridian Solutions and Sons Incorporated	368 Thistle St, Cobalt Park, Fresno, AL, 20810	United States
S2-006051	Ironwood Golldleaf Incorporated	277 Maplecrest Boulevard, Near Exit 14, Onyx Park, Austin, WA, 98879	USA
S2-005956	Quarry Farbics LC	6/75 Meridian Ave, Summit Park, Austin, 40184	US
S2-006646	Chemicals Stonebridge Corp	24/6 Sunstone Boulevard, Onyx Park, Peoria, OH	US
S2-002950	Ravenwood Kestrel Incorporated	323 Kestrel Boulevard, Fresno, CA	USA
S2-006879	Blueeak Services	349 Ironwood Blvd, Maplecrest Park, Mobile, 78409	USA
S2-004036	Bluepeak Cobalt Consultancy	10 Harbor Drive, Redwood Park, Lubbock	US
S2-001119	Orchid Industries Corporation	184 Harbor Blvd, Lantern Park, Tacoma, TX, 15950	USA
S2-007225	Bluepeak Bluepeak Private Limiited	118 Quarr yMn, Nagpur	IN
S2-003814	Servies Ironwood Ltd	189 Northgate Street, Behind Ganesh Temple, Ravenwood Nagar, Surat, 414676, Kerala	India
S2-003425	Meridian Brightpath Fabrics Corp	180 Vertex Blvd, Goldleaf Park, Fresno, IL	United States
S2-007682	Cobalt, Industries Corp	39 Quarry Boulevard Akron WA	US
S2-004152	Vertex  Motors P Ltd	303 Falcon St, Northgate Nagar, Near Metro Pillar 42, Kochi, 209204	India
S2-008833	Orchid Goldleaf Services Private Limited	Falcon Marg, Sunstone Nagar, Pune	IN
S2-003681	Bluepeak Brightpath Chemicals Co	252 Cobalt Boulevard, Austin, TX, 56181	United States
S2-007498	Redwod Solutions Incorporated	205 Cobalt Road Silverline Park Akron CA 76316	USA
S2-000295	Kestrel Fabrics MeridianP Ltd	7 9Onyx Rd, Ironwood Nagar, Coimbatore, Gujarat, 274010	IN
S2-003278	Cobalt Textils Inc	162 Maplecrest Dr, Lubbock, OH, 58879	US
S2-005287	Ironwodo Fabrics Company	Brightpath Park, Austin, TX, 188 Quarry Boulevard	United States
S2-006556	Redwod Private Limited	285 Apex Cross, Falcon Nagar, Kochi, Maharashtra, 614944	IN
S2-008676	Silverline Enterprisees	251 Falcon St Opp. City Library Ironwood Park Lubbock 98671	US
S2-004944	Thistle Enterprises Private Limited	Thistle Main, Brightpath Nagar, Maharashtra, Nagpur	India
S2-006950	Onyx Brightpath Trading	25/37 Ironwood Rd, Near Exit 14, Harbor Park, Mobile, IL	USA
S2-002681	Ironwood Limited Liability Company	Northgate Blvd, Quarry Park, Akron, WA, 18437	US
S2-001619	Motors Silverline & Sons LLC	Sunstone Ave, Fresno, WA, 20606	United States
S2-007938	Falcon Solutions & Sons	122 Ravenwood Boulevard, Silverline Park, Austin, AL, 46637	IN
S2-008848	Sunstone Motors  Corporation	164 Redwood Blvd, Northgate Park, Mobile, XT	United States
S2-003449	Cobalt, Services P Ltd	206 Cobalt Street, Kestrel Nagar,Jaipur	IN
S2-005518	Falcon and Sons	Goldelaf Rd Indore 197771	India
S2-008910	Ravenwood Chemicals Incorporated	284 Northgate Blvd, Goldleaf Park, Peoria, 31863	USA
S2-008339	Thistle Silverlinee Services Limited Liability Company	200 Goldleaf Mn, Harbor Nagr, Nagpur	United States
S2-002415	Stonebridge, Redwwood and Sons Private Limited	15 Stonebridge Cross, Opp. Bus Depot, Stonebridge Nagar, Indore, Gujarat, 877991	India
S2-001690	Fods aplecrest	206 Apex Marg, Cobalt Nagar, Surat, 301470	India
S2-007218	Textiles, Jnuiper Corp	227 Sunstone Marg Silverline Nagar Nagpur 634078	US
S2-007144	Ironwood Consultancy Ltd	Near Metro Pillar 42 290 Silverline Marg Ravenwood Nagar Pune 416420	India
S2-005666	Sunnstone Electricasl Co	16/32 Harbor Dr, Austin, OH	US
S2-006301	Goldleaf Pcakaging & Sons Pvt Ltd	Cobalt Nagar, Jaipur, Kerala, 102 Harbor Rd	IN
S2-003421	Raenwood Foods Ltd	12/71 Quarry Main, Opp. Bus Depot, Jaipur, Tamil Nadu, 208035	IN
S2-007753	Ony Limited Liability Company	253 Harbro Blvd, Quarry Park, Peoria	US
S2-001330	Summit Elctricals aand Sons Inc	152 Falcon Dr Ravenwood Park Austin	US
S2-000946	Silverline Corpoartion	34 Thistle Ave, Summit Park, Mobile, TX, 81286	US
S2-003876	Ironwood Motors Corp	370 Onyx Blvd, Redwood Park, Lubbock, IL, 96960	USA
S2-001186	Meridian Motors Private Limited	293 Orchid Rd, Nagpur, 768939	IN
S2-009104	Kestrel Priivate Limited	Silverline Ave, Sunstone Park, Mobile, 14683	IN
S2-005681	Falcon, Logistics P Ltd	70 Kestrel Road, Nagpur, MP, 127397	India
S2-004999	Silverline Textiles IInc	341 Apex Rd, Quarry Park, Tacoma, 99810	US
S2-001817	Lantern Fabrics P Ltd	352 Ravenwood Rd, Sunstone Nagar, Jaipur, 930465	India
S2-006284	Goldleaf nyx Solutions Incorporated	263 Thistle Rd, Apex Park, Austin, AL	United States
S2-001757	Clearwater GoldleafM otors Co	344 Meridian Blvd, Mobile, WA, 98505	US
S2-005737	Ravenwood Motors Inc	123 Harbor Rd, ertex Park, Austin, 19206	US
S2-001012	Ironwood Summit Systems Private Limited	Lantern Road, Lantern Nagar, Opp. Bus Depot, Coimbatore, 917921	IN
S2-003630	Lantren Bluepeak Chemicals Private Limited	292 Summit Crs, Jaipur, 712425	India
S2-007879	Juniper Ellectricaals Ltd	386 Stonebridge St, Surat, MP, 196798	India
S2-002057	Maplecrest Onyx Company	Ravenwood Road Silverline Park Akron	USA
S2-001774	Summit Logistics Privatee Limited	Sunstone Street, Lantern Nagar, Coimbatore, 484627	India
S2-008742	Onyx Systems Company	Near Exit 14, 395 Juniper Street, Vertex Park, Lubbock, OH, 38965	United States
S2-005389	Redwood Goldleaf Services Pvt Ltd	235 Vertex Rd Redwood Nagar Nagpur Tamil Nadu	IN
S2-008652	Cobalt Silverline Ltd	75 Ravenwood Marg, Stonebridge Nagar, Coimbatore	India
S2-008291	Solutions Summit Ltd	323 Stonebridge Cross Behind Ganesh Temple Onyx Nagar Jaipur 441519	IN
S2-007982	Falcon  Kestrel Corporation	223 Falcon Avenue Harbor Park Fresno AL 91709	US
S2-001987	Falcon	368 Juniper Dr, Onyx Park, Mobile, TX	USA
S2-004447	Kestrel, Consltancy and Sons Corporation	362 Falcon Dr KestrelP ark Fresno WA 36759	US
S2-007573	Vertex Consultancy LLC	366 Maplecrest Cross, Onyx Nagar, Coimbatore, Maharashtra	USA
S2-006604	Brightath, Silverline Industies Co	164 Maplecrest Bldv, Tacoma, 59304	USA
S2-006062	Apex, SystemsInc	116 Summit Street, Fresno, WA	US
S2-007388	Clearwater Foods	Goldleaf Marg, Brightpath Nagaar, Tacoma	IN
S2-004891	Ironwood Consultancy Limited Liability Company	362 Northgate Strete, Clearwater Park, Mobile, 93634	USA
S2-007866	Brightpath Packaging and Sons	Behind Ganesh Temple, 60 Harbor Cross, Thistle Nagar, Nagpur, Tamil Nadu, 144160	IN
S2-008231	Goldlae fCo	251 LLantern Blvd, Opp. City Library, Lubbock, OH	USA
S2-007748	Sunstone Mootors Corporation	96 Clearwater Main, Jaipur, Rajasthhan	United States
S2-001846	Kstrel Elecctricals	Near Exit 14, 127 Maplecrest Ave, Silverline Park, Akron, WA, 38901	US
S2-002002	Northgate Textiles	31 Lantern Crs, Ravenwood Nagar, Jaipur, Rajasthan, 109535	India
S2-007456	Quarry Consultacy Pvt Ltd	Near SBI ATM 120 Clearwater Marg Clearwater Nagar Pune Maharashtra	IN
S2-004005	Lantern Junper Ltd	250 Lantern Street, Near Metro Pillar 42, Meridian Nagar, Kochi, Rajasthan, 491025	India
S2-007525	Apex Systems& Sons Co	122 Vertex Blvd, Onyx Park, Peoria, 41530, IL	United States
S2-002935	Quarry Private Limited	269 Kestrel Marg Harbor Nagar Nagpur	IN
S2-006240	Ironwood Incorporatde	24/83 Ironwood Rd, Falcon Park, Fresno, TX	United States
S2-000541	Ravenwood Eleectricals Limited	216 Clearwater Cross, Cobalt Nagar, Indore, Rajasthan	IN
S2-004583	Ravenwood Fabrics Co	Bluepeak Ave, Ironwood Park, Lubbock, CA, 11933	USA
S2-004377	Onyx LLC	205 Goldleaf Boulevard Lantern Park Tacoma OH 84593	United States
S2-000706	Redwood Enterprises	56 Northgate Boulevard Meridian Park Peoria 75233	USA
S2-008401	Redwoodd Enterprises P Ltd	185 Thistle Rd, rFesno, IL	India
S2-009334	Apex Summit Textiles and Sons	Goldleaf Ave, Mobile, 78680	IN
S2-002217	Orchi, Motors	305 Meridian Rd, Opp. Bus Depot, Brightpath Nagar, Coimbatore, Rajasthan	IN
S2-006248	Ironwood, Stonebridge Enterprises Corrp	89 Falcon Bvd, Akron, 15555	USA
S2-007826	Apex Foods Ld	20/9 Silverline S,t Lantern Nagar, Rajasthan, Pune	IN
S2-004308	Cobalt Mootrs Ltd	299 Sunstone St, Kochi, Kerala, 288689	India
S2-001037	Thistle Industries Ltd	32 Summit Main Stonebridge Nagar Near SBI ATM Nagpur 715112	IN
S2-002349	Meridia, nConsultancy	19 Sunstone Crs, Clearwater Nagar, Coimbatore, MP, 202825	IN
S2-000005	Harbr LLC	38/87 Silverline Blvd, Behind the Civic Center, Austin, 38853	USA
S2-009221	Maplecrest Industries Ravenwood Inc	175 Apex Street, Lubbock	US
S2-000060	Meridian Corporation	131 Sunstone Dr Stonebridge Park Tacoma CA	United States
S2-002994	Godlleaf Logistics Private Limited	343 Ravenwood Rd, Indore, Tamil Nadu, 535933	IN
S2-005037	Orchi, Onyx P Ltd	103 Onyx Marg, Juniper Nagar, Kochi, Kerala	India
S2-000072	Services Apex Incorporated	Harbor Avenue Falcon Park Akron OH	United States
S2-007761	Sunstonee & Sons P Ltd	96 Cobalt Main, Ravenwood Nagar, Coimbatore, Kerala, 560025	IN
S2-009165	Goldleaf Logistics Inc	Opp. City Library, 354 Cobalt Street, Quarry Park, Fresno, CA	United States
S2-004509	Vertex Packagnig LLC	264 Lantern St, Cobalt Park, Austin	US
S2-006347	Thistle, Vertex Packagin Inc	Naer Exit 14 332 Onyx Dr Falcon Park Tacoma OH	USA
S2-004161	Sunstone Consultancy Pvt Ltd	39/74 Maplecrest Marg, Near SBI ATM, Lantern Nagar, 465052, Surat	India
S2-000615	Sunstone Industries	15/56 Northgate Blvd, Behind the Civic Center, Austin, 37823	United States
S2-002986	Harbor oC	220 Northgate Drive Akron 75183	US
S2-002517	Silverline, Enterprises Limited Liability Company	396 Brightpath Road Kestrel Park Tacoma 81758	USA
S2-008025	Quarry Motors Private Limited	272 Sunstone Marg Apex Nagar Pune Tamil Nadu 962410	IN
S2-007146	Clearwater Chemicals Limited	326 Silverliine Cross, Brightpath Nagar, Surat, Kerala, 792978	India
S2-005933	Bluepeak Logistics	175 Orchid Rd, Indore, Maharashtra, 364603	India
S2-001294	Vetrex Thistle Packaging P Ltd	147 Ironwood Rd, Ironwood Nagar, Nagpur, Tamil Nadu	India
S2-004861	Ravnewood Co	154 Maplecrest Avenue, Juniper Park, Fresno, TX	US
S2-005365	Sunstone Consultancy LLC	31 Goldleaf Drive, Cobalt Park, Mobile, IL, 64884	US
S2-004035	Systems Thistle Pvt Ltd	387 Onyx Marg Nagpur 520807	IN
S2-000037	Sunsstone Bluepeak Services Ltd	319 Onyx Road, Falcon Nagar, Kochi, Tamil Nadu, 359202	India
S2-004730	Northgate Consultancy Private Limitde	289 Redwood Crs, Vertex Nagar, Surat, Rajasthan	India
S2-004054	Apex Chemicals	236 Sunstone Street, Northgate Nagar, Nagpur, 391342	India
S2-002442	Electricals Ionwood	179 Kestrel Blvd, Sunstone Park, IL, 60452, Akron	US
S2-003929	Sunstone Foods Inc	Near Exit 14, 3/77 Silverline Ave, Brightpath Park, Austin, WA, 83483	US
S2-007320	Meridian Systemms Limited	115 Sunstone Mn, Clearwater Nagar, Nagpur, 514998	IN
S2-005445	Vertex Limited	134 Onyx Crs, Clearwater Nagar, Indore, amil Nadu, 742305	India
S2-006265	Meridian, Orchid Chemicals & SonsC ompany	381Ravenwood Road Ironwood Park Akron	USA
S2-006502	Thistle Solutions Corp	221 Lantern Dr, Near Exit 14, Clearwater Park, Fresno, CA	USA
S2-002395	Services Irowood Company	199 Goldleaf Boulevard Lubbock Brightpath Park	United States
S2-001069	Orchid P Ltd	301 Clearwater Crs, Maplecrest Nagar, Coimbatore, MP, 839742	India
S2-007288	Silverline Logistisc	266 Onyx St, Ironwood Park, Fresno, 59080	IN
S2-005245	Clearwater Motors Co	Clearwater Street, Lubbock, WA, 74588	USA
S2-006132	Verte Packaging Inc	12/89 Quarry Avenue,A pex Park, Peoria, AL	USA
S2-006094	Ironwood Chemicals Comany	17/73 Maplecrest Boulevard Lubbock AL 48455	US
S2-000079	Harboor Quarry Enterprises LLC	25 Harbor Avenue Ironwood Park Lubbock WA 44486	US
S2-008558	Harbr	Ironwood Drive, Clearwater Park, Lubbock, 11913	United States
S2-002061	Juuniper Fabrics LLC	379 Thistle St, Silverline Park, Austin, CA	United States
S2-006974	Ravenwood & Sons	Lantern Rd Ravenood Nagar Kochi 512193	USA
S2-000495	Redwood Packaging Limited Liability Company	72 Onyx Drive, Akron, CA	USA
S2-002467	Harbor Logistics Corporation	6/55 Stonebridge Street Opp. City Library Stonebridge Park Tacoma 55825	US
S2-007127	Electricals Northgate Ltd	Bluepeak Main, Northgate Nagar, Kochi, Rajasthan	India
S2-008907	Juniper Industries Corporation	305 Brightpath Main, Pune	US
S2-008240	Onyx Stonebridge Trading and Sons Inc	97 Quarry Drive, Juniper Park, Akron	USA
S2-001574	Juniper, Logistics tLd	326 Harbor Road, Quarry Nagar, Pune, Rajasthan, 389499	India
S2-006437	Systems Maplecrest & Sons Pvt Ltd	Kestrel Main, Northgate Nagar, Indore, 662486	IN
S2-006581	Bluepeak Servicse	354 Summit Rd, Maplecrest Nagar, Jaipur	IN
S2-004813	Juniper, Industries Limited	115 Onyx Street, Maplecrest Nagar, Coimbatore, 993767	India
S2-001505	Vertex abrics LLC	Near Exit 14, 326 Thistle Road, Sunstone Park, Austin, 56067	USA
S2-000651	Falcon Enterprises LLimited	252 Apex Mn, Brightpath Nagar, Coimbatore, Rajasthan	IN
S2-005052	Cleawrater, Bluepeak Trading Private Limited	Opp. Bus Depot, 292 Summit Marg, Northgate Nagar, Pune, Tamil Nadu	IN
S2-003369	Consultancy Maplecrest	Near SBI ATM, 122 Vertex Cross, FalconNagar, Coimbatore, Kerala, 845615	IN
S2-005447	Clearwater Sunstone Corporation	18 Orchid Road Ironwood Park Behind the Civic Center Mobile 11533	USA
S2-000963	Maplecrest Logistics Corp	245 Meridian Avenue, Austin, CA	USA
S2-003164	Juniper, Consultancy	234 Ironwood Road Juniper Park Mobile 89498	US
S2-007735	Clearwater Redwood Fabrics Private Limited	370 Harbor Marg, Cobalt Nagar, Pune, MP, 985564	IN
S2-008344	Stonebridge	Behind the Civic Center 1/58 Kestrel St Peoria IL	United States
S2-001697	Lantern Solutions and Sons	198 Clearwater Dr, Clearwater Park, Austin, IL	United States
S2-000552	Juniper Industries	Bluepeak Magr, Orchid Nagar, Indore, Rajasthan, 175525	IN
S2-002830	Iroonwood Sunstone Foods Private Limited	Redwood Mn, Near SBI ATM, Northgate Naggar, Surat, Rajasthan	India
S2-003460	Stonebridge Tradiing LLC	Summit Avenue, Behind the Civic Center, Goldleaf Park, Peoria, CA, 60281	United States
S2-008544	Orchid Private Limited	161 Sunstone Main, Goldleaf Nagar, Pune, MP, 306426	India
S2-000399	Apex Industries LLLC	9/59 Cobalt Drive, Kestrel Park, Lubbock, WA, 92217	US
S2-003446	Northgate Bluepeak Servcies	364 Goldleaf Rd, Maplecrest Nagar, Pune, Gujarat	India
S2-008890	Clearwater Chemicals Private Limited	66 Onyx Rd, Ironwood Park, Indore, WA, 74513	US
S2-003787	Trading Ksstrel Apex	226 Maplecrest Road, Sunstone Nagar, Jaipur,Kerala, 921775	India
S2-000752	Packaging	205 Quarry Mn Quarry Nagar Kochi	IN
S2-000575	Ironwood Services Private Limited	3 Clearwater Cross, Summit Nagar, Jaipur, Kerala, 940348	IN
S2-008913	Vertxe Motors Ltd	89 Ravenwood Rd, Near Metro Pillar 42, Redwood Nagar, Indore	IN
S2-003253	Ravenwood Motors	Orchid Blvd Onxy Park Lubbock TX 35891	US
S2-003768	Consultancy Meridian Ltd	Near SBI ATM 208 Goldleaf Marg Cobalt Nagar Kochi	IN
S2-002177	Redwood Textiles Falcon	Goldleaf Marg, Orchid Nagar, Near Metro Pillar 42, Nagpur, Maharashtra	IN
S2-004585	Norhtgate Trading Inc	67 Lantern Dr Thistle Park Austin OH 54861	USA
S2-004209	Lantern Soluitons	21/23 Onyx Cross, Brightpath Nagar, Kochi, Kerala	India
S2-000246	Bluepak Northgate Services Inc	298 Harbor Drive Brightpath Park Lubbock 56480	United States
S2-000275	Sunstone Packaging Coorporation	334 Bluepeak Blvd, Meridian Park, Peoria, CA, 85365	USA
S2-008639	Northgate Chemicals & Sons Private Limited	212 Apex Street, Redwood Nagr, Nagpur, MP, 283739	IN
S2-006775	Orchid Logistics Co	Austin, OH, 43540, 111 Apex Dr	USA
S2-005271	Godllea fCorp	188 Maplecrest Rd Silverline Park Fresno IL	USA
S2-007052	Habbor P Ltd	Opp. Bus Depot, 216 Falcon Marg, Sunstone Nagar, Jaipur, 511406	IN
S2-007261	Summit Chemicals Corp	244 Redwood Drive, Fresno, 14772	United States
S2-004746	Orchhid	3885 Falcon Boulevard, Falcon Park, Akron, IL, 56052	United States
S2-004213	Onyx Northgate Chhemicals Ltd	349 Falcon St, Sunstone Nagar, Jaipur, Kerala, 746141	IN
S2-005481	Meridian Packaging Private Limited	109 Maplecrest Rd, Northgate Nagar, Jaipur, 760415	India
S2-001739	Summit and Sosn P Ltd	244 Apex  St Apex Nagar Indore Gujarat 449577	IN
S2-003294	Stonebridge Chemicals Incorporated	Norrthgate Blvd, Vertex Park, Mobile, OH, 28703	USA
S2-007983	Quarry Meridian Fods	32/83 Maplecrest Rd, Stonebridge Nagar, Coimbatore, MP	India
S2-007431	Vertex Redwood Limite Liability Company	96 Clearwater Road, Redwood Park, Peoria, CA	US
S2-005946	Vertex Stonebridge Textiles Limited Liability Comany	56 Redwood Drive, Falcon Park, Mobile, OH, 38528	USA
S2-008649	Goldleaf Fabrics Corp	71 Juniper Main, Kestrel Nagar, Indore, 232732	USA
S2-007321	Sunstone Privae Limited	48 Quarry Rd avenwood Nagar Coimbatore Kerala 261032	IN
S2-001730	Thistle Consultancy	Brightpath Drive, Akron, CA, Vertex Park	US
S2-001519	Orchid Systems Incorporated	266 Onyx Street, Ironwood Park, Fresno, 59080	US
S2-008168	Sunstone Consultancy Limited Liability Company	184 Onyx Road, Quarry Nagar, Akron, Maharashtra, 324040	India
S2-008654	Vertex Industries Corp	125 Northgate St, Harbor Park, Mobile	USA
S2-007661	Quarry, Consultancy Incorporated	208 Thistle Road, Apex Nagar, Akron, 449616	IN
S2-005259	Silerline Vertex Eterprises Pvt Ltd	Thistle Rd, Coimbatore	India
S2-004777	Industries, Brightpath and Sons Pvt Ltd	Silverline Street, Near SBI ATM, Sunstone Nagar, Kochi, Rajasthan	IN
S2-005305	Northgat Electricals Pvt Ltd	69 Thistle Marg Brightpath Nagar, Jaipur, 657758	IN
S2-001524	Thistle Textiles	183 Summit Dr, Apex Park, Austin, 60531	United States
S2-003873	Maplecrest Fabrics Limited	335 Juniper Rd, Near SBI ATM, Cobalt Nagar, Jaipur, Maharashtra, 855552	IN
S2-001492	Meridian Conslutancy Pvt Ltd	Redwood Mn Sunstone Nagar Indore Gujaart	India
S2-006504	Ravenwood Textiles Limited Liability Company	265 Summit Dr, Quarry Park, Tacoma, AL	US
S2-001469	Kestrel Pvt td	Near SBI ATM, 178 Quarry Mn, Nagpur, Maharashtra, 652199	IN
S2-007679	Goldleaf Textiles Ltd	267 Goldleaf Crs, Maplecrest Nagar, Pune	India
S2-001421	Harbor Fabrics Compaany	144 Orchid Dr, Harbor Park, Near Exit 14, Lubbock, WA	US
S2-009082	Vertex Packaging Co	371 Vertex Mn, Vertex Nagar, Nagpur	USA
S2-000981	Sunstone Solutios Co	100 Clearwater Road Lantern Park Akron CA	US
S2-008350	Northgate Systems Corp	298 Kestrel Street, Juniper Park, Akron, AL, 19896	United States
S2-005598	Lantern Foosd Northgate	386 Bluepeak Marg, Maplecrest Nagar, Kochi, Gujarat, 854409	India
S2-006587	Electricals Maplecrest Private Limietd	329 Meridian Road, Meridian Nagar, Indore, Rajasthan, 238289	IN
S2-003601	Blueepak Co	129 Lantern Ave Silverline Park Lubbock	USA
S2-006092	Lantern Moors Pvt Ltd	Lantern St, Opp. Bus Depot, Lantern Nagar, Nagpur, 273861	India
S2-000622	Bluepeak, Silverline Fabrics & Sons Limited	106 Ravenwood Mn, Lantern Nagar, Coimbatore, Tamil Nadu, 192004	IN
S2-001057	Vertex Services Goldleaf P Ltd	30 Silverline Rd Orchid Nagar Pune Kerala 469473	India
S2-005095	Redwood Incoroprated	238 Ironwood Rd Clearwater Park Lubbock AL	USA
S2-006892	Ravenwod Ravenwood Enterprises Co	178 Orchid Dr, Thistle Parrk, Akron, WA, 14078	US
S2-001976	Brightpath Brightpath Packaging Private Limited	171 Lantern Main Meridian Nagar Nagpur 393499	IN
S2-005311	Clearwater Enterprises Inc	Cobalt Blvd Orchid Park Akron TX 45943	United States
S2-007457	Stonebridge Bluepeak Textiles	Goldleaf Mn, Brightpath Nagar, Tacoma, Tamil Nadu	India
S2-005290	Vertex, Consultancy Corp	76 Ravenwood Street, Austin, Stonebridge Park	USA
S2-003890	Maplecrest, Services Company	148 Stonebridge St, WA, 24427, Peoria	United States
S2-006193	Quarry Services & Sos P Ltd	375 Bluepeak Mn, Nagpur, Tamil Nadu, 544536	IN
S2-007371	Cobalt Texitles LLC	78 Thistle Dr, Mobile, AL, 24984	United States
S2-001596	Clearwater Thistle & Sons Pvt td	Brightpath Rd, Thistle Nagar, Surat	IN
S2-004689	Habror ompany	362 Brightpath Street, Ravenwood Park, Mobile, 78024	United States
S2-004696	Orchid Services Private Limited	349 Apex St, Coimbatore	India
S2-000160	Consultancy Bluepeak	71 Juniper Crs, Goldleaf Nagar, Indore, Rajasthan	India
S2-005939	Sunstone Textiles & Sons Corp	Thistle Park, Peoria, CA, 78180, 191 Orchid Ave	US
S2-001440	Meridian Logistics Co	351 Orchid Drive, Luubbock	USA
S2-002104	Vertex Enterpriises	165 Goldleaaf Ave, Peoria, IL, 33452	US
S2-009288	Northgatte Trading	Maplecrest Road, Orchid Nagar, Nagpur, Kerala, 635914	India
S2-003156	Maplcerest Fooods Private Limited	74 Ironwood Marg Vertex Nagar Near Metro Pillar 42 Jaipur 641516	India
S2-005228	Meridian Logistics PrivateL imited	279 Orchid Road Ravenwood Nagar Coimbatore Gujarat	India
S2-001575	Jniper Limited	Harbor Rd, Quarry Nagar, Pune, Rajasthan, 389499	IN
S2-005812	Ironwood oSlutions & Sons Private Limited	235 Stonebridge Marg, Northgate Nagar, Near Metro Pillar 42, Jaipur, Rajasthan	IN
S2-007220	Northgate Ravenwood extiles	45 Northgate Dr, Stonebridge Park, Akron, TX, 65399	IN
S2-006442	Ironwood Solutions and Sons LLC	Behind the Civic Center, 277 Apex Boulevard, Northgate Park, Fresno, 74443	USA
S2-007657	Sunstone Fabrics	Mobile, 24512, 2 Ravenwood Street	USA
S2-000692	Brightpath Enterprises Pvt Ltd	198 Maplecrest Street, Kochi, Gujarat, 335193, Redwood Nagar	India
S2-007534	Quarry Trading	25/8 Maplecrest Marg, Near Metro Pillar 42, Harbor Nagar, Jaipur, Kerala	IN
S2-003994	Clearwater Motrs	Harbor Road Cobalt Park Austin TX 62488	United States
S2-001637	Apex Consultancy Limited Liability Company	101 Maplecrest Boulevard Peoria, 40824, CA	USA
S2-008016	Orchid Enterprises	135 Apex Road Kestre lPark Fresno AL 73614	USA
S2-001510	Harbor Brighttpath Electricals Co	65 Lantern Blvd Vertex Park Lubbock CA 46770	US
S2-001756	Motors Goldleaf Clearrwater Co	Meridian Blvd Bluepeak Park Mobile WA	USA
S2-008384	Ironwood Silverline Chemiclas Corp	337 Clearwater Road, Kestrel Park, Akron, OH	US
S2-007276	Bluepeak Limited iLability Company	26 Onyx Boulevard Mobile 26323	United States
S2-004282	Silverline Cnsultancy Meridian P Ltd	65 Sunstone Main, Bluepeak Nagar, Nagpur, Tamil Nadu	IN
S2-002592	Northgate Kestrel Electricals	Opp. City Library, 124 Northgate Road, Summit Park, Austin, TX, 36498	USA
S2-003904	Northgate Motors PPrivate Limited	167 Juniper Street, Clearwater Nagar, Surat, Tamil Nadu, 568083	IN
S2-007807	Orchid, IIndustrie sInc	297 Juniper Avenue, Apex Park, Fresno, 10309	United States
S2-006086	Northggate Packaging Pvt Ltd	187 Summit Marg, Ironwood Nagar, Indor, Maharashtra	India
S2-001735	Solutions Ravennwood	25/29 Harbor Ave Vertex Park Lubbock 23527	US
S2-004228	Brightpath Services	Opp. City Library, 2 Harbor Drive, Maplecrest Park, Mobile, 28390	USA
S2-004487	Onyx LLC	Op. City Library 4/8 Stonebridge Ave Vertex Park Akron OH 12579	US
S2-005843	Stonebridge Foods Cop	230 Thistle St, Tacoma, 30758	US
S2-003540	Kestrel Enterprises Ltd	99 Silverline Main, Behind Ganesh Temple, Silverline Nagar, Nagpur, Gujarat, 478760	IN
S2-003909	Juniper Trading and Sons	Silverline Nagar, Coimbatore, Kerala, 935474, 3677 Lantern St	India
S2-007041	Latern Summit Enterprises Corp	Summit Main, Vertex Nagar, Indore	USA
S2-007252	Meridian Consultancy Company	344 Stonebridge Road, Coimbatore, MP, 473107	US
S2-008030	Redwoo Textiles Corp	Behind the Civic Center, 29/32 Falcon St, Lubbock, WA, 13990	United States
S2-005852	Brightpath Cobalt Fabrisc Corporation	Goldleaf Rd, Akron, 50926, TX	US
S2-008601	Ravenwood hCemicals PrivateL imited	152 Stonebridge Crs, Vertex Nagar, Jaipur, 788226	IN
S2-006603	Ketsrel Logistics Corp	Opp. City Library, 31/15 Goldleaf Rd, Tacoma, IL	US
S2-004831	Silverline Consultancy Corp	101 Apex Dr, Stonebridge Park, Fresno, 65179	United States
S2-003047	Ravenwood, Electricals Privte Limited	99 Quarry Mn, Ironwood Nagar, Jaipur, Kerala	India
S2-006823	Packaging Sunstone Limitted	216 Goldleaf Crs, Meridian Nagar, Pune, 206475	India
S2-001540	Silverline Packaging Limited	202 Apex Road, Thistle Nagar, Surat, Rajasthan, 448335	IN
S2-003242	Goldleaf,  Ltd	71 Onyx Marg, Maplecrest Nagar, Indore, MP, 814883	India
S2-007505	Quarry Stonebridge	186 Cobalt Boulevard Opp. City Library Sunstone Park Lubbock CA 44117	IN
S2-008863	Summit	138 Lantern Boulevard, Apex Park, Peoria, 87439	USA
S2-008485	Maplecrest Textiiles Company	318 Clearwater Ave, Silverline Park, Lubbock, CA	United States
S2-002105	Summit Meridian Co	13 Ironwood Avenue Goldleaf Park Akron 37555	USA
S2-003044	Quarry Solutions	281 Juniper Crs, Onyx Nagar, Coimbatore	IN
S2-002449	Consultancy Cobalt P Ltd	96 Goldleaf Rd, Nagpur, 415902	IN
S2-002899	Sunstone Fabrics	247 Quarry Ave, Juniper Park, Akron, 89729	United States
S2-003093	Northgate Cobalt Logistics	284 Juniper Drive, Ironwood Park, Lubbock, AL, 84160	USA
S2-003080	Redwood Electricals P Ltd	140 Falcon Road, Goldleaf Nagar, Opp. BusDepot, Coimbatore	IN
S2-007339	Goldleaf Industriies Limited	369 Onyx Rd, Northgate Park, Surat	USA
S2-005856	Sumit Services LLC	43 Stonebridge St, Redwood Park, Fresno	US
S2-009230	Goldleaf Chemicals & Sons nIc	52 Cobalt Mn Kestrel Nagar Near SBI ATM Akron Tamil Nadu 332553	IN
S2-002541	Goldleaf Orchi P Ltd	308 Lantern Road, Pune	IN
S2-007313	Meridian Fabrics P Ltd	208 Silverline Boulevard, Redwood Park, Opp. City Library, Nagpur, 16221	United States
S2-002238	Packaging, Juniper & Sons	29/23 Kestrel Marg, Redwood Nagar, Jaipur, Gujarat, 920724	IN
S2-001875	Apex Private Limited	19/6 Orchid Mn, Quarry Nagar, Surat, 618769	IN
S2-008436	Trading Meridian	110 Falcon Cross Orchid Nagar aipur Maharashtra	USA
S2-003218	BrightpathRavenwood Foods LC	45 Northgate Dr, Akron, Stonebridge Park	United States
S2-008305	QuarryL imited	34/17 Sunstone Street, Nagpur, 864409	India
S2-001878	Vertex, Elecrticals	88 Ravenwood Drive, Falcon Park, Akron, WA, 29309	US
S2-007705	HarborM otors	Vertex Avenue, Opp. City Library, Thistle PPark, Mobile, IL, 89504	US
S2-007990	Vertex Chemicals Co	41 Thistle Street, Akron, Kerala	India
S2-006500	Kestrel Trding  Co	227 Maplecrest St, Thistle Park, Tacoma, AL, 40514	USA
S2-008285	Lantern Orchid Motors Limited Liability Company	172 Juniper St, Meridian Park, Mobile, WA	United States
S2-007922	Bluepeak Motors and Sons Limited	253 Apex Marg, Near SBI ATM, Kestrel Nagar, Indore, Gujarat, 772322	India
S2-007332	Cobalt Industries	112 Thistle Rd, Near Metro Pillar 42, Stonebridge Nagar, Indore, Rajasthan, 184350	India
S2-001030	Bluepeak & Sons	232 Juniper Marg Juniper Nagar Surat Gujarat 240664	IN
S2-001272	Meridian Textiles and Sons Private Limited	164 Falcon Cross, Goldleaf Nagar, Kohci	IN
S2-000583	Silverline  Solutions Limited	146 Thistle Crs, Sunstone Nagar, Jaipur, Tamil Nadu, 372232	IN
S2-002136	Brightpath Enterprises and Sons Private Limited	Kestrel Street Goldleaf Nagar Kochi 195148	India
S2-005923	Consultancy Summmit Inc	33 Summit Boulevard, Orchid Park, Mobile, AL, 57241	USA
S2-004931	Redwood & Sons Company	151 Silverline Dr Bluepeak Park Peoria AL	United States
S2-004790	Ironwood Textiles & Sons	11 Kestrel Mn, Falcon Nagar, Jaipur, Rajasthan, 921202	India
S2-005889	Lantern oGldleaf Ltd	382 Orchid St Jaipur Kerala 660738	IN
S2-006996	Thistle Juniper Pvt Ltd	304 Meridian Drive, Brightpath Park, Nagpur, WA, 12640	United States
S2-004843	Goldleaf Brightpath P Ltd	339 Onyx Marg Ironwood Nagar Coimbatore Tamil Nadu 907394	India
S2-007522	Summit & Sons Inc	Near Exit 14 343 Orchid Rd Peoria IL 84775	US
S2-008590	Kestre lCo	334 Meridian Dr, Clearwater Park, Austin, 44082	USA
S2-000879	Northgate Enterprises Private Lmited	Behind Ganesh Temple, Kochi, 324116, 86 Quarry Cross	India
S2-002254	Falccon & Sons Corp	397 Apex Rd, Sunstone Park, Mobile, 29406	US
S2-003034	Apex Ltd	210 Clearwater Road, Ironwood Nagar, Kochi, 942177	IN
S2-002668	RedwoodLogistics P Ltd	344 Northgate Rd, Redwood Nagarr, Surat, MP	India
S2-002227	Maplecrest Logistics Company	160 Lantern Ave, Tacoma, 93049, Harbor Park	USA
S2-003734	Falcon, Services Co	338 Sunstone Avenue, Summit Park, Mobile, IL	United States
S2-003874	Ravenwood, Electials	248 Thistle Cross Harbor Nagar Surat Gujarat 626410	India
S2-008667	Onyx Falcon Corporation	105 Vertex Ave, Harbor Paark, Peoria, OH, 32598	US
S2-009200	Ochid	122 Summit Road Kochi 663345	US
S2-005501	OrchidC o	Near Exit 14, 1/7 Maplecrest Ave, Apex Park, Lubbock, 66094	USA
S2-009029	Vertex Industries Thistle & Sons Limited Liability Company	105 Ravenwood Cross Coimbatore 861760	United States
S2-001905	Sunstone Packaging	279 Summit Blvd  Northgate Park Lubbock TX 68276	US
S2-001945	Brightpath Textiles	87 Ravenwood Road, Northgate Park, Fresno, AL, 87873	United States
S2-005555	Falcon Consultancy and Sons LLC	335 Cobalt Bllvd, Akron, CA	US
S2-004335	Falcon, Electricals and Sons LLC	227 Onyx Street, Tacoma, 38719	US
S2-000703	Redwood Services nc	Northgate St Silverline Park Fresno OH 15858	United States
S2-007279	Ocrhid Industries P Ltd	Opp. Bus Depot, 266 Brightpath Mn, Northgate Nagar, Jaipur, Maharashtra, 641226	IN
S2-000991	Falccon Northgate Industries Co	276 Sunstone Ave, Peoria, 41193	USA
S2-002981	Stonebridge Trading Company	Ravenwood Dr, Meridian Park, Austin,, TX, 32943	USA
S2-004296	Juniper Consultancy Private Limited	Harbor Marg, Opp. Bus Depot, Kestrel Nagar, Coimbatore, Gujarat, 943654	India
S2-002259	Sliverline Foods Corporation	176 Juniper tSreet Mobile AL Brightpath Park	US
S2-000347	Apex Foods Prvate Limited	Verrtex Cross Apex Nagar Jaipur	IN
S2-009338	Vertex Services Corp	364 Cobalt Avenue Ravenwood Park Mobile IL 75798	USA
S2-005126	Junipre Foods Limited	361 Vertex Rd, Juniper Nagar, Coimbatore, Krala	IN
S2-000403	Goldleaf Industries Limited Liability Company	108 Vertex Blvd, Apex Park, Akron	USA
S2-008251	Juniper, Consultanc Corp	Opp. City Library, 85 Orchid Rd, Onyx Park, Tacoma, TX	US
S2-006203	Meridia Industriees Inc	55 Faalcon Ave, Akron, 15491	US
S2-003426	Clerawater Consultancy LLC	Maplecrest Road, Verte xPark, Lubbock, 52950	US
S2-006495	Kestrel Consultanncy	21/35 Juniper Cross, Pune, Rajasthan	India
S2-001506	Silverlnie Packaging Private Limited	70 Ironwood Main, Orchid Nagar, Nagpur, Kerala	IN
S2-004764	Solutions Lantern Pvt Ltd	Near Metro Pillar 42, Goldleaf Nagar, Pune, Gujarat, 35/18 Summit Cross	India
S2-003277	Textiles  Cobalt Inc	162 Maplecrest Dr, Orchid Park, Lubbock	US
S2-009347	Falcon  Ltd	33/14 Apex Mn, Surat, Gujarat ,650351	India
S2-008434	Trading Stonbridg eP Ltd	104 Vertex St, Falcon Nagar, Pune, 929687	India
S2-000143	Thistle Textiles Private Limited	Near Metro Pillar 42, 162 Quarry Marg, Kochi, Gujarat, 914373	IN
S2-004049	Silverline Services P Ltd	Ravenwood Mn, Nagpur, Maharashtra, 459096	India
S2-001090	Ravenwood Foods Corporation	34 Brightpath Blvd, Behind the Civic Center, Peoria, IL, 66419	US
S2-005547	Onyx Tradding Pvt Ltd	31/38 Brightpah St, Near Metro Pillar 42, Coimbatore, Maharashtra	IN
S2-005157	Falcon Systems P Ltd	Behind Ganesh Temple, 310 Harbor Mn, Orchid Nagar, Kochi, Tamil Nadu, 379747	IN
S2-007644	Quarry Foods Corp	228 Clearwater Marg, Maplecrest Nagar, Fresno, 670032	IN
S2-003655	Verex Solutions Co	35 Summit Rd, Lantern Park, AL, Akron	United States
S2-002152	Cobalt, Solutions Corporation	52 Onyx Rd, Sunstone Park, Tacoma, 71925	US
S2-005741	Quarry Industres Pvt Ltd	390 Silverline St, Surat, Kerala, 834190, Near SBI ATM	IN
S2-007234	Harbor Limited Liability Company	Bluepeak Drive, Onyx Park, Austin, IL	US
S2-003031	Stonebridge Vertex & Sons	Quarry Park Akron 41353 4/444 Juniper Drive	US
S2-008550	Onyx Chemicals Private Limietd	13 Vertex Road, Kestrel Nagar, Jaipur, 529901	India
S2-008532	Brightpath Enterprises Incorporated	172 Juniper Road, Onyx Park, Austin, AL, 49730	USA
S2-003328	Cobalt Limited	25/89 Silverline Marg, Goldlaf Nagar, Surat, MP	India
S2-005007	Onyx, Clearwater Enterprises Private Liitd	12/11 Northgate Street, Apex Nagar, Indore, 230825	IN
S2-000367	Summit Motors Limited	390 Summit Marg Harbor Nagar 136531 Coimbatore	IN
S2-001489	Onyx Services and Sons Pvt Ltd	148 Apex Cross Jaipur 642577 MP	India
S2-000524	Brightpath Fabrics Corporation	34/71 Bluepeak Drive, Silverline Park, Fresno, AL	United States
S2-004185	Merridian Goldleaf Logistics and Sons Ltd	46 Apex Marg, Onyx Nagar, 877541, Nagpur	India
S2-005186	Stonebridgge Foods	132 Stonebridge Ave Ravenwood Park Akron OH	United States
S2-001584	Onyx, and Sons Cop	32/63 Brightpath Ave, Summit Park, Lubbock, AL, 65994	USA
S2-009025	Ironwood Consultancy Pvt Ltd	217 Redwood Blvd, Lubbock, AL, 39398	IN
S2-000172	Lantern Fabrics and Sons	Thistle Blvd, Bluepeak Park, Tacoma	USA
S2-002376	Orchid Chemicals	207 Falconn Street, Opp. Bus Depot, Silverline Nagar, Jaipur	IN
S2-002160	Goldleaf Motors Pvtt Ltd	283 Redwood Marg, Coimbatore, Gujarat	India
S2-000059	Brightpath Enterprises Harbor Pvt Ltd	217 Quarry Rd, Thistle Nagar, Near SBI ATM, Coimbatore, Rajasthan	India
S2-005750	Summit PackgaingLtd	Apex aNgar, Pune, 881010, Stonebridge Marg	India
S2-004862	Summit, Foods	89 Northgate Main, Silverline Nagar, Surat, 495176	India
S2-007297	Bluepeak ySstems	Near Exit 14,  Ravenwood Dr, Mobile, 96158	US
S2-007445	Onyx	223 Meridian Street, Ravenwood Park, Mobile, AL, 51537	India
S2-004966	Orchid Fabrics	170 Redwood Drive, Clearwater Park, Opp. Citty Library, Fresno, OH, 28748	United States
S2-004104	Apex Onyx	Bluepeak Avenue, Silverline Park, Lubbock, TX, 29797	US
S2-004895	Maplecrest  Consultancy Private Limited	Meridian Marg, Brightpath Nagar, Jaipur, Tamil Nadu, 226898	IN
S2-004806	Summit Redwood Packaging P Ltd	Maplecrest Marg, Opp. Bus Depot, Coimbatore, Gujarat, 757194	IN
S2-008768	Redwood Solutions Limited	233 Redwood Marg Nagpur MP 304993	IN
S2-004731	Bluepeakk Enterprises Private Limited	297 Clearwater Mn, Cobalt Nagar, Coimbatore, Rajasthan	India
S2-003221	Summit Cobalt Corp	184 Stonebridge Driive, Behind the Civic Center, Onyx Park, Mobile	US
S2-007586	Stonebridge Electricals Ltd	10/75 Clearwater Crs, Behind Ganesh Temple, Ravenwood Nagar, Nagpur, Tamil Nadu, 878586	India
S2-007312	Silverline Fabrics P Ltd	223 Ironwood Road, Behind Ganesh Temple, Lantern Nagar, Kochi, Maharashtra, 890466	IN
S2-004957	CoaltC o	Goldleaf St Fresno CA MeridianP ark	United States
S2-008745	System sCobalt Ironwood P Ltd	272 Thistle Boulevard, Cobalt Park, Surat, TX, 16200	US
S2-008149	Irownood Industries	199 Redwood Road, Orchid Nagar, Kochi, MP, 123954	IN
S2-005702	Services & Sons Private Limited	196 Maplecrest Road, Surat, Tamil Nadu, 428974	IN
S2-004484	Onyx Chemicals P Ltd	344 Stonebridge Rd, Thistle Nagar, Coimbatore, 473107	India
S2-001871	Bluepeak Motors Pvt Ldt	319 Clearwater Crs, Kochi, P, 823313	India
S2-002202	Brightpath & Sons Pvt Ltd	Cobalt Crs, Apex Nagar, Surat, Kerala	IN
S2-001396	Harbor and Sons Ltd	278 Goldleaf Street Quarry Nagar Near SBI ATM Gujarat Pne	IN
S2-004085	Ravenwood Ltd	259 Ironwood Crs Redwood Nagar Coimbatore Gujarat 546121	India
S2-002364	Vertex and Sos Private Limited	Maplecrest Marg, Quarry Nagar, Jaipur, Maharashtra, 189471	IN
S2-006993	Hrabor and ons Co	145T histle Street Mobile 72509 Quarry Park	USA
S2-002630	Textiles Onyx Falcon Ltd	24 Maplecrest Marg, Redwood Nagar, Indore, 1833054	IN
S2-005506	Kesterl Textiles	10/33 Harbor Boulevard, SStonebridge Park, Peoria, AL, 31712	USA
S2-002338	Thistle Trading Incorporated	Opp. City Library, 26/56 Redwood Road, Brightpath Park, Mobile, OH, 98756	USA
S2-007542	OnyxI, ronwood Ltd	255 Summit Crs Northgate Nagar Indore Gujarat 202479	India
S2-004514	Ravenwood Textiles Private Liimted	Brightpath Mn Onyx Nagar Pune	India
S2-000161	Lantern Private Limitted	Behind Ganesh Temple, 310 RRavenwood Road, Clearwater Nagar, Indore, 946129	IN
S2-003834	Sunstonee Services Co	127 Lanter St, Falcon Park, Akron, 81944	US
S2-002883	Juniperr Foods Limited	8 Summit Marg, Pune, 889608	India
S2-002114	Juniper Electricals Company	331 Cobalt Ave, Austin, AL, 77319	US
S2-006416	Ravenwood Trading	340 Brightpath St, Kochi, 896868	IN
S2-004864	Brightpath Trading & Sons Corporation	70 Apex Street, Behind the Civic Center, Vertex Park, Lubbock, AL, 63402	US
S2-003720	Maplecrest Pvt Ldt	Mapecrest St Onyx Nagar Nagpur Maharashtra 556287	IN
S2-008292	Bluepeak Service sCo	8/31 Vertex St, Falcon Park, Akron	United States
S2-005288	SummitApex Solutions Corp	Onyx St, Quarry Park, Lubbock, 90848	USA
S2-005336	Clearwater Enterprises LLC	23 Meridian Road Lantern Park Near Exit 14 Peoria	United States
S2-001265	Thistle Trading & Sons Corp	18N orthgate Road, Akron, IL	US
S2-007099	Falcon Ravenwood Industries	97 Cobalt St, Coimbatore, 102939	US
S2-007484	Lantern Kestrel P Ltd	340 Quarry Road Apex Nagar Nagpur Rajasthan 369093	India
S2-003741	Bluepeak Consultancy Co	32 Goldleaf Rd, Goldleaf Park, Tacoma, TX, 16656	US
S2-005094	Iornwood Corpration	Clearwater Street, Mobile, TX, 48288	USA
S2-007186	Falcon EEnterprises	Ravenwood Crs Orchid Nagar Lubbock Maharashtra 204502	India
S2-005640	Ravenwood Enterprises Pvt Ltd	Summit Main, SSummit Nagar, Behind Ganesh Temple, Kochi, MP	India
S2-007597	Clearwater Solutins Ltd	27/53 Quarry Road, Kochi, IL, 22497	USA
S2-007601	Ironwood otors Brightpath P Ltd	11/50 Stonebridge Road, Silverline Nagar, Coimbatore	India
S2-001912	Northgate ystems and Sons Corporation	94 Ravenwood Blvd, Fresno, 45143	USA
S2-006016	Vertex Services Ltd	386 Orchid St Apex Nagar Nagpur	India
S2-007767	Thistle, Apex Enterprises Inc	199 Apex Drive, Orchiid Park, IL, Tacoma	US
S2-008102	Juniper Faalcon Logistics	111 Juniper Rd, Meridian Park, Tacoma, TX	USA
S2-008079	Ironwood Vertex Packaging Co	Harbor Street, Ironwood Park, Tacoma, TX, 96877	US
S2-001460	Juniper Solutions	267 Summit Cross Latern Nagar Coimbatore 520295	India
S2-005146	Summit  Enterprises P Ltd	17 Summt Street, Northgate Nagar, Indore, Gujarat, 158431	IN
S2-008389	Stonebridge, Chemicals Company	205 Clearwater Marg Ravenwood Nagar Akron Maharashtra 703816	IN
S2-008245	Kestrell Onyx Trading Pvt Ltd	338 Ironwood Marg, Behind Ganesh Temple, Thistle Nagar, Surat, 241758	IN
S2-009313	Cobalt Textiles	Behind Ganesh Temple, Vertex Crs, Surat, Maharashtra, 827744	IN
S2-007487	Redwood Consultanncy Pvt Ltd	41 Thistle St, Stonebridge Nagar, Nagpur, 696238	IN
S2-007645	Falconn Pvt Ltd	44 Clearwater Marg, Vertex Ngar, Kochi	IN
S2-004270	Meridian LLimited	85 Quarry Marg, Summit Nagar, Indore	IN
S2-004439	Meridian Textiles Corp	17/4 Maplecrest Dr, Ravenwood Park, Fresno	USA
S2-002340	Meridian Northgate Solutions Co	355 Northgate Ave, Opp. City Library, Peoria, 60397	US
S2-006190	Harbor Trading and Sons Pvt Ld	9/78 Clearwater Marg, Falcon Nagar, Pune, 667805	India
S2-000210	Stonebridge Trading & Sons	397 Apex Road, Summit Park, Mobile, TX, 54426	United States
S2-005682	Falcon Logistics P Ltd	Kestrel Road, Mapplecrest Nagar, Nagpur	IN
S2-007358	Meridian Limited	235 Vertex Marg Maplecrest Nagar Kochi MP	IN
S2-006394	Onyx Clearwater Private Limited	Behind Ganesh Temple, 277 Falcon Marg, Stonebridge Nagar, Jaipur, Gujarat	India
S2-003398	Ravenwood Systems Ltd	336 Bluepeak Main Falcon Nagar Jaipur Rajasthan 285149	IN
S2-007292	Clearwater oLgistics & Sons Inc	247 Maplecrest Cross, Meridian Nagar, Mobile	India
S2-009305	Harbor Irownood Solutions Pvt Ltd	Opp. Bus Depot 12/71 Quarry Main Meridian Nagar Jaipur	India
S2-001627	Clearwater Enterprises P Ltd	79 Summit Rd, Nagpur	India
S2-001441	Gldleaf Vertex Fabrics	196 Onyx Crs, Northgate Nagar, Maharashtra, 292152, Surat	IN
S2-005874	Thistle Onnyx Solutions Pvt Ltd	315 Cobalt Mn Kestrel Nagar Kochi Rajasthan 627021	India
S2-008227	Ravenwoood  Corp	Behind the Civic Center, 61 Onyx Blvd, Ravenwood Park, Mobile, OH	US
S2-003451	Kestrel Vertex Fabrics and Sons Pvt Ltd	130 Orchid Road, Brightpath Nagar, Jaipur, Maharashtra, 347107	IN
S2-003089	Sunstonne Company	269 Apex Street, Lubbock, 78660	USA
S2-000317	Harbor Foods Inc	296 Cobalt Boulevard, Thistle Park, Lubbock, AL, 26681	US
S2-003565	Mpelcrest	23 Redwood Blvd, Opp. City Library, Ravenwood Park, Austin, 62097	USA
S2-002197	Northgate, Foods Apex Incorporated	Behind the Civic Center, 322 Falcon Street, Falcon Park, Akron, TX, 20223	USA
S2-001925	Harbor, Co	Behind the Civic Center, 263 Redwood Boulevard, Orchid Park, Lubbock	USA
S2-003744	Quarry, Fooods	312 Cobalt Drive, Meridian Park, Mobile, WA, Opp. City Library	USA
S2-005224	Sunstone Consultancy Limited	103 Apex Rd, Bluepeak Nagar, Nagpur, Tamil Nadu, 122316	IN
S2-007804	Meridian Textiles Pvt Ltd	288 Northgate Road, Silverline Park, Austin, CA	India
S2-004233	Meridian Chemicals Company	30/61 Meridian Rd Austin TX 19177	United States
S2-005891	Ironwood Stonebriddge Packaging P Ltd	352 Sunstone Main Meridian Nagar Surat Rajasthan 279035	India
S2-002150	Apex Textiles and Sons Pvt Ltd	194 Clearwater Cross, Surat, Gujarat	IN
S2-008212	Ravenwood SSolutions	217 Sunstone Drive, Orchid  Park, Pune, WA, 51285	USA
S2-002513	Bluepek Enterprises Private Limited	317 Cobalt Crs, Kochi, Orchid Nagar	IN
S2-003373	Ironwwood Kestrel Pvt Ltd	293 Orchid Rd, Stonebridge Nagar, Kochi, Rajasthan, 287026	IN
S2-003488	Maplecrest Logistics Limited	155 Ravenwood Mn, Stonebridge Nagar, Behind Ganesh Temple, Jaipur	India
S2-007033	Brightpath Harbor Solutions LLC	132 Goldleaf dR, Redwood Park, Lubbock, IL, 26448	USA
S2-004105	Apex Oynx Logistics and Sons Corp	58 Bluepeak Dr, Stonebridge Park,L ubbock, 44211	United States
S2-007476	Thistle Croporation	332 Kestrel Roaad Stonebridge Park Mobile 46253	US
S2-001809	Onyx Consultancy& Sons Limited	184 Thistle Cross, Nagpur	India
S2-006380	Celarwater Prviate Limited	Cobalt Rd Sunstone Nagar Near SBI ATM Jaipur	IN
S2-006947	Packging Ravenwood LLC	Vertex Ave, Cobalt Park, Peoria, WA, 95112	United States
S2-002862	Kestrel Electricals & Sons Limited Liabliity Company	Behind the Civic Center, 39 Harbor Ave, Peoria, 88257	USA
S2-004417	Falcon, Services Private Limited	26/60 Kestrel Street, Orchidd Nagar, Near SBI ATM, Indore, Gujarat	IN
S2-008750	Lantern Enterprises & Sns Pvt Ltd	390 Thistle Blvd, Goldleaf Park, Pune, IL	USA
S2-001074	Falcon, Enterprises Pvt Ltd	161 Goldleaf Rd, Onyx Nagar, Pune, 8848111	IN
S2-005942	Bluepeak Falcon Packaging P Ltd	115 Redwood Marg, Opp. Bus Depot, Jaipur, Maharashtra, 952853	India
S2-000649	Ravenwood Fabrics Inc	Behind the Civic Center, 299 Redwood Boulevard, Kestrel Park, Austin	USA
S2-004987	Onyx, Enterprises and Sons Corp	3600 Lantern Rd Maplecrest Park Peoria IL	US
S2-002445	Onyx, Lantern Chemicals	79 Goldleaf Cross Stonebridge Nagar Indore Rajasthan 889919	IN
S2-003321	Lanter Trading LLC	Goldleaf Drive, Goldleaf Park, Near Exit 14, Lubbock, OH, 47089	US
S2-009231	Bluepeak Ironwod Textiles	296 Silverline Crs Northgate Nagar Coimbatore 428521	IN
S2-003134	Quarry Solutions Corporation	375 Onyx Avenue Thistle Park Austin OH	United States
S2-005019	Sunstone Juniper Incorporated	26 Onyx Boulevard, Akron, TX, 98522	USA
S2-008940	Apex Industries Pvt Ltd	313 Summit Rd Surat Gujarat 302560	India
S2-005341	Harbor Northgate Foods Pvt Ltd	247 Ironwood Mn Orchid Nagar Coimbatore MP	IN
S2-005431	Kestrel Consultancy Co	Opp. City Library, 158 Harbor Drive, Stonebridge Park, Peoria	United States
S2-003700	Quarry Trading Inc	389 Raevnwood Rd, Vertex Park, Mobile, WA, 14009	USA
S2-001649	Kestrel Silverline Services Private Limited	Behind Ganesh Temple, 28/76 Summit Street, Goldleaf Nagar, Kochi, Tamil Nadu, 800655	IN
S2-007112	Vertex Ravenwood Trading Pvt Ltd	Silverline Marg, Near Metro Pillar 42, Silverline Nagar, Surat, MP, 155536	IN
S2-002831	Ironwood Sunstone Foods and Sons Private Limited	32/83 Redwood Mn, Near SBI ATM, Northgate Nagar, Surat, 682762	IN
S2-000434	Falcon Redwood Fabrics	23/48 Juniper Crs, Nagpur, 802026	India
S2-004239	Cleaarwater Consultancy	223 Falcon Ave, Behind the Civic Center, Fresno, AL	USA
S2-007309	Cobalt Cobalt Enterprises LLC	Silverline Road, Opp. City Library, Clearwater Park, Mobile, AL	USA
S2-008374	Bluepeak Juniper Motors Ltd	280 Goldleaf Blvd, Jaipur, AL, 81139	US
S2-004709	Falcon Mapplecrest Packaging P Ltd	Quarry Cross, Vertex Nagar, Jaipur, 538414	IN
S2-002384	Sivlerline Fabrics	247 Ravenwood Marg, Brightpath Nagar, Kochi, Maharashtra, 434145	IN
S2-003179	Northgate Incorporrated	120 Bluepeak Road, Ironwood Park, Fresno, OH,  82854	US
S2-004607	Redwood Solutions Inc	274 Clearwater Boulevard, Tacoma, IL, 38666	US
S2-004220	Lantern Bluepeak Services LLC	378 Thistle Dr, Meridian Park, Tacoma, AL, 27423	USA
S2-000719	Onyx Consuultancy Private Limited	380 Onyx Marg, Nagpur, Maharashtra	IN
S2-003924	Cobalt, Textiles & Sons Pvt Ltd	Surat Tamil Nadu 235789 202 Meridian Crs	IN
S2-004494	Ironwood, Logistics Coorp	Opp. City Library, 192 Silverline Street, Goldleaf Park, Akron, TX, 90497	USA
S2-009084	Orhcid Packaging and Sons	5/42 Meridian Road, Northgate  Nagar, Surat, Gujarat, 705212	India
S2-007736	Orchid Logistics Private Limited	189 Apex Marg, Quarry Nagar, Nagpur, 556103, Gujarat	India
S2-005138	Latern Motors	148 Ravenwood Dr Clearwater Park Tacoma IL 92768	United States
S2-005057	Orchid	Opp. Bus Depot 130 Ravenwood St Nagpur MP 71305	India
S2-005539	Sumimt Chemicals	112 Redwood Ave, Kestrel Park, Akron, 33283	USA
S2-008629	Juniper  Sunstone Enterprises	22 Meridian Rd, Vertex Nagar, Nagpur, 343631	India
S2-006402	Thistl eServices Private Limited	105 Orchid Marg Orchid Nagar Kochi Maharashtra 572338	IN
S2-007491	Lantern Trading	Kestrel Ave, Lantern Park, Tacoma, IL, 27150	US
S2-006004	Stonebridge Limited Liability Company	392 Kestrel Boulevard, Thistle Park, Peoria, CA	USA
S2-004431	Harbor, Cobalt Foods & Sons	131 Ironwood Road Quarry Nagar Surat 719455	India
S2-006829	Ravenwood Logistics P Ltd	99 Silverline Marg, Kestrel Nagar, Indore, 484518	India
S2-004168	Kestrel, Cnsultancy	267 Ravenwood Street, Quarry Nagar, Kochi, Gujarat, 353693	India
S2-001949	Kestrel Systems Limited	349 Silverline Street, Maplecrest Nagar, Pune, Gujarat	IN
S2-003084	Kestrel Quarry Packaging Co	7/58 Maplecrest Avenue, Summit Park, Mobile, AL, 74871	United States
S2-006762	Apeex	40 Brightpath St, Lubbock, WA, 51430	USA
S2-000027	Apex nd Sons	Summit Avenue, Goldleaf Park, Fresno	United States
S2-007620	Sunstone Systems & Sons Private Limited	106 Summit Road, Jaipur, Maharashtra, 173689	IN
S2-008951	Sunstone OOnyx Textiles Ltd	360 Kestrel Mn, Jaipur, 995849	India
S2-007996	Orchid Packaging Private Limitd	93 Vertex Rd, Vertex Nagar, Kochi, Kerala, 665141	IN
S2-002949	Ravenwood Fabrics Kestrel Inc	19 Juniper Street, Fresno	United States
S2-000731	Falcon Fabrics Ltd	126 Summit Crs, Indore, Gujarat, 668304	IN
S2-008424	Harbor, Redwood Fabrics Limited Liability Company	188 Bluepeak Blvd, Akron, IL	USA
S2-007527	Notrhgate Packaging	Sunstone Street, Pune, MP, 171463	IN
S2-004438	Onyx, Lantern Chemicals Comapny	205 Kestrel Avenue Vertex Park Fresno TX 93712	US
S2-005309	Srvices Cobalt Pvt Ltd	Near SBI ATM, Quarry Street, Surat, Tamil Nadu	India
S2-000408	Industries Meridian LLC	32/69 Bluepeak Ave Brightpath Park CA 40151 Fresno	US
S2-004523	Goldleaf Enterprises	Jaipur, 154555, 387 Orchid Main	India
S2-002955	Irronwood Onyx Systems Private Limited	155 Summit Main, Summit Nagar, Nagpur, Maharashtra, 374962	India
S2-001621	Solutions Corporation	205 Meridian Dr, Mobile, WA, 74197	United States
S2-006373	Onyx, LLogistics Corporation	231 Vertex Boulevard, Onyx Park, Peoria, TX, 26717	United States
S2-000071	Aepx Services Incorporated	105 Harbor Avenue, Falcon Park, Akron, OH, 90632	USA
S2-007026	Lantern, Industries Private Limited	237 Maplecrest St Lantern Nagar Kochi 246372	IN
S2-000561	Summit, Company	30 Orchid St, Silverline Park, Mobile	USA
S2-009141	Quarry Enterprise Ltd	34 Orchid Cross, Goldleaf Nagar, Op. Bus Depot, Pune, 618039	India
S2-009354	Ironwood Electricals P Ltd	186 Cobalt Blvd, Sunstone Park, Lubbock	India
S2-000374	Ironwood Meridian Textiles and Sons Private Limited	134 Stonebridge Road, Near SBI ATM, Northgate Nagar, Jaipur, Tamil Nadu, 766998	IN
S2-009289	Summit Mottors	349 Cobalt Street Northgate Nagar Peoria MP 699402	India
S2-002744	Summit, Packagging Private Limited	369 Apex Mn, Summit Nagar, Pune, 792480	IN
S2-004958	Orchid Elctricals LLC	41 Apex Rd Clearwater Park Tacoma	US
S2-008059	Meridian Maplcerest Fabrics & Sons	278 Onyx Street, Tacoma, AL, 95679, Harbor Park	United States
S2-005789	Harbor Packagng Company	Meridian Blvd, Bluepeak Park, Lubbock, IL, 89917	US
S2-009336	Maplecrest Merridian	8/51 Orchid Cross, Surat, Maharashtra	India
S2-001558	LanternS ervices Ltd	272 Apex Street Gujarat Nagpur	IN
S2-005559	Orchid Lantern Solutions Ltd	130 Lantern Marg Surat Maharashtra 379621	India
S2-003793	Nortghate	Kestrel Dr, Ravenwood Park, Taoma, TX	United States
S2-005418	Brightpath P Ltd	277 Clearwater St, Jaipur, MP, 926441	India
S2-003922	Juniper Enterprises Limited	46 Sunstone Main, Pune, MP, 562095	India
S2-004959	Ocrhid, Electricals Limited Liability Company	106 Goldleaf Drive, Stonebridge Park, Tacoma, 57509	United States
S2-001458	Junipre Solutions P Ltd	267 Summit Crs, Lantern Nagar, Coimbatore, Opp. Bus Depot	India
S2-005514	Meridian Onyx Services Company	38/64 Onyx Blvd Thistle Park Akron TX	United States
S2-004166	Harbor Brighhtpath Enterprises Inc	187 Falcon Street, Apex Park, Tacoma, 69097	United States
S2-003913	Stonebridge, Consultancy	204 Falcon Main, Summit Nagar, Surat, Kerala, 813554	IN
S2-008960	Ravenwood Brightpath Fabrrics	156 Redwood Avenue, Ravenwood Park, Mobile, CA, 18301	USA
S2-008266	Service sRavenwood	11 Clearwater Avenue, Goldleaf Park, Opp. City Library, Akron, OH, 32566	US
S2-004076	Ravenwood Harbor Systems Private Limited	117 Harbor Street Ironwood Nagar Pune 864163	India
S2-007685	KestrelO nyx Systems Company	Near SBI ATM 148 Bluepeak Street Coimbatore Tamil Nadu 963984	United States
S2-002711	Rewdood Motors Private Limited	353 Sunstone Main, Ravenwood Nagar, Pune, 781095	India
S2-007061	Falccon Cbalt Chemicals Pvt Ltd	Opp. Bus Depot, 69 Falcon St, Nagpur, Kerala, 373323	IN
S2-005161	Notrhgate Electricals P Ltd	Redwood Rd, Quarry Nagar, Jaipur, 411400	India
S2-000193	Redwood, Cemiicals	107 Summit St, Vertex Park, Near Exit 14, Austin, TX, 15293	USA
S2-004068	Quarry, Services	131 Redwood Street, Mobile, 46741	United States
S2-001685	Thistle	Sunnstone Rd, Sunstone Nagar, Coimbatore	IN
S2-002027	Maplecrest Privat eLimited	250 Northgate Cross, Summit Nagar, Nagpur, Rajasthan, 751299	India
S2-000834	Juniper Textils Limited	121 Sunstone Main Maplecrest Nagar Surat Tamil Nadu	IN
S2-007897	Thistle Logistics & Sons	380 Sunstone Marg, Surat, 819283	IN
S2-006960	Goldleaf Electricals Private Limited	199 Summit St Stonebridge Nagar Coimbatore 695302	IN
S2-006335	Northgate Trading Incoporated	184 Kestrel Avenue, Near Exit 14, Meridian Park, Akron, WA	United States
S2-006220	Brightpath Packaging& Sons Limited	79 Juniper Marg, Apex Nagar, Nagpur, Rajasthan, 156358	India
S2-001742	Northgate Motors oC	236 Bluepeak Drive, Thistle Park, Tacoma	United States
S2-006000	Stonebridge Harbor Trading Pvt Ltd	126 Redwood Marg, Harbor Nagar, Coimbatore	IN
S2-006881	Services Bluepeak Company	349 Ironwood Blvd, Maplecrest Park, Mobile	United States
S2-002509	Systems Harbor Lanteern Corp	232 Sunstone Dr, Redwood Park, Mobile, 96478	US
S2-004396	Goldleaf Textiles LLC	318 Ravenwood Ave, Redwood Park, Fresno	United States
S2-002730	Ocrhid Solutions	192 Northgate Ave, Austin, 38159	United States
S2-005312	Bluepeak Solutions Incorporated	230 Stonebridge Ave, Ironwwood Park, Near Exit 14, Akron, CA, 51129	USA
S2-004500	Lanttern, Traidng	96 Ravenwood Avenue, Vertex Park, Akron, OH	United States
S2-006847	Sunstone Chemicals Corp	206 Orchid Dr, Near Exit 14, Peoria, IL	US
S2-001487	Goldleaf oods Private Limited	Near Metro Pillar 42, 365 Brightpath St, Brightpath Nagar, Pune	India
S2-008945	Clearwater, Packaigng	162 Bluepeak Road, Sunstone Nagar, Indore, Maharashtra, 914645	United States
S2-000011	SystemsHarbor Pvt Ltd	346 Falcon Street, Falcon Nagar, Nagpur, 395873	India
S2-007043	Onyx Enterprises Pvt Ltd	202 Lantern Main, Bluepeak Nagar, Nagpur	IN
S2-006524	Juniper Quarry P Ltd	257 Stonebridge Main, Opp. Bus Depot, Pune, Maharashtra, 137682	IN
S2-007086	Juniper Foods & Sons Corp	3/88 Maplecrest Main, Harbor Nagar, Austin, MP	IN
S2-005387	Stonebridge Textiles Corporation	45 Kestrel Blvd, Bluepeak Park, Tacoma, 59229, AL	United States
S2-008372	Ironwood P Ltd	58 Clearwater Cross, Maplecrest Nagar, Nagpur	India
S2-004658	Clerawater Ironwood Co	250 Goldleaf Ave, Bluepeak Park, Lubbock, AL, 12354	USA
S2-001825	Solutoins Northgate Ironwood	28 Clearwater Marg, Harbor Nagar, Jaipur, Gujarat	IN
S2-005500	Summit Foods and Sons Inc	43 Ravenwood Ave, Lubbock, TX, Summit Park	United States
S2-007821	Harbor Chemicals Limited	310 Apex Marg, Falcon Nagar, Coimbatore, Tamil Nadu	India
S2-004952	Summit Apex Systems LLC	Near Exit 14, 2 Bluepeak Road, Mobile, CA, 25868	United States
S2-008580	Lantern Claerwater Ltd	Near SBI ATM, 78 Falcon St, Coimbatore	India
S2-007357	Ironwood & Sons P Ltd	236 Cobalt Cross, Jaipur, Rajasthan, 611160	IN
S2-007444	Goldleeaf Fabrics Limited	248 Cobalt Road, Stonebridge Nagar, Surat, 654579	IN
S2-007756	Snustone Sunstone Systems Corporation	380 Redwood Street, Bluepeak Park, Peoria, OH, 31571	US
S2-008889	Vertex Consultanncy	119 Maplecrest Main, Jaipur, 381416	IN
S2-003002	Vertex LLC	74 Maplecrest Ave Meridian Park Mobile 37249	US
S2-004114	Ironwood Stonebridge Services Inc	202 Sunstone Road, Cobalt Park, Austin, 34352, AL	United States
S2-005762	Juniper SolutionsLLC	Near Exit 14, 174 Kestrel Blvd, Onyx Park, Lubbock, 64228	US
S2-000318	Harbor oFods	134 Ironwood Street, Quarry Park, Lubbock, CA, 90104	United States
S2-002397	Brightpath, Systems & Sons Limited Liability Company	84 Apex Street, Juniper Park, Peoria, IL, 92559	US
S2-001587	Falcon Apex P Ltd	30/82 Kestrel Mn, Ravenwood Nagar, Indore, Rajasthan, 903290	India
S2-006142	Ravnewood Clearwater Enterprises Co	344 Redwood Blvd, Harbor Park, Lubbock, 36651	US
S2-000077	Harbro and Sons Private Limited	160 Thistle St Bluepeak Nagar Kochi Gujarat 334925	India
S2-004174	Malpecrest Fabrics Corporation	310 Cobalt Road, Sunstone Park, Austin, TX	US
S2-001914	Industries Clearwwater Corporation	28 Redwood Rd, Akron, 33125	US
S2-003478	Northgate Electricals LLC	Northgate Park, Lubbock, TX, Maplecrest Street	US
S2-004263	Enterprises Northgate Private Liimited	76 Thistle Rd, Brightpath Nagar, Kochi, Kerala, 458174	India
S2-005260	Silverline Vertex Enterprises	190 Kestrel Mn, Ironwood Nagar, Coimbatore, 478752	India
S2-000691	Brightpath Enterprises	198 Maplecrest St, Redwood Nagar, Kochi, Gujarat, 335193	India
S2-001339	Cobalt Consultancy Compay	347 Maplecrest Drive, Stonebrige Park, IL, Mobile	United States
S2-000362	Clearwater Stonebridge Consultancy Pvt LLtd	109 Juniper Road, Ironwood Nagar, Kochi, 421869	IN
S2-006940	Cobalt Brightpath Industries	171 Keestrel Marg, Juniper Nagar, MP, Pune	IN
S2-004865	Ironwood Industries Pv Ltd	Lantern Nagar, Surat, 247 Kestrel Main	India
S2-003441	Veretx Kestreel Packaging Limited	125 Redwood Mn, Goldleaf Nagar, Indore, Kerala, 415516	IN
S2-001980	Clearwater Co	Cobalt Ave, Harbor Park, Peoria, 67300	US
S2-000088	Juniper Private Limited	300 Harbor Street Summit Nagar Jaipur 301343	India
S2-009163	Northgate Services P Ltd	9/23 Brightpath St, Coimbatore, Rajasthan	India
S2-006864	Onyx Silverline Systems Limited Liability Company	OrchidSt, Meridian Park, Fresno, 29135	United States
S2-008844	Lantern, Industries Prrivate Limited	79 Goldleaf Street, Meridian Nagar, Kochi, 153170	India
S2-000986	Conssultaancy Quarry	89 Quarry Ave, Goldlleaf Park, Fresno	United States
S2-002889	Falcon Consultnacy	374 Summit Drive Vertex Park Fresno 56677	United States
S2-002959	Silverline Corporatin	228 Ravenwood Boulevard Mobile 65730	USA
S2-002891	Orhid, P Ltd	118 Quarry Mn, Cobalt Nagar, Nagpur, Rajasthan	IN
S2-004786	Brihgtpath Solutions	236 Vertex Rd, Onyx Park, Near Exit 14, Fresno, CA, 73988	US
S2-007280	Junipe rOnyx TextilesLtd	Orchid St, Japur, Tamil Nadu, 794402	India
S2-008171	Redwood Corporation	328 Summit Road Northgate Park Lubbock WA 33476	US
S2-005415	Lantern Packagign Private Limited	258 Harbor St Ravenwood Nagar Nagpur MP 560897	IN
S2-007154	Apex Packaging LLC	4 Harbor Avenue, Redwood Park, Behind the Civic  Center, Mobile, CA	US
S2-006669	Sysstems Apex Inc	228 Summit Avenue, Cobalt Park, Lubbock, CA	United States
S2-000351	Vertex Packaging	343 Onyx Mn, Ravenwood Nagar, Nagpur, Rajasthan, 618558	India
S2-009136	Silverline Goldleaf Industries Private Limited	330 Harbor Rd Kochi Tamil Nadu 610733	IN
S2-001447	Northgate and Sons Limited Liability  Company	220 Bluepeak Street, Lantern Park, Akron, IL, 52758	USA
S2-002234	Juniper Electtricals P Ltd	315 Harbor Marg Lantern Nagar Kochi 165021	India
S2-003598	Thistle, Chemicals LLC	345 Orchid Street Goldleaf Park Austin 46021	US
S2-007981	Apex Clearwater Corporation	Maplcerest Cross, Tacoma, Tamil Nadu, 445135	India
S2-008726	Lantern  Orchid Solutions Limited	179 Kestrel St, Apex Park, Opp. City Library, Lubbock, CA	IN
S2-004688	Harbro Consultancy Co	Goldleaf Street, Onyx Prak, Austin, CA	United States
S2-008801	Brightpath Consultancy and Sons	76 Sunstone Avenue Harbor Park Peoria TX	US
S2-004785	Brightpath SolutionsC o	236 Vertex Rd Onyx Park Fresno CA 73988	US
S2-007122	Juniper Clearwater Serviices Pvt Ltd	Lantern Nagar, Pune, 110377, 220 Ravenwood St	India
S2-000484	Ravenwood Golddleaf Corporation	4/34 Juniper Road, Lantern Park, Lubbock	US
S2-000971	Cobalt IndustriesL LC	Near Exit 14, 36/58 Sunstone Road, Austin, TX	US
S2-005175	Silverline Tetxiles Corporation	275 Kestrel Ave, Fresno, 50055	US
S2-001236	Cobalt Foos	25 Onyx St, Lubbock, IL	US
S2-006849	Summit Chemicals Private Limited	Near SBI ATM, 133 Goldleaf Cross, Brightpaath Nagar, Pune, 975003	IN
S2-005123	Sunstone Northgate and Sons Corporation	7 Ravenwood St, Quarry Park, Austin, TX	USA
S2-001568	Bluepeak Consultancy LLC	318 Clearwater Road, Near Exit 14, Brightpath Park, Akron, 44185	USA
S2-005925	Kestrel Silverline LLimited	21 Clearwater Marg Clearwater Nagar Coimbatore Kerala	IN
S2-001499	Silverline Apex Services Corp	230 Silverline Road, Ketsrel Park, Lubbock, WA	United States
S2-007285	Apex Incorporated	370 Harbor Avenue, Thistle Park, Austin, OH	US
S2-005753	Maplecrest Trading Private Limited	Opp. Bus Depot, 341 Goldleaf SSt, Jaipur, 829148	India
S2-000444	Goldleaf, Electricals Inc	4 Clearwater Street Apex Park Fresno IL	US
S2-000453	Juniper Logsitics and Sons	223 Onyx Crs Harbor Nagar Jaipur Rajasthan	IN
S2-005371	Rvenwood Inc	Near Exit 14, 154 Onyx Road, Northgate Park, Fresno, TX, 89419	United States
S2-007217	Vertex Clearwater Trading Private Limited	106 Redwood Street, Meridian Nagar, Coimbatore, 424495	India
S2-001477	Silverline Systems	25/20 Sunstone Main Near Metro Pillar 42 Harbor Nagar Kochi Gujarat 695632	IN
S2-009098	Ironwood Mootrs	223 Onyx Crs, Harbor Nagar, Jaipur, Rajasthan	USA
S2-008931	Smumit, Fods Limited	238 Falcon Marg, Goldleaf Nagar, Surat, Kerala	India
S2-000676	Vertex Foods Pvt Ltd	138 Ravenwood Marg, Harbor Nagar, Near Metro Pillar 42, Kochi, MP	IN
S2-009042	Summit Enterprrises Limited Liability Company	187 Thistle Marg, Silverline Nagar, Peoria, 890838	India
S2-005586	Juniper Motors Limited Liability Company	111 Cobalt Dr, Harbor Park, Austin, A	United States
S2-009035	Harbor Trading	7 Ravenwood Rd, Stonebridge Nagar, Coimbatore, MP, 7707047	India
S2-002903	Apex Liimted	149 Stonebridge Mn, Nagpur, 321166	India
S2-007668	Brightpath Motors Inc	397 Vertex Main Goldleaf Nagar Austin Gujarat	IN
S2-008092	Thistle Services LLC	Falcon Dr, Austtin	USA
S2-002133	Logisstics Silverline	356 Sunstone Crs, Northgate Nagar, Jaipur, Gujarat, 644573	India
S2-007053	Summit Enterprises Incorporated	255 Goldleaf Road, Silverline Park, Near Exit 14, Lubbock, TX, 10455	United States
S2-006620	Orchid Systems & Sons Corporaion	143 Quarry Rd Juniper Park Fresno	USA
S2-002973	Harbr Chemiccals Pvt Ltd	96 Vertex Cross, Nagpur, 353699	India
S2-005223	Godleaf Apex Foods Limited LiabilityC ompany	Opp. City Library, 229 Brightpath Boulevard, Maplecrest Park, Fresno, WA	USA
S2-004988	Onyx Enterprises Corporation	360 Lantern Rd, Maplecrest Park, Peoria	US
S2-001603	Sonebridge Motors Incorporated	1/31 Redwood Road Quarry Park TX 20006 Austin	US
S2-003222	Falcon P Ltd	Falcon Road Kochi	India
S2-007819	Cobalt Inc	141 Sunstone Street, Opp. City Library, Ironwood Park, Fresno	USA
S2-008926	Malpecrest, Foods Corp	74 Onyx Ave, Norhgate Park, Peoria, OH, 53853	United States
S2-007876	Quarry Orchid LLC	35/8 Ravenwood Ave, Behind the Civic Center, Harbor Park, Mobile, 14961	United States
S2-009090	Packaginng Silverrline Co	73 Northgate Street Thistle Park Mobile AL 82847	US
S2-006834	Redwood Fabrics and Sons Corp	244 Thistle Drive, Brightpath Park, Mobile, WA	US
S2-004404	Bluepeak EnterprisesC orp	128 Juniper Road Goldleaf Park Peoria IL 63965	United States
S2-002435	Lantern Motos Corp	Orchid Street, Tacoma, WA, 96116	United States
S2-001722	Ravenwood Chemicals and Sons Private Limited	Summit Road, Ravenwood Nagar, MP, 394099, Pune	IN
S2-000730	Falcon, Fabrics Limied	153 Northgate Marg Quarry Nagar Indore Rajasthan	IN
S2-008410	Vertex Redwoood and Sons Company	205 Maplecrest Street Akron TX 40490	United States
S2-000063	Cobalt Services Incorporated	250 Summit Rd, Fresno, 96420	US
S2-001034	Juniper, Maplecrest Foods Ptv Ltd	139 Ironwood Street, Nagpur, 231216, Meridian Nagar	India
S2-005848	Maplecrest Corporation	47 Quarry Rd Lubbock	United States
S2-004558	Quarry Lantern Consultancy Limited	56 Maplecrest St, Brightpath Nagar, Nagpur	India
S2-001114	Cobalt Packaging Private Limited	68 Redwood Mn Onyx Nagar Pune 507133	IN
S2-007427	Onyx Harbor Foods & Sons Pirvate Limited	Near SBI ATM, 171 Falcon Marg, Apex Nagar, Kochi, Kerala, 655192	India
S2-006103	Summit Foods	104 Cobalt Avenue, Kestrel Park, Tacoma, AL, 59283	US
S2-002265	Vertex Prrivate Limited	Juniper Rd, Ironwood Nagar, Indore, Maharashtra, 265798	India
S2-004434	Lantern Limited Liability Company	137 Meridian St, Apex Park, Austin, WA, 73378	US
S2-005255	Thistle Onyx Tetiles LLC	361 Goldleaf Blvd, Fresno, AL, Ironwood Park	US
S2-006155	Brightpaht Northgate Incorporated	271 Meridian Drive, Opp. City Library, Tacoma, WA, 46413	US
S2-002285	Reedwood Meridian Packaging	196 Silverline Ave, Sunstone Park, Mobile, AL	USA
S2-003063	Orchid Onyx Logistics Priivate Limited	266 Clearwater St Near Metro Pillar 42 Kochi Kerala 509825	IN
S2-003439	Harbor Electricals Limited	153 Ironwood Street, Nagpur, Maharashtra, 804947	India
S2-006789	Ironwood Consultancy P Ltd	172 Apex Street, Ironwood Nagar, Jaipur	IN
S2-003032	Stonebridge Vertex Trading	4/44 Juniper Dr, Opp. City Library, Akron, WA, 41353	US
S2-007150	Clearwater Packaging & Sons Company	272 Ravenwood Dr Thistle Park Tacoma TX	US
S2-003977	GoldleafEnterprises	Brightpath Marg, Behind Ganesh Temple, Meridian Nagar, Kochi, 634151	IN
S2-007839	Services Meridian Corp	263 Apex Street, Mobile, CA	USA
S2-001971	Thistle Motors Corpooration	63 Juniper Ave, Austin, TX	US
S2-004570	Bluepeak Brightpath Limited	234 Thistle Crs Thistle Nagar Coimbatore 380272	India
S2-009048	RedwoodConsultancy Private Limited	158 Goldleaf Road Meridian Nagar Near Metro Pillar 4 Pune Kerala	India
S2-000411	Harbor Trading	254 Redwood Avenue, Falcon Park, Mobile, WA	USA
S2-002214	Ravenwood Pv Ltd	107 Mridian Cross Lantern Nagar Jaipur Kerala	India
S2-001093	Facon Onyx Industries Incorporaed	193 Goldleaf Ave, Mobile, 19902, Harbor Park	United States
S2-005176	Textiles Siilverline Corporation	Meridian Blvd, Juniper Park, Fresno, TX, 68488	United States
S2-007316	Falcon Incorprated	123 Northgate Dr, Thistle Park, Akron	US
S2-007463	Haror & Sons Private Limited	305 Northgate St, Northgate Nagar, Jaipur	India
S2-002713	Silverline Chemicals Corp	346 Redwood Road Goldleaf Park Fresno	United States
S2-000168	Ironwood Electrials Corporation	73 Northgate Strreet Thistle Park Mobile AL	USA
S2-001654	Fabrics, Harbor Goldleaf P Ltd	169 Meridian Marg Apex Nagar Nagpur 230016	IN
S2-003982	Haror Electricals Inc	63 Apex Street, Ironwood Park, Lubbock, AL, 22708	United States
S2-001749	Meridian Motors	38/87 Lantern Mn, Sunstone Nagar, Coimbatore	India
S2-001683	Maplecrest Systems Private Limitted	343 Goldleaff Main Ironwood Nagar Coimbatore	India
S2-006780	Stonebridge Logistics Limited Liability Company	99 Onyx St, Thistle Park, Lubbock, OH	US
S2-009052	Clearwater Consultancy tLd	389 Northgate Road Falcon Nagar Coimbatore Maharashtra 676657	IN
S2-004838	Silverline Motors Corporation	299 Clearwater St Behind the Civic Center Fresno WA	USA
S2-001788	Habror Company	137 Redwood Rd, Kestrel Park, Fresno, OH, 48030	USA
S2-002110	Lantern Harbor Motors	367 Clearwater Marg, Thistle Nagar, Coimbatore, MP, 523636	IN
S2-008812	Quarry Harbor Limited	240 Lantern Street, Kochi	India
S2-009229	Motros Ironwood Pvt Ltd	Cobalt St, Ravenwood Nagar,Coimbatore, 102939	IN
S2-000031	Summit Logistics P td	Falcon Road, Indore, Gujarat, Sunstone Nagar	IN
S2-008067	Lantern Industries	265 Harbor Drive Mobile TX	USA
S2-004537	Chemicals P Ltd	Quarry St, Goldleaf Nagar, Kochi	IN
S2-001197	Orcchid Private Limited	200 Quarry Street, Redwood Nagar, Kochi, 145183	IN
S2-001276	Kestrel Electricals	260 Sunstone St, Tacoma, AL, 64542	US
S2-007701	Ravenwood Solutions P LLtd	13 Clearwater Rd Quarry Park Lubbock AL	India
S2-004476	Harrbor Sunstone Consultancy Ltd	193 Northgate Road Bluepeak Nagar Indore Kerala	IN
S2-009099	Falon Consultancy Co	399 Brightpath Boulevard Harbor Park Mobile AL 57495	United States
S2-000603	Brightpath Trading Co	Meridian Street, Kestrel Park, Peoria, TX, 38128	USA
S2-008261	Meridian Maplecrest Fabrics Limited Liabiity Company	155 Vertex Ave Northgate Park Near Exit 14 Akron OH	USA
S2-007733	Quarry Electricals Ltd	120 Goldleaf Rd, Apex Nagar, Kochi, 406063	IN
S2-008151	Ironwood Chemicals Incorporaated	316 Thistle Blvd, Silverline Park, Peoria, 18422	USA
S2-005799	Goldleaf Cehmicals Limited Liability Company	326 Onyx St, Harbor Park, Mobile	USA
S2-003404	Harbor Clearwtaer & Sons	127 Quarry Dr, Stonebridge Park, Fresno, AL, 25695	USA
S2-007555	Kestreel Electricals LLC	56 Meridian Drivve, Redwood Park, Tacoma, 42051	US
S2-005693	Onyx Motors	Brightpath Boulevard, Tacoma, CA, 82987	US
S2-008432	Ravenwood Pvt Ltd	305 Harbor Street, Juniper Nagar, Jaipur, 884223	IN
S2-009198	Kestrel Consultacny Corp	302 Apex Drive, Fresno, 34704,  Quarry Park	USA
S2-001974	Sunstone Induustries P Ltd	Apex Crs, Orchid Nagar, Pune, 946783	India
S2-003766	Summit Logistics Company	97  Ravenwood Road Harbor Park Fresno AL 52339	United States
S2-008582	Cobalt Clearwater Ltd	22 Cobalt Mn, Thistle Nagar, Indore	India
S2-003546	Juniper Services and Sons Company	18/3 Ravenwood Ave, Behind the Civic Center, Clearwater Park, Fresno, OH, 16465	USA
S2-008551	Summit Services & Sons	Near Metro Pillar 42, 110 Falcon St, Ironwood Nagar, Jaipur, MP	IN
S2-008866	Apex, Redwood Industries Ltd	311 Brightpath Road, Onyx Nagar, Jaipur, Tamil Nadu, 621621	IN
S2-001958	Bluepeak  Services Inc	298 Harbor Dr Lubbock OH 47609	US
S2-004601	Cobalt Thistle Systems Corp	Apex Avenue, Quarry Park, Akron, Behind the Civic Center	US
S2-000305	Meridian Logistics	198 Stonebridge Street, Quarry Park, Akron, AL	United States
S2-001513	Slverline, Consultancy Corporation	39/88 Silverline Blvd Orchid Park Austtin OH	USA
S2-001579	Juniper Logistics Limmited Liability Company	156 Redwood Road, Mobile, Northgate Park	US
S2-006691	Redwood Ironwood Services Company	353 Orchid Ave, Akron, WA, 99300	USA
S2-000146	Falcon Ravenwood Motors & Sons	3/70 Ravenwood Drive, Stonebridge Park, Akron, IL, 66714	USA
S2-007034	Lantern Quarry Systems Ltd	341 Apex Road, Tacoma	IN
S2-003948	Onyx Electricals	126 Sunstone Rd, Sunstone Nagar, Pune, Gujarat, 690910	India
S2-001537	Juniper Industries Pvt  Ltd	28/9 Brightpath Mn, Redwood Nagar, Kochi, 137130	India
S2-008894	Electricals, Northgate Limited	Ravenwood Main, Pune, 415269	India
S2-000231	Bluepeak, Textiles Limited Liability Company	80 Ravenwood Road, Falcon Park, Lubbock, 17670	United States
S2-001868	Thistle Systems Ltd	23/8 Vertex Crs, Falcon Nagar, Jaipur	India
S2-000888	Textiles LC	289 Ravenwood Road, Apex Park, Fresno, 12769	US
S2-006569	Trrading	370 Onyx Dr, Fresno, TX	United States
S2-001590	Clearwater Logistics Private Limited	257 Juniper Crs, Coimbatore, MP	IN
S2-000350	Vertex Packaging and Sons P Ltd	343 Onyx Mn Ravenwood Nagar Nagpur Rajasthan 618558	India
S2-007858	Vertex Electricals	282 Sunstone Marg, Cobalt Nagar, Kerala, 729452, Surat	India
S2-007565	Apex Sivlerline Consultancy Corporation	12 Juniper St, Summit Park, Akron, OH, 15056	US
S2-008829	Brightpath Services Limited	200 Onyx Mn, Brightpath Nagar, Nagpur, 986973	India
S2-005193	Brightpath, Textilles LLC	33/60 Ironwood Blvdd, Mobile, WA	USA
S2-004262	Northgate, Enterpriises & Sons Private Limited	Brightpath Nagar Kochi Kerala 458174 76 Thistle Road	India
S2-006570	Juniper Trading Corporation	370 Onyx Dr, Ironwood Park, Fresno, TX, 32318	USA
S2-004072	Stonebridge Juniper Sevices	36 Falcon St Mobile	US
S2-002550	Apex & Sons	80 Meridian Road, Nagpur, Gujarat, 820943	India
S2-006541	Clearwater Foods Corp	Cobalt St, Silverline Park, Fresno	United States
S2-001466	Redwood, Silverline Packaging	213 Thistle Main, Clearwater Nagar, Jaipur, 458717	IN
S2-004225	Harbor Apex Etnerprises and Sons LLC	Behind the Civic Center, 64 Kestrel Drive, Brightpath Park, Fresno, AL, 21167	USA
S2-006898	Lanternn Trading Limited	335 Cobalt Street, Kochi, Kerala	IN
S2-001959	Bluepeak Services Incorporated	390 OOrchid Drive Maplecrest Park Austin	United States
S2-005596	Ironwood P Ltd	Ravenwood Street, Coimbatore, Rajashan, 967943	India
S2-004756	Juniper Vertex Logistics Corp	26 Harbor St Tacoma WA 53809	US
S2-009196	Silverline Textiles Icorporated	323 Falcon Boulevard, Goldleaf Park, Tacoma, OH, 98839	US
S2-004996	Juniper, Fabrics and SonsPrivate Limited	95 Cobalt Marg, Ravenwood Nagar, Indore, 502306	India
S2-006547	Maplecrest Soluitons	152 Meridian Cross, Near SBI ATM, Meridian Nagar, Surat, 833467	IN
S2-002914	Apex Fabrics	116 Silverline Marg, Surat, Maharashtra	India
S2-004169	Brightpath Foods Incorporated	121 Meridian Ave, Maplecrest Park, Akroon, WA, 34852	US
S2-005513	Meridian Onyx Company	38/64 Onyx Blvd, Thistle Park, Akron	United States
S2-001662	Orchid Motors Pvt Ltd	128 Summit Rd, Silverline Nagar, 342882, Nagpur	India
S2-004266	Maplecrest Private Lmited	264 Silverline Mn, Summit Nagar, Kochi, Gujarat, 346502	IN
S2-002526	Vrtex & Sons P Ltd	Goldleaf Mn, Summit Nagar, Near Metro Pillar 42, Coimbatore, Maharashtra	IN
S2-006035	Redwood	Bluepeak Avenue, Harbor Park, Austin, AL, 58939	United States
S2-000813	Juuniper Industries & Sons Limited	Near SBI ATM, 152 Redwood St, Brightpath Nagar, Pune, Tamil Nadu, 545705	India
S2-006910	Kestrel Electriicals Company	194 Brightpath Street, Summit Park, Opp. City Library, Akron, 86820	USA
S2-003219	Brightpath Ravenwood Foods LLC	45 Northgate Drive,Stonebridge Park, Akron, TX, 65399	United States
S2-007226	Bluepeak Foods Company	Silverline Road, Near Exit 14, Northgate Park, Akron, TX, 83808	US
S2-003544	Stonebridge aPckaging Ltd	Northgate Crs, Kochi, Maharashtra	IN
S2-003773	Maplecrest Trading Limited	63 Clearwater Road, Indore, 611722	IN
S2-002837	Vertex Enterprises Private Limited	221 Quarry Street Sunstone Nagar Gujarat 288489 Surat	India
S2-006464	Onyx Limited Liability Company	Juniper Road, Vertex Park, Austin	USA
S2-006076	Falcon Services	27/30 Summit Boulevard, Stonebridge Park, Peoria	United States
S2-007311	Kestrel Services P Ltd	33 Meridian Mn Coimbatore Maharashtra 735606	IN
S2-006839	Golldleaf Kestrel P Ltd	279  Meridian Rd Northgate Nagar Coimbatore 346264	IN
S2-008966	Goldleaf Solutions & Sons Incorporated	183 Vertex Rd, Akron, WA, 99855	United States
S2-007768	Juniper Meridian Packaging & Sons Ltd	274 Thistle Main, Jaipur, 376674	India
S2-002390	Stonebridge oods Ltd	369 Northgate Mn Kochi Gjarat	IN
S2-008886	Redwood Textiles PvtL td	Falcon Marg, Pune, MP, 364479	India
S2-002877	Redwood Packaging Inc	334 Apex Drive, Silverline Park, Lubbock, TX, 50802	US
S2-000268	Harbor Chemicals Private iLmited	Near SBI ATM, 224 Brightpath Crs, Coimbatore, Kerala, 117137	India
S2-003512	Maplecrest Kestrel Trading	353 Vertex Marg, Meridian Nagar, Kochi, 597494, Maharashtra	India
S2-008717	Northgate P Ltd	13 Thistle Main Harbor Nagar Pune Gujarat	IN
S2-007691	Maplecrest Cheicals Inc	351 Maplecrest Street, Stonebridge Park, Austin, IL, 33836	USA
S2-006119	Vertex Sunstoen Packaging	53 Orchid Rd, Redwood Park, Fresno, WA, 80973	USA
S2-006933	Kestrel, Pvt Ltd	64 Ravenwood Marg, Juniper Nagar, Behind Ganesh Temple, Kochi, Maharashtra, 444837	India
S2-002583	Bluepeak Consultancy Limited	63 Cobalt Mn, Kochi, Maharashtra, 959060	India
S2-000711	Juniper Service sCo	299 Maplecrest Dr, Vertex Park, Peoria, OH	USA
S2-006291	Redwoo Corporation	30/49 Onyx Drive, Austin, 29519, Near Exit 14	United States
S2-007927	Kestrel, Fabrics Crop	Juniper Main Meridian Nagar Kochi 954606	United States
S2-003299	Meridian, Chemicals Private Limited	261 Vertex Crs, Sunstone Nagar, Coimbatore, Rajasthan	IN
S2-002350	Meridian Consultancy Priivate Limited	320 Maplecrest Street, Quarry Nagar, Surat, Kerala, 470619	India
S2-000472	Thiistle Sollutions Private Limited	184 Redwood Rd, Summit Nagar, Kochi, Kerala	India
S2-001646	Ravenwood Industries	8 Stonebridge Avenue, Opp. City Library, Maplecrest Park, Fresno, IL, 25561	United States
S2-007259	Juniper, LLimited	324 Vertex Rd Cobalt Nagar Coimbatore Maharashtra 655339	IN
S2-007483	Gooldleaf Summit Electricals	391 Bluepeak Street Stonebridge Nagar Pune	United States
S2-000192	Redwood Chemicals Corpooration	107 Summit St, Austin, TX, 15293, Vertex Park	USA
S2-008187	Lantern, Kestrel Electricals Limited Liability Company	326 Onyx Cross, Brightath Nagar, Indore, Rajasthan	USA
S2-002622	Ironwood Stonebridge Fabrics Private Limited	132 Harbor Marg, Near SBI ATM, Kestrel Nagar, Jaipur, 197726	India
S2-002178	Harbor Fabrics Inc	192 Juniper Boulevard, Opp. City Library, Rewdood Park, Fresno	USA
S2-009220	Sunstone Enterprises Corp	340 Harbor Drive, Akron, CA, 60754	USA
S2-004690	Harbo Co	362 Brightpath St, Ravenwood Park, Mobile, OH, 78024	United States
S2-002539	Goldleaf Orchiid Solutions P Ltd	382 Kestrel St, Juniper Nagar, Coimbatore MP, 399727	IN
S2-003862	Onyx Goldlaaf Electricals	107 Kestrel Drive, Lubbock, WA, 51998	USA
S2-002306	Cobalt Electricls	376 Stonebridge Ave, Sunstone Park, TX, 56291, Fresno	United States
S2-000459	Vertex Packaging Pvt Ltd	168 Thistle Street Quarry Nagar Opp. Bus Depot Pune Gujarat 933192	IN
S2-003327	Summit Trading LLC	335 Bluepeak Rd, Tacoma	USA
S2-005876	Redwood Electricals	38/77 Kestrel Rd, Near Metro Pillar 42, Redwood Nagar, Kochi, 780595	India
S2-000053	Lantern Foods & Sons Limited Liability Company	274 Thistle Blvd Vertex Park Peoria WA 99773	United States
S2-001220	Ravenwood Electrials Private Limited	Behind Ganesh Temple 232 Onyx St Lantern Nagar Jaipur 819243	IN
S2-003281	Silverline Systems Incorporated	Opp. City Library, 29 Goldleaf Dr, Cobalt Park, Lubbock, CA, 38624	United States
S2-004701	Stonebridge Ironwood Solutions Limited	26/84 Silverline Main Behind Ganesh Temple Quarry Nagar Coimbatore	India
S2-008416	Brightpath, Bulepeak Motors	Northgate Ave, Goldleaf Park, Akron, CA	USA
S2-002135	Sunstone Cheimcals P Ltd	324 Vertex Rd, Cobalt Nagar, Coimbatore, 655339	IN
S2-009020	Redwood Servicess and Sons Private Limited	Brightpath Nagar ,Indore, Maharashtra, 122 Ironwood Marg	India
S2-002145	Harbor Foods CCorp	30 Thistle Road Fresno AL 72141	United States
S2-003693	Apex and Sons LLC	Austin, 25833, 296 Stonebridge St	USA
S2-000265	Ironwood, Stonebridge Systems Pvtt Ltd	157 Thistle Rd, Harbor Nagar, Jaipur	IN
S2-004319	Clearwater Sunstone Electricals Incorporatd	60 Cobalt Ave, Harbor Park, Fresno, AL, 60432	USA
S2-004713	MeridianEnterprises Ltd	340 Juniper Road Orchid Nagar Pune 424348	IN
S2-009113	Packaging, Summit iLmited	95 Northgate Road, Jaipur, Maharashtra, 148936	IN
S2-005022	Maplecrest Industries Pvt Ltd	382 Northgate Crs, Juniper Nagar, Coimbatore, 635178	IN
S2-003915	Kesrel Limited	90 Sunstone Mn, Haror Nagar, Indore, Gujarat	IN
S2-008828	Vertexx ertex	17/89 Northgate Road, Stonebridge Park, Lubbock, AL	US
S2-009138	Juniper Trading Private Limiited	1/60 Vertex Dr, Onyx Park, Austin	IN
S2-003307	Stonebridge, Raenwood	338 Bluepeak St, Near SBI ATM, Apex Nagar, Coimbatore, MP	India
S2-004461	Haror Motors and Sons	273 Onyx Avenue, Harbor Park, Tacoma, 41481	US
S2-007680	Maplecrest Solutions Limited	326 Kestrel Street, Harbor aNgar, Jaipur, 510189	India
S2-006331	Ironwood Foods Ltd	245 Falcon Mn, Northgate Nagar, Surat	IN
S2-007910	Lanterrn and Sons P Ltd	32 Vertex Dr, Near Exit 14, Lubbock, AL, 50354	IN
S2-002636	Maplecrest Ravenwood Fabrics  Sons Ltd	97 Cobalt Street, Ravenwood Nagar, Coimbatore, Tamil Nadu, 102939	India
S2-008204	Meridian Fabrics Corp	226 Silverline Rd, Akron, MP, 145639	IN
S2-005044	Orchid Electricals	76 Quarry Drive,, Silverline Park, Lubbock, AL, 78327	United States
S2-005436	Sumimt Foods	Opp. City Library, 110 Maplecrest St, Akron, 50993, Vertex Park	US
S2-006997	Meridian LLC	5 Harbor Mn, Behind Ganesh Temple, Vertex Nagar, Surat, Rajasthan, 149509	US
S2-001044	Ravenwood Industriess & Sons Co	391 Thistle Drive, Onyx Park, AL, Peoria	USA
S2-000068	Brihtpath LLC	26/51 Ravenwood Road, Orchid Park, Peoria, 29077	US
S2-001677	Thistle, Chemicals Privatee Limited	124 Brightpath St, Meridian Nagar, Coimbatore, Kerala	India
S2-000381	Northgat Vertex Logistics	Behind the Civic Center 99 Summit Ave Lantern Park Mobile	USA
S2-008599	Brightpah P Ltd	138 Onyx St, Coimbatore, Kerala, 771894	IN
S2-001008	Thistle Company	Behind the Civic Center, 256 Apex Rd, Summit Park, Tacoma	US
S2-006605	Silverline Trading	21 Bluepeak Rd, Harbor Nagar, Surat, Gujarat, 665689	IN
S2-007672	Northagte Motosr	380 Vertex Rd, Kochi, CA, Quarry Park	United States
S2-006995	Juniper Foods Limited	Silverline Mn, Near Metro Pillar 42, Thistle Nagar, Jaipur, Kerala	IN
S2-001062	Harbor Foods Corporation	Goldleaf Street, Cobalt Park, Lubbock, OH	US
S2-002627	Orchid Chemicas Company	Near Exit 14, 231 Goldleaf Boulevard, Meridian Park, Fresno, AL	US
S2-001790	Meridian Services Limited Liability Company	Falcon Boulevard, Vertex Park, Lubbock, IL, 26677	US
S2-000313	Ravenwood Industris Co	Behind the Civic Center, 173 Stonebridge Ave, Juniper Park, Austin, OH, 75098	USA
S2-000437	Clearwater Chemicals Corproation	392 Bluepeak Boulevard, Sunston ePark, Fresno	United States
S2-001334	Onyx, Textiles Limited	Summit Nagar Opp. Bus Depot Kochi 87 Maplecrest Road	India
S2-000828	Thistle Chemicals Pvt Lttd	337 Apex Mn, Clearwater Nagar, Pune, Gujara,t 539003	India
S2-003765	Oynx Serrvices	254 Thistle St Vertex Park Peoria TX 24645	USA
S2-006621	Kestrel & Snos	311 Apex Main, Surat, 908255	India
S2-009067	Silverline Orchid Trading Co	32 Kestrel Dr, Stonebridge Park, Fresno, 49358	US
S2-004533	Sunstone Systems Cororation	268 Juniper Blvd, Orchid Park, Lubbock, 42004	US
S2-002861	Sunstone Chemicals	199 Ironwood Marg, Jaipur, Rajasthan, 427970	IN
S2-004623	Ravenwodo P Ltd	108 Ravenwood Marg, Nagpur, Kerala	India
S2-001301	Orchid Innc	319 Brghtpath Rd, Tacoma, WA	USA
S2-008693	Cobalt rading	Near SBI ATM, 330 Kestrel Mn, Quarry Nagar, Kochi, MP, 547477	IN
S2-006244	Ravenwood Foods	176 Redwood Avenue, Thistle Park, Austin, OH, 25599	USA
S2-008634	Quarryy Consultancy Co	2436 Maplecrest Blvd Apex Park Mobile TX 40465	USA
S2-002693	Ravenwood oMtros Co	Opp. City Library 258 Northgate Blvd Maplecrest Park Mobile 10783	USA
S2-007933	Quarry Quarry MMotors Inc	Harbor Dr, Falcon Park, Mobile, AL	United States
S2-005800	Ironwood Systems & Sons Corporation	132 Thistle Dr, Akron	USA
S2-002505	Northgate Orchid Chemicals	4 Kestrel vAenue, Maplecrest Park, Tacoma, 41480	USA
S2-001503	Verttex	326 Thistle Road, Sunstone Park, Austin	USA
S2-000809	Summit  Textiles Pvt Ltd	33/84 Ravenwood Rd, Pune, 316463	India
S2-005301	Sunstone Brightpatth Fabrics	183 Cobalt Cross, Juniper Nagar, Pune, Gujarat, 410784	India
S2-000003	Silverline Bluepeak Chemicals P Ltd	306 Harbor Street ,Falcon Nagar, Surat, 372769	IN
S2-008321	Juniper, Maplecrest Limited	292 Apex Rd, Onyx Park, Nagpur, 44078	US
S2-003365	GoldleafElectricals Inc	11 Bluepeak Dr, Akron	US
S2-006512	Sunstone  Company	217 Vertex Avenue Bluepeak Park Peoria CA 93264	United States
S2-009292	Silverline, Services Private Limited	390 Brightpath Marg, Orchid Nagar, Surat,Kerala	India
S2-000462	Bluepeak Orchid Enterprises P Ltd	124 Vertex Marg,M aplecrest Nagar, Coimbatore, 488808	IN
S2-005937	Enterprises Northgate P Ltd	96 Lantern Rd Stonebridge Nagar Nagpur Maharashtra	India
S2-004224	Stoneridge, Chemicals Company	Orchid Boulevard, Ironwood Park, 25653, Akron	US
S2-002480	Maplecrest Motors PP Ltd	394 Juniper Cross Stonebridge Nagar Coimbatore 520432	India
S2-000726	Quarry Systems Icnorporated	Kestre Ave, TX, 48905, Peoria	USA
S2-003508	Quarry Foods Inc	136 Northgate Avenue, Harbor Park, Mobile, TX	USA
S2-002464	Ravenwood  Services Limited	94 Maplecrest Cross, Onyx Nagar, Nagpur, Gujarat, 818596	India
S2-002226	Qurary Motors Limited	Behind Ganesh Temple, 177 Northgate Rd, Vertex Nagar, Pune, Kerala	IN
S2-009264	Chemicals Kesttrel Private Limited	109 Stonebrridge Blvd, Clearwater Park, Jaipur, CA, 42875	US
S2-007454	Ravenwood Syystems Inc	332 Quarry Drive, Akron, 41126	US
S2-001459	Juniper Soluttions & Sons	267 Summit Cross, Lantern Nagar, Coimbatore, Maharashtra	India
S2-007432	Maplcrest Kestre Consultancy Pvt Ltd	354 Clearwater Marg, Silverline Nagar, Surat, MP, 454806	IN
S2-000520	Ironwood Summit Solutions	245 Lantern Road, Indore, Maharashtra, 717070, Clearwater Nagar	IN
S2-001157	Harbr Sunstone Private Limited	234 Brightpath Cross Surat Maharashtra 949026	IN
S2-003009	Thistle Summit Fabrics & Sons	380 Silverline Marg, Indore, Rajasthan	IN
S2-000215	Ironwood Bluepeak Fabrics Private Limited	199 Ironwood Mn, Silverline Nagar, 917883, Kochi	India
S2-004622	Lantern Fabrics Pvt Ltd	26 Cobalt Main Juniper Nagar Jaipur MP 725553	IN
S2-006653	Thistle LLC	21 Lantern Boulevard, Thistle Park, Peoria, WA, 91773	United States
S2-009031	Goldleaf Industries Pvt Ltd	168 Silverline Rd, Behind the Civic Center, Lantern Park, Tacoma, OH	India
S2-005008	Enterpriss Brightpath Corporation	Opp. City Library 365 Summit Avenue Austin CA	United States
S2-000732	Falcon Fabrics Limited	126 Summit Cross, Kestrel Nagar, Indore, Gujarat, 668304	IN
S2-004046	Clearrwater Packaging	20/72 Northgate Marg, Goldleaf Nagar, Indore	IN
S2-003317	Lantern Corporation	246 Thistle Drive, Austin, 24224	US
S2-000762	Clearwater Enterprises	304 Vertex Avenue Brightpath Park Tacoma 10966	USA
S2-008785	Goldlea fBrightpath eSrvices Private Limited	Redwood Park, Coimbatore, AL, 56167, 47 Apex Rd	USA
S2-001571	Orchid Electicals Pvt Ltd	324 Harbor Cross, Juniper Nagar, Indore, 917755	India
S2-008691	Ravenwood Motors Company	4 Northgate Avenue Behind the Civic Center Ironwood Park Austin TX 62409	USA
S2-003688	Vertex Ironwood Trading Pvt Ltd	355 Sunstone Rd, Harbor Nagar, Jaipur, 524430	IN
S2-003892	Goldleaf Electricals P Ltd	170 Cobalt Street, Indore, 268909	India
S2-003110	Sunstone, Sunstone Fabrics and Sons Company	Lantern Dr, Juniper Park, Austin	US
S2-002987	Ravenwood Sunstone Services Incorporated	17 Bluepeak Drive, Silverline Park, Tacoma	US
S2-004077	Ravenwood Harbor Systesm Private Limited	358 Silverline St, Pune, Kerala, 752903	IN
S2-001390	Harbor Solutions & Soons	Behind Ganesh Temple, Onyx Rd, Coimbatore, Kerala, 985966	India
S2-002602	Clearwater, Foods P Ltd	184 Lantern Cross, Surat, 278782	IN
S2-000800	Apex Services Inc	362 Northgate Street, Stonebridge Pak, Peoria, WA	United States
S2-004530	Summmit Foods P Ltd	374 Orchid Street, Cobalt Nagar, Indore, 699978	India
S2-006406	Cobalt Trading and  Sons	151 Summit Rd Behind the Civic Center Tacoma Stonebridge Park	USA
S2-007296	Clearwater EEnterprises	245 Goldleaf Cross, Stonebridge Nagar, Jaipur, 589611	India
S2-004468	Cobalt Limited Liabilit yCompany	111 Stonebridge Rd, Onyx Park, Lubbock, IL, 63809	United States
S2-007908	Vertex Enterprises Limited	188 Quarry Street, Falcon Nagar, Nagpur, 450411	IN
S2-008734	Cobbalt, Sunstone Trading	216 Goldleaf Main, Northgate Nagar, Coimbatore, MP, 283107	United States
S2-004913	Ravenwood, Foods Falcon Corp	399 Kestrel St Opp. City ibrary Cobalt Park Fresno WA	United States
S2-005048	Brightpah Consutlancy and Sons	Near SBI ATM, 31/40 Lantern Marg, Cobalt Nagar, Nagpur, Tamil Nadu	India
S2-004551	Foods, Vertex Co	363 Maplecrest Avenue, Lantern Park, Mobile, CA, 92399	United States
S2-008740	Falcon,  Thistle Services  LLC	32 5Lantern St, Falcon Park, Fresno, AL	USA
S2-008615	Cobalt EElectricals	156 Summit Blvd Mobile TX 14057	USA
S2-000101	Veertex, LLC	28/67 Summit Boulevard, Ravenwood Pakr, Near Exit 14, Tacoma, AL	USA
S2-001678	Kestrel Foods & Sons LLC	Opp. City Library, 27/31 Apex Ave, Summit Park, Tacoma	USA
S2-008330	Bluepeak, Foods Limited	107 Kestrel Main, Coimbatore, Gujarat, 77275, Lantern Nagar	IN
S2-005960	Orchid	20/63 Thistle Mn, Cobalt Nagar, Opp. Bus Depot, Naggpur, Maharashtra	India
S2-006041	Meridian Goldlef Systems Limited	16/36 Kestrel Cross, Brightpath Nagar, Nagpur, 312177	India
S2-004441	Thistle Industries Inc	325 Ravenwood Street, Redwood Park, Austin, 23663	US
S2-007907	Goldleaf Packging Private Limited	257 Sunstone  Cross, Vertex Nagar, Kerala, Nagpur	India
S2-005071	Onyx Foosd	Austin, CA, Falcon Blvd	USA
S2-003126	Falcon Bluepeak Fabrics Limitedd Liability Company	358 Orchid St Cobalt Park Mobile 92781	United States
S2-009156	Meridin	192 Maplecrest Blvd, Redwood Park, Tacoma	US
S2-004278	Summit Industries P Ltd	202 Silverline Main Behind Ganesh Temple Meridian Nagar Indore Kerala	India
S2-006822	NorrthgateTrading Private Limited	Opp. Bus Depot 312 Juniper Main Bluepeak Nagar Kochi Kerala 443919	India
S2-003448	Redwood Systems Corp	Opp. City Library, 338 Cobalt Ave, Tacoma, AL	US
S2-005268	Harbor Textiles Pvt Ltd	187 Vertex St, Cobalt Nagar, Nagpur, 494343	IN
S2-000499	Clearwater Apex Solutionns LLC	233 Summit Ave, Mobile, WA, 63392, Cbalt Park	United States
S2-008408	Northgate Electricals Incorporated	361 Apex Dr, Harbor Park, Peoria, AL, 72693	USA
S2-005024	Northgate Foods Private Limited	166 Clearwater Mn, Onyx Nagar, Surat, Tamil Nadu	India
S2-000667	Brightpath Vertex Elcetricals Corp	Near Exit 14, 121 Vertex Boulevard, Silverline Park, Austin, 28024	US
S2-003514	Northgate, Co	175 Lantern Ave, Harbor Park, Peoia	United States
S2-001482	Northgate StonebridgeC onsultancy Pvt Ltd	315 Silverline Street Summit Nagar Coimbatore Maharashtra	IN
S2-003442	Vertex Kestrel and Sons	135 Silverline St, Thistle Nagar, Opp. Bus Depot, Indore, Kerala, 731625	India
S2-001226	RedwoodS loutions	Silverlline Street, Harbor Park, Mobile, AL, 84352	USA
S2-004800	Ironwood  Vertex Logistics	Near Exit 14, Lantern St, Tacoma, TX	USA
S2-001099	Meridian, Fabrics and Sons Private Limitd	275 Juniper Marg, Near SBI ATM, Clearwater Nagar, Kochi, Maharashtra, 916674	IN
S2-009142	Vertex Lantern Limited Liability Company	351 Onyx Avenue, Peoria, IL, 49628	United States
S2-000054	Meridian Foods & Sons Private Limited	Ravenwood Street, Quarry Nagar, Kochi, MP	India
S2-001759	Brightpath Lantern Enterprises Company	166 Brightpath Avenue, Juniper Park, Lubbock, TX	US
S2-006837	Packaging, Bluepeak Corporation	Redwood Ae, Akron, WA, 29529	United States
S2-009302	Stonebridge Vertex Foods Inc	218 Falcon Street, Apex Park, Near Exit 14, Austin, TX, 82862	US
S2-003200	Cobalt & Sons Limited	390 Juniper Road, Brightpath Nagar, Pune	India
S2-001171	Quarry Trading Private Limited	383 Meridian Marg, Onyx Nagar, Near SBI ATM, Surat, MP, 263698	IN
S2-004674	Bluepeak Industries Private Limited	Near SBI ATM 136 Falcon Marg Surat Kerala 482738	IN
S2-004362	Apex Services IInc	280 Onyx Blvd, Peoria, WA, 77329	United States
S2-001356	Apex Systems LLC	123 Ravenwood Drive, Juniper Park, Peoria, 10521	US
S2-008689	Clearwater Chemicals CCo	171 Sunstone Cross Cobalt Nagar Kochi MP 540177	United States
S2-005662	Sumit Pvt Ltd	Northgate Crs Redwood Nagar Kochi	IN
S2-006409	Quarry Lantern Fabrics	80 Thistle Road Mobile CA 45780	US
S2-002735	Redwood Ironwood Trading and Sons Icnorporated	37 Thistle Ave, Harbor Park, Akron, 56964	US
S2-007343	Stonebridge Industries and Son Corp	281 Falcon Dr Lubbock	US
S2-006568	Kestrel Silverline Pvt td	324 Falcon St, Harbor Nagar, Indore, Tamil Nadu	India
S2-002829	Brighpath Electricals and Sons P Ltd	274 Apex Main, Cobalt Nagar, Indore, 361180	India
S2-003265	Juniper Chemicals Incorporated	205 Orchid Blvd, Bluepeak Park, Mobile, 82080	United States
S2-005896	Cobalt Enterrises Corp	172 Vertex Road Summit Park Lubbock CA 66141	United States
S2-008332	Maplecrest Electricals and  Sons Company	154  Falcon Cross, Jaipur	US
S2-002371	Apex Textille & Sons	237 Silverline Road, Quarry Nagar, Kochi, Rajasthan, 974381	IN
S2-007978	Orchhid	211 Brightpath Main, Clearwate Nagar, Indore, Kerala, 733005	India
S2-004411	Brightpath	Behind the Civic Center, Fresno, TX, 50919, 264 Silverline Street	US
S2-004898	Ksetrel Consultancy Incorporated	313 Lantern Street, Northgate Park, Lubbock, CA, 37175	US
S2-006271	Goldleaf & Sons Private Limited	286 learwater Crs Meridian Nagar Kochi	India
S2-002096	Onyx Packaging Private Limited	Brightpath St, Jaipu,r Rajasthan, 136933	IN
S2-005928	Silverline Textiles Limited	Behind Ganesh Temple, 35/38 Silverline Rd, Clearwater Nagar, Jaipur, 489751	IN
S2-005344	Falcon Logistics P Ltd	Behind Ganesh Temple 216 Maplecrest Crs Surat Maharashtra	IN
S2-002983	Foods Orchid Private Limited	Kestrel Main, Cobalt Nagar, Jaipur, Gujarat	IN
S2-007249	Redwood Enterprises and Sons Cmpany	Juniper Boulevard, Opp. City Library, Falcon Park, Akron, WA	USA
S2-005455	Maplecrestt Systems	283 Onyx Drive Apex Park Austin OH 44387	US
S2-000414	Stonebridge Cobalt Systems Corp	28 Ironwood Blvd, Northgate Park, 31145, Lubbock	US
S2-001428	Thistle Onyx Services & Sons	Near Metro Pillar 42 292 Goldleaf Marg Pune Rajasthan 928677	IN
S2-006874	Falconn Foods Corporation	Near Exit 14, 248 Ravenwood Ave, Goldleaf Park, Tacoma	USA
S2-007455	Ravenwood Maplecrestt Enterprises & Sons	Opp. City Library, 280 Northgate Boulevard, Falcon Park, Fresno, 87440	United States
S2-006245	Stonebridge Motors	320 Bluepeak Main, Meridian Nagar, Pune	IN
S2-003024	Stonerbidge Trading Private Limited	14/84 Cobalt Street, Falcon Nagar, Surat, Tamil Nadu	India
S2-001866	Thistle Ltd	23/81 Vertex Crs, Falcon Nagar, Jaipur	IN
S2-005211	Ironwood Chemicals	172 Maplecrest Marg,Ironwood Nagar, Pune	India
S2-005625	Logistics, rPivate LLimited	187 Maplecrest Rd, Ravenwood Nagar, Pune, 584567, Rajasthan	India
S2-001496	Silvveline Co	Vertex Blvd, Cobatl Park, Lubbock, IL, 33668	US
S2-005180	Stonebridge Indsutries Incorporated	55 Summit Avenue, Behind the Civic Center, Quarry Parkk, Akron, AL, 44188	USA
S2-002097	Packaging Onyx Private Limited	254 Ravenwood Marg, Nagpur, Kerala, Cobalt Nagar	IN
S2-001827	Clearwater Electricals & Sons P Ltd	Near SBI ATM, 311 Brightpath Road, Onyx Nagar, Jaipur, Tamil Nadu	India
S2-001725	Goldleaf Limited	182 Silverline Cross Brightpath Nagar Pune 511189 Kerala	IN
S2-000028	Falcon Logistics Inc	108 Redwood Rd, Brightpath Park, Akron, IL, 36481	US
S2-005279	Stonebridge Entrreprises and Sons Limited	169 Silverline St, Ironwood Nagar, Nagpur, Kerala	IN
S2-004298	Aex Chemiclas Ltd	349 Cobalt Crs, Summit Nagar, Surat, MP, 658880	India
S2-008282	Quarry Solutions Privaet Limited	15 Northgate Crs, Pune	India
S2-008794	Quarry, Vertex Systems Ltd	234 Lantern Blvd Quarry Park Surat WA 67566	USA
S2-004067	Juniper ChemicalsCorp	285 Thistle DrI ronwood Park Akron CA	US
S2-008105	OrchidLLC	75 Orchid Street, Redwood Park, Fresno, 83499	USA
S2-000887	Meridian, Cosnultancy & Sons	177 Cobalt Mn, Harbor Nagar, Kochi, 304898	IN
S2-006753	Bluepeak, Clearwater Electricals Limited	227 Kestrel Marg Nagpur	India
S2-001083	Electricals Bluepeak Pvt  Ltd	Kestrel Nagar, Nagpur, 499253, 30 Lanterrn Marg	India
S2-003542	Maplecrest NorthgateTrading Ltd	Onyx Nagar, Jaipur, Kerala, 920028, 287 Falcon St	IN
S2-002655	Sunstone Stonebridge Systems Pvt Ltd	Brightpath Nagar, Coimbatore, 286676, Falcon Marg	India
S2-004057	Redwod Systems Inc	239 Stonebridge Avenue Silverline Park Akron OH 78245	USA
S2-000065	Sunstone Fabrics P Ltd	170 Goldleaf Cross Ironwood Nagar Pune Tamil Nadu 562392	IN
S2-004669	Ravenwwood Fabrics LLC	39Ironwood Ave Peoria 57938	USA
S2-007791	Juniper Entterprises Private Limited	118 Kestrel Crs, Stonebridge Nagar, Coimbbatore, MP, 491351	India
S2-004034	Thistle Systems Privatee Limited	360 Maplecrest Marg, Coimbtore, Tamil Nadu	IN
S2-009278	Juniper Foods Co	204 Maplecrest Ave Cobalt Park Peoria IL 67143	United States
S2-001821	Maplecrest Motors Limited Liability Company	367 Juniper Blvd, Brightpath Park, Austin, CA	US
S2-004556	Bluepeak Thistle Trading Private Limited	98 Apex Cross, Coimbatore, Maharashtra	IN
S2-009216	Motors Goldleaf Meridian	168 Meridian Drive, Kestrel Park, Austin, 89152	United States
S2-006962	Thistle Summit Incorporated	44 Bluepeak Dr, Fresno, TX, 33394	United States
S2-004371	Trading Cobalt & Sons Ltd	67 Kestrel Road, Lantern Nagar, Jaipur, 113961	India
S2-009107	Apex, Electricals Coroprration	1/70 Clearwater Drive Behind the Civic Center Apex Park Mobile TX 59441	USA
S2-007862	Stonebridge Textiles	368 Harbor Road, Cobalt Park, Fresno, 92876	US
S2-001005	Northgate Limited	245 Stonebridge Cross Surat Maharashtra 738109	India
S2-000504	Lantern Foods Inc	20 Brightapth St Tacoma IL	USA
S2-001909	Silverline Foods P tLd	344 Summit MMarg, Harbor Nagar, Nagpur, 765492	India
S2-002454	Junpier, Juniper Consultancy Private Limited	295 Meridian St Apex Nagar Opp. Bus Depot Surat Rajasthan 543086	IN
S2-004361	Bluepeak Trading and Sons Limited	76 Orchid Crs, Brightpath Nagar, Jaipur, 685421	India
S2-007452	Thistle Industries Private Limited	64 Ravenwood Drive, Surat	US
S2-005356	Cleawater Foods P Ltd	242 Goldleaf Marg, Redwood Nagar, Indore, Tamil Nadu, 913065	India
S2-000245	Bluepeak NorthgaetS ervices	282 Northgate Ave Lubbock IL 35972	United States
S2-008337	Goldleaf Foods Pvt td	220 Vertex Crs, Stonebridge Nagar, Surat, Tamil Nadu, 540902	IN
S2-000988	Sunstone Corporation	335 Ravenwood Drive, Northgate Park, Fresno, 40309	United States
S2-001144	Stonerdige Services Inc	192 Orchid Ave, Thistle Park, Tacoma, 25485	United States
S2-003232	Goldleaf & Snos orp	92 Kestrel Blvd, Harbor Park, Opp. City Library, Peoria, 66736	USA
S2-005159	Northgate Electricals P Ltd	78 Lantern Rd, Indore	IN
S2-005745	Fabbrics Cobalt LLC	Meridian Rd, Bluepeak Park, Behind the Civic Center, Lubbock, AL, 77875	USA
S2-008193	Brightpath Norhgate Enterprises Ltd	Near SBI ATM 179 Sunstone St Northgate Nagar Nagpur Rajasthan 912927	IN
S2-005068	Maplecrest Limited	100 Silverline Main, Falcon Nagar, Surat, Gujarat, 736967	IN
S2-009129	Maplecrest Services	94 Orchid St Brightpath Park Mobile AL 71323	US
S2-009267	Thistle Electricals	361 Bluepeak Blvd, Opp. City Library, Brightpath Park, Jaipur	US
S2-005454	Northgate Foods Pvt Ltd	356 Meridian Marg, Juniper Nagar, Pune, Kerala, 317931	IN
S2-006485	Thistle Bluepak Chemicaals Limited	279 Orchid St, Ravenwood Nagar, Coimbatore, Kerala	IN
S2-003877	Ironwoodd Motors	338 Stonebridge Dr, Goldleaf Park,P eoria, AL, 80837	US
S2-007832	Cobalt Stonebridge Motors	Near Exit 14, 320 Quarry Boulevard, Peoria, CA	United States
S2-005811	Laantern, Logistics Co	233 Brightpath St, Onyx Park, Tacoma	US
S2-001972	Cobalt Quuarry Consultancy Private Limited	46 Bluepeak Rd Apex Nagar Nagpur MP 982513	IN
S2-005887	Maplecrest Foods	30/27 Ironwood Rd, Mobile, 22386, WA	USA
S2-002757	Quarry Ironwood Motors Ltd	21 Goldleaf Road, Northgate Nagar, Jaipur, 546680	IN
S2-000296	Apex Fabrics Liimted	Near Metro Pillar 42, 111 Quarry Cross, Orchid Nagar, Nagpur	IN
S2-004617	Northgate Cobalt Services Limite Liability Company	20/18 Silverline Blvd, Kestrel Park, Austin, 18432	USA
S2-002067	Northgate Enterprises Company	349 Bluepeak Boulevard, Peoria	United States
S2-008467	Lantern Foods and Sons Compay	384 Bluepeak Road, Mobile, OH	US
S2-003433	Bluepeak, Electricals Incorporated	26/39 Harbor Road Austin OH	USA
S2-008013	Enterprises Lantern Harbor Private Liimted	69 Northgate Mn, Opp. Bus Depot, Ironwood Nagar, Kochi, 941654	India
S2-001214	Ravenwood Corporatin	2 Bluepeak St, Opp. City Library, Harbor Park, Lubbock, WA, 87411	US
S2-005953	VertexS olutions Ltd	58 Silverline Cross Silverline Nagar Surat	IN
S2-004661	Bluepeak LLC	11 Clearwater Avenue, Opp. City Library, Goldleaf Park, Akron, OH	United States
S2-006828	Maplecrest Chemicals P Ltd	359 Quarry Rd, Kochi, Kerala	India
S2-008688	Thistle Juniper Corporation	Summit Dr Ironwood Park Austin AL	United States
S2-003309	Cobalt Packaging P Ld	Bluepeak Mn, Jaipur	India
S2-001321	Goldleaf, Enterprises Ltd	3112 Thistle Crs, Opp. Bus Depot, Meridian Nagar, Coimbatore, 879591	IN
S2-002324	Sunstone Orchid Foods & Sons Pvt Ltd	Behind Ganesh Temple 357 Onyx Maain Onyx Nagar Kochi Gujarat 644241	India
S2-005475	Stonebridge Textilles Pvt Ltd	71 Juniper Main Kestrel Nagar Indore Maharashtra	India
S2-007956	Northgate Textiles	44 Maplecrest Boulevard, Bluepeak Park, Near Exit 14, Tacoma, WA	US
S2-006732	Kestre lKestrel Industries Co	Harbor Dr Behind the Civic Center Stonebridge Park Tacoma IL 19381	USA
S2-000322	Cobalt, Cnsultancy LLC	2 Falcon Blvd, Orchid Park, Fresno, TX	US
S2-004481	Thistle Industries and Sons	Onyx Rd, Ironwood Nagar, Surat, Kreala, 333982	IN
S2-004154	Slverline Systesm	28/51 Summit Rd Silverline Nagar Behind Ganesh Temple Kochi Gujarat	IN
S2-004103	Stonebridge Corp	28/36 Northgate Rd, Fresno, 81753	United States
S2-002712	Verex Texttiles	21/52 Meridian Mn, Thistle Nagar, Surat, Rajasthan, 196577	India
S2-008959	Summit Traing	58 Apex Magr Falcon Nagar Surat Maharashtra 620408	IN
S2-007540	Goldleaf Systems Privat Limited	55 Clearwater Cross Indore 555834	IN
S2-007510	Ironwood Vertex Logistics Limited Liability Company	21/72 Quarry Boulevard Tacoma TX 62498 Thistle Park	USA
S2-002818	Maplecrest Motors	92 Vertex Marg, Nagpur	IN
S2-007389	Services Nrothgate Corp	66 Goldleaf Dr, Northgate Park, Lubbock, 36538	United States
S2-005703	Redwood Electricals	137 Lantern Drive Orchid Park Near Exit 14 Fresno CA	USA
S2-004332	Redwod Company	324 Maplecrest Ave, Onyx Park, Peoria	USA
S2-004923	Verte xElectricals Corp	338 Silverline Boulevard, Akron	USA
S2-003752	Kestrel Stonebridge & Son Co	102 Maplecrest Ave, Goldleaf Park, Akron, TX	USA
S2-004516	Ravenwood Textiles P Ltd	Near Metro Pillar 42, Brightpath Main, Onyx Nagar, Pune	India
S2-002629	Onyx, Falcon Textiles Limited	24 Maplecrest Marg, Redwood Nagar, Indore, Tamil NNadu	India
S2-004328	Lanetrn P td	141 Onyx Street Near Metro Pillar 42 Coimbatore Rajasthan	India
S2-008547	Falcon, SSystems	135 Sunstone Blvd Redwood Park CA 81988 Peoria	IN
S2-003349	Northgate Trading Private Limited	331 Maplecrest Crs, Apex Nagar, Jaipur, Gujarat, 518052	India
S2-008458	Silveline Fabrics	190 Sunstone St, Stonebridge Nagar, Near Metro Pillar 42, Coimbatore	India
S2-004975	Ironwood Textiles Private Limited	101 Northgate Cross Orchid Nagar Near Metro Pillar 42 Surat 751029	India
S2-007886	Clearwtaer Northgate Enterprises LLC	24 JJuniper Drive Akron WA	United States
S2-004650	Kestrel, Thistle Trading Company	162 Goldleaf Ave Bluepeak Park Austin AL	United States
S2-004425	Kestreel Maplecrest Foods Pvt Ltd	223 Meridian Main Orchid Nagar Gujarat Nagpur	India
S2-007175	Orchid Logistics Incorporated	136 Meridian Road, Kestrel Park, Peoria, TX, 43116	United States
S2-008430	Rvenwood, Foods and Sons Corporation	20/36 Stonebridge Street, Summit Park, Akron, WA, 12882	USA
S2-000832	Bluepeak Textiles Pvt Lttd	185 Clearwater Street Surat 191020	IN
S2-002753	Textiles Ravenwood LLC	85 Kestrel Boulevard, Lantern Park, Peoria, AL	United States
S2-007236	Coalt Solutions Pvt Ltd	213 Onyx Crs, Nagpur, Gujarat,  284879	India
S2-005120	Thistle Systems &S ons	365 SummitMn, Brightpath Nagar, Indore, MP, 394532	India
S2-008125	Meridian Logistics and Soons Inc	344 Cobalt Street, Akron, OH	United States
S2-001308	Brightpath Industries Pvt Ltd	158 Thistle Crs, Lantern Nagar, Surat, Maharashtra	IN
S2-007038	Ketsrel Company	378 Brightpath Avenue, Summit Park, Akron	USA
S2-006626	Maplecrest, Motors Liimited Liability Company	Near Exit 14, 332 Silveerline Boulevard, Peoria, IL	US
S2-005111	Ironwood Logistics Ldt	301 Goldleaf Rd, Quarry Nagar, Coimbatore, Kerala, 899934	India
S2-008712	Vertex Foods P Ltd	36 Thistle Dr, Kestrel Park, Fresno, CA, 72214	India
S2-000850	Vertex Consultancy	31/69 Silverline Rd, Northgate Nagar, Jaipur, Kerala, 659129	IN
S2-008106	Silverline Trading and Sons Private Limited	61 Juniper Marg, Juniperr Nagar, Indore, 245467	IN
S2-008396	Redowod Industries CCorp	180 Orchid Cross, Falcon Nagar, Austin, 543858	IN
S2-006788	Stonebridge Motors rPiavte Limited	12/89 Cobalt Main Maplecrest Nagar Kochi Maharashtra 956231	IN
S2-001133	Summit Solutions &  Sons Corp	75 Goldleaf Ave, Ironwood Park, AL, 42906, Tacoma	US
S2-002563	Juniper Stonebridge Foods Company	197 Maplecrest Avenue, Sunstone Park, Austin, IL, 9512	USA
S2-005069	Clearwater Industries Lantern Company	Lantern Boulevard, Sunstone Park, Tacoma, 51710	US
S2-006977	Apex Vertex Pvt Ltd	245 Goldleaf Cross Stonebridge Nagar Jaipur Gujarat 589611	India
S2-009355	Apex Summit PackagingP vt Ltd	Northgate Street Behind Ganesh Temple Orchid Nagar Pune Maharashtra 424321	India
S2-003829	Kestrel, Chemicals LLC	306 Kestrel Rd, Lubbock, AL, 24208	USA
S2-001283	Ironwood Solutions & Sons Inc	236 Ravenwood Drive, Lubbock, 78866	US
S2-005806	Lantern Solutinos Private Limited	154 Bluepeak Crs, Behind Ganesh Temple, Stonebridge Nagar, Nagpur, MP, 297838	India
S2-004497	Thistle Motors & Sons P Lttd	164 Orchid Marg,  Behind Ganesh Temple, Kestrel Nagar, Nagpur, Gujarat, 958863	India
S2-001712	Northgate and Sons Corporation	381 QQuarry Drive, Northgate Park, Austin	USA
S2-002500	Lantern Harbor Electricals & Sons td	302 Lantern Cross Surat Gujarat	India
S2-003547	Juniper Serivces Company	18/3 Ravenwood Avenue, Clearwater Park, Fresno, OH	US
S2-002141	Sunstone Packging Co	113 Orchid Road, Austin, CA, 56553	USA
S2-006786	Cobalt Enterprises	19/7 Kestrel Avenue, Onyx Park, Fresno	USA
S2-001782	Textiles Cobalt	29 Nrthgate Marg, Kochi, Tamil Nadu, 173619	IN
S2-005317	Meridian Enterprises Ltd	340 Orchid tS, Bluepeak Nagar, Kochi, Rajasthan	IN
S2-005203	Kestrel Textiles Company	318 Onyx Rd, Mobile, TX	US
S2-009124	Northgate, Harbor Chemicals Private Limitd	13 Brightpath Street, Falcon Park, Surat, AL	United States
S2-000373	Thistle Syystems	304 Cobalt Road, Falcon Park, Tacoma, 45906, WA	United States
S2-007442	Meridian Consultancy Corp	Brightpath Rd Vertex Park Tacoma TX	United States
S2-008078	Maplecrest Motors  Ltd	336 Goldleaf Cross Thistle Nagar Opp. Bus Depot Coimbatore Gujarat 604869	IN
S2-009277	Cobalt Motors Ltd	Cobalt Road, Indore, 736984	IN
S2-003186	Silverline  Solutions	337 Ironwood Rd, Austin, OH	US
S2-003506	Apex, Privae Limited	23/42 Northgate St, Vertex Nagar, Pune, Maharashtra, 621141	IN
S2-005738	Onyx Coropratino	321 Maplecrest Boulevard, Apex Park, Austin, AL, 47927	US
S2-004426	Lantern Trading PP Ltd	92 Ironwood Marg, Stonebridge Nagar, Pune	India
S2-001867	Thistle Systems and Snos Limited	23/81 Vertex Crs, Jaipur, Maharashtra, 1289967	India
S2-004153	Silverline System Private Limited	58 Maplecrest Crs Kestrel Nagar Surat Maharashtra	India
S2-002984	Harbor oC	220 Northgate Dr, Bluepeak Park, Akron, 75183	US
S2-000332	Ravenwood ogistics P Ltd	188 Ironwood Marg Onyx Nagar Pune Tamil Nadu 864650	India
S2-002080	Apex, Industries Inc	312 Apex Avenue, Vertex Park, Tacoma, AL, 38521	United States
S2-008234	Juniper Kestrel Consultancy	316 Falcon Road Tacoma 64031	United States
S2-002148	Textiles Private Limited	152 Orchid Cross, Clearwater Nagar, Kochi, Tamil Nadu, 570006	India
S2-002059	Summit, Co	130 Quarry Avenue, Northgate Park, Peoria, TX, 39022	USA
S2-007632	Maplecrest Logistics Ltd	329 Thistle Cross, Sunstone Nagar, Jaipur, Maharashtra	India
S2-000201	Lantern Solutions Private Liiteed	19 Juniper St, Bluepeak Nagr, Pune, 975406	India
S2-002854	Juniper olutions Inc	269 Redwood Road, Behind the Civic Center, Lubbock, WA, 38160	US
S2-006918	Lantern Textiles Ltd	46 Summit Road, Indore, 800459	India
S2-000965	Ravenwood Summit Motors and Sons Pvt Ltd	Onyx Rd, Bluepeak Nagar, Near Metro Pillar 42, Indore, Rajasthan, 823835	IN
S2-001416	Falcon, Onyx SSolutions Co	114 Stonebridge Ave 84335 Fresno	USA
S2-000359	Ironwood Cobalt Systems P Ltd	Northgate Marg, Vertex Nagar, Surat	IN
S2-001647	Goldleaf Ironwood Electrcals and Sons Company	278 Harbor Rd, Quarry Park, Fresno, WA, 30726	USA
S2-002905	Maplecrest Limited Liability CCompany	316 Redwood Drive, Onyx Park, Tacoma, IL, 84316	US
S2-006964	Goldleaf Fabrics Corp	182 Quarry Rd, Opp. City Library, Silverline Park, Peoria, 31475	US
S2-000000	Kestrel Services Ltd	156 Maplecrest St, Opp. Bus Depot, Nagpur	IN
S2-001731	Stonebridge Industries & Sons	28/59 Juniper Boulevard, Thistle Park, Lubbock, 60669	United States
S2-003128	Thistle, Ksetrel Textiles Pvt Ltd	105 Silverline St, Nagpur, Maharashtra, 361334	IN
S2-007941	Quarry Trading Inc	360 Summit Rd Kestrel Nagar Peoria Maharashtra 855806	India
S2-004510	Vrtex Packaging	264 Lantern St Cobalt Park Austin OH 91790	USA
S2-008294	Thistle Consultancy Corp	32 Kestrel Avenue, CA, 34087, Tacoma	United States
S2-001703	Cobalt, Electricals and Sons	273 Harbor Main, Thistle Nagar, Tamil Nadu, 929404, Jaipur	IN
S2-006685	Industries Summit Limited Liability Company	248 Rdewood Dr Mobile 81767	United States
S2-001070	Harbor Logistics Corporation	372 Juniper Avenue, Apex Park, Austin, WA, 85924	USA
S2-003686	Cobalt Limited	Nagpur Tamil Nadu 674154 120 Silverline Marg	India
S2-005647	Quarry Solutions	297 Orchid Dr Brightpath Park Mobile 29951 WA	United States
S2-002273	Cobal Summit Motors	338 Ironwood St, Clearwater Park, Fresno, 93998	US
S2-005076	Ravenwood Motors Limited	162 Bluepeak Road, Indore, Maharashtra, 914645	India
S2-000233	Thistle Thistle & Sons	48 Redwood Avenue, Cobalt Park, Peoria, AL, 12227	United States
S2-001599	Falcon Trading  Corp	Lantern Avenue Austin AL	USA
S2-004407	Brightpath Foods Inc	248 Silverline Drive, Clearwater Park, Austin, OH, 61943	US
S2-005006	Ironwood Motors Ltd	73 Falcon Main, Cobalt Nagar, Nagpur, Rajasthan, 631941	IN
S2-002581	Bluepeak Electricals & Sons Corp	Behind the Civic Center, 147 Quarry Ave, Brightpath Park, Fresno, CA, 20238	United States
S2-004747	Orchid Systems and Sons	Opp. City Library 385 Falcon Boulevard Falcon Park Akron IL 56052	US
S2-005630	Silverline, Systems Privae Limited	166 Lantern Marg, Redwood Nagar, Coimbatore, MP, 635111	India
S2-001906	Clearwater Logistics Corporation	115 Ironwood St, Goldleaf Park, Fresno, 81739	US
S2-000181	Maplecrest Chemicals Inc	358 Redwood St Brightpath Park Fresno 36211	United States
S2-000614	Lantern Fabrics Corporation	157 Juniper Avenue, Apex Park, Akron, AL, 16967	US
S2-000136	Quarry Textiles	Opp. City Library Ironwood Dr Austin 25616	USA
S2-005212	Cheemicals Ironwood & Soons Ltd	172 Maplecrest Marg, Ironwood Nagar, Pune	IN
S2-000271	Meridiaan Logistics Inc	231 Ironwood Rd, Maplecrest Park, Tacoma, 22931	USA
S2-002569	Maplecres Chemicls Corp	224 Vertex Drive, Onyx Park, Akron, AL, 95302	USA
S2-006173	Ravenwood Inc	299 Cobalt Avenue Thistle Park Austin OH 38164	United States
S2-003468	Ironwood Meridian P Ltd	329 Apex Main, Stonebridge Nagar, Pune, Rajasthan, 158825	IN
S2-006006	Ravenwood Ironwood Private Limited	139 Apex Street Opp. Bus Depot Meridian Nagar Indore Rajasthan	IN
S2-008048	Vretex Electricaals	387 Apex Drive, Ironwood Park, Peoria, OH	US
S2-006007	Motors Sumit & ons	352 Brightpath Dr, Lubbock, CA, 12408	US
S2-006072	Sunstone Fabrics and Sons	256 Maplcerest Drive Near Exit 14 Kestrel Park Fresno AL 54364	United States
S2-008262	Quarry Motors	201 Bluepeak Street, Vertex Park, Peoria, WA, 99294	US
S2-001454	Clearwater Ravenwood Elcetricals Company	Behind the Civic Center, 235 Silverline Rd, Goldleaf Park, Fresno, CA, 43245	US
S2-002902	Ironwood Logistics & Sons Private Limiteed	64 Silverline Main Coimbatore Rajasthan	IN
S2-003528	Orchdi Logistics	126 Apex Street, Lantern Park, Mobile, OH	United States
S2-004302	Clearwater Solutions Pvt Ltd	140 Lantern Rd Ironwood Nagar Kochi Maharashtra 859772	IN
S2-004208	Enterprises Redwood LLC	Cobalt Dr, Brightpath Park, Austin, 51705	United States
S2-000436	Falcon Redwood Fabrics Priivate Limited	26 Onyx Marg, Maplecrest Nagar, Nagpur, Rajasthan, 560795	India
S2-002997	Golleaf Onyx Icnorporated	153 Orchid Ave, Redwood Park, Akron, IL, 43812	United States
S2-000133	Northgate Ironwood and Sons LLC	52 Onyx Avenue, Ravenwood Park, Akron, IL	US
S2-003157	Maplecrest oods	Vrtex Nagar, Jaipur, 74 Ironwood Marg	IN
S2-003145	Redwood Brightpath Foods Corp	195 Ravenwood Boulevard, Behind the Civic Center, Ironwood Park, Fresno, WA, 66140	USA
S2-006639	Summit Chemcals Private Limited	12/86 Stonebridge Rd Coimbatore 354794	India
S2-005713	Goldleaf Textiles and Sons Ltd	11 Onyx Mn, Apex Nagar, Jaipur	India
S2-007269	Goldleaf Chemicals Private Limited	168 Cobalt Dr, Maplecrest Park, Mobile, 98985	IN
S2-000543	Summit Inc	11/15 Cobalt Rd Sunstone Park Lubbock 50617	US
S2-008901	Redwood Privtae Limited	373 Goldleaf Boulevard, Cobalt Park, Lubbock, 55217	IN
S2-007585	Ravenwood Packaging Pv Ltd	Stonebridge St Pune Tamil Nadu 145686	IN
S2-005502	Vertexx Goldleaf Solutions Ltd	Onyx Rd, Coimbatore, Tamil Nadu, 954107	IN
S2-003021	Silverline, Corporation	23/84 Thistle Avenue, Ravenwood Park, Peoria, 11626	USA
S2-006727	Cobalt Services & Sons Pvt Ltd	9 Falcon Cross Meridian Nagar Pune Maharashtra	India
S2-000517	Northgate Solutions	Brightpath Road, Austin, 39061	USA
S2-003995	Harbor Clearater Ltd	367 Silverline Marg Meridian Nagar Coimbatore	India
S2-008610	Meridian Private Limitted	Opp. Bus Depot Brightpath Nagar Coimbatore 247 Cobalt Marg	India
S2-002355	Ironwood, ServicesI ncorporated	Mobile, CA, 29866, 81 Lnatern Ave	USA
S2-005284	Brightpath Txetiles Incorporated	220 Harbor Blvd Bluepeak Park Tacoma 71265	United States
S2-001270	Falcon Stoneridge Electricals Limited	Behind Ganesh Temple, 16 Sunstone Marg, Maplecrest Nagar, Nagpur	India
S2-003770	Vertex Foods Stonebidge P Ltd	Vertex St, Kestrel Nagar, Coimbatore, Gujarat, 929248	IN
S2-000156	Meridian Foods P Lttd	277 Maplecrest Road, Goldleaf Nagar, Behind Ganesh Temple, Nagpur	IN
S2-003762	Meridian & SonsP rivate Limited	135 Kestrel Cross, Stonebridge Nagar, Surat, Kerala	IN
S2-004618	Bluepeak Ironwood Serrvice sPvt Ltd	233 Stonebridge Road, Nagpur, Maharashtra, 233682	IN
S2-003239	Clearwaater Chemicals	326 Thistle Main, Meridian Nagar, Indore, Tamil Nadu	India
S2-009176	Juniper Consultancy Private Limited	27 Kestrel Avenue, Akron, AL, 78586	IN
S2-003216	Goldleaf Coblt Packaging Limited Liability Company	315 Northgate Ave Juniper Park Lubbock 93709	USA
S2-001773	Redwood Textiles	69 Cobalt Dr Juniper Park Austin 47285	United States
S2-002352	Lanetrn Enterprises Inc	19 Bluepeak Boulevard, Austin, 96937	US
S2-003057	Apex Bluepeak LLC	Redwood Dr, Akron, CA	US
S2-008860	Harbor Consulltancy	32/84 Redwood Street, Near Exit 14, Maplecrest Park, Austin, 49183	USA
S2-003843	Summit Pvt Ltd	Behind Ganesh Temple, 186 Goldleaf Crs, Clearwater Nagar, Jaipur, Gujarat	IN
S2-001624	Clearwater Enterprises P Ltd	360 Orchid Street Cobalt Nagar Nagpur Maharashtra	India
S2-007412	Maplecrest Redwood Co	Behind the Civic Center, 280 Orchid St, Lubbock, IL	United States
S2-008539	Thistle Meridian Fabrics	Near Exit 14, 171 Falcon Rd, Tacoma, 37557	IN
S2-002123	Goldleaf Solutions Co	30 Falcon Road, Cobalt Park, Near Exit 14, Peoria, CA, 84221	United States
S2-004251	JuniperFalcon Foods	229 Redwood St, Ravenwood Park, Mobile, IL, 89540	United States
S2-000378	Maplecrest Logiistics and Sons Company	265 Falcon St, Falcon Park, Mobile, CA	United States
S2-008186	Summit Smmit Services Ltd	Meridian St, Clearwater Park, Kochi, AL, 25298	US
S2-001592	CobaltE nterprises	110 Apex Dr, Meridiann Park, Lubbock, IL, 43926	US
S2-002173	Northgate Silverline Logisitcs LLC	289 Sunstone Ave Orchid Park Akron IL 37438	US
S2-003886	Silverline Logistics Ltd	142 Clearwater Crs, Brightpath Nagar, Pune, 119253	India
S2-009146	Consultancy Quarr LLC	91 Apex Street, Maplecrest Nagar, 193390, Mobile	IN
S2-004303	Silverline	Peoria, OH, 71939, 375 Ravenwood Avenue	United States
S2-005899	Services Northgate Compaany	235 Vertex Street, Fresno, WA	USA
S2-007906	Brightpah Services	206 Silverline Crs Onyx Nagar Indore Maharashtra 933837	IN
S2-000047	Bluepeak Ic	Quarry Road, Lubbock	United States
S2-007772	Lantern Maplecrest P Ltd	396 Maplecrest Road, Rajathan, Jaipur	India
S2-008600	Kestrel CCo	347 Maplecrest St Fresno 60064	USA
S2-000509	Veertex, Textiles oCrp	179 Cobalt Boulevard, Goldleaf Park, Lubbock, CA, 65411	US
S2-005622	Apex Entrrpises Inc	Orchid Ave Peoria 84902	US
S2-008584	Maplecrest Packaging	223 Thistle Mn, Pune	India
S2-006414	Ravenwoood, Industries	188 Cobalt Mn Jaipur Tamil Nadu 558017	IN
S2-001494	Orchid Northhgate Industries	264 Bluepeak Rd Surat 545919 Rajasthan	IN
S2-006326	Redwood Chemicals Limited Liability Company	Sunstone Dr Meridian Park Behind the Civic Center Akron CA 75563	US
S2-005460	Txtiles Apex Northgatee P Ltd	249 Ironwood Road, Summit Nagar, Kochi	India
S2-003158	Clearwater Fabrics Company	36/60 Lanter nStreet, Austin	USA
S2-006048	Apex Thistle Logistics Inc	Near Exit 14, 348 Quarry Avenue, Juniper Park, Fresno, CA, 16255	USA
S2-009008	Systems Maplecrest Privtae Limited	274 Orchid Marg, Apex Nagar, Jaipur, Rajasthan, 920955	India
S2-000753	Falcon Summit Chemicals	Summit Prak, Austin, WA, 27337, 181 Cobalt St	US
S2-006480	Juniper Falcon Textiles	Brightpath Blvd Bluepeak Park Behind the Civic Center Austin 81004	United States
S2-003269	Coablt Industries Private Limited	232 Silverline Road Near SBII ATM Jaipur Gujarat	India
S2-003726	Motors Faacon Inc	Behind the Civic Center, Maplecrest Drive, Peoria, AL, 83183	USA
S2-007458	Kestrel Stonebridge P Ltd	188 Orchid Rd, Apex Park, Jaipur, AL, 49205	USA
S2-008685	Falcon, Maplecrest Private Limited	25 Lantern Main, Kestrel Nagar, Near Metro Pillar 42, Nagpur, 407961	IN
S2-004668	Ravenwood Fabrics Private Limited	Brightpath Marg, Silverline Nagar, Behind Ganesh Temple, Kerala, Nagpur	IN
S2-002575	Systems Quarry Limited	96 Clearwater Mn, Redwood Nagar, Jaipur, Rajastthan, 559438	India
S2-009006	Stonebridge Electricals Private Limited	57 Apex St Sunstone Nagar Surat Tamil Nadu 555328	India
S2-006120	Juniper Fabrics Limited Liabiity Company	122 Kestrel St, Fresno, 38149	US
S2-003147	Goldleaf Orchid Trading & Sos Ltd	272 Thistle St, Kestrel Nagar, Kochi, Tamil Nadu, 546041	India
S2-006031	Ravenood MotorsPvt Ltd	Maplecrest Marg, Apex Nagar, Jaipur, 607628	India
S2-004612	Apex Enterprises Private Limited	228 Thistle Main, Kochi, Kerala, 404483	IN
S2-007302	Onyx Corporation	29/45 Sunstone Blvd, Clearwater Park, Lubbock, IL, 63536	USA
S2-000175	Mpalecrest Cobalt Inc	3/777 Goldleaf Street Quarry Park Austin CA	US
S2-004444	Orchid Services Company	Maplecrest Drive, Mobile	USA
S2-003274	Summit	Redwood Park Austin IL 49 Summit Rd	USA
S2-003515	Foods Northgate	175 Lantern Avenue, Harbor Park, Peoria, H, 13858	USA
S2-003230	Meridian, IIndustries Private Limited	392 Sunstone Street, Northgate Nagar, Jaipur	India
S2-004123	Goldleaf Inc	189 Vertex Drive, Sunstone Park, Peoria, OH	United States
S2-008214	Bleupeak Chemicals LLC	178 Vertex Main Lantern Nagar Austin Kerala 959378	IN
S2-000990	Juniper Sunstone Solutions Pv tLtd	29 1Northgate Rd, Clearwater Nagar, Kochi, Kerala	IN
S2-009145	Apex Foods Limited	245 Lantern Rd, Peoria	IN
S2-000064	Sunstone Fabrics & Sons P Ltd	170 Goldleaf Cross, Ironwood Nagar, Pune,  Tamil Nadu, 562392	IN
S2-006871	Ironwood Meriddian	33/43 Kestrel Rd, Kestrel Park, Peoria, TX, 49447	US
S2-006784	Quarry Lantern Consultancy	Near Exit 14, 218 Sunstone Rd, Austin, TX, Ironwood Park	USA
S2-002469	Cobalt Fabrics Private Limited	Near SBI ATM, Redwood Rd, Cobalt Nagar, Jaipur, 858154, Gujarat	IN
S2-008705	Harbor Serrvices & Sons LLC	363 Bluepeak Rd, Peoria, 16275, OH	United States
S2-004597	Summit Consultancy and Sons Ltd	324 Clearwater Rd, Thistle agar, Jaipur, Gujarat, 127153	India
S2-005679	Ravenwood Motors & Sons Company	Behind the Civic Center 281 Lantern Avenue Lubbock 73748	US
S2-001326	Thistle Electricals Incorporaated	Sunstone St, Vertex Park, Peoria, IL, 44260	United States
S2-003980	Cobalt Packaging Private Limited	354 Northgate Crs, Quarry Nagar, Kochi, 123652	IN
S2-003423	Summitt Motors P Ltd	20/42 Northgate Main, Nagpur, Rajasthan, 988583	IN
S2-002689	Junpier Co	136 Stonebridge Drr, Juniper Park, Tacoma, CA	US
S2-006510	Vertex, Enterprises Company	223 Thistle Dr, Onyx Park, Mobile, AL	United States
S2-008541	Lantern and Sos Private Limited	363 Kestrel Marg, Northgate Nagar, Coimbatore	IN
S2-006989	Motos, Lanern & Sons	32 Brightpath Mn, Harbor Naga,r Jaipur, MP, 641573	India
S2-007333	Juniper Enterprises and Sons Corp	396 Apex St, Harbor Nagar, Kochi, Gujarat	USA
S2-000127	Onyx, Bluepeak Solutions and Sons orp	327 Onyx Avenue, Ironwood Park, Tacoma, CA	United States
S2-004334	Brightpat, Company	168 Cobalt Drive, Maplecrest Park, Mobile, WA, 98985	US
S2-001623	Sunstone Solutinos	205 Meridian Dr, Bluepeak Park, Mobile, WA, 74197	United States
S2-000263	Meridian Serviecs Ltd	Behind Ganesh Temple, 124 Kestrel Marg, Ironwood Nagar, Pune	India
S2-000304	Ravenwood Textiles and Sons Ltd	Brightpath Crs, Near Metro  Pillar 42, Stonebridge Nagar, Indore, 450158	IN
S2-006760	Maplecrest Textiles Co	278 Harbor Avenue, Redwood Park, Austin	United States
S2-003476	Packaging, Quarry Brightpath Incorporated	257 Northgate Drive, Apex Park, Austin, AL	United States
S2-004506	Orchid Services Limited	120 Brightpath Cross, Northgate Nagar, Jaipur, 285527	IN
S2-008323	Silverline Cheimcals & Sons Limited	231 Bluepeak Marg, Redwood Nagar, Kochi, Kerala	India
S2-007119	Apex Enterprises Private Limited	75 Falcon St, Coimbatore	India
S2-008097	Lanetrn Textiles Ltd	Lantern Ave, Sunstone Park, Indore, TX	US
S2-000512	Thistle Thistle Fabrics Private Limited	383 Brightpath Road, Indore, Rajasthan, 353199	India
S2-007231	Stonebridgee Packaging Private Limited	22 Apex Mn, Northgate Nagar, Nagpur, Gujarat, 106987	IN
S2-003028	Enterprises Incrporated	317 Silverline Dr, Redwood Park, Mobile, IL	United States
S2-005158	Falcon Systems Private Limited	Harbor Mn, Orchid Nagar, Kochi, Tamil Nadu	IN
S2-008765	Summti, Pvt Ltd	1 Ravenwood Marg, Kochi	India
S2-008653	Stonebridge, Corporatiion	380 Vertex St, Summit Park, Tacoma, IL	US
S2-006162	Jnuiper Systems	283 Silverline Crs, Jaipur, 579683	India
S2-005818	Bluepeak Electricals Private Limited	216 Orchid Crs, Indore, MP, 455929	India
S2-004410	Northgate	Behind Ganesh Temple, 189 Ravenwood Road, Jaipur, Gujarat, 492477	India
S2-004776	Brightpath Industries Private Limited	288 Silverline St, Sunstone Naagr, Kochi, Rajasthan	IN
S2-007424	Stonebridge Private Limited	252 LLantern St, Summit Nagar, Kochi, MP	IN
S2-002378	Systems Falcoon Quarry Inc	38/68 Thistle Blvd Fresno	USA
S2-004249	SummitChemicals and Sons Limited	1/42 Redwood Main, Brightpath Nagar, Coimbatore, MP	India
S2-007290	Silverline Packaging Privaet Limited	3 Goldleaf St, Kestrel Nagar, Pune, Rajasthan	India
S2-004374	Meridian Limitde	100 Apex Street, Bluepeak Nagar, ochi	India
S2-003554	Onyx, Limited	180 Clearwater Marg, Kochi, MP, Falcon Nagar	IN
S2-003522	Silverline	263 Sunstone Blvd, Austin, 51429	USA
S2-004353	Orchid and Son PLtd	131 Ravenwood St, Indore, Kerala, 178654	IN
S2-002518	Silverline, Enterprises Limietd Liability Company	Kestrel Park, Tacoma, IL, 396 Brightpath Rd	United States
S2-005327	Onyx Services Inc	32/74 Stonebridge Blvd Apex Park Peoria WA 76660	United States
S2-000861	Ravenwood Trrading LLC	Near Exit 14, 16/80 Kestrel Rd, Thisstle Park, Peoria, CA, 21671	United States
S2-000478	Onnyx Solutions Redwod	199 Thistle Rd, Nagpur	IN
S2-005001	Goldleaf Bluepeak Fabrics P Ltd	325 Orchid Rd, Maplecrest Naga,r Jaipur, Tamil Nadu	India
S2-000281	Harbor Quarry Fabrics	10/68 Northgate Main, Summit Nagar, Nagpur, Tamil Nadu	India
S2-004032	Juniepr Trading P Ltd	26/43 Summit Crs, Surat, Maharashtra, 851736	India
S2-007057	Harbor Logistics & Sons	88 Silverline St, Lantern Nagar, Nagpur, MP	IN
S2-002951	Cobalt Trading Private Limted	321 Brightpath Street, Keestrel Nagar, Kochi, MP, 373029	India
S2-005470	Brightpath Services and Sons Co	186 Harbor St, Lantern Park, Opp. City Library, Akron, AL	US
S2-003868	Falcon Private Limited	22/62 Orchid Marg Ravenwood Nagar Indore Rajasthan 488690	IN
S2-003818	Sunstnoe Logistics Ltd	Nagpur, Rajasthan, Bluepeak Marg	IN
S2-007999	Quarry Solutions and Sons Ltd	Falcon St, Brightpath Nagar, Jaipur, Maharashtra, 325123	IN
S2-001858	Vertex Chemicals Corporation	79 Kestrel Rd, Sumit Park, Tacoma, 22434	United States
S2-002175	Thistle Chemicals Limited	265 Vertex Crs, Kochi, Tamil Nadu, 904658	IN
S2-001993	Falcon Logisticcs Ltd	23/1 Cobalt Crs, Clearwater Nagar, Nagpur, 525320	IN
S2-000284	Juniper P Ltd	37/15 Ravenwood St, Clearwater Nagar, Near Metro Pillar 42, Kochi, Gujarat	India
S2-004847	Faalcon Packaging Corp	349 Juniper Blvd, Northgate Park, Peoria, 36762	United States
S2-008791	Stonebridge Fabrics PrivaeLimited	215 Clearwater St, Silverline Nagar, Nagpur, 932910	India
S2-001411	Vertex Solutios Inc	309 Sunstone Dr, Northgate Park, Austin, CA	USA
S2-000142	Thistle, Textiles Pvt Ltd	392 Falcon Street, Kochi, 414958	India
S2-000315	Ironwood Harbor Priavte Limited	210 Ironwood Crs, Nagpur, Apex Nagar	India
S2-001532	Harbor P Ltd	219 Onyx Marg, Maplecrest Nagar, Surat, Gujarat, 231856	IN
S2-006532	Sunstone Textiles Limited Liability Company	115 Brightpath Boulevard, Lubbock, IL, 89454	United States
S2-004260	Onyx Coorp	180 Northgate Dr Tacoma IL 17196	US
S2-000314	Ironwood & Sons Co	128 Orchid Drive, Sunstone Park, 82578, Tacoma	USA
S2-006124	Juniper Electricals Co	Near Exit 14 156 Thistle Dr Harbor Park Lubbock 22743	United States
S2-002799	Sunstone Limited Liability Company	363 Northgate Dr, Bluepeak Park, Lubbock	USA
S2-000030	Thistle Systems & Sons Private Limited	9 Goldleaf Marg, Jaipur, Gujarat	IN
S2-000166	Summit Industries	48 Goldleaf Blvd, Fresno, IL, 38112	USA
S2-003081	Redwood Electrcals Privat Limited	Falcon Rd Coimbatore Kerala 630137	India
S2-008885	Maplecrest Industries Private Limited	140 Ironwood Dr, Goldleaf Park, Akron, AL	India
S2-006679	CobaltP ackaging Ltd	36/58 Maplecrest Cross Silverline aNgar Coimbatore	India
S2-005654	Cobalt, Vertex Chemicals Private Limited	46 Goldleaf Marg Brightpath Nagar Indore Kerala 532111	IN
S2-000302	Northgate Juniper Industries orporation	116 Harbor Drive, Maplecrest Park, Tacoma, 28098	United States
S2-001059	Goldleeaf Logistics	378 Kestrel Cross Brightpath Naagar Surat MP	India
S2-003006	Northgate Consultancy LLC	377 Orchid Ave, Vertex Park, Akron, OH, 18809	United States
S2-002383	Silverline Fabrics P Ltd	247 Ravenwood Marg, Brightpath Nagar, Kochi, Maharashtra	India
S2-005793	Ironwood  LLC	100 Kestrel Blvd, Opp. City Lirary, Lantern Park, Austin, OH, 96183	United States
S2-001549	Silverline Packaging & Sons Private Limited	67 Falcon Street Ironwood Nagar Coimbatore Maharashtra	IN
S2-006201	Summiit Electricals Corporation	12 Thistle Drive, Northgate Park, Peoria, OH	United States
S2-000642	Cbalt Fabrics and Sons Inc	289 Summit St Cobalt Park Tacoma	USA
S2-006624	Stonebridge Summit Chemicals Pvt Ltd	118 Apex Marg, Thistle Nagar, Surat, 936024	IN
S2-000596	Thistle Conssultancy P Ltd	351 Quarry Street, Lantern Nagar, Nagpur, 473379	IN
S2-002439	Orchid Vretex Co	Near Exit 14 107 Redwood Street Apex Park Akron	US
S2-007872	Ravenwood, Elecrticals Limited	195 Summit Road, Apex Nagar, Jaipur, Tamil Nadu, 241110	India
S2-008427	Harbor Limited	98 Goldleaf Rd, Meridian Park, Pune, 22541	US
S2-005531	Lnatern Fabrics CCo	42 Goldleaf Blvd, Bluepeak Park, Peoria, AL, 52840	United States
S2-007873	Harbor Ltd	Clearwater Main, Lantern Nagar, Indore, Gujarat, 155156	India
S2-005724	Falcon, Chemiacls Co	112 Apex Blvd, Ironwood Park, Lubbock, TX, 30529	US
S2-001216	Clearwater Electtricals P Ltd	Opp. Bus Depot, 16 Onyx Rd, Maplecrest Nagar, Kochi, Kerala, 522826	IN
S2-000205	Electricals, Summit Corporation	81 Vertex St, Cobalt Park, Mobile, 26896	USA
S2-003007	Goldlleaf Services	Juniper Cross, Clearwater Nagar, Indore, Gujarat, 168121	IN
S2-008056	Quarry, Summit Fabrics Limited	7 Vertex Marg, Surat, Tamil Nadu	IN
S2-006377	Meridain Industries P Lttd	144 Ravenwood Cross, Summit Nagar, Jaipur	India
S2-007404	Falcon, andSons Company	322 Falcon Ave, Ravenwood Park, Tacoma, OH, 69956	USA
S2-006792	Northgate Bluepeak Chemicals P Ltd	249 Stonebridge Road Vertex Nagar Jaipur Rajasthan	IN
S2-004561	Northgate Pvt Ltd	70 Maplecrest Cross, Kestrel Nagar, Jaipur, Kerala, 777199	IN
S2-000820	Thistle Corporation	169 Thistle Street, Mobile, TX, 68575	United States
S2-004060	Quarry MMotors	Ravenwood Rd Fresno AL	US
S2-000426	Maplecrest eTxtiles Ltd	364 Cobalt Road, Cobalt Nagar, Indore	IN
S2-004150	Ravenwood Services Incorporated	223 Sunstone Road Northgate Park Fresno 55444	US
S2-009147	Goldleaf Trading	345 Brightpath Road, Austin, TX, 82417	United States
S2-000640	Brightpath Cobalt Tetiles Private Limited	218 Onyx Road, Northgate Nagar, Pune, Rajasthan	IN
S2-004415	Goldleaf Bluepeak Inc	Clearwater St, Cobalt Park, Mobile, TX, 32913	United States
S2-003645	Quarry Solutions Incorporated	132 Bluepeak Road, Apex Park, Mobile, IL, 73007	US
S2-005828	Orchid Fabrics Private Limmited	Bluepeak Nagar, Indore, Kerala, 527418, 174 Habor Marg	India
S2-008841	Thistle Ravvenwood Services and SonsC orp	71 Maplecrest Street Clearwater Park Luubbock CA	United States
S2-006863	Onyyx, Silverline LLC	362 Orchid Street Meridian Park Fresno CA 29135	USA
S2-004495	Ironwood Logistics Corp	17 Brightpath Boulevard, Kestrel Park, Akron, IL	USA
S2-006589	Northgate PPackaging P Ltd	301 Apex Marg, Stonebridge Nagar, Surat, 978587	India
S2-007508	Onyx, EEnterprisess Private Limited	86 Sunstone Rd Brightpath Park Akron 82840	India
S2-006506	Quarry Textiles & Sons Company	225 Goldleaf Rd Austin 86516	US
S2-008058	Brightpath Kestrel Idustries Limited	137 Cobalt Marg, Redwood Nagar, Sura, MP, 412916	IN
S2-008775	Silverilne	Near Metro Pillar 42, 285 Apex Crs, Falcon Nagar, Kochi, Maharashtra, 614944	USA
S2-001942	Northgate Harbor Chemicals P Ltd	228 Onyx Cross, Surat, 296340	IN
S2-002478	Bluepeak Bluepeak Inc	175 Redwood Rd Silverline Park Lubbock 60193	United States
S2-007626	Brightpath Corp	368 Ironwood Rd, Maplecrest Park, Near Exit 14, Mobile, WA, 40930	US
S2-004834	Lanterrn Textiles Limited Liability Company	Near Exit 14, 231 Goldleaf Blvd, Juniper Park, Lubbock, CA, 99734	USA
S2-001946	Cobat Solutions	380 Goldleaf Avenue, Mobile, O,H 55569	US
S2-001955	Silverrline Cmpany	Behind the Civic Center, 14 Thistle St, Fresno	USA
S2-005897	Goldleaf Industries Ravenwood & Sons Co	Summit St, Maplecrest Park, CA, Mobile	USA
S2-001673	Falcon Sytsemms	6/56 Thistle Main, Lantern Nagar, Jaipur, MP	IN
S2-007460	Clearwaer Thistle Solutions Inc	Opp. Bus Depot, 54 Brightpath Marg, Sunstone Nagar, Pune	United States
S2-007976	Sillverline Consultancy Limited	271 Stonebridge Crs, Near SBI ATM, Silverline Nagar, Kochi, 954342	India
S2-008958	Brightpath & Sons Private Limited	26/26 Brightpath Mn, Sunstone Nagar, Surat, Maharashtra, 571826	IN
S2-008295	Goldleaf Ironwood Motors Private Limited	321 Bluepeak Road, Kochi, 784834	India
S2-005510	Thistle P tLd	333 Redwood St, Nagpur, 484762	IN
S2-004644	Lantern Fabricss and Sons LLC	290 Ravenwood Ave, Mobile, AL	US
S2-008771	Goldleaaf Meridian Pvt Ltd	92 Kestrel St, Falcon Nagar, Nagpur, 338887	IN
S2-000533	Vertex rivate Limited	Brightpath Rd, Meridian Nagar, Nagpur	India
S2-006350	Cobalt Private Limited	341 Northgate Street, Apex Nagar, Indore, Gujarat	India
S2-003940	Blepeak Fabrics Pvt Ltd	Quarry Road Nagpur 136147	IN
S2-001066	Bluepeak oCrp	43 Harborr Dr, Brightpath Park, Tacoma, CA, 22162	United States
S2-003659	Brightpath Trading td	327 Brightpath Rd, Stonebridge Nagar, Coimbatore	India
S2-005169	Silvverline	Behind Ganesh Temple, 8 Silverline Road, Onyx Nagar, Pune, Kerala, 843613	India
S2-002411	Summit Meridan Packaging	133 Ironwood Marg, Quarry Nagar, Pune, 105122	IN
S2-001923	Harbor, Systems Co	263 Redwood Boulevard, Orchid Park, LLubbock, CA, 35141	US
S2-005074	Foods Clearwater Co	136 Juniper Boulevard, Akron, IL, 26066	USA
S2-003167	Aex	204 Falcon Marg, Nagpur	India
S2-002221	Onyx Juniper Electricals Pvt Ltd	Meridian Marg ,Apex Nagar, Surat, MP	India
S2-006470	Thistle Systems  Ltd	Falcon Crs, Brightpath Nagar, Kochi, 210166	IN
S2-003576	Thistle Foods Inc	211 Goldleaf Ave, Cobalt Park, Mobile	USA
S2-002731	Orchid Solutions LLC	192 Northgate Avenue, Brightpath Park, Austin, WA	USA
S2-001660	Apex Trading Co	276 Clearwater Boulevard, Ironwood Park, Austin, IL, 39591	USA
S2-004450	Juniper, Logisitcs LLC	139 Sunstone Ave, Mobile, CA	US
S2-002486	Ravenwood Services & Sons LLC	269 Clearwater Blvd, Clearwater Park, Lubbock, OH	USA
S2-004540	Onyx Electrcials	385 Orchid Rd, Maplecrest Park, Fresno, 36574	US
S2-004443	Iornwood Corporation	27 Kestrel Avenue, Harbor Park, Akron, 78586	US
S2-003989	Apex Inocrporated	61 Apex Road, Sunstone Park, Peoria, 91208	US
S2-001128	Quarry Private  Limited	378 Apex Rd Brightpath Nagar Surat	IN
S2-007664	Thistle Etnerprises & Sons LLC	114 Brightpath Rd, Peoria, 48155	US
S2-007128	Cobalt Summit Chheemicals Inc	287 Vertex Marg, Cobalt Nagar, Akron, Tamil Nadu	IN
S2-003371	Onyx Systems Incorporatd	37 Juniper Avenue, Thistle Park, Lubbock, 49128	US
S2-006258	Solutions Maplecrest & Sons	225 Redwood St, Cobalt Nagar, Kerala, 296143, Jaipur	IN
S2-005326	Meridian, and Sons Privvate Limited	Juniper Crs Kochi Rajasthan Onyx Nagar	India
S2-003532	Harbro Redwood Limited	66 Vertex St, Falcon Nagar, Kocih, Kerala, 240221	India
S2-005153	Sunsttone Fabrics	Goldleaf Road Tacoma WA Bluepeak Park	USA
S2-000567	Cobalt Foods	273 Thistle Dr, Cobalt Park, Tacoma, WA, 64547	US
S2-007854	Goldleaf &  Sons Limited Liability Company	237 Northgate Blvd, Thistle Park, Peoria	United States
S2-007959	Celarwater, Systems Private Limited	Thistle Dr, Orchid Park, Jaipur, OH, 40358	US
S2-008190	Quarry Solutions Ltd	69 Northgate Cross, Opp. Bus Depot, Indore, Rajasthan, 455931	IN
S2-000592	Thistle Trading & Sons P Ltd	200 Brightpath Rd, Coimbatore, 475584	IN
S2-002719	Brightpath and Son sLimited	14 Ravenwood Main, Ironwood Nagar, Indore, Rajasthan, 444970	India
S2-008400	Lantern Consultancy and Sons Private Limited	Onyx Crs, Juniper Nagar, Kochi, Kerala	IN
S2-005722	Sunstone Chemicals Co	258 Juniper Drive, Thistle Park, Austin, WA	USA
S2-001289	Quarry Silverlinee Textiles	392 Juniper Mn, Juniper Nagar, Pune, 118839	IN
S2-007934	Thisstle Electrials	Lantern Dr, Onyx Park, Jaipur, WA	United States
S2-002923	Northgate Company	217 Onyx St Tacoma TX 30477	US
S2-007439	Thistle Logistics Pvt Ltd	370 Ravenwoood Mn, Nagpur	India
S2-006606	Silverline Trading Private Limited	21 Bluepeak Road, Harbor Nagar, Surat, Gujarat, 665689	India
S2-000058	Stonebrigde, Textiles Ltd	351 Juniper Crs, Pune, Tamil Nadu	IN
S2-001166	Bluepeak Solutinnos & Sons Inc	Ape xDr, Austin	US
S2-000082	Thistle Motors Incororated	101 Quarry Ave Akron CA	United States
S2-000540	Ravenwood, Elctricals	Indore, Rajasthan, 216 Clearwater Crs	IN
S2-009058	Bluepeak Clearwater Systems P Ltd	366 Ravenwood Road Vertex Nagar Indore 423569	IN
S2-000674	Vertex Trading Pvt Ltd	212 Maplecrest Mn, Goldleaf Nagar, Jaipur, 986544	India
S2-001365	Juniepr	Orchid Mn, Jaipur, Maharashtra, 759374, Vertex Nagar	India
S2-008754	Kestrel Compaany	265 Quarry Drive, Opp. City Library, Harbor Park, Mobile, 45814	USA
S2-000433	NorthgateC hemicals Limited	357 Stonebridge Road, Jaipur, 714782	IN
S2-003907	Cobalt Industries	112 Apex Road, Cobalt Park, Fresno, CA, 19291	US
S2-004693	Quarry Textiles Corporation	160 Silverline Road, Brightpath Park, Fresno, 28407	United States
S2-005689	Goldleaf Systems imited	163 Vertex St Sunstone Nagar Nagpur	India
S2-001564	Brihgtpath extiles	12/45 Sunstone Marg Juniper Nagar Indore Kerala	India
S2-006821	Trading Stonebridge Pvt Ltd	240 Juniper Road, Vertex Nagar, Indore	IN
S2-004824	Consultancy Quarry Summit Corporation	74 Harbor Blvd, Fressno, 43366	United States
S2-004801	Stonebridge Entreprises Incorporated	225 Thistle Ave, Falcon Park, Fresno, CA, 61735	US
S2-005971	Merdian Co	363 Maplecrest Avenue, Quarry Park, Mobile, 34604	USA
S2-002578	Clearwateer Ltd	331 Harbor Road, Jaipur, Maharashtra	India
S2-001952	Clearwater Apeex Systems Corp	14 Lantern Dr, Bluepeak Park, Lubbock, OH, 81228	US
S2-007794	Stonebridge Consultancy Private Limited	64 Thistle Boulevard, Northgate Park, Pune, 85330	US
S2-000358	Thistle Tihstle Chemicalss P Ltd	24/33 Vertex Main, Ravenwood Nagar, Pune, Gujarat, 420895	India
S2-008002	Orchid Logistics  and Sons Pt Ltd	218 Meridian Dr, Near Exit 14, Nagpur, 27887	USA
S2-006235	Foods Thistle Ltd	Sotnebridge Main, Silverline Nagar, Coimbatore, 327153	India
S2-009282	Goldleaf Packaging Limited	307 Harbor Avenue, Apex Park, Peoria,W A, 49862	India
S2-003320	Lantern Trading LLC	5/16 Meridian Boulevard, Clearwater Park, kron, 16171	US
S2-001259	Soluitons Clearwater Co	373 Orchid Avenue, Apex Park, Fresno	United States
S2-006665	Juniper Ironwood Packaging Corp	326 Ravenwood Rd, Redwood Park,  Peoria	USA
S2-006867	Redwood Ltd	253 Orchid Crs, Maplecrest Nagar, Surat	IN
S2-006314	Northgate, Chemicals LLC	Lantern Blvd, Bluepeak Park, Mobile, IL	United States
S2-008787	Redwodo Farics Limited Liability Company	278 Maplecrest Blvd, Sunstone Park, Fresno, 27267	USA
S2-007325	Kestrel Motors and Soons	330 Meridia Ave, Fresno	United States
S2-001280	Silverline  Solutoins	299 Ironwood Bldv, Fresno, 45173	US
S2-008431	Ironwood Textiles  Pvt Ltd	101 Brightpath Crs Coimbatore Maharashtra 624929	IN
S2-003447	Juniper Juniper Trading Limite dLiability Company	376 Juniper Ave, Bluepeak Park, Fresno	US
S2-001232	Quarry Systems PLtd	289 Clearwater Marg, Behind Ganesh Temmple, Jaipur, 795422	IN
S2-003046	Falcon Services	9 Quarry Street Coimbatore 264827	India
S2-001097	Fabrics Meriidan	Goldleaf St, Near SBI ATM, Kochi, 153170	IN
S2-006288	Redwood Fabrics and SonsCorporation	218 Harbor Road Bluepeak Park Fresno 54635	USA
S2-002568	Mapplecrest Chemicals	224 Vertex Dr, Onyx Park, Akron, AL	United States
S2-001822	Maplecrest Motors & Sons LLC	367 Juniper Blvd, Austin, CA, 31660	United States
S2-009243	Juniper Sunstone Packaging Limited	15/20 Orchid Road Lantern Park Surat	US
S2-006186	Ironwood Trading Corporation	70 Sunstone Boulevard Near Exit 14 Brightpath Park Lubbock AL	USA
S2-007607	Silverline Enterprises and Sons Corp	249 Kestrel Drive, Sunstone Park, Tacoma, Behind the Civic Center	US
S2-007394	Summit CClearwater Textiles PP Ltd	202 Stonebridge Street, Lantern Nagar, Nagpur 613994	IN
S2-008954	Juniper Apex Fabrics Co	368 Sunstone Dr, Apex Park, Fresno, IL, 42359	United States
S2-007675	Lantern Trading LLC	364 Onyx Ave, Akron, TX	USA
S2-003838	Vertex Packagging & Sons Corporation	10 Vertex Street, Austin, AL	United States
S2-002843	Siilveline Electricals Ltd	Summit Crs, Thistle Nagar, Near SBI ATM, Jaipur, Maharashtra, 734561	IN
S2-007291	Redwood Motors and Sons Corporation	271 Bluepeak St Apex Park Austin TX	US
S2-007273	Consultancy Ravenwood	41 Northgate Drive, Quarry Park, Peoria, AL, 65306	US
S2-008256	Chemicals Privvate Limited	250 Summit Road Northgate Park Fresno	India
S2-002642	Summit Motors Co	252 Thistle Rd, Apex Park, Fresno, WA	US
S2-001038	Ironwood Ironwood Enterprises LLC	Goldleaf Park, PPeoria, IL, 29 Maplecrest Ave	United States
S2-003743	Silverline, Electricals Corporation	24 oNrthgate Ave, Clearwater Park, Akron	United States
S2-005996	Northgate Clearwater Chemicals Limited Liability Company	328 Clearwater Rd, Peoria	US
S2-001385	Thistle Moors Limited	Ravvenwood Marg, Vertex Nagar, Jaipur, Rajasthan	India
S2-007077	Brightpath Motors P Ltd	Apex Marg Lantern Nagar Surat Guarat	IN
S2-007918	Thistle Consultacny	Orchid Driive, Quarry Park, Lubbock, WA, 65906	USA
S2-005060	Lantern TetilesP Ltd	41 Clearwater Marg, Thistle Nagar, Jaipur, Kerala, 700576	India
S2-006540	Clearawter Foods Corp	Near Exit 14, 200 Cobalt Street, Silverline Park, Fresno	United States
S2-004520	SystemsClearwater, Incorporated	156 Ony Ave, Fresno	USA
S2-007865	Redwood Consuultancy	218 Thistle Cross, Stonebridge Nagar, Indore, 377196	IN
S2-002815	Harbor Systesm Co	177 Meridian Street, Brightpath Park, Opp. City Library, Peoria, 69729	United States
S2-007229	Ironwood Bluepeak	385 Ravenwood St, Thistle Nagar, Nagpur, 373871	India
S2-005433	Apex Textiles	30 Stonebridge Boulevard, Behind the Civic Center, Tacoma	US
S2-007134	Sunstone Trading Company	139 Juniper Main, Near SBI ATM, Orchid Nagar, Rajasthan, Peoria	IN
S2-002026	Kestrel Limited Libility Company	151 Sunstone Ave Behind the Civic Center Mobile AL	United States
S2-003642	Thistle Private Limited	6 Falcon Main, Meridian Nagar, Kochi	India
S2-002736	Silverline Fabris Pvt Ltd	113 Ironwood Main, Falcon Nagar, Kochi, Maharashtra, 771601	India
S2-001254	Goldleaf Electricals Co	144 Northgate Dr, Juniper Park, Mobile, CA, 17380	USA
S2-005118	Juniper Logistics Prvatee Limited	393 Vertex Marg, Opp. Bus Depot, Coimbatore, 678798	IN
S2-000958	Summi Txetiles Inc	Ravenwood Park, Peoria, 187 Vertex Boulevard	USA
S2-007752	Brightpath Electricals Limited Liability Company	Harbor Ave Tacoma OH 64550 Northgate Park	USA
S2-005578	Enterprises Ironwood & Sons Private Lmited	149 Goldleaf Marg, Behind Ganesh Temple, Coimbatore, Gujarat, 288377	India
S2-006230	Northgate Chemicals Ltd	268 Stonebridge St, Meridian Nagar, Nagpur, Kerala, 842907	India
S2-004273	Harbor Motors Limited	104 Orchid Rd Brightpath Nagar Surat Kerala	India
S2-005256	Thistle Onyx Textiles	216 Vertex Ave, Bluepeak Park, Fresno, 61111	US
S2-006154	Silverlnie, Chemicals Pvt Ltd	254 Vertex Marg, Cobalt Nagar, Nagpur	IN
S2-007788	Orchid Chmicals Co	394 Summit Avenue, Lubbbock, IL, 51495	United States
S2-009344	Juniper Industries Pvt Ltd	305 Onyx Road, Maplecrest Nagar, Jaipur, MP, 862124	India
S2-003701	Goldleaf Industries Pvt Ltd	3002 Clearwater Cross, Summit Nagar, Surat, Kerala, 221062	IN
S2-001444	Juniper Chemicals P Ltd	339 Quarry Street, Redwood Nagar, Jaipur, 698271	IN
S2-009135	HarborC obalt Industries Company	Onyx Bvld, Quarry Park, Mobile, AL	USA
S2-008464	Summit Redwoood	Meridian Ave, Falcon Park, Mobile, 25342	USA
S2-002264	Apex, Motors Company	47 Onx Dr, Brightpath Park, Near Exit 14, Lubbock, 10058	United States
S2-003090	Sunstone, Brightpath Services Limited	345 Brightpath Street, Pune, Rajasthan, 340713	India
S2-003399	Meridian oSlutions Ltd	36/66 Vertex Marg, Nrthgate Nagar, Nagpur, 797415	IN
S2-005790	Harboor Packaging	217 Meridian Blvd, Bluepeak Park, Lubbock, 89917	US
S2-003347	Stonebridge Systems Ltd	Near Metro Pillar 42 232 Clearwater Main Pune 773675	IN
S2-006909	Falcon Northgae Logistics	294 Onyx St, Onyx Park, Peoria, 28318	USA
S2-004022	Nothgate Electricals	313 Goldleaf Drive, Kestrel Park, Fresno	US
S2-006899	Apex, Packaging and Sons P Ltd	144 Apex Mn, Harbor Nagar, Jaipur, Kerala, 545161	India
S2-004387	Thistle Ravewnood Foods	Opp. City Library 28 Redwood Road Lantern Park Mobile IL 84549	USA
S2-004808	Silverline Electricals Pv Ltd	17 Apex Mn Summit Nagar Surat MP 313861	IN
S2-003611	Thistle Logistiics P Ltd	95 Ironwood Street, Bluepeak Nagar, Indore, Tamil Nadu	IN
S2-007774	Goldleaf SSunstone Foods	127 Thistle Road, Bluepeak Park, Akron, TX, 34358	US
S2-001518	Thistle Mtoors P Ltd	372 Redwood Rd, Ironwood Nagar, Pune, Kerala, 633642	IN
S2-002638	Silverline, Stonebridge Fabircs and Sons	Behind Ganesh Temple, 232 Clearwater Road, Nagpur, 331513	IN
S2-003409	Bluepeak Chemiclas Private Limited	29/40 Stoneebridge Road Juniper Nagar Nagpur Gujarat	India
S2-001300	Silverline Electrials and Sons Pvt Ltd	287 Ravenwood Crs Near Metro Pillar 42 Indore Rajasthan	India
S2-004369	Kestrel Co	383 Cobalt Avenue, Orchid Park, Mobile, 44153	USA
S2-005898	Northgate Silverline Services Co	253 Vertex Street, Clearwater  Park, Behind the Civic Center, Fresno	US
S2-000002	Silverline Bluepeak Chemicals	306 Harbor Street, Falcon Nagar, Surat, 372769	India
S2-004985	Vertex Goldleaf Packaging and Sons LLC	150 Harbor treet, Mobile, AL, 50077, Apex Park	USA
S2-008457	Redwood	21/53 Ironwood Avenue, Orchid Park, Peoria, 64912, WA	United States
S2-003210	Vertex Redwood Foods and Sons Limied Liability Company	Apex Drive, Redwood Park, Peoria, IL, 15060	USA
S2-008318	Cleearwater Logistics	75 Lantern St, Falcon Nagar, Coimbatore, Rajasthan, 433599	India
S2-007376	Sunstone Trading	33/18 Bluepeak Dr, Juniper Park, Mobile	USA
S2-002447	Orchid Summit Systems	361 Meridian Ave, Clearwater Park, Behindt he Civic Center, Akron, AL, 42081	USA
S2-002351	Meriian Consultancy Pvt Ltd	320 Maplecrest Street, Quarry Nagar, Surat, Kerala, 470619	IN
S2-001820	Maplecrest Motors and Sons LLC	367 Juniper Boulevard, Brightpath Park, Austin, CA	US
S2-008247	Systems Ravenwood P Ltd	3 Junipe rMn Surat	India
S2-004043	Clearwater Chemicals and Sons Co	63 Clearwater Road Summit Park Akron WA	US
S2-004821	Summit Consultancy Corp	Meridian Drive, Ravenwood Park, Fresno, 28326	USA
S2-003705	Enterprises HHarbor	106 Harbor Cross, Summit Nagar, Surat, 625489	IN
S2-002772	Lantren Chemcials Ltd	255 Orchid St, Quarry Nagar, Jaipur, Gujarat, 181952	India
S2-007474	Juniper Farbics P Ltd	24/82 Maplecrest Main Cobalt Nagar Jaipur Gujarat 839519	India
S2-004736	Stonebridge Services Incorporated	Falcon Park, Tacoma, TX, 90261, 211 Meridian Blvd	USA
S2-002653	Kestrel Systms LLC	13 Ravenwood Ave, Clearwater Park, Akron, AL	United States
S2-000625	Sunstone, Solutions Company	Behind the Civic Center, 108 Meridian Road, Peoria, AL, 85940	United States
S2-008062	Maplecrest Services Inc	260 Brightpath Ave, Bluepeak Park, Austin, 20631	USA
S2-002765	Juniper Consultancy & Sons Company	Bluepeak St, Goldleaf Park, Peoria, WA, 90663	US
S2-009285	Northgate, Incoprorated	114 Meridian Magr, Sunstone Nagar, Fresno, Rajasthan	IN
S2-008027	Apex Fabrisc Inc	Summit BoulevardBluepeak Park Peoria WA	US
S2-001836	Thistle Trading	14/32 Silverline Dr, Vertex Park, Fresno, TX, 67377	US
S2-006165	Bluepea Consultancy	130 Harbor Mn, Bluepeak Nagar, Indore, 427433	IN
S2-007824	Ravenood Thistle Electricals Corporation	9/72 Meridian Avenue, Mobile, Stonebridge Park	US
S2-002076	Bluepak Consultancy Pvt Ltd	148 Vertex Street, Near BI ATM, Indore, MP, 721963	IN
S2-004922	Redwoodd Enterprises Ltd	242 Sunstone Marg Redwood Nagar Pune Rajasthan 692305	India
S2-008081	Lantern Mtors P Ltd	Vertex Road, Apex Nagar, Kochi, MP, 829098	India
S2-000982	SunstoneCo	100 Clearwater Rd, Akron, CA, 34021	USA
S2-004907	Flccon	80 Redwood Rd, Kestrel Park, Mobile, IL, 79695	United States
S2-005748	Summit LLimited	33/84 Stonebridge Marg Pune Rajasthan 881010	India
S2-002671	Clearwater Enterpprises Ltd	396 Apex Cross Jaipur Redwood Nagar	India
S2-001551	Silverline Packaging Private Limited	Maplecrest Nagar, Indore, Gujarat, 590636, 319 Apex Mn	India
S2-000843	Thistle Falcon Logistics Ltd	Pune, 137 Northgate Marg	India
S2-009318	Goldleaf Fabrics P Ltd	38/14 Silverline St, Lantern Nagar, Indore	India
S2-002189	Indstreis Pvt Ltd	338 Ironwood Crs, Surat, Clearwater Nagar	India
S2-006137	Onyx Services	140 Summit Boulevard Ironwood Park Tacoma 15980	USA
S2-007636	Summit Brightpath Trading & Sons Corporation	Stonebridg Boulevard, Ironwood Park, Akron, AL	US
S2-002544	Textiles Goldleaf	39/8 Kestrel Dr Harbor Park Fresno 46583	United States
S2-000934	Maplecrest Juniper Electricals & Sons P Ltd	106 Bluepeak Street, Near SBI ATM, Coimbatore,  Tamil Nadu, 318221	India
S2-003380	Redwood, Foods Co	237 Goldleaf Street Falcon Park Tacoma IL	USA
S2-008896	Fabrics Goldleaf Ltd	210 Quarry Mn Harbor Nagar Surat 450965	IN
S2-001431	Orchid Thistle Consultancy Limited Liability Coompany	330 Redwood Dr, Bluepeak Park, Tacoma, IL	USA
S2-009097	Kestrel Trading Private Limited	43 Bluepeak Street, Summit Nagar, Coimbatore, MP, 435107	India
S2-000283	Ravenwood, Consultancy P Ltd	Near Metro Pillar 42, 281 Apex Marg, Kestrel Nagar, Pune, 309724	IN
S2-002496	Orchi dTextiles	Orchid Rd, Austin, 22887	US
S2-003591	Juniper, Redwood Industries Private Limited	68 Quarry Crs Meridian Nagar Coimbatore 558512	IN
S2-001659	Vertex, Goldleaf LLC	219 Maplecrest Boulevard Vertex Park Akron 65863	USA
S2-008918	Goldleaf Electricals Inc	7 Redwood Rd Clearwater Park Austin	United States
S2-007079	Thistle, Systems Company	195 Goldleaf Ave, Goldleaf Park, Mobile	USA
S2-007896	Redwood Summit Electricals Pvt Ltd	29/54 Thistle Road, Stonebridge Nagar, Nagpur, MP, 713729	IN
S2-009333	Bluepeak Consultancy Liited	317 Summit Marg, Stonebridge Nagar, Surat, MP	India
S2-002767	Ironwood Textiless P Ltd	392 Juniper Marg, Surat, Gujarat	India
S2-006141	Onyx Consultancy Private Limited	291 Juniper Road, Meridian Nagar, Surat, Gujarat, 171387	India
S2-007651	Goldleaf Chemicals orp	125 Goldleaf Street, Ravenwood Park, Tacoma, TX, 29039	US
S2-003511	Stoneridge Cobalt Limited	172 Cobalt Main, Goldleaf Nagar, Kochi, MP	India
S2-009242	Systems Lantern Pvt Ltd	Stonebridge Street, Thistle Nagar, Jaipur, Rajasthan	IN
S2-004738	Bluepeak Corp	356 Stonebridge Ave, Quarry Park, Near Exit 14, Austin, OH, 28361	USA
S2-009316	Summmit, Chemicals P Ltd	346 Northgate Rd, Northgate Nagar, Indore	IN
S2-004748	Cobat Orchid Packaging Private Limited	175 Apex Rd Sunstone Nagar Near SBI ATM Coimbatore Kerala 947189	India
S2-007208	Orchid Packaging  & Sons P Ltd	188 Meridian Avenue, Goldleaf Park, Jaipur, IL, 37010	US
S2-006060	Stonebridg eChemicals and Sons Ltd	233 Thistle Mn, Lantern Nagar, Nagpur, Kerala	IN
S2-000154	Brightpath, Logistics P Ltd	320 Lantern Cross, Lantern Nagar, Coimbtore, Tamil Nadu, 479303	IN
S2-008730	Sunstone Ironwood	373 Goldleaf Marg, Northgate Nagar, Coimbatore, MP, 797630	India
S2-001992	Summit Consultancy Inc	45 Silverline Drive, Kestrel Park, Peoria, IL, 64453	United States
S2-006168	JuniperF abrics LLC	Behind the Civic Center, Clearwater Road, Orchid Park, Peoria, 21778	United States
S2-002342	Cobalt Harbor Consultancy Co	315 Juniper Drive, Redwood Park, Opp. City Library, Akron, IL, 28490	US
S2-001818	Lantern Fabrics  P Ltd	352 Ravenwood Road Sunstone Nagar Jaipur 930465	IN
S2-005085	Kestrel Packaging Limited Liabiilty Company	264 Meridian Ave, Opp. City Library, Tacoma, OH	US
S2-008594	Goldleaf, Electricals Inc	Orchid St Lantern Park Peoria TX 37121	US
S2-000260	Kestrel Industries Corporation	139 Brightpath Ave, Stonebridge Park, Austin, WA, 29174	United States
S2-000153	Cobalt Lgistics Pvt Ltd	104 Ravenwood Crs, Northgate Nagar, Indore	IN
S2-007909	Bluepeak Northgate Logistics Pvt Ld	Goldleaf Main Meridian Nagar Surat Rajasthan	India
S2-000859	Maplecrest Bluepeak	Opp. City Library 292 Ironwood Drive Mobile OH	US
S2-003979	Redwood Falcn LLC	77 Clearwater Dr Lubbock CA 87018	United States
S2-007459	Quarry Fabrics & Sons Corp	217 Harbor Avenue, Vertex Park, Fresno, CA	US
S2-009341	Kestrel, Etnerprises	122 Meridian Crs, Orchid Nagar ,Indore	India
S2-003445	Lantern, Motors Ltd	211 Ravenwood Road, Behind Ganesh Temple, Pune, Gujarat, 426598	IN
S2-005291	Vertex Consultancyy and Sons Corp	76 Ravenwood Street, Stonebridge Park, Austin, 44679	US
S2-009298	Redwood Services	387 Goldleaf Mn, Kochi, Gujarat, 740718	India
S2-001063	Harbor Foods Corp	217 Goldleaf St, Cobalt Park, Lubbock, OH, 26908	United States
S2-007502	Brightpath Chemicals Ltd	309 Bluepeak Cross, Ravenwood Nagar, Nagpur	IN
S2-004145	Northgate Fabrics Stonebridgge & Sons Pvt Ltd	9/43 Clearwater Mn, Juniper Nagar, Jaipur	India
S2-005145	Summit Enterprises & Sons	17 Summit Street, Northgate Nagar,I ndore, Gujarat	IN
S2-003120	Brightpath Pvt Ltd	Redwood Marg, Quarry Nagar, Kerala, 506482, Nagpur	India
S2-001320	Sunstone Packaging	321 Cbalt Marg, Ironwood Nagar, Nagpur, 265540	IN
S2-008124	Clearwater Services P Ltd	Ironwood Street Quarry Park Nagpur WA 71650	US
S2-001354	Appex Juniper Textiles	24 Northgate Boulevard, Falcon Park, Akron, CA	USA
S2-008498	Sunstone  Apex Trading	Near Exit 14, 397 Vertex Rd, Lubbock, IL, 79143	US
S2-006739	Silverline Consultancy and Sons Incoorporated	377 Brightpath St, Kestrel Park, Lubbock, 68660	United States
S2-007874	Brightpath Electricals Private Limited	64 Silverline Mn, Coimbatore, Rajasthan, 549370	IN
S2-003690	Maplecrest Limited Liability Company	Vertex Avenue, Fresno, WA, 57385	United States
S2-005916	Stonebridge Inc	321 Quarry Rd, Sunstone Park, Fresno, 46660	USA
S2-003570	Lantern Indutries	35/38 Falcon Street, Akron, OH, 76817	United States
S2-000015	Ironwood Quarry Tradinng Ltd	267 Vertex Road, Near Metro Pillar 42, Jaipur	India
S2-003250	Harbor Trading & Sons Corp	34 IronwoodDr, Juniper Park, Austin, AL, 58480	US
S2-001031	Bluepeak nIdustries	232 Juniper Marg, Juniper agar, Surat, 240664, Gujarat	IN
S2-006617	Harbor Packaging Incorprated	13/65 Meridian Avenue, Maplecrest Park, Fresno, AL, 47917	US
S2-002728	Summit Solutions Private Limited	319 Bluepeak Rd, Redwood Nagar, Behind Ganesh Temple, Kochi, MP, 920158	IN
S2-001927	Falcon Onyx Trading & Sons Co	15/6 Juniper Dr, Austin	US
S2-006077	Juniper Northgate Fabrics Private Limited	23 Quarry Road Juniper Nagar Pune	India
S2-009123	Goldleaf, oSlutions Private Limited	Silverline Ave, Sunstone Park, Akron, WA, 75478	India
S2-008989	Brightpath Incorporated	287 Kestrel Rd, Northgate Park, Fresno, 90497	United States
S2-000784	Orchid Veertex Enterprises LLC	78 Maplecrest Avenue Tacoma OH	United States
S2-005867	Electricals, Redwood Pvt Ltd	164 Cobalt Cross, Quarry Nagar, Jaipur, Maharashtra, 841911	IN
S2-001164	Kestrel Foods Icorporated	Orchid Street, Lantern Park, Fresno, 11591	USA
S2-002572	Northgate Eleectricals Corp	Opp. City Library, 13 Apex Blvd, Lubbock	US
S2-005795	IronwoodLogistics	83 Redwood Ave Bluepeak Park Austin TX 89661	US
S2-001557	SummitK estrel Electricals & Sons Pvt Ltd	304 Redwood Cross, Brightpath Nagar, Surat	IN
S2-009083	Harbor Ltd	Behind Ganesh Temple, Silverline St, Juniper Nagar, Kochi	India
S2-008903	Systems and Sons Limited	390 Apex Crs Maplecrest Nagar Kochi	India
S2-004588	Orchid Brightpaht Limited Liability Company	Lantern Drive, Opp. City Library, Maplecrest Park, Lubbock	United States
S2-005039	Brightpath Electricals Inc	326 Maplecrest Boulevard, Vertex Park, Fresno, 20736	US
S2-000790	Ravnwood Co	99 Brightpath Rd, Austin	US
S2-008668	Ironwood Lantern	10/25 Harbor Rd, Meridian Nagar, Kochi, 802770	USA
S2-003704	Clearwater, Enterprises Pvt Ltd	321 Ironwood Marg, Maplecrest  Nagar, Nagpur, 958734	India
S2-003648	Lnatern	241 Thistle St Near Exit 14 Austin IL	US
S2-005103	Redwood, Electricals Orchid Pvt Ltd	Near SBI ATM, 232 Meridian Marg, Onyx Nagar, Nagpur, Kerala, 412471	India
S2-004089	Ravenwood Systems LLC	Northgate Rd, Mobile, 74252	US
S2-005883	Claerwater Motors Private Limited	133 Ironwood Main, Nagpur, Gujarat	IN
S2-001585	Onyx Foods nad Sons Corp	32/63 Brightpath Avenue, Opp. City Library, Summit Park, Lubbock, 65994	United States
S2-002253	Flacon	397 Apex Road, Sunstone Park, Mobile, AL, 29406	USA
S2-000985	Orchid CChemicals Corporation	10/17 Kestrel Ave, Austin, AL	USA
S2-004347	Falcon Trading Co	62 Apex Street, Falcon Park, Fresno, 552914	USA
S2-003502	Northgate Industries P Ltd	244 Thistle Road, Cobalt Nagar, Indore, 743354	India
S2-005375	Quarry, Fabrics Ravenwood and Sons	214 Northgate Street, Apex Nagar, Kochi, Maharashtra, 880968	IN
S2-001702	Cobalt Electricals Pvt Ltd	273 Harbor Mn, Thistle Nagar, Jaipur, Tamil Nadu, 929404	IN
S2-008862	Vertex Apex Chemicals Ltd	259 Northgate S, Fresno, CA	India
S2-009024	Cobalt Fooods	257 Lantern St, Meridian Nagar, Surat, Maharashtra, 700433	IN
S2-000685	Oynx Lantern Enterpprises Co	154 Goldleaf Avenue, Bluepeak Park, Peoria, AL, 24417	USA
S2-001899	Faclon	254 Bluepeak Rd, Surat, Tamil Nadu, 214442	IN
S2-006439	Bluepeakk Ironwood Services	96 Goldleaf Main, Mapecrest Nagar, Kochi, Kerala, 182782	India
S2-008846	Stoenbridge	378 Summit St, Lubbock, AL	United States
S2-006887	Vertex Silverline Systems Corporration	155 Harbor Avenue, Thistle Park, Mobile, 40069	USA
S2-000208	Mapllecrest Consultancy P Ltd	90 Clearwater Mn, Kestrel Nagar, Surat, Gujarat, 938513	IN
S2-006320	Clearwater Foods Incorporated	154 Cobalt Boulevard Meridian Park Taccoma 45676	United States
S2-008776	Harbor Trading Pvt Ltd	Bluepeak Street, Maplecrest Park, Lubbock	IN
S2-006945	Maplecrest IronwoodTrading LLC	183 Falcon Street, Thistle Park, Austin, IL	US
S2-000668	Brightpath Electricals Vertxe Corporation	121 Vertex Blvd, Silevrline Park, Austin, 28024	United States
S2-005868	Redwood Electricals Private Limited	164 Cobalt Crs, Jaipur, Maharashtra, Quarry Nagar	IN
S2-007863	Maplecrest hemicals Corp	48 Sunstone Dr, Onyx Park Akron, 20909	United States
S2-005913	Summit, Limted	55 Sunstone Street, Ravenwood Nagar, Rajasthan, 711549, Jaipur	IN
S2-005390	Services Goldleaf RedwoodPrivate Limited	235 Vertex Rd, Redwood Nagar, Nagpur, Tamil Nadu	IN
S2-006793	Suummit	140 Orchid Boulevard, Stonebridge Park, Akron	USA
S2-003727	Falcon Inc	11 Maplecrest Dr, Peoria, AL, 83183	USA
S2-005873	Solutions Onyx Pvt Ltd	Near Metro Pillar 42, 315 Cobalt Main, Kestrel Nagar, Kochi, Rajasthan, 627021	IN
S2-005367	Thistle Meridian Solutions & Sonss Limited	43 Bluepeak Rd, Cobalt Nagar, Rajasthan, Jaipur	India
S2-006174	Ravenwood Fabrics Incorporated	Lantern Blvd, Ironwood Park, Mobile, TX, 52680	US
S2-000978	Ironwod Logistics Company	295 Thistle St, Tacoma, WA, 76198	United States
S2-003662	Reedwood Packaging P Ltd	238 Quarry Marg, Onyx Nagar, Jaipur, 208486	India
S2-001185	Goldleaf Maplecrest Services LLC	244 Harbor Street, Ironwood Park, Fresno	United States
S2-008071	Summit Consultancy Raavenwood	44 Quarry Road, Redwood Park, Austin, 72539	United States
S2-007535	Thistle Quarry Consultancy Limietd Liability Company	327 Silvrline Boulevard, Peoria, WA, 22354	United States
S2-003431	Ironwood Fabrics Inc	Behind the Civic Center, 123 Goldleaf Rd, Tacoma, OH, 24061	USA
S2-006579	Northgate Inc	25/1 Apex Rd Op.p City Library Vertex Park Peoria 46767	United States
S2-007020	Orchid Foods Incorporated	306 Silverline Rd Stonebridge Park Austin 17567	USA
S2-002481	Brightpath Solutions Inc	367 Bluepeak Drive, Kestrel Park, Peoria, 13034	United States
S2-000147	Quarry Verttex Systems & Sons	262 Thistle Marg Surat Gujarat 954805	India
S2-006121	Falcon & Sons Private Limited	Near SBI ATM, 132 Redwood Street, Clearrwater Nagar, Indore, 275533	IN
S2-005885	Maplecrest Thistle Textiles Private Limited	26 Meridian Road Goldleaf Nagar Surat Maharashtra 896096	IN
S2-006198	Summt Systems Private Limited	251 Bluepeak St, Silverline Nagar, Kochi	India
S2-002992	Apex Apex Packaging	7/78 Maplecrest Road, Vertex Nagar, Kochi, 230474	IN
S2-006001	Juniper, Chemicals Inc	184 Silverline Blvd, Cobalt Park, Mobile	United States
S2-005258	Irowood	30 Ironowod Marg, Indore, Meridian Nagar	IN
S2-006040	Northgate Consultancy LLC	21/9 Ironwood Street, Austin	United States
S2-002900	Sunston eFabrics	5/70 Harbor Avenue Northgate Park Austin IL 87816	United States
S2-001706	Juniper Foodss Pvt Ltd	111 Ravenwoo dMarg, Lantern Nagar, Jaipur	IN
S2-001105	Quarry Maplecrest Fabrics Corporation	259 Kestrel Road, Opp. City Library, Kestrel Park, Akron, 68534	USA
S2-005220	Brightpath  Fabrics Ltd	330 Thistle Road, Goldleaf Nagar, Indore, 964750	India
S2-001058	Logistics, Goldlefa Ltd	190 Goldleaf Marg, Orchid Nagar, Surat, Maharashtra, 105726	IN
S2-002769	Irownood, Textiles and Sons Private Limited	392 Jniper Marg, Surat, Gujarat, 972793	IN
S2-000604	Apex Fabrics Brightpath	13 Stonebridge Mn, Brightpath Nagar, Jaipur, 856509	IN
S2-006404	Bluepeak	105 Harbor Rd, Bluepeak Park, Opp. City Library, Mobile, OH, 40383	USA
S2-002263	Kestrel EEnterprises Limited	224 Falcon Cross Quarry Nagar Behind Ganesh Temple Nagpur Kerala 478427	IN
S2-007676	Falcon Logisttics Private Limited	68 Maplecrest Marg Thistle Nagar Nagpur	IN
S2-001004	Northgate Soultions & Sons Limited	245 Stonebridge Cross, Near Metro Pillar 42, Surat	IN
S2-003796	Harbor ChemiclasC orporation	Ironwood Blvd, Behind the Civic Center, Tacoma, 21426	United States
S2-003776	Cobalt Motors P LLtd	361 Lantern St, Juniper Nagar, Coimbatore, Maharashtra, 558655	IN
S2-006905	Vertex Chemicals Company	125 Cobalt Drive, Opp. City Library, Akron, OH, 88770, Brightpath Park	USA
S2-004653	Ravenwood Redwood Industries Private Limited	16 Cobalt Crs, Cobalt Nagar, Indore, 121148	India
S2-002101	Onyx Fabrics Limited Liability Compayn	36 Thistle Drive Fresno 72214	United States
S2-007683	Northgate Industries Limited Liability Company	237 Stonebridge Road, Juniper Park, Peoria, 74010	United States
S2-007506	Vertex Chemicals and Sons Privat Limited	Behind Ganesh Temple, 369 Harbor Cross, Redwood Nagar, Indore, 353452	IN
S2-004580	Apex  Electrcals LLC	353 Orchid Dr, Clearwate Park, Fresno, IL	United States
S2-003390	Stonebridge Pvt Ltd	Near Metro Pillar 42, 281 Summit Road, Clearwater Nagar, Indore, Maharashtra, 989199	India
S2-006643	Haobr Systems Co	112 Falcon Blvd Fresno WA	US
S2-005199	Stonebridge Goldleaf Industries	Near Exit 14, 310 Stonebridge Road, Bluepeak Park, Fresno, IL	US
S2-006478	Juniper Falco nTextiles Corp	135 Goldleaf Street, Goldleaf Park, Mobile, 44071	USA
S2-006440	Sunstone Lantern Foods Pvt Ltd	46 Onyx Crs Quarry Nagar Coimbatore Gujarat 505248	India
S2-006904	Vertex Chemicals & Sns Company	109 Cobalt Blvd Bluepeak Park Akron 53807	USA
S2-008587	Juniper Sunstone Trading Company	Ravenwood Park, Fresno, TX, 85 Onyx Ave	United States
S2-009033	ApexTrading	216 Brightpath Rd Orchid Nagar Near SBIATM Surat	IN
S2-003065	Onyx Copmany	156 Redwood Road, Near Exit 14,Lubbock, 97439, WA	USA
S2-005227	Meridian and Sons	279 Orchid Road, Ravenwood Nagar, Coimbatore	India
S2-002488	Northgate, Textiles Corp	211 Rdewood Boulevard, Fresno, 78093	USA
S2-007916	Harobr Enterprises	302 Clearwater St, Stonebridge Nagar, Surat, 385877	IN
S2-002593	Cobalt Brihgtpath Fabrics Private Limited	274 Summit Rd, Silverline Nagar, Indore, Tamil Nadu	IN
S2-007411	Summit Fabrics Corporation	232 Meridian Main Austin Gujarat	India
S2-001237	Falcon Systems andd Sons Private Limited	Summit Main Vertex Nagar Indore 728097	India
S2-008167	Stonebridge Idustries and Sons LLC	Opp. Bus Depot, Meridian Nagar, Tacoma, Rajasthan, 836627, 20 Redwood Rd	IN
S2-008675	Lantern Fabrics Crop	335 Brightpath Boulevard, Meridian Park, Tacoma, IL	United States
S2-004093	Ravenwood Electricals and Sons Limited	Juniper Rd Jaipur Maharashtra	IN
S2-006981	Sustone Solutions Inc	237 Vertex Dr, Near Exit 14, Onyx Park, Lubbock, 59190	USA
S2-008711	Lantern Fabrics CCorp	55 Sunstone Drive, Onyx Park, ePoria, TX, 50789	USA
S2-001332	Onyx Textiles Lmited	193 Thistle Street, Ironwood Nagar, Kochi, Tamil Nadu, 427613	India
S2-008110	ClearwaterI ndustries Cobalt & Sons Limited	230 Ravenwood Main, Thistle Nagar, Coimbaatore, MP	India
S2-000419	Onyx Ltd	225 Ravenwood Marg, Harbor Nagar, Jaipur	India
S2-003187	Northgate Motors LLC	326 Brightpath Street, Near Exit 14, Onyx Park, Fresno, IL	USA
S2-002947	Orchid Limited Liabiliity Company	223 Lnatern Avenue, Sunstone Park, Lubbock, CA, 78293	USA
S2-002295	RavenwoodF oods Ldt	Stonebridge Crs, Thistle Nagar, Coimbatore, Kerala, 959721	IN
S2-006456	Sunstone Entterprises	349 Brightpath Avenue, Kestrel Park, Akron	USA
S2-001020	Brightpath Harbor Systems Pvt Ltd	3199 Redwood Street, Indore	India
S2-007604	Ironwood, Redwood Packaging Corp	225 Cobalt Avenue, Near Exit 14, Onyx Park, Tacoma, OH	US
S2-003112	Mapplecrest P LLtd	5/28 Summit Rd, Meridian Nagra, Nagpur	India
S2-004188	Lantern Industries LLC	85 Falcon Drive, Opp. City Library, Peoria, OH, 44482	USA
S2-001929	Redwood Industries & Sons LLC	332 Goldleaf Boulevard, Lantern Park, Fresno, TX	USA
S2-003444	Cleawrater Lantern Logistics	71 Falcon Boulevard, Clearwater Park, Peoria, OH	USA
S2-008948	Goldleaf P Ltd	Sunstone Road Vertex Nagar Pune	IN
S2-003279	Cobalt Textiles and Sons Inc	162 Maplecrest Dr, Lubbock, OOH, 58879	USA
S2-000715	Vertex, Falcon Services Private Limited	Near SBI ATM, 43 Maplecrest Crs, Jaipur, 151344	IN
S2-000020	Sunstone Textiles & Sons Companny	361 Goldleaf Rd, Clearwater Park, Mobile, WA	US
S2-007613	Redwood BBrightpath Tradign	48 Ironwood Boulevard, Akron, CA, Opp. City Library	US
S2-001965	Summit Motors Corporation	20 Stonebridg Ave, Lantern Park, Peoria, CA, 40868	USA
S2-004676	Ravenwod Enterprises Company	158 Clearwater Blvd, Austin	US
S2-006313	Northgate and Sons Company	92 Lantern Street Stonebridge Park Peoria IL	United States
S2-003387	Oynx	1 Onyx Cross, Onyx Nagar, Indore, Kerala	India
S2-008319	Silverline Trading	Quarry Marg, Peoria, Kerala, 553514	IN
S2-004325	Sunstone Syystemss Corp	388 Juniper Street, Apex Park, Fresno, OH, 144881	USA
S2-005485	Thistlee and Sons Incorporated	43 Kestrel Street, Bluepeak Park, Fresno, 87966	United States
S2-005240	Cobalt Textiles P Ltd	253 Harbor Street, Quarry Nagar, Jaipur, MP, 942557	India
S2-005894	Cobalt Enterprisses & Sons Corp	172 Vertex Rd, Summit Park, Lubbock, 66141	United States
S2-007305	RedwoodP ackaging Corpporation	9/41 Vertex Drive, CA, Lubbock	US
S2-006946	ClearwaterEnterprises P Ltd	357 Quarry Marg, Silverline Nagar, Near Metro Pillar 42, Surat, Gujarat, 328364	IN
S2-007402	Northgate	79 Maplecrest Avenue, Behind the Civic Center, Falcon Park, Fresno, 87288, OH	US
S2-000261	Kestrrel Industries	139 Brightpath Avenue, Stonebridge Park, Austin, 29174	United States
S2-005715	Sunston Foods Inc	163 Clearwater Dr, Behind the Civic Center, Redwood Park, Akron, 85763	United States
S2-006375	Maplecrest Ellectricals Kestrel P Ltd	318 Onyx St, Maplecrest Nagar, Coimbatore	IN
S2-005448	Ironwood Fabrics and Sons Co	231 Onyx Street, Lantern Park, Behind the Civic Center, Lubbock, AL, 13050	US
S2-006768	Kestrel Sustone Solutions P Ltd	373 Onyx Main, Onyx Nagar, Kochi, MP, 100447	IN
S2-003137	Lantern P tLd	211 Summit Marg, Quarry Nagar, Nagpur, Tamil Nadu	IN
S2-009253	Clearwtaer Indutries Corp	328 Lantern St, Stonebridge Park, Behind the Civic Center, Tacoma, CA, 57276	US
S2-000902	Clearwater Stonebridge Solutions Incorporated	241 Sunstone Rd, Near Exit 14, Meridian Park, Tacoma, CA	US
S2-001279	Vertex Textiles Private Limited	26 Northgate Crs, Thistle Nagar, Pune	India
S2-001101	Quarry Ironwood and Sons Copmany	Near Exit 14, 109 Harbor Avenue, Ironwood Park, Tacoma, OH, 54492	United States
S2-004842	Apxe, Co	251 Thistle Ave Falcon Park Tacoma 55862	US
S2-005569	Maplecrest Inustries Corporation	351 Falcon Avenue, Northgate Park, Mobile, 11737	USA
S2-003689	Maplecrest & Sons LLC	282 Vertex Ave, Bluepeak Park, Fresno, 57385	US
S2-006206	Kestrel Solutinos and Sons	Opp. City Library, 215 Onyx Boulevard, Tacoma	US
S2-005369	Bluepea kEnterprises LLC	168 Silverline Boulevard, Mobile, IL	United States
S2-007838	Sunstone Consultancy	34/56 Harbor St, Coimbatore, Tamil Nadu, 462028	United States
S2-005545	Sunstone Bluepeak Motors Limited Liabbility Company	202 Orchid St, Apex Park, Akron, OH, 16354	United States
S2-009297	Ironwood Maplecrest Motors and Sons	371 Stonebridge Marg Clearater Nagar Coimbatore 228912	India
S2-000083	Thistle Motors Ic	Behind the Civic Center, 101 Quarry Ave, Akron, 20628	United States
S2-008437	Redwood, Corp	127 Falcon Dr, Ravenwood Park, Fresno, 71630	USA
S2-000252	Summit Golldleaf Industries Inc	Northgate Ave, Stonebridge Park, Mobile, OH	United States
S2-003983	Harbor Electricals	Apex St, Ironwood Park, Lubbock, 22708, AL	USA
S2-005554	Falcon Brightpath Consultancy	335 Cobalt Blvd, Goldleaf Park, Akron, CA, 55507	USA
S2-007037	Kesrel Goldleaf Trding P Ltd	382 Maplecrest Street, Coimbatore	IN
S2-005975	Cobalt Foods and Sons Pvt Ltd	26 Goldleaf arg, Northgate Nagar, Indore, Maharashtra, 603457	India
S2-005364	Maplecrest Quarry Services Co	205 Lantern Blvd, Austin, OH, 45822	US
S2-003712	QuarySystems & Sons	Near Metro Pillar 42, 232 Ravenwood Cross, Vertex Nagar, Jaipur, 680641	India
S2-008191	Meridian Motors Prrivate Limited	199 Silverline Mn, Thistle Nagar, Jaipur, MP, 991175	India
S2-003298	Thistle Falcon Packaging Corp	283 Onyx Dr, Lantern Park, Lubbock, 34419	United States
S2-005233	Sunstone Motor Ltd	161 Stonebridge Street, Redwood Nagar, Indore, Gujarat, 179907	IN
S2-008159	Stonebridge Motors	326 Silverline Marg, Ravenwood Nagar, Coimbatore, Gujarat, 484043	IN
S2-003234	HarboFoods	217 Juniper St, Brightpath Nagar, Indore, Rajasthan, 710947	India
S2-004673	Blepeak Industries Pvt Ltd	322 Clearwater Cross, Jaipur, Maharashtra, 761177	IN
S2-007453	Sunstone Elecrticals Limited Liability Company	175 RavenwoodR d, Onyx Park, Fresno, WA	USA
S2-001940	Industriees Kestrel Company	148 Stonebridg eAvenue Stonebridge Park Fresno 47494	United States
S2-006269	Sunstone Consultancy Inc	26/31 Juniper Ave Redwood Park Mobile AL 15015	US
S2-007562	Maplecrest Maplecrets Services LLC	7 9Cobalt Marg, Redwood Nagar, Kochi, 331365	United States
S2-009134	Summit Textiies Corp	335 Summit St, Clearwater Park,A kron, CA	US
S2-009337	Onyx Motos	82 Lantern Marg, Harbor Nagar, Jaipur, 828478	USA
S2-004091	Silverline Trading and Sons Limited	351 Cobalt Marg, agpur, 308055, Vertex Nagar	India
S2-007413	Juniper Industries Incorporated	Near Exit 14, 3/53 Silverline Dr, Stonebridge Park, Fresno, OOH, 41593	US
S2-002047	Fabrics, Cobalt Pvt Ltd	240 Lantern St, Silverline Nagar, Surat, Gujarat, 164122	India
S2-005449	Silverline Industries	18 Ironwood Crs, Jaipur	India
S2-000936	Redwod	244 Harbor Mn, Ravenwood Nagar, Near Metro Pillar 42, Jaipur, Tamil Nadu	IN
S2-003202	Cobalt Soluions Ltd	168 Meridian arg, Near SBI ATM, Clearwater Nagar, Pune, MP	India
S2-005012	Northgate Services Limited Liabbility Company	17/44 Bluepeak Avenue, Bluepeak Park, Austin, 87807	United States
S2-000926	Ironwood Enterprises	333 Sunstone Boulevard, Austin	United States
S2-001100	Quarry Ironwood Fabrics Co	109 Harbor Avenue Tacoma OH 54492	United States
S2-003966	Apex Systems Co	220 Onyx Blvd, Redwood Park ,Austin	USA
S2-009061	Goldleaf Summit aFbrics	63 Orchid Street, Bluepeak Park, Peoria, CA, 944025	USA
S2-003051	Harbor, Industries Privaet Lmiited	Nagpur, MP, 368 Thistle Crs	IN
S2-003132	Meridian Textiles Inc	345 Sunstone Drive, Meridian Park, IL, 583332, Lubbock	US
S2-000778	Vertex Northgate Trading Co	Northgate Drive, Akron, AL 75850, Thistle Park	US
S2-000645	Falcon, Textiles Corp	144 Cobalt Boulevard, Thistle Park, Lubbock	US
S2-002679	Meridian	Opp. Bus Depot, Maplecrest Mn, Surat, Maharahtra, 487764	India
S2-005417	Vertex Clearwater Industries Private Limited	58 Bluepeak Mn, Coimbatore, Tamil Nadu, 905916	IN
S2-006421	Stonebridge Logistics Corporatioon	307 Redwood Dr, Brightpath Park, Austi, 82710	USA
S2-006434	Thistle Bluuepeak Motors Corporation	225 Brightpath St, Falcon Park, Peoria, 83140	US
S2-007093	Brightpath Redwood Private Limited	238 Ravenwood Street, Meridian Park, Mobile, CA	IN
S2-003493	Kestrel & Sons Private Limietd	345 Stonebridge Mn Jaipur Tamil Nadu	India
S2-003061	Onyx Limied Liability Company	Summit Park, Peoria, 71828, 73 Goldleaf Blvd	United States
S2-002968	Onyx Norhate Electricals Ltd	274 Cobalt Mn, Clearwater Nagar, Indore, Kerala, 574269	IN
S2-008505	Goldleaf Packaging	Vertex Nagar, Jaipur, 308659, 96 Brightpath Rd	India
S2-003362	Iornwod Services	141 Brightpath Main, Stonebridge Nagar, 874453, Jaipur	IN
S2-008624	Lantern Falcon Foods	Near Exit 14, Thistle Avenue, Mobile, 29845	USA
S2-003394	Summit Packaging Company	97 Summit Blvd Juniper Park Akron 79923	United States
S2-007591	Redwod Solutions Ltd	Apex Rd, Indore, 64161	United States
S2-004547	Maplecrest Logistics Corp	298 Clearwater Rd, Onyx Park, Mobile, OH	US
S2-001200	Quarry & Sons CCo	357 Northgate Road, Goldleaf Park, Lubbock, 27090	USA
S2-005368	Bluepeak Limited Liability Company	Silverline Boulevard Stonebridge Park Mobile IL 16953	USA
S2-007314	Falcon Apex Tradin gCo	246 Meridian Dr, Quarry Park, Akron, OH, 30032	USA
S2-006088	Kestrel Inccorporated	94 Stonebridge St, Sunstoen Park, Fresno, TX, 48284	USA
S2-001870	Sunstone Foods & Sons Inc	35 Quarry Avenue Stonebridge Park Austin OH	USA
S2-004702	Apex Foosd Pvt Ltd	14/89 Orchid Road, Brightpath Nagar, Nagpur, Kerala, 912784	IN
S2-006499	Silverline Sunstone Food Pvt Ltd	25/86 Lantern Rd, Sunstone Naga,r Pune, 776288	IN
S2-006055	Quarry Limited	224 Bluepeak Marg Harbor Nagar Nagpur	India
S2-004700	Maplecrest Fabrics Private Limited	Silverline Cross Northgate Nagar Coimbatore Gujarat 145813	IN
S2-004887	Harborr Consultancy Private Limited	Near SBI ATM, 382 Kestrel Street, Kestrel Nagar, Pune, Tamil Nadu, 545207	India
S2-005955	Quarry Fabriccs	53 Silverline Drive, Summit Park, Austin, 45731	US
S2-002840	Falcon, Services and Sosn Inc	Stonebridge Dr, Apex Park, Tacoma, IL, 42311	USA
S2-005564	Juniepr, Solutions	80 Ravenwood Street, Ravenwood Nagar, Pune, MP, 395751	India
S2-008859	Meridian Northgate Consultancy Ltd	140 Kestrel Marg, Summit Nagar, Behind Ganesh Temple, Nagpur, 723608	India
S2-007055	Juniper	54 Apex Cross Brightpath Nagar Jaipur Tamil Nadu 424495	IN
S2-001650	Sunstone Packaging Private Limited	297 Kestrel Cross, Cobalt Nagar, Jaipur, Rajasthan, 118487	India
S2-006234	Stonebridge, Sevrices Pvt Ltd	11/37 Falcon Rd, Opp. Bus Depot, Kochi, 415572	IN
S2-003863	Onyx Goldleaf Electricals Inc	346 Juniper Avenue, Austin, OH, 92713	USA
S2-004385	Kestrel Falcon Services	Ravenwood Avenue, Harbor Park, Tacoma, 23626	USA
S2-005951	Kestrel Electricals and Sons	Lantern Crosss, Indore	IN
S2-002242	Meridian, Trading LLtd	240 Sunstone St Orchid Nagar Coimbatore	IN
S2-000966	Vertex Electriclas and Sons Corp	Meridian Dr, Brightpath Park, Lubbock, WA, 24309	US
S2-000258	Kestrel Motors P Ldt	31 Thistle St Lantern Nagar Nagpur MP 917361	IN
S2-008324	CobalCt, o	263 Harbor Boulevard,M obile, OH, 90709	US
S2-004344	Maplecret Packaging Inc	Smmit Ave, Meridian Park, Peoria	USA
S2-003337	ApexMotors, Corp	367 Stonebridge Dr, Goldleaf Park, Mobile, IL, 61568	US
S2-001019	Stonebridge Logisticcss Co	378 Bluepeak Street, Redwood Park, Mobile, OH	US
S2-006562	Cobbalt Chemicals Pvt Ltd	170 Lantern Cross Redwood Nagar Near Metro Pillar 42 Coimbatore Maharashtra	India
S2-000619	Laantern Lantern Motors & Sons Corporation	69 Onyx Boulevard, Brightpath Park, Peoria, CA, 77749	United States
S2-008604	Vertex Apex Electricals Limited	369 Lantern Cross, Harbor Nagar, Nagpur	India
S2-008299	Onyx Services Private Limited	80 Ravenwood Marg Thistle Nagar Rajasthan Kochi	India
S2-004546	Lantern OOnyx Company	46  Stonebridge Ave, Juniper Park, Tacoma	US
S2-006307	Meridian	98 Juniper Mn, Meridian Nagar, Behind Ganesh Temple, Coimbatore, Gujarat, 973785	IN
S2-003938	Entterprises Harbor Incorproated	326 Silverline St, Tacoma, 72409, Ravenwood Park	US
S2-001778	Vertx Limited	340 Thistle Marg, Bluepeak Nagar, Nagpur, Rajasthan	India
S2-000225	Vertex Packaging Private Limted	Near Metro Pillar 42, 3 Apex Cross, Coimbatore, Rajasthan, 944984	IN
S2-003353	Vertex Vertex Chemicals & Sons	93 Orchid Dr, Summit Park, Austin, OH, 94929	USA
S2-005323	Ironwood Sytsems Ltd	Harbor Road, Redwood Nagar, Indore, Maharashtra, 168450	India
S2-005379	Kestrel Consultancy Limited  Liability Company	Opp. City Library, 399 Goldleaf Rd, Goldleaf Park, Akron, CA, 70143	US
S2-007814	Orchid Motors Private Limited	221 Juniper Dr, Apex Park, Coimbatore, AL, 53193	USA
S2-006797	Summit Foods Inc	398 Falcon Ave, Orchid Park, Peoria, OH	United States
S2-008536	Summit Electricals Limited Liability Company	281 Harbor Drive, Orchid Park, Akron, 57287	USA
S2-000617	Cobalt, Enterprises Corporation	380 Vertex St, Ironwood Park, Fresno	USA
S2-007849	Brightpath Clearwater and Sons	2166 Ravenwood Main, Goldleaf Nagar, Kochi, Gujarat, 683159	India
S2-006816	Sunstone Meridian Eletricals	347 Onyx Mn, Orchid Nagar, Kochi, 422304	India
S2-001173	Orchid, Consultancy	151 Maplecrest S tBrightpath Park Tacoma WA 58157	United States
S2-004879	Falcon Packaging	Behind the Civic Center, 105 Brightpath Avenue, CClearwater Park, Fresno, OH	USA
S2-004269	Kestrel Foods Limied	Summit Road, Harbor Nagar, Jaipur, 173689	IN
S2-006003	Stonebridge Solutions and Sons	392 Kestrel Blvd Peoria 67536	USA
S2-000043	Brightpath, Consultancy & Sons Limited Liability Company	52 Silverline Rd, Opp. City Library, Akron, WA, 32557	United States
S2-003247	Northgate Electricals P Ltd	395 Juniper Marg, Indore, Gujarat	India
S2-000029	Falcon Logistics Inc	108 Redwood Rd, Brightpath Park, Behind the Civic Center, Akron, IL, 36481	USA
S2-009009	Ravewood Inc	299 Falcon Drive, Mobile, 37880	US
S2-002618	Solutions, Cobalt IronwoodP rivate Limited	Meridian Main, Sunstone Nagar, Nagpur, Rajasthan	India
S2-005477	Stonebridge Textles Pvt Ltd	171 Cobalt Rd, Indore, MP	India
S2-007066	Lantern Logistics Company	265 Juniper St, Apex Park, Lubbock, WA, 60127	USA
S2-008588	Stonebridge Silverline Consultanc y& Sons Pvt Ltd	285 Northgate Marg, Onyx Nagar, Indore, 713179	IN
S2-007541	Ironwood Silverline Chemicals Corporation	64 Silverline Crs, Brightpath Nagar, Opp. Bus Depot, Akron, Maharashtra, 125255	IN
S2-007369	Orchid Private Limited	Falcon St, Ravenwood Nagar, Pune	IN
S2-002055	Qaurry Foods Corp	189 Stonebridge Blvd, Meridian Park, Fresno, IL, 41321	USA
S2-004545	Maplecrest Chemicals Incoroprated	Behind the Civic Center, 144 Harbor Drive, Brightpath Park, Tacoma, 69395	USA
S2-002868	Bluepeak Consultancy Pvt Ltd	155 Stonebridge Rd, Apex Nagar, Coimbatore, Kerala, 909383	IN
S2-001580	Thistle FalconC hemicals P Ltd	276 Harbor Main, Silverline Nagar, Nagpur, MP, 129159	IN
S2-004465	Apex Packaging Company	387 Clearwater Boulevard, Juniper Park, Tacoma, OH	United States
S2-000511	Thistle Thistle Fabrics Private Liimted	383 Brightpath Rd, Indore	India
S2-004246	Ravenwood Systems & Sons Ltd	254 Silverline Marg, Stonebridge Nagar, Nagpur, Maharashtra, 803243	India
S2-007758	Sunstone Electricals Corporation	Behind the Civic Center, 237 Brightpath Rd, Sunstone Park, Lubbock, TX, 87572	USA
S2-000346	Ravenwood Electricals & Sons Private Limited	195 Silverline Rd, Orchid Nagar, Coimbatore, MP	India
S2-007287	Harbor Solutions LLC	172 Orchid Avenue Goldleaf Park Fresno	USA
S2-004236	Thistle Corporation	209 Brightpath Ave Ironwood Park Tacoma OH 64739	USA
S2-007967	Vertex Services Private Liited	115 Summit Road, Orchid Nagar, Gujarat, Surat	India
S2-000717	Northgate Mtoors Limited	289 Silverline Road, Nagpur	India
S2-009233	Apex Bluepeak Limited	307 Sunstone Cross Near SBI ATM Goldleaf Nagar Kochi MP	IN
S2-000375	Ironwood Meridian Textiles P Ltd	365 Kestrel Road, Ironwood Nagar, Coimbatore	IN
S2-008366	Smmit Electricals Limited	24/87 Goldleaf Rd, Bluepeak PPark, Peoria	IN
S2-006488	Stonebridge Electricals	Summit Dr, Akron, 32797	USA
S2-008617	Silverline Motors Co	229 Summit Rd, Quarry Park, Peoria, AL, 25586	USA
S2-004182	Apex Textiles Limited	216 Harbor Road, Stonebridge Nagar, Coimbatore	India
S2-007341	Quuarry Textiles	Ironwood Avenue, Fresno	United States
S2-001418	Fallcon, Onyx Solutions	Stonebridge Avenue, Near Exit 14, Juniper Park, Fresno, 84335	United States
S2-007766	Summit Services & Sons Corporation	44 Harbor Road, Harbor Park, Akron, AL	United States
S2-001692	Verttex Ellectricals LLC	321 Brightpath Rd, Near Exit 14, Mobile, WA	USA
S2-001189	Meridian Trading imited	74 Redwood Marg, Ironwood Nagar, Nagpur, Maharashtra, 488397	IN
S2-003019	Apex, Textiles	111 Redwood Marg, Onyx Nagar, Jaipur, Gujarat, 436524	IN
S2-002580	Sunstone, Summit Cheicals Corp	356 Cobalt Road, Behind the Civic Center, Meridian Park, Akron	United States
S2-003905	Sunstone Silverline Electricals Private Limited	357 Onyx Rd, Goldleaf Nagar, Indore, Rajasthan	India
S2-008625	Cobalt, Services Priivate Limited	125 Kestrel Mn, Falcon Nagar, Surat, Kerala, 315703	IN
S2-007778	Orchid Services Co	79 Goldleaf St Kochi Gujarat 151370	US
S2-003257	Blueppeak Packaging LLC	21 Ravenwood Rd, Summit Park, Tacoma, OH, 84316	United States
S2-006111	Quarry Electricals Incorporated	343 Falcon Avenue, Juniper Park, Akron, CA, 43190	US
S2-002582	Bluepeak Electricals Corp	320 Thistle Blvd, Kestrel Park, Fresno, TX, 60462	United States
S2-006385	Ironwood Goldleaf Chemicals Corporation	44 Lantern Boulevard Cobalt Park Austin WA 46330	United States
S2-005988	Meridian Solutions Corp	240 Harbor Drive Mobile TX	USA
S2-000456	Services Kestrel P Ltd	342 Orchid Cross, Stonebridge Nagar, Jaipur, 783045, Gujarat	IN
S2-002836	Summit Falcno Trading	Near Exit 14, 171 Goldleaf Road, Summit Park, Mobile	US
S2-006446	Onyx Trading Co	178 Orchid Ave, Tacoma, TX, 93941	United States
S2-002888	Vertex Private Limited	204 Ironwood Cross, Onyx Nagar, Pune, Tamil Nadu	IN
S2-001148	Kestrel Goldleaf Packaging Co	126 Apex Avenue, Brightpath Park, TX, Austin	United States
S2-001851	Brightpath Enterprises LLC	199 Ironwood Ave, Onyx Park, Akron, 60106	USA
S2-001217	Lantern, luepeak	103 Bluepeak Cross, Orchid Nagar, Surat, Maharashtra	India
S2-004667	Ravenwood Fabrics	Brightpath Marg, Silverline Nagaar, Nagpur, Kerala, 638577	IN
S2-006584	Ketrel eSrvices	111 Ravenwood Road, Suat	India
S2-005325	Pacakging Onyx Ltd	103 Summit Main Brightpath Nagar Indore Tamil Nadu	India
S2-006083	Juinper Apex Consultancy	Falcon Rd, Juniper Park, Peoria, OH, 15905	United States
S2-009321	Summitt Consltancy Limited	48 Clearwater Main Jaipur Rajasthan 638538	IN
S2-005106	Northgate Consultancy Coporation	199 Sunstone Street, Akron, WA, 38123	US
S2-003495	Vertx Foods Incorporated	386 Meridian Boulevard, Sunstone Park, Mobile, AL	US
S2-003856	Juniper Limited Liability Company	349 Juniper Street, Kestrel Park, Mobile, AL, 70734	USA
S2-001000	Brghtpath Inc	Behind the Civic Center 142 Harbor Street Northgate Park Akron OH 31222	USA
S2-007382	Juniper Godleaf Packaging LLC	217 Kestrel Boulevard, Meridian Park, Austin, 88139	USA
S2-006926	Industries Bluepeak Limted	12 Stonebridge Mn, Falcon Nagar, Pune, Tamil Nadu, 617258	IN
S2-005117	Juniper P Ltd	393 Vertex Marg Meridian Nagar Coimbatore Kerala	IN
S2-003190	Electricals Junipe rLLC	111 Sunstone Blvd, Meridian Park, Opp. City Library, Lubbock, IL, 79125	US
S2-002532	Redwood Maplecrest Solutions & Sons Co	109 Brightpath Boulevard Sunstone Park Mobile TX	USA
S2-004177	Falcon Industries Private Limited	295 Juniper Rd, Apex Nagar, Nagpur, 420552	India
S2-006818	Clearwater Service sCo	Maplecrest Rd, Ravenwood Pakr, Austin	US
S2-002021	Susntone Systems Limited Liability Company	115 Ravenwood Rd Fresno OH 76518 Meridian Park	US
S2-002066	Northgate Enterprises Co	349 Bluepeak Blvd Cobalt Park Peoria WA 25131	US
S2-007304	Falcon Maplecrest Logistics Private Lmiited	3 Orchid Marg, Vertex Nagar, Pune	IN
S2-007441	Summit Textiles Company	337 Maplecrest St, Sunstone Park, Austin	United States
S2-008271	Onyx Chemicls	213 Juniper Rd, Opp. Bus Depot, Meridian Nagar, Pune, 451928	IN
S2-002972	Harrbor Chemicals Pvt Ltd	96 Vertex Crs, Ravenwood Nagar, Nagpur	India
S2-004305	Harbor rightpath Foods & Sons Inc	80 Goldleaf Ave, Bluepeak Park, Fresno, OH, 38405	US
S2-004073	Ironwood Trading	Kestrel Dr Onyx Park Peoria WA 39138	US
S2-000569	Clearwater ServicesP rivate Limited	98 Falcon Rd, Nagpur, 9990520	India
S2-006538	Falcon Etnerprises Limited Liability Company	357 Kestrel Boulevard, Behind the Civic Center, Austin, CA, 38183, Stonebridge Park	United States
S2-004420	Quaryr Inc	Stonebridge Boulevard, Peoria	United States
S2-000720	Lanten and ons Corporation	Cleearwater Blvd, Opp. City Library, Apex Park, Tacoma, OH, 66887	USA
S2-007014	Brightppath Farbics	Behind thhe Civic Center 348 Clearwater Avenue Quarry Park Tacoma TX	US
S2-001815	Thistle Chemicals Incorporated	32/46 Quarry Rd CA 20208 Akron	United States
S2-002222	Onyx Consultancy Corporation	Tacoma, 59 Harbor Blvd	USA
S2-001764	Northgate Packaging Inc	386 Kestrel Road, Goldleaf Park, Tacoma, OH, 32792	USA
S2-009096	Juniper Motros Ltd	3/42 Ravenwood Mn, Coimbatore	IN
S2-000734	Bluepeak Orchid Private iLmited	314 Sunstone Crs, Onyx Nagar, Pune	IN
S2-006053	Apex	59 Clearwater Boulevard, Apex Park, Tacoma, WA	USA
S2-006345	Clearwater Solutions Pvt Ltd	Near Metro Pillar 42, Jaipur, MP, 534553, 31/17 Silverline Crs	IN
S2-001626	Enterprises Clearwater P Ltd	79 Summit Rd, Juniper Nagar, Nagpur, Kerala, 125678	IN
S2-008226	Quarry Tradin gLimited Liability Company	Opp.Bus Depot, Nagpur, Tamil Nadu, 10/68 Northgate Mn	United States
S2-006148	Summit lEectricals Incorporated	142 Stonebridge Rd Silverline Park Peoria AL 68413	United States
S2-004512	Cobalt Faabrics Limited Liability Company	242 Vetrex Drive, Lantern Park, Lubbock, 83302	USA
S2-003420	Foods Ravenwood Limited	12/71 Quarry Main Meridian Nagar Jaipur Tamil Nadu 208035	India
S2-007070	Northgate Logistis and Sons Co	356 Sunstone Ave, Ironwood Park, Peoria, 90466	US
S2-005650	Thistle Consultancy & Sons Incorporated	183 Harbor Dr, Behind the Civic Center, Mobile	USA
S2-006249	Redwood Redwood  Textiles P Ltd	153 Quarry Street, Behind Ganesh Temple, Harbor Nagar, Pune, Gujarat, 689094	India
S2-002441	Ironwood Elecctricals Co	179 Kestrel Boulevard, Sunstone Park, Akron, IL, 60452	United States
S2-001747	Vertex Foods	217 Northgate Crs Clearwater Nagar 805029 Indore	IN
S2-007776	Thistle Onyx Textiles	44 Clearwater Avenue, Mobile, WA	India
S2-001129	Quarry Fabrics Private immited	378 Apex Road, Brightpath Nagar, Surat, Rajasthan, 720691	IN
S2-003017	Summit oFodds	Near SBI ATM, 5/60 Vertex Rd, Falcon Nagar, Kochi, 222182	IN
S2-001179	Brightpat Orchid Systems	6 Brightpath St, Fresno, 18580, Onyx Park	United States
S2-008767	Redwood Trading	Opp. Bus Depot, 314 Maplecrest Mn, Harbor Nagar, Austin	IN
S2-000463	Onyx Logsitics Inc	Quarry Boulevard, Quarry Park, Behind the Civic Center, Mobile, TX, 90255	United States
S2-001316	Cobalt Chemicals & Sons Pvt Ltd	184 Meridian Rd agpur Tamil Nadu 497380	India
S2-004102	Stonebrigde Services Corp	28/36 Northgate Rd, Stonebridge Park, Fresno, 81753	USA
S2-005508	Redwood Industris Inc	373 Kestrel Ave, Harbor Parkk, Fresno	US
S2-003117	Onyx  Corporaation	Near Exit 14, 214 Clearwater Blvd, Fresno, 94716	USA
S2-001227	Clearwater Electricals	378 Quarry Rd, Jaipur	India
S2-007069	Maplecrest, Trading P Ltd	84 Harbor Street, Juniper Nagar, Pune, Kerala, 908272	IN
S2-000724	Summti Chemicals Private Limited	237 Meridian Road, Thistle Nagar, Pune, Kerala	India
S2-007142	Harbor Motors	213 Onyx Rd, Surat, TX, 90065	USA
S2-006956	Clearwater Vertex Consultancy Corp	298 Summit Blvd, Behind the Civic Center, Summit Park, Tacoma, TX	US
S2-000876	Brightpath Motors	184 Maplecrest M, Silverline Nagar, Behind Ganesh Temple, Coimbatore, 323164	IN
S2-007393	Juniper Consultancy Co	20 Kestrel Blvd, Summit Park, Fresno, IL	US
S2-004222	Foods Northgate Limited	43 Cobalt Cross, Pune, MP	IN
S2-004854	Junipeer & Sons Corp	210 Northgate St, Behind the Civic Center, Goldleaf Park, Lubbock, CA, 65566	USA
S2-008153	Redwood Electricals & Sons Corporation	377 Orchid Boulevard Near Exit 14 Tacoma CA 59387	USA
S2-008100	Falcon, Consultancy Company	239 Thistle St, Sunstone Park, Peoria, TX, 38926	United States
S2-003725	Orchid OnyxS ystems LLC	207 Lantern Dr Mobile IL 83562	USA
S2-003400	Golldleaf Textiles Pvt Ltd	389 Cobalt Mn, Kochi, Maharashtra, 532496	IN
S2-000922	Redwood Consultancy Ltd	95 Vertex Mn, Kestrel Nagar, Gujarat, Nagpur	India
S2-001032	Juniper Maplecrest Foods Pvt Ltd	139 Ironwood St, Meridian Nagar, Nagpur	IN
S2-009206	Northgate Consultancy Incorporated	384 Sunstone Cross, Brightpath Nagar, Nagpur, MP, 514691	United States
S2-008909	Vertex Chemicals  Ltd	331 Orchid Marg, Stonebridge Nagar, Indore, Tamil Nadu	IN
S2-003677	Northgate Ravenwood Enterprises	316 Maplecrest Rd Opp. City Library Meridian Park Austin 27827	United States
S2-003791	Thistle, Systems Siilverline oCmpany	393 Orchid Boulevard, Goldleaf Park, Fresno, 35716	USA
S2-002503	Kestrel Meridian Consulltancy Ltd	45 Kestrel Marg, Apex Nagar, Coimbatore	India
S2-002039	Onyx FabricsCorp	Opp. City Library, 173 Juniper Blvd, OH, Austin	US
S2-000758	Kestrel Enterprises	Meridian Boulevard, Thistle Park, Lubbock, OH, 81257	US
S2-007578	Bluepeak Solutions Limited Libility Comany	Thistle Rd, Apex Park, Austin, AL, 72873	United States
S2-005204	Onyx Harbor Industries Co	288 Northgate Road, Silverline Park, Austin, CA, 26661	USA
S2-000435	Falcon Redwood nad Sons Private Limited	26 Onyx arg, Maplecrest Nagar, Nagpur, Rajasthan	India
S2-006052	Sunstone && Sons LLC	Opp. City Library, 285 Silverline Boulevard, Lantern Park, Austin, CA, 84163	United States
S2-005209	Summit, Meridian & Sos Corp	Sunstone Rd, Redwood Park, Mobile, IL	USA
S2-001417	Solutions Falcon Onyx Company	Juniper Park, Fresno, IL, 84335, 114 Stonebridge Ave	US
S2-007852	Apex Consultancy Limited	Juniper Rd, Behind Ganesh Temple, Lantern Nagar, Coimbatore, 568761	India
S2-001975	Packaging Brightpath BBrightpath P Ltd	171 Lantern Main Meridian Nagar Nagpur Gujarat 393499	India
S2-009260	Summit Chemicals Private imited	270 Bluepeak Marg, Opp. Bus Depot, Coimbatore, 479998	India
S2-004729	Nrothgate,  P Ltd	289 Redwood Cross, Vertex Nagar, Surat, Rajasthan, 379246	India
S2-001841	OnyxPvt, Ltd	Near SBI ATM, 301 Sunstone Cross, Stonebridge Nagar, Surat, Maharashtra, 700301	IN
S2-007017	Bluepeak Trading & Sons	95 Falcon Road, Orchid Park, Fresno	US
S2-008077	Juniper Systems	Opp. Citty Library, 43 Falcon Street, Peoria, CA	United States
S2-006675	Northgate Logistics	Behind the Civic  Center Redwood Park Peoria CA 61 Goldleaf Blvd	USA
S2-005219	Snstone Solutions Inc	221 Silverline Avenue, Falcon Park, Fresno, AL, 50680	USA
S2-007024	Maplecrest Motors Incorporated	11 Onyx Road Clearwater Park Peoria 61030	US
S2-004008	Vertex Ltd	318 Orchid Crs, Nagpur, Maharashtra, 368966	India
S2-003804	Irowood, Cop	31/6 Juniper Ave, Quarry Park, Fresno, CA, 73968	USA
S2-002233	Lantern Fabrics Limited	159 Harbor Main, Kochi, MP	India
S2-000034	Maplecrest  Silverline Enterprises Pvt Ltd	7/66 Ironwood Marg, Indore, 704846	IN
S2-001902	Vertex, Redwood Packaging Pvt Ltd	107 Vertex Road, Maharashtra, 464948, Pune	India
S2-003043	Quarry Solutions	281 Juniper Cross, Onyx Nagar, Coimbatore	IN
S2-005479	Goldleaf Foods	392 Apex Road, Stonebridge Park, Tacoma, 92474	US
S2-005191	Apxe Incorporated	Behind the Civic Center, 250 Vertex Dr, Redwood Park, Lubbock, WA, 46959	USA
S2-003568	Harbor Thistle Services	26/53 Redwood Marg, Apex Nagar, Kochi, Rajasthan, 421704	IN
S2-008659	Sunstone Enterprises Co	103 Goldleaf Drive, Quarry Park, Peoria, WA	US
S2-002616	Summit Chemicals Private Limited	Opp. Bus Depot, Vertex Street Brightpath Nagar, Nagpur	India
S2-008803	Onyx andSons	321 Lantern St, Harbor Nagar, Jaipur, Gujarat, 729895	India
S2-004771	Ironwood, Industries & Sons Incorporated	20 Kestrel Ave Near Exit 14 Lantern Park Austin TX 18439	USA
S2-002476	Ravenwood, Consultancy & SSons	235 Kestrel Road, Goldleaf Park, Lubbock, 85690	US
S2-001775	Vertex P Ltd	90 Silverline Road, 156175, Kochi	India
S2-000167	Mapllecrest Kestrel Trading	161 Brightpath Drive, Bluepeak Park, Tacoma, WA, 26648	USA
S2-006767	Silverline Bluepeak Services Incorpporated	Bluepeak Avenue Ravenwood Park Lubbock CA 27850	USA
S2-001842	Apex, Electricals Ltd	161 Sunstone Main, Behind Ganesh Temple, Goldleaf Nagar, Pune, MP, 306426	IN
S2-001485	Brightpath Services LLC	16/17 Summit Street, Redwood Park, Akron	US
S2-009070	Lantern Systems & Sons Co	231 Quarry Street, Thistle Park, Austin, 16754	USA
S2-005273	Harbor Enterprise sLimited	38/39 Clearwater Rd Goldleaf Nagar Indore MP 257140	India
S2-008352	Onyx Industriees LLC	375 Lantern Road, Lantern Park, Lubbock, TX, Behind the Civic Center	United States
S2-001453	Goldleaf Foods & Sons Corp	290 Lantern Drive, Goldleaf Park, CA, 69590, Mobile	USA
S2-001770	Cobalt Foods	42 Apex Boulevard Cobalt Park Mobile CA	United States
S2-002293	Maplcerest Chemicals Pvt Ltd	36 Bluepeak Road Apex Nagar Surat Maharashtra	India
S2-004203	Summit Logistics & Sons P Ltd	21/36 Clearwater Road, Quarry Nagar, Coimbatore, Near SBI ATM	India
S2-004142	Ravenwood Meridian Trading Pvt tLd	Sunstone Nagar, Nagpur, Maharashtra, 17/8 Meridian Street	India
S2-005378	Juniper Fabrics Limited	24 Juniper Rd, Cobalt Nagar, Pune, Rajasthan	IN
S2-002181	Packaging Onx & Sons LLC	63 Orchid Dr, Mobile, CA	USA
S2-004953	Kestrel extiles Co	280 Northgate Boulevard, Falcon Park, Fresno, AL, 87440	US
S2-006880	Bluepaek Services Co	349 Ironwood Blvd, Maplecrest Park, Mobile, WA	USA
S2-000819	Brigghtpath Logistics Corp	10/63 Orchid Blvd Northgate Park Lubbock 89866	US
S2-004423	Motros Private Limited	68 Lantern Rd, Near Metro Pillar 42, Meridian Nagar, Pune, Kerala, 958310	IN
S2-003656	Silverline Systems and Sons Limited	383 Onyx Marg Northgate Nagar Pune Rajasthan 18892	India
S2-002666	Sunstone Systems Corp	134 Lantern St, Peoria, 94876	USA
S2-002129	Sunstone Industries Private Limited	393 Cobalt Cross, Vertex Nagar, Indore, Maharashtra	IN
S2-006029	Orchid Consultancy Inc	34/18 Clearwater Boulevard Cobalt Park Akron 77368 TX	USA
S2-001843	Apex Electricals and Sons	314 Cobalt Cs, Onyx Nagar, Kochi, Maharashtra	India
S2-001329	Harobr Enterprises	104 Ironwood Rd, Stonebridge Nagar, Near SBI ATM, Indore, Rajasthan, 301367	IN
S2-006602	Lantern, System sPrivate Limited	209 Northgate Road Thistle Nagar Kochi	India
S2-007044	Verttex, Motors	19 Redwood Main, Goldleaf Nagar, Jaipur, 304151	IN
S2-007638	Goldleaf Lantern Fabrics Corp	161 Maplecrest St, Lubbock, WA, 87680	US
S2-008839	Junipeer Chemicals Private Limited	181 Silverline Dr, Meridian Park, Peoria, 27394	IN
S2-003130	Enterprises Quarry Limited	Behind Ganesh Temple 294 Sunstone Street Cobalt Nagar Indore 838914	IN
S2-002540	Goldleaf Orchid Private Limited	308 Lantern Road, Kestrel Nagar, Pune, MP	IN
S2-003802	Clearwater Goldleaf Srvices	380 Stonebridge Main, Apex Nagar, Indore, Rajasthan, 639882	IN
S2-002203	Brightpath, Trading rivate Limited	128 Cobalt Crs, Surat, Kerala	India
S2-000173	Vertex Systems Inc	43 Orchid St Vertex Park Fresno IL 28939	USA
S2-006169	Quarry Logistics Private Limited	43 Lantern Main, Northgate Nagar, Near Metro Pillar 42, Surat, Tamil Nadu, 642547	India
S2-003367	Falcon Silverline Logistics P Ltd	175 Cobalt Main, Stonebridge Nagar, Koch, 646676	India
S2-009215	Vertex and Son Co	147 Silverline Rd Kestrel Park Tacoma TX 21861	USA
S2-004708	Bluepea kMotors Incorporated	181 Ironwood Avenue Ironwood Park Lubbock	US
S2-008736	Packaging Ravenwood Sunstone Private Limited	Near SBI ATM, 93 Stonebridge Mn, Nagpur	India
S2-004951	Summit Onyx Logistics P  Ltd	216 Apex Marg, Northgate Nagar, Coimbatore, Kerala, 298681	India
S2-002045	Vertex	397 Quarry Avenue, Quarry Park, Peoria, AL, 56724	United States
S2-003713	Orchid Trading Ltd	Meridian Road, Summit Nagar, Indore, Gujarrat	India
S2-008986	Stonebridge Industrries Private Limited	Brightpath Road, Pune, 394924	India
S2-006128	Goldleaf Motors Company	Cobalt St, Maplecrest Park, Akron, WA, 59256	United States
S2-003835	Sunstone Services Co	127L antern Street, Falcon Park, Akron, 81944	USA
S2-002699	Lantern Consultanccy & Sons P Ltd	193 Falcon Marg, Clearwater Nagar, Indore, 141555	India
S2-001941	Kestrel Industries Co	331 Ravenwood Boulevard, Lantern Park, 51226, Fresno	United States
S2-004513	Cobalt	242 Vertex Dr, Lantern Park, Lubboock, TX, 83302	United States
S2-007787	Summit Chemcals Limited	21/48 Brightpath Marg, Quarry Nagar, Nagpur, Kerala	IN
S2-001746	Vertex Foods Ltd	217 Northgate Crs, Indore, Tamil Nadu, 805029	India
S2-006145	Cobaalt Solutinos	29 Falcon Boulevard, Austin, AL, 67395	US
S2-006844	Stonebridge Consultancy Ltd	345 Ironwood St, Maplecrest Nagar, Pune, Kerala	India
S2-000708	Redwodo, Enterprises	328 Goldleaf Avenue, Vertex Park, Lubbock, 92701	United States
S2-003079	Apex Logistics Inc	205 Sunstone Rd, Orchid Park, Tacoma, 64563	United States
S2-006037	Silverline Electicals VertexP rivate Limited	142 Redwood Crs, Northgate Nagar, Nagpur, MP, 251036	India
S2-008990	Services Stonebridge Privaet Limietd	Near Metro Pillar 42, 8/89 Northgate Marg, Pune, MP, 787997	India
S2-004582	Ravenwoood Company	52 Bluepeak Avenue, Ironwoo dPark, Lubbock, CA	US
S2-002020	Meridian and Sons Limited Liability Company	365 Onyx Avenue, Peoria, AL, 51696	US
S2-003624	Ironwood Logistics	54 Ironwood Marg, Jaipur	IN
S2-001267	Harbor Chemicals LLC	325 Goldleaf Ave Opp. City Library Austin AL 69248	United States
S2-008146	Falcon Services & Sons Co	23/7 Juniper Ave Apex Park Peoria OH	US
S2-001025	Ravenwood and Sons Private Limited	330 Ironwood Marg, Northgate Nagar, Surat, Rajsathan, 171675	IN
S2-003747	Thistle Solutions Company	Behind the Civic Center, Juniper Blvd, Peoria, OH	USA
S2-002094	Silverline Maplecrest Trading and Sons	44 Lantern Boulevad, Summit Park, Peoria	United States
S2-006213	Stonebridge Chemicals Incorporated	Brightpath Park Peoria 262 Vertex Drive	US
S2-003790	Thistle ilverline SystemsC ompany	393 Orchid Boulevard, Goldleaf Park, eNar Exit 14, Fresno, 35716	United States
S2-000782	Ravenwood Texitles	Juniper Road, Redwood Nagar ,Nagpur, Kerala, 923962	IN
S2-000017	Brihgtpath Chhemicals Limited	194 Goldleaf Marg, Brightpath Nagar, Surat, Rajasthan	India
S2-002584	Cobalt Bluepeak Idnustries Company	1 Thistle Ave, Onyx Park, Austin, WA,3 5344	USA
S2-006472	Orchid Services & Sons P Ltd	Falcon Nagar, Jaipur, MP, 571452, 165 Vertex Cross	IN
S2-006002	Juniper Chemicals Inc	198 Juniper Street, Moile, WA, 87875	USA
S2-003204	Summit Harbor Chemicals Comppany	10 Juniper Avenue, Lantern Park, Peoria, 58197	US
S2-006804	Thistle Vertex Chemicals & Sons Company	Lantern Rd Silvrline Park Peoria OH	United States
S2-000371	Maplecrest Solutions Pvt Ltd	17/16 Redwood Road, Cobalt Nagar, Pune	IN
S2-007353	Thistle Fabrics and ons	284 Thistle Cross, Lantern Nagar, Coimbatore, Gujarat	India
S2-008663	Goldleaf, Motors and Sons Incoorporated	310 Clearwater Street Clearwater Park Akron TX	USA
S2-005089	Stonebridge Solutions	240 Meridian Road, Near Exit 14, Austin, IL, 99863	US
S2-002605	Ravenwood Solutions and Sons	217 Thistle Dr, Stonebridge Park, Austin, IL, 80869	United States
S2-007599	Northgate, Serviices Incorporated	7/39 Juniper St, Apex Park, 46339, Lubbock	USA
S2-006549	Maplecrest Limited	218 Brightpath Street, Clearwater Nagar, Coimbatore, Gujarat, 144500	India
S2-001118	Brighptath Consultancy Cobalt	152 Clearwater Avenue Brightpath Park Peoria IL 36971	US
S2-001290	Quarry Silverline Textiles PrivateLimited	392 Juniper Mn, Juniper Nagar, Pune, Maharashtra	India
S2-008222	Cobalt Fabrics P Ltd	Summit Rd, Orchid Nagar, Opp. Bus Depot, Surat	India
S2-007677	Clearwater Systems and Soons Corp	187 Summit Boulevard, Peoria, OH	United States
S2-000957	Falcon, Industries Corporation	179 Silverline Dr, Kestrel Park, Akron, IL, 86541	United States
S2-001490	Mridian Consultancy	18 Redwood Main, Sunstone Nagar, Indore, Gujarat, 793663	IN
S2-001497	Kesterl Industries	Meridian St, 536093, Kochi	India
S2-003902	Reedwood Packaging Ltd	182 Stonebridge Rad, Nagpur, 826899, Goldleaf Nagar	IN
S2-000405	Redwood Northgate Ptv Ltd	304 Meridian Cross Near SBI ATM Summit Nagar Coimbatore	India
S2-002112	Lantern Trading  Company	314 Juniper Avenue, Lantern Park, Fresno, WA	USA
S2-007841	Veretx	302 Maplecrest Rd Tacoma 56859	USA
S2-003437	Orchid Service Corporation	Behind the Civic Center Tacoma TX 34367 22 Stonebridge Ave	United States
S2-004359	Blueepeak Trading Limited	Near Metro Pillar 42 76 Orchid Cross Brightpath Nagar Jaipur	India
S2-008605	Kestrel Silverline Packaging LLC	77 Clearwater Ave, Kestrel Park, Tacoma, 57710	United States
S2-004848	Maplecrest Chemicalss Ltd	206 Kestrel St, Thistle Nagar, Opp. Bus Depot, Indore, Gujarat, 922160	IN
S2-003975	Goldleaf Enterprises Private Limited	88 Brightpath Marg Meridian Nagar Kochi	IN
S2-004109	Goldleaf Services  & Sons P Ltd	134 Ravenwood Road, Orchid Nagar, Kochi, Rajasthan, 247113	IN
S2-008858	Fabrics	114 Clearwater St, Behind Ganesh Temple, Meridian Nagar, Tacoma, MP, 259107	India
S2-003282	Goldleaf, Corp	Quarry Park, Tacoma, Ironwood Road	United States
S2-004172	Goldleaf Systems LLC	377 Apex Dr, Orchid Park, Akron, 12756	USA
S2-007929	Silverline Electricals Limmmited	132 Bluepeak St, Maplecrest Nagar, Pune, Rajasthan, 157908	India
S2-008090	Junipper Electricals Ltd	93 Goldleaf Cross, Kochi, Tamil Nadu, 971819	IN
S2-003357	Enterprises Corporation	48 Brightpath Blvd, Silverline Park, Austin, 98698	US
S2-002658	Meridian Pvt Ltd	211 Onyx Street Silverline Nagar Indore Rajasthan 371879	India
S2-000786	Orchid Vertex Enterprises LLC	78 Maplecrest Avenue, Near Exit 14, Tacoma	United States
S2-001367	Meridian Maplecres LLC	66 Apex Street, Akron, 85821	USA
S2-006397	Goldleaf, Northgate Enterprises & Sons Corporation	Harbor Dr, Northgate Park, Mobile	US
S2-003629	Quarry Juniepr Chemicals Private Limited	279 Quarry Marg Redwood Nagar Pune Gujarat 738820	India
S2-000544	Industreis Onyx	Pune, Tamil Nadu, 206 Harbor Rd	India
S2-008880	Summit LLC	Near Exit 14 669 Cobalt Drive Juniper Park Austin TX	USA
S2-001313	Goldleaf IndustriesLLC	193 Quarry Rd Onyx Park Mobile 58315	USA
S2-002482	Northgate Juniper Industries Company	388 Summit Boulevard, Apex Park, Fresno, CA, 56876	USA
S2-004039	Kestrel Textiles Private Liimited	51 Cobalt Main Sunstone Nagar Coimbatore Tamil Nadu 167979	IN
S2-000584	Silverline & Sons Ltd	108 Thistle Rd, Orchid Nagar, Nagpur, MP	IN
S2-003531	Juniper Fabrics Private Limited	393 Ironwood Marg, Kochi, MP, 509253	India
S2-000694	Silverline Packaging Limitd	297 Sunstone Marg, Kestrel Nagar, Kochi, MP, 173278	IN
S2-004133	Meridian Enterprises Companny	33/48 Onyx St Ironwood Park Mobile 58732 CA	USA
S2-008613	Kestrel Solutios Limited	Behind Ganesh Temple, 34 Clearwater Rd, Bluepeak Nagar, Surat, MP, 810974	IN
S2-000439	Bluepeak Solutions Pvt Ltd	Juniper Rd, Clearwater Nagar, Nagpur, 504600	India
S2-005674	Falcon Sunstone Services Pvt Ltd	391 Apex Road, Maplecrest Nagaar, Coimbatore, Kerala	IN
S2-007414	FoodsRavenwood Ltd	Harbor St, Near Metro Pillar 42, Silverline Nagar, Indore, 792181	India
S2-005808	Thistle Textiles Limited	102 Onyx Margg, Redwood Nagar, Indore, 426586	India
S2-000599	Quarry Fabrics Pvt Ltd	Quarry Cross, Ravenwood Nagar, Kochi, 302251	IN
S2-008840	Meridian rTading Pvt Ltd	168 Apex Main, Quarry Nagar, Nagpur, 938360	India
S2-005629	System Silverline P Ltd	72 Silverline Marg, Apex Nagar, Coimbatore, 721815	IN
S2-003143	Vertex Motors Company	269 Onyx Dr, Brightpath Park, Mobile, 63041	United States
S2-002004	Northgate Textiles Private Limited	151 Orchid Mn, Summit Nagar, Surat, 128454	India
S2-002405	Ravenwood onsultancy Limited Liability Company	148 tonebridge Rd, Juniper Park, Lubbock, AL	US
S2-008914	Foods, Kestrel	241 Kestrel Drive, Bluepeak Park, Tacoma	USA
S2-005576	Northgate Ironwood Consultancy Limited	Vertex Main, Summit Nagar, Nagpur	India
S2-007403	Summit Enterprises Limited	11 Lantern Strreet, Onyx Nagar, Indore, 478002	IN
S2-001261	Clearwater Solutions an dSons	24/56 Ironwood Avenue, Summit Park, Fresno, TX	USA
S2-006726	Lantern Services Corp	345 Ironwood Ave, Mobile	United States
S2-002527	Trading Vertex Private Limited	Goldleaf Main, Summit Nagar, Coimbatore,  Maharashtra, 669580	IN
S2-000514	Apex Apex Soluttions and Sons Private Limited	175 Vertex Rd, Cbalt Nagar, Pune, Tamil Nadu, 521963	IN
S2-007277	Silverlien Packaging Ltd	152 Juniper Boulevard Vertex Park Pune IL 18691	USA
S2-008414	Northgate Kestrel Limited Liability Company	7 Northgate Ave, Quarry Park, Tacoma, OH	US
S2-002220	Summit Services LLC	239 Onyx Blvd, Harbor Park, Akron, WA	US
S2-008115	Ravenwood Company	354 Ironwood Rd, Near Exit 14, Tacoma, AL, 62256	United States
S2-005342	Harbor Northgat eFoods Private Limited	247 Ironwood Mn, Opp. Bus Depot, Orchid Nagar, Coimbatore, MP, 421693	India
S2-009085	Harbor, Ltd	179 Bluepeak Rd, Silverline Park, Pune, AL	US
S2-004063	Onyx Packaging P Ltd	285 Brightpath Street, Orchid Nagar, Jaipur, MP, 642098	India
S2-008904	Ironwood Logistic Limited	51 Bluepeak Mn, Redwood Nagar, Pune, MP	IN
S2-005879	Stonebridge Textiles Lttd	18/55 Meridian Cross, Silverline Nagar, Jaiipur, Tamil Nadu	India
S2-000496	Kestrel Systems & Sons Co	Vertex Boulevard, Brightpath Park, Fresno, WA, 75671	United States
S2-006175	Falcon Systems Incroporated	120 Orchid Boulevard Clearwater Park Behind the Civic Center Tacoma TX	US
S2-004392	Lantern Packaging Pvt Ltd	92 Redwood St, Thistle Nagar, Indore, Tamil Nadu	IN
S2-004636	Cobat Motors Co	Behind the Civic Center, 343 Maplecrest Dr, Onyx Park, Fresno, WA, 97487	United States
S2-007809	Bluepeak Services	146 Redwood St, Silverline Nagar, Nagpur, Kerala, 366336	India
S2-003961	Summit Inddustries and Sons P Ltd	399 Quarry Marg, Jaipur, Gujarat, 586544	India
S2-005020	Sunstone Juniper adn Sons Incorporated	Onyx Blvd, Stonebridge Park, Akron, TX	US
S2-006481	Silverline Ravenwood & Sons Inc	248 Cobalt Road Kestrel Park Opp. City Library Fresno 14151	United States
S2-000191	Northgate Textiles Private Limited	244 Quarry Rd, Coimbatore, Maharashrta, 705164	IN
S2-008508	Thisstle, Motors Co	Falcon Street, Onyx Park, Peoria, TX, 89993	USA
S2-004595	Ravenwood Latern	347 Redwood Boulevard Redwood Park Mobile 64478	US
S2-000012	Ravenwood, Logistcis Private Limited	184 Redwood Main, Jaipur, Kerala, 863430	IN
S2-001243	Northgate Textiles & Sons Corpoation	162 Apex Ave Tacoma 70101	USA
S2-000448	Juniper Electricals Pvt tLd	Vertex Marg, Indore, Tamil Nadu, 679200	India
S2-006594	Kestrel Textiles rPivate Limited	107 Harbor Rd, Ravenwood Nagar, Surat, Tamil Nadu, 171815	India
S2-000069	Apex Junipr Motors Pvt Ltd	168 Harbor Rd, Orchid Nagar, Jaipur, Tamil Nadu, 833335	India
S2-004139	Quarry Chemicals Corp	127 Onyx Drr, Austin, OH	USA
S2-007513	FalconnCo	58 Cobalt Street, Lubbok, IL	United States
S2-006628	Maplecrest, otors LLC	Fresno, TX, 92296, 37/77 Ravenwood Dr	USA
S2-005621	Packaging Summit	22/28 Ironwood St, Maplecrest Nagar, Kochi, Maharashtra	India
S2-004796	Apex Logistics PvtLtd	Meridian Marg, Coimbatore, Tamil Nadu, 425300	IN
S2-000976	Blupeeak Motors	284 Ironwood Main, Stonebridge Nagar, Opp. Bus Depot, Surat, MP, 975675	India
S2-008722	Brightptah Chemicals Incorporated	124 Brightpath Drive, Orchid Park, Opp. City Library, Akron, TX, 44031	United States
S2-008277	Apex Packagin gLimited Liability Company	Near Exit 14, 47 Ironwood Drive, Mobile, CA	United States
S2-004136	Maplecrest Systems Ltd	42 Thistle Rd, Thsitle Nagar, Tamil Nadu, 766143, Surat	IN
S2-008000	Stonebridge Trading PrivateL miited	62 Falon Marg Ravenwood Nagar Kochi Gujarat 389936	India
S2-004320	Kestrel Fabrics Co	7 Redwood Road, Austin, 63707	United States
S2-004890	Foods Ravenwoo dPrivate Limited	83 Maplecrest Main, Harbor Nagar, Coimbatore, Maharashtra, 448064	IN
S2-008493	Sumit Logistics P Ltd	23/3 Juniper Mn, Nagpur, 431309	India
S2-007477	Sunstonne Enterprises Inc	250 Apex Avenue, Orchid Park, Akron, OH, 69109	United States
S2-007214	Maplecrest Solutions	388 Summit Blvd, Apex Park, Fresno, 56876	USA
S2-007966	StonebridgeEnterprises Ltd	328 Clearwater Road, Redwood Nagar, Jaipur, Kerala, 752663	IN
S2-005468	Brighptath Services Co	186 Harbor St, Lantern Park, Akron, AL	US
S2-005701	Harbor Services & Sons	Ironwood Nagar, Indore, Maharashtra, 178170, 153 Bluepeak Mn	IN
S2-003045	Falcon Services Pvt Ltd	Quarry St, Bluepeak Nagar, Coimbatore, 264827	IN
S2-007181	Godlleaf Private Limited	Near Metro Pillar 42 199 Northgate Crs Pune Kerala 698459	India
S2-003723	Brightpath Consultancy Corp	210 Goldleaf Avenue, Behindthe Civic Center, Kestrel Park, Austin, 94833, CA	US
S2-008805	Juniper  Summit Motors Ltd	163 Vertex Marg Kesstrel Nagar Coimbatore Kerala	IN
S2-005208	Meridian Falcon Motors	207 Orchid Ave Ironwood Park Mobile 44733	US
S2-000825	Quarry Solutions & Sons	Opp. City Library, Clearwater Boulevard, Lantern Park, Tacoma,86510	United States
S2-006851	Sunstone Maplecrestt Limited Liability Company	300 Cobalt Street, Quarry Park, Fresno, 27250	US
S2-007270	Sunstone Harbor Textiles & ons Co	136 Summit St, Brightpath Park, Fresno	United States
S2-007374	Kestrel P  Ltd	326 Silverline Mn, Onyx Nagar, Surat, Rajasthan, 200002	IN
S2-006219	Kesrel Apex and Sons Corp	338 Cobalt St, Meridian Park, Peoria, OH, 12019	United States
S2-008152	Meridian Enterprises and Sons Private Limited	148 Vertex Crs, Surat, Tamil Nadu, 354930	IN
S2-002348	Onyx CConsultancy Limited Liability Company	176 Maplecrest Street, Near Exit 14, Onyx Park, Mobile, 99533	United States
S2-007000	Brighpath SSystems Co	25/27 Brightpath Avenue, Maplecrest Park, Lubbock, TX, 48743	USA
S2-005691	GoldleafS ystems Ltd	354 Sunstone Cross Pune	India
S2-007072	Induustries Lantern Incorporated	260 Bluepeak Drive, Meridian Park, Tacoma, 24576	United States
S2-006771	Clearwatr Packaging and Sons Private Limited	252 Onyx Rd, Ironwood Nagar, Maharashtra,, Nagpur	India
S2-001061	Harbor Foods&  Sons	217 Goldleaf St, Cobalt Park, Lubbock, OH, 26908	United States
S2-007986	Goldleaf Solutions Lantern Limited	178 Quarry Dr Clearwater Park Jaipur 56750	US
S2-000206	Electricals, Ironwood Summit	81 Vertex Street, Cobalt Park, Mobile, OH, 26896	US
S2-005277	Enterprises, Ravenwood Icn	348 Stonebridge Street, Tacoma, 93834	USA
S2-002017	Harbro Private Limited	232 Brightpath Mn, Nagpur, Tamil Nadu	India
S2-002915	Sunstone Fabricss Ltd	175 Cobalt Cross, Surat, Tamil Nadu	IN
S2-008557	Harbor Motors LLC	199 Orchid Blvd Vertex Park Fersno IL	United States
S2-007888	Bluepea Trading & Sons	Bluepeak Nagar, Jaipur, Rajasthan, 952697, 147 Ravenwood Rd	India
S2-005276	Sunstone Chemicals LLC	207 Thistle Rd Peoria WA 73130	US
S2-001304	Summit Systems Private Limited	86 Sunstone Crs, Behind Ganesh Temple, Indore	IN
S2-004961	Cobalt Trading LLC	246 Harbor Rd, Fresno, TX, 40866	USA
S2-004552	Cleawater Incorporated	Juniper Park, Peoria, OH, 209 Quarry St	USA
S2-005467	Ravenwood, Private Limited	103 Meridian Road, Falcon Nagar, Near SBI ATM, Jaipur	India
S2-005407	Clearwater Redwood Textiles tLd	7 Northgate St, Kochi	IN
S2-000669	Orchid Enterprises Limited Liability Company	Near Exit 14, 3/81 Ironwood Road, Tacoma,, IL, 40343	United States
S2-001478	Silverline Systems Limited	25/20 Sunstone Mn Kochi 695632	India
S2-001717	Quarry & Snos Pvt Ltd	Opp. Bus Depot, Meridian Road, Cobalt Nagar, Indore, Rajasthan	India
S2-007936	Thistle Textiles Inocrporatted	ApexStreet, Orchid Nagar, Fresno, MP, 393662	IN
S2-007018	Stonebridge Fabrics	212 Silverline Avenue Sunstone Park Austin CA	United States
S2-007482	Orchid Indusries Corp	281 Apex Cross Near Metro Pillar 42 Onyx Nagar Tacoma	IN
S2-004121	Cobalt Industries P Ltd	Quarry Main, Falcon Nagar, Jaipur, Rajasthan	IN
S2-008188	Cobalt Kestrel Corporation	116 Sunstone Rd Austin Rajasthan	IN
S2-008713	Northgate Services P Ltd	12/47 Stonebridge Mn, Orchid Nagar, Jaipur, 829873	India
S2-005190	Apex Textiles Inc	250 Vertex Dr, Redwood Park, Lubbock, 46959	USA
S2-003631	Lantern Bluepeak Chemicals Pvt Ltd	292 Summit Crs Brightpath Nagar Jaipur	IN
S2-006746	Electricals Vertex	72 Orchid Boulevard, Stonebridge Park, Akron	USA
S2-000152	Cobalt	156 Stonebridge Street, Cobalt Nagar, Nagpur	IN
S2-003794	Redwood Industriies Company	32/28 Ironwood Boulevard, Thistle Park, Austin	United States
S2-004004	Lantern Juniper and Sons Ltd	250 Lantern Street, Meridian Nagar, Kochi, Rajasthan, 491025	India
S2-007985	Silverline Systems Corporation	78 Goldleaf Drive, Stonebridge Park, Mobile, 55405, IL	US
S2-004214	Onyx Northgate Limited	349 Falcon Street, Sunstone Nagar, Jaipur,7 46141	India
S2-007418	Harboor	262 Kestrel Road, Pune, 241464	United States
S2-008361	Cobalt Solutions Private Limietd	63 Ironwood Rd, Near SBI ATM, Surat, MP, 814551	IN
S2-008184	Ironwood Solutions Pvt Ltd	36/87 Stonebridge Marg, Indore, Tamil Nadu, 929539	India
S2-003213	Ironwood Redwood Packaging Co	Juniper St, Ironwood Park, Fresno, AL, 11949	US
S2-004329	Falcon Solutions & Snos Private Limited	269 Meridian Marg, Meridian Nagar, Comibatore, Rajasthan, 461422	India
S2-003497	Stonebridge Solutions LLC	80 Redwood Rd, Maplecrest Park, Lubbock	US
S2-001420	Harbor & Sons Co	144 Orchid Drive, Harbor Park, Near Exit 14, Lubbock	USA
S2-006336	Quarry Industries Limited	67 Stonebridge St, Lantern Nagar, Jaipur, MP, 568643	India
S2-009249	Sunstone Systems Pvt  Ltd	169 Ravenwood Rd, Thistle Nagar, Kochi, Rajasthan, 767009	India
S2-005678	Ravvenwood Motors & Sons Co	111 Onyx Dr, Onyx Park, Lubbock, AL, 37820	US
S2-003229	Cobalt Enterprises Company	244 Redwood Avenue, Brightpath Park, Peoria, 44313	United States
S2-000122	Kestrel, Chemicals Comany	229 Brightpath Street, Maplecrest Park, Peoria, OH, 98180	United States
S2-007512	Juniper, Sytems Co	349 Orchid Crs Lubbock 429429	India
S2-009335	Summit Orchid Industres Inc	138 Ironwood Street, Behind Ganesh Temple, Vertex Nagar, Surat, 515498	USA
S2-005548	Juniper Motors and Sons Corp	Falcon Park, Akron, AL, 64168, 238 Northgate Rd	United States
S2-006998	Goldleaf Onyx Sloutions	33/45 Quarry Crs Ravenwood Nagar Austin Kerala 252554	IN
S2-002462	Maplecret Private Limited	212 Silverline Marg, Ravenwood Nagar, Pune, Rajasthan, 835296	IN
S2-008112	Kestrel P Ltd	17 Vertex Street, Golldeaf Nagar, Jaipur, MP	India
S2-008672	Flcon Fabrics Pvt Ltd	321 Bluepeak Cross Northgate Nagar Pune 644043	India
S2-003671	Harbor Textiles LLC	230 Clearwater Rd, Vertex Park, Near Exit 14, Peoria, IL, 92430	US
S2-005927	Silvrline Textiles	35/38 Silverline Rd Clearwater Nagar Jaipur 489751	IN
S2-001246	Quarry, Pvt Ltd	Near Metro Pillar 42, 165 Ravenwood Mn, Jaipur, Rajasthan, 214113	IN
S2-002626	Stonebridge Brightpath Motors Limited	206 Sunstone Main Silverline Nagar Indore 810696	IN
S2-006267	Orchid Fabrics Limited	207 Lantern Street, Behind Ganesh Temple, Jaipur, Harbor Nagar	IN
S2-001352	Kestrel Textles & Sons Private Limited	270 Sunstone Street, Northgate Nagar, Coimbatore, 645862	IN
S2-006743	Ironwood Lantern Consultancy Corporation	273 Lantern Blvd Bluepeak Park Fresno TX 75418	United States
S2-004544	Maplecrest, Inc	144 Harbor Drive, Brgihtpath Park, Tacoma, 69395	USA
S2-008113	Trading Falcon & Sons	Opp. Bus Depot, 330 Kestrel Street, Kochi, Tamil Nadu, 195148	IN
S2-005200	Stonebridge Goldleaf Industriies Inc	310 Stonebridge Rd, Fresno, IL, 72398	USA
S2-005170	Ironwood Clearwater Systems Limited Liability oCmpany	88 Cobalt Dr, Summit Park, Mobile, CA, 50379	US
S2-008433	Cobalt Motors	150 Juniper Rd, Bluepeak Park, Nagpru	US
S2-006318	Cobalt Industries LLC	118 Stonebridge Street, Goldleaf Park, Lubbock, OH	US
S2-001111	Redwood Pcakaging Inc	35/49 Stonebridge Ave Tacoma	US
S2-005082	Solutions	166 Vertex Road Peoria OH 89783	United States
S2-004571	Onxy Foods & Sons Limited	Silverline Mn Meridian Nagar Indore Kerala	IN
S2-004135	Quarry Chemicals and Sons Pvt Ltd	371 Falcon Rd, Northgate Nagar, Kochi, Kerala	India
S2-009207	Lantern Ironwood Logistics Ltd	132 Goldleaf Cross, Coimbatore, Kerala, 379533	IN
S2-001812	Vertex Fabrics Co	277 Onyx Road Silverline Park Opp. City Library Fresno	USA
S2-008355	Birghtpath Systems	191 Vertex Crs, Ravenwood Nagar, Indore	IN
S2-002092	Harbor, Services Limited iLability Company	212 Cobalt Boulevard Opp. City Library Kestrel Park Lubbock TX	USA
S2-005571	Meridian, andd Sons	156 Orchid Boulevard, Stonebridge Park, Akron, CA, 39298	USA
S2-002942	Kestrel Vertex Systems	49 Meridian Crs, Lantern Nagar, Nagpur, MP, 698806	India
S2-005589	Juniper Foods Ltd	222 Apex Cross, Cobalt Nagar, Coimbatore, 836730	India
S2-000395	Kestrel, Clearwater and Sons Incorporated	275 Falcon St, Apex Park, Mobile, AL, 91789	United States
S2-001694	Vertex LLC	321 Brightpath Rd, Near Exit 14, Quarry Park, Mobile, WA	United States
S2-006637	Ravenwood Onyx Fabrics Pvt Ltd	Apex Marg, Juniper Nagar, Jaipur, Kerala, 956270	IN
S2-004283	Falcon oFods and Sons Inc	176 Irronwood St, Orchid Park, Fresno, OH, 75161	US
S2-007295	Latern Consultancy Pvt Ltd	72 Silverline Marg, Apex Nagar, Coimbatore, Tamil Nadu, 721815	IN
S2-006774	Ocrhid Logistics	111 Apex Dr, Austin, OH, 43540	USA
S2-009051	Falcon, Industries Copany	63 Stonebridge Boulevard, Northgate Park, Akron, AL, 88438	US
S2-001188	Meridian Trading Limited	Behind Ganesh Temple, 74 Redwood Marg, Ironwood Nagar, Nagpur	India
S2-006721	Clearwater Industrie Corp	116 Ironwood Street Vertex Park Lubbock TX 51358	USA
S2-006520	Lantern Ltd	6/65 Quarry Street Near Metro Pillar 42 Kochi MP 360880	IN
S2-008116	Bluepeak Private Limited	335 Bluepeak Road, Vertex Nagar, Kochi	IN
S2-009019	Kestrel Apex Pvt Ltd	79 Ravenwood Mn Juniepr Nagar Coimbatore Rajasthan	India
S2-003119	Clearwater Logistics PPvt Ltd	379 Summit St, Cobalt Nagar, Coimbatore, Maharashtra	India
S2-003461	Stonebridge Trading Limietd Liability Company	24/9 Summit Avenue, Peoria, CA, 60281	US
S2-002508	Chemicals Orchid Northgate	109 Maplecrest Blvd, Tacoma, TX	US
S2-004414	Brightpath, Pakaging	126 Kestrel Road Apex Nagar Behind Ganesh Temple Surat Rajasthan 175833	India
S2-003760	Bluepeak Textiles Stonebridge Company	Apex St, Ravenwood Park, Tacoma, 89932	United States
S2-003839	Harbor Eleectricals Private Limited	196 Meridian Street, Nagpur	India
S2-005150	Orchid Harbor Inc	Opp. City Library, 338 Northgate Avenue, Mobile, IL, 77833	United States
S2-005178	Stonebridge Texitles Onyx and Sons P Ltd	40 Cobalt Cross, Meridian Nagar, Nagpur	IN
S2-000008	Harbor Blueeak Incorporated	358 Sunstone St Cobalt Park Fresno TX 38669	USA
S2-008506	Stonebridge Chemicals Inc	57 Juniper St, Thistle Nagar, Mobile, Gujarat, 507023	India
S2-003509	Brightpath, Limited Liability Company	92 Clearwater Street, Quarry Park, Peoria, OH	United States
S2-005457	Textiles HarborInc	29/52 Cobalt Drive,Juniper Park, Austin, CA, 52976	USA
S2-004733	Northgate Maplecrest Ltd	Meridian Marg, Apex Nagar, Pune, Behind Ganesh Temple	India
S2-004360	Bluepeak Trading Ltd	76 Orchid Cross, Jaipur, Maharashtra	IN
S2-003066	Falcon, Textils Pvt Ltd	199 Stonebridge Road, Brightpath Nagar, Nagpur, Rajasthan, 825184	IN
S2-007298	Meridian & Sons nIcororated	355 Northgate Street, Akron, WA, 39679	United States
S2-001209	Orchid Pvt Ltd	391 Sunstone Marg, Redwood Nagar, Kochi	IN
S2-007630	Vertex Foods Company	Apex Marg, Austin, Maharashtra, 993680, Quarry Nagar	IN
S2-004711	Harbor Cobalt Corp	15/80 Maplecrest Street, Thistle Park, Behind the Civic Center, Lubbock, CA, 65006	US
S2-007268	Lantern Trading and Sons Corporation	359 Cobalt Avenue, Onyx Park, Lubbock	USA
S2-004901	Ironood Logistics	Opp. Bus Depot 238 Redwood Road Brightpath Nagar Indore 261615	IN
S2-003959	Brightpath Bluepeak Motors Limited Liability Company	Brightpath Park, Akron, 227 Cobalt Drive	USA
S2-004244	Stonebridge Solutions LLC	39/48 Ravenwood Rd, Ironwood Park, Tacoma, IL, 40776	USA
S2-005817	Orchid, Trading andS ons LLC	194 Lantern Ave, Lantern Park, Fresno, AL	United States
S2-000412	Brightpath Systtems Private Limited	386 Apex Street, Summit Nagar, Surat, Rajasthan, 595849	IN
S2-006089	Goldleaf Motor sIncorporated	Kestrel Drive Apex Park Near Exit 14 Austin OH83143	USA
S2-003041	Clearwater P  Ldt	Sunstone Road Goldleaf Nagar Surat Tamil Nadu	India
S2-001529	Goldleaf Electriclas P Ltd	3385 Redwood Main, Harbor Nagar, Pune, 348658	India
S2-008088	Orchd Pvt Ltd	307 Ironwood Marg, Redwood Nagar, Jaipur, Kerala, 769850	India
S2-002068	Maplecrest Company	43 Lantern Road, Ironwood Park, Peoria	USA
S2-007560	Cobalt Stonebridge Electricals	Opp. City Library, Clearwater Park, Austin, 18216, 4/15 Maplecrest Dr	United States
S2-001341	Cobalt, aFbrics Co	342 Quarry Blvd, Clearwater Park, Lubbock	USA
S2-008243	Orchid Stoonebridge Logistics Inc	193Cobalt Dr, Austin, 33961	US
S2-005998	Goldleaf TradingLimited	Opp. Bus Depot, 178 Maplecrest Cross, Pune, Rajasthan, 198915	IN
S2-005810	Cobalt Packaging Limited Liability Company	Near Exit 14, 323 Cobalt Boulevard, Austin, 87404	United States
S2-003617	Onyxx Services Pvt Ltd	10/25 Harbor Road, Meridian Nagar, Kochi, 802770	India
S2-005237	Services Ironwood Corproation	Silverline Dr, Falcon Park, Mobile, 67290	United States
S2-006285	Kestrel Brightpath Consultancy P Ltd	371 Lantern Marg, Sunstone Nagar, Jaipur	India
S2-004960	Juniper Onyx Chemicals Private Limited	37 Ironwood Crs, Harbor Nagar, Jaipur, Gujarat	India
S2-007182	Lantern Packaging	Sunstone Cross, Harbor Nagar, Opp. Bus Depot, Mobile, MP, 176434	IN
S2-006238	Ironwoo, dConsultancy Incorporated	34/37 Maplecrest Road, Thistle Park, Opp. City Library, Fresno	USA
S2-006505	Quary Co	86 Quarry Street, Tacoma, IL, 45645	USA
S2-005577	Enterprises Ironnwood	11/48 Apex Mn, Vertex Nagar, Coimbatore, 454928	India
S2-008569	Fabics  &Sons	363 Kestrel Ave, Fresno	United States
S2-005119	Summi Solutions Bluepeak	Opp. Bus Depot, 16/55 Lantern Mn, Orchid Nagar, Kochi, 297810	IN
S2-005062	Fabrics Ravenood Ltd	Ironwood Nagar, Nagpur, 396721, 182 Northgate Crs	IN
S2-002643	Sumit Motors Co	252 Thistle Rd, Apex Park, Fresno, WA, 56022	US
S2-005239	Thistle Kestrel Foods Inc	38 Maplecrest Road, Peoria, TX	USA
S2-008996	Orchid Logisttics and Sons P Ltd	55 Cobalt St, Ironwood Nagar, Surat	India
S2-008965	Maplcrest	131 Onyx Boulevard, Vertex Park, Peoria, 21471	US
S2-005978	Vertex Onyx Solutions Co	164 Silverline Blvd, Goldleaf Park, Mobile, 94742	US
S2-003666	Quarry and Sons Limited Liability Company	279 Silverline Road, Vertex Park, Mobile, AL, 18491	US
S2-002291	Juniper Food sLLC	225 Juniper Boulevard, Near Exit 14, Austin, OH	United States
S2-009068	Kestrel Junipr Pvt Ltd	100 Thistle Marg, Stonebridge Nagar, Kochi, 627178	India
S2-005941	Brightpath Bluepeak Fabrics Ltd	347 Lantern Road, Ravenwood Nagar, Indore, Kerala, 265808	India
S2-000409	Meridian Industries	32/69 Bluepeak Avenue, Brightpath Park, Fresno, CA	USA
S2-004490	Falcon, Solutions Pvt Ltd	Ravenwood Rd, Bluepeak Nagar, Indore, MP, 652799	India
S2-005698	Meridian, eTxtiles Private Limited	90 Vertex Marg, Nagpur, Tamil Nadu, 715316, Lantern Nagar	India
S2-004542	Goldlaef Chemicals Incorporated	344 Cobalt St, Harbor Par,k Akron, 58609	United States
S2-003623	Stonebridge Summti Systems Ltd	230 Orchid Cross, Ironwood Nagar, 344295, Nagpur	IN
S2-003191	Juniper Electricls and Sons Limited Liability Company	187 Summit Ave Harbor Park Lubbock 73646	USA
S2-008476	Ironwood Summit Solutions Crp	154 Apex Street, Cobalt Park, Peoria, WA, 32193	US
S2-001474	Redwood Trading and Snos	Behidn the Civic Center, 74 Apex Drive, Austin, 37744, CA	United States
S2-001178	BrightpathOrchid Systems Corp	Fresno, AL, 6 Brightpath St	US
S2-002685	Bluepeak Pvt Ltd	16/79 Summit Crs, Clearwater Nagar, Jaipur, Rajasthan, 729379	India
S2-007310	Thistle Fabrcis P Ltd	366 Harbor Main, Silverline Nagar, Jaipur	IN
S2-008278	Thistle Teextiles Priavte Limited	205 Stonebridge Dr, Goldleaf Park, Coimbatore, 77686	USA
S2-006705	Stonebridg eSunstone Systems Inc	34/37 Northgate Avenue, Behind the Civic Center, Austin, IL	US
S2-006028	Thsitle Fabrics Corporation	53 Thistle Road, Redwood Park, Tacoma, WA	United States
S2-002597	Slverline Kestrel Private Limited	63 Cobalt Street, Goldleaf Nagar, Surat, Maharashtra, 658222	IN
S2-001861	Bluepeak Motors P Ltd	Ravenwood Nagar, Nagpur, Kerala, 957458, 218 Falcon Street	India
S2-006819	Clearwater Services & Sons Company	357 Maplecrest Rd Austin 51686	USA
S2-004195	Maplecrest Consultancy Corporation	319 Redwod Drive Orchid Park Lubbock 43626	USA
S2-000516	Northgate, Solutions Inc	46 Brightpath Road, Quarry Park, Austin, AL	USA
S2-003680	Juniper Enterprises Company	Onyx Drive Ravenwood Park Peoria	USA
S2-004883	Maplecrestt Lantern LLC	262 Juniper Bllvd, Meridian Park, Mobile, 33623	US
S2-008050	Falcon & Sons	32 Thistle Blvd, Peoria, CA, 22855	United States
S2-002403	Meridian Electriacls P Ltd	387 Sunstone Marg, Falcon Nagar, Jaipur, MP, 455610	IN
S2-005036	Juniper Textiles IInc	Behind the Civic Center, 362 Kestrel Rd, Harbor Park, Mobile, IL, 31205	US
S2-005059	Juniper LLC	208 Falcon Blvd, Orchid Park, Austin, TX, 54819	USA
S2-002309	Brightpath, Redwood Trading Compaany	Near Exit 14, 182 Kestrel Blvd, Juniper Park, Lubbock, OH, 34215	US
S2-007662	Redowo Limited	329 Maplecrest Marg, Pune, Tamil Nadu, 633411	IN
S2-004562	Goldleaf Logistics imited Liability Company	Faclon Blvd, Opp. City Library, Summit Park, Fresno, AL	US
S2-003991	Merridian Electricls Ltd	Falcon Rd Harbor Nagar Pune 696547	India
S2-008744	Stonebirdge Solutions LLC	290 Ironwood Blvd, Falcon Park, Lubbock, 88928	US
S2-002913	OnyxL imited	Near Metro Pillar 42, Jaipur, 667892, 105 Ravenwood Marg	India
S2-000560	Summit Logistics Copmany	30 Orchid Street Behind the Civic Center Mobile CA 82241	United States
S2-002748	Juniper Fabrics & oSns Corp	161 Maplecrest Ave, Peoria, 42959	USA
S2-008175	Redwood Cobalt Indsutries	253 Maplecrest Rd, Bluepeak Park, Austin, 94161	USA
S2-005821	Thiistle Chemicals Limited	6/17 Onyx Road, Maplecrest Nagar, Indore, Rajasthan, 654103	IN
S2-000882	Harbor Limited LLiability Company	20 Thistle Street, Ironwood Park, Lubbock, AL	US
S2-006550	Vertex Packagnig	Nagpur ,33 Juniper Crs	India
S2-009168	Kestrel, Redwood IndustriesLimited Liability Company	Opp. City Library, 388 Silverline Dr, Fresno, CA, 97696	USA
S2-007507	Goldleaf P Ltd	34 Quarry Street, Sunstone Nagar, Indore, 902595	IN
S2-004767	Harbor Sysems LLC	22/4 Stonebridge Rd Mobile CA	US
S2-001206	Harbor Enterprises and  Sons	84 Silverline Dr, Fresno, 49218, Silverline Park	United States
S2-002271	Orchid Clearwater	73 Clearwater Avenue, Orchid Park, Fresno, TX, 95539	US
S2-001483	Northgate Stonebridge Consultancy Private Liimited	315 Silverline St, Coimbatore, Maharashtra, Summit Nagar	India
S2-002623	Bluepeak Textiles Corpooration	Behind the Civic Center, Orchid Avenue, Vertex Park, Peoria, TX, 26341	USA
S2-003810	Kestrel Foods Co	5/44 Quarry Boulevard, Goldleaf Park, Fresno, WA, 66824	US
S2-008371	Onyx Chemicals LLC	290 Summit Street, Austin, 319415	India
S2-003042	Clearwater Chemials & Sons Private Limited	150 Sunstone Main, Maplecrest Nagar, Surat, Maharashtra, 469660	India
S2-000772	Brightpath Chemicasl	227 Clearwater Main, Surat, Tamil Nadu	India
S2-005139	Lantern, Motors Corp	Harbor Street, Lubbock, WA	USA
S2-000084	Apex Chemicals Company	Near Exit 14 378 Clearwater Road Kestrel Park Fresno 42601	USA
S2-004643	Orchidd Corp	150 Summit Road, Akron, 36408	US
S2-008804	Clearwater Cobalt Electricals LLC	Bluepeak Blvd Opp. Cty Library Austin	USA
S2-002926	Juniper Systems Limited	61 Cobalt Marg Thistle Nagar Coimbatore 237770	IN
S2-002511	Clearwtaer Industries Incorporated	Behind the Civic Center, 157 Falcon Road, Fresno	US
S2-000441	Silverline Electricals	93 Ravenwood Street, Surat	India
S2-003078	Summit Textiles Limited	317 Vertex Street, Thistle Nagar, Indore	IN
S2-006854	Quarry Falcon Enterprises LLC	295 Ironwood Boulevard, Ravenwood Park, Austin, WA, 11349	US
S2-008563	Brihgtpath Enterprises	34 Silverline Marg, Bluepeak Nagar, Surat, Tamil Nadu	United States
S2-006492	Conslutancy Vertex Private Limited	383 Falcon Marg, Brightpath Nagar, Coimbatore, MP, 236324	India
S2-008098	Summit Electricals Ltd	140 Redwood St, Falcon Nagar, Pune, Tamil Nadu	India
S2-005202	Clearwater Consultancy Co	296 Brightpath Blvd, Onyx Park, Lubbock	United States
S2-007063	Ravenwood Fooods & Sons Private Limited	Ravenwood Street, Jaipur	USA
S2-002296	Juniper Consultancy Corporation	145 Harbor Drive, Tacoma, 66801	USA
S2-009059	Orchiid, Services Pvt Ltd	Summit Nagar Pune 919785 326 Ravenwood Crs	IN
S2-007558	Thistle, Motors Corrporaation	242 Summit Road, Peoria, WA, 67702	US
S2-005875	Thistle Onyx Solutoins Pvt Ltd	315 Cobalt Main, Kestrel Nagar, Near Metro Pillar 42, Kochi, 627021	India
S2-004006	Vrtex eTxtiles Ltd	318 Orchid Crs, Near SBI ATM, Northgate Nagar, Nagpur, Maharashtra, 368966	IN
S2-003981	Cobalt Packaging P Ltd	354 Northgate Crs, Quarry Nagar, Kochi, Kerala, 123652	India
S2-007395	Sillverline Motors	124 Noorthgate Road Austin TX 36498	US
S2-005110	Quarry Birghtpath Systems	285 Ironwood Rd, Onyx Park, Peoria, OH, 78388	United States
S2-004782	Northgate Fabrics Corp	33/16 Juniper Rd, Akron, WA, 20831	USA
S2-007835	QuarryInc	331 Apex Dr, Silverline Park, Opp. City Library, Tacoma	United States
S2-008873	Stonebridge Textiels and Sons Ltd	27/62 Goldleaf Marg, Orchid Nagar,Nagpur, Maharashtra, 529843	IN
S2-000483	Goldleaf Ravenwodo Electricals Corporation	4/34 Juniper Road, Lantern Park, Lubbock, OH	US
S2-005388	Stonebridge P Ltd	196 Thistle Marg, Jaipur, Gujaart, 456058	IN
S2-005035	Summit Textiles	Opp. City Library, 354 Kestrel St, Austin, TX	United States
S2-002251	Onyx Motors & Sons Private Limited	91 Harbor Cross Jaipur MP	India
S2-007060	Thistle Falcon Industries Ltd	3/37 Lantern Crs, Surat	IN
S2-001613	Redwood Meridian Logistics Private Limited	131 Goldleaf Road Surat MP 125300	India
S2-005911	Trading Northgate Private Limited	Behind Ganesh Temple, Brightpath Marg, Jaipur, MP	IN
S2-004968	Lantern Silverlien Foods	67 Juniper Street, Meridian Park, Opp. Cit Library, Austin, AL, 66426	USA
S2-001711	Juniper, Motors Co	3 Vertex Boulevard, Vertex Park, Lubbock, 97596	United States
S2-000654	Sunstone Systems Pvt Ltd	310 Silverline St Lantern Nagar Gujarat 239305 Pune	India
S2-000386	Northgate  Foods Corp	Vertex Avenue, Mobile	USA
S2-008297	Sunstone, Logistics Private Limited	239 Kestrel St Near Metro Pillar 42 Ravenwood Nagar Jaipur 138456	India
S2-009193	Harbor Ltd	262 Maplecresst Rd, Coimbatore, 52682	US
S2-006491	Vertex Consultancy P Ltd	383 Falcon Marg, Brightpath Nagar, Coimbatore, 236324	IN
S2-002842	Quarry Thistle Packaging PvtLtd	171 Stonebridge Marg, Pune, MP, 194901	IN
S2-003665	Ravenwood P Ltd	86 Ironwood Marg, Kochi, Maharashtra, 609632	IN
S2-004638	Gooldleaf Solutions Ltd	186 Kestrel Mn, Maplecrest Nagar, Opp. Bus Depot, Kochi, Maharashtra, 217501	IN
S2-002624	Harbr LLC	Ironwood Ave Austin OH 15765	US
S2-001588	Falcon Apex ChemicalsP Ltd	30/82 Kestrel Main, Ravenwood Nagar, Indore, Rajasthan, 903290	India
S2-002635	MeridianMotors	174 Redwood St, Maplecrest Nagar, Behind Ganesh Temple, Nagpur, Gujarat, 477236	India
S2-004994	Juniper Fabrics Private Limited	330 Bluepeak Cross Indore 704713	IN
S2-008049	Ironwood, Enterprises Limited Liability Commpany	23/42 Northgate St Vertex Nagar Pune 621141	USA
S2-001084	Bluepeak, Electricals Pvt Ltd	30 Lantern Marg, Nagpur, Maharashtra, 499253	IN
S2-005386	Ironwood Ravenwood Motors LLC	Near Exit 14, 64 Apex Avenue, Brightpath Park, Peoria	United States
S2-005553	Falcon Brightpath Consultancy Limited Liability Company	Behind the Civic Center 273 Juniper Boulevard Austin 38100	US
S2-006965	Jniper Electricals Limited	42 Stonebridge Crs Surat 338137	IN
S2-003702	Ironwood PPvt Ltd	62 Onyx St, Surat ,Maharashtra, 335300	India
S2-009235	Services Goldleaf and Sons Commpany	287 Apex Blvd, Bluepeak Park, Akron, TX, 52736	USA
S2-008007	Kestrel Industries Corporation	254 Cobalt Road, Stonebridge Nagar, Austin, 155927	IN
S2-003887	Sunston Pv tLtd	230 Silverline Rd, Thistle Nagar, Pune, 556200	IN
S2-000220	Brightpath Trading	219 Thistle Drive, Vertex Park, Austin, OH, 24416	United States
S2-007893	Apex Cobalt Chemicals Private Limited	132 Vertex Rd, Stonebridge Nagar, Coimbatore	India
S2-008117	Clearwater  Chmicals Private Limited	4 Falcon Cross, Redwood Nagar, Pune	IN
S2-005869	Redwood Electricals	164 Cobalt Cross, Quarry Nagar, Jaipur, Maharashtra	India
S2-003970	Cobalt Brightath & Sons Ltd	268 Quarry St, Cobalt Nagar, Kochi, Gujarat, 820179	IN
S2-000713	Ravenwood Tradding Ltd	239 Meridian Marg, Falcon Nagar, Jaipur, MP, 718873	India
S2-002063	Northgate Orchid Cehmicals Corp	229 Meridian Blvd, Juniper Park, Akron, 22575	US
S2-001740	Sillverline Packagng	Opp. Bus Depot, 351 Quarry Street, Bluepeak Nagar, Kochi, 232640	IN
S2-000803	Orchid Maplecrest Limited Liability Company	Behind the Civic Center 65 Redwood St Vertex Park Austin 46081	USA
S2-008970	Northgate Logistcis Limited	148 Stonebridge Street, Stonebridge Nagar, Jaipur, MP, 813421	India
S2-001087	Lantern Co	62 Northgate Boulevard, Tacoma, TX	USA
S2-001124	Bluepeak Motors Corporaiton	363 SunstoneD r Apex Park Peoria WA 59160	USA
S2-003335	Qurry Systems	286 Harbor Avenue, Onyx Park, Austin	US
S2-006728	Cobalt Services Pvt td	9 Falcon Cross, Meridian Nagar, Pune, 178563	India
S2-003859	Thistle and Sons Pvt Ltd	357 Northgate Marg, Onyx Nagar, Pune, Tamil Nadu	India
S2-002287	Brightpath Trading Private Limited	Meridian Mn, Silverline Nagar, Coimbatore, 428601	IN
S2-001924	Harbor Compnay	263 Redwood Boulevard, Orchid Park, Lubbock, 35141	United States
S2-007608	Goldlea fEnterprises Limited Liability Company	288 Clearwater St Lubbock AL	USA
S2-002670	Clerawater Enterprises	48 Goldleaf Cross, Jaipur, 227786	India
S2-007740	Juiper Packaging  P Ltd	Redwood Road, Northgate Nagar, Jaipur, Rajasthan	IN
S2-008425	Stonebridge Stonebridge Systems & Sons P Ltd	Ironwood Nagar, Kochi, Maharashtra, 49 Summit Rd	India
S2-008221	Goldleaf Foods	21/40 Orchid Blvd Behind the Civic Centre Quarry Park Akron	United States
S2-003058	Maplecrest Electricals Private Limited	100 Quarry St, Surat, Rajasthan, Meridian Nagar	IN
S2-004614	Silverline Trading P Ltd	39/84 Clearwater Street, Falcon Nagar, Kocih	IN
S2-002278	Ironwood Foods Private Limited	388 Vertex Main Onyx Nagar Kochi	India
S2-003240	Orchid	204 Falcon St, Coimbatore, Maharashtra	India
S2-006923	Industries Private Limited	307 Goldleaf Rd, Brightpath Nagar, Nagpur, Gujarat	India
S2-006497	Falcon Textiles Limited LiabilityC ompany	94 Goldleaf Street, Bluepeak Park, Tacoma	USA
S2-006781	Onyx Private Limited	253 Apex Marg, Maplecrest Nagar, Pune, Gujarat, 8922590	IN
S2-001885	Brightpatth Solutions Ltd	81 Thistle Marg, Brightpath Nagar, Surat, Rajasthan	India
S2-008288	Juniper Solutions Private Limited	385 Brightpath Road Ravenwood Park Jaipur 38361	US
S2-004566	Meridian Systems	Opp. City Library, 348 Northgate Avenue, Goldleaf Park, Peoria, 38222	USA
S2-007610	Brightpath Quarry Chemicals Corp	262 Sunstone Mn, Stonebridge Nagar, Mobile, Maharashtra	India
S2-003777	Silverline Sunsotne Industries P Ltd	128 Northgate Marg, Opp. Bus Depot, Brightpath Nagar, Coimbatore, Tamil Nadu, 427100	India
S2-002944	Harbo rEnterprises Ltd	236 Apex Crs Vertex Nagar Pune	India
S2-003941	Bluepeak Fabrics Pvt Ltd	10/63 Quarry Rd, Lantern Nagar, Nagpur, Kerala	India
S2-002646	Falcon Ironwood Industries Limited Liabiliyt Company	286 Falcon Boulevard, Juniper Park, Austin, AL	United States
S2-006841	Bluepeak Stonebridge Packaging Company	Ironwood Avenue, Fresno, TX, 12975	US
S2-005143	Brightpath Trading	322 Stonebridge Main, Cobalt Nagar, Coimbatore, MP, 756472	IN
S2-006449	Kestrel Services and Sons Private Lmited	220 Orchid Crs, Onyx Nagar, Indore, Rajasthan	India
S2-007426	Thistle Industries Limited Liability Company	179 Apex Boulevard, Tacoma, AL	US
S2-004309	Ironwod Enterprises Pvt Ltd	339 Lantern St, Thistle Nagar, Pune, MP	India
S2-004160	Cobalt Logistics Co	Kestrel Rd Vertex Park Peoria	US
S2-003498	Onyx Systems P Ltd	398 Juniper Rd, Harbor Nagar, Kochi, Gujarat	India
S2-000704	Fabrics Goldleaf Ldt	285 Clearwater Crs, Kestrel Nagar, Pune	India
S2-000937	Silverline Electricals	10/75 Apex Road, Cobalt Park, Behind the Civic Center, Akron, 80552	US
S2-006147	Rdewood Tading	Thistle Street, Stonebridge Nagar, Jaipur, 354122	IN
S2-007377	Electricals Maplecrest LLC	Quarry Street ,Behind the Civic Center, Akron	USA
S2-003270	Ironwood Industries Private Limietd	355 Stonebridge Marg, Surat	IN
S2-002512	Clearwater Industries Incorporatde	Falcon Rd, Silverline Park, Fresno, OH, Behind the Civic Center	United States
S2-009329	Veretx Apex Co	24/21 Sunstone Boulevard Cobalt Park Akron CA 38060	US
S2-006734	Chemicals Sunstone Inc	Stonebridge Park Fresno 125 Thistle Boulevard	United States
S2-002370	Apex Textiles Private Limited	237 Silverline Rd, Kochi, Rajasthan, 974381	India
S2-004872	Summit Electricals Ltd	9/22 Falcon Crs, Summit Nagar, Kochi, Gujarat, 412229	India
S2-007837	Summit Solutions and Sons Corp	173 Summit Drive, Quarry Park, Tacoma, IL, 81682	USA
S2-001353	Kestrel Textiles Privatee Limited	Sunstone St, Near SBI ATM, Northgate Nagar, Coimbatore, Kerala, 645862	IN
S2-007851	Sunstone Motors CCorp	199 Orchid Road, Mobile, 61689	United States
S2-001340	Cobalt CConsultancy Co	347 Maplecrest Dr, Stonebridge Park, Mobile	US
S2-008732	Falcon Entreprises LLC	Silverline Park, Tacoma, TX, 59827, 129 Onyx Road	United States
S2-000845	Orchid Textiles P Ltd	Stonebridge St Indore MP 405841	IN
S2-001616	Harbor orp	397 Quarry Dr, Bluepeak Park, Lubbock, AL, 64992	United States
S2-003396	Suummit, Packaging	Summit Blvd, Akron, AL	USA
S2-001293	Northgate Chemicals Pvt Ltd	37/55 Kestrel St, Kochi, Gujarat, 845365	IN
S2-000648	Iroonwwood Textiles Inc	133 Stonebridge Rd Goldleaf Park Akron AL 45595	United States
S2-005890	Solutions, Goldleaf Limmited	291 Harbor Marg, Jaipur, 311481	IN
S2-001598	Maplecrest Enterprises Ltd	325 Summit Marg, Quarry Nagar, Jaipur, 316700	India
S2-004279	Maplecrest Solutions	249 Harbor Drive, Bluepeak Park, Austin, AL, 11179	USA
S2-002261	Silverline Foods Corporation	Kestrel Avenue, Mobile, TX, 45042	US
S2-008834	Vertex Solutions Private  Limited	13 Ironwood Ave, Goldleaf Park, Akron, 37555	IN
S2-002266	Vertex Systeems Pvt Ltd	367 Summit Rd, Northgate Nagar, Indore	India
S2-000995	Cleaarwater Thistle Private Limited	35/39 Kestrel Marg, Thistle Nagar, Pune, Tamil Nadu	IN
S2-007470	Redwwood	114 Silverline Marg, Kestrel Nagar, oCimbatore, Maharashtra, 859329	IN
S2-006970	Silverline Industtries Pvt Ltd	317 Orchid St, Stonebridge Nagar, Pune, 175357	India
S2-003530	Juniper Fabrics Private Limited	177 Harbor Cross, Silverline Nagar, Kochi, Tamil Nadu	IN
S2-004460	Sunstone Orchi Consultancy Private Limited	237 Orchid Road, Haror Nagar, Kochi, Kerala, 441178	IN
S2-006024	Electricalls & Sons	97 Onyx Crs Falcon Nagar Near Metro Pillar 42 Coimbatore	India
S2-007859	Verrtex Logistics	Near Exit 14, 217 Goldleaf Ave, Austin, WA	United States
S2-006625	Stonebridge Summit & Sons	118 Apex Marg Surat	India
S2-001785	Falcon Cobalt Chemicals vt Ltd	340 Clearwater Street, Thistle Nagar, Nagpur, 872044	India
S2-001018	Textiles Ravenwood rightpath	7/68 Quarry Rd, Summit Nagar, Near Metro Pillar 42, Surat, Gujarat, 767435	IN
S2-003454	Sunstone Industries	294 Northgate St, Harbor Nagar, Kochi, 930480	India
S2-006853	Quarry Falcon Enterprises Limited Liability Cmapny	Behind the Civic Center, 295 Ironwood Blvd, Ravenwood Park, Austin, 11349	USA
S2-005872	Juniper Sunstone Services Corp	390 Onyx Rd, Sunstone Park, Lubboock, OH	United States
S2-007419	Goldleaf Inc	216 Apex Marg, Coimbatore, 298681	United States
S2-006312	Stonebrigde Systems Ltd	111 Harbor Mn, Kochi, 201206	India
S2-003377	Stonebridge Lantern Textiles Co	280 Sunstone Ave, Orchid Park, Lubbock, CA, 17653	USA
S2-000458	Kestrel Services	342 Orchid Crs Jaipur	IN
S2-001907	Apex, CClearwater	65 Northgate Road, Ironwood Nagar, Coimbatore, Kerala	India
S2-008382	Harbor tLd	Redwood Rd, Surat, Gujarat	IN
S2-007202	Juniper Foods Co	327 Harbor Marg, Ravenwood Nagar, Kochi, MP, 325706	United States
S2-006876	Thistle Packaging & Son sPvt Ltd	379 Ravenwood Mn Summit Nagar Indore Rajasthan	India
S2-008156	Lantern Trading Limited	177 Goldleaf Cross, Sunstone Nagar, Kochi, Maharashtra, 493779	IN
S2-008566	QuarryServices Pvt Ltd	223 Vertex Crs, Sunstone Nagar, Coimbatore, Rajasthan	IN
S2-000254	Apex edwood Systems Incoprorated	348 Cobalt Boulevard Peoria	United States
S2-006903	Vetrex Chemicals Co	109 Cobalt Blvd, Bluepeak Park, Near Exit 14, Akron, 53807	US
S2-002894	Clearwater Clearwater Chemicals Incorporated	221 Falcon Street, Lubbock, WA, 63060, Juniper Park	United States
S2-007817	Silverlnie Fabrics Pvt Lttd	12 Ravenwood Crs, Apex Nagar, aipur, 391010	India
S2-008774	Northgaet TTrading	277 Redwood Road, Onyx Nagar, Jaipur, 776952	India
S2-008180	Silverline Entrpprises LLC	159 Silverline Street, Peoria, Maharashtra, 100482	India
S2-005409	Meridian Vertex Industries Corp	324 Harbor Dr, Silverline Park, Akron, WA, 25970	United States
S2-009149	Cobalt LLC	203 Apex Rd, Stonebridge Park, Austin, WA	United States
S2-005078	Summit Textiles	Sunstone Park, Peoria, IL, 63 Bluepeak Drive	USA
S2-000235	Raveenwood Srevices	Sunstone Road, Kochi, 441333	IN
S2-002081	Ravenwood Foods Pvt Ltd	Thistle Nagar, Near SBI ATM, Kochi, 637258, 38 Thistle Street	IN
S2-000721	Systems Juniper Bluepeak Inc	5 Quarry Boulevard, Quarry Park, Lubbock, OH	US
S2-007185	Lantern Chemicals Limited	Maplecrest Marg, Nagpur	India
S2-009239	Ravenwood Enterrprises	343 Ravenwood Mrag, Redwood Nagar, Kochi, MP	India
S2-004742	Harbor, Trading Private Limited	305 Bluepeak Cross, Bluepeak Nagar, Pune, MP, 830959	India
S2-000705	Goldlea fFabrics Ltd	70 Orchid Main, Falcon Nagar, Near SBI ATM, Pune, 580741	India
S2-007161	Juniper and Sons Incorporated	Ironwood Drive, Northgate Park, Tacoma, WA	United States
S2-006912	Bluepeak Private Limited	89 Falcon Marg, Silverline Nagar, Indore, MP, 289593	India
S2-005406	Textles Redwood Ltd	51 Onyx Road,R avenwood Nagar, Gujarat, Surat	IN
S2-007855	Traidng Onyx nc	44 Stonebridge Drive Tacoma 58755 Near Exit 14	USA
S2-008131	Northgate Chemicals and Sons Limited	173 Sunstone St, Summit Park, Near Exxit 14, Jaipur, WA	USA
S2-009023	Onyx Ironwood Chemicals	374 Meridian Dr Tacoma 49230	US
S2-006536	Redwood, Onyx & Sons LimitedLiability Company	314 Redwood Road, Ironwood Park, Fresno, AL, 22913	USA
S2-006378	Merridian Private Limited	144 Ravenwood Crs, Summit Nagar, Jaipur, Tamil Nadu, 831210	IN
S2-001891	Vertex Fabrics P Lttd	370 Ravenwood Crs, Indore, 524354	IN
S2-007401	Falcon, Enterprises &S ons	Cobalt Marg, Redwood Nagar, Surat	IN
S2-006046	Brightpath, Textiles and Sons PL td	Ironwood Nagar, Nagpur, 658088, 323 Onyx Cross	India
S2-007184	Juniper Brightpath Systems	343 Fallcon Street, Orchid Nagar, Nagpur	India
S2-006522	Sunstone Motors Crpporation	108 Northgate Road, Ironwood Park, Mobile, AL, 37154	USA
S2-008725	Kestrel Fabrics Co	233 Goldleaf Ave, Lubbock, AL, 85756	United States
S2-004202	Summit Logistics and SSons Private Limited	21/36 Celarwater Rd, Coimbatore	IN
S2-003140	Juniper Thistle eTxtiles and Sons	144 Ravenwood Main, Redwood Nagar, Kochi	India
S2-004876	Onyx Systems	33 Falcon Main Nagpur Rajasthan 785729	India
S2-005382	Onyx Fabrics Ld	Sunstone St, Stonebridge Nagar, Surat	IN
S2-001796	Foods Orchid IInc	76 Bluepeak Ave, Orchid Park, Austin, WA, 21422	United States
S2-006395	Services Clearwater P Ltd	Silverline Main, Naggpur, Rajasthan	India
S2-001915	Clearwater Industries and Sons	111 Cobalt Blvd Tacoma 70696	USA
S2-000610	Kestrel Corporation	43 Sunstone St, Thistle Park, Fresno, AL, 65708	United States
S2-002895	Goldleaf Systeems Co	300 Brightpath Drive Meridian Park Austin WA	US
S2-004409	Lantern Northgate Foods Incorporated	5 Silverline Street, Fresno	USA
S2-001693	Verttex	321 Brightpath Rd, Mobile, WA, 32261	USA
S2-000992	Falcon Northgate Indusrties Co	276 Sunstone Avenue, Apex Park, Peoria, IL, 41193	USA
S2-007593	Meridian Electricals	25 Falcon Boulevard, Maplecrest Park, Peoria, 99826	United States
S2-005426	Silverline Incorporated	314 Harbor Rd, Apex Park, Mobile, TX, 86247	United States
S2-005686	Orchid Logistics	76 Harbor Street Orchid Nagar Nagpur	IN
S2-003683	Northggate Ltd	386 Ironwood Street, Onyx Nagar, Coimbatore, Maharashtra, 510194	India
S2-002805	Kestrel, Trading Limited	381 Goldleaf Marg, Thistle Nagar, Coimbbatore, MP, 405158	India
S2-002908	Thistle Electriclas  Co	Behind the Civic Center, 306 Kestrel Boulevard, Akron, AL, 14727	United States
S2-003799	Ironwood Harbor Enterprises LLC	82 Goldleaf Street, Vertex Park, Behind the Civic Center, Akron	USA
S2-006948	Stonebrideg Falcon Enterprises Co	3 Goldleaf St Orchid Park Fresno 23208 AC	United States
S2-002691	Orchid Systems Ltd	Opp. Bus Depot, 191 Apex Street, Indore, 921980	India
S2-008224	Northgate, Motors	46 Brightpath Drive Vertex Park Frenso 66577	IN
S2-001536	Juniper Industries & Sons Private Limited	184 Onyx Road, Behind Ganesh Temple, Kochi, Tail Nadu, 515412	India
S2-001813	Ravenwood Foods Limited	341 Silverline Cross, Thistle Nagar, Surat, MP, 950898	IN
S2-000306	Clearwater FoodsInc	124 Brightpath Blvd Orchid Park Peoria OH	United States
S2-007256	Meridian Packaging LLC	Opp. City Library, 43 Orchid Street, Fresno, IL	United States
S2-009301	Summit Solutions Limited Liabilit Company	41 Bluepeak Drive Akron WA	US
S2-003864	Falcon Meidian	36/31 Falcon Drive, Near Exit 14, Meridian Park, Austin, 53244	USA
S2-007141	Clearwater,  Ravenwood Consultancy	Clearwater St, Clearwater Nagar, Indore, 262574	United States
S2-008755	Silverline, Iornwood Motors Inc	Summit Road, Brightpath Park Akron	USA
S2-002507	Northgate Orchid Chemicals LLC	109 Maplecrest Blvd, Harbor Park, Tacoma, 16929	US
S2-009195	Silverline LLC	382 Clearwater St, Goldleaf Park, Opp. City Library, Mobile, CCA, 35389	US
S2-002052	Thistle Incorporated	78 Ironwood Avenue, Clearwater Park, Near Exit 14, Fresno, 81888	United States
S2-007834	Harbor  Trading	Near SBI ATM 4 Brightpath Cross Stonebridge Nagar Surat Maharashtra	IN
S2-007068	Ravenwood, Ltd	266 Stonebridge Crs, Ironwood Nagar, Jaipur, 525313	IN
S2-003699	Harbor Chemicals Corp	53 Brihtpath Blvd, 29831, Fresno	United States
S2-007574	Onyx onsultancy Ltd	58 Meridian Marg, Opp. Bus Depot, Surat, 740463	IN
S2-001422	Silverline td	Sunstone St Silverline Nagar Kochi 867171	IN
S2-003718	Bluepeak Electricals P Ltd	Behind Ganesh Temple, Maplecrest Mn, Coimbatore, 633672	India
S2-006911	Bluepek Electricals Private Limited	112 Lantern Marg, Orchid Nagar, Indore, Tamil Nadu, 746658	India
S2-008618	Lantern Pvt Lttd	36 Silverline Crs, Summit Nagar, Nagpur, 568259	India
S2-008793	Silverline, Company	173 Brighptath St, Kochi, Maharashtra	US
S2-006295	Suunstone Foods Corporation	321 Bluepeak Blvd, Thistle Park, Tacoma, CA, 38270	USA
S2-004727	Northgate Consultancy P Ltd	157 Redwood Street, Falcon Nagar, Opp. Bus Depot, Coimbatore, Tamil Nadu, 942787	IN
S2-004739	Juniper Industriess  PLtd	Bluepeak Road, Brightpath Nagar, Pune, 921000	IN
S2-006630	Bluepeak Quarry Solutions Corp	Opp. City Library, 27 Meridian Blvd, Tacoma, 79030	United States
S2-002005	Kestrel Enterprises Limtied	372 Brightpath Marg, Silverline Nagar, Surat, Kerala	India
S2-004143	Sumit, P Ltd	Ironwood Road, Maplecrest Nagar, Surat, MP, 161740	IN
S2-007861	Vertex Fabrics Co	244 Meridian Blvd, Akron, 13622	USA
S2-004794	Orchid, Foods	356 Summit Rd, Bluepeak Nagar, Kochi, Tamil Nadu	India
S2-008870	Kestrel	Austin, WA, 32538, 113 Summit Dr	US
S2-004234	Meridian Chemicals	30/61 Meridian Road Silverline Park Austin 11977	US
S2-001512	Kestrel Chemicaals Co	307 Sunstone Blvd, Quarry Park, Austin, CA, 66412	US
S2-000577	Smumit Meridian Electricals	37 Stonebridge Street, Maplecrest Nagar, Jaipur	IN
S2-006205	Northgate Chemicals	188 Juniper St, Sunstone Park, Lubbock, WA, 33950	United States
S2-004859	Clearwater Cobalt Services Ic	32 Goldleaf Ave, Austin, OH, 53741	US
S2-001996	Redood Packaging	347 Ravenwood Rd, Onyx Park, Fresno	USA
S2-005991	Lantern Logstics P Ltd	113 Bluepeak Crs, Clearwater Nagar, Coimbaatore, Tamil Nadu, 835948	India
S2-002328	Quary Systems	350 Ravenwood Rd, Vertex Nagar, Coimbatore, 619018	India
S2-002545	Goldleaf Texxtiles Inc	39/8 Kestrel Dr Harbor Park Fresno WA	United States
S2-002970	Latern	125 Goldleaf Boulevard, Orchid Park, Mobile, 82035	USA
S2-004915	Quarry Chemmicals Inc	Behind the Civic Center, 337 Silverline St, Onyx Park, Austin, AL	United States
S2-005687	Harbor Kestrel	92 Onyx Ave, Harbor Park, Lubbock, 68772	USA
S2-000725	Bluepeak Apex Mtors Incorporated	3 Silverline Street, Kestrel Park, Fresno, CA	USA
S2-001296	Onyx ChemicalsP rivate Limited	228 Silverline St, Juniper Nagar, Pune	India
S2-004903	Orchiid, Systems Private Limited	371 Cobalt Mn, Redwood Nagar, Nagpur	India
S2-001857	Summit Thistle and Sons Company	Vertex Blvd, Kestrel Park, Akron, 36914	USA
S2-003757	Harobr Thistle Enterprise Limited Liability Company	51 Kestrel Blvd, Lubbock, AL	United States
S2-006891	Stonebridge Northgate Motors Limited Liability Company	353 Onyx Dr Harbor Park Fresno AL 54248	US
S2-007726	Juniper Enterprisess and Sons Ltd	234 Harbor Road, Redwood Park, Pune, 57687	USA
S2-005697	Meridian Textilles & Sons P Ltd	Bluepeak Street, Nagpur, 541414	India
S2-000900	Brightpath Fabrics Co	56 Meridian Drive Redwood Park Tacoma	USA
S2-000948	Stonebbridge Solutions Co	Onyx Road, Fresno, AL	United States
S2-008445	Onyx Enteprrises Co	Near SBI ATM, 25/89 Silverline Marg, Goldleaf Nagar, Surat, MP, 299884	USA
S2-009227	Textiles Summit	186 Thistle Avenue Ravenwood Park Lubbock CA	United States
S2-005495	Lantern Orchid& Sons Co	16 Sunstone Dr, Opp. City Library, Tacoma, CA, Juniper Park	United States
S2-005272	Goldleaaf Corp	Ravenwood Blvd, Opp. City Library, Ironwood Park, Austin, TX, 19814	United States
S2-004712	Brightpath Goldleaf Systems Private Limited	255 Ironwood Street Cobalt Nagar Kochi 787889	IN
S2-005370	Quarry Chemicals LLC	36 Sunstone Boulevard, Silverline Park, Fresno, 26293	United States
S2-001274	Meridian Harbor Pvt Ltd	328 Stonebridge Crs, Orchid Nagar, Pune, Rajasthan	India
S2-003201	Cobalt Solutions Limited	168 Meridian Marg, Pune, Clearwaater Nagar	IN
S2-006116	Harbor Chemicals and SSons P Ltd	90 Ironwood Rd, Lantern Nagar, Jaipur, Kerala, 930170	India
S2-006531	Sunstone Textiles LLC	115 Brightpath Boulevard, Lubbock, IL, Clearwater Park	United States
S2-007895	Apex Services Company	70 Lantern Ave, Near Exit 14, Brightpath Park, Austin, WA	US
S2-001121	Bluepeak Trading Ltd	361 Ironwood Main Behind Ganesh Temple Ironwood Nagar Jaipur	IN
S2-001669	Vertex hCemicals & Sons Ltd	391 Ironwood Marg, Redwood Nagar, Nagpur, Maharashtra, 422500	India
S2-009153	Logistics Goldleaf and Sons Private Limited	Northgate Rd, Indore, 371284	India
S2-007504	Kestrel Textiles and Sons Ltd	315 Northgate Ave, Juniepr Park, Lubbock, TX	India
S2-000388	Logistics Silverline  Pvt Ltd	91 Kestrel Mn, Pune, Tamil Nadu	IN
S2-001151	Meridian Logistics P Ltd	2/17 Ravenwood St, Kestrel Nagar, Indore	IN
S2-001307	Brightpath, Industries && Sons Private Limited	158 Thistle Cross, Lantern Nagar, Opp. Bus Depot, Surat, Maharashtra, 801941	IN
S2-008387	Ironwoood Motors Limited	229 Ironwood Avenue, Northgate Park, Mobile, IL	India
S2-008985	Vertex Brightpath Mtors P Ltd	242 Bluepeak Marg, Juniper Nagar, Nagpur	India
S2-009000	Kestrel Enterprises & Sons	247 Stonebridge Blvd Silverline Park Tacoma 19349	United States
S2-003016	Redwood Teextiles	226 Cobalt Rd, Peoria, 40847	United States
S2-006582	Bluepeak Services	Opp. Bus Depot, 21 Cobalt Marg, Vertex Nagar, Jaipur, Gujarat	India
S2-000267	Harbor Chemicals Pvt Ltd	224 Brightpath Crs, Sunstone Nagar, Coimbatore, Kerala, 117137	India
S2-005128	Ironwood Consultancy Ltd	22 Falcon Marg, Goldleaf Nagar, Indore, Gujarat	India
S2-001120	Orchid Industriies Corp	154 Quarry Ave, Brightpath Park, Near Exit 14, Tcoma, CA, 32975	USA
S2-001625	Clearwater EnterprisesP Ltd	Behind Ganesh Temple 360 Orchid Street Cobalt Nagar Nagpur Maharashtra 712421	IN
S2-008205	Clearwater Consultancy Ltd	40 Northgate Main, Coimbatore, Tamil Nadu, 360085	India
S2-005207	Godlleaf Bluepeak Chemicals LLC	120 Lantern Boulevard, Maplecrest Park, Mobile TX	US
S2-005854	Summit LLC	275 Harbor Drive, Maplecrest Park, Mobile, TX	US
S2-000855	Kestrel Redwood Services Company	278 Goldleaf Dr, Redwood Park, Peoria, OH, 95064	USA
S2-005537	Juniper Foods Corp	Peoria CA 37546 70 Ironwood Ave	USA
S2-004350	Harbor Junipe Logistics Corporation	301 Thistle Blvd, Fresno, AL, 48902	USA
S2-007603	Textiles Northgate Apex Private Limited	304 Sunstone Street, Goldleaf Nagar, Kochi, 767010	IN
S2-005542	Summit Serviecs	134 Northgate Rd, Stonebridge Park, Peoria, 55054	United States
S2-008107	Vertex Silverline Elcetricals	Goldleaf Mn, Redwood Nagar, Pune, 518863	IN
S2-004613	Juniper Silvverline	24/20 Bluepeak Street, Brightpath Nagar, Indore, Kerala, 698262	IN
S2-002010	Onyx Motosr Ltd	343 Apex Rd, Cooimbatore, MP, 828815	India
S2-001167	Tistle Logistics	80 Apex Cross Silverline Nagar Surat	India
S2-002382	Silverline Fabrics Private Limited	247 Ravenwood Marg, Brightpath Nagar, Kochi, Maharashtra	India
S2-002907	Silverline Consultancy	Apex Street, Peoria, WA, 91582	US
S2-009213	Goldleaf, Textiles Cop	Opp. City Library, 129 Harbor Rd, Kestrel Park, Fresno	USA
S2-003463	Falcon Systems Company	114 Northgate Avenue, Opp. City Library, Stonebridge Park, Akron, WA	USA
S2-008185	Redwood Fabrics	241 Northgate Dr, Meridian Park, Mobile, 51041	United States
S2-003484	Cobbalt Enterprises Incorporated	319 Northgate Rd, Maplecrest Park, Lubbock, IL, 52001	USA
S2-008109	Kestrel Textiles	Opp. City Library, 331 Sunstone Blvd, Fresno	US
S2-004024	Stonebridge Chemicals and Sons Ltd	48 Cobalt Street, Falcon Nagar, Coimbatore, MP, 804522	IN
S2-007071	Lantern, Logistics Incorporatted	373 Clearwater Dr, Clearwater Park, Lubbock, TX, 91846	US
S2-007046	Falcon Serviices Ltd	36/10 Onyx Marg, Summit Nagar, Pune, 437769	India
S2-000380	Thistle Packaging Limited Liability Compny	357 Kestrel St, Brightpath Parkk, Mobile, 99675	USA
S2-008390	Meridian Solutions & Sons Limited	283 Silverline Road Orchid Nagar Nagpur Rajasthan	India
S2-000471	Solutions Tisstle P Ltd	372 Summit Main, Coimbatore, 159139	India
S2-002600	Northgate Foods Corp	35/44 Apex Street Onyx Park Peoria AL 73459	USA
S2-002784	Quarry Fabrics Ltd	Bluepeak Marg Stonebridge Nagar Surat Tamil Nadu 131856	India
S2-000833	Textiles Juniper Ltd	Near SBI ATM, Sunstone Main, Maplecrest Nagar, Surat, Tamil Nadu, 888442	IN
S2-006755	Cobalt Enterprisees Private Limited	69 Northgate Mn, Kochi, Gujarat	IN
S2-005446	Foods Juniper Company	220 Maplecrest Road, Juniper Park, Peoria	US
S2-008270	QuarryP ackaing	264 Clearwater St Hrbor Nagar Jaipur 170103	IN
S2-004256	Onyx Textiles & Sons	70 Cobalt Rd, Summit Park, Peoria, CA, 84477	United States
S2-008692	Vertex Pvt Ltd	120 HarborCross, Indore	India
S2-008073	Summit Stonebridge Packaging Corporation	198 Summit Blvd, Stonebridge Park, Peoria, TX	US
S2-009115	Maplecrrest Vertex Electricals & Sons	9/46 Cobalt Avenue, Mobile, 36661	United States
S2-000994	Falcon Northgate Industries oC	71 Stonebridge Drive, Juniper Park, Tacoma, 76534	US
S2-002216	Orchid Motors	305 Meridian Road Brightpath Nagar Coimbatore	IN
S2-007103	Silverine and Sons P Ltd	Behind Ganesh Temple 135 Redwood Crs Nagpur	IN
S2-001391	Junpier	191 Clearwater St, Apex Park, Mobile, CA, 28926	USA
S2-005238	Ironwood Services & Sons Corporation	381 Silverline Dr, Falcon Park, Mobile, AL	US
S2-007964	Redwood, Kesrel Trading	69 Meridian Avenue, Fresno	IN
S2-009065	Vertex Inncoroprated	238 Thistle Blvd, Quarry Park, Fresno, TX, 21704	United States
S2-003105	Maplecreest Electricals Inc	175 Redwood Boulevard, Harbor Park, Tacoma, 59444	US
S2-008123	Apex Packaging	43 Stonebridge St, Silverline Nagar, Indore, Maharashtra, 381519	USA
S2-006936	Quarry, Chemicals	306 Juniper St, Surat	India
S2-005708	Lantern Trading Ltd	356 Onyx Main, Sunstone Nagar, Coimbatore, Gujarat, 155167	India
S2-000581	Irowood Ltd	Falcon Mn, Quarry Nagar, Kochi, Kerala, 624325	IN
S2-002732	Orchid Limited Liaability Company	192 Northgate Avve, Brightpath Park, Austin, WA, 38159	United States
S2-007163	Ironwoood	Near SBI ATM, 14/43 Northgate St, Clearwater Nagar, Nagpur, 457340	IN
S2-002169	Redwoo dCorp	302 Falcon Blvd, Mobile	United States
S2-005763	Quarry Corp	215 Vertex DDrive, Stonebridge Park, Austin, CA	USA
S2-006386	Ironwood Goldleaf Chemicals	44 Lantern Boulevard, Austin, WA, 46330, Cobalt Park	USA
S2-006824	Sunstone  Packaging Limited	216 Goldleaf Cross, Meridian Nagar, Pune, Rajasthan, 206475	India
S2-001806	Stonebridge Industries	Jaipur Gujarat 326 Sunstone Marg	India
S2-004217	Redwood Logiistics & Sons	37/65 Ironwood Main, Orchid Nagar, Coimbatore, MP, 806723	IN
S2-003807	Goldleaf, Solutions Limited	289 Kestrel Road, Meridian Nagar, Jaipur, Rajasthan, 551461	India
S2-002224	Aepx, Electricals Inc	8/51 Ravenwood Avenue, Onyx Park, Tacoma, WA, 78829	United States
S2-000549	Mpalecrest, Thistle Solutions Ltd	99 Redwood Maiin, Pune, Rajasthan, 747553, Ironwood Nagar	IN
S2-006117	Chemicals Harbr  Ltd	90 Ironwood Road Lantern Nagar Jaipur Kerala 930170	India
S2-000402	Summit Fabrics Limited Liabilit yCompany	314 Onyx Ave, Orchid Park, Austin, OH, 65572	US
S2-002770	Raavenwood Thistle Tradng Limited	45 Quarry Mn, Maplecrest Nagar, Kochi, 110991	IN
S2-008084	Northgate Motors & Sons	119 Apex Rd, Redwood Park, Fresno, WA	IN
S2-006749	Consultancy & Sons P Ltd	55 Vertex Marg, Maplecrest Nagar, Kochi	IN
S2-004770	Electricals, OnyxLLC	Lantern Ave, Clearwater Park, Peoria, IL, 92958	USA
S2-000776	Stonebridge Industries	Bluepeak Stree, Juniper Nagar, Coimbatore, Tamil Nadu, 963984	India
S2-000099	Apex Cheemicals Co	339 Apex St, Onyx Park, Akron, IL	United States
S2-008038	Northgate, Trading Ltd	Thistle Drive Redwood Park Pune TX 65400	USA
S2-004294	Summit Stonebidge P Ltd	362 Cobalt Road, Quarry Nagar, Kochi, 208728	India
S2-002292	Maplecrest Systems Limited Liability Company	Opp. City Library, Thistle St, Lantern Park, Tacoma	USA
S2-000303	Harbor Summit Packaging	Clearwater Blvd, Orchid Park, Freesno, 80503	United States
S2-009041	Falcon Logistics and Sons Ltd	169 Cobalt Cross Brightpath Nagar Nagpur 822593	IN
S2-006914	Maplecrest Enterprsies oCrporation	177 Vertex Road, Mobile	USA
S2-000818	Falon ervices Ltd	Lantern Crs, Northgate Nagar, Indore, Tamil Nadu, 621058	India
S2-005773	Falcon Silverline Fabrcis Limited	145 Vertex Rd, Pune, MP, 200324	IN
S2-008937	Harbor Meridian Foods Icn	283 Orchid Road Austin WA 46235	United States
S2-006745	Electriicals Vertex Inc	Near Exxit 14 170 Vertex Drive Stonebridge Park Austin AL 52477	USA
S2-008001	Orchid Private Limited	210 Brightpath Main Sunstone Nagar Surat Maharashtra 779661	India
S2-008140	Summit Foods Pvt Ltd	276 Northgate Cross, Faalcon Nagar, Coimbatore, 886976	India
S2-007197	Harbor Sunstone Trading Inc	378 Orchid Dr, Lantern Park, Fresno, AL, 98042	US
S2-008514	Clearwater, SSolutions Inc	61 Silverline Mn, Bluepeak Nagar, Austin, Kerala, 904652	IN
S2-001609	Industries, Falcon & ons	57 Redwood Rd, Ravenwood Nagar, Jaipur, 280470	India
S2-006656	Silverline Ironwood Fabrics Ltd	276 Vertex Cross, Northgate Nagar, Jaipur, 599899	IN
S2-000423	Sunstoe Consultancy	214 Orchid Marg, Quarry Nagar, Pune	IN
S2-000522	Goldleaf Textiles an dSons Limited Liability Company	56 Ravenwood Blvd, Austin, AL, Silverline Park	USA
S2-006641	Orhid Packaging	284 Harbor Main, Coobalt Nagar, Pune, 310029	IN
S2-002277	Lantern Industries Inc	154 Brightpath Drie, Orchid Park, Lubbock, TX, 43323	USA
S2-006061	Cobalt Ironwood Systems Limited Liability Company	322 Goldleaf S, Harbor Park, Fresno, OH, 39694	US
S2-008176	Harbo Logistics	256 Kestrel Road, Quarry Park, Lubbock, 90526	United States
S2-003569	Lantern Incorporated	Falcon St, Juniper Park, Akron	United States
S2-007975	Quarry Packaging Private Limited	179 Clearwater Marg, Nagpur, Tamil Nadu, 207890	IN
S2-007973	Cobatl Services LLC	Meridian Boulevard, Tacoam, CA	US
S2-005719	Thistle Chemiccals Private Limited	Kestrel Mn, Pune, 751934	India
S2-003610	Clearwater and SonsLimited	305 Stonebridge Main, Brightpath Nagar, Surat, Tamil Nadu	India
S2-009091	Meridian Logistcs Pvt Ltd	Summit Cross, Orchid Nagar, Coimbatore, 460040	IN
S2-001777	Brightpath Quarry Foods Limited	28/82 Apex Rd, Nagur, Kerala	India
S2-007745	Quarry Ironwood	95 Ironwood St, Apex Nagar, Jaipur	India
S2-003487	Falco Co	214 Bluepeak Ave, Juniper Park, Peoria, 61505	US
S2-003830	Clearwater  Pakaging	325 Apex Blvd, Maplecrest Park, Lubbock, 93505	USA
S2-000293	Stonebridge Services Incorporated	314 Summit Road, Brightpath Park, Peoria, 32471	US
S2-001106	Apex Consultancy Liited	11 Sunstone Crs, Kochi, Kerala, 468403	India
S2-002146	Quarry Textiles and Sons Pvt Ltd	359 Lantern Marg Sunstone Nagar Pune Maharashtra 706765	India
S2-005732	Lantern Thistle Soluions Private Limited	240 Goldleaf Street Apex Nagar Behind Ganesh Temple Jaipur 251449	IN
S2-004521	Packaging Meridian Inc	343 Ironwood Drive, Cobalt Park, Lubbock, OH	United States
S2-006473	Industries Stonebriidge	85 Silverline Crs, Summit Nagar, Pune, 216344	India
S2-003361	Falcon Services	57 Goldleaf Blvd, Orchid Park, Peoria, 55187	USA
S2-005943	Electricals, Falcon Vertex & Sons Inc	389 Summit Street Ironwood Park Lubbock	United States
S2-005819	Bleupeak Pvt Ltd	296 Summit Mn Near Metro Pillar 42 Lantern Naga Indore 575892	India
S2-008963	Thistle, Falcon Solutions	291 Cobalt  Rd, Austin, WA	USA
S2-006889	Redwood, Silverline Trading &  Sons LLC	350 Apex Boulevard, Blepeak Park, Mobile, IL, 93115	US
S2-003737	Maplecrest and Sons	255 Ravenwood Driv,e Lantern Park, Tacoma, IL	US
S2-008488	Stonebridge Limited	Near SBI ATM, Cobalt Crs, Maplecrest Nagar, Surat, Rajasthan, 196300	IN
S2-006660	Ravenwood, Textiles Corporation	311 Cobalt Rd, Redwood Park, Peoria, WA, 28896	United States
S2-003556	Ravenwood eVrtex Corporation	77 Clearwater Rd, Vertex Park, Fresno, CA	USA
S2-009117	Meridina, Industries Company	320 Quarry St, Meridian Park, Akron, OH	United States
S2-006676	Nortthgate Logistics Incorporated	61 Goldleaf Blvd, Peoria, 33938	US
S2-005241	Apexx Industries Corp	37 Cobalt Street, Brightpath Park, Fresno, TX, 92511	United States
S2-003348	Stonebridge Systemms & Sons	232 Clearwater Mn, Near Metro Pillar 42, Harbor Nagar, Pune, MP, 773675	India
S2-001728	Maplecrest Fabrics	186 Maplecrest Rd Redwood Nagar Pune MP 937540	IN
S2-005016	Motors Thstle	383 Falcon Street, Pune	India
S2-004197	Merdiian Kestrel Mootrs Co	Redwood Drive, Lantern Park, Tacoma, 22808	United States
S2-006592	Blueeak Northgate Systems Corp	213 Stonebridge Rd Bluepeak Park Lubbock 70420	United States
S2-003259	Sunstoone Fabrics and Sons Ltd	Near Metro Pillar 42 255 Quarry Mn Apex Nagar Jaipur MP 354938	IN
S2-008616	Onyx Enterprises Corp	255 Northgate Rd, Redwood Park, Mobile, OH, 60952	United States
S2-003052	Harbor	368 Thistle Crs, Nagpur, 931530	IN
S2-006593	Quarry Silverline Motorss Pvt Ltd	64 Cobalt Crs, Stonebirdge Nagar, Pune, Kerala, 932258	IN
S2-002022	Summit Harbor Packaging Co	398 Juniper Blvd Thistle Park Akron TX	USA
S2-008308	Ravenwoodd Electricals	245 Clearwater St, Thistle Park, Lubbock, WA, 38160	USA
S2-002286	Redwoood Meridian Packaging	2811 Ravenwood Dr, Falcon Park, Mobile, TX	US
S2-008529	Clearwater Clearwater Solutions	51 Quarry Rd Redwood Park Tacoma OH 74369	USA
S2-006798	Summit Bluepeak Co	379 Harbor Drive, Cobalt Park, Austin, TX	US
S2-004336	PackagingInc	286 Bluepeak Rd, Onyx Park, Lubbock, CA, 28322	USA
S2-000744	Vertex Enterprises Ltd	35 Ironwood Cross, Quarry Nagar, Nagpur, 305841	IN
S2-006257	Maplercest and Sons Pvt Ltd	Redwood Street, Cobalt Nagar, Jaipur	IN
S2-005751	Sunstone Services	308 Maplecrest Ave, Bluepeak Park, Behind the Civic Center, Lubbock, OH	US
S2-007547	Stonebridge, Services Private Limited	Opp. Bus Depot, 14 Clearwater St, Jaipur, Tamil Nadu, 141821	India
S2-004454	Summit Services Private Limited	Opp. Bus DDepot, 191 Redwood Road, Pune, 135843	India
S2-003954	Bluepeak Clearwater Textiles P Ltd	367 Quarry Street, Thistle Nagar, Nagpur, 676239	IN
S2-005695	Meridian Textilse P Ltd	225 Bluepeak Stret, Nagpur	IN
S2-001297	Redwood, System  Company	19 Brightpath Drive Thistle Park Akron 34971	USA
S2-000898	Falcon Ironwood Chemicals and Sons Private Limited	159 Juniper Rd, Maplecrest Nagar, Coimbatore, Maharashtra, 926633	India
S2-005412	Falcon Enterprises Limited	Behind Ganesh Temple Juniper Street Goldleaf Nagar Kochi Kerala	IN
S2-006627	Maplecrest LLC	377/77 Ravenwood Drive Meridian Park Fresno TX 92296	United States
S2-004567	Meridian Sysems Corporation	348 Northgate Avenue, Goldleaf Park, Peoria, AL, 38222	USA
S2-008528	Bluepeak Consultancy Inc	7 Falcon Dr, Kestrel Park, Akron	US
S2-003033	Apxe Limited	210 Clearwater Rd Ironwood Nagar Kochi 942177	IN
S2-001065	Cobaltt Consultancy and Sons Co	99 Vertex Road, Goldleaf Park, Mobil,e 49114	USA
S2-007486	Lantern Foods LLC	93 Brightpath Dr, Quarry Park, Austin, AL, 23195	United States
S2-007931	StonebridgeC hemicals Private Limited	231 Maplecrest Mn Pune Maharashtra 640642	IN
S2-003295	Stonebridge Chemicals Inc	29 Northgate Blvd, Vertex Park, Mobile, 28703	United States
S2-007094	Thistel Trading Ltd	171 Bluepeak Rd, Clearwater Nagar, Surat, Kerala, 661462	India
S2-007136	Brightpat hNorthgate Corp	87 Juniper Ave Mobile A	USA
S2-001829	Silverline Falcon Motors Company	315 Stonebrdige Street, Maplecrest Park, Mobile, 74720	United States
S2-007421	Summit ystems P Ltd	Brightpath St, Onyx Nagar, Surat, Gujarat, 277902	IN
S2-002225	Quarry MMotors Ltd	177 Northgate Road, Vertex Nagar, Pune, Kerala	IN
S2-007356	Foods Lanttern	71 Maplecrest Boulevard, Harbor Park, Peoria, 95095	US
S2-003939	Cobalt, Solutions LLC	Stonebridge Street, Orchid Park, Peoria, IL, 86992	USA
S2-005261	Silverlien Vertex Pvt Ltd	190 Kestrel Mn, Ironwood Nagar, Coimbatore, 478752	IN
S2-002665	Sunstoen ySstems	134 Lantern Street, Peoria, IL, 94876	United States
S2-009311	Thistle Textlies Limited Liability Company	303 Kestrel St, Ravenwood Nagar, Behind Ganesh Temple, Austin	India
S2-006109	Quarry SystemsL LC	328 Silverline Dr, Peoria, OH	United States
S2-000357	Bluepeak Falcon Industries  Pvt Ltd	Thistle Marg Behind Ganesh Temple Cobalt Nagar Pune Kerala	India
S2-006718	Onyx Sunstone Consultancy & Sons Corporation	223 Onyx Dr, Akron, WA	United States
S2-007652	Junier Silverline Industries	139 Onyx Rd, Near Exit 14, Orchid Park, Indore	USA
S2-007666	Bluepeak Ltd	47 Northgate Blvd, Akron, WA	India
S2-006252	Redwood, Redwood Textiles	216 Redwood Rd, Stonebridge Nagar, Coimbatore, Rajasthan, 714911	IN
S2-000510	Thistle Thistle Fabrisc Privatee Limited	63 Silverline St, Lantern Nagar, Nagupr, Gujarat	India
S2-004446	Kestrel Consultancy	34/11 Cobalt St, Goldleaf Park, Near Exit 14, Lubbock, C,A 93589	United States
S2-002171	Consultancy, Rewdood & ons Corp	302 Falcon Blvd, Meridian Park, Mobile, OH, 75688	USA
S2-004207	Juniper Motors	36/18 Maplecrest Marg, Near Metro Pillar 42, Cobalt Nagar, Pune, MP, 473992	India
S2-008984	Clearwater Systems	33/75 Falcon Rd, Sunstone Park, Near Exit 14, Fresno, 22344	USA
S2-000878	Brightpath, Logistics Private Limited	184 Thistle Marg, Nagpur, MP, 998819	IN
S2-005154	Sunstone Incorporated	195 Goldleaf Road, Bluepeak Park, Opp. City Library, Tacoma, WA	US
S2-000536	Clearwate Enterprises Ltd	249 Apex Street, Apex Nagar, Jaipur, Maharashtra	India
S2-006959	Brightpat hClearwater Trading Co	333 Lantern St Near Exit 14 Thistle Park Peoria CA 20829	US
S2-008643	Tradingg SSilverline Corporation	69 Clearwater St, Near SBI ATM, Northgate Nagar, Jaipur, 638502	US
S2-007211	Meridian ServicesCorporatino	12/54 Ravenwood Blvd, Fresno, WA, 54615, Bluepeak Park	USA
S2-000117	Kestre lRavenwood Trading Limited	164 Juniper Main, Kestrel Nagar, 864509, Nagpur	India
S2-006906	Nrthgate Solutions	4 Clearwater Rd, Akron, TX, 25698	US
S2-002594	Sunstone Apex Fabrics &S ons P Ltd	121 Silverline Rd, Nagpur, Tamil Nadu	IN
S2-005334	Apex Chemicals Incorrporated	270 Vertex Avenue, Akron, 85312	US
S2-000455	Onyx Suunstone Logistics	92 Clearwater Mn, Orchid Nagar, Kerala, 229896, Indore	India
S2-001348	Juniper, Enterpriss Limtied	398 Ravenwood Road Indore MP 712609	India
S2-007199	Sunstone Services	252 Redwood Blvd, Harbor Park, Peoria, TX, 33627	USA
S2-005384	Falcon Logistics Co	183 Meridian Street, Summit Park, Tacoma, WA	US
S2-000073	Apex Services & Sos	34 Northgate Rd, Akron, CA	USA
S2-003452	QuarryCompany	238 Stonebridge Rd, Clearwater Park, Peoria, 26224	United States
S2-006458	Sunstone and Sons Inccorporated	262 Ravenwood Avenue, Maplecrest Park, Akron, OH	US
S2-003244	Kestrel Kestrel Packaging Incorporaetd	27/56 Onyx St, Kestrel Park, Lubbock, TX, 18751	USA
S2-002690	Orchid Systems & Sons	191 Apex St, Apex Nagar, Indore, Tamil Nadu, 921980	India
S2-001043	Meridian Foods Incorporated	155 Clearwater Avenue, Fresno, IL	United States
S2-006699	Brightpath Electricas Private Limited	22/52 Sunstone Road, Indore, Maharashtra	IN
S2-006358	Ravenwood Consultancy & Sons Co	288 Stonebridge Rd, Harbor Park, Peoria	United States
S2-006860	Motors Orchid Maplecrest Ltd	224 Ravenwood Road Quarrry Nagar Near Metro Pillar 42 Indore 881412	IN
S2-003806	Clearwate rLogistics	122 Harbor Ave, Maplecrest Park, Mobille	USA
S2-004402	Bluepeak Enteprrises Corporation	128 Juniper Road, Goldleaf Park, Peoria, IL, 63965	USA
S2-009081	Summit Industries and Sons Incoorporated	145 Vertex Rd, Austin, AL, Near Exit 14	US
S2-009351	Lantern Cobbalt Ltd	151 Silverline Marg, Near SBI ATM, Kochi, Rajasthan	India
S2-009076	Quarry Pvt Ltd	281 Northgate Marg Onyx Nagar Jaipur Gujarat 109920	India
S2-001039	Solutions Ironwood P Ltd	31 Harbor Cross, Near SBI ATM, Falcon Nagar, Coimbatore, MP, 507846	IN
S2-001427	Ravenwod, Incorporated	143 Northgate Boulevard, Near EExit 14, Ravenwood Park, Tacoma, OH, 47188	US
S2-002990	Clearwatre Summit Systems	Meridian Park Austin 59574 385 Kestrel Street	United States
S2-003268	Cobalt Industries Private Limiteed	232 Silverline Rd, Jaipur	IN
S2-004697	Ravenwood Fabrics & Sons P Ltd	97 Maplecrest Marg, Indore, Kerala, 182506	India
S2-002006	Kestrel Enterprises Ltd	155 Goldleaf Mn Goldleaf Nagar Near SBI ATM Jaipur MP 102205	IN
S2-005113	Kestrel	71 Stonebridge Road, Onyx Nagar, Surat	IN
S2-000230	Bluepeak Textiles and Sons LLC	Ravenwood Rd, Falcon Park, Lubbock, CA, 17670	United States
S2-001569	Falcon LLC	22/85 Redwood Boulevard, Quarry Park, Akron, Opp. City Librayr	USA
S2-001834	Motors P Ltd	Kestrel Mn, Kochi, Tamil Nadu, 992677	IN
S2-004670	Ravenwoo Fabrics LLC	Behind th Civic Center 39 Ironwood Avenue Vertex Park Peoria	United States
S2-002375	Orcihd, Enterprises and Sons Inc	119 Sunstone Dr Peoria OH6 1691	US
S2-000932	JuniperL iimted	35/16 Summit Street, Jaipur, 524883, Juniper Nagar	India
S2-000997	Maplecrest Industries Ltd	19/49 Summit Street, Near SBI ATM, Redwood Nagar, Surat, Gujarat, 781916	India
S2-004238	Clarwater, Commpany	Apex Blvd, Maplecrest Park, Akron, CA	USA
S2-002785	Thitle Packaging Corp	Tacoma, 89245, 386 Silverline Avenue	USA
S2-007629	Thistle Co	104 Onyx Road Opp. City Library Akron	USA
S2-000624	Sunstone Soluions Co	Meridian Rd, Clearwater Park, Peoria, AL, 85940	USA
S2-004492	Quarry Solutions Private Limited	55 Clearwater Street, Nar Metro Pillar 42, Orchid Nagar, Pune, 160820	IN
S2-004935	Harbor Company	Falcon Park, Tacoma, Clearwater Road	USA
S2-004554	Electricals Thistle Incorporated	32/32 Ironwood Rd, Near Exit 14, Summit Park, Austin, TX, 89818	USA
S2-000712	Juniper Serviices Co	Opp. City Library, 299 Maplecrest Drive, Vertex Park, Peoria, OH, 17746	US
S2-007097	Ironwood Orchid Fabrics Pvt Ltd	37 Onyx St Summit Nagar Indore Rajasthan 947832	India
S2-002846	Meridian Consutancy Private Limited	64 Silverline Mn, Harbor Nagar, Pune, Tamil Nadu	India
S2-000564	Ironwood Harboor Systems and Sons Crp	Falcon St, Onyx Park, Akron	United States
S2-001863	Silverline Consultancy Ltd	187 Silverline Marg, Behind Ganesh Temple, Coimbatore, MP, 866626	India
S2-002176	Redwood FalconTextiles and Sons P Ltd	195 Onyx Mn, Ironwood Nagar, Nagpur, 977787	IN
S2-001602	Summit Systemss PvtLtd	44 Apex Main, Ironwood Nagar, Indore, 848214	IN
S2-004081	Brihtpath, Foods	Sunstone St, Redwood Nagar, Kochi, Tamil Nadu, 546306	India
S2-001362	Quarry Fodos LLC	298 Juniper Ave, Vertex Park, Mobile, OH	United States
S2-005829	Brightpath HHarbor Chemicals	19/82 Kestrel St, Goldleaf Park, Akron, 23591	United States
S2-009187	Stonebridge Chemicals Inc	48 Summit Avenue, Goldleaf Park, 47105, Lubbock	US
S2-007003	Apex Bluepeak  Services Co	46 Northgate Dr, Fresno, TX, 23358	United States
S2-004365	Thistle Systems Co	48 Redwood Rd, Ironwood Park, Peoria	US
S2-000608	Kestrel, Consultancy Corp	43 Sunstone Street, Fresno, 65708	United States
S2-005680	Maplcrest Logistics Pvt td	Brightpath Road, Sunstone Nagar, Pune, Tamil Nadu	India
S2-002413	Stonebridg Redwood Industries Private Limited	37 Thistle Street, Clearwater Nagar, Kochi, Gujarat, 185163	IN
S2-008930	Brightpath Logistics Inc	Brightpath Blvd, Near Exit 14, Lubbock, TX, 36486	USA
S2-005902	KestrelM otors Limited	159 Quarry Crs, Summit Nagar, Surat, 311518	IN
S2-005607	Ravenwood and SonsPvt Ltd	376 Clearwater Marg, Onyx Nagar, Maharashtra, Surat	IN
S2-002003	Northgate Textiles and Sons	Lantern Crs, Ravenwood Nagar, Jaipur, Rajasthan, 109535	India
S2-001798	Maplecrest, Logistics Coorporation	103 Stonebridge Blvd, ehind the Civic Center, Fresno, CA, 70137	United States
S2-003464	Summit, Co	Stonebridge Road Cobalt Park Austin 58958	US
S2-002255	Stonebridge Consltancy Pvt Ltd	1/1 Goldleaf Main, Clearwater Nagar, Pune, MP, 611115	IN
S2-001397	Apex Thistle Logistics Private Limited	395 Summit Mn, Maplecrest Nagar, Pune, 851992	India
S2-007130	Thistl eElcetricals Ltd	Behind Ganesh Temple, Juniper Nagar, Coimbatore, Gujarat, 614365, 42 Ravewnood Marg	India
S2-000310	Ravenwood Motors & Sons Corp	340 Vertex Avenue Juniper Park Akron IL	United States
S2-006149	Quarry Services & Sons Pvt Ltd	357 Brightpath Mn Vertex Nagar Near Metro Pillar 42 Tamil Nadu 323764 Jipur	IN
S2-007004	Quarry, Chemicals  Incorporated	254 Orchid Ave, Goldleaf Park, Akron, 84934	USA
S2-003891	Maplecresst, Co	148 Stonebridge Street Quarry Park Peoria WA 24427	USA
S2-000425	Meridian Chemicals Limited	29/61 Falcon Street Quarry Nagar Surat 793828	IN
S2-006710	Siilverline	108 Summit Street, Sunstone Nagar,Pune, Rajasthan, 148298	India
S2-001639	Clearwater Packaging Pvt Ltd	32/8 Orchid Main, Behind Ganesh Temple, Nagpur, 795330	India
S2-008037	Summit Conusltancy Stonebridge Inc	Goldleaf Drive, Redwood Park, Peoria, OH	USA
S2-008921	Verex Services Company	151 Meridian Road, Silverline Park, Fresno, WA, 32614	US
S2-006515	Mpalecrest Services Company	14/5 Lantern Ave, Juniper Park, Lubbock, OH	USA
S2-004099	Redwood Industries	250 Ironwood Street, Silverline Nagar, Coimbatore	India
S2-008486	Kestrel Consultancy Maplecrest tLd	21 Onyx Main, Redwood Nagar, Indore, Maharashtra	India
S2-006938	Vertex Moors	95 Ironwood St Bluepeak Nagar Indore Tamil Nadu 831024	US
S2-004866	Silverline, Motors & Sons CCompany	307 Silverline Ave, Meridian Park, Tacoma, 87838	US
S2-000344	Meridian Electricals Co	53 Stonebridge St, Brightpath Park, Peoria	United States
S2-007511	Irowood Electricals Inc	222 Maplecrest Dr, Silverline Park, Opp. City Library, Tacoma, 75986	United States
S2-005534	Ironwood Services Private Limited	320 Brightpath Mn, Juniper Nagar, Nagpur, 882041	IN
S2-004491	Ravenwood Logistics Pvt Ltd	Meridian Main, Goldleaf Nagar, Nagpur, Tamil Nadu, 322392	India
S2-001979	Sunstone Cobalt Private Limited	225 Apex Road Onyx Nagar Surat Kerala 947189	IN
S2-005684	Brightpath Electricals	37 Onyx Marg Near Metro Pillar 42 Surat	India
S2-008255	Redwood Systems Inc	122 Clearwater Rd, Onyx Nagar, Tacoma, MP	IN
S2-004909	Lantern Redowod Limited Liability Company	76 Clearwater Road, Summit Park, Peoria, 87985	US
S2-003198	Stonebridge Logistics Private Limited	376 Redwood Cross, Kestrel Nagar, Coimbatore	IN
S2-000505	Vertex, Foods Limited Liability Company	30/74 Redwood Drive, Silverline Park, Mobile, CA, 86505	United States
S2-004835	Irnwood Pvt Ltd	219 Summit Rd Harbor Nagar Nagpur Gujarat 117243	India
S2-004274	Harbor, Motors  Ltd	104 Orchid Road, Brightpath Nagar, Surat, Kerala	India
S2-006701	Brightpathh Electricals Pvt Ltd	149 Summit Rd, Juniper Nagar, Indore, Gujarat, 105538	India
S2-001892	Veex	370 Ravenwood Cross, Apex Nagar, Indore, Gujarat	IN
S2-006716	Vertex  Enterprises Corp	Meridian Boulevard, Meridian Park, Akron, 56439	United States
S2-004788	Brightpath Solutinos & Sons Co	356 Ironwood Ave, Goldleaf Park, Fresno, 59016	USA
S2-008830	Lantern Solutions ororation	Behind Ganesh Temple, 48 Falcon Mn, Ravenwood Nagar, Surat, 349368	USA
S2-008813	Fabrcs Quarry Pvt Ltd	22/2 Goldleaf Rd, Apex Park, Peoria, 68422	IN
S2-007198	Juniper Electricals Private Limited	283 Vrtex Rd, Near Metro Pillar 42, Nagpur	India
S2-004014	Ketsrel, Northgate Enterprises LLC	228 Apex Dr, Kestrel Park, Peoria, AL, 52330	United States
S2-009342	Meridian Fabrics Incorporated	Redwood Park, Mobile, 342 Vertex Ave	USA
S2-008704	Kestrel Textiles and Sons Private Limited	Kestrel St, Summit Nagar, Coimbatore, Maharashtra, 368942	IN
S2-001950	Blueepeak Textiles & Sons	35 Orchid Dr Mobile Brightpath Park	USA
S2-002872	Silverline Kestrel Serices & Sons	9/47 Ravenwod Crs, Harbor Nagar, Jaipur, 565409	India
S2-007880	Logistics Silverline and Sons Co	338 Kestrel Drive, Tacoma, 95640	US
S2-004660	Bluepeak Traing	130 Onyx Ave, Summit Park, Mobile, TX	US
S2-008481	Stonebridge Faabrics Incorporated	142 Meridian Ave, Cobalt Park, Tacoma	USA
S2-008809	Quarry Motosr & Sons Corp	237 Ravenwood St, Sunstone Park, Fresno, OH	United States
S2-005422	Sumit Ltd	387 Goldleaf Road Sunstone Nagar Pune Maharashtra 326230	IN
S2-009273	Goldleaf Enterprises Corp	Sunstone Nagar Fresno Rajasthan 941985 290 Ironwood Cross	India
S2-007257	Summit Company	189 Apex Boulevard Kestrel Park Fresno WA	US
S2-005306	Northgate, Electricals Pvt Ltd	69 Thistle Marg, Near SBI ATM, Brightpath Nagar, Jaipur, 657758	IN
S2-002087	Ironwood Tetxiles and Sonss Co	208 Silverline Boulevard, Cobalt Park, Austin, OH, 80276	USA
S2-008583	Lantern Cobalt Limited	8/46 Ravenwood Mn Goldlefa Nagar Behind Ganesh Temple Kochi Gujarat 841313	India
S2-008273	Brightpat Enterprises	104 Bluepeak Ave, Lubbock, 27850, CA	US
S2-006232	Goldleaf Silverline Foods Company	56 Quarry St, Cobalt Park, Opp. City Library, Akron, 17660	United States
S2-006615	Maplecrest, Meridian Foods Company	Onyx Road Vertex Park Behind the Civic Center Peoria AL 13867	United States
S2-002873	Silverline Kestrel Services Priavte Limited	9/47 Ravenwood Cross Harbor Naagar Jaipur 565409	IN
S2-008479	Northgae, & Sons	13/86 Clearwater Street, Northgate Nagar, Coimbatore, 812198	IN
S2-004118	Trading Harbor and Sons	177 Harbor Road, Tacoma, IL, 81629	US
S2-002250	Cobalt Fabrics & Sons Co	56 Sunstone Boulevard, Ravenwood Park, Tacoma, 76594	US
S2-007953	Apex Corportion	128 Harbor St, Northgate Park, Austin	US
S2-006799	Redwood, uSnstone Elecctricals P Ltd	326 Stonebridge Crs, Redwoood Nagar, Pune, Kerala	India
S2-000237	Juniper Chemiclas	Behind Ganesh Temple, 195 Northgate Crs, Coimbatore, MP	India
S2-008046	Glodleaf Goldleaf & Sons Co	90 Thistle Avenue Orchid Park Tacoma 73576	USA
S2-006518	Harobr Ravenwood Services Ptv Ltd	258 Cobalt Street, Northgate Nagar, Jaipur, Kerala, 222711	IN
S2-000307	Orchid, Electricals & Sons Ltd	25/59 Meridian Rd, Redwood Nagar, Indore, Kerala, 441439	IN
S2-000959	Vertex & oSns Inc	24/62 Summit Blvd, Bluepeak Park, Austin, CA, 22021	USA
S2-003302	Quarry P Ltd	36/24 Brightpath Marg, Redwood Nagar, Jaipur, Gujarat	IN
S2-009286	Harbor Foods Company	372 Summit BBoulevard, Ravenwood Park, Peoria	United States
S2-004954	Kestrle Textiles Co	280 Northgate Blvd, Opp. City Library, Falcon Park, Fresno, AL	United States
S2-006417	Meridian  Trading Inc	131 Stonebridge Ave Lubbock WA 26097	US
S2-006344	Apex Solutions Inc	373 Meridian St Mobile 48022	United States
S2-006101	Sunstone Solutions Limited Liability Company	Orchid St, Akron, WA, 59864	US
S2-008552	Falcon Ravenwood Pacaging P Ltd	399 Stonebridge Rd, Harbor Nagar, Jaipur, MP, 371939	India
S2-006925	Thistle Apex Motors Private Limited	Near Metro Pillar 42, 352 Lantern Road, Jaiipur, 125452	India
S2-000664	Clearwater Industtries	89 Summit Avenue, Maplecrest Park, Austin	USA
S2-005299	Apex, Trading Inc	233 Silverline Dr, Quarry Park, Lubbock, AL, 10100	USA
S2-006586	Maplecrest, Electricals & Sons	329 Meridian Rd Meridian Nagar Indore Rajasthan 238289	India
S2-004569	Brightpath Bluepeak Motors Ltd	234 Thistle Crs Thistle Nagar Coimbatore Kerala	India
S2-000847	Orchid Packaging P Ltd	283 Juniper Crs, Brightpath Nagar, Kochi, Tamil Nadu, 474399	IN
S2-003616	Meridian Enterprises Ltd	Vertex Street, Quarry Nagar, Jaipur, Tamil Nadu	IN
S2-002131	Textiles Onxy Incorporated	250 Stonebridge Street, Silverline Park, Mobile, IL	US
S2-006278	Sunstone Limited Liability Company	13 Sunstone Boulevard, Sunstone Park, Peoria	USA
S2-006022	VertexCo	192 Maplecrest Street, Opp. City Library, Bluepeak Park, IL, Austin	United States
S2-005653	Cobalt Vertex Chemicals Private Liimited	195 Northgate St Kochi	India
S2-005642	Trading Brightpat and Sons	132 Silverline St, Mobile	USA
S2-000836	Juniper Fabrics Redwood Pvt Ltd	Vertex Marg, Behind Ganesh Temple, Brightpath Nagar, Kochi, Maharashtra	India
S2-006649	Stonebridge Quarry Limited Liiability Company	Ravenwood St, Lantern Park, Fresno, 11362	US
S2-002758	Quarry Ironwood Motors Ltd	21 Goldleaf Rd, Japiur, MP, 546680, Northgate Nagar	IN
S2-004529	Cobalt Kestrel Corporation	Opp. City Library 309 Northgate Ave Lubbock OH 12306	USA
S2-005217	Sunstone, Solutions Inc	16 Kestrel Avenue, Akron, 87518	USA
S2-009038	Facon Onyx Industies Inc	27/24 Kestrel Rd, Summit Nagar, Mobile, Gujarat	India
S2-007614	Northgate	370 Bluepeak St, Nagpur, Kerala	India
S2-008012	Bluepeak, Thistle Chemicals	103 eVrtex Rd, Thistle Nagar, Pune, 489318	IN
S2-002341	Ironwood Kestrel LLC	Austin, 49 Ravenwood Street	United States
S2-000616	Cobalt Corporatino	380 Vertex St, Ironwood Park, Fresno, AL	USA
S2-008362	Enterprises Kestrel P Ltd	105 Sunstone Rd, Opp. Bus Depot, Stonebridge Nagar, Surat, Rajasthan, 104093	India
S2-001384	MaplecrestS olutions P Ltd	Apex Marg, Near Metro Pillar 42, Ravenwood Nagar, Pune, Gujarat	IN
S2-000636	Summit Motors Ltd	Lantern Nagar Near SBI ATM Nagpur Maharashtra 348 Vertex St	IN
S2-000563	Ironwood Harbor Systems Corporation	98 Harbor Street, Akron, 89158	US
S2-001898	Clearwater Enterprises Innc	35 Brightpath Dr, Juniper Park, Lubbock, AL, 57905	US
S2-003788	Lantern & Sons P Ltd	347 Lantern Marg, Kestrel Nagar, Coimbatore, Maharashtra, 651389	IN
S2-006835	Redwood Fabrics Corporation	244 Thistle Dr, Brightpath Park, Mobile, 83900	United States
S2-000125	Brightpath, Northgate FFoods Co	357 Apex Avenue, Akron	US
S2-000397	Lantern Packaging & Sosn Limited	101 Ravenwood Street, Jaipur, Tamil Nadu, 526492	India
S2-000440	Silverline EElectricals	Ravenwood Street, Apex Nagar, Surat	IN
S2-008310	Kestrel Kestrel Foodds P Ltd	72 Meridian Avenue, Coimbatore	USA
S2-006840	Goldleaf Kestrel arding P Ltd	279 Meridian Rd, Northgate Nagar, Behind Ganesh Temple, Maharashtra, 346264, Coimbatore	India
S2-000812	Summit Textiles PvtL td	28/9 Goldleaf Marg, Verttex Nagar, Pune, Kerala, 317844	IN
S2-003108	Cobaltt Solutions Company	383 Vertex Street, Redwood Park, Peoria, 20069	United States
S2-004100	Summit Textiles  Ltd	351 Bluepeak St Brightpath Nagar Indore 621122	IN
S2-007793	Silverline Foods Corp	208 Onyx Mn Thistle Nagar Pune Tamil Nadu 900691	USA
S2-005568	Systes Bluepeak	225 Sunstone Marg, Ravenwood Nagar, Jaipur, 958295	IN
S2-005058	Orchid Indusstries	130 Ravenwood St Nagpur 713035	IN
S2-000282	Ravenwood Consultancy Private Limited	188 Harbor Street, Onyx Nagar, Near SBI ATM, Pune, Tamil Nadu	IN
S2-009300	Redwood,  Enterprises Limited	390 Summit Marg, Harbor Nagar, Coimbatore, Tamil Nadu, 136531	India
S2-002953	Ravenwood Stonebridge Consultancy Croporation	191 Bluepeak Boulevard, Harbor Park, Austin	USA
S2-003825	Vertex, Inc	315 Silverline Dr, Goldleaf Park, Lubbock, AL	USA
S2-000320	OrchidRedwood Foods Pvt Ltd	194 Juniper Marg, Juniper Nagar, Nagpur, 403217, Gujarat	IN
S2-007192	Packaging Bluepeak Corp	191 Juniper Drive, Fresno, 45853	USA
S2-008982	Northgate Orchid Enterprises & Sons	297 Orchid Dr, Brightpath Park, Akron	United States
S2-001252	Vertex Maplecrest Systmes LLC	229 Ironwood Avenue Northgate Park Opp. City Library Mobile IL	United States
S2-004140	Chemicals, Quarry Corp	Redwood Dr, Ravenwood Park, Mobile	US
S2-008335	Falcon Fabrics P LLtd	13/7 Meridian Rd, Surat, Tamil Nadu, 346062	IN
S2-007263	Kestrel Vertex Systems Private Limited	332 Kestrel Road, Onyx Park, Nagpur, OH, 79129	United States
S2-008161	Quarry, Tradig Inc	209 Vertex Drive, Redwood Park, Tacoma	USA
S2-006976	Orchid Chemicals	13/54 Falcon Main, Summit Nagar, Kochi, Tamil Nadu	IN
S2-001754	Silverline Stonebridge Trading P Ltd	173 Sunstone Marg, Surat, Kerala	India
S2-003808	Lantern Trading and Sons	3 Ironwood Street, Lantern Park, Akron, OH, 11390	US
S2-002925	Thistle Chhemicals	232 Goldleaf Blvd, Near Exit 14, Cobalt Park, Peoria, 43434	United States
S2-000048	Bluepeak Conultancy	388 Quarry Road, Near Exit 14, Lubbock, IL	USA
S2-000680	Clearwater Industries and Sons	238 Ravenwood Mn, Northgate Nagar, Near SBI ATM, Pune, 510695	India
S2-008244	Bluepeak Maplecrst Services Corporaion	Opp. City Library Tacoma WA Northgate Drive	United States
S2-008856	BluepeakElectricals & Sons	238 Brightpath Ave, Meridian Park, Lubbock	United States
S2-002576	Quarry SystmsL td	224 Clearwater St, Jaipur	India
S2-004289	Silverine Texiles Ltd	180 Goldleaf Street Vertex Nagar Kochi 515587	India
S2-005592	Quarry Consultancy	127 Quarry Crs, Coalt Nagar, Jaipur, MP, 569957	India
S2-005903	Bightpath Packaging Private Limited	353 Maplecrest Crs, Bluepeak Nagar, Coimbatore, Kerala, 546046	IN
S2-003169	Cobalt, Solutions  & Sons Pvt Ltd	161 Redwood Mn, Orchid Nagar, Nagpur, 830768	IN
S2-006011	Goldlea Enterprises Pvt Ltd	223 Silverline Cross Northgate Nagar Jaipur Maharashtra	India
S2-000632	Northgate Industries and Sons	107 Silverline Marg, Vertex Nagar, Pune, Rajasthan, 618809	India
S2-008499	Cearwater Northgate Consultancy Private Limited	204 Sunstone Crs, Pune, Tamil Nadu	India
S2-001327	Siiilverline	309 Meridian Main, Clearwater Nagar, Jaipur, Maharashtra, 832587	India
S2-000474	Brightpath Solutions LLC	391 Falcon Avenue, Mobile, WA	United States
S2-009346	Orchid Stonebridge Industries Ltd	320 Thistle Mn, Meridian Nagar, Pune, MMP	India
S2-000785	Orcihd Vertex Enterprises	Maplecrest Ave, Maplecrest Park, Tacoma, OH	USA
S2-008673	Cobalt andd Sons Corp	215 Maplecrest Street Redwood Park Akron 63633	USA
S2-005033	Cobalt Enterprises Company	143 Stonebridge Boulevard, Summit Park, Akron, AL, 70067	United States
S2-000501	Brightpath Consulltancy	165 Ravenwood Street, Lubbock	United States
S2-008263	Silverline Foods Ltd	388 Kestrel St, Clearwater Park, Akron, OH, 22834	India
S2-000415	Brightpath, Fabrics Limited Liability Company	330 Apex Rd Bluepeak Park Akron TX 50188	US
S2-002184	Clearwater Co	330 Meridian St, Cobalt Park, Fresno, AL, 89727	US
S2-007853	Noorthgate Chemicals	324 Juniper Street, Bluepeak Park, Opp. City Library, Peoria, IL, 31887	United States
S2-007391	Thistel Industries & Sons	14/12 Brightpath Main, Meridian Nagar, Kochi, 628070	India
S2-001607	Falcon Inudstries LLtd	57 Redwood Rd, Jaipur, Gujarat, 280470	IN
S2-003561	Enterpirses Maplecrest an Sons Limited Liability Company	11/75 Redwood Blvd, Fresno	USA
S2-001007	Juniper Enterprises Pvt Ltd	121 Falcon Main, Juniper Nagar, Surat, Tamil Nadu, 505093	IN
S2-004760	Bluepeak Foods Summit Inc	21/39 Apex Dr, Redwood Park, Akron, CA	USA
S2-007105	Meridian Orchid LLC	291 Kestrel St, Kestrel Park, Austin, 76847	US
S2-008003	Cobalt Summit Systems & Sons Limited Liiability Company	236 Cobalt Crs Juniper Nagar Behind Ganesh Temple Jaipur 724517	USA
S2-000684	Bluepeak Fabrics  &Sons Pvt Ltd	248 Cobalt St, Meridian Nagar, une, Rajasthan, 718226	IN
S2-005451	Silverline Industries Private Limited	Cobalt Main, Orchid Nagar, Kochi, MP, 629286	IN
S2-000605	Brightpath Apex Fabrics Private Limited	29 Goldleaf Marg, Quarry Nagar, Jaipur, MP, 257810	India
S2-000343	Silverline Services Ltd	330 Orchid St, Brightpath Nagar, Kochi, Kerala	IN
S2-000653	Harbor Services LLC	67 Apex Road, Tacoma, WA, 88289	United States
S2-009094	Lanteern Foods Ltd	187 Stonebridge Marg Goldleaf Nagar Jaipur	India
S2-009330	Kestrel Pkaging Corporation	Bluepeak Street Fresno MP 649138	India
S2-008609	Juniper Chemicasl	123 Juniper Drive, Vertex Park, Akron, WA, 59188	United States
S2-005383	Onyx Fabrics Limited	138 Sunstone Street, Surat, 514019	IN
S2-004779	Lantern Textiles Pvt Ltd	17/6 Maplecrest St Falcon Nagar Coimbatore Gujarat 254954	IN
S2-000658	Rvenwood Incorporated	333 Apex St, Fresno, IL	United States
S2-006969	Brightpath Packaging P Ltd	233 Bluepeak Crs, Harbor Nagar, Jaipur, MP, 717747	India
S2-003101	Redwood Electricals	374 Cobalt Blvd, Lubbock, 94611	USA
S2-007738	Thistle Packaging Clearwater and Sons	342 Orchid St Maplecrest Nagar Surat Gujarat	IN
S2-009261	Mootors Cobalt Pvt Ltd	204 Summit Marg, Kochi, Clearwater Nagar	IN
S2-002525	Vertex Tradin P Ltd	Near Metr oPillar 42 216 Goldleaf Mn Summit Nagar Coimbatore 669580	IN
S2-003651	Harbor Ravenwood Enerprisess P Ltd	360 Onyx Rd, Coimbatore, 271721	IN
S2-005714	Onyx Private Limited	317 Goldleaf St, Pune, Kerala, 113390, Lantern Nagar	IN
S2-004501	Silverline NorthgateChemicals and Sons Ltd	32 Bluepeak Cross, Summit Ngaar, Pune, 354440, Tamil Nadu	IN
S2-000334	Falccon Fabrics Inc	71 Juniper Avenue, Peoria, TX, 69120	USA
S2-005046	StonebridgeS ilverline imited Liability Company	Behind the Civic eCnter 180 Summit Street Mobile TX 39850	USA
S2-007345	Orchid Enterprises LLC	121 Falcon Boulevard, Mobile, CA, 62205	US
S2-008357	Orchid Servicces Private Limited	137 Juniper Ave Cobalt Park Peoria IL 1480	India
S2-003054	Harbor, Industries	Near SBI ATM, 196 Lantern Main, Nagpur, MP	IN
S2-004331	Redwood Company	324 Maplecrest Avenue Peoria 92077	USA
S2-006158	Apex Enterprises and SonsP rivate Limited	Kestrel Rd, Sunstone Nagar, Indore, Gujarat	IN
S2-003001	Motors Vertex LLC	74 Maplecrest Ave, Opp. City Library, Meridian Park, Mobile, TX, 37249	United States
S2-007584	Ironwood Texitles Limited	138 Maplecrest St, Behind the Civic Center, Goldleaf Park, Kochi, OH	United States
S2-008441	Apex & Sons PL td	164 Clearwater Boulevard, Brightpath Park, Jaipur, WA, 69684	United States
S2-003410	Bluepeak Pvt Ltd	29/40 Stonebridge Road, Near SBI ATM, Juniper Nagar, Nagpur, Gujarat, 385992	India
S2-008072	Harbor & Sosn P tLd	116 Goldleaf Dr Kochi CA	US
S2-007013	Ravenwood Industries Juniper LLtd	209 Ravenwood Mn, Kestrel Nagar, Surat, 320962	IN
S2-007241	Irnowood Packaging Incorporated	234 Thistle St, Northgate Nagar, Austin, Tamil Nadu	IN
S2-008347	Sunstone, Enterprises Limited Liability Company	38 Ironwood Rd, Near Exit 14, Mobile, 21327	United States
S2-005088	Foods Ironwood	307 Harbor Ave Apex Park Peoria WA	USA
S2-000432	Northgate Limited	Ravenwood Street, Juniper Nagar, Jaipur, Rajasthan, 484685	IN
S2-004635	Godlef	Near Exit 14, 11 Quarry Street, Summit Park, AL, 92393, Akron	USA
S2-000688	Onyx Quarry Consultancy Prirvate Limited	268 Ironwood Cross Meridian NNagar Jaipur Rajasthan	IN
S2-006610	Ravenwood Summit Logistics nad Sons Pvt Ltd	Ravenwood Nagar, Indore, Thistle Marg	India
S2-008850	Thistle Logistics Summit LLC	Vertex Main, Northgate  Nagar, Austin, 872154	IN
S2-004082	HarrborI nc	218 Cobalt Drive, Onyx Park, Lubbock	United States
S2-008737	Juniper Foods & Sons LLC	49 Orchid Road, Falcon Nagar, Coimbatore, 90472	US
S2-000130	Stonebridge Crop	Sunstone Park Peoria IL 195 Quarry Drive	US
S2-009283	Falcon Services Limited	13/53 Maplecrest Marg Summit Nagar Coimbatore Tamil Nadu 791241	IN
S2-000641	Cobatl Fabrics	219 Summit Drive, Ravenwood Park, Akron, 72842	US
S2-005405	Clearwater Redwood	51 Onyx Road Ravenwood Nagar Near Metro Pillar 42 Surat	IN
S2-001520	Redwood Indutsries Limited	394 Harbor Street Onyx Nagar Kochi Rajasthan 253119	IN
S2-000018	Sunsttone, Brihgtpath Motors and Sons	138 Quarry Mn, Maplecrest Nagar, Nagpur, Tamil Nadu, 513234	India
S2-001345	Tradign Ironwood LLC	Goldleaf Rd, Opp. City Library, Ironwood Park, Lubbock, AL, 13464	US
S2-005769	Raenwood Textiles Private Limited	14 Redwood Street, Silverline Nagar, Indore, Maharashtra, 116992	India
S2-009190	Ironwood Consultancy Inc	194 Thistle Avenue, Near Exit 14, Fresno, IL, 82927	US
S2-006750	Junipeer Kestrel Industries Co	Near Exit 14, 35 Ironwood Drive, Clearwater Park, Fresno, IL	USA
S2-007653	Vertex Trading Private Limited	111 Onyx Street, Near SBI ATM,C oimbatore, Gujarat, 505832	IN
S2-007777	Summit Electricaals	215 Apex Rd, Lantern Nagar, Nagpur, Kerala, 131573	India
S2-002534	Onxy Bluepeak Motors PPvt Ltd	Ironwood Road, Lantern Nagar, Kochi, Tamil Nadu, 732420	India
S2-004162	Silverline, Meridian Textiles	283 Harbor Boulevard, Ironwood Park, Akron, 11858	US
S2-007843	Redwood Foods tLd	101 Vertex Blvd, Ravenwood Park, Surat, TX	USA
S2-005782	Onyx Brighhtpath Fabrics	100 Apex Main Onyx Nagar Pune MP 194614	IN
S2-003494	Vertex Services Private Limited	Behind Ganesh Temple, 73 Summit Marg, Brightpath Nagar, Pune, MP, 186427	IN
S2-001572	Harbor Quarry Chemcials	352 Cobalt Cross, Coimbatore, 335354	India
S2-005716	Motors Silverline P Ltd	280 Bluepeak Street, Apex Nagar, Surat, 127212	IN
S2-007546	Orchid Systems Limited	231 Redwood Marg, Vertex Nagar, Coimbatore, MP, 129575	IN
S2-000893	Northgate Systmes	38/6 Goldleaf Marg, Orchid Nagar, Jaiur, 540690	India
S2-001470	Kestrel Chemicasl	178 Quarry Main, Nagpur, Maharashtra	India
S2-005437	Brightpath Packaging Corporation	25/76 Stonebridge St Austin 24650	US
S2-006216	Redwood Services Limited Liability CCompany	351 Bluepeak Dr Kestrel Park Fresno	United States
S2-007405	Cobalt Tarding Ltd	193 Falcon Marg, Near Metro Pillar 42, Clearwater Nagar, Indore, Tamil Nadu, 141555	IN
S2-006334	Northgate Trading Incorporated	Near Exit 14 12 Ravenwood Street Juniper Park Akron TX	USA
S2-004949	Summit, Rdewood Ltd	206 Lantern Marg, Coimbatore, MP, 777005	IN
S2-007798	Sunstone Solutions	29/23 Orchid Marg, Ironwood Nagar, Opp. Bus Depot, Akron, 812757	IN
S2-007177	Redwood Systems P Ltd	64 Apex Crs, Ironwood Nagar, Pune, MP, 757160	IN
S2-009079	Northgate Consultncy Co	58 Maplecrest Cross, Surat, Maharashtra, 948533	USA
S2-007580	Ironwod Ravenwood Enterprises Limited Liability Company	Behind the Civic Center, 380 Apex St, Thistle Park, Tacoma, TX	United States
S2-001741	Northgate Motorrs Company	236 Bluepeak Dr Opp. City Library Thistle Park Tacoma WA 800005	US
S2-000811	Summit Textiles	28/9 Goldleaf Marg, Vertex Nagar, Pune, 317844	India
S2-005964	Quuarry Vertex Foods LLC	Cobalt Dr, Quarry Par,k Near Exit 14, Akron, WA	USA
S2-000807	Stonebridge Services & Sons LC	340 Juniper t, Bluepeak Park, Lubbock	US
S2-000639	Kesttrle Solutions Corporation	268 Quarry Rd, Lantern Park, WA, 22060, Mobile	United States
S2-004394	Lantern Corp	365 Kestrel St, Goldleaf Park, Peoria, WA, 33753	US
S2-006305	Falcon Electricals & Sons LLtd	24 Falcon Cross, Vetrex Nagar, Behind Ganesh Temple, Nagpur, Rajasthan	India
S2-000626	Cobalt Services Corp	Summit Road, Quarry Park, Tacoma, OH	United States
S2-005949	Ironwood P Ltd	82 Lantern Marg, Harbor Nagar, Jaipur, Kerala, 828478	IN
S2-007987	Cobalt Goldleaf Consultancy Inc	20 Summit Avenue, Harbor Park, Lubbock, 64423	US
S2-003203	Meridian Industries andSons Inc	388 Falcon Blvd, Apex Park, Mobile, TX, 78249	USA
S2-002549	Sunstone Inc	28 Apex Blvd, Peoria, AL, 30257, Bluepeak Park	United States
S2-007526	Vertex Icn	41 Redwood Road, Bluepeak Park, Austin, 99515	US
S2-000202	Sunstone Falcon	234 Northgate Rd, Clearwater Nagar, Jaipur, 541024	India
S2-000611	Blueepak Jniper Co	252 Kestrel Road Lubbock OH 88755	USA
S2-005921	Goldleaf Redwood Services & Sons	99 Kestrel Mn, Meridian Nagar, Kochi, 580141	India
S2-003927	Quarry Kestrel Foods Limited	331 MaplecrestCrs, Cobalt Nagar, 714803, Jaipur	IN
S2-008815	Onyx Ravvenwood Solutions LLC	62 Apex St, Fresno, IL	US
S2-005685	Falcon Textiles	52 Orchid Marg Coimbatore 950871	IN
S2-003005	Northgate Consultancy LLC	Opp. City Library, 377 Orchid Avenue, Vertex Park, Akron, OH	United States
S2-001277	Clearwater Maplecrest Enterprises	7/17 Juniper St, Meridian Park, Fresno, AL, 35199	US
S2-001112	Lanern Enterprises Limitd	252 Meridian Marg, Opp. Bus Depot, Maplecrest Nagar, Kochi	IN
S2-002821	Brightpath, Chemicals Company	316 Vertex Rd, Opp. City Library, Harbor Park, Fresno, CA, 14180	USA
S2-000016	Brightpath Textiles Incorporated	298 Summit Boulevard, Opp. City Library, Akron, IL, 58732	USA
S2-007138	Onyx Brghtpath Fabrics Ltd	89 Silverline Road Pune AL	US
S2-001195	Harbor Trading P Ltd	76 Onyx Road, Falcon Nagar, Jaipur, Kerala, 365294	IN
S2-005109	Stonebridge Tradding	248 Thistle Main, Indore, Rajasthan, Lantern Nagar	IN
S2-000004	Thistle Apex Tradin LLC	Meridian Dr, Vertex Park, Lubbock, AL	USA
S2-001874	Lantern Meridia nterprises	273 Goldleaf Crs, Stonebridge Nagar, Kochi	India
S2-004724	Chemicals, Ravenwood Private Limited	Redwood Crs, Orchid Nagar, Opp. Bus Depot, Jaipur, Rajasthan, 228457	India
S2-008241	Brighpath Orchid Incorpoated	152 Falcon Street, Peoria, WA, 69117	US
S2-000400	Onxy Foods Summit Company	256 Sunston Rd, Cobalt Park, Akron, 41179	US
S2-004368	Lantern Systems & Sons	Goldleaf Main Kochi Gujarat	IN
S2-004429	Northgate Sunstone Corp	206 Brightpath Drive, Ironwood Park, Mobile, 15930	United States
S2-000289	Meridian Ironwood Electricals	91 Stonebridge Avenue, Onyx Park, Austin, OH, 89843	USA
S2-007795	LanternL ogistics Pvt Ltd	326 Cobalt Marg, Opp. Bus Depot, Ironwood Nagar, Indore, Kerala, 126889	IN
S2-007301	Stonebriddge Foods Inc	111 Apex Boluevard, Ironwood Park, Tacoma, CA, 92963	US
S2-001957	Bluepeak Services Incorporated	298 Harbor Drive, Behind the Civic Center, Bluepeak Park, Lubbock, OH, 47609	USA
S2-006769	Kestrel Sunstone Soluitons & Sons P Ltd	373 Onyx Mn, nyx Nagar, Kochi, MP	India
S2-006412	FabricsF alcon Ltd	399 Harbor Marg, Pune, Maharashtra, 700661	IN
S2-008449	Thistle Apex Services Limited	104 Northgate Street, Indore, OH 91969	USA
S2-000838	Stonebridge Teextiles Limited	31 Goldleaf Crs, Behind Ganesh Temple, Brightpath Nagar, Jaipur, Maharashtra	India
S2-000329	Silverline Corp	290 Maplecrest Blvd, Austin, CA, 90701	US
S2-003238	Clearwater Chemicals Pvt Ltd	35 Clearwater Marg, Apex Nagar, Indore, MP	IN
S2-000630	Lgistics Cobalt & Sons Pvt Ltd	Behind Ganesh Temple 374 Summit Main Indore Rajasthan	IN
S2-002406	Ravenwood Consulancy and Sons LLC	94 Brightpath Rd, Thistle Park, Peoria, WA, 10598	United States
S2-006043	Maplecrest Chemicals Private Limited	367 Summit Rd Apex Nagar Coimbatore Tamil Nadu 778036	IN
S2-008370	Cobalt Bluepeak Industries	250 Maplecrest Marg, Onyx Nagar, Austin, Tamil Nadu, 713108	India
S2-004257	Apex Fabrics Co	201 Falcon Rod, Cobalt Park, Tacoma, 47368	United States
S2-001448	Nothgate, Foods & Sons LLC	80 Northgate Dr, Goldleaf Park, Mobile, OH	United States
S2-004286	Silverlinee, Industries LLC	217 Thistle Drive, Peoria, WA	USA
S2-004932	Silverlin Kstrel Services and Sons Pvt Ltd	187 Onyx St, Meridian Nagar, Surat, Maharashtra, 523009	IN
S2-004281	Silverline Meridian Consultancy Prrivate Limited	65 Sunstone Mn, Nagpur, 624600, Bluepeak agar	India
S2-003634	Merdian Fabrics	227 Thistle Drive, Meridian Park, Peoria, OH, 69723	United States
S2-005594	Goldleaf Consultancy Corporation	137 Brightpath Boulevard, Lantern Park, Peoria, 23394	US
S2-000672	Trading Vertex Private Limited	341 Orchid Cross, Jaipur, Rajasthan, 387683	IN
S2-004390	Apex, Apex Commpany	103 Cobalt Ave, Ravenwood Park, Akron, 71614	USA
S2-006826	Goldleaf, Industrries Limited Liability Company	Vertex rDive Lubbock CA 59190	US
S2-004119	HarborTrading, Corp	177 Harbor Rd, Tacoma	US
S2-004946	Packaging, Stonebridge Corpoation	11 Clearwater Blvd, Thistle Park, Peoria	US
S2-007688	Brightpath, Consultancy Corp	354 Falcon Boulevard, Clearwater Park, Behind the Civic Center, Austin, CA, 30312	US
S2-007710	Goldleaf  Fabrics and Sons Pvt Ltd	Onyx Street, Ravenwood Park, Austin, 87124	IN
S2-001115	Cobalt Packaging and Sons P Ltd	328 Harbor Cross, Bluepeak Nagar, Pune, 901125	IN
S2-004723	Ravenwood Chemicals Private Limited	214 Redwood Cross, Opp. Bus Depot, Jaipur, 228457	India
S2-003129	Thistle Kestrrel eTxtiles	80 Lantern Crs, Onyx Nagar, Kochi, Gujarat	India
S2-008439	Falcon, Redwood Private Limited	390 Sunstone Marg, Nagpur	IN
S2-003661	Vertex, ConsultancyC orp	188 Ironwood Boulevard, Ironwood Park, Peoria, OH	United States
S2-002806	Summit, Motors and Sons	Opp. City Library, Sunsttone Park, Fresno, IL, 23009, Lantern Drive	US
S2-002409	Redwood Motors Pvt Ltd	Behind Ganesh Temple, 226 Cobalt Cross, Kestrel Nagar, Kochi	India
S2-003903	Ironwood Foosd	265 Bluepeak Rd, Orchid Nagar, Surat, MP	IN
S2-007747	Brightpath Inustries	3533 Orchid St, Kochi, 77370	USA
S2-003417	Redwood Chemicals Ltd	120 Orchid Marg, Lantern Nagar, Coimbatore	India
S2-004896	Ionwood Ravewnood Enterprises LLC	303 Apex Road, Sunstone Park, Tacoma, 68669	USA
S2-006609	Ravenwood Summit Logistics & Sons Private Limited	Thistle Marg, Indore, Gujarat	IN
S2-007928	Sunstone Services& Sons Limited	90 Maplecrest Road, Apex Nagar, Surat, Rajasthan	IN
S2-003639	Northgate Sstems Co	253 Brightpath Dr, Bluepeak Park, Opp. City Library, Akron, 96006, CA	US
S2-002347	Onyx Consultancy LLC	Maplecrest Street Mobile CA 99533	US
S2-004604	Lantern Corporation	388 Orchid Drr, Clearwater Park, Behind the Civic Center, Mobile, 54435	US
S2-009087	Sunstone tLd	208 Sunstone Mrg, Jaipur, 789395	IN
S2-006957	Glodleaf Packaging Limited	199 Orchid Street Thistle Nagar Indore Kerala 374341	India
S2-007590	Maplecrest & Sons Corporation	31 Sunstone Ave Harbor Park Mobile 36321	USA
S2-007213	Northgate Industries LLC	82 Lantern Blvd Northgate Park Mobilee CA 34902	United States
S2-006814	Bluepeak Summit Industires Private Limited	Silverline St, Juniper Nagar, Kochi	IN
S2-002936	Silverline Sunsotne Enterprises Private Limited	132 Bluepeak Marg, Quarry Nagar, Near Metro Pillar 42, Pune, Tamil Nadu, 852071	India
S2-005115	Goldleaf Ironwood Private Limited	266 Apex Street Surat Maharashra	India
S2-005104	Harbor aPckaging Co	311 Clearwater Dr, Lantern Park, Near Exit 14, Tacoma ,19928	USA
S2-001306	Bluepea kHarbor Packaging Corporation	Near Exit 14, 150 Vertex Boulevard, Akron, CA, 51991	United States
S2-003998	Silverline Lgistics LLC	118 Silverline Ave, Falcon Park, Fresno, 68484	United States
S2-006740	Silveerline Consultancy Inc	377 Brightpath Street, Kestrel Park, Lubbock, TX, 68660	USA
S2-009169	Apex, Fabircs and Sons Private Limited	363 Falcon Main, Onyx Nagar, Pune, 363956	India
S2-005910	Nortthgate Trading Pvt Ltd	275 Brightpath Marg, Jaipur, 407701	IN
S2-007363	Sunstone SummitFoodsand Sons Inc	Harbor Road, Opp. City Library, Tacoma, OH	United States
S2-000891	SilverlineFalcon	296 Goldleaf St, Kestrel Nagar, Kochi	India
S2-004418	Orchid, & Sons	33/53 Ironwood Road, Apex Nagar, Indore, Gujarat, 596013	India
S2-008455	Sunstone, Services P Ltd	370 Onyx Crs, Stonebridge Nagar, Pune, Kerala, 394644	India
S2-002718	Thistle Sunstone Enterprises and Sons Ltd	Near Metro Pillar 42 147 Brightpath Cross Apex Nagar Jaipur 853419	India
S2-006102	Apex Kestrel Chemicals Incorprated	Maplecrest Boulevard Akron	United States
S2-001234	Cobalt Foods LLC	267 Kestrel St, Sunstone Park, Lubbock, 45851	United States
S2-003262	Iornwood, Silverline Chemicals Corporation	Apex Ave, Orchid Park, 47906, Akron	United States
S2-003467	Sunstonee, Fabrics	301 Thistle Road Bluepeak Park Lubbock IL 24337	United States
S2-009276	Maplecrest Meridian Logistics	229 Juniper Crs, Falcon Nagar, Naagpur, 446106	IN
S2-000144	Services Cobaltt LLC	16/77 Clearwater Rd Bluepeak Park TacomaO H 19578	United States
S2-007808	Brightpath Bluepeak Logistics P Ltd	59 Meridian St Thistle Park Surat	United States
S2-007757	Sunstone andS ons Company	140 Summit Blvd, Ironwood Park, Tacoma, 15980	United States
S2-003646	Vertx Packaging Limited	163 Northgate Marg, Coimbatore, MP, 953009	India
S2-004198	Industres Thistle Snstone	340 Silverline Rd, Meridian Nagar, Nagpur, Gujarat, 990240	India
S2-009037	Lantern Brightptah Fabrics Limited Liability Company	Falcon Park, Tacoa, OH, 91682, 102 Quarry Street	United States
S2-000158	Falcon Chemicalls	260 Orchid Ave Brightpath Park Peoria AL	United States
S2-005884	Bluepeak P Ltd	21 Silverline Cross Stonebridge Nagar Kochi Tamil Nadu	IN
S2-008530	Thistle Systems and Sons Pvt Ltd	25 Ravenwood Drive, Coimbatore, WA	United States
S2-009039	Quarry Textiles Ltd	342 Vertex Cross, Juniper Nagar, Coimbatore, 588515	India
S2-008064	Silverline Fabrics Co	303 Harbor Street, Akron, IL	United States
S2-000961	Silverlnie and Sons LLC	187 Ironwood Street, Lantern Park, Lubbock, WA, 97733	US
S2-002633	Brightpath Bluepeak Logistics Private Limited	88 Silverlinee Road, Ironwood Nagar, Surat, 285222	India
S2-005394	Harbor Logisstics	375 Quarry Mn Near SBI ATM Nagpur Kerala	India
S2-005613	Harbor Chemiclas	20/71 Goldleaf Blvd, Peoria, TX, 75894	USA
S2-000331	Harborr Incorporated	8/80 Meridian St Peoria CA 14610	United States
S2-009248	Ocrhid Systems P Ltd	Meridian Rd, Orchid Nagar, Nagpur, 461300	IN
S2-001210	Orchid Packagng Private Limited	173 Apex Rd, Maplecrest Nagar, Kochi	IN
S2-007718	Ironwood Harbor Logistics Private Limited	294 Harbor St Pune Gujarat 180905	India
S2-003303	Quarry Enterprisess P Ltd	157 Maplecrest Rd Thistle Nagar Coimbatore	IN
S2-001719	Orchid Industries Incorporated	115 Stonebridge Boulevard, Silverline Park, Austin, 93428	USA
S2-001589	Clearwater  P Ltd	257 Junipe Cross, Coimbatore	India
S2-001089	Ironwood Consultancyy Corp	15 Silverline Street, Lantern Park, Akron, TX	United States
S2-002939	Redwood Consultancy and Sons Limietd	189 Kestrel Crs, Meridian Nagar, Jaipur, 306588	IN
S2-006164	Lantern Motors Inc	27 Silverline Avenue Akron 26796	US
S2-009177	Falcon Stonebridge Packaging LLLC	83 Falcon Avenue Northgate Park Akron OH 20045	United States
S2-004230	Clearwater Solutions and Sons Limited	335 Sunstone Mn, Juniper Nagar, Kochi, 323340	IN
S2-000222	Lantenr, Motors Copmany	115 Harbor Blvd Austin OH 68314	USA
S2-006527	ApexM otors	Near Metro Pillar 422, Summit St, Stonebridge Nagar, Pune, Gujarat, 639600	IN
S2-008962	Summit Food sLLC	319 Meridian Avenue, Silverline Park, Austin, 34842	US
S2-001160	Sunstone, Falcon Textilles Ltd	32 Falcon Street, Quarry Nagar, Coimbatore, 724635	India
S2-009003	Apex Thistle Services Co	339 Silverline Dr, Orchid Prk, Mobile, OH, 71200	US
S2-001986	Lantern Brightpath  &Sons Corp	251 Northgate Road, Harbor Park, Tacoma, TX, 73196	USA
S2-007801	Silverline olutions P Ltd	14/18 Bluepeak Marg, Onyx Nagar, Jaipur, aTmil Nadu, 365387	India
S2-006448	Onyx Traidng Company	Orchid Ave, Redwood Park, Tacoma, 93941	US
S2-009259	Smmit Motors Inc	Behind the Civic Center, 94 Quarry Road, Fresno, 35714	United States
S2-004737	Stonebridge Services	211 Meridian Blvd Falcon Park Tacoma TX 90261	US
S2-000401	Juniper Ravenwood Enterprises Incorporated	8 Ironwood Road, Onyx Park, Fresno, 46466	United States
S2-001894	Harbor Onyx Services Corporation	88 Maplecrest Street Lantern Park Mobile 60332	US
S2-000102	Vertex Foods Limited Liability Company	28/667 Summit Blvd Ravenwood Park Tacoma AL 49886	US
S2-009017	Redwood Enterprises Liimited Liability Company	9/86 Kestrel Street, Cobat Park, Tacoma, TX	United States
S2-000954	Redwood Fabrics & SSons Incorporated	2 Thistle Ave ,Redwood Park, Austin	USA
S2-003604	Kestrel Packaging and Sons Corp	240 Onyx Avenue, Orchid Park, Fresno, 52809	United States
S2-004108	Services Gldleaf Private Limited	134 Ravenwood Road, Orchid Nagar, Kochi, 247113	IN
S2-003401	Northhgate Logistics	44 Thistle Street, Brightpath Park, Mobile, AL	US
S2-008179	Northgate Northgte Corporation	181 Apex Street, Sunstone Park, Near Exit 14, Fresno, IL, 98648	United States
S2-005496	Foods Juniper PL td	Opp. Bus Depot, 145 Harbor St, Jaipur	India
S2-009343	Onyx Foods	Near SBI ATM, 372 Harbor Crs, Bluepeak Nagar, Kochi, 952565	India
S2-008504	Juniper, Textiles Limietd Liability Company	293 Juniper Marg, Meridian Nagar, Indore	USA
S2-006622	Kestrel Servces	311 Apex Mn, Apex Nagar, Surat, Rajasthan	India
S2-007191	Industries Juniper	59 Ravenwoood Rd, Onyx Nagar, Coimbatore, 386586	IN
S2-008348	Ironwood Services Ltd	46 Ravenwood Blvd, Behind the Civic Center, Juniper Park, Tacoma, WA, 26769	IN
S2-004115	Meridian Harbor Tradng	271 Vertex Crs, Surat	India
S2-002046	Cobalt Fabrics Pvt Ltd	240 LanternStreet, Silverline Nagar, Surat, Gujarat, 164122	IN
S2-005880	Stonebridge Textiles	204 Apex St, Vertex Nagar, Kochi, MP, 628924	India
S2-004448	Summit Harbor Motors	Quarry Park, Opp. City Library, Tacoma, 36561, 371 Vertex Blvd	USA
S2-002035	Goldleaf  Electriacls	Quarry Main, Behind Ganesh Temple, Goldleaf Nagar, Indore, Maharashtra	IN
S2-003687	Cobalt CConsulatncy Limited	Near SBI ATM, Silverline Marg, Northgate Nagar, Nagpur, Tamil Nadu, 674154	India
S2-008595	Stonebridge Electrcals Limited	26 Harbor Road, Maplecrest Nagar, Jaipur, Maharaashtra	India
S2-005600	Stonebridgee Kestrel Soltions Corporation	Opp. City Library, 20/84 Silverline Dr, Mobile	US
S2-007665	Sunstone Textiles Compayn	88 Meridain Ave, Thistle Park, Mobile, TX, 29455	US
S2-003597	Thistl eChemicals	287 Ravenwood Avenue, Meridian Park, Austin, OH, 99867	US
S2-007016	Maplecrest Services Inc	339 Apex Drive, Sunstone Park, Peoria, IL, 93451	US
S2-005791	Harborr Packaging	217 Meridian Boulevard, Bluepeak Park, Lubbock, IL, 89917	US
S2-004726	Falcon Motors Ld	9/74 Cobalt Main, Northgate Nagar, Behind Ganesh Temple, Surat, Maharashtra, 306017	India
S2-005987	Ravenwood	258 Falcon Road, Orchid Park, Akron, WA, 96720	US
S2-002901	Ketrel Logistics and Sons	80 Maplecrest Boulevard Lantern Park Lubbock	US
S2-005932	Falcon, Private imited	371 Juniper Mn, Behind Ganesh Temple, Brightpath Nagar, Surat, Kerala	India
S2-006015	JunieprLogistics	86 Sunstone Street, Akron, CA, 40652	US
S2-000597	Quarry, Fabics Pvt tLd	161 Vertex Mn, Stonebridge Nagar, Pune	IN
S2-008201	Brightpath Motors & Sons	319 Juniper Dr Nagpur TX 20890	USA
S2-009212	Northgate Eelctricals Limited	Meridian Ave, Mobile, OH, 35015	India
S2-003074	Lnatern, Textiles Orchid Limited Liability Company	159 Brightpath Road, Peoria, CA	US
S2-000775	Lantern Pvt Ltd	145 Quarry Road, Ironwood Nagar, Kochi, 215904	India
S2-001570	Orchid Electricals	324 Harbor Cross, Near SBI ATM, Indore, MP, 917755	India
S2-005043	Thistle Industries Inorporated	Harbor Rd Ausitn AL	United States
S2-008192	Redwood Sunstone Enterprises Corp	Near Exit 14, 22 Quarry Dr, Orchid Park, Peoria, TX, 73897	United States
S2-005376	Cobalt Falcon Fabrics P Ltd	Silverline Crs, Kochi, Gujarat, 791342	India
S2-002999	BrightpathP ackaging	216 Ironwood Dr, Cobalt Park, Near Exit 14, Akron, WA, 71758	USA
S2-001475	Onyx Goldleaaf Electricals LLC	229 Apex Rd, Peoria, OH, 72255	USA
S2-005947	Bluepeak Industrries Ltd	395 Kestrel Crs, Apex Nagar, Pune, 853474	IN
S2-007721	Kestrel Foods Ld	21 Orchid Blvd, Thistle Park, Indore, IL, 17415	USA
S2-000150	Maplecrest Orchid	52 Sunstone Street Ironwood Nagar Pune Rajasthan 260630	IN
S2-007921	Onyx Logistics	196 Northgate St, Northgate Park, Fresno, IL, 31575	United States
S2-008111	Apex Electricals P Ltd	12 Onyx Mn, Bluepeak Nagar, Surat, MP	India
S2-007362	Vertex Apex Electrical and Sons	169 Vertex Blvd Nagpur, 78182	US
S2-004873	SummitElecttricals	9/22 Falcon Crs, Summit Nagar, Kochi, Gujarat	India
S2-004248	Onyx Industries  & Sons	Maplecrest Nagar Near Metro Pillar 42 Jaipur Rajasthan 239 Juniper Main	IN
S2-007711	Kestre lChemicals	359 Bluepeak Dr, Lubbock, WA, 45414	USA
S2-005907	Vertex Systems Private Limited	350 Brightpath Crs Goldleaf Nagar Kcohi Tamil Nadu	India
S2-003091	Falcon Fabrics	235 Maplecrest Boulevard, Fresno, OH	US
S2-003566	Silverline Silverline Fabrics LLC	388 Juniper Street, Northgate Park, Bheind the Civic Center, Tacoma, OH, 78029	US
S2-000213	Northgate Consultanc yPvt Ltd	157 Summit Cross, Brightpath Nagar, Opp. Bus Depot, Coimbatore, 787127	India
S2-005846	Maplecrest Pakcaging Corp	374 Vertex Blvd, Goldleaf Park, Lubbock, OH, 20331	US
S2-008822	Silverlline Systems Pvt Ltd	275 Clearwater Boulevard, Pune, WA, 55694	United States
S2-000681	Clearwater Industries Private Limited	38/46 Cobalt Marg, Meridian Nagar, Opp. Bus Depot, Pune, Maharashtra, 676716	India
S2-000051	Brightpat hQuarry Textiles Ltd	41 Lantern Marg, Near SBI ATM, Indore, 418066	India
S2-000907	Northgaet Services LLC	263 Brightpath R dSunstone Park Tacoma 78023	United States
S2-009306	Sunstone Motors Ltd	375 Lantern Mn, Thistle Nagar, Indore	India
S2-003805	Clearwater Logistics Incorporated	122 Harbor Avenue, Maplecrest Park, IL, 57289, Mobile	US
S2-007911	Falcon Electricals Private Limited	59 Redwood Rd, Clearwater Nagar, Suart, 228188	IN
S2-004880	Falcon  Packaging Co	310 Meridian Stree,t Lantern Park, Fresno	USA
S2-005948	Sunstone Logistics Company	202 Goldleaf Road Lubbock IL	USA
S2-008585	Nortghate Brightpath P Ltd	Silverline Nagar, Jaipur, Gujarat, 546914, Orchid Crs	India
S2-000656	Harbor Pvt Ltd	188 Meridian Crs, Apex Nagar, Jaipur, 784750	IN
S2-004227	Orchid Trading	365 Apex Rdd Fresno 91358	US
S2-002811	Onyx Corp	373 Brightpath Rd Sunstone Park Mobile WA 29409	USA
S2-007340	Summit Consultancy Incorporated	Near SBI ATM 239 Onyx Mn Goldleaf Nagar Akron Rajasthan	IN
S2-002775	Northgate Consultancy Coompany	302 Brightpath Rd, Cobalt Park, Austin, TX, 37693	US
S2-007331	SilverlinePackaging, Pvt Ltd	Vertex Main, Coimbatore, 569507	IN
S2-004199	Electricalss Lantern Corporation	301 Redwood Street, Onyx Park, Austin, WA	US
S2-002687	Bluepaek Motors & Sons Pvt Ltd	199 Sunstone Mn Jaipur Rajasthan 593977	India
S2-004964	Enterprises, Co	357 Redwood Drive, RavenwoodP ark, Tacoma, CA	US
S2-006208	Ravenwood Motors Private Limited	129 Bluepeak Road, Clearwater Nagar, Behind Ganesh Temple, Jaipur, Gujarat, 606414	IN
S2-006256	Silverline Private Limited	386 Juniper Road, VertexNagar, Indore, 276801	India
S2-002786	Tihstle Corp	Behind the Civic Center, 386 Silverline Avenue, Juniper Park, Tacoma, AL, 89245	USA
S2-003641	Thitsle Trading	Near Metro Pillar 42, 6 Falcon Main, Meridian Nagar, Kochi, 975067	India
S2-002701	Kestrl	144 Harbor St, Northgate Nagar, Kochi, 619976	IN
S2-008189	Apex Trading	238 Ironwood Road, Clearwater Park, Lubbock, AL	IN
S2-000791	Ravewood Serivces	99 Brightpath Rd, Juniper Park, NearE xit 14, Austin	US
S2-006772	Orchid Systems Ltd	180 Goldleaf Main, Brightpath Nagar, Pune, 951098	India
S2-002302	Oynx Serivces LLC	Summit St, Opp. City Library, Peoria, IL	US
S2-004163	Silverline Kestrel Logistics Limited	103 Goldleaf Main, Lantern Nagar, Kochi, Maharashtra, 754209	IN
S2-007563	Orchid Electricals Co	134 Summit Dr, Orchid Park, Tacoma	USA
S2-000931	Juniper Coonsultancy and Sons Limited	35/16 Summit St, Juniper Nagar, Jaipur, Kerala, 524883	India
S2-006659	Orchid Motors Ltd	27 Meridian Rd, Maplecrest Nagar, Indore, 340104	India
S2-006778	Bluepea kTextiles nad Sons Limited	Quarry Marg, NearMetro Pillar 42, Thistle Nagar, Pune, Kerala, 696017	IN
S2-000477	Redwood Solutions Onxy Ltd	390 Summit Road Sunstone Nagar Nagpur 639981 Kerala	India
S2-002715	Vertex Motor Corp	172 Orchid Drive Onyx Park Akron WA 13521	United States
S2-005333	Apex Chemicas Incorporated	270 Vertex Ave Maplecrest Park Akron 85312	US
S2-003418	Stonebridge Clearwatre Trading LLC	Northgate Boulevard, Vertex Park, Akron, AL, 33254	US
S2-003225	Quarry Ltd	222 Ravenwood Marg,, Pune, Kerala, 519161	India
S2-003286	Juniper Summit Limited Liability Company	146 Ravenwood Ave Brightpath Park Lubbock 61340	United States
S2-008026	Onyx Packaging	Fresno, AL, 129 Thistle Dr	United States
S2-005572	Quarry Services Inc	262 Thistle Avenue, Opp. City Library, Meridian Park, Fresno, WA, 67947	United States
S2-003403	Vertex Glodleaf	339 Sumimt Rd, Sunstone Nagar, Maharashtra, Surat	IN
S2-006939	Lantern Textiles Private Limited	Redwood St, Northgate Park ,Jaipur	United States
S2-004216	Redwod Logistics	Ironwood Main, Opp. Bus Depot, Coimbatore, MP, 806723	India
S2-007245	Hrabor, Services	293 Juniper Road, Maplecrest Park, Akron, 35604	USA
S2-009151	Brightpath Systems Limited Liabilityy Company	117 Harbor Marg, Kochi, 969100	United States
S2-003883	Apex SSolutions Ltd	Thistle Mn, Stonebridge Nagar, Coimbatore, Kerala	IN
S2-008943	Ironwood Lmiited	243 Sunstone Cross, Clearwater Nagar, Kochi, MP	India
S2-002585	Cobalt Industries Bluepeak and Sons CCompany	Thistle Avenue, Austin	United States
S2-002313	Brightpath Systems and Sons Corp	Thistle Park, Austin, 23811, 104 Maplecrest Ave	USA
S2-008443	Ravenwood Lantern Logistics	Apex Boulevard, Mobile, Meridian Park	United States
S2-002393	Vertex Private Limited	266 Orchid Street, Brightpath Nagar, Indore, Gujarat, 948401	India
S2-002416	Falcon Stonebridge Trading Ltd	Northgate Main Northgate Nagar Pune MP 461958	India
S2-008336	Redwood Tradiing Inc	230 Sunstone Crs, Behind Ganesh Temple, Peoria, Maharashtra, 781571	India
S2-001921	Quarry, Services	191 Goldleaf Street, Vertex Nagar, Coimbatore, Rajatshan, 522236	India
S2-001543	Ravenwood  Enterprises Corp	3 Apex Boulevard, Peoria, IL, 80811	US
S2-005801	Ironwood Corporation	21 Stonebridge Dr, Falcon Park, TX, 62331, Fresno	USA
S2-001701	Onyx Eectricals	194 Orchid Cross, Maplecrest Nagar, Kochi, Rajasthan, 910705	India
S2-004058	Maplecrest Logistics and Sons Pvt Ltd	28/86 Brightpath Rd, Summit Nagar, Nagpur, Rajasthan	IN
S2-002996	Apex Electricals & Sons	111 Goldleaf Street Orchid Park Tacoma WA 74463	USA
S2-003881	Bluepeak Apex Chemicals Liimted	307 Sunstone Marg, Opp. Bus Depot, Stonebridge Nagar, Pune, MP, 813096	IN
S2-002457	Quarry P Ltd	129 Falcon Marg Surat Kerala 372239 Orchid Nagar	India
S2-002174	Thistle Chemicals iLmited	167 Stonebridge Strreet, Summit Nagar, Nagpur, Kerala	India
S2-004867	Silverline Motor sCompany	309 Apex Drive, Near Exit 14, Fresno	US
S2-000751	Meridian Clearwater Enterprises Ltd	378 Orchid Marg, Sunstone Nagar, Pune, MP	IN
S2-003342	Orchid Packaging	Behind the Civic Center, 301 Clearwater Road, Onyx Park, Austin, 45866	USA
S2-005736	Harbor Enterprise Pvt Ltd	223 Clearwater MMn Apex Nagar Kochi Kerala	IN
S2-006383	NorthgateT extiles Prrivate Limited	136 Sunstone Marg, Kochi, Maharashtra	IN
S2-007188	Ironwood Brightpath Chmicals Private Limited	35/9 Meridian Boulevard, Maplecrest Park, Fresno, 58492	IN
S2-003296	Stonebridge Chemicals Inc	29 Northgate Blvd, Mobile, OH, 28703	US
S2-007960	Enterprises Inc	9/76 Cobalt Blvd, Bluepeak Park, Peoria, CA, 99292	United States
S2-007773	Enterprises Onyx	120 Kestrel Road, Juniper NNagar, Indore	IN
S2-006144	Ravenwood Clearwater Enterprises	Near Exit 14, 217 Redwood Blvd, Clearwater Park, Lubbock, AL, 39398	US
S2-004757	Lantern Chemicals Incorporated	Behind the Civic Center, 58 Northgate Ave, Orchid Park, Lubbock, TX, 57139	US
S2-009218	Redwood Solutions	Kestrel Boulevard, Harbor Park, Austin, OH, 10421	United States
S2-000139	Kesrel Harbor	79 Bluepeak Street, Redwood Park, Fresno, CA	United States
S2-002800	Cobaalt Trading Pvt Ltd	10/79 Clearwater Rd, Harbor Nagar, Surat, Gujarat	India
S2-006465	Lantenr Consultancy Co	89 Clearwater Ave, Falcon Park, Akron	USA
S2-008246	Silverline Consultancy LLC	385 Lantern Boulevard Goldleaf Park Near Exit 14 Austin AL 96049	US
S2-007559	Kestrle, Chemials Corp	125 Goldleaf Dirve, Quarry Park, Akron, AL, 49363	US
S2-000214	Falcon hCemical Company	Redwood Rd, Lubbock, IL, 94932	US
S2-002993	Falcno Apex Foods Limited Liability Company	15/49 Cobalt Rd, Quarry Park, Tacoma, IL, 62192	United States
S2-006937	Meridian Industries Corporation	233 Brightpath Marg, Orchid Nagar, Surat, 771042	USA
S2-002127	Bluepeak Textiles	166 Lantern Cross Ironwood Nagar Surat MP	IN
S2-004591	Cobalt Industries P Ltd	Quarry Main, Behind Ganesh Temple, Cobalt Nagar, Kochi	IN
S2-007516	Verte xPackaging	86 Apex Crs Ravenwod Nagar Austin Maharashtra 118068	India
S2-006280	Trading Brightpath CCo	Lubbock, AL, 293 Falcon St	USA
S2-003730	Summit Pvt Ltd	Lantern St, Ravenwood Nagar, Punne, Gujarat, 474642	India
S2-005809	PackagingC obalt	227 Onyx Dr, Maplecrest Park, Opp. City Library, Austin,, CA, 99296	United States
S2-003587	Summi Cobalt Fabrics Corp	Clearwater Boulevard, Falcon Park, Lubbock, IL, 50296	USA
S2-002345	Oynx LLC	367 Sunstone Blvd, Kestrel Park, Mobile, OH, 53713	USA
S2-004851	Silverline Consultancy Corp	50 Apex Dr Meridian Park Austin AL	USA
S2-005842	Stonebridge Foods Corporation	357 Lantern Road, Sunstone Park, Tacoma, 33088	US
S2-007796	Vertx rTading	16 Sunstone Street, Lantern Nagar, Indore, Gujarat, 952962	IN
S2-006459	Ironwood Textilles Pvt Ltd	61 Maplecrest Street, Near SBI ATM, Redwood Nagar, Surat, MP, 880398	IN
S2-007902	Bluepeak Textiles P  Ltd	Sunstone Street, Kochi, Rajasthan, 167451	IN
S2-004151	Meridian imited	27 Maplecrest Road, Near Metro Pillar 42, Juniper Nagar, Kochi, 734518	India
S2-005005	Solutions Lmiited Liability Company	317 Ravenwood Street, Onyx Park, Tacoma, WA, 65887	USA
S2-004557	Clearwater Motors Corporation	Redwood Rd Thistle Park Austin CA 89322	USA
S2-001424	Ravenwood Thistle Consultancy & Sons Incroporated	177 Harbor Blvvd Quarry Park Lubbock 85690	USA
S2-007904	Kestrel, Goldleaf Trading Ltd	34 Thistle Ave Summit Park Mobile TX	India
S2-001737	Summit Chemicals  P Ltd	244 Apex St, Apex Nagar, Indore, 449577	IN
S2-001652	Goldleaf Chemicals P Ltd	317 Harbor Marg Facon Nagar Behind Ganesh Temple Kochi 252067	India
S2-002865	Goldleaf Ldt	260 Brightpath Crs, Falcon Nagar, Opp. Bus Depot, Surat, Tamil Nadu	India
S2-005066	Clearwater P Ltd	Near SBI ATM, 105 Silverline Mn, Surat, Rajasthan, 385631	India
S2-002723	Stonebridge Solutions Pv Ltd	294 Ironwood Marg, Harbor Nagar, Pune, Tamil Nadu	IN
S2-007869	Cobalt Fabrics an dSons	314 Onyx St, Kestrel Park, Coimbatore, 34258, TX	US
S2-002537	Thislte Electricals	20/13 Thistle Rd Northgate Park Opp. City Library Mobile TX	US
S2-005458	Ironwood, Harbbor Textiles Limited	232 Falcon Road, Stonebridge Nagar, Kochi	India
S2-005901	Ravenwood Silverline Textiles Corp	349 Vertex Ave, Ironwood Park, Lubbock, CA	USA
S2-005198	Sunstone Solutions Corporation	108 Kestrel Avenue, Vertex Park, Tacoma, CA	US
S2-006227	Cobalt Vertex Foods and Sons Corporatoin	11 Apex Drive, Lantern Park, Tacoma, AL, 26444	USA
S2-001098	Meridain P Ltd	79 Goldleaf St, Meridian Naar, Kochi, Gujarat, 153170	IN
S2-007545	Ravenwood Chemicals P tLd	384 Cobalt St, Falcon Park, Kochi, CA, 95153	United States
S2-000635	Falcon Consultancy Company	267 Summit Avenue, Tacoma, CA, 40836	USA
S2-007634	Meridian Fabrisc Company	214 Orchid Marg, Quarry Nagar, Behind Ganesh Temple, Pune, Tamil Nadu, 107891	USA
S2-008763	Rdewood Systems Private Limited	89 Onyx St, JJaipur, 522249	India
S2-002571	Clearwater Sumit Incorporated	69 Meridian Avenue, Summit Park, Fresno, IL, 37905	USA
S2-001810	Onyx Consulltancy Ltd	184 Thistle Crs, Bluepeak Nagar, Nagpur, Kerala, 964620	India
S2-001755	Silverlinee Stonebridge Trading	30/14 Vertex Mn, Onyx Nagar, Surat, 161244	IN
S2-000355	Falcon, Foods Corp	109 Harbor Boulevard Brightpath Park Akron 12157	USA
S2-005530	Northgate, Pacckaging LLC	113 Juniperr Drive, Harbor Park, Peoria, IL, 63966	USA
S2-000687	Brightpath rivateLimited	95 Cobalt St, Cobalt Nagar, Coimabtore	India
S2-003333	Silverlie Trading	15 Apex Road Harbor Nagar Indore 466332	IN
S2-008786	Sunstone Ravenwood Fabrics P Ltd	28/34 Onyx Rd, Onyx Nagar, Jaipur	IN
S2-004795	Apex, Logistics Private Limited	10/78 Meridian Marg, Bluepeak Nagar, Near SBI ATM, Coimbatore, Tamil Nadu, 425300	India
S2-001287	Apex, Private Limited	264 Cobalt Marg, Coimbatore, Maharashtra	India
S2-003571	Cobalt Company	53 Summit Avenue, Lantern Park, Peoria, AL, 89370	US
S2-006894	Ravenwood Ravenwood Entterprises	178 Orchid Dr Thistle Park WA 14078 Akron	United States
S2-008686	Sunstone Apex Packaging Inc	Northgate Boulevard, Fresno, OH, 30524	US
S2-004840	Clearwater Clearwater Packaging Limited	47 Redwood Cross, Indore, Maharashtra, 250133	IN
S2-004019	Redwood Motors and Sons	Near SBI ATM, 228 Quarry Rd, Nagpur	IN
S2-003647	Juniper Electricals Limited	226 Stonebridge Marg, Ironwood Nagar, Kochi, 248272	IN
S2-003953	Ironwood Maplecrest Consultancy Co	148 Harbor Street Near Exit 4 Harbor Park Mobile AL	US
S2-006356	Meridian & Sons Incorpporated	Brightpath Blvd, Near Exit 14, Meridian Park, Tacoma, WA, 68463	US
S2-005533	Ironwood Foods Limited	27/79 Redwood St, Surat, Rajasthan, 946835	India
S2-004016	Bluepeak Chemicals LLC	Meriidian Blvd Brightpath Park Akron	US
S2-005557	Malecrest Solutions	Juniper Marg, Kestrel Nagar, Nagpur	IN
S2-007549	Maplecrest Enterprises P Ltd	217 Juniper Drive, Lantern Park, Coimbatore, WA, 16472	US
S2-001886	Lantern Motors and Sons Limited	125 Harbor St, Summit Nagar, Indore, Gujarat	India
S2-008066	Silverline Silverline Packaging and Sons Lttd	220 Redwood Street Brightpath Park Mobile WA	IN
S2-007493	Quarry Enterprises Inc	Opp. City Library, 160 Juniper Blvd, Fresno, 25228, CA	United States
S2-002813	Onyx Enterprises Corporation	373 Brightpath Road, Sunstone Park, Mobile, WA, 29409	US
S2-006865	Bluepeak otors Private Limited	324 Brightpath Street, Near SBI ATM, Jaipur	India
S2-003114	Vertex Juniper Services Pvt Ltd	135 Silverline Street, Sunstone Nagar, Jaipur	India
S2-002510	Clearwater Incorporated	Near Exit 14, 9/81 Ravenwood Avenue, Fresno, OH, 62973	US
S2-002839	Bluepeak Harbor	227 Summit Boulevard Mobile AL	USA
S2-004200	Lantern Electricalss Corporation	301 Redwood Street, Onnyx Park, Austin, WA	USA
S2-000177	Sunstone Foods Prrivate Limited	381 Falcon Main Falcon Nagar Kochi MP	India
S2-004681	Brightpath Silverline Chemicals Ltd	351 Goldlef Street, Juniper Nagar, Jaipur, MP, 275182	IN
S2-006187	Ironwood, Trading and Sons Ltd	Ravenwood Cross Redwood Nagar Jaipur Rajasthan 527609	India
S2-009328	Lantrn Ltd	57 Onyx Main, Harbor Nagar, Pune, Kerala, 409009	India
S2-003346	Cobalt Electricals Private Limited	134 Brightpath St, Coimbatore, 711222	India
S2-008549	Meridian Limited Liability  Company	189 Ravenwood Road, Quarry Nagar, Jaipur	United States
S2-002669	Summit Logistics Privat eLimited	101 Apex Marg, Goldleaf Nagar, Surat, Gujarat, 574600	IN
S2-004092	Trading Silverline Limited	Cobalt Marg, Vertex Nagar, Nagpur, Kerala	India
S2-000760	Clearwater Servicces	Summit Crs, Maplecrest Nagar, Nagpur, 305359, Gujarat	IN
S2-005729	Apex, Foods Pvt Ltd	12 Thistle Crs, Northgate Nagar, Opp. Bus Depot, Nagpur, 346167	IN
S2-000949	Stonebridge Solutions Co	319 Onyx Rd, Maplecrest Park, Fresno, AL	United States
S2-000594	Silerline P Ltd	Quarry Marg, Stonebridge Nagar, Coimbatore, Maharashtra, 393189	India
S2-008087	Lantern Pvt Lttd	209 Summit Marg Harbor Nagar Kochi	India
S2-005705	Stonebridge Lgoistics Co	Falcon St, Redwood Park, Mobiile, 78032	United States
S2-006225	Cobalt Fabrics Private Liited	Opp. Bus Depot, 216 Stonebridge oad, Pune, Maharashtra	India
S2-002436	Redwood Cobalt Eletricals Limited Liability Company	24 Juniper Road, Goldleaf Park, Lubbock, 59411	United States
S2-007569	Redwood Lgoistics & Sons Inc	Ironwood Rd, Stonebridge Park, Fresno, AL, 16534	US
S2-005870	Thistle Sytsems Private Limited	217 Cobalt Marg, Clearwater Nagar, Coimbatore, Tamil Nadu	IN
S2-006381	Vertex Electricals	338 Meridian Rd Falcon Nagar Kochi 805041	India
S2-000224	Sunstone Kestrel and Sons Corp	Maplecrest St, Goldleaf Park, Tacoma, IL	US
S2-007282	Vertex Systems P Ltd	10 Harbor Crs Vertex Nagar Surat Maharashtra 702469	India
S2-003759	Stonebridge Bluepeak Textiles	186C learwater Street, Apex Park, Tacoma, CA, 88174	United States
S2-005269	Juniper  Pvt Ltd	248 Stonebridge Street, Surat, 887393	India
S2-005593	Meridiann Motors Limited Liability Company	24/25 Cobalt Street, Fresno, 75300	United States
S2-000480	Stonebridge Foods Ltd	328 Clearwater Road, Redwood Nagar, Jaipur, Kerala, 752663	India
S2-006153	Sunstoe Packaging Company	Opp. City Lirary, Juniper Ave, Fresno, 73224	US
S2-000354	JuniperClearwater Pv Ltd	Stonebridge Road Bluepeak Nagar Surat 552163	India
S2-001347	Chemicals Quarry Incorporated	259 Quarry Ave Goldleaf Park Behind the Civic Center Peoria IL	USA
S2-004560	Harbor, nIc	Vertex Park, Austin, IL, 82717, 234 Onyx St	USA
S2-002778	Bluepeak Ltd	244 Ironwood Marg, Ravenwood Nagar, Nagpur, Tamil Nadu	India
S2-005366	Sunstone Consultancy LLC	31 Goldleaf Drive, Cobalt Park, Mobile, IL, 64884	USA
S2-007717	Ironwood Goldlleaf Limited	352 Ironwood Main, Opp. Bus Depot, Vertex Nagar, Nagpur	IN
S2-000248	Juniper Cnsultancy Ltd	229 Clearwater Road Clearwater Nagar Indore 226107	IN
S2-002000	Junipeer Motors Co	28 Onyx Street Sunstone Park Tacoma	US
S2-002941	Stonebriddge Foods Pvvt Ltd	192 Goldleaf Crs, Stonebridge Nagar, Kochi	IN
S2-004134	Meridian Enterprises & Sons CCo	21 Clearwater Boulevard, Kestrel Park, Lubbock, OH, 47792	US
S2-001202	Goldleaf Soluutinos Clearwater & Sons Private Limited	380 Bluepeak Cross, Cobalt Nagar, Opp. Bus Depot, Pune	IN
S2-007611	Ravenwood Etnerprises Company	263 Stonebridge St, Ravenwood Park, Peoria, OH, 35569	US
S2-008682	Thistle Textiles Private Limited	55 Silverline Mn, Pune, Kerala	IN
S2-003456	Meridian Systems Incoporated	278 Meridian St, Ironwood Park, Austin, WA, 15660	US
S2-004911	Cobalt Onyx Corporation	40 Thistle Blvd, Maplecrest Park, Lubbock, TX, 74616	US
S2-004965	Orchid, Co	170 Redwood Dr, Clearwater Park, Opp. City Library, Fresno, OH	US
S2-008300	GoldleafCo	Opp. City Library, 157 Lantern Ave, Bluepeak Park, Fresno, TX, 48248	United States
S2-004691	Harbor Consulltancy	362 Brightpath Street, Ravenwood Park, Mobile, OH, 78024	USA
S2-007111	Textiles Thistle LLC	351 Quarry Drive, Redwood Park, Akron, 95204	USA
S2-001578	Kestrel Services Ltd	15/11 Quarry Marg, Thistle Nagar, Indore, Maharashtra, 568150	India
S2-002130	Silverline Enterprises LLC	276 Brightpath Rd, Peoria	US
S2-003935	Kestrel	186 Apex Crs, Meridian Nagar, Jaipur, Tamil Nadu	India
S2-008810	Buepeak Chemicals & Sons Inc	24 Cobalt Boulevard, Opp. City Library, Cobalt Park, Austin, 50319	United States
S2-004095	Snstone Cobalt & Sons Inc	Opp. City Library, 138 Sunstone Road, Brighpath Park, Austin, 95728	United States
S2-008802	Quarry Foods and Sons Company	175 Orchid Rd, Akron, WA	United States
S2-003118	Clearwater Private LLimited	Sunstone St, Quarry Nagar, Nagpur	India
S2-005134	Brightpath Motors and Soons	211 Lantern Street Maplecrest Park Fresno AL	US
S2-001405	Clerwater Services LLC	226 Falcon Street, Onyx Park, Lubbock, CA, 11491	United States
S2-000702	Summmit Industries Inc	147 Lantern Drive, Stonebridge Park, Austin, IL, 13815, Opp. City Library	United States
S2-004744	Orchid Packaging	132 Orchid Road, Opp. Bus Depot, Thistle Nagar, Kochi, Gujarat, 221213	IN
S2-007084	Ironwood Harbor extiles and Sons Ltd	373 Goldlefa Crs Kochi Kerala	IN
S2-000041	Orchid Systems Co	129 Cobalt Boulevard, Clearwater Park, Akron, 47342	US
S2-008697	Juniper Services Incorporated	334 Stonebridge Road, Northgate Park, Tacoma, OH	US
S2-000502	Stonebridge Fabrics Incorporated	Near Exit 14, 34 Orchid Boulevard, Kestrel Park, Fresno, AL	US
S2-002850	Summit Corporation	13 Ravenwood Dr, Harbor Park, Akron, TX	United States
S2-005396	Juniper Brightpath Motors Croporation	11 Northgate Street, Lubbock, 97137	United States
S2-000340	Onyx	226 Goldleaf Crs, Quarry Nagar, Nagpur, 106480	IN
S2-004422	LanternMotors Private Limited	327 Falcon Mn, Bluepeak Nagar, Pune, 354608	IN
S2-009323	Quarry Solutions Private Limited	49 Silverline Crs, Northgate  Nagar, Jaipur, Gujarat, 900217	India
S2-007446	Meridian Quarry Soluttions Incorporated	232 Goldleaf Blvd Cobalt Park Peoria AL 43434	United States
S2-006741	Silverline Consultancy	Brightpath Street Kestrel Park Near Exit 14 Lubbock 68660	USA
S2-000324	SunstoneInc	77 Lantern Rd, Apex Park, Lubbock, OH, 46505	US
S2-001222	Apex Logistics ompany	373 Northgate Rd, Thistle Park, 83684, Autsin	US
S2-006935	Summit Apex Industries Company	23/21 Summit Street Thistle Park Akron WA 11649	US
S2-001658	Vertex Goldleaf Consultancy	219 Maplecrest Bvld, Vertex Park, Akron, AL	US
S2-004243	Consultancy, Sunstone and Sons	200 Cobalt Ave, Peoria, CA, 12840	United States
S2-000862	Northgate Packaging	44 Lantern Marg, Orchid Nagar, Near SBI ATM, Pune, 685165	IN
S2-002864	Onyx ConsultancyC o	Akron, CA, 51447, 218 Northgate Ave	USA
S2-003936	Ksetrel	186 Apex Crs, Meridian Nagar, Jaipur, Tamil Nadu, 309767	IN
S2-000539	Ravenwood Electricals Ltd	Opp. Bus Depot, 22/35 Bluepeak Marg, Coimbatore, Gujarat	IN
S2-007447	Sunstone Logistic sCompany	367 Northgate Rd Summit Nagar Jaipur 171828	United States
S2-007366	Meridian Sunstone Electricals Prrivate Limited	Meridian Main, Brightpath Nagar, Kochi, MP	India
S2-000087	Clearwtaer	124 Apex St, Summit Nagar, Kochi, Maharashtra, 790312	India
S2-003560	Maplecrest Enterpries LLC	11/75 Redwood Blvd, Maplecrest Park, Fresno, WA, 69364	United States
S2-001360	Ironwood Harbor Packaging Incorporated	234 Harbor Rd, Cobalt Park, Peoria, CA, 76276	US
S2-007120	Northgate, Goldleaf Consultaancy	90S ilverline Road Northgate Nagar Kochi Kerala	US
S2-004285	Maplecrest Chemicals Limited LiabilityCompany	4/41 Bluepeak Road, Tacoma, IL, 67185	USA
S2-001605	Sttonebridge Inc	388 Maplecrest Rd Quarry Park Akron CA	United States
S2-005940	Sunstone, Corproation	Opp. City Library 191 Orchid Ave Thistle Park Peoria CA	USA
S2-005395	Harbor P Ltd	375 Quarry Mn, Bluepeak Nagar, Nagpur, 780515	India
S2-006433	Irowood, Systems Private Limited	64 Apex Road, Surat, Maharashtra, 898210	India
S2-002696	Redwood Company	Behind the Civic Center, 125 Clearwater Street, Akron, 39938	United States
S2-002487	Northgate Textiles	211 Redwood Blvd Silverline Park Fresno 78093	United States
S2-004268	Kesterl Ltd	Near SBI ATM, 106 Summit Rd, Harbor Nagar, Jaipur, Maharashtra, 173689	India
S2-007713	Ravenwood Goldleaf Chemicals LLC	166 Cobalt Rd, Cobalt Park, Akron, AL, 16917	United States
S2-007658	Cobalt Inc	328 Goldleaf Avenue, Lubbock, AL, 92701	USA
S2-001001	Thistle Textiles Pvt Ltd	285 Meridian Marg, Orchid Nagar, Surat, Maharashtra	IN
S2-007930	Quarry Packaing	35 Ravenwood Street, Sunstone Nagar, Pune, Kerala, 751866	India
S2-001765	Summit Chemicals Inc	252 Sunstone Boulevard, Redwood Park, Fresno, AL	US
S2-005374	Ravenwood Quarry Fabrisc	Nagpur, Rajasthan, 649258, Redwood Road	India
S2-008052	Summit Consultancy	Opp. Bus Depot 277 Maplecrest Rd Indore Rajasthan	IN
S2-006242	Clearwater Kestrel Services and Sons Corp	187 Redwood Avenue, Ironwood Park, Peoria, 15688	United States
S2-001768	Lanern Private Limited	179 Harbor St, Summit Nagar, Pune, 660857	India
S2-008083	Godleaf Fabrics	13/77 Meridian Avenue, Juniper Park, Peoria, WA, 56000	United States
S2-006711	Silverline Services Limtied	108 Summit St Sunstone Nagar Pune	IN
S2-005425	Onyx Ravenwoo dFabrics	80 Harbor Dr, Juniper Park, Lubbock, TX	USA
S2-008733	Vertex Onyx Solutins Co	299 Ravenwood Road, Northgate Nagar, Mobile, Tamil Nadu, 536880	IN
S2-002204	Faclon Pvt Ltd	242 Quarry Cross Juniper Nagar Pune Kerala	India
S2-000535	Vertex  Packaging Pvt Ltd	184 Brightpath Road, Meridian Nagar, Nagpur, Tamil Nadu, 763521	IN
S2-007098	Merdiina P Ltd	119 Ironwood Rd, Kestrel Nagar, Coimbatore, Maharashtra	India
S2-003968	Meridian Fabrics Corp	11/35 Harbor Ave, Behind the Civic Center, Kestrel Park, Akron, OH	United States
S2-000913	Kestrel Industries & Sons Pvt Ltd	294 Onyx St, Goldleaf Nagar, Pune, Kerala, 784502	IN
S2-000503	Lantern Foods	Near Exit 14 Brightpath St Redwood Park Tacoma IL 33313	United States
S2-005503	Vetrex Goldleaf Solutions Ltd	Onyx Road Apex Nagar Coimbatore	India
S2-007684	Goldleaf Solutionsand Sons Incorporated	101 Onyx Drive, Bluepeak Park, Fresno, 41856	US
S2-005174	Cobalt, Onyx Logistics and Sons Pvt Ltd	135 Onyx Marg, Ravenwood Nagar, Opp. Bus Depot, Jaipur, Kerala	India
S2-005836	Quarry Ironwood Fabbrics Company	74 Apex Rd, Clearwater Park, Mbile, 34696	United States
S2-005471	Junipe Systems	Opp. Bus Depot, 162 Bluepeak Crs, Bluepeak Nagar, Indore	IN
S2-007719	Orchid, & Sons P Ltd	55 Sunstone CrossBluepeak Nagar Coimbatore Maharashtra	India
S2-008681	Summit Electricals	117 Meridian Rd, Behind Ganesh Temple, Pune, 392120	US
S2-000718	Apex Foods & Sons Corp	33/47 Sunstone Blvd, Redwood Park, Mobile, 96205	USA
S2-003343	Orchid Packaging Incorporated	301 Clearwater Rd Austin CA 45866	USA
S2-009046	Vertex, Ironwood Solutions Co	Cobalt St, Harbor Park, Fresno	United States
S2-003345	Cobalt Private Limted	253 Clearwater Marg, Kestrel Nagar, Coimbatore, Tamil Nadu	IN
S2-002028	Maplecrest Textiles	Quarry Marg, Sunstone Nagar, Nagpur, Tamil Nadu, 568881	IN
S2-008043	Redwwood Packaging	8/7 Vertex Rd, Northgate Park, Lubbock	USA
S2-009119	Clearwater Chemicals iLmited	77 Quarry Marg, Silverline Nagar, Nagpur, Kerala	IN
S2-007284	Onyx Industries Inc	397 Ravenwood St, Austin, Silverline Park	US
S2-006647	Stonebridge Quarry Limited Liabilit Company	211 Ravenwood Street, Fresno, 11362	US
S2-008130	Vertex Chemicals P Ltd	Opp. Bus Depot, 76 Harbor Rd, Harbor Nagar, Nagpur, Maharashtra, 844091	India
S2-004051	Goldleaf EEnterprises Private Limited	307 Redwood St, Cobalt Nagar, Indore, Rajasthan	IN
S2-004498	Kestrel Electricals and Sons Priivate Limited	44 Redwood Cross, Harbor Nagar, Pune, 810915	India
S2-006036	Vertex Silverline Electricals Private Limited	142 Redwood Cross, Nagpur	India
S2-004648	Apex Limited Liability Company	77 Onyx Bvld Silverline Park Akron IL 77599	United States
S2-005267	Harborr Private Limited	299 Sunstone Road Brightpath Nagar Nagpur Tamil Nadu	India
S2-003985	Juniper Clearwater ChemicalsCorp	Near Exit 14 291 Thistle Avenue Peoria 65402	USA
S2-001138	Redwood Foods Incorporated	399 Sunstone Dr, Tacoma, CA	USA
S2-006986	Bluepeak Inudstries Corp	153 Goldleaf Avenue, Cobalt Park, Peoria, OH, 41200	US
S2-002826	Quarry Northgate Electricals LLC	114 Bluepeak Drive, Bluepeak Park, Peoria	USA
S2-009332	Solutions Meriian Northgate Ltd	269 Bluepeak Road, Behind Ganesh Temple, Sunstone Nagar, Jaipur, Gujarat, 671284	IN
S2-007190	Thistle P Ltd	83 Silverline Main, Onyx Nagar, Pune, 587743	India
S2-007212	Meridian Electricals Limited Liability Copmany	8 Harbor Blvd Thistle Park Lubbock	US
S2-006815	Meridian Sunstone Electricals Privaate Limited	347 Onyx Mn, Kochi, 422304, Rajasthan	India
S2-007036	Industries Silverline Stonebridge & Sons P Ltd	45 Maplecrest Marg, Lantern Nagar, Jaipur, Kerala,620463	IN
S2-004877	Onyx Systems Private Limited	73 Apex Main, Orchid Nagar, 189812, Nagpur	India
S2-001328	Harbor	Stonebridge Cross, Harbor Nagar, Indore, 845185	India
S2-006715	Vertex Coporation	392 Meridian Boulevard, Meridian Park, Akron, TX	US
S2-004176	Falcon Electricals Incorporated	350 Meridian Avenue, Orchid Park, Akron, AL, 90756	US
S2-002722	Stonebridge Chemicals P Ltd	65 Ravenwood St, Jaipur, Rajasthan, 278407	IN
S2-003087	Lantern Enterprises and Sons Inc	Near Exit 14, 177 Falcon Street, Cobalt Park, Akron, 24653	US
S2-008019	Orchid Electrials	334 Summit Marg, Jaipur, Kerala	IN
S2-001548	Silverline Pckaging P Ltd	Falcon St, Ironwood Nagar, Coimbatore, Maharashtra, 512515	India
S2-000841	Stonebridge Chemicals	397 Ravenwood Road Silverline Nagar Nagpur Kerala 971137	IN
S2-008446	Bluepeak Solutions LLC	11 Sunstone Avenue, Vertex Park, Fresno, TX, 13565	USA
S2-005646	Quarry Soluions and Sons Co	348 Clearwater Avene, Tacoma, TX	United States
S2-003324	Ironwood Industries and Sons Co	338 Sunstone Blvd, Onyx Park, Austin, AL, 64638	US
S2-007078	Lantern Packaging Company	55 Stonebridge Ave Fresno 21246	USA
S2-007763	Sunstone Electricals	315 Summit Boulevard, Bluepeak Park, Tacoma, CA, 54364	US
S2-001251	Vertex Maplecrest Systems Limited Liability Compnay	229 Ironwood Ave, Mobile, IL, 52012	US
S2-005456	Clearwater, Motors Pvt Ltd	57 Stonebridge Marg, Surat	IN
S2-008877	Solutions Goldleaf Private Limited	Ironwood Rd, Surat, Maharashtra	India
S2-006079	Orchid P Ltd	Kestrel Marg, Bluepeak Nagar, Coimbatore, Maharashtra	IN
S2-007784	Sunstone Onyxx P Ltd	148 Meridian Marg Kestrel Nagar Kochi 330653	IN
S2-000457	Kestrel Services rivate Limited	342 Orchid Cross, Jaipur, Gujarat	IN
S2-002122	Ironwood Clearwater  Chemicals & Sons	30/84 Silverline Marg, Jaipur, Gujarat, 760681	IN
S2-003678	Orchid Chemicals	34 Onyx St Silverline Nagar Surat 941522	IN
S2-005473	Apex Foods P tLd	266 Thistle Street Thistle Nagar Pune Gujarat 571659	India
S2-002759	Quarry Ironwood Motors Ltd	Near Metro Pillar 42, 21 Goldleaf Road, Jaipur, MP	IN
S2-000858	Goldleaf Services & Sons Company	Near Exit 14, 172 Sunstone Rd, Tacoma ,37072	US
S2-008946	Harbor Trading P Ltd	240 Thistle Road, Lantern Nagar, Surat, MP, 597947	India
S2-008041	Stonebridge Clearwater Textiles	Behind the Civic Center, 29 Juniper Blvd, Sunstone Park, Austin, IL, 73754	US
S2-000336	Maplecreest Tradign	Clearwater Street, Tacoma, IL, 66457	USA
S2-009245	Meridian Cobalt Consultancy Limited Liability Company	85 Apex Drive, Meridian Park, Austin, TX	US
S2-000637	Silverline Textiles Limited	Redwood Marg, Ravenwoood Nagar, Jaipur, Rajasthan	IN
S2-002551	Coobalt Textiles and Sons	102 Apex Marg, Silverline Nagar, Pune	India
S2-002082	Quarry Onyx LC	61 Summit Blvd, Silverline Park, Behind the Civic Center, Peoria, IL, 69747	US
S2-004130	Sunstone Silverline Textiles Co	104 Onyx Rd, Opp. City Library, Akron, AL, 67911	United States
S2-004803	Clearwter Private Limited	Harbor Street, Stonebridge Nagar, Indore	IN
S2-001495	Silverline Trading and Sons Co	111 Juniper Street Bluepak Park Tacoma OH 13840	US
S2-004324	Lantern Sunstone & Sons Pvt Ltd	360 Kestrel Mn, Redwood Nagar, Jaipur	India
S2-006298	Stoonebridge Logistics Corp	62 Thistle Dr, Apex Park, Fresno, 85628	United States
S2-003735	Solutions, Harbor Limited Liability Company	119 Stonebridge Rd, Austin, 14925, IL	USA
S2-007914	Ironwodo Quarry Incorporated	126 Thistle Rd, Ksetrel Park, AL, 22869, Austin	USA
S2-001573	Cobalt Packaging	201 Maplecrest Marg, Sunstone Nagar, Indore, Rajasthan	IN
S2-006810	Ironwood Enterprises Limited	99 Onyx Road Meridian Nagar Surat 742903	India
S2-004071	Stonebridge Juniper Services Limited Liability Company	Behind the  Civic Center, 36 Falcon St, Kestrel Park, Mobile, 47708	United States
S2-000759	Kestrel Enterprises & Sons Limited Liablity Company	Orchid Street, Fresno, 79795	US
S2-008142	Trading, Juniper Sunstone Company	94 Thistle Dr, Goldleaf Park, Fresno, CA, 95577	USA
S2-004405	Lantern Servicess Ltd	188 Maplecrest Crs, Rewood Nagar, Pune, 589081	IN
S2-005985	Lantern Solutions	167 Thistle Street, Mobile, 17842	USA
S2-003251	Maplecreest Textiles	194 Onyx St, Vertex Nagar, Pune, Kerala	India
S2-002318	Quarry Elcetricals LLC	259 Brightpath Drive, Goldleaf Park, Lubbock, 16917	USA
S2-001432	Northgate Textils	Orchid Crs, Quarry Nagar, Coimbatore, Kerala	IN
S2-008139	Bluepeeak Traidng	Summit St, Fresno, WA, 65120	India
S2-001433	Kestrel Industriess Ltd	341 Maplecrest Main, Apex Nagar, Kochi, Kerala	IN
S2-007355	Ravenwood Systems	57 Cobalt Street, Lantern Park, Akron, AL, 51092	USA
S2-004956	Maplecrest Tading	Near Metro Pillar 42, 126 Redwood Crs, Ironwood Nagar, Jaipur, Tamil Nadu, 454086	IN
S2-009036	Maplecrest Lmiited	225 Falcon Main, Bluepeak Nagar, Surat, 343287	India
S2-003519	Juniper Maplecrest Trading Private iLmited	Juniper St, Nagpur, Kerala	IN
S2-001491	Meridian & Sons Pvt Ltd	18 Redwood Main Indore 793663 Sunstone Nagar	India
S2-003900	Ravenwood Enterprises Private Limited	148 Cobalt Rd Jaipur Maharashtra	IN
S2-007805	Falocn Silverline Fabrics Company	3 Lantern Avenue, Summit Park, Akron, AL, 77044	USA
S2-009040	Ravenwood, Industres Private Limited	303 Sunstone Avenue, Stonebridge Park, Jaipur, CA, 58100	United States
S2-007448	Northgate Consultancy Private Limited	8 Bluepeak Blvd, Peoria, CA	IN
S2-000677	Cobalt P Ltd	11/55 Sunstone St, Surat	India
S2-000662	Sunstone ChemicalsPvt Ltd	54 Maplecrest Marg, Surat, Maharashtra, 218379	IN
S2-001346	Summit Ironwood Foods Limited Liability Company	191 Meridian Rd, Mobile, 55340	US
S2-006108	Quarry Systems Limited Liabliity Company	328 Silverline Drive, Behind the Civic Center, Peoria, OH, 36278	USA
S2-002988	Sunstone P Ltd	131 Sunstone Cross, Surat, Kerala	IN
S2-001526	Harbor Privatte Limited	16 Juniper Street, Redwood Nagar, Pune, Gujarat	India
S2-001162	Juniper Traading Corporation	259 Stonebridge St, Northgate Park, Tacomaa, WA, 70254	USA
S2-004062	Falcon Packaging & Sons	191 Stonebridge St, Northgate Park, Fresno	USA
S2-007790	Bluepeak Solutions and Sons Private Limited	262 Orchid Road, Onyx Park, Jaipur, 33817	United States
S2-003552	Thistle Industries and Sons Incorporated	29 Sunstone Street Ravenwood Park Mobile CA 23503	United States
S2-000131	Stonebridge Logistics	195 Quarry Dr Peoria Sunstone Park	US
S2-008934	Apxe	292 Quarry Road, Apex Nagar, Kochi, 281737	India
S2-001169	Juniper Brightpath Trading Ptv Ltd	321 Onyx St, Pune	IN
S2-003575	Clearwater	Bluepeak Avenue, Akron	United States
S2-000886	Falcon PPackaging	Sunstone Drive, Falcon Park, Lubbock, AL, 20326	United States
S2-007728	Onyx, Systems andd Sons Corp	Silverline Ave, Harbor Park, Peoria, CA, 68368	USA
S2-008845	Redowod Trading Corporation	187 Meridian Road, Meridian Park, Lubbock, WA,86079	US
S2-008121	Sunstone Electtricals Incorporated	271 Meridian Dr, Fresno, CA, 88624	USA
S2-004970	Northgate Foods Incorporated	276 Quarry Ave, Meridian Park, Lubbock, 47851	United States
S2-002179	Habror	216 Northgate Dr, Lubbock	US
S2-008938	Northgate	235 Redwood Boulevard, Clearwater Park, Mobile, 90471	US
S2-005136	Meridian, Electricals Private Limited	Behind Ganesh Temple, 158 Goldleaf Rd, Harbor Nagar, Nagpur, Kerala	IN
S2-002138	Onyx Trading & Sons P Ltd	Behind Ganesh Temple, 49 Goldleaf Marg, Quarry Nagar, Pune, Maharashtra, 405567	India
S2-006553	Haarbor, Packaging Inc	86 Falcon Street, Near Exit 14, Clearwater Park, Mobile, IL, 90160	USA
S2-003313	Harbor	104 Falcon Marg Behind Gaensh Temple Coimbatore Kerala	India
S2-000918	Meriidan & Sons Ltd	Vertex Road, Stonebridge Nagar, Coimbatore, Rajasthan, 810672	India
S2-002471	Ravenwood Orchid Limited	18 Silverline Rd Northgate Nagar Coimbatore Gujarat	IN
S2-008267	Electricals, Ironwood Inc	Redwood Mn, Onyx Nagar, Nagpur, 966688	USA
S2-001480	Stonebridge Industries Private Limited	196 Meridian Marg, Ravenwood Nagar, Indore, Kerala	IN
S2-004002	Juniper Solutions Pvt Ltd	60 Ravenwood Mn, Cobalt Nagar, Behind Ganesh Temple, Nagpur, 732611	IN
S2-003960	Summitt Privae Limited	Quarry Marg, Ravenwood Nagar, Jaipur, Gujarat, 586544	IN
S2-004979	Packaing	214 Silverline Drive, Opp. City Library, Quarry Park, Mobile, AL, 89904	USA
S2-008738	Orchid Solutions Private Limited	1 Brightpath Marg, Quarry Nagar, Kochi, 869541, Gujarat	India
S2-005393	Northgate MMeridian Foods Pvt Ltd	344 Bluepeak St, Pune, Kerala	IN
S2-000190	Northgtae Textiles & Sons Private Limited	Quarry Rd Orchid Nagar Coimbatore 705164	IN
S2-007133	Kestrel Textils Co	Near SBI ATM, 222 Juniper Cross, Fresno, Rajasthan	India
S2-004791	Redwood Fods	285 Clearwater Road, Habror Park, Austin	United States
S2-005631	Summit, Packaging Limited	352 Maplecrest Cross Silverline Nagar Kochi Rajasthan 814876	India
S2-002793	Harbor Junper Consultancy Company	Near Exit 14, Lantern Street, Mobile, OH, 83969	US
S2-006927	Lantern Maplecrest Enterprises P Ltd	184 Sunstone Marg, Kestrel Nagar, Nagpur, Tamil Nadu, 503913	IN
S2-008720	Northgat eEectricals	6 Harbor Street Sunstone Nagar Pune Maharashtra	IN
S2-002323	FoodsO nyx Corporation	25 Onyx Boulevard, Redwood Park, Akron, WA, 52052	US
S2-009111	Kestrel Harbor Industries Limited Liability Company	Opp. City Library, 117 Redwod Dr, Tacoma, IL, 26426	United States
S2-004784	Sunstne Electricals	203 Brightpath Dr, Clearwater Park, Peoria	USA
S2-006068	Ironwoo dMotors	232 Goldleaf Marg Brightpath Nagar Indore Maharashtra 698904	IN
S2-006719	Onyx Sunstone ConsuultancyCorp	Behind the Civic Center, 223 Onyx Drive, Akron	US
S2-002459	Bluepeak Junipre	Near Metro Pillar 42, 235 Onyx St, Jaipur, 142108	IN
S2-001284	Sunstone Pvt Ltd	99Vertex Marg Northgate Nagar Indore 125824	IN
S2-004023	Stoneebridge Chemicals & Sons Ltd	48 Cobalt St, Falcon Nagar, Coimbatore, MP	IN
S2-004059	Maplecrest Logistics Private Limited	28/86 Brightpath Road, Summit Nagar, Opp. Bus Depot, Nagpur, Rajasthan	IN
S2-005443	Cobalt Ape xMotors Private Limited	389 Lantern St, Onyx Nagar, Kochi, Kerala, 379308	IN
S2-006236	Kestrl, Silverline Limited	367 Silverline Cross, Vertex Nagar, Nagpur, 109552	India
S2-001126	Cobalt Sunstone	216 Silverline Rd Behind Ganesh Temple Orchid Nagar Surat 796870	India
S2-002322	Harbor Serrvices	291 Cobalt Marg, Bluepeak Nagar, Indore, Kerala	IN
S2-006163	Juniper Systems Ltd	Apex Nagar, Jaipur, Rajasthan, 579683, 283 Silverline Cross	IN
S2-001404	Redwood Electricaasl Pvt Ltd	198 Ironwood St, Maplecrest Nagar, Coimbatoer, MP, 534883	India
S2-003068	Clearwater Solutions & Sons Company	165 Harbor Blvd, Juniper Park, Peoria, WA, 35294	United States
S2-006315	Harbor Industries nad Sons Ltd	Ironwood Main Kchi MP	India
S2-005895	Cobalt Corp	172 Vertex Rd, Summit Park, Lubbock, 66141	USA
S2-007272	Brightpath Juniper Chemicals and Sons	358 Harbor Dr Lantern Park Austin CA 94861	USA
S2-000777	Stonebidge Industries Ltd	148 Bluepeak St,C oimbatore, Tamil Nadu	IN
S2-007919	Lantern EnterprisesPvt Ltd	127 Northgate Street, Onyx Nagar, Coimbatore, Maharashtra, 279875	India
S2-002453	Lantren Foods Co	381 Bluepeak Boulevard Ravenwood Park Fresno	USA
S2-003402	Harobr Textiles	46 Onyx Rd, Stonebridge Park, Peoria, CA, 15080	US
S2-001502	Bluepeak Enteerprises Private Limited	101 Juniper Street, Onyx Nagar, Nagpur, 903486	India
S2-001663	Kestrel, Onyyx Incorporated	129 Meridian Avenue, Austin, CA, 17299	US
S2-008819	Quarry Foods Private Limited	341 Onyx Cross Opp. Bus Depot Jaipur Maharashtra 117326	IN
S2-003932	Apex Systems Clearwater & Sons Limited	Brightpath Nagar, Kochi, MP, 295023, 108 Falcon Road	IN
S2-008376	Lantern Solutions nIc	Brightpath Ave, Orchid Park, Fresno, 84065	USA
S2-008935	Fabrics Bluuepeak Private Limited	338 Redwood Mn, Surat, Kerala	IN
S2-001245	Quarry Consultancy and Sos Pvt Ltd	Brightpath Marg, Redwood Nagar, Maharashtra, 969694, Jaipur	IN
S2-001170	Juniper Brightpath Trading	382 Kestrel Marg Maplecrest Nagar Kochi 183559	India
S2-001600	Falcon Trading Corporation	Behind the Civic Center, 276 Lantern Avenue, Austin, AL, 87163	USA
S2-007278	Onyx Packaging Copr	147 Ravenwood Road Harbor Park Fresno 79669	United States
S2-006390	Sunstone	115 Orchid Rd Kochi 800703	India
S2-003067	Clearwater Clearwater P Ltd	Summit Crs, ThistleN agar, Pune, Tamil Nadu	IN
S2-007117	Quarry Textile sCorp	143 Bluepeak Crs, Jaipur, Rajasthan	USA
S2-002964	Summit Systes Private Limited	Behind Ganesh Temple, 256 Northgate Cross, Stonebridge Nagar, Jaipur, Rajasthan, 383570	IN
S2-005935	Redwood Fabrics & Snos Ltd	30 Juniper Main Brightpath Nagar Surat 699671	India
S2-005265	Vertex Cehmicals Corp	8/50 Thistle Ave, Opp. City Library, Cleawrater Park, Fresno, CA, 39240	US
S2-009167	Cobat Solutions & Sons P Ltd	63 Ironwood Marg, Sunstone Nagar, Jaipur, 913594	IN
S2-006932	Kestrel Consultancyy Corp	360 Juniper S, Fresno, CA, 68025	United States
S2-004846	Falcon PPackagingg Corp	76 Silverline Street, Peoria, 56918	United States
S2-009095	Apex Electricals Corp	151 Clearwater Mn, Apex Nagar, Akron, 825977	India
S2-000294	Meirdian Kestrel Fabrics P Ltd	79 Onyx Rd, Ironwood Nagar, Coimbatore, 274010	India
S2-005851	Meridian Consultancy Private Limited	87 Clearwater Marg, Maplecrest Nagar, Opp. Bus Depot, Coimbatore, Maharashtra, 126620	IN
S2-008974	Ravenwodo Induustries	Harbor St Mobile	US
S2-005865	Clearwater & Sons Ltd	350 Kestrel Marg, Stonebridge Nagar, Indore, 826960	India
S2-002721	Packaging Briightpath & Sons	14 Ravenwood Main, Ironwood Nagar, Opp. Bus Depot, Indore, 444970	IN
S2-003223	Falcon Electricals P Lttd	32/1 Falcon Rd, Quarry Nagar, Kochi, 912880	IN
S2-003382	Lntern  Motors P Ltd	Brightpath Crs, Orchid Nagar, Jaipur, 528054	IN
S2-003085	Brightpath Motors & Sons Corporation	6 Clearwater Road Redwood Park Mobile CA	USA
S2-008521	Kestrel Enterpriises Incorporated	376 Quarry Boulevard, Akron, CA, Behind the Civic Center	United States
S2-002444	Chemicals Lantern & Sons Ltd	Goldleaf  Cross Stonebridge Nagar Rajasthan 889919 Indore	IN
S2-001695	Vertex Electricalss Limited Liability Company	Meridian Park Mobile TX 37423 237 Cobalt Street	US
S2-004451	Northgate Consultancy & Sons Private Limited	57 Northgate Street, Thistle Nagar, Kochi, 602001	India
S2-004844	Ravenwod Textiles P Ltd	24 Bluepeak Mn, Quarry Nagar, Surat, Gujarat, 378197	IN
S2-003411	Bluepeak Chemicals and Sons Pvt Ltd	29/40 Stonebridge Road, Juniper Nagar, Nagpur, 385992	IN
S2-000182	Harbor Electricals Inc	307 Sunstone Avenue, Goldleaf Park, Akron, AL, 94615	United States
S2-006362	Sysetms Ravenwood Co	Beihnd the Civic Center, 380 Sunstone Boulevard, Peoria, 95369	United States
S2-003628	Enterprises Goldleaf Thistle & Sons LLC	102 Bluepeak Rd, Behind the Civic Center, Bluepeak Park, Mobile, CA	US
S2-005822	Thistle Chemicals	Onyx Road Maplecrest Nagar Indore Rajasthan 654103	IN
S2-002927	Ravenwood rTading	160 Orchid Road Redwood Nagar Indore Maharashtra 230392	India
S2-001015	Systems Limited Liability Company	367 Silverline Street, Goldleaf Park, Austin, AL	USA
S2-005213	Onyx Coblt Services	8 Thistle Drive, Ironwood Pakr, Peoria, WA, 28056	United States
S2-008818	Cobalt Consulltancy Company	327 Ironwood Street, Behind the Civic Center, Lubbock, Brightpath Park	USA
S2-009352	Stonebridge Brighptath Foods Company	299 Clearwater BBoulevard, Quarry Park, Peoria	USA
S2-007129	Summit Limited	360 Ravenwood Road, Clearwater Nagar, Nagpur, Tamil Nadu	IN
S2-001636	Meridian Fabrics Company	Maplecrest Road, Summit Park, Akron, IL, 96605	USA
S2-001291	Northgate Chemcals & Sons Pvt Ltd	Near SBI ATM, Kestrel St, Ironwood Nagar, Kochi, Gujrat	IN
S2-008452	Consultany Redwood	Near SBI ATM 216 Cobalt Strreet Stonebridge Nagar Indore	India
S2-005786	Harbor	120 Redwood Dr Orchid Park Tacoma 10705	USA
S2-000765	Cobalt, Ravenwood Industries Pirvate Limited	326 Kestrel Mn, Coimbatore, 971582	IN
S2-007699	Thistle Falcon Logistics Ltd	167 Quarry Rd, Ironwood Nagar, Pune, Kerala, 535649	India
S2-000169	Ironwoo dElectricals Corp	73 Northgate Street, Thistle Park, Mobile, 82847	USA
S2-006179	Junper Textiles	19 Summit Marg, Goldleaf Nagar, Coimbatore, 202330	India
S2-000660	Meriidian Services LLC	Bluepeak Dr, Summit Park, Fresno, 75376	USA
S2-003952	Ironwood Maplecrest Consultancy and Sons Company	Harbor Street, Harbor Park, Mobile, AL, 62842	USA
S2-002385	Silvelnie Company	35/5 Redwood Blvd, Tacoma, TX, 11031	US
S2-000571	Ravenwood, Redwood Electrcials Private Limited	137 Apex Mn, Surat, Gujarat	India
S2-001286	Electricals Appex P Ltd	Near Metro Pillar 42, 5 Juniper Street, Northgate Nagar, Coimbatore, MP, 542285	India
S2-007126	Falcon, aHrbor Packaging Cororation	228 Brightpath Boulevard, Meridian Park, Lubbock, 72486	United States
S2-008031	Thistle TextilesL imited	Near Metro Pillar 42, 332 Northgate Marg, Northgate Nagar, Indore, MP, 533939	IN
S2-004919	Orchid Services Private Limited	Kestrel Marg, Surat, Tamil Nadu	India
S2-004401	Lantern Cobalt Private Limited	290 Kestrel St, Brightpath Nagar, Pune, 140006	India
S2-004155	Silverline Systems Private Limited	28/51 Summit Rd, Silverline Nagar, Behind Ganesh Temple, Kochi, Gujarat, 369445	IN
S2-008034	SolutionsH arbor Limited	Near Exit 14, Onyx Park, Coimbatore, 281 Harbor Street	USA
S2-002137	Oyx Trading	49 Goldleaf Marg, Pune, Maharashtra, 405567	India
S2-002205	Falcon Industries Private Liimited	27 Northgate Marg, Redwood Nagar, Indore, 984334	India
S2-000844	Orchid Textiles Privat Limited	133 Stonebridge St Redwood Nagar nIdore 405841	India
S2-005675	Cobalt Maplecrest Textiles Corporation	295 Harbor Street, Brightpath Park, Behind the Civic Center, Austin, WA	US
S2-000468	Onyx and Sons Pvt Ltd	Brightpath Road, Quarry Nagar, Pune, Maharashtra	India
S2-004665	Brightapth Pvt Ltd	Opp. Bus Depot, Silverline Marg, Ravenwood Nagar, Coimbatore, Tamil Nadu, 482360	India
S2-007749	Summit Maplecrest eSrvices Limited Liability Company	266 Stonebridge Drive, Austin, WA, 86665	US
S2-004830	Silverline Consultancy Cop	101 Apex Drive, Fresno, 65179, Stonebridge Park	United States
S2-005528	Bluepeak Private Limited	284 Ravenwood Marg Indore MP 387076	IN
S2-008141	Juniper Packaging Corp	371 Meridian Boulevard Fresno TX	US
S2-006396	Clearwaetr Services P Ltd	391 Silverline Mn, Meridian Nagar, Nagpur, Rajasthan	IN
S2-006255	Ironwood Thistle Enterprises & oSns Company	Cobalt Road, Sunstone Park, Peoria, IL	US
S2-006369	Onyx Textiles P Ltd	213 Kestrel Rd, Redwood Nagar, Jaipur, 496386	India
S2-001978	Solutioons Thistle Orchid & Sons Corp	13/64 Bluepeak Blvd Bluepeak Park Mobile 13748	US
S2-004299	Kestrel Quarry Enterprises	220 Silverline Drive, Northgate Park, Behind the Civic Center, Mobile, AL	United States
S2-003039	Cobalt Brightpath Chemicals P Ltd	Thistle Road, Maplecrest Nagar, Indore	India
S2-002470	Ravenwood Orchid Solutions Limited	18 Silverline Road Northgate Nagar Coimbatore Gujarat	India
S2-000250	Sunstoe Ltd	Redwood Nagar, Nagpur, 127 Orchid Road	India
S2-000930	Juniper Consultancy Lttd	35/16 Summit Street, Juniper Nagar, Jaipur, Kerala, 524883	India
S2-000326	Harbor Solutions Private Limited	62 Ironwood Street, Opp. Bus Depot, Lantern Nagar, Coimbatore, Kerala, 439366	India
S2-002380	Falcon Quarry Systems Inc	238 Lantern Street Kestrel Park Fresno OH 50512	United States
S2-007694	Stonebridge Harbor Trading Private Limited	382 Kestrel Marg, Maplecrest Nagar, Kochi, Kerala, 183559	India
S2-006017	Maplecrest oMtors Company	12/27 Cobalt Dr, Meridian Park, Peoria	USA
S2-009114	Ravenwood Falco Foods Corporation	187 Brightpath Road Fresno Gujarat	India
S2-002971	Hrbor Chemicals Private Limited	245 Juniper Rd Onyx Nagar Nagpur 408458	India
S2-001258	Clearwater Solutions Company	373 Orchid Ave, Fresno, AL, 29942	USA
S2-000266	Blueeak Corp	14/85 Kestrel Dr, Near Exit 14, Clearwater Park, Akron	United States
S2-001143	Services Ravenwood Redwoo d& Sons	378 Summit Street, Jaipur, Kerala	India
S2-004663	Vertex Logistics Limitd	111 Harbor Cross, Harbor Nagar, Nagpur, MP, 149822	India
S2-004889	Ravenwoo dFoods P Ltd	391 Onyx Mn, Ironwood Nagar, Coimbatore, MP, 479506	India
S2-008827	Vertex Onyx Logistics Ltd	103 Apex Dr, Clearwaterr Park, Pune, 56158	US
S2-000300	Clearawter Motors Co	Summit Street, Tacoma, AL, 19761, Apex Park	USA
S2-003866	Juniper, Services Pvt Ltd	108 Redwood Mn, Sotnebridge Nagar, Nagpur, Gujarat	IN
S2-008264	Juniper Apex Services Co	119 Onyx Rd, Kestrel Park, Lubbock	USA
S2-000951	Redwood Bluepeak Solutions	164 Quarry Rd, Quarry Park, Mobile, WA, 47952	United States
S2-008515	Redwood Fabrics LLC	48 Northgate Rd, Brightpath Park, Austin, OH, 44528	US
S2-001791	Stoonebride Inc	41 Northgate Dr Cleawater Park Austin AL 42289	US
S2-006483	Harbor Solutions P Ltd	322 Stonebridge Streett, Sunstone Nagar, Pune, 306914	India
S2-006554	Harbor Packaging Incorporated	Behind the Civic Center 108 Meridian Boulevard Akron CA 39576	US
S2-002249	Clearwaetr Chemicals Ltd	106 Falcon St, Kochi, 873139	IN
S2-002495	Apex Northgtae Systems Co	186 Sunstone Avenue Summit Park Tacoma CA	USA
S2-000607	Brightpath Motors PPvt Ltd	22 Kestrel Rd, Kochi	IN
S2-007648	Onyx Corp	137 Apex Ave, Silverline Park, Behind the Civic Center, Akron, 75094	United States
S2-005976	Sunstoe Fabrics Corp	Vertex Boulevard, Near Exit 14, Ravenwood Park, Fresno, IL, 96887	USA
S2-000789	Quarry Solutions Ltd	349 Harbor St, Summit Nagar, Kochi	IN
S2-003293	Silverline Trading Incorporated	245 Irowood Ave, Kestrel Park, Peoria, AL	USA
S2-003194	Maplecrest Harbor Services andSons	177 Cobalt Mn, Meridian Nagar, Indore, 667265	IN
S2-008891	Lantern Solutions Ltd	Thistle Cross Silverline Nagar Indore 253589	India
S2-007722	Silveerline Goldleaf Corp	133 Ravenwood Ave, Bluepeak Park, Tacoma, TX, 39258	US
S2-005609	Maplecres tPrivate Limited	244 Falcon Cross Jaipur	India
S2-008568	Summit Textils and Sons	9/23 Ravenwood Street, Surat, Tamil Nadu, 392731	India
S2-005144	Brightpath Trading and  Sons Limited	322 Stonebridge Mn, Coimbatore, MP, 756472	IN
S2-001525	Ravenwood Redwood Consultancy aand Sons Ltd	Behind Ganesh Temple 280 Clearwater Main Northgate Nagar Jaipur 350599	India
S2-006833	Apex, Sloutions Ltd	18/25 Silverline Crs, Juniper Nagar, Indore, 736936	India
S2-006843	Maplecrest Stonebridge td	345 Ironwood Street, Maplecrestt Nagar, Pune, Kerala, 603188	India
S2-008678	Stoneebridge Trading LLC	223 Brightpath Avenue, Near Exit 14, Orchid Park, Akron	USA
S2-005061	Lantern Textiles Private Lmited	41 Clearwater Marg, Thistle Nagar, Jaipur, Kerala	India
S2-003603	Kestrel Packaging Corporaiton	17/25 Bluepeak Boulevard, Ravenwood  Park, Fresno, 66064	United States
S2-007856	Brightpath Meridian Limited Liability Company	193 Thistle St, Ironwood Nagar, Near Metro Pillar 42, Kochi, Tamil Nadu, 427613	USA
S2-000469	Claerwater Meridian Foods Limited Liability Company	187 Summit Drive, Stoenbridge Park, Akron, 80101	USA
S2-001724	Ironwood Motors Limited	178 Silverline Crs, Behind Ganesh Temple, Redwood Nagar, Jaipur, Maharashtra	India
S2-001961	Services Bluepeak Incorporaetd	390 Orchid Drive, Austin, WA, 93913	United States
S2-008621	Sunstone Services	192 Maplecrest Road, Near Exit 14, Lantern Park, Akron, OH, 40890	USA
S2-000690	Apex P Ltd	250 Ironwood St, Coimbatore, Rajasthan	IN
S2-001048	Onyx Electricals and Sons Incorporated	Behind the Civic Center, 27 Maplecrest Street, Fresno, 94395	US
S2-005450	Silvverline Industries	308 Cobalt Main, Orchid Nagar, Kochi	India
S2-008137	Stonebridge Cobalt Limited Liability Company	146 Harbor St, Harbor Nagar, Mobile, Tamil Nadu	IN
S2-004902	Logistics Ironwood P Ltd	238 Redwood Rd, Brightpath Nagar, Indore	IN
S2-004141	Quarry Corp	30/45 Redwood Dr, Behind the Civic Center, Ravenwood Park, Mobile, WA	US
S2-001716	Quarry	203 Meridian Rd, Indore, 150385	India
S2-004107	Goldleaf Services Private Limitted	325 Redwood Road, Juniper Nagar, Kochi, MP, 955965	IN
S2-005091	Bluepeak Motors LLC	383 Thistle Road Falcon Park, Peoria, WA, 14747	USA
S2-006074	Silverlline Co	14 Ironwood Street Redwood Parkk Peoria CA	USA
S2-006110	Quarry Electricals	306 Lantern Boulevard, Quarry Park, Akron	United States
S2-005667	Redwood Chemicals	30 Onyx Main Opp. Bus Depot Jaipur Tamil Nadu	India
S2-007193	Goldleaf Packaging Private Limited	Ironwood Mn, Onyx Nagar, Indore	IN
S2-006990	Summit Textiles	Behind Ganesh Temple, 157 Clearwater Main, Tacoma, Tamil Nadu	IN
S2-001635	Meridain, Fabircs Company	12/61 Maplecrest Rd Summit Park Akron 96605	USA
S2-003711	Summit, Orrchid Pvt Ltd	157 Harbor Cross, Ravenwood Nagar, Indore, Gujarat	IN
S2-004363	Clearwater Apex Systems Company	197 Onyx Blvd Opp. City Library Akron WA 47090	USA
S2-006985	Ravnwood Systems	239 Thistle Rd, Quarry Nagar, Jaipur, 821391	US
S2-007230	Maplecrest Silverline Idustries	392 Bluepeak Blvd Fresno, WA	United States
S2-002849	Redwood Consultancy	27/40 Harbor Crs, Stonebridge Nagar, Nagpur, Gujarat, 886209	IN
S2-002497	Goldleaf Services LLC	334 Lantern Road, Austin, WA, 45717	United States
S2-001515	Silverline, Consultancy Corporation	199 Maplecrest Boulevard, Thistle Park, Tacoma	USA
S2-009183	Lantern Foods Inc	7 Summit Avenue Ironwood Park Lubbock 31303	US
S2-000194	Redwood Chemicals	81 Ironwoood Road Goldleaf Park Austin WA 14320	USA
S2-007686	Goldleaf, Onyx olutions Limited	347 Harbor Main, Vertex Nagar, Indoer, Tamil Nadu	IN
S2-008555	Redwood ConsultancyCorp	6/8 Kestrel Dr, Orchid Park, Lubbock, CA	USA
S2-004479	Thistle Corporation	Behind the Civic Center, 53 Clearwater Drive, Tacoma	USA
S2-002248	Juniper LLC	132 Maplecrest Avenue, Silverline Park, AL, 64197, Lubbock	USA
S2-006477	Meridian Chemicals	146 Thistel Marg, Near Metro Pillar 42, Kochi, Rajasthan, 297976	India
S2-005588	Juniper Motorrs	336 Cobalt Dr Behind the Civic Center Redwood Park Austin TX 13997	United States
S2-007228	Silverline Fabrics Pvtt Ltd	Opp. Bus Depot, 202 Ravenwood Marg, Falcon Nagar, Surat, 909041	IN
S2-004127	Vertex Consultancy Corp	103 Silverline Boulveard, Harbor Park, Fresno	United States
S2-004276	Silverlinee Systems & Sons Private Limited	Near SBI ATM, 252 Maplecrest Crosss, Pune, Maharashtra, 413144	India
S2-003852	Vertex Enterprises Ltd	385 Onyx Cross, Kochi, 815831	IN
S2-006583	Kestrel Services Private Liimitde	Sunstone Road, Nagpur, Gujarat, 104143	IN
S2-001630	Ravewnood Inc	348 Clearwater Blvd, Opp. City Library, Vertex Park, Peoria, TX, 89594	USA
S2-005862	Clearwater	70 Juniper Cross Meridian Nagar Jaipur Tamil Nadu	IN
S2-006319	Clearwater Foods and Sons	154 Cobalt Boulevard, Meridian Park, Tacoma, AL, 45676	USA
S2-007698	Goldlea fSolutions	351 Kestrel Street, Kestrel Nagar, Pune, Maharashtra	India
S2-001187	Orchid Ltd	19/66 Thistle Mn, Surat, 288371	India
S2-000573	Clearwater Packaging Limited	185 Sunstone Crs, Maplecrest Naagar, Surat, Maharashtra, 317270	IN
S2-001881	Maplecrest Packaging Limited LiabilityCompany	29/65 Quarry Ave, Vertex Park, Austin, TX, 65205	United States
S2-001055	Summit, Serrvices Inc	227 Onyx Avenue, Lantern Park, Peoria, 61440	United States
S2-003865	Juniper Services Pvt Ltd	Stonebridge Nagar, Nagpur, 684338, edwood Main	IN
S2-000743	Vertex, Enterprises	35 Ironwood Cross Quarry Nagar Nagpur Gujarat 305841	IN
S2-001682	Mpalecrest Ssytems	175 Brightpath Mn, Coimbatore, Gujarat, 862563	India
S2-008122	Harbor Fabrics  Pvt Ltd	320 Ravenwood Rd, Maplecrest Nagar, Pune, 838025	India
S2-002353	Oynx Services and Sons Ltd	Sunstone Rd, Pune, Tamil Nadu	India
S2-003878	Thistle Tradig Corp	305 Juniper Ave Goldleaf Park Tacoma 93403	United States
S2-006451	Redwood Logistics Corporation	Clearwater Street, Juniper Park, Behind the Civic Center, Austin, WA, 89910	USA
S2-001056	Vertex Goldleaf Services P Ltd	30 Silverline Road, Pune	India
S2-000384	Ironwood Motros Ltd	135 Redwood Rd, Apex Nagar, Jaipur, 442164	India
S2-000413	Brightpath Systems	Behind Ganesh Temple, 386 Apex St, Summit Nagar, Surat, 595849	IN
S2-002024	Appex Co	338 Ironwood Road, Juniper Park, Fresno, TX, 83028	United States
S2-003193	Redwood Summit Textiles Ltd	Near Metro Pillar 42, Juniper Cross, Ravenwood Nagar, Kochi, Kerala	IN
S2-001648	Maplcerest Motors and Sons	Harbor Park, Peoria, CA, 68368, 384 Silverline Ave	United States
S2-000839	Stonebridge Ltd	31 Goldleaf Cross, Brightpath Nagar, Jaipur, 858851	India
S2-002961	Apex Consultancy  Limited	33/51 Northgate Main, Coimbatore, Gujarat, 411491	IN
S2-006324	Summit Fabriics Inc	Opp. City Library, Northgate St, Apex Park, Peoria, CA, 45654	USA
S2-000339	Systes Apex Pvt Ltd	3 Ravenwood Street, Goldlef Nagar, Surat, 541714	India
S2-001253	Electricals Goldleaf Co	144 Northgate Drive Behind the Civic Center Mobile CA 17380	USA
S2-003055	Orchid Enterprises Co	134 Summit Rd, Quarry PPark, Akron, IL, 78597	United States
S2-005945	Stonebridge Textiles VertexL LC	56 Redwood Drive, Behind the Civic Center, Falcon Park, Mobile	USA
S2-004069	Quarry Services Corporation	131 Redwood St, Harbor Park, Mobile, 46741	USA
S2-003772	Maplecreest, TTrading	22/30 Vertex Street, Redwood Nagar, Nagpur	India
S2-009092	Redwood Foods	128 Falcon Cross Falcon Nagar Nagpur Rajasthan 617230	India
S2-003780	Onyx and Sons	357 Clearwater S Near SBI ATM Surat Kerala 374787	India
S2-005293	Lantern Connsultancy Co	120 Thistle Road Goldleaff Park Akron AL 42401	USA
S2-006662	Ironwood Consultancy	284 Maplecrest Street Silverline Nagar Kochi 605194	IN
S2-002031	QuarryCo	30 Falcon Street Kestrel Park, Akron	US
S2-004030	Summit and Sons Incoprorated	Summit Park Lubbock Kestrel Avenue	United States
S2-003018	Summit Foods	5/60 Vertex Rd, Falcon Nagar, Kochi, 222182	IN
S2-008307	Ravenwoo dJuniper Industries	34 Falcon Street, Onyx Park, Austin, CA, 52332	USA
S2-003582	Verte xEnterprises P Ltd	95 Vertex Street, Summit Nagar, Coimbatore, 679456	India
S2-009214	Goldleaf Ptv Ltd	367 Silverline Marg, Orchid Nagar, Pune, Kerala, 368047	India
S2-000885	Falcon Packagig Co	62 Ironwood Rd, Behind the Civic Center, Quarry Park, Lubbock, TX, 24836	USA
S2-000513	Orchid Textiles Limited	89 Northgate Main, Kestrel Nagar, Coimbatore, MP, 427851	India
S2-009056	Apex Logistics Corrp	41 Stonebridge Road, Behind the Civic Center, Kestrel Park, Peoria, TX	US
S2-003550	Clearwater Services Inc	265 Ironwood St, Thistle Park, Akron	United States
S2-007267	Apex Consultancy P Ltd	87 Northgate Road, Clearwater Nagar, Pune, Gujarat	IN
S2-000846	Orchid Packaging Private Limitde	283 Juniper Crs, Brightpat Nagar, Kochi	IN
S2-004948	Vertex, Packaging	Sunstone Drive, Onyx Park, Peoria, 50789	United States
S2-003638	Meridian Ravenwood ndustries	31/78 Kestrel Marg, Surat, 164854	IN
S2-006807	Malecrest Fabrics P Ltd	275 Brightpath Street, Stonebridge Nagar, Jaipur, Maharashtra	IN
S2-008302	Summit Inustries Compay	255 Northgate Marg, Apex Nagar, Fresno, 592126	India
S2-006770	Clearwater Packaging Pvt Ltd	252 Onyx Rd, Ironwood Nagar, Nagpur, Maharashtrra, 538429	IN
S2-001642	Meridian Logisstics Corp	52 Thistle Road, Tacoma, 52092	United States
S2-002014	Maplecrest, Services	Apex Rd, Orchid Park, Akron, TX, 33064	USA
S2-009182	Thistle Onyx Textiles Ltd	3 Thistle Street, Near SBI ATM, Quarry Nagar, Pune, 490825, MP	IN
S2-005483	Meridian Apex Systems Private Limited	226 Goldleaf Marg Apex Nagar Nagpur	IN
S2-003419	Stonebridge Clearwater LLC	41 Northgate Boulevard, Vertex Park, Akron	US
S2-008642	Electricals Quarry Pvt Ldt	384 Bluepeak Marg, Orchid Nagar, Pune, 568079	IN
S2-008160	Appex Trading Company	33/77 Thistle Boulevard, RRavenwood Park, Tacoma, CA, 52559	US
S2-004502	Chemicals, Silverline oNrthgate & Sons Ltd	32 Bluepeak Cross, SSummit Nagar, Pune, Tamil Nadu, 354440	IN
S2-001067	Bluepeak Packaging and Sons	335 Maplecrest Road, Silverline Park, Tacoma, 29625	United States
S2-005919	Juniper Enterprises Corp	382 Juniper Street, Harbor Park, Akron, AL	United States
S2-006736	Apex P Ld	112 Stonebridge Main, Pune, Rajasthan, 676559	IN
S2-004892	Ironwood Consultancy LLC	362 Northgate Street, Clearwater Park, Mobile, 93634	US
S2-001221	Summit SServices Company	81 Redwood Drive Cobalt Park Opp. City Library Fresno	United States
S2-007993	Industries Bluepeak Private Limited	121 Clearwater Dr, Lantern Park, Jaipur, WA	US
S2-000929	Maplecrest Eterprises LLC	28/58 Ironwood St, Opp. City Library, Quarry Park, Fresno, OH	USA
S2-001811	Vertex Faabrics	277 Onyx Road, Silverline Park, Fresno, AL, 11740	USA
S2-005813	Stonebridge  Enterprises & Sons P Ltd	293 Cobalt Cross, Falcon Nagar, Coimbatore, Gujarat	IN
S2-005486	Brightpath Motors & Sons Incororateed	282 Quarry St, Vertex Park, Luubbock, CA, 73947	USA
S2-006274	Harbor Trading	85 Sunstone St, Bluepeak Nagar, Coimbatore, Tamil Nadu	IN
S2-005185	Stonebidge Foods	132 Stonebridge Ave, Ravenwood Park, Akrn, OH	US
S2-005491	Apex Eletricals	278 Ravenwood Avenue, Redwood Park, Mobile, 32472, IL	US
S2-007350	Ironwoo Vertex Services Corporation	363 Apex Rd, Meridian Park,P eoria, AL, 72317	USA
S2-007465	Vertex Chemicals Limited Liabliity Company	62 Sunstone Boulevard, Mobile, WA, 19998	USA
S2-008831	Sevices, Silverline ompany	15 Juniper St, Bluepeak Park, Austin, WA, 12486	US
S2-002331	Harbor Harbor Industries & Sonns	35/29 Juniper St, Quarry Park, Lubbock, 76296	US
S2-004122	GoldleafS ervices	Near Exit 14, 354 Harbor Street, Goldleaf Park, Peoria, CA, 68478	USA
S2-008195	Vertex	303 Redwood Main, Maplecrest Nagar, Fresno, MP, 472096	IN
S2-009034	Quuarry Fabrics	375 Redwood Road Clearwater Park Peoria CA	US
S2-000974	Vertex Systems	Near SBI ATM 277 Maplecrest Rd Lantern Nagar Indore 746077	IN
S2-006123	Stonebridge Systems & Sons Company	59 Meridian Rd, Cobalt Park, Akron, AL, 27936	United States
S2-006535	Redwood Onyx Packaging	236 Clearwater Dr, Sunstone Park, Opp. City Library, Akron	USA
S2-000370	Harbor Corp	267 Stonebridge St, Mobile, Redwood Park	United States
S2-007160	Clearwater SServices Inc	31/83 Harbor Boulevard Meridian Park Akron OH 74740	United States
S2-004553	Thistle Electricals Innc	10 Northgate Boulevard Austin IL Apex Park	United States
S2-004229	Orchdi Services P Ltd	219 Kestrel Marg, Nagpur	India
S2-004972	Sunstone Electrical LLC	Opp. City Library, 358 Brightpath Blvd, Peoria, 96983, Cobalt Park	US
S2-004173	Maplercest Orchid Services Company	81 Maplecrest Ave, Kestrel Park, Mobile, OH	USA
S2-008683	Maplecerst Enterprises Private Limited	274 Lantern Cross Bluepeak Nagar Pune	IN
S2-001077	Sunstone Packaging Ltd	293 Vertex Cross, Falcon Nagar, Kochi, Tamil Nadu	IN
S2-004205	Stonebridge Textiles Private Limited	196 Harbor Cross, Sunstone Nagar, Surat, Maharashtra, 631435	India
S2-005995	Maplecrest Kestrel Solutions Inc	6 Thistle Rd Falcon Park Austin WA	United States
S2-005194	Ironwood Maplecrest & Sons Limited	330 Vertex Street, Bluepeak  Nagar, Near Metro Pillar 42, Jaipur, Gujarat, 874205	IN
S2-002590	Northgate Kestrel Inc	124 Northgate Road, Summit Park, Austin, TX	USA
S2-000574	Ironwoo dServices Pvt Ltd	146 Quarry Marg, Bluepeak Nagar, Jaipur, 590132	IN
S2-006340	Meridian Falcon Corp	225 Vertex Blvd, Stonebridge Park, Mobile, T, 67463	United States
S2-003036	Orchid Solutions P Ltd	95 Kestrel Marg, Brightpath Nagar, Indore, Maharashtra, 370629	India
S2-001522	Thistlle Textiles & Sons	183 Summit Drive, Apex Park, Austin, TX, 60531	United States
S2-008021	Nortthgate Ltd	329 Redwood Marg Pune Maharashtra 248129	IN
S2-003182	Apex Logistics Corporation	35/9 Meridian Boulevard, Fresno, OH, 58492	US
S2-002109	Quarry and Sons Company	39 7Stonebridge Avenue, Austin, 97893	US
S2-006306	Clearwater Ironwood Trading Private Limited	Ironwood Marg, Maplecrest Nagar, Jaipur	IN
S2-008010	Stonebrdige	341 Stonebridge Avenue Tacoma OH	US
S2-006908	LogisticsS ummit Private Limited	86 Goldleaf Cross, Sunstone Nagar, Nagpur, MP, 966763	India
S2-000829	Vetrex Vertex Pvt Ltd	30/16 Kestrel Main, Surat, Tamil Nadu, 266547	India
S2-005618	Maplecrest Services	150 Vertex St, Kestrel Park, Peoria, CA	US
S2-008821	Clearwater Logistics Co	286 Vertex Blvd, Maplecrest Park, Akron, 39927	US
S2-007566	Services Cleawrater Company	7/7 Stonebridge Main, Ironwood Nagar, Tacoma, Rajasthan, 436975	India
S2-005250	Thistle, Electricals P Ltd	10/86 Brightpath Main, Quarry Nagar, Jaipur, Kerala, 481289	IN
S2-006200	Ravenwood Goldleaf Company	289 Northgate Rd, Vertex Park, Akron, WA, 52450	US
S2-002556	Goldleaf Stonebridge	376 Cobalt Marg, Kochi, Kerala	IN
S2-001606	Goldleaf Icn	18 Orchid Drive, Near Exit 14, Quarry Park, Tacoma, 62708	US
S2-004686	Sunstone Juniper Textiles and Sons Company	319 KKestrel Street, Quarry Park, Lubbock, IL	United States
S2-003414	Redwood Chmicals Limited	Quarry Mn, Silverline Nagar, Nagpur, 912768	IN
S2-005614	Harbor Inc	20/71 Goldleaf Boulevard, Ravenwood Park, Peoria, 75894	USA
S2-003263	Junipre Quarry Electricals Co	27 Thistle Dr, Meridian Park, Austin, TX, 33105	USA
S2-006273	Juniper Industries Company	33/79 Rdwood Rd Peoria AL 75757	US
S2-005086	Harbor SSolutions Corporattion	Maplecrest Rd, Sunstone Park, Akron, C,A 75326	United States
S2-007592	Celarwater Clearwater Systems Company	250 Kestrel Avenue, Tacoma, TX, 54246	USA
S2-007494	Northgate Consulatncy and Sons LLC	266 Sunstone Main Ironwood Nagar Jaipur Rajasthan 696397	US
S2-005124	Textiles Bluepeak LLLC	Kestrel Street, Moobile, 19546	United States
S2-003875	Onyx Harbor Servicees	69 Apex Ave, Akron, 26648	United States
S2-005536	Ironwood  Services Private Limited	320 Brightpath Main, Juniper Nagar, Nagpur, Gujarat	IN
S2-006687	Ironwood, Electricals Limited Liability Coompany	146 Kestrel Rd, Harbor Park, Tacoma, AL, 57458	United States
S2-005739	Silverlline and Sons LLC	183 Falcon St, Near Exit 14, Thistle Park, Austin, IL	US
S2-007165	Stonebridge Motors	346 Lantern Blvd, Akron, TX	USA
S2-004714	Meridian Enterprises & ons Ltd	Near Metro Pillar 42, 108 Apex Marg, Apex Nagar, Nagpur, MP	India
S2-007365	Ravenwood Summmit Motors Ltd	234 Apex Rd, Apex Nagar, Jaipur, Maharashtra	IN
S2-009188	Silerline Systems Limited Liability Company	6/8 Ravenwood Dr, Behind the Civic Center, Mobile, AL, 18819	United States
S2-004855	JuniperE nterprises Corp	210 Northgate St, Behind the Civic Center, Lubbock	USA
S2-007806	Cobalt Foods and Sons	67 Clearwater Cross, Ravenwood Nagar, Nagpur, Gujarat, 300588	IN
S2-003275	Vertex Flcon Solutions P Ltd	81 Thistle Main, Lantern Nagar, Indore, MP, 345510	India
S2-008727	Juniper Systems Limited	316 Summit Main, Falcon Nagar, Indore, Tamil Nadu, 329841	India
S2-008824	Juniper Electriccals and Sons	363 Brightpath Avenue, Kestrel Park, Kochi, WA, 68831	US
S2-002750	Maaplecrest Trading Pvt Ltd	339 Ravenwood St, Northgate Nagar, Coimbatore, Tamil Nadu	India
S2-005664	Services Summit Pvt Ltd	152 Northgate Crs, Redwood Nagar, Kochi, MP, 269886, Opp. Bus Depot	India
S2-001542	CobaltI ronwood Trading P Ltd	Near Metro Pillar 42 Vertex Crs Indore	IN
S2-001845	Apex Pirvate Limited	339 Stonebridge Mn, Vertex Nagar, Near Metro Pillar 42, Indore	IN
S2-007299	Motors Harbor & Sons orp	25/48 Silverline St, Vertex Park, Austin, OH, 63058	USA
S2-000255	Cobalt Enterpirses Limited Liability Company	73 Silverline Aevnue Behind the Civic Center Akron WA 75478	United States
S2-002737	Orchid Packaging and Sons P Ltd	380 Meridian Cross, Lantern Nagar, Pune, Gujarat	IN
S2-003740	Falcon Motors Crp	305 Brightpath St, Juniper Park, Lubbock, CA, 83125, Near Exit 14	United States
S2-008525	Services Harobr orp	378 Vertex Drive Akron 38763	US
S2-000176	Meridian Chmeicals Compnay	Near Exit 14, 74 Orchid Blvdd, Clearwater Park, Austin, 20210	United States
S2-006872	Ironwood Electricals Pvt Ltd	Near Metro Pillar 42 197 Meridian Rd Sunstone Nagar Jaipur 541491	India
S2-009222	Northgate Ravenwood Solutinos	18/83 Cobalt Drive, Mobile	IN
S2-004651	Ksetrel, Thistle	162 Goldleaf Ave, Bluepeak Park, Austin, AL	USA
S2-007019	Thistle, Lantrn Services Limited Liability Company	Behind the Civic Center, 223 Ironwood Dr, Onyx Park, Lubbock	USA
S2-001696	Vertex	237 Cobalt Street, Behind the Civic Center, Mobile, 37423	US
S2-001808	Ony xConsultancy	184 Thistle Cross, Bluepeak Nagar, Nagpur, Kerala, 964620	India
S2-001311	Goldleaf Industries Liited Liability Company	193 Quarry Rd Opp. City Library Onyx Park Mobile CA	US
S2-004572	Foods Onyx & Sons Ltd	Silverline Main, Meridian Nagar, Near Metro Pillar 42, Indore, Kerala, 600978	IN
S2-002683	Quarry Sytems Co	Quarry Avenue, Northgate Park, Fresno, OH, 15430	USA
S2-009246	Harbor Quarry Textiles	84 Quarry Boulevard, Quaarry Park, Mobile, TX, 90255	IN
S2-002603	Clearwater Foods	Near SBI ATM 247 Orchid St Ironwood Nagar Nagpur Rajasthan 987417	IN
S2-000287	Vertex Inc	26/46 Meridian Drive, Onyx Park, Opp. City Library, Lubbock, 14158	USA
S2-008069	Maplecrest Industries and Sons IInc	394 Orchid Roaad, Clearwater Nagar, Akron, Maharashtra	India
S2-009028	Brightpath oLgistics and Sons Inc	378 Thistle Drive, Stonebridge Park, Mobile, AL, 56160	US
S2-003149	Maplecrest Electricals Limited Liability Company	297 Maplecrest Ave, Lubbock, IL, 75393	United States
S2-007329	Lantern, Chemicals LLC	86 Orchid Road Juniper Park Austin OH	USA
S2-005979	Verex Onyx Solutions Company	332 Goldleaf St, Summit Park, Mobile, 86229	US
S2-002742	Summit Packaging	Near Metro Pillar 42 377 Goldleaf Road Apex Nagar Pune Maharashtra 780154	India
S2-004011	Irnwood, Pvt Ltd	175 Meridian Main, Indore, 847970	IN
S2-006452	Harbor Textile Pvt Ltd	273 Cobalt Marg, Surat, 593050	India
S2-007955	Trading Orchid & Sons Company	Silverline Rd, Sunstone Park, Peoria, 54504	United States
S2-003256	Cobalt Foods & Son Private Limited	59 Sunstone Crs, Onyx Nagar, Indore, MP	India
S2-004698	Vertex Packaging Inc	185 Cobalt Avenue, Sunstone Park, Austin	USA
S2-005315	Silverline	Harbor Mn Pune Gujarat 845244	India
S2-008597	Electricals Summit Pvt Ltd	320 Vertex Marg, Silverline Nagar, Pune,  Maharashtra, 421989	IN
S2-001344	Apex Foods LLC	150 Goldleaf Boulevard, Bluepeak Park, Austin, TX	USA
S2-003271	Kestrel Solutions Ltd	247 Silverline Rd, Goldleaf Nagar, Surat, Rajasthan	IN
S2-003322	Onyxx Chemicals Ltd	Sunstone oad, Northgate Nagar, Jaipur	IN
S2-001314	Vertex Motors	Opp. Bus Depot, Clearwater Mn, Coimbatore, 485045	India
S2-008647	Clearwater Fabrics Limietd Liability Company	148 IIronwood Rd Lantern Park Mobile CA 73071	US
S2-002223	Apex Electricals Incorporated	8/51 Ravenwood Avenue, Behind the Civic Center,Onyx Park, Tacoma, WA, 78829	United States
S2-007372	Packaging Juniper Onyyx Inc	229 Cobalt Avenue Falcon Park Fresno OH 76017	US
S2-005167	Apex Fabrics Limited Liability Company	Ironwood Blvd, Redwood Park, Lubbock, 27959	United States
S2-003612	Quarry Motors Privae Lmited	Apex Mn, Falcon Nagar, Indore, Kerala	IN
S2-007950	Onyx Orchid Serivces Pvt Ltd	153 Apex Dr, Mobile, OH, 57035	India
S2-007062	Northgate Servicces Ltd	27/61 Quarry Road, Coimbatroe, Kerala, 774641, Northgate Nagar	IN
S2-003584	Vertex Private Limited	95 Vertex Street, Summit Nagar, Coimbatore, Rajasthan	IN
S2-006329	Harbor Solutioons Incorporated	199 Northgate Avenue Akron 17567	USA
S2-003413	Redwood Fabrics Corporation	190 Ravenwood Ave, Ironwood Park, Opp. City Library, Fresno, CA	US
S2-006159	Apex Pvt td	107 Kestrel Rd, Sunstone Nagar, Indore, Gujarat	India
S2-000909	Harbor Ironwood Trading Private Limiteed	216 Onyx Rd Maplecrest Nagar Indore Gujarat 704829	IN
S2-008699	Redwood Onyx Logistics Private Limited	194 Clearwater Crs Thistle Nagar Surat Gujarat 582226	IN
S2-008702	Silverlnie	Bluepeak Cross, Thistle Nagar, Surat	India
S2-006953	Northggate Systems Pvt Ltd	291 Brightpath Crs, Near SBI ATM, Jaipur, Maharashtr,a 827535	India
S2-007059	Brighptath & Sons	41 Apex Street, Thistle Park, Austin, WA, 87286	USA
S2-009309	Sunstone Fabrics Private Limiteed	261 Summit Road, Tacoma, OH	IN
S2-007500	Harbor Foods Limited	Vertex Cross, Orchid Nagar, Behind Ganesh Temple, Coimbatore, Tamil Nadu, 718902	India
S2-000901	Industries, Vertex Ltd	341 Maplecrest St, Apex Nagar, Coimbatore, 578297	India
S2-007075	Bluepeak Textiles and Sons Inc	330 Quarry Drive, Clearwater Park, Mobile, 21431	USA
S2-002083	Harbor and SonsP vt tLd	21 Apex Rd, Stonebridge Nagar, Surat, 773189	IN
S2-000917	Ravenwood Systems & Sons Corp	1/25 Northgate Street Ravenwood Park Fresno	United States
S2-000416	Lantern Foods Corporation	274 Ironwood Boulevard, Harbor Park, Fresno, AL	USA
S2-004204	Stoonebridge Textiles P Ltd	196 Harbor Crs, Sunstone Nagar, Surat, 631435	India
S2-003226	Quarry imited	272 Meridian Mai,n Lantern Nagar, Pune, Kerala, 397512	IN
S2-008381	Goldleaf Kestrel Servics Limited Liability Company	115 Silverline Boulevard, Fresno, WA, 43376	USA
S2-003845	Ksetrel Logistics Priate Limited	74 Brightpath St, Summit Nagar, Nagpur, Gujarat, 863619	IN
S2-007152	StonebridgePrivate Limited	122 Vertex St, Jaipur, 990628	India
S2-000023	Orchid Kestrel Packaging	76 Goldleaf Cross, Kochi, Kerala, 9969996	IN
S2-005195	Northgate Services and Sons P Ltd	2/12 Orchid Mn, Lantern Nagar, Pune, Tamil Nadu	India
S2-007692	Vertex and  Sons Pvt Ltd	177 Cobalt Main, Indore, 667265	IN
S2-005663	Summit Servcies Pvt Ltd	Northgate Cross, Redwood Nagar, Kochi, MP, 269886	IN
S2-004969	Lantern, Silverline Foods Corporation	Opp. City Library, 67 Juniper St, Austin	USA
S2-004611	Harbor Industries & Sonns Ltd	110 Falcon Cross, Orchid Nagar, Jaipur	India
S2-000700	Ravenwood Chmicals	244 Thistle Ave, Near Exit 14, Peoria, Clearwater Park	US
S2-007898	Packaging Redwood Lantern& Sons	253 Maplecrest Road, Stonebirdge Nagar, Mobile, Tamil Nadu, 294990	India
S2-006600	Nrthgate Packaging and Sons P Ltd	113 Redwood Marg, Ravenwood Nagar, Jaipur, MP	India
S2-000755	Ironwood Co	47 Sunstone Drive, Maplecrest Park, Peoria, OH, 85581	USA
S2-007100	Chemicals Brightpath and Sons P Ltd	13/54 Cobalt Marg, Stonebridge Nagar, Kochi, Maharashtra	India
S2-002564	Juniper Stonebridge Foods Company	197 Maplecrest Avenue, Sunstone Park, Austin, 19512	US
S2-001708	Brrightpath Systems Corp	156 Harbor Avenue, Goldleaf Park, Austin, CA, 82379	USA
S2-004097	Industries P LLtd	Near Metro Pillar 42, 250 Ironwood St, Coimbatore, Rajasthan, 581350	IN
S2-007056	Orchid Brightpath Idnustries Corporation	Ravenwood Road, Near Metro Pillar 42, Brightpath Nagar, Indore	United States
S2-000826	Vertex Systems	Falon Drive, Austin, 77406	United States
S2-006763	Fabrics Maplecrest Corp	361 Sunstone Avenue, Silverline Park, Austin, AL, 72117	United States
S2-000655	Redwood Packaging Private Limited	187 Redwood Main, Silverline Nagar, Indore	IN
S2-004962	Cobalt Trading Limited Liability Company	272 Falcon Ave, Fresno, TX, 88950	USA
S2-002466	Ravenwood, Seervices	30 Brightpath Marg, Stonebridge Nagar, Kochi, Gujarat, 790458	IN
S2-002167	Fabrics  Ltd	38/38 Onyx Marg, Cobalt Nagar, Behind Ganesh Temple, Indore, Rajasthan, 316769	IN
S2-009353	Maplecrest Textiles and Sons Private Limited	92 Summit Mn, Nagpur, Maharashtra	IN
S2-006304	Nrothgate Fabrics Corporation	30/70 Thistle Drive, Near Exit 14, Harbor Park, Fresno IL, 11108	US
S2-007951	Silverline Logistics P Ltd	158 Goldleaf Marg, Harbor Nagar, Surat	India
S2-008796	Thistle Packaging	72 Redwood Ave, Onyx Park, Lubbock, AL, 99589	USA
S2-005649	Quarry Solutins Co	297 Orchid Drive, Brightpath Park, Mobile	US
S2-009109	Stonebridge Indutsries Ltd	294 Falcon St Ravenwood Nagar Pune Tamil Nadu	India
S2-001641	Clearwatter Packaging Private Limited	138 Bluepeak Main, Nagpur, Maharashtra	India
S2-002368	Vertex Consultancy Company	137 Clearwater Rd, Akron	US
S2-004769	Bluepeeak	289 Apex Boulevard, Falcon Park, Fresno, IL, 93653	USA
S2-000228	Reedwood Textiles	98 Onyx Cross, Kochi, Tamil Nadu, 390917	IN
S2-004599	Thistle Electriccals Corporation	262 Brightpath Drive, Brightpath Park, Akron, TX, 30506	United States
S2-008017	Silverline Co	371 Bluepeak Ave Vertex Park Akron	United States
S2-009072	Goldleaf Systems P Ltd	224 Brightpath Crs, Coimbatore, Kerala, 117137	IN
S2-000497	Lantern Packaging Private Limited	Near Metro Pillar 42, 342 Vertex Mn, Clearwater Nagar, Jaipur, 146083	India
S2-005302	Sunstone P Ltd	78 Sunstone Road, Kestrel Nagar, Surat, Tamil Nadu, 840388	IN
S2-005839	Ravenwoood Consultancy	Quarry Blvd, Lantern Park, Austin, OH	United States
S2-005599	Foods, Lantern Northgate Private Limited	386 Bluepeak Marg, Behind Ganesh Temple, Kochi, Gujarat, 854409	India
S2-001686	Falcon Kestrel Enterprises Inc	383 Thistle Street, Kestrel Park, Akron, 44965	United States
S2-006337	Quarry Industries	67 Stonebridge Street, Lantern Nagar, Jaipur, MP, 568643	IN
S2-008096	Ravenwood  Fabrics Lmited	379 Redwood Cross Juniper Nagar Jaipur Maharashtra 197615	India
S2-008526	Apex Goldleaf Packaging Corp	207 Juniper Rd, Austin, AL, 99006	United States
S2-007600	Kestrel Industries Corporation	62 Northgate Boulevard, Silverline Park, Tacoma, 12784	United States
S2-006563	Fabrics Brightpath	97 Ravenwood Main, Nagpur, Tamil Nadu	India
S2-002885	Thistle Private Limited	283 Falcon Marg, Coimbatore, Maharashtra	India
S2-009161	Goldleaf Packaging Incoorporated	63 Maplecrest Road, Vertex Park, Lubbock, 65725	US
S2-003748	Goldleaf Textiles Inc	21 Ironwood Dr, Harbor Park, Mobile, 41480	US
S2-001726	Brightpath Industries Private Limited	12 Brightpath St, Kochi, Gujarat, 506204	IN
S2-003653	Quarry rTading	65 Kestrel Blvd, Kestrel Park, Mobile, IL, 85287	United States
S2-009062	Silverline Ironwood Textiles Incorporated	21/66 Goldleaf Ave Fresno WA 11758	US
S2-003104	Ravenwood Industrise	256 Falcon Ave, Brightpath Park, Near Exit 14, Fresno	US
S2-007799	Vertex Bluepeak Logistics Incroporated	Silvelrine Blvd, Thistle Park, Austin, OH, 69438	United States
S2-004934	Northgate Foods PvtLtd	216 Brightpath Rd, Orchid Nagar, Surat, Maharashtra, 565854	IN
S2-000748	Brghtpath Foods LLC	371 Cobalt Road, Behind the Civic Center, Harbor Park, Tacoma, CA, 14574	US
S2-007616	Apex Trading PrivateL imited	5/43 Meridian Boulevard, WA, 64491, Akron	India
S2-002400	Harbor Industries	250 Brightpath Road Meridian Park Fresno CA 21639	USA
S2-007731	Redwood Kestrel  Foods Pvt Ltd	162 Apex Ave, Near Exit 14, Meridian Park, Tacoma, 7101	IN
S2-004457	Redwood, Summit Enterprises and Sons P Ltd	103 Vertex Rd, Pune, 489318	India
S2-005517	Orchid Electricals and SonsP vt Ltd	14 Kestrel Main, Northgate Nagar, Indore, 445380	IN
S2-000871	Redwood Thitle Systems Private Limited	140 Vertex Marg Sunstone Nagar Nagpur Gujarat	India
S2-007737	Reedwood Goldleaf Textiles & Sons Pvt Ltd	170 Cobalt Rd, Junper Nagar, Surat, Gujarat, 156520	India
S2-002074	Bluepeak Consultaancy Private Limited	148 Vertex Street, Northgate Nagar, Indore, MP, 721963	India
S2-005444	Harbor Silverlin Textiles Pivate Limited	Near SBI ATM, 105 Goldleaf Main, Jaipur	IN
S2-000935	Services, Apex Thistle and Sons LLimited	115 Maplecrest Rd, Ironwood Nagar, Indore	IN
S2-008126	Juniper Summit Consultancy Pvt Ltd	79 Maplecrest Mn ,Coimbatore, Rajasthan, 234921	IN
S2-004609	HarborII ndustries	57 Harbor Main, Vertex Nagar, Surat, 202278	IN
S2-000466	Onyxx Thistle Electricals Corporation	173 Kestrel St Juniper aPrk Peoria CA	USA
S2-005300	Sunstonne Soultions P Ltd	188 Thistle Rd, Redwood Nagar, Jaipur, Gujarat	India
S2-006195	Falcon Trading and Sons Compaany	386 Silverline Rd Tacoma 99890	USA
S2-007640	Silverline Logistics & Sons Company	117 Harbor Road, Northgate Park, Austin, OH	USA
S2-002360	Redwood Systems Corporation	37/13 Bluepeak Avenue, Goldleaf Park, Mobile, OH	United States
S2-008236	Vertex, P Ltd	174 Quarry Marg, Apex Nagar, Kochi, Rajasthan, 462827	IN
S2-003072	Orrchid	Juniper Dr, Kestrel Park, Near Exit 14, Lubbock	United States
S2-004252	Brightpath Falcon Textiles Company	328 Stonebridge Dr, Lantern Park, Lubbock, 68409	United States
S2-000052	Lantern Foods LLC	Thistle Boulevard, Peoria, WA, 99773	USA
S2-005181	Stonebridge & Son Incorportaed	55 Summit Ave, Quarry Park, Akron, AL	USA
S2-004041	Blupeeak Foods Company	183 Harbor Street, Falcon Park, Austin	United States
S2-005308	Cobalt Services Pvt td	Near SBI ATM 82 Quarry St Surat	India
S2-003715	Thistle	120 Meridian Marg, Harbor Nagar, Jaipur, MP	IN
S2-008093	Lantern Solutions Limited Liability Company	37/61 Cobalt Crs, Bluepeak Nagar, Jaipur, MP, 141543	United States
S2-005670	Lantern Systems	Goldleaf Marg, Jaipur, Maharashtra, 577205	India
S2-001661	Packaging Lantern Prvate Limited	157 Cobalt Cross, Northgate Nagar, Coimbatore	India
S2-009054	Sunstone Meridian Co	146 Juniper Street, Pune, Kerala	USA
S2-006427	Silverline Chemicals Incorporated	299 Bluepeak Road, Maplecrest Park, Fresno, CA, 53862	United States
S2-002247	Harbor Ksetrel Private Limited	138 Falcon St Ravenwood Nagar Pune 153653	IN
S2-004624	Onyx Kestrel Industries	157 Silverline Drive, Onyx Park, Tacoma, 10555	US
S2-004187	Kestrle Fabrics	Jaipur 902458 347 Clearwater Cross	IN
S2-008777	Sunstone Electricals Pvt Ltd	Summit Avenue, Sunstone Park, Pune	USA
S2-003775	Golddleaf Trading Icn	27/16 Ravenwood Blvd, Brightpath Park, Lubbock, OH, 24961	USA
S2-005823	Thistle Limited	6/17 Onyx Road, Maplecrest Nagar, Indore, Rajasthan	India
S2-000138	Meridian Lantern Industries CCorp	178 Vertex Road, Opp. City Library, Lubbock, IL	US
S2-003462	KestrelPvt, Ltd	380 Vertex Road, Kestrel Nagar, Surat, Tamil Nadu, 240245	India
S2-009180	Juniper Systems Company	347 Thistle Street, Bluepeak Park, Lubbock, 25403	United States
S2-004412	Brightpath Systems Corp	264 Silverline St Sunstone Park Fresno 50919	USA
S2-008005	Northgate Packaging Limited Liability Company	288 Juniper Street, Brightpath Park, Peoria, TX, 85199	United States
S2-003163	Meridian, Chemicals LLC	233 Harbo Road, Lubbock, AL	US
S2-001676	Vertex Textiles and Sons Pvt Ltd	299 Juniper Cross, Bluepeak Nagar, Coimbatore, MP	IN
S2-004593	Orchid Consultancy Limited	384 Silverline Marg Quarry Nagar Pune 532586	India
S2-001072	Onyx Industries Private Limited	321 Thistle Crs, Harbor Nagar, Opp. Bus Depot, Pune, Maharashtra, 251340	India
S2-007147	Silverrline Systems Pvt Ltd	Cobalt Marg, Cobalt Nagar, Pune, Kerala	IN
S2-008772	Summit Systems LLC	124 Thistle Dr, Goldleaf Park, IL, Tacoma	US
S2-005419	Brightpath Foods P Ltd	277 Clearwater Street, Summit Nagar, Jaipur	India
S2-004493	Quarry, Solutionss P Ltd	55 Clearwater Street, Orchid Nagar, Pune, MP	IN
S2-002408	Ravewood Ironwood Enterprises	5/5 Lantern Road, Goldleaf Nagar, Indore, Gujarat, 311174	India
S2-004232	Meridian Chemicals Compny	30/61 Meridian Road Silverline Park Austin TX 11977	United States
S2-006619	CoaltMotors LLC	195 Silverline Blvd, Lantern Park, Peoria, IL, 56693	US
S2-007235	Meridian Compayn	52 Bluepeak Marg, Silverline Nagar, Pune, Rajasthan, 472786	US
S2-009030	Sunstone Enterprises	269 Clearwater Avenue, Bluepeak Park, Mobile, WA	United States
S2-009101	Cleearwater Enterprises Pvt Ltd	258 Lantern Rd, Summit Park, Surat, WA, 56466	United States
S2-004478	Clearwater Limted	55 Sunstone Crs, Bluepeak Nagar, Coimbatore, Maharashtra	India
S2-009266	Ketsrel, Fabrics	35/36 Onyx Main, Falcon Nagar, Pune, 344736	IN
S2-006261	Falcon, and Sons Co	316 Maplecrest Blvd, Juniper Park, Fresno, WA, 28149	US
S2-009078	Rewdood Packaging and Sons Corp	24 Stonebridge Dr, Apex Park, Akron, OH, 44364	United States
S2-008368	Maplecrest Systems LLC	Redwood Parrk, Tacoma, 237 Ravenwood Rd	United States
S2-004079	Merdiian Enterprises Company	213 Lantern St Goldleaf Park Tacoma	US
S2-004590	Silverline Consultancy & Sons	Goldleaf Ave, Clearwater Park, Mobile, WA, 78680	United States
S2-000580	Ironwood Trading nd Sons Ltd	82 Falcon Mn, Quarry Nagar, Kochi, 624325, Kerala	IN
S2-001501	Bluepeak Enterprises P Ltd	Opp. Bus Depot Juniper Street Nagpur 903486	IN
S2-004226	Haror Apex LLC	64 Keestrel Drive, Fresno, 21167	United States
S2-002144	Vertex Solutions and Sons Limited Liability Company	376 Sunstone Avenue, Near Exit 14, Kestrel Park, Lubbock	USA
S2-001864	Silverline Limited	113 Juniper St, Maplecrest Nagar, Opp. Bus Depot, Surat, Rajasthan, 984677	India
S2-003215	Orchid Logistics Incorporated	Behind the Civic Center, Redwood Dr, Cobalt Park, Lubbock, 20178	United States
S2-002032	QuarryElectricals Compnay	199 Harbor Road, Ravenood Park, Mobile, WA, 60797	USA
S2-008581	Ravenwood, Electricals	20 Brigtpath Dr Northgate Park Coimbatore 44884	United States
S2-007344	Redwood, Harbor Logistics and Sons Co	47 Harbor Boulevard Summit Park Austin	United States
S2-005028	Logistics Ltd	25/13 Quarry St Near SBI ATM Silverline Nagar Coimbatore Gujarat	IN
S2-007840	Quarry Solutions andd Sons	2/58 Redwood Rd Behind the Civic Center Cobalt Park Mobile AL 36008	USA
S2-008761	Stonebridge Fabrics & Sons Limited	Near SBI ATM, 83 Quarry Main, Stonebridge Nagar, Coimbatore, Kerala	India
S2-008447	Quarry Onyx Packaging Ltd	26/51 Ravenwood Rd, Orchid Park, Peoria, 29077	IN
S2-002102	Kestrel Enterprises P Ltd	249 Ironwood Street, Jaipur, Mharashtra	India
S2-002524	Goldleaf Incororated	Behind the Civic Center 396 Northgate Avenue Ravenwood Park Austin CA	United States
S2-004740	Orchid, Logistics Limited Liablity Company	398 Summit Rd, Sunstone Park, Austin, 79805	United States
S2-000735	Bluepeak Orchid Motor Pvt Ltd	Near SBI AM, 314 Sunstone Crs, Pune, Rajasthan, 450944	India
S2-007338	Thistle, & Sons Limited Liability Company	33/35 Stonebridge Blvd, Clearwater Park, Behind the Civic Center, Lubbock, 86690	US
S2-001094	Falcon Onyx Industries Inc	193 Goldleaf Avenue, Mobile, WA	US
S2-006805	Thistle VVeertex Chemicals	Thistle Park, Peoria, Ironwood Ave	United States
S2-009252	Brightapth, Ltd	Opp. Bus Depot, 168 Maplecrest Road, Summit Nagar, Jaipur, Kerala, 781861	IN
S2-007250	Ravenwood Logistics Corp	227 Ironwood Main, Silverline Nagar, Kochi	USA
S2-007081	Juniper, Silverline Foods	146 Falcon Street, Quarry Park, Tacoma, CA, 35916	USA
S2-002771	Meridian Limited Liability Company	79 Onyx Ave, Meridian Park, Tacoma, 14849	US
S2-000057	Foods Meridian  Soons	184 Maplecrest St, Quarry Nagar, Indore, Gujarat, 915166	India
S2-004914	Quarry Chemicals Incorporated	24/69 Ravenwood Ave, Sunstone Park, Austin, WA, 50809	US
S2-007240	Harbor Industries and Sons Limited	202 Stonebridge Road, Harbor Nagar, Indore, Maharashtra	IN
S2-007818	Ravenwood, Packaging Prrivate Limited	62 Stonebridge Marg, Goldleaf Nagar, Indore, 120547	India
S2-007972	Vertex Trading Corporatioon	Ravenwood Blvd, Lubbock, WA	US
S2-004056	Enterpirses, Vertex Ltd	343 Goldleaf Crs, Sunstone Nagar, Pune, Kerala, 211257	India
S2-009060	IronwoodLimited	236 Thistle Dr, Apex Park, Fresno, AL, 10235	India
S2-003332	Orchid Foods & Sons	36/78 Goldleaf Cross, Kestrel Nagar, Gujarat, Nagpur	India
S2-003716	Harobr Systems and Sons	Lantern Nagar, Indore, Kerala, 312206, 386 Summit Crs	IN
S2-001852	Ironwood Motors Corporation	358 Ravenwood Boulevard Tacoma 69060	USA
S2-006557	Redwood Trading Private Limitted	285 Apex Crs, Near Metro Pillar 42, Falcon Nagar, Kochi, Maharashtra	India
S2-000476	Redwood Chemicals Private Limited	184 Meridian Main, Summit Nagar, Nagpur, Gujarat, 750410	India
S2-002614	Cobalt Foods Limited	Ironwood Rd, Goldleaf Nagar, Coimbatore, MP, 864345	India
S2-004048	Clearrwater P Ltd	20/72 Northgate Marg, Goldleaf Nagar, Indore, Maharashtra, 579315	India
S2-001859	Meeridian	17 Falcon Ave, Sunstone Park, Fresno, TX	United States
S2-000488	Thistle Falcon Fabrics Co	30/19 Ravnwood Boulevard, Cobalt Park, Akron, CA, 30090	USA
S2-002884	Thistle Consultancy Pvt Ltd	283 Falcon Marg, Onyx Nagar, Coimbatore	IN
S2-004380	Harbor Pvt Ltd	87 Ravenwood Marg, Vertex Nagar, Kochi	India
S2-003459	Stonebridge Trading Limited Liability Company	24/9 Summit Avenue Behind the Civic Center Goldleaf Park CA Peoria	USA
S2-004912	Quarry Logistics P Ltd	235 Harbor Road, Vertex Nagar, Kochi, 859887	India
S2-002610	Falcon, Consultanncy Inc	Goldleaf Drive, Falcon Park, Akron, CA, 46930	US
S2-006836	Redwood Fabrcs & Sons Corporation	244 Thistle Drive Brightpath Parrk Mobile WA	US
S2-002781	Packaging Pvt Ltd	193 Kestrel Crs, Ironwood Nagar, Jaipur, Kerala	India
S2-009281	Quary, Systems Ltd	372 Sunstone Marg, Cobalt Nagar, Coimbatore, Rajasthan	India
S2-003341	Quarrry, Ironwood Co	61 Thistle Dr, Austin	US
S2-007961	Silverline Textiless Limited	59 Apex St, Onyx Nagar, Nagpur, Maharashtra, 719285	India
S2-003224	Quary Logistics	34/13 Clearwater St Jaipur 195007	India
S2-003434	Falcon Industries Inc	259 Cobalt Street, Austin, WA, 79907, Harbor Park	USA
S2-001911	Northgate Systems Corporation	94 Ravenwood Boulevard Fresno WA 45143	US
S2-008250	Ravenwood P Ltd	170 Cobalt Blvd, Ravenwood Park, Nagpur, AL	United States
S2-002156	Summit Enterprises Ltd	Brightpath Crs Surat 662145 Goldleaf Nagar	IN
S2-000285	Juniper Harbo Pvt Ltd	317 Goldleaf St, Nagpur, Gujarat, 685833	IN
S2-008719	Lantern Systems	145 Bluepeak Cross Opp. Bus Depot Lantern Nagar Coimbatore MP 746547	IN
S2-005558	Juniper Inc	24 Lantern Blvd, Meridian Park, Mobile, CA	United States
S2-001538	Vertex Solution Limited Liability Company	246 Ravenwood Blvd, Kestrel Park, Mobile	USA
S2-008628	Quaarry LLogistics & Sons	Bulepeak Rd Cobalt Nagar Indore 401220	IN
S2-001531	Systems, Stonebridge Inc	251 Lantern Dr, Goldleaf Park, Akron, 71410	US
S2-006263	Ocrhid Textiles P Ltd	330 Redwood Mn, Ironwood Nagar, Surat, KKerala	India
S2-000916	Ravnewood Corp	33/53 Ravenwood Road, Lantern Park, Fresno, WA	USA
S2-003075	Textiles Lantern Orchid	159 Brightpath Road, Redwood Park, Peoria, 16938	US
S2-003121	Meridian Motors Ltd	164 Falcon Marg, Bluepeak Nagar, Coimbatore, Rajasthan	IN
S2-004652	Ravvenwood Maplecrest Trading Limited Liability Company	118 Onyx Road, Silverline Park, Fresno, WA	United States
S2-003567	Harbor Thistle Servicees Private Limited	Apex Nagar, Kochi, Raajsthan, 421704, 26/53 Redwood Marg	India
S2-005532	Sunstone Seervices	41 Harbor Drive Silverline Park Austin 27271	USA
S2-000062	Stonebridge Consultancy	Harbor Rd Ravenwood Nagar Kochi Kerala	IN
S2-002774	Northgate, Consultancy Co	Ravenwood Rd Sunstone Park Austin TX	US
S2-003844	Northgate Packaginng	380 Cobalt St, Opp. City Library, Akron, WA, 64296	US
S2-005051	Clearwater Bluepeak Trading Pvt Ltd	292 Summit Marg Northgate Nagar Pune 505978	India
S2-008127	Stonebride, P Ltd	186 Orchid Crs, Coimbatore, 240646	IN
S2-006748	Goldleaf, Consultany and Sons P Ltd	199 Silverline Marg, Kochi, Gujarat	IN
S2-008980	Northgate Motors Ltd	162 Maplecrest Ave, Orchid Park, Kochi, OH, 44573	US
S2-007040	Harbor Packaging Inc	244 Silvrline Mn, Near SBI ATM, Cobalt Nagar, Fresno	IN
S2-005775	Stonebridge Trading and Snos Private Limited	311 Cobalt Street Coimbatore Maharashtra 762714	IN
S2-005329	Falcon Electricals Ltd	233 Onyx Street, Nagpur, MP, 760756	IN
S2-001378	Maplecrest P Ltd	352 Onyx Street, Coimbatore, Kerala, 911415	IN
S2-006019	Onyx Soluttions Corporation	76 Northgate St, Harbor Park, Mobile, 87729	US
S2-005121	Sunstone Northgate Services	Thistle Boulevard, Austin, OH	US
S2-005661	Meridian Packaging Limited	39/11 Juniper Cross, Ironwood Nagar, Indore, Kerala	India
S2-001212	Sunstone Services Pvt Ltd	328 Silverline Marg, Falcon Nagar, Kochi, Rajasthan	India
S2-007179	Vertex Fabrics and Sons Inc	303 Apex Mn, Falccon Nagar, Peoria, Gujarat, 879023	India
S2-004732	Maplecrest Rdwood Consultancy and Sons Inc	8/68 Sunstone Avenue Meridian Park Fresno IL 21379	United States
S2-003395	Summit Co	97 Summit Boulevard, Juniper Park, Akron, 79923	US
S2-003363	Ravenwood Packagnig Limited	26 Harbor Marg, Sunstone Nagar, Surat, Tamil Nadu	IN
S2-001995	Redwood, Packaging Corporation	Ravenwood Rd, Onyx Park, Fresno	United States
S2-008977	Maplecrest	Near Exit 14, 27/7 Lantern Avenue, Orchid Park, Nagpur, 60817	USA
S2-006276	Harbor Trading Private Limited	390 Ironwood Main, Apex Nagar, Coimbatore, 832622	IN
S2-000239	Lantern Packaging Private Limited	293 Juniper Marg, Meridian Nagar, Indore, Maharashtra, 308972	India
S2-006325	Northgate LLC	60 Apex Drive, Austin, AL	USA
S2-002743	Summit P Ltd	377 Goldleaf Rd, Apex Nagar, Near Metro Pillar 42, Pune, Maharashtra, 780154	IN
S2-000447	Meridian Consultancy Limited Liability Company	Opp. City Library, 259 Northgate Dr, Vertex Park, Mobile, OH	United States
S2-000450	Falcon Fabrics nad Sons	3 Bluepeak Cross, Clearwater Nagar, Pune	India
S2-005125	Vertex Juniper Foods Ltd	98 Sunstone Main, Silverline Nagar, Surat, Kerala, 193180	IN
S2-004391	Apex, Apex Compayn	103 Cobalt Avenue, Ravenwood Park, Akron, 71614	United States
S2-002741	MeridianP Ltd	168 Goldleaf Mn, Northgate Nagar, Jaipur, Maharashtra	India
S2-005164	Bluepeak Logistics Limited Liability Company	344 Goldleaf St, Goldleaf Park, Austin	USA
S2-003558	Maplecest Enterprises Limited Liability Company	27/89 Meidian Rd, Sunstone Park, Behind the Civic Center, Austin, 27572	US
S2-007322	Sunstone Consultancy oCrporation	108 Harbor Marg, Ravenwood Nagar, Kochi, 682712	US
S2-008325	Raevnwood, Falcon Packaging LLimited	349 Silverline Road, Redwood Nagar, Near Metro Pillar 42, Indore, 679975	IN
S2-008574	Thistle Consultancy	1 Kestrel Marg, Near SBI ATM, Goldleaf Nagar, Jaipur, 649192	India
S2-006597	Bluepeak Services Ltd	20 Summit Stt, Kestrel Nagar, Surat, Gujarat, 588888	IN
S2-004852	Ironood Corp	319 Lantern St, Redwood Park, Mobile	United States
S2-000666	Northgate Food s& Sos	Near Exit 14 379 Goldleaf Road Fresno OH	US
S2-003479	Northgaet Electricals LLC	15/10 Maplecrest St, Lubbock, 36371	USA
S2-009012	Stonebridge	259 Falcon Rd, Jniper Nagar, 629526, Kochi	IN
S2-006638	Ravenwood, Onyx Fabrics Pvt Ltd	Apex Marg, Near SBI ATM, Juniper Nagar, Jaipur, Kerala	IN
S2-003733	Onyx Sunstone Textlies LLC	23/26 Juniper Avenue, Kestrel Park, Tacoma, AL	US
S2-000621	MaplecrestMaplecrest, Electricals Corp	Kestrel Park, Akron, 83480, 211 Cobalt Road	US
S2-006020	Onyx Solutions and Sons	76 Northgate Street, Harbor Park, Mobile	US
S2-007168	Ravenwood P Ltd	38/42 Thistle Marg Coimbatore	IN
S2-001323	Thistle Juniper Pvt Ltd	161 Bluepeak Rd, Clearwater Nagar, Nagpur, Kerala	IN
S2-005958	Quarry Services annd Sons Limited	94 Cobalt Road, Bluepeak Nagar, Kochi, 739868	India
S2-002560	Cobalt Motors nIcorporated	9 Juniper Street, Apex Park, Peoria, 24009	United States
S2-001675	Bluepeak Logisitcs Co	373 Ravenwood Drive, Bluepeak Park, Mobile	United States
S2-001464	Silverlline Summit Industries Ltd	89 Juniper Cross Behind Ganesh Temple Indore Gujarat 914905	India
S2-002857	Onyx Clerawater & Sons Corporatin	Bluepeak Rd, Goldleaf Park, Akron	USA
S2-002090	Summit Ravenwoo doMtors Inc	60 Harbor Street, Cobalt Park, Austin, WA, 38659	United States
S2-005093	Ironwood Services Corporation	275 Clearwater St, Summit Park, Mobile, 48288	United States
S2-006695	Orchid Electricals Priate Limited	120 unstone St Kochi	IN
S2-001805	Sunstone Electricals Verttex LLC	341 Apex Rd, Tacoma, TX, 34276	USA
S2-008988	Stonebbridge, ervices Ltd	190 Lantern Marg, Goldleaf NNagar, Surat, Kerala, 122655	IN
S2-008956	Lanern Meridian Solutions Limited	Ravenwood Main, Onyx Nagar, Jaipur, Tamil Nadu, 162356	India
S2-000135	Northgate Ironwood Textiles Limited Liability Company	52 Onyx Ave, Ravenwood Park, Behind the Civic Center, Akron, IL, 90454	United States
S2-003430	Kestrel Foods Corporation	147 Falcon Avenue Mobile 12211	United States
S2-004751	Meridian Pcakaging & Sons Co	Juniper Park Austin IL 44647 Brightpath St	USA
S2-000061	Cobalt Falcon oCnsultancy	235 Onyx St, Kestrel Park, Akron, WA, 55629	US
S2-002149	Bluepeak Foods Pvt Ltd	59 Falcon Road, Redwood Nagar, Surat	IN
S2-008723	Thistle Northgate Motors Co	276 Ironwood Drive, Bluepeak Park, Peoria, TX, 90821	USA
S2-004472	Bluepeak Lantren Foods and Sons Private Limited	171 Stonebridge Road, Surat, Maharashtra, 38716	IN
S2-005295	Sunstone Ravenwood Systems	389 Brightpath Mn, Juniper Nagar, Kochi, Gujarat, 196332	India
S2-006243	Kestrel Clearwater Services Corp	Peoria 15688 187 Redwood Ave	United States
S2-006098	Indusries Pvt Ltd	Behind Ganesh Temple, 211 Lantern Mn, Ravenwood Nagar, Indore, 297636	IN
S2-006738	Silverlien Consultancy	339 Quarry Drive Clearwater Park Austin AL 42637	US
S2-003750	Goldleaf and Sons Incorporated	21 Ironwood Dr, Harbor Park, Mobile, AL, 41480	US
S2-004313	Brightpath Private Limited	27/46 Ironwood Cross, Opp. Bus Depot, Quarry Nagar, Nagpur, 728731	India
S2-006081	Harbor	190 Summit Ave, Harbor Park, Austin, 21494	US
S2-006469	Northgate Thistle Services Co	387 Goldleaf Blvd, Lantern Park, Lubbock, AL, 89859	USA
S2-001387	Rvenwood Services	248 Northgate Rd, Northgate Park, Akron, OH, 84981	United States
S2-003386	OnyxLimited	133 Silverline St, Cobalt Nagar, Indore, Kerala	India
S2-006323	Summit, Fabrics Incorporated	Opp. City Library, Northgate Boulevard, Stonebridge Park, Peoria	USA
S2-008181	Apex Services & Sons Ltd	306 Redwood Boulevard, Cobalt Park, Behind the iCvic Center, Fresno, TX	IN
S2-002158	Summit Enterprises & Sons Ltd	135 Ironwood St, Kochi, Tamil Nadu	IN
S2-003217	OrchidSystems	229 Clearwater Street, Clearwater Nagar, Surat, Maharashtra	IN
S2-004734	Northgate Solutins Company	Thistle Dr,A ustin, AL, 20679, Goldleaf Park	USA
S2-004925	Quarry Motors Private Limited	Opp. Bus Depot, 350 Ironwood Mn, Jiapur, Maharashtra, 969149	India
S2-003339	Vertexx Motors P Ltd	179 Summit Street, Nagpur, 785870	India
S2-006010	Junipe P Ltd	25/81 Goldleaf Road, Orchid Nagar, Indore, Rajasthan, 426958	India
S2-007567	Chemcals & Sons Limited	25/8 Maplecrest Marg, Harbor Nagar, Jaipur, 806056	IN
S2-005567	Goldleeaf Co	130 Onyx Dr Austin CA	US
S2-008086	Harobr Solutions	38/48 Apex Street, Cobalt Nagar, Jaipur, Maharashtra, 959585	IN
S2-007913	Stonebridge P Ltd	193 Apex Marg, Pune	IN
S2-006065	Lantne Logistics Ltd	37 Quarry Road, Cobalt Nagar, Kochi, Kerala	India
S2-008527	Sunstone Elcetricals Co	282 Ironwood Dr, Austin	USA
S2-000532	Silverline IIndustries and Sons	324 Bluepeak Marg Indore Tamil Nadu	IN
S2-003658	Silverline Systems Limited	78 Apex Main Clearwater Nagar Pune 499503	IN
S2-009181	Lantern, Textles	222 Silverline Drive, Near Exit 14, Falcon Park, Fresno, 12391	United States
S2-001125	Vertex Ravenwood Systems and Sons Private Limited	332 Kestrel Marg Thistle Nagar Nagpur	India
S2-006533	Redwood Onnyx Packaging	Clearwater Drive Sunstone Park Akron	United States
S2-005090	Stonebridge Solutions Co	240 Meridian Road,, Clearwater Park, Austin, IL, 99863	United States
S2-005847	Maplecrest Packagiing Corp	47 Quarry Road, Falcon Park, Lubbock, 43288	USA
S2-005524	Quarry Enterprises Company	Juniper Park, Austin, AL, Northgate Boulevard	US
S2-005108	Stonebridge Trading Limietd	264 Bluepeak Street, Silverine Nagar, Indore, Rajasthan, 901927	IN
S2-003898	Cobalt, lectricals Ltd	Onyx Cross, Indore, Rajasthan	IN
S2-004775	Onyx Packaging and Sons Private Limited	301 Bluepeak Marg Coimbatore Tamil Nadu 152364	IN
S2-006474	Meridian Sunstone Industries Incorporated	Sunstone Drive, Thistle Park, Fresno, WA	United States
S2-006181	Sunstone Orchid and Sons Ltd	379 Falcon Marg, Behind Ganesh Temple, Onyx Nagar, Jaipur, Gujarat, 269525	India
S2-009295	Ironwoodd Electrical & Sons Ltd	297 Meridian Cross, Kochi, MP	IN
S2-001750	Meeridian Motors PP Ltd	38/87 Lantern Mn Coimbatore Kerala 935215	IN
S2-003937	Kestrel Industries Limited	60 Redwood Road, Silverline Nagar, Nagpur, 161131	India
S2-005358	Thistle Consultancy and Sons Corporation	Behind the Civic Center, 360 Summit Dr, Falcon Park, Tacoma, CA	US
S2-002498	Meridian Motors Pvt Ltd	Brightpath Crs Apex Nagar Nagpur	IN
S2-006785	Stoonebrridge, Private Limited	253 Goldleaf St, Quarry Nagar, Surat, MP, 918120	India
S2-001922	Qarry Services Ltd	Behind Ganesh Temple, 191 Goldleaf St, Coimbatore, Rajasthan	India
S2-000906	Lantern Services Company	61 Kestrel Street, Bluepeak Park, Fresno, OH, 41910	USA
S2-006508	Cobalt Motors	7/89 Goldleaf Marg, Vertex Nagar, Jaipur, Kerala, 579279	IN
S2-003097	Servies	154 Ironwood Marg Near Metro Pillar 42 Clearwater Nagar Maharashtra Indore	India
S2-003613	Clearwater Private Limited	394 Goldleaf Rd Opp. Bus Depot Orchid Nagar Indore 458878	India
S2-002937	Silverline Sunstoe Private Limited	Bluepeak Marg, Quarry Nagar, Pune, 852071	IN
S2-001508	Juniper Vertex Sysstems Corp	269 Ravenwood Blvd, Cobalt Park, Akron, IL, 21840	USA
S2-006875	Northgaet Meridian Limited	275 Goldleaf Rd, Ironwood Nagar, Jaipur, Gujarat, 263769	IN
S2-006634	Bluepeak, Quarry Solutions Corpoartion	Bluepeak Blvd Brightpath Park IL Tacoma	USA
S2-002870	Lantern Services and Sons Private Limied	87 Brightpath St, Surat, Maharashtra	India
S2-001305	Bluepeak Harbor Packaging Corporation	86 Sunstone Rd, Akron, CA, 82840	US
S2-006423	Quarry Coompany	257 Goldleaf Rd Brightpath Park Austin WA	USA
S2-008661	Stonebridge Orchid Electricals Pvt  Ltd	364 Summit Mn, Stonebridge Nagar, Pune	IN
S2-006259	Northgate Sunstoe Packaging PrivateL imited	177 Ravenwood Cross Orchid Nagar Pune Gujarat	IN
S2-007436	Thistle Foods	24/8 Redwood Road, Lantern Nagar, Nagpur, 717246	IN
S2-004323	Quarry Harborr Private Limited	Opp. Bus Depot, 82 Bluepeak Crs, Jaipr, 724787	IN
S2-002038	Junpier Packaging Limited	240 Northgate Road Vertex Nagar Surat 15022	India
S2-007266	Ravenwood Thistle Systems	1 Brightpath Mn, Northgate Nagar, Coimbatore, 804474	India
S2-005999	Stonebridge Enterprises	398 Juniper Mn, Summit Nagar, Nagpur, Maharashtra, 972969	IN
S2-005112	Ironwood Logistics Limited	301 Goldleaf Road, Coimbatore, 899934	IN
S2-004304	Ironwood Juniper Packagnig P Ltd	80 Thistle Marg, Thistle Nagar, Nagpur, 137866	India
S2-003173	Kestrel Harbor Electricals	Silverline Crs Kochi MP 479046	IN
S2-003618	Oynx	10/25 Harbor Rd, Meridian Nagar, Kochi, 802770	India
S2-002490	Lantern Industries	Nea rExit 14, 218 Bluepeak Ave, Tacoma, 60867	United States
S2-000817	Falcon, Servics Ltd	51 Lantern Cross, Northgate Nagar, Indore, Tamil Nadu, 621058	India
S2-007058	Meridian Enterprises Private Limited	144 Thistle Main, Kochi, Rajasthan, 735697	IN
S2-004809	Summit Trading and Sos Incorporated	Opp. City Library, 329 Goldleaf Ave, Maplecrest Park, Austin, WA	United States
S2-000119	Meridiian Maplecrest Solutions Private Limited	391 Maplecrest Marg, Redwood Nagar, Jaipur, Kerala, 653350	India
S2-001281	Siilverline Packaging Co	211 Juniper Avenue Near Exit 14 Brightpath Park OH 93852 Peoria	USA
S2-003872	Ironwood Industries Limited Liability Company	210 Northgate Street Falcon Park Peoria AL 19971	USA
S2-001159	Maplecrest Packaging Pvt Ltd	215 Thistle Rd Goldleaf Nagar Nagpur MP 545443	India
S2-004388	Orchid Industries P Ltd	148 Stonebridge Road, Harbor Nagar, Coimbatore, 807274	IN
S2-002272	Brightpath, Sunstone Industries LLC	32/4 Juniper Ave, Summit Park, Mobile, CA, 51735	US
S2-001389	Haror Limited	287 Summit Mn, Ironwood Nagar, Coimbatore, 177605	India
S2-001288	Quarry Silverline & Sons Private Liited	Opp. Bus Depot, 392 Juniper Main, Juniper Nagar, Pune, 118839	India
S2-002766	Juniper Consultancy Co	148 Silverline Rd, Orchid Park, Fresno, WA, 99343	US
S2-004924	Quarr, yMotors P Ltd	350 Ironwood Mn, Jaipur, Maharashtra	India
S2-007409	Kestrel Tradiing Inc	Redwood Nagar, Mobile, Maharashtra, 373 Bluepeak Marg	India
S2-000460	Vertex Maplecrest Enterprisess LLC	193 Kestrel St Behind the Civic Center Lubbock AL 39080	USA
S2-005197	Services Northgate P Ltd	2/12 Orchid Main, Lantern Nagar, Pune, Tamil Nadu	India
S2-008301	Bluepeak Entrprises P Ltd	387 Maplecrest Marg, Nagpur, Kerala	IN
S2-005493	Lantern Ltd	151 Thistle Street, Coimbatore, Rajasthan	India
S2-000288	Onyx Apex Logistics	Falcon Rd, Brightpath Park, Fresno, 88936	United States
S2-000025	Quarry Electricals Pvt Ltd	Near Metro Pillar 42, 8 Kestrel Rd, Pune, 503767	IN
S2-004326	Onyx Textiles and Sons P Ltd	Behind Ganesh Temple, 51 Vertex Marg, Pune, Gujarat, 845163	India
S2-008392	Summit Fabrics Limited Liability Company	140 Falcon Road, Goldleaf Nagar, Coimbatore, Kerala, 630137	US
S2-002343	Maplecrest Logistics	177 Northgate Drive, Clearwater Park, Austin, TX, 88719	US
S2-000066	Elecrticals Brightpath  LLC	33/31 Meridian Ave Peoria TX 74384	US
S2-001736	Lantern Indusrties and Sons Corp	275 Apex t Maplecrest Park Tacoma	USA
S2-005270	Juniper Ravenwood Service sLtd	Lantern Nagar Behind Ganesh Temple Surat MP 597947 240 Thistle Rd	India
S2-003572	Cobalt Chemicals Company	53 Summit Avenue Lantern Park Peoria AL 89370	United States
S2-008800	Thistle Trading Ldt	67 Cobalt Road, Indore, 854655	IN
S2-000613	Verte Consultancy Incorporated	349 Sunstone Blvd, Goldleaf Park, Behind the Civic Center, Akron, IL	United States
S2-000964	Flcon & Sons P Ltd	3/73 Kestrel Mn, Behind Ganesh Temple, Falcon Nagar, Pune	IN
S2-000747	Brightpath LLC	371 Cobalt Rd Tacoma	United States
S2-003615	Enterprises Meridian Ltd	206 Vertex St Quarry Nagar Jaipur	India
S2-007200	Onyx Harbor P Ltd	279 Orchid Rd, Ravenwood Nagar, Coimbatore, Gujarat	IN
S2-000657	Summit Enterprises Private Lmiited	25 Silverline Mn, Sunstone Nagar, Jaipur, Kerala, 806313	India
S2-006346	Enterprises Goldlef Private Limited	207 Orchid Mn Maplecrest Nagar Nagpur Rajasthan	IN
S2-007605	Vertex, Quarry Consultancy Co	357 Lantern St, Ironwood Park, Austin, TX, 79325	US
S2-000010	Cobalt, Ravenwood Pcakaging Co	30/25 Clearwater Dr, IL, 21222, Austin	USA
S2-002049	Clearwater Lttd	48 Cobalt Crs, Bluepeak Nagar, Pune, 153500	India
S2-002814	Harbor	167 Quarry Boulevard, Vertex Park, Fresno, TX	US
S2-001116	Apex Electricals  & Sons Pvt Ltd	363 Maplecrest Marg, Harbor Nagarr, Jaipur	India
S2-000823	Northgate Packagingand Sons Co	303 Lantern Street, Mobile, 10600	United States
S2-005416	Sunstone Kestrel Logistics	Orchid Marg, Thistle Nagar,  Nagpur	India
S2-005772	Meridian  Co	134 Maplecrest Drive, Cobalt Park, Austin, WA, 44707	US
S2-006260	Northgate Sunstone Packaging Private Limited	177 Ravenwood Crs, Opp. Bus Depot, Pune	India
S2-006513	Services Maplecrest Co	14/5 Lantern Ave Juniper Park Lubbock OH	USA
S2-002650	Orchid Onyx Enterprises Inc	Verrtex Rd Silverline Park Fresno WA	US
S2-002982	Falcon Enterprises Private Liited	112 Silverline St, Brightpath Nagar, Indore, Maharashtra, 967881	India
S2-004646	Apex, TradingL LC	129 Maplecrest St, Peoria, TX, 57142	United States
S2-008383	Silverline Enterprises	37/16 Silverline St, Redwood Park, Austin, 83411	US
S2-002394	Vertex Consultancy P Ltd	Orchid Street, Brightpath Nagar, Indore, Gujarat	IN
S2-008356	Foods Brightpath Limited	89 Falcon Marg Silverline Nagar Indore MP 289593	IN
S2-008973	Ravenwood Cboalt Limited	Near Metro Pillar 42, Vertex Marg, Silverline Nagar, Indore, Tamil Nadu	India
S2-006574	BluepeakMplecrest Trading Incorporated	27 Thistle Dr, Clearwater Park, Tacoma, WA	USA
S2-007539	Chemicals Bluepeak Bluepeak Private Limited	29 Harbor Mn,  Lantern Nagar, Kochi, 842471	IN
S2-004131	Sunstone Silverline Textiles Company	Onyx Road, Maplecrest Park, Akron, AL, 67911	United States
S2-004548	Bluepeak Trading LLC	113 Summit Drive, Silverline Park, Austin, WA, 32538	United States
S2-001633	Verteex Packaging	247 Vertex Blvd, Northgate Park, Fresno, 70908	US
S2-004774	Sunstone Northgate Solutions P Ltd	50 Orchid Crs, Cobalt Nagar, Coimbatore, Tamil Nadu, 120896	IN
S2-004527	Kestrel Cobalt Foods	219 Vertex Blvd, Lubbock, 67325	USA
S2-006700	Brightpath Electricals Pvt Ltd	149 Summit Roaad, Juniper Nagar, Indore, 105538	IN
S2-006202	Juniper, Kestrel  Services Pvt Ltd	265 Bluepeak Rd, Near Metro Pillar 42, Suurat, 156982	IN
S2-000771	Onyx, Enterpirses Limited Liability Company	30 Vertex St, Falcon Park, Austin	United States
S2-008892	Harbor, Srevices Pvt Ltd	Lantern Park, Fresno, 301 Thistle Blvd	IN
S2-007384	Summit, Servicces Corporation	42 Sunstone Drive Brightpath Park Mobile 81876	USA
S2-000851	Textiles Juniper Pvt Ltd	Behind Ganesh Temple, 323 Silverline Road, Juniper Nagar, Surat, Gujarat, 601344	India
S2-002161	Orchid Packaging Ltd	59 Goldleaf Cross, Cobalt Nagar, Jaipur, 655848	IN
S2-001928	Kestrel Services	385 Quarry Rd, Near Exit 14, Northgate Park, Lubbock, TX, 65539	USA
S2-006761	Apex Trading Inc	40 Brightpath Street Goldleaf Park WA 51430 Lubbock	US
S2-008664	Silverline Limited	330 Onyx Main, Opp. Bus Depot, Meridian Nagar, Kochi, Tamil Nadu, 593674	IN
S2-006069	Silverline Sunstone Ltd	119 Maplecrest Main, Silverline Nagar, Jaipur, Tamil Nadu	IN
S2-003679	Aepx Falcon Co	274 Summiit Blvd, Peoria, IL, 29912	United States
S2-002103	Vertex Enterprise Inc	165 Goldleaf Avenue Cobalt Park Peoria 33452	United States
S2-001967	Redwood LogisticsV ertex	278 Cleaarwater Main, Kochi, 504852	IN
S2-007205	Apex	226 Sunstone Road, Opp. City Library, Cobalt Park, Lubbock, 33615	India
S2-005744	Cobalt Fabrics LLC	340 Meridian Rd Bluepeak Park Lubbock AL 77875	United States
S2-004526	Flcon Logistics and Sons	326 Goldleaf Street Coimbatore Maharashtra 872691	IN
S2-008217	Orchi, dVertex Textiles Ltd	132 Summit Rd, Stonebridge Nagar, Jaipur, Kerala, 351233	India
S2-004758	Chemiclas Lanern	267 Bluepeak Road, RRavenwood Park, Lubbock, CA, 74168	US
S2-007646	Silverline Systemms LLtd	19/49 Summit Street Redwood Nagar Surat 781916	IN
S2-000714	Ravewnood Ltd	Stonebridge Nagar, Jaipur, MP, 359 Cobalt Cross	IN
S2-003764	Silverline Solutions Company	157 Quarry Road, Quarry Park, Opp. City Library, Austin, 63150	USA
S2-003069	Ironwood Chemicals Private Limited	178 Kestrel Marg Silverline Nagar Indore Rajasthan 650817	India
S2-001140	Lantren, Fabrics	Onyx Avenue, Goldleaf Park, Peoria	United States
S2-003370	Clearwater Stonebridge Services & Sons	259 Northgate Street Ironwood Park Fresno CA 54800	US
S2-004333	Brightpath Motors Company	7/57 Quarry Street Maplecrest Park Lubbock	US
S2-001938	Thistle Corrp	396 Northgate Dr Redwood Park Fresno OH 65027	USA
S2-008386	Meridian Fabrics Pvt Ltd	30 Vertex Street, Falcon Park, Austin, OH	India
S2-008753	Falcon Meridian Solutions Incorporaetd	319 Clearwater Cross, Opp. Bus Depot, Fresno, Kerala, 849399	India
S2-001199	QuarryT extiles	Meidian Avenue, Lubbock, OH	US
S2-008782	QuarryTextiles	186 Juniper Crs, Northgate Nagar, Coimbatore, Kerala, 926533	India
S2-005764	Ravenwod Logistics & Sons Corp	Harbor Park, Behind the Civic Center, Mobile, CA, 22774, 212 Sunstone Rd	United States
S2-004768	Bluepeak Inc	18 Onyx Avenue, Vertex Park, Fresno, TX	United States
S2-005774	Stonebridge, and Sons P Ltd	Cobalt St, Clearwater Nagar, Behind Ganesh Temple, Coimbatore ,Maharashtra	India
S2-002434	Cobalt, Foods and Sons Private Limited	390 Maplecrest Marg, Stonebridge Nagar, Opp. Bus Depot, Indore, 551549	IN
S2-002657	ThistleP ackaging and Sons Co	102 Cobalt Dr, Sunstone Park, Tacoma, 86460	USA
S2-002193	Lanteern Solutions	185 Ironwood Cross, Northgate Nagar Surat, Tamil Nadu, 966716	India
S2-001786	Falcon Cobbalt Chemicals Pvt Ltd	340 Clearwate rSt, Thistle Nagar, Nagpur, 872044, Tamil Nadu	India
S2-000379	Maplecrest Logistics Company	145 Quarry Dr,T histle Park, Lubbock, TX, 80276	USA
S2-003360	Harbor Onyx Textiles Inc	Behind the Civic Center Cobalt Rd Vertex Park Tacoma IL	US
S2-005434	Vertex Redwood Electricals Ltd	Onyx Main, Ironwood Nagar, Surat, Kerala	IN
S2-007005	Falcon Meridiaan Textiles Ltd	75 Redwood Marg, Stonebridge Nagar, Coimbatore, MP	India
S2-006177	Meridian Foods Incorporated	247 Onyx St, Ravenwood Park, Austin, CA	United States
S2-002798	Onyx, Industries & SSons Ltd	22 Lantern Street, Ravenwood Nagar, Nagpur, Tamil Nadu, 162152	IN
S2-001375	Summit Systems and Sons Limited	185 Sunstone Road, Goldleaf Nagar, Jaipur, Kerala	India
S2-002890	Faclo nConsultancy LLC	374 Summit Drive, Vertex Park, Fresno	US
S2-005337	Fabrics Falcon  Limited	227 Ironwood Mn, Silverline Nagar, Kochi, 582244	IN
S2-005133	Northagte Systems and Sons Co	26 Maplecrest Street Redwood Park Tacoma TX	United States
S2-003537	Juniper, Vertex Chemicals Limited Liability Comapny	116 Goldleaf Road, Mobile, OH	USA
S2-005424	Tihstle Solutions Limited Liability Company	292 Harbor Street, Silverline Park, Austin, 39594	United States
S2-007260	Orchid Motoors	186 Silverline Crs, Apex Nagar, Nagpur, Gujarat, 986722	India
S2-009131	Onyx & Sons	214 Vertex Rd Ravenwood Nagar Lubbock Kerala 150822	IN
S2-006900	Stonebridge Suntsone Pvt Ltd	250 Silverline Main, Orchid Nagar, Surat, Maharashtra, 350538	India
S2-004211	Ironwood Services Corporation	9/1 Apex Boulevard, Juniper Park, Tacoma, 13163	US
S2-006005	Ravenwood, Ironwood Logistics  P Ltd	139 Apex Street, Opp. Bus Depot, Meridian Nagar, Indore, Rajasthan,, 520339	India
S2-006351	Stonebridge Northgate Industries	270 Redwood Ave, Goldleaf Park, Tacoma	US
S2-004574	Apex Foods Limited Liability Company	Lantern Boulevard Kestrel Park Peoria AL 42826	US
S2-000184	Stonebridge Trading & oSns Limited	Kestrel Crs, Harbor Nagar, Pune	India
S2-008749	Juniper Limited LLiability Company	Opp. Bus Depot, Akron, 223 Bluepeak St	India
S2-002662	Qarry Apex and Sons Company	295 Brightpath Dr, Orchid Park, Tacoma, 44970	US
S2-008739	Goldleaf Foods Pvt Ltd	150 Redwood Crs, Ironwood Nagar, Jaipur, Maharashtra	IN
S2-008328	Industries Orchid Ravenwood Company	34 Falcon Blvd, Silverline Park, Mobile, AL	US
S2-000840	Services Goldleaf PrivateLimited	61 Sunstone Marg, Maplecrest Nagar, Nagpur, Gujarat	IN
S2-006856	Stonebridge Chemicals Corporation	113 Meridian Rd, Cobalt Park, Peoria, 27315	United States
S2-001358	Ironwood Harbor Packaging	89 Sunstone Ave, Tihstle Park, Fresno, 53684	USA
S2-002853	Juniper Silverline Trading Pvt Ltd	172 Bluepeak Crs, Meridian Nagar, Kochi, Kerala	IN
S2-007194	Kestrel Consultancy PvtL td	58 Northgate Ave, Orchid Park, Lubbock, TX, 57139	India
S2-000787	Summit Systems	18/62 Sunstone Street, Stonebridge Nagar, Pune, Kerala, 927580	IN
S2-000039	Cobalt Cobatl	250 Ravenwood Street, Summit Park, Austin, 68416	USA
S2-000001	Summit eTxtiles Incorprated	73 Onyx St, Tacoma	United States
S2-000155	Sunstone Moors & Sons Inc	107 Juniper Blvd, Falcon Park, Austin	USA
S2-005778	Textiles, Stonebridge Ltd	37/7 Northgate Mn, Orchid Nagar, Nagpur	India
S2-005989	Quarry Ironwood Solutions Ltd	Near Metro Pillar 42 Summit Road Pune 601033	IN
S2-000795	Systems Thisstle Onyx LLC	41 Goldlefa Road Near Exit 14 Lubbock 64613	United States
S2-004511	Vertex Packaging & Sons LLC	Opp. City Library 264 Lantern Street Cobalt Park Austin  OH 91790	US
S2-002492	Brightpath, Consultancy	Falcon Street Near Metro Pillar 42 Maplecrest Nagar Indore Tamil Nad u938518	IN
S2-005792	Systems, Juniper  Co	398 Clearwater Drive, Maplecrest Park, Lubbock, IL, 54842	USA
S2-002506	Northgate, Orchid Chemicals Limitde Liability Company	109 Maplecrest Blvd, Tacoma, 16929	United States
S2-002702	Kestrel  &Sons Limited	144 Harbor St, Northgate Nagar, Kochi, Maharashtra, 619976	India
S2-005142	Ironwood Motors	162 Northgate Street Austin	United States
S2-007029	Ocrhid	349 Harbor St, Summit Nagar, Kochi, Gujarat	IN
S2-001426	Brrightpath Industris Co	301 Cobalt Street, Near Exit 14, Bluepeak Park, Tacoma, OH, 79181	United States
S2-003329	Meridian Systems & Sons Ltd	336 Harbor Crs, Ravenwood Nagar, Nagpur	India
S2-004480	Thistle Tarding Corp	53 Clearwater Drive Northgate Park Tacoma CA 48138	US
S2-001247	Ravenwood Thistle Electricals Limited Liability Company	344 Clearwater Drive, Opp. City Library, Maplecrest Park, Fresno, TX	US
S2-006431	Summit Northgate Services Ltd	84 Bluepeak Rd, Kochi	India
S2-000968	Nrthgate Solutions Corp	227 Blueeak Dr, Quarry Park, Mobile, IL, 71192	US
S2-002611	Onyx Indutries Private Limited	Stonebbridge Marg, Maplecrest Nagar, Jaipur, 766220	India
S2-005871	Thisstle Sytsems Pvt Ltd	266 Onyx Street Onyx Nagar Jaipur Tamil Nadu	India
S2-003300	Meridian Chemicals and Sons Pvt Lttd	362 Clearwater Cross, 183053, Coimbatore	IN
S2-003585	Silverline Northgate Enterprises&  Sons P Ltd	299 Kestrel Road, Falcon Nagar, Behind Ganesh Temple, Nagpur, Maharashtra	India
S2-000485	Meridiaan Packaging PvtLtd	354 Meridian Street, Indore, Silverline Nagar	India
S2-008501	Vertex Consultancy Private Limited	28/6 Sunstone Dr, Falcon Park, Indore, 64360	United States
S2-007336	Harbor Falcon Systems	235 Kestrel Road Goldleaf Park Lubbock TX	India
S2-001155	Flcon Electricals Corporation	62 Thistle Blvd, Fresno, 38609	USA
S2-007096	Northgate Systems and SonsCorporation	235 Orchid Road Ironwood Park Peoria 36818	US
S2-003099	Brigghtpath Silverline Enterprises Corporation	131 Quarry Blvd, Clearwater Park, Tacoma, CA, 60504, Behind the Civic Center	US
S2-008413	Maplecrest & Sons LLC	10/58 Ravenwood Marg, Fresno, Keala	India
S2-004206	Stonebridge	196 Harbor Crs, Surat, Maharashtra, 631435	India
S2-007937	Falcon Foods Limited Liability Company	144 Summit Road, Lantern Park, Fresno, AL	United States
S2-002085	Ravenwood Logistics Private Limited	384 Sunstone Cross, Behind Ganesh Temple, Brightpath Nagar, Nagpur, MP	India
S2-006146	Cobalt Solutions & Sons Corp	29 Falcon Boulevard Quarry Park Austin 67395	USA
S2-002967	Falcon Company	200 Vertex Rd, Apex Park, Lubbock, 88246	USA
S2-006140	Summit Vertex Trading LLC	323 Ironwood Boulevard, Sunstone Park, Peoria, 36666	United States
S2-000207	Ironwood Summit Electrcals Corp	Behind the Civic Center, Mobile, 79893, 373 Onyx Boulevard	United States
S2-006134	Ravenwood, Juniper Industries Co	Kestrel Blvd Brightpath Park Austin 51168	US
S2-004897	Kestrel Consultancy Inc	313 Lantern Street, Northgate Park, Lubbock, CA	United States
S2-005278	Ravenwood Enterprises Incoprroated	168 Quarry Avenue Austin AL Orchid Park	United States
S2-007984	Clearwater, IndustriesLtd	14 Silverline Blvd Kochi TX 32486	US
S2-002307	Ironwood Industries Company	Thistle Drive, Brightpath Park, Lubbock	United States
S2-007846	Quarry Suntsone Trading & Sons	Ravenwood Ave, Ravenwood Park, Fresno	United States
S2-006403	Bluepeakk Motors	105 Harbor Road, Mobile, OH, 40383	US
S2-002542	Orchid Goldleaf and Sons P Ltd	308 Lantern Rd, Kestrel Nagar, Pune, MP	India
S2-002797	Onyx Industries tLd	22 Lantern St, Ravenwood Nagar, Nagpur, Tamil Nadu, 162152	IN
S2-002522	Goldleaaf Consultancy	396 Northgate Ave, Ravenwood Park, Austin	United States
S2-000188	Northgate Consultancy Corporation	93 Stonebridge Boulevard, Goldleaf Park, Peoria, 38917	United States
S2-001565	Apeex Limited	295 Thistle Marg Nagpur 178084	IN
S2-005490	Qurry Packaging Incorporated	69 Bluepeak Boulevard, Goldleaf Park, Austin, 13071	US
S2-005706	Vertex Farics P Ltd	7/68 Bluepeak Marg, Redwood Nagar, Pune, Kerala, 619548	IN
S2-001620	Sunstone Solutinos Corporation	129 Goldleaf Ave, Orchi Park, Mobile, 17457	United States
S2-008842	Junpier Services LLC	168 Harbor Rd, Orchid Nagar, Jaipur, TTamil Nadu, 833335	USA
S2-002709	Maplecrest Consultancy Incorporated	Juniper Park, Peoria, 38326, 179 Ravenwood Street	USA
S2-009226	Vertex Consultancy P Ltd	161 Sunstone Cross, Apex Nagar, Jaipur, Maharashtra, 351366	IN
S2-002143	Lantern Enterprises and Sons Limited	Behind Ganesh Temple 47 Redwood Cross Coimbatore Tamil Nadu	India
S2-006115	Lantern  Apex	92 Clearwater Ave, Silverline Park, Mobile, CA, 19283	USA
S2-005635	Bulepeak Corp	24/18 Summit St, Juniper Park, Austin	United States
S2-008275	Apex, Brightpath Trading	93 Orchid Drive, Summit Park, Austin, 94929	US
S2-003836	Sunstonne Services Company	Lantern St Falcon Park Akron	USA
S2-000899	Mapecrest Solutions & Sons Pvt Ltd	1552 Brightpath Marg, Indore	IN
S2-003062	Thistel Systems Co	Goldleaf Park, Austin, CA, 205 Ironwood Road	United States
S2-004015	Thistle Private Limietd	Juniper Road, Harbor Nagar, ndore, Rajasthan	IN
S2-001132	Sunstone Orchid Packaging Private Limited	386 Bluepeak Marg, Pune	India
S2-005463	Onx Apex Fabrics Co	271 Falcon Ave Maplecrest Park Austin OH 4171	United States
S2-007116	Falcon Systems Co	Brightpath Ave, Vertex Park, Austin	United States
S2-002018	Kestrrel Chemicals Corp	193 Cobalt Drive, Ravenwood Park, Austin, IL, 33961	United States
S2-002599	Merridian Motors P Ltd	100 Maplecrest Cross, Near SBI ATM, Northgate Nagar, Coimbatore, Tamil Nau, 864099	IN
S2-003884	Northgate Enterprises  LLC	197 Kestrel Dr, Akron, WA, Summit Park	United States
S2-003729	Kestrel Services Ltd	Harbor St Maplecrest Nagar Indore Kerala	India
S2-009112	Apex Chemicals Private imited	Ironwood Avenue, Falcon Park, Opp. City Library, Kochi, OH, 68183	USA
S2-003993	Ravenwood, Company	148 Harbor Ave Opp. City Library Thistle Park Austin 80395	USA
S2-006992	Textiles Goldleaf Ltd	228 Redwood Rd, Cobalt Nagar, Pune, MP	IN
S2-003901	Redwood Packagig Ltd	61 Sunstone Rd, Falcon Nagar, Nagpur, Maharashtra, 733279	India
S2-007385	Stoneridge Solutions & Sons Private Limited	137 Brightpath Road Stonebridge Nagar Kochi Maharashtra 549546	India
S2-002579	Summit Limited Liability Company	Near Exit 14 22/66 Summit Ave Lubbock CA	USA
S2-001960	Bluepeak, Services Incorporaated	390 Orchid Dr, Maplecrest Park, Austin, WA, 93913	US
S2-000545	Juniper	306 Northgate Main, Thistle Nagar, Surat, Kerala, 611415	India
S2-007538	Consultancy Maplecrest Pvt Ltd	78 Kestrel Blvd, Tacoma	IN
S2-001614	Harbor Logistics Cop	328 Summit Road Northgate Park Lubbock WA 33476	USA
S2-007399	Northgate aPckaging Inc	67 Ravenwood St,L ubbock, 29853	USA
S2-006930	Lantern Maplecrest Enterprises Private Limmited	142 Summit Mn, Apex Nagar, Nagpur	India
S2-006486	Vertex Textiles Private Limited	35 Harbor Crs, Summit Nagar, Indore, MP, 151433	IN
S2-001076	Goldleaf Electricals and Sons Private Liimited	Behind Ganesh Temple, Orchid Road, Coimbatore, Kerala, 980472	India
S2-001193	Lantern Servces Co	224 Stonebridge Street, Stonebridge Park, Peoria	USA
S2-008074	Cobalt Industies Bluepeak	252 Snustone Main, Behind Ganesh Temple, Juniper Nagar, Pune, 959047	India
S2-006916	Maplecrest Corporation	47 Quarry Road, Maplecrest Park, Austin, 69236	USA
S2-000821	Thistle Enteprrises	169 Thistle Street Clearwater Park Mobile TX	US
S2-007915	Falcon Brightpath Textiles Incorported	260 AApex Blvd, Mobile, CA, 37218	USA
S2-007283	Redwood Textiles Corp	217 Lantern Rd Austin Kerala 488046	IN
S2-006968	Orchiid Foods	145H arbor Rd, Akron, 411391	IN
S2-008797	Harbo rSunstone Foods	145 Quarry Dr, Lubbock, TX	IN
S2-000874	Cobalt Motors Incorporated	178 Redwood Dr, Opp. City Library, Quarry Park, Lubbock, AL	United States
S2-008586	Onyx, Ssytems Corporation	362 Harbor Rd, Silverline Park, Fresno, WA	USA
S2-008317	Textiles Stonebridge Mapllecrest LLC	Ironwood Road, Brightpath Park, Tacooma, AL, 88261	USA
S2-001745	Northgate Logistics P Ltd	70 Ravenwood Rd Brightpath Nagar Jaipur Tamil Nadu	India
S2-008404	Sunstone Ksetrel Foods Ltd	109 Lantern Street, Ironwood Park, Austin, CA, 40086	India
S2-000291	Verttex Motors LLLC	53 Lantern Rd Near Exit 14 Akron OH 40157	United States
S2-002207	Northgate Chemicals Harbo Private Limited	235 Sunstone Cross Falcon Nagar Surat 956678	India
S2-003443	Vertex Kestrel Packaging Ltd	Opp. Bus Depot, 135 Silverline St, Indore, Kerala, 731625	IN
S2-009322	Kestrel Vertex Foods & Sons P Ltd	366 Ravenwood St, Onyx NNagar, Nagpur, 944347	IN
S2-005053	Clearwater Bluepeak Private Limited	294 Onyx Marg, Surat, 750997	India
S2-009166	Harbor, Logistics Limitted	388 Lantern Mn, Cobalt Nagar, Kochi, Tamil Nadu, 148380	IN
S2-000120	Meridian Maplecrest Solutiosn	39 Apex Marg Stonebridge Nagar Behind Ganesh Temple Jaipur 338142	IN
S2-001257	Silerline & Sons Co	76 Apex Drive, Juniper Park, Akron, 43795	USA
S2-000321	Quarry Goldleaf Solutions Pvt Ltd	90 Ravenwood Rd, Ravenwood Nagar, Kochi, Tamil Nadu, 563173	IN
S2-005796	Orchid Motors and Sons P Ltd	200 Ironwood Road Silverline Nagar Nagpur	India
S2-003708	Ravenwood Consultancy Limited Liability Company	349 Ravenwood Boulevard, Maplecrest Park, Near Exit 14, Peoria, 63008	USA
S2-000396	Stonebridge Corp	229 Irnowood Drive, Tacoma, WA, 65184	USA
S2-000867	Sunstone Electricals and Sons Ltd	Orchid Mn, Ravenwood Nagar, Nagpur	IN
S2-008060	Aex Enterprises LLC	284 Harbor Mn, Cobalt Nagar, Pune, Rajasthan, 310029	US
S2-008182	Falcon Brightpath Solutions Co	351 Juniper Road, Maplecrest Park, Fresno, CA	USA
S2-001541	Silverline Pacckaging Limited	2955 Redwood Cross, Sunstone Nagar, Surat	IN
S2-002756	Quarr Irnwood Limited	111 Bluepeak Marg, Kestrel Nagar, Jaipur	IN
S2-001359	Ironwood Harbor Pckaging Inc	89 Sunstone Ave, Thistle Park, Fresno, WA, 53684	USA
S2-002667	Redwood, Logisics P Ltd	Opp. Bus Depot, 103 Bluepeak Main, Stonebridge Nagar, Surat, 387182	IN
S2-003821	Thistle Copaany	Redwood Ave, Northgate Park, CA, 16096, Akron	US
S2-008484	Goldleaf, Ravenwood Consultancy Privaet Limited	231 Goldleaf Main, Cobalt Nagar, Japiur, 256467	IN
S2-008134	Apex Bluepeak Inc	250 Thistle Street, Austin	USA
S2-002299	Sunstone Serviices	250 Kestrel Street, Juniper Nagar, Indore, Tamil Nadu	IN
S2-006694	Redwood Ironwood Serivces	Ironwood Boulevard Ironwood Park Fresno OH 348666	USA
S2-009186	Services Ravenwood and Sons Limited Liabilit Company	261 Stonebridge Rd Fresno AL 68542	United States
S2-000925	Faabrics Incorporated	114 Ironwood Rd, Akron, OH, 67670, Orchid Park	US
S2-008879	Summit Kestrel Electricals P Ltd	223 Summit Cross, Sunstone Nagar, Nagpur, 440967	IN
S2-007443	Orchid Traing and Sons Pvt Ltd	Kestrel Mn, Lantern Nagar, Indore	IN
S2-000999	Brighhtpath Electricals	140 Ironwood Drive, Goldleaf Park, Akron, AL, 84443	US
S2-006558	Goldleaf Solutions Incorporated	273 Vertex Blvd, Mobile, WA, 57743	US
S2-007949	Falcon Ravenwood Solutions Ltd	Thistle Nagar, Jaipur, 782856, 91 Cobalt St	India
S2-001263	Thistle Trading and Sons Corportion	390 Stonebridge St, Orchid Park, Akron, IL, 83232	USA
S2-009055	Cobalt,  Inc	76 Northgate Rd Clearwater Park Peoria 65918	United States
S2-001028	Thistle Motors	52 Goldleaf Boulevard, Fresno, TX, 20572	USA
S2-004300	Clearwaetr	140 Lantern Rd, Irownood Nagar, Kochi, Maharashtra, 859772	IN
S2-001180	Onyx Consultancy Privatee Limited	51 Northgate Main, Coimbatore, 5262235	IN
S2-008394	Kstrel	Thistle Rd, Brightpath Nagar, Kochi	IN
S2-008020	Cobalt Motors Incorporated	162 Northgate Avenue, Near Exit 14, Goldleaf Park, Fresno, 77687	US
S2-008635	Brightath Trading Pvt Ltd	265 Quarry Crs, Vertex Nagar, Jaipur, MP, 538414	India
S2-008183	Apex Induustries Corp	Kestrel Nagar, Tacoma, 237 Onyx Crs	IN
S2-006690	Quarry, Falcon Motors and Sons Corporation	295 Summit Street, Fresno	US
S2-005726	Thistle & Sons Corp	230 Silverline Street, Northgate Park, Peoria, WA, 46332	USA
S2-001638	Vertex Farics Inc	120 Clearwater Street, Austin, CA, 43962	US
S2-003916	Onyx Limited	159 Meridian Street, Bluepeak Nagar, Pune, Maharashtra	India
S2-002142	Harbor, aand Sons Pvt Ltd	20/20 Onyx Rd, Summit Nagar, aNgpur, Tamil Nadu	India
S2-007627	Maplecrest oCnsultancy Co	125 Maplecrest Street, Fresno, TX	USA
S2-000593	Stonebridge Company	Behind the Civic Center, 62 Bluepeak oBulevard, Mobile, 60441	US
S2-001933	Ravenwood Industries Icnorporated	Stonebridge Park, Mobile, CA, 64278, 201 Brightpath Dr	USA
S2-003314	Fods Onyx Pvt  Ltd	2/50 Ironwood Mn, Stonebridge Nagar, Kochi, 440845	India
S2-000600	Orchid Packaging Inc	39 Juniper Road, Fresno, WA	United States
S2-005484	StonebridgeCo	116 Maplecrest Avenue, Stonebridge Park, IL, 75492, Akron	United States
S2-004003	Kestrel Enterprises & Sons Private Limited	243 Thistle Mn, Lantern Nagar, Pune, Maharashtra	India
S2-003820	Ironwod Motors Co	231 Apex Street, Kestrel Park, Behind the Civic Center, Mobile, IL, 29621	US
S2-001215	Clearwater Electricals P Ltd	16 Onyx Rd, Kochi	India
S2-008075	Foods Summit	219 Redwood Road, Peoria, Tamil Nadu, 757363	IN
S2-006229	Brightpath Trading Corporation	103 Apex St, Fresno	United States
S2-001192	Lantern Servicces and Sons Co	48 Summit Rd Near Exit 14 Peoria WA	United States
S2-006529	Summit Apex Chemicals nd Sons Co	Behind the Civic Center 302 Quarry Rd Brightpath Park Lubbock TX 92238	US
S2-003151	Apex Fabrics Redwood Corporation	368 Ravenwood Drive, Summit Park, Fresno, IL, 96262	United States
S2-009254	Stonebridge Thistle Packaging Pvt Ltd	100 Orchid Cross, Northgate Nagar, Surat, Maharashtra	IN
S2-005141	Apex Corporation	136 Northgate Drive, Stonebridge Park, Lubbock, 99127	US
S2-005187	Meridian Cobalt Electricals & Sons Limited	398 Juniper Rd, Indore	India
S2-002734	Harbor Conusltancy LLC	342 Ravenwood Drive, Silverline Park, IL, Lubbock	USA
S2-001096	Goldleaf Pvt Ltd	30/84 Redwood St Clearwater Nagar Jaipur Maharashtra 216796	IN
S2-004475	Harrbor Consultancy Sunstone Ltd	373 Summit Rd, Falcon Nagar, Indore, Tamil Nadu	IN
S2-001632	Vertex Limited Laibility Company	247 Vertex Boulevard, oNrthgate Park, Fresno, AL, 70908	US
S2-006963	Redwood Lanternn olutions	303 Brightpath Ave, Juniper Park, OH, 16871, Fresno	US
S2-002460	Kesrtel, Bluepeak Fabrics	Near SBI ATM, 22 Clearwater Road, Onyx Nagar, Jaipur	IN
S2-005348	Orchid Motors PPrivate Limited	10 Vertex Street, Behind Ganesh Temple, Coimbatore, Kerala	India
S2-002290	Juniper Foods LLC	225 Juniper Boulevard, Near Exit 14, Harbor Park, Austin, 27799	US
S2-008475	Maplecest Packaging Limited	4/22 Clearwater Mn, Cobalt Nagar, Near SBI ATM, Coimbatore, Maharashtra	India
S2-008933	Vertex Services Private Limited	253 Ravenwood Drive, Lantern Park, Pune, WA, 85976	US
S2-007286	Sumit Enterprises LLC	Goldleaf Marg, Orchid Nagar, Jaipur, Tamil Nadu	United States
S2-001445	Silverlne Ravenwood Electricals Corporation	131 Thistle Ave, Ironwood Park, Austin, 38380	United States
S2-006096	Northgate Solutions BluepeakLtd	392 Clearwater Mn, Pune, Gujarat, 734454	IN
S2-000943	Clearwater Trading PvtLtd	Kestrel Marg, Lantern Nagar, Pune, MP	India
S2-008857	Clearwter Packaging	71 Falcon Road, Falcon Nagar, Mobile, MP	IN
S2-004878	Packaging Kestrel Corp	96 Northgate Dr, Thistle Park, Austin, CA, 90942	United States
S2-006129	Summit Incoporated	139 Northgate Blvd, Meridian Prak, Lubbock, 31440	US
S2-006343	Ironwood Silverline Systems P Ltd	335 Orchid Marg Nagpur MP 692338	IN
S2-006084	Onyx, Fabrics Co	158 Silverline Rd, Tacoma, TX, 77830	US
S2-008608	Goldle afMotors	250 Harbor Road, Meridian Nagar, Coimbatore	IN
S2-001266	Harbor & Son sLLC	48 Vertex Road Kestrel Park Austin IL 94203	US
S2-005922	Bluepeak Juinper Logistics	162 Quarry Dr, Clearwater Park, Lubbock, WA, 57922	US
S2-002860	SunstoneC hemicals P Ltd	199 Ironwood Marg, Stonebridge Nagar, Jaipur, Rajasthan, 427970	India
S2-003015	Redwood Textiles LLC	282 Quarry Avenue Falcon Park Peoria 10516	US
S2-008213	Quarry Logistics Company	254 Ravenwood Boulevard, Behind the Civic Center, Cobalt Park, Tacoma, 27241	USA
S2-008418	Clearwaetr Loistics Corporation	110 Kestrel Ave, Silverline Park, Akron, WA, 31176	US
S2-007625	Cobalt and Sons Corp	33/42 Silverline St, Opp. City Library, Tacoma, AL, 30477	United States
S2-002609	Falcon Consultancy	207 Goldleaf Drive, Falcon Park, Akron, CA, 46903	USA
S2-006428	Silverline Chemicals Inc	299 Bluepeak Road, Fresno, 53862	United States
S2-008995	Quarry Chemicals Ld	57 Orchid Mn Onyx Nagar Jaipur Kerala 578986	IN
S2-000952	Redwood Bluepeak Solutions Limited Liability Company	164 Quarry Road, Quarry Park, Mobile, WA, 47952	USA
S2-002186	Onyx Foods LLC	32/61 Goldleaf Avenue, Ironwood Park, Behind the Civic Center, Austin, OH	USA
S2-003848	Quarry Fabricss Limited	Opp. Bus Depot 76 Onyx Crs Summit Nagar Coimbatore 665095	India
S2-000443	Goldleaf Electricals	Near Exit 14, 4 Clearwater St, Fresno, IL, 85282	USA
S2-004356	Meridian Logistics Pvt Ltd	Near BSI ATM, 225 Northgate Marg, Ironwood Nagar, Indore, Gujarat	IN
S2-003050	Summit Vertex Motors Private Limited	42 Northgate Street, Goldleaf Nagar, Pune, 429879	IN
S2-003607	Brightpat hGoldleaf Services Limited	339 Meridian Road, Summit Nagar, Indore, Maharashtra, 671501	India
S2-002704	Thistle Systems and Sons	222 Clearwater St Peoria 28058 Quarry Park	United States
S2-003636	Meriddian, Fabrics Corp	227 Thistle Dr Meridian Park Peoria	United States
S2-006543	Solutions Vertx	Redwood Avenue, Cobalt Park, Austin	US
S2-003722	Brightpath Conultancy	210 Goldleaf Avenue, Austin, CA, 94833	USA
S2-001423	Silverline Electricals Lttd	2 Sunstone St, Kochi, Gujarta, 867171	IN
S2-004762	Electricals Juniper Cobalt PvtL td	185 Northgate Marg, Cobalt Nagar, Kochi, MP, 254123	IN
S2-008788	Godlleaf, Solutions Pvt Ltd	230 Harbor Crs, Vertex Nagar, Pune	IN
S2-004264	Harbor Solutions Company	Meridia Drive Austin IL 85591	USA
S2-007008	Harbor Systems & Sons Limited Liability Company	259 Clearwater Dr Harbor Park Peoria AL	United States
S2-003436	Orchid Services Corporation	22 Stonebridge Avenue, Tacoma, TX, 34367	United States
S2-003650	Cobalt Indsutries Ltd	386 Falcon Street, Vertex Nagar, 687277, Kochi	India
S2-002682	Onyx Motors and Sons Corp	371 Apex Street Fresno TX	USA
S2-005065	Harbor Textiles Private Liimted	386 Maplecrest Mn Indore Rajasthan 830500	India
S2-000493	Juniper Bluepea Services Corp	322 Clearwater Avenue, Clearwater Park, Mobile, OH	United States
S2-005056	Orchid Industries Ltd	130 Ravenwood St, Nagpur, MP	IN
S2-008091	Meridian Packaging P LLtd	294 Quarry St, Sunstone Nagar, Jaipur, Tamil Nadu, 280504	India
S2-006125	Juniper, Electricals	156 Thistle Drive, Harbor Park, Lubbock, 22743	US
S2-004534	Apex Silverline Services Corp	280 Bluepak Avenue, Quarry Park, Tacoma, TX	USA
S2-007054	Industries, Maplecrest Incorporated	270 Harbor Cross Quarry Nagar Akron Gujaratt 626299	India
S2-001561	Apx Electricals Co	252 Orchid Avenue, Cobalt Park, Lubbock	United States
S2-007572	Onyx Traing P Ltd	247 Quarry Ave, Juniper Park, Akron	IN
S2-007318	Summit Enterprises Limited Liability Company	296 Goldleaf Crs Falcon Nagar Peoria MP 618768	IN
S2-006398	Logistics Onyx and Sons Incorporated	299 Juniper Ave, Orchid Park,, Mobile, 26855	US
S2-007166	Silverline Kestrel Indutries Private Limited	21/73 Ravenwood Mar,g Orchid Nagar, Pune, Kerala	India
S2-006410	Quarry Lantern Fabic sCo	80 Thistle Road, Juniper Park, Mobile, 45780	US
S2-008748	Northgate Systems Corporation	369 Orchid Cross, Opp. Bus Depot, Jaipur, 734892	USA
S2-008165	Bluepeak, Quarry Industries Inc	176 Clearwater Dr, Falcon Park, Austin, AL	USA
S2-004010	Ironwood Kestrel Prrivvate Limited	90 Orchid Road, Meridian Nagar, Pune, Maharashtra	India
S2-001182	SunstoneFoods Ltd	232 Clearwater St, Silverline Nagar, Nagpr, MP, 991824	India
S2-001799	Thislte Co	169 Orchid Road, Silverline Park, Fresno	USA
S2-006507	Quarry Tetxiles	225 Goldleaf Road, Kestrel Park, Austin	US
S2-006845	Kestrel  Solutionns Corp	6/36 aLntern Road, Clearwater Park, Akron, CA	United States
S2-007690	Quaryr tLd	222 Ravenwood Marg Quarry Nagar Pune Kerala	IN
S2-004132	Sunstotne Silverline Textiles and Sons Co	132 Lantern Dr Mobile AL 78370	USA
S2-002762	Northgate Trading Pvt Ltd	116 Ravenwood St, Falcon Nagar, Pune, Tamil Nadu, 437958	IN
S2-006913	Maplecrst Ltd	386 Maplecrest Cross, Vertex Nagar, Indore, Maharashtra	India
S2-008076	Clearwater, Ltd	106 Stonebridge Avenue, Brightpath Park, Opp. City Library, Peoria, WA, 36814	India
S2-000348	Cobalt Solutins P Ltd	6/61 Harbor Mn, Kestrel Nagar, Jaipur, MP, 136798	India
S2-003974	Vertex Private Limited	95 Silverline Road, Maplecrest Nagar, Indore, 573212	IN
S2-005332	Apex, Chemcials Inc	270 Vertex Avenue, Maplecrest Park, Akron, OH	US
S2-007875	Quarry Northgate Enteprrises Company	303 Northgate Rd, Northgate Park, Fresno, 28006	USA
S2-000420	Kestrel Trading Private Limited	Kochi, 171 Sunstone Crs	India
S2-005720	Packaging Sunstoone	172 Juniper Mn, Jaipur, 299890	India
S2-007489	Silveerline Incorporated	108 Sunstone Road, Maplecrest Nagar, Peoria, Tamil Nadu, 213755	India
S2-003195	Maplecrest aHrbor Servces Private Limited	177 Cobalt Mn, Meridian Nagar, Indore	IN
S2-004342	Summit Meridian Textiles Incorporated	Northgate Ave, Clearwater Park, Behind the Civic Center, Peoria, CA	US
S2-001698	Lantern Solution sCompany	Opp. City Librayr 198 Clearwater Dr Clearwater Park Austin IL	US
S2-001732	Stonebridge Industries & Sons Corporation	396 Summit Boulevard, Lubbock, WA, 57197	US
S2-007712	Ravenwood Sunstone Consultancy & Sons Limited Liability Company	37/67 Sunstone Rd, Akron, 96406	USA
S2-004357	Meridian Chemicals Inc	Fresno, 14/52 Juniper Rd	United States
S2-004818	Orchid Cobalt Systems Inc	Orchid St, Peoria, CA, 83863	USA
S2-008925	Ravenwood Servicse Company	Quarry Park, Akron, OH, 41477, 3 Thistle Boulevard	US
S2-004984	Northgate Txtiles	Ravenwood Street, Mobile, WA, 27582	United States
S2-000218	Northgate Packaging Inc	318 Goldleaf St, Apex Park, Akron	United States
S2-005429	Harbor & Son sCo	165 Maplecrest Avenue, Opp. City Library, Austin, OH, 38833	United States
S2-006629	Redwood, Chemicals Corp	23/72 Juniper Avenue, Sillverline Park, Peoria, CA, 27115	USA
S2-006681	Redwood Consultancy Corp	184 Clearwater Street, Bluepeak Park, Fresno, IL, 35521	United States
S2-008770	Jniper	226 Ravenwood Mn, Brightpath Nagar, Surat, 891402	India
S2-000316	Bluepeak Limited	262 Maplecrest Crs, Apex Nagar, Surat, Maharashtra, 392346	India
S2-007781	Redwood Ochid Logistics	347 Clearwater Boulevard, Fresno, IL	United States
S2-000038	Orchdi, Private Limited	221 Brightpath Main, Falcon Nagar, Coimbatore, 856839	India
S2-006607	Silverline Trading Pvt Ltd	21 Bluepeak Road, Harbor Nagar, Surat, Gujarat, 665689	IN
S2-002404	Vertex Electricals & Sons Innc	345 Silverline Drive, Quarry Park, Tacoma, IL, 28466	USA
S2-002697	Redwood Packaging Co	23 Reddwood Avenue 71196 Akron	US
S2-002070	Bluepeak Fabric Corporation	Near Exit 14, 329 Goldleaf Avenue, Silverline Park, Lubbock, TX, 84549	US
S2-000366	Ravenwood Chemicals Inc	130 Orchid Dr, Northgate Park, Mobile, TX, 28742	USA
S2-006292	Orchid Textiles Corporation	335 Apex Boulevard, Thistle Park, TX, 48220, Akron	USA
S2-006106	Industries Summit Corporation	164 Lantern Dr, Summit Park, Mobile	USA
S2-000473	Thislte	Near Metro Pillar 42, Kochi, 807546, 184 Redwood Road	India
S2-006297	Logistics Stonebridge Corportaion	Juniper Boulevard Clearwater Park Fresno WA 53106	United States
S2-005083	Goldleaf Fabrics Cop	285 Cobalt Ave, Opp. City Library, Stonebridge Park, Fresno, CA, 78755	USA
S2-003543	Thistle Systems Prrivate Limited	84 Thistle Street Indore Rajasthan	IN
S2-007912	Consultanccy P Ltd	172 Bluepeak Marg, Apex Nagar, Surat	IN
S2-000506	Clearwater Vertex Consultancy	387 Ravenwood Rd Vertex Park Tacoma WA 72051	USA
S2-002991	Clearwter Summit Corporation	385 Kestrel St, Austin, 59574	US
S2-000121	Meridian, Maplecrest Solution Pvt Ltd	39 Apex Marg, Stonebridge Nagar, Jaipur, Tamil Nadu, 338142	IN
S2-005472	Juniper Systems Pvt Lttd	138 Thistle Marg, Opp. Bus Depot, Lantern Nagar, Indore, Maharashtra, 850697	India
S2-000634	Fabrics P Ltd	Brightpath Crs, Vertex Nagar, Nagpur, 238135	IN
S2-005934	Kestrel Cheemicals Co	162 Summit Avenue, Summit Park, Lubbock	USA
S2-004656	IronwoodL td	232 Sunstone St, Northgate Nagar, Pune, 809928, MP	IN
S2-006567	Falcon Packaging Pritae Limited	289 BluepeakS treet, Summit Nagar, Indore, 291105	IN
S2-004621	Stonebridge Consultancy & Sons LLC	4/38 Redwood Drive, Onyx Park, Tacoma, WA, 43381	US
S2-003600	Apex Industires Private Limited	388 Quarry Cross, Kestrel Nagar, Nagpur, Kerala, 935741	IN
S2-004349	Northgate Systems	11 Goldleaf St, Goldleaf Park, Mobile, CA, 70758	United States
S2-000392	Onyx rTading	317 Goldleaf Rd, Kochi, Kerala, 351590	IN
S2-004379	Ochid Inc	251 Juniper Road, Near Exit 14, Onyx Park, Akron, WA, 23387	United States
S2-000487	Falcon Thistle Fabric s& Sons Co	30/19 Ravenwood Boulevard, Cobalt Park, Akron, CA	United States
S2-004993	Sunstone Corpooration	25/8 Ravenwood Dr, Vertex Park, Peoria, WA, 71624	US
S2-000960	Kestrel Textiles Pvt Ltd	119 Onyx Cross, Ironwood Nagar, Nagpur, MP, 751923	India
S2-007289	Summmit, Corrporation	328 Quarry Main, Akron, MP, 721825	IN
S2-007899	Juniper, Motors Limited	207 Falcon St, Silverline Nagar, Jaipur, 794820	India
S2-005734	Orchid Enterrprise LLC	63 Northgate Drive, Mobile, WA	United States
S2-001068	Vertex Meridian Liited	11/82 Sunstone Marg Jaipur 238613	IN
S2-002674	Electricals, Juniper P Ltd	50 Clearwater Marg Stonebridge Nagar Pune 976299	IN
S2-005349	Maplecrest, P  Ltd	368 Kestrel Mn, Summit Nagar, Coimbatore, Maharashtra, 743640	IN
S2-007303	Redwood Limited Liability Company	65 Orchiid Ave, Quarry Park, Fresno, 12378	USA
S2-000507	Vetex Textiles Corporation	Opp. City Library 179 Cobalt Blvd Lubbock CA	USA
S2-004250	Meridian Packaging Ltd	Brightpath Mn, Nagpur, Orchid Nagar	India
S2-008500	Harbor Teextiles Limited	304 Redwood Cross, Brightpath Naagr, Surat, 531698	IN
S2-003933	Brightpath Chemicals & Sons Co	204 Onyx Ave, Mobile	USA
S2-008260	Cobalt Orchid Electrricals Corp	28/48 Quarry Crs, Sunstone Nagar, Kochi, Kerala, 331227	USA
S2-003595	Orchid Ironwood Pvt Ltd	Brightpath Street Quarry Nagar Kochi Maharashtra 993350	India
S2-001844	Stonebridge Electricals and Sons Private Limited	56 Bluepeak Mn, Meridian Nagar, Surat, Gujarat, 383275	IN
S2-004074	Textilse adn Sons	31/25 Goldleaf Street resno WA	USA
S2-003150	Harbo rServices P Ltd	19 FalconMarg, Goldleaf Nagar, Surat, MP, 822094	India
S2-002168	Juniper Electricals Co	205 Quarry Rd Redwood Park Lubbock TX 28737	US
S2-004787	Solutions BrightpathC ompany	356 Ironwood Avenue, Fresno, TX	US
S2-007254	Notrhgate	Meridian Rd, Falcon Nagar, Kochi, 805041	India
S2-002768	Ironwood, Textiles	392 Juniper Marg, Surat	India
S2-001511	Redwood, Vertex Industries LLC	387 Meridian Boulevard, Fresno, WA, 64872	US
S2-007472	Summit, Motors	258 Kestrel Avenue, Bluepeak Park, Austin, 81696, IL	United States
S2-005403	Maplecrest Kestrel Industries & Sons	12/71 Stonebridge Road, Apex Nagar, Jaipur, Maharashtra, 591487	IN
S2-000330	Ravenwood Inc	Maplecrest Ave, Ravenwood Park, 23223, Lubbock	USA
S2-003501	Onyx Chemicals & Sons Ltd	Near SBI ATM, 26/53 Harbor Main, Surat, 174026	India
S2-006226	Kestrel, Solutions Private Limited	229 Vertex Road Ironwood Nagar Surat	IN
S2-001137	Services, Kestrel and Sons Corporation	319 Ravenwood Ave, Lubbock	US
S2-005505	Quarry Motos	97 Ravenwood Mn, Brightpath Nagar, Jaipur, Gujarat, 471424	India
S2-005597	Ironwood Consultancy Private Limited	295 Ravenwood Street, Summit Nagar, Coimbatore, Rajasthan, 967943	India
S2-002917	Lantern P Ltd	227 Brightpath Marg, Harbor Nagar, Surat, Tamil Nadu, 542265	India
S2-006559	Stonebridge Electricals ncorporated	354 Onyx Avenue, Fresno	US
S2-000849	Ocrhid Packaging P Ld	322 Juniper Rdd Brightpath Nagar Kochi Maharashtra 154444	India
S2-008567	Goldleaf  Quarry Enterprisses & Sons	Behind the Civic Center, 358 Meridian Dr, Tacoma, 74120, OH	US
S2-005974	Cobalt Foods Privaate Limited	26 Goldleaf Marg, Indore, Maharashtra, 603457	IN
S2-003925	Cobaltt Textiles	Near SBI ATM 307 Redwood Street Falcon Nagar Surat Gujarat	India
S2-005779	Systems rPivate Limited	76 Lantern St, Near Metro Pillar 42, Harbor Nagar, Indore, 164913	IN
S2-006038	Vertex Silverline Electricals Private Limited	23/86 Summit Cross, Near Metro Pillar 42, Pune, 637772	India
S2-002645	Onyx & Sos	207 Silverline Cross, Silverline Nagar, Nagpur, 795943	IN
S2-008716	Lantern Services Limited Liability Company	255 Quarry Main, Apex Nagar, Jaipur, MP, 354938	US
S2-006042	Maplecrest Chemicals Private Limited	367 Summit Rd, Apex Nagar, Opp. Bus Depot, Coimbatore, Tamil Nadu, 778036	India
S2-003949	SolutionsNorthgate Bluepeak Pvt Ltd	135 Sunstone Street, Northgate Nagar, Coimbatore	India
S2-007300	SilverlineE lectricals	322 Goldleaf Crs Harbor Nagar Nagpur	United States
S2-003919	Quarrry Redwood Textiles Pvt Ltd	57 Juniper Marg, Ciombatore, Tamil Nadu	IN
S2-008542	Bluepeak eSrvices Incorporated	378 Thistle Boulevard, Thistle Park, Austin, OH	US
S2-000556	Meridian, Onyx Servvices Corporation	Ironwood Rd Brightpath Park Lubbock IL 56203	US
S2-008284	Meridian Private Limited	121 Onyx Marg Orchid Nagar Surat 898633	IN
S2-001045	Ironwood Motors Private Limited	10/2 Maplecrest Marg, Ironwood Nagar, Coimbatore, Maharashtra, 214592	IN
S2-001372	ServicesThistle Private Limited	300 Harbor Main, Indore, 910782	IN
S2-008622	MaplecrestSummit, Consultanccy Incorporated	248 Falcon Dr, Onyx Park, Austin, AL, 81369	US
S2-004088	Thistle Chemicals Corporation	238 Brightpath Rd Northgate Park Akron 73829	US
S2-003287	Thisstle	199 Redwood Rd, Orchid Nagarr, Kochi, MP, 123954	IN
S2-008473	Falcon  Chemicals P Ltd	26 Ironwood Boulevard, Behind the Civic Center, Brightpath Park, Pune, OH, 93278	USA
S2-007216	Bluepeak Electricals Private Limited	302 Brightpath Mn, Sunstone Nagar, Nagpur, Rajasthan	IN
S2-000570	Clearwater Services and Sons Private Limited	36 Redwood Mn, Onyx Nagar, Nagpur, 966688	IN
S2-000661	Falon	Opp. City Library, 10 Silverline Dr, Mobile, 59747	USA
S2-004280	Silverline Meridian Consultancy and Sons Private Limited	65 Sunstone Main, Bluepeak Nagar, Nagpur, 624600	IN
S2-008724	Summit Fabrics Incorporated	21 Ironwood Drive, Mobile	US
S2-001204	Goldleaf Foods LLC	311 Quarry Boulevard, Apex Park, Peoria, AL, 64945	US
S2-000757	Goldleaf Ltd	146 Juniper Street, Meridian Nagar, Pune, 819624	IN
S2-001901	Vertex Electricals &S ons P Ltd	Behind Ganesh Temple, 341 Sunstone Marg, Indore	IN
S2-006640	Orchid, Packaging Pvt Ltd	284 Harbor Main, Pune, Rajasthan	India
S2-008385	Lantern Enterprises Ltd	5 Silverline Rd, Lantern Nagar, Pune, MP, 508057	IN
S2-003882	Sunstone Consultancy P Lttd	245 Goldleaf Crs, Stonebridge Nagar, Jaipur, Gujarat, 589611	India
S2-000894	Cobalt & Sons Pvt  Ltd	35 Ravenwood St Pune Kerala 751866	India
S2-008402	Harbor Soltuions Private Limited	369 Lantern Rd, Behind Ganesh Temple, Bluepeak Nagar, Surat, 182335	India
S2-006577	Maplecrest Onyx Systems Limited	387 Lantern Road, Sunstone Nagar, Indore, Rajasthan, 668348	IN
S2-003548	Services Junper Co	18/3 Ravenwood Avenue, Behind the Civic Center, Clearwater Park, Fresno	USA
S2-000198	Lantern Electricals Company	Bluepeak Ave, Austin, 72265	USA
S2-001403	Sunstone Packaging and Sons CCompany	3 Goldleaf St, Behind the Civic Center, Fresno, CA, 23208	USA
S2-001604	Stonebridge Motors and Sons Inc	1/31 Redwood Road, Quarry Park, Austin, TX, 20060	USA
S2-002809	Harbor Stonebridge Foods	381 Silverline Drive, Apex Park, Peoria, AL	US
S2-006228	Redwood Ravenwood Logistics P Ltd	258 Maplecrest Rd, Northgate Nagar, Kochi, Kerala, 540411	India
S2-008912	Coalt P Ltd	338 Silverline Boulevard, Onyx Park, Akron, 74049	IN
S2-007974	Orchid Summit Logistics Limited Liability Company	39 Ironwood Rd Fresno WA 85161	US
S2-008852	Summit Systems Corpoartion	58 Quarry Blvd, 98748, Lubbock	US
S2-005064	Summit Limited Liability Company	Near Exit 14, Summit Blvd, Brightpath Park, Austin, OH, 14696	USA
S2-003470	Ironwood Thistle	65 Thistle Roaad, Harbor Park, Akron, OH	United States
S2-000479	Harbor Noorthgate Limited Liability Company	327 Quarry Road, Harbor Park, Lubbock, 96742	US
S2-003625	Ironwood Logistics Limited	54 Ironwood Marg, Jaipur, MP	IN
S2-005831	Orchid Kestrel Enterprises LLC	88 Cobalt Boulevard, Apex Park, Fresno, 25617	USA
S2-006466	Cobalt Textiles Pvt Ltd	96 Harbor Main Juniper Nagar Jaipur	India
S2-006372	Redwood Consultany Corp	Harbor Drive, Cobalt Park, Akron, CA, 93598	United States
S2-001997	Juniper Textiles Privte Limited	173 Meridian Street, Northgate Nagar, Pune, 483758	India
S2-005229	NorthgateFoods, Inc	94 Orchid Drive, Apex Park, Tacoma, 30229	United States
S2-007537	Redwood  Silvreline Solutions Pvt Ltd	258 Northgate Boulevard Maplecrest Park Opp. City Library Mobile WA 10783	IN
S2-007156	Lanetrn Corp	162 Lantern Drive, Behind the Civic Center, Austin, OH, Redwood Park	US
S2-001521	Redwood Limited	249 Maplecrest Marg, Ravenwood Nagar, Pune	IN
S2-004863	Orchid Connsultancy Corporation	135 Sunstone Blvd, Redwood Park, Peoria, CA, 81988	United States
S2-001208	Falcon Trading Private Limited	327 Harbor Marg Kochi MP 325706	India
S2-002957	Ironwood Onyx Systems P Ltd	155 Summit Mn, Summit Nagar, Nagpur, Maharashtra, 374962	India
S2-004602	Cobalt Thistle Systems Corp	79 Harbor Street, Meridian Park, Austin, 84994	USA
S2-000162	Stonebridge Electricals P Ltd	Behind Ganesh Temple, 133 Sunstone Rd, Juniper Nagar, Pune, Rajasthan	IN
S2-001947	Rvaenwood Services Inc	377 Clearwater Boulevard, Opp. City Library, Kestrel Park, Fresno, WA	US
S2-000424	Quarry IIndustries LLC	122 Bluepeak Dr, Sunstone Park, Mobile, 92464	USA
S2-008876	Silverline Stnoebridge Fabrics Private Limited	291 Lantern Cross, Nagpur, Maharashtra	IN
S2-002566	Apex ServicesPrivate Limited	Kestrel Rd Brightpath Nagar Kochi Mahharashtra 365288	India
S2-001278	Clearwater Maplecrest Enterprises LLC	7/17 Juniper St, Meridian Park, Fresno, AL	USA
S2-009128	Harbor, Consultancy	Behind Ganesh Temple, 286 Orchid Cross, Northgate Nagar, Pune, Gujarat	IN
S2-003706	Maplecrest Consuultancy Limited	247 Juniper Crs, Indore, 419875	India
S2-003344	Flcon Solutions Corp	Bluepeak Rd, Onyx Park, Mobile, 78992	US
S2-008502	Orchid Sysstems Company	193 Quarry Dr, Northgate Park, Lubbock, 10101	United States
S2-000566	Onyx, Goldleaf Private Limited	30/82 Thistle Marg Behind Ganesh Temple Ravenwood Nagar Kochi Maharashtra	India
S2-003668	Quarry Consultancy LLC	279 Silverline Road, Vertex Park, Mobile	USA
S2-006339	Quarry Ravenwood	171 Harbor Rd, Behind the Civic Center, Fresno	US
S2-007293	Ironwood Consultancy LLC	350 Redwood Dr, Onyx Park, Akron, 64224	United States
S2-008403	Lantern Limited	62 Sotnebridge Street Lantern Nagar Surat Kerala 892325	IN
S2-002945	Enterprises Harbo r& Sons Limited	236 Apex Crs, Vertex Nagar, Pune, Near Metro Pillar 42	India
S2-006895	Ironwood, Ravenwood Consultancy Ltd	345 Falcon Main, Kestrel Nagar, Coimbatore, Kerala, 380164	IN
S2-005924	Kestrel Silverline Trading Ltd	21 Clearwater Marg, Clearwater Nagar, Coimbatore, Kerala	IN
S2-001014	Onyx Packaging P Ltd	1/48 Silverline Rd, Nagpur	IN
S2-008494	Goldleaf Fabrics PrivateLimited	13/26 Falcon Marg Ravenwood Nagar Coimbatore Tamil Nadu	India
S2-004917	Cobalt Consultancy	363 Orchid Crs, Harbor Nagar, Near Metro Pillar 42, Coimbatore, Rajasthan, 127095	India
S2-003745	Silverline Enterprises & ons Company	278 Maplecrest Boulevard, Sunstone Park, Fresno, AL, 27267	USA
S2-001085	Cobalt Solutoins Private Limited	381 Redwood Crs, Northgate Nagar, Surat, Gujarat	IN
S2-009172	Meridian, Services & Son sInc	185 Silverline Road Akron 70344	US
S2-004707	Apex Industries Private Limited	295 Summit Road, Stonebridge Nagar, Pune, Kerala, 836844	IN
S2-004741	Maplecrest Motors and Sons  Pvt Ltd	92 Juniper Marg, Kochi, 781061	IN
S2-007082	Ironwoood Bluepeak Pvt Ltd	6 Ironwood Mani, Coimbatore, 858166	India
S2-009275	Ironwood Chmeicals Corp	331 Cobalt Ave Bluepeak Park Austin 77319	US
S2-007461	Harobr Inc	383 Vertex Boulevard, Sunstone Park, Mobile, AL	USA
S2-006907	Sunstone Services P Ltd	209 Brightpath Road, Brightpath Nagar, Pune, Tamil Nadu, 364498	India
S2-005585	Goldlefa Foods Inc	43 Kestrel Boulevard, Orchid Park, Akron, WA	US
S2-003385	Bluepeak Company	233 Stonebridge Ave, Lantern Park, Astin	United States
S2-005787	Harboor Packaging Company	120 Redwood Drive Orchid Park Tacoma OH	United States
S2-005310	Kestrel AApex	365 Onyx Avenue, Akron, TX, 82382	United States
S2-006100	Kestrel Corp	110 Juniper St, Cobalt Park, Mobile, IL, 98576	US
S2-006420	Meirdian Motors Inc	173 Maplecrest Street Harbor Park Akron IL 55511	USA
S2-001376	Maplecrets	Opp. Bus Depot, 269 Meridian Marg, Kestrel Nagar, Coimbatore, 194841	India
S2-007415	Lantern Trading Corp	387 Vertex Drive, Lubbock, AL, 23428	United States
S2-004297	Brightpath, Private Liimited	113 Kestrel Mn, Northgate Nagar, Kochi, Maharashtra	India
S2-008435	Goldleaf Foods oCrp	Opp. Bus Depot, 97 Ravenwood Mn, Brightpath Nagar, Jaipur, Gujarat, 471424	US
S2-008627	Orchid Industries Limited Liability Company	Cobalt Bldv, Goldleaf Park, Mobile, OH, 66699	USA
S2-004815	Redwood Lantern Packaging	31/49 Silverline Rd, Redwood Park, Mobile, CA	USA
S2-000742	Northgate & Sons LLC	172 Meridian Ave, Redwood Park, Mobile, OH, 35015	US
S2-005152	Ravenwood Textiles  Inc	12/50 Juniper Ave, Falcon Park, Peoria, OH, 41966	US
S2-000863	Quarry Services Private Limited	8/19 Northgate Street, Lantern Nagar, Indore, 610134	IN
S2-001888	Apex Vertex Industres	Opp. City Library, 291 Bluepeak St, Summit Park, Fresno, OH	United States
S2-002776	Apex Induustries Corp	377 Ironwood Ave, Tacoma, 91182	US
S2-001064	Vertex Electricals Private Limited	388 Lantern St, Cobalt Nagar, Surat, Rajasthan, 238621	IN
S2-008899	Ravenwood, Motors Suntsone Limited LiabilityC ompany	Near Exit 14, 39/27 Bluepeak Rd, Brightpath Park, Akro, IL	USA
S2-004372	Cobalt Lmited	67 Kestrel Rd, Lantern Nagar, Jaipur, Kerala, 113961	India
S2-005563	Lantern Servies	223 Apex St, Sunstone Nagar, Jaipur	IN
S2-005359	Thistle Corp	Near Exit 14, 34 Orchhid St, Harbor Park, Peoria, OH, 79764	US
S2-003160	Kestrel Textiles LCL	294 Vertex Rd, Tacoma	United States
S2-004496	Systems Summit Corporation	376 Clearwater St, Sunstone Park, Peoria, AL, 96884	USA
S2-006516	Maplecrest Servicees Company	392 Orchid Drive, Peoria, AL	United States
S2-004633	Stonerbidge, Company	5/12 Ravenwood Drivve, Falcon Park, Akron, WA, 95472	USA
S2-005210	OnyxT raing P Ltd	Lantern St, Meridian Nagar, Coimbatore, 120192	IN
S2-001368	Ravenwood Goldleaf Motors Incorporatde	383 Goldleaf Blvd, Goldleaf Park, Fresno, AL, 14952	USA
S2-008518	Stonberidge Co	296 Summitt Rd, Harbor Nagar, Opp. Bus Depot, Akron, MP	India
S2-002980	Mreidian Textiles	Redwood Rd, Lantern Park, Tacoma, WA, 72889	US
S2-000860	Maplecrest Bluepeak Co	292 Ironwood Drive, Thistle Park, Mobile, 87731	US
S2-005972	Cobbalt	Goldlleaf Drive, Near Exit 14, Stonebridge Park, Fresno, CA, 59221	US
S2-003407	Sunstone Pakaging & Sons P Ltd	126I ronwood Marg, Surat, 222967	IN
S2-005967	Summit Foosd	Falcon St, Akron, WA, 25394	US
S2-002825	Stonebridge Motors Incorporated	Near Exit 14, Thistle Park, Tacoma, 90004, 396 Ironwood Drive	USA
S2-004505	Goldleaf Maplecrest Consultancy	200 Onyx Rd, Bluepeak Nagar, Surat, 869848	India
S2-001110	Goldleaf Cobalt Industries Private Limted	Falcon Marg, Summit Nagar, Coimbatore, 236423, Tamil Nadu	IN
S2-001452	Goldleaf Foods & Sons Corp	26 Vertex Blvd, WA, 20070, Mobile	US
S2-003675	Irowood Ltd	22/42 Stonebridge Main, Orchid Nagar, Surat, Kerala	India
S2-002607	Solutions Coompany	Summit Ave, Lubbock, IL, 23688	US
S2-008491	Northgate Logistcis Limited Liability Company	136 Orchid Boulevard, Northgate Park, Austin, 60645	United States
S2-002688	Brightpath Incorporated	176 Northgate Avenue, Juniper Park, Lubbock, IL, 72792	USA
S2-001566	Apex Traading	Thistle Marg, MeridianNagar, Nagpur, 178084	IN
S2-008281	Silverline Fabrics P Ltd	51 Redwood Cross, Brightpath Nagar, Kochi, Maharashtra, 179458	IN
S2-000554	Logistics Cobalt Ltd	Behind Ganesh Temple 126 Thistle Road Orchid Nagar Jaipur Kerala	IN
S2-008411	Northgate Servies &S ons P Ltd	24/85 Apex Road, Ironwood Nagar, Behind Ganesh Temple, Indore, Tamil Nadu, 785018	IN
S2-006166	Brightpath Packaging	Near Exit 14 83 Stonebridge Blvd Goldleaf Park Austin 97097	United States
S2-006580	Northgate Eletcricals Inc	25/1 Apex Rd, Vertex Park, Peoria, 46767, TX	United States
S2-003692	Quarry Clearwateer Foods Pvt Ltd	Brightpath Cross, Falcon Nagar, Kochi, 182923	India
S2-005797	Falcno Trading Ltd	69 Clearwater St, Northgate Nagar, Jaipur, Maharashtra, 638502	India
S2-009349	Summit Enterprises Ltd	Kestrel Road, Behind Ganesh Temple, Sunstone Nagar, Surat, Gujarat, 124131	India
S2-001964	Mapllecres tSolutions Pvt Ltd	217 Ironwood Marg, Harbor Nagar, Coimbatore, 672843	IN
S2-009088	Redwood and Sonss Limited	24/6 Sunstone Boulevard, Near Exit 14, Peoria, 70883	IN
S2-007397	Birghtpath Bluepeak P Ltd	Apex Street Onyx Nagar Nagpur Maharashtra 719285	India
S2-005101	Cobalt TTextiles and Sons	Quarry Rd, Opp. City Library, Maplecrest Park, Akron, 41580	USA
S2-001577	Silverline ilverline Trading Corp	16 Ironwood Dr, Thistle Park, Austin	United States
S2-007201	Industries Ravenwood & Sons	Maplecrest Ave Summit Park Jaipur WA 43802	US
S2-005067	Solutions Clearwater Private Limited	105 Silverline Mn Summit Nagar Surat 385631	IN
S2-000892	Flacon Silverline Electricals P Ltd	296 Goldleaf St, Kestrel Nagar, Kochi, Tamil Nadu, 885040	IN
S2-006514	Maplecres tServices Co	14/5 Lantern Ave, Lubbock, OH, 22311	US
S2-009194	Kestrel, Corp	369 Quarry Street, Ravenwood Nagar, Lubbock, 568899	IN
S2-001233	Quarr ystems Private Limited	289 Clearwater Marg, Meridian Nagar, Behind Ganesh Temple, Jaipur, 795422	India
S2-001437	Blueeak Fabrics Private Lmiited	11/48 Onyx Crs, Opp. Bus Depot, Juniper Nagar, Surat, Maharashtra	India
S2-000092	Chemicals Limited Liability Company	245 Sunstone Steet, Opp. City Library, Summit Park, Mobile, OH, 64281	USA
S2-006482	Harbor Solutions Private Limited	322 Stonebridge SSt, Pune, Maharashtra	IN
S2-003208	Redwood Meridian Motors Ltd	Vertex Marg Falcon Nagar Surat 243444	IN
S2-005401	Lantern Textiles Corp	46 Cobalt St, Bluepeak Park, Behind the Civic Center, Lubbock, 50365	USA
S2-008406	Industries Northgate P Ltd	97 Redwood Rd, Cobalt Nagar, Nagpur, Rajasthan, 618591	India
S2-002661	Orchid Systems Limited	54 Ironwood Road, Juniper Nagar, Coimbatore, Kerala	IN
S2-006268	Sunstonne Foods	Brightpath Mn, Thistle Nagar, Nagpur, 346736	India
S2-007596	Ironwood Sunstone Logistics and Sons P Ltd	342 Sunstone Marg Northgate Nagar Jaipur Gujarat 210696	IN
S2-008868	Mapplecrest Pvt Ltd	58 Maplecrest Cross, Surat, 948533	IN
S2-006199	Bluepeakk Services Corp	Sunstone Street, Clearwater Park, Austin, 37424	US
S2-005837	Quarry Ironwood Fabrics Company	36 Apex Blvd, Lantern Park, Mobile, WA, 18088	United States
S2-006063	Apex Systems Incorporated	116 Summit St, Meridian Park, Fresno, WA, 65120	US
S2-002180	Packaging, Onyx LLC	42 Bluepeak Drive, Behind the Civic Center, Mobile	US
S2-006224	Cobalt, Fabrics Prvate Limited	258 Falcon Crs, Vertex Nagar, Surat, Rajasthan	India
S2-003871	Ironwood Industries	210 Northgate St, Peoria, AL, 19971, Falcon Park	United States
S2-000774	Packaging Lantern and Sons Limited Liability Company	360 Clearwater Blvd, Apex Park, Mobile	USA
S2-005511	Thistle Logistics  Private Limited	333 Redwood Street Vertex Nagar Nagpur 484762	IN
S2-001080	Stonebridge Trading P Ltd	214 Ironwood Rd Falcon Nagar Pune Kerala	India
S2-006194	Falcon TradingC o	219 Apex Boulevard Opp. City Library Austin LA	US
S2-008648	Lntern and Sons Pvt Ltd	Bluepeak Nagar, Surat, 212765, 51 Sunstone Road	IN
S2-002420	Quarry Maplecrest Fabrics Ltd	322 Kestrel Cross, Indore, Gujarat, 311406	India
S2-001729	Maplecerst Ltd	Stonebridge Road Brightpath Nagar Behind Ganesh Temple Pune Kerala 596643	India
S2-001153	Ketsrel	Behind Ganesh Temple 338 Meridian Marg Silverline Nagar Nagpur 877352	IN
S2-006572	Bluepeak Maplecrest Tradin Inc	279 Thistle Dr, Clearwater Park, Tacoma, 93277	United States
S2-001720	Maplercest Motors	393 Sunstone Avenue, Juniper Park, Peoria, TX	United States
S2-003694	Apex Foods	296 Stonebridge St, Austin, TX, 25833	US
S2-007695	Juniper Systems Corp	199 Onyx Cross Quarry Nagar Pune Tamil Nadu	USA
S2-003352	VertexVertex Chemicals Inc	306 Lantern Blvd, Lubbock, OH, 54983	USA
S2-006233	Goldleaf Foods Silverline Company	56 Quarry Street, Cobalt Park, Akron, 17660	USA
S2-005289	Vertex Consultancy & Sns Corporation	76 Ravenwood St, Opp. City Library, Stonebridge Park, Austin, IL, 44679	United States
S2-000889	Stonebridge Limited Liability Company	Apex Park Fresno 32626 Goldleaf Avenue	USA
S2-000589	Sunstone Sunstone Soltuions & Sons Co	337 Quarry Road Behind the Civic Center Maplecrest Park Mobile TX 18843	US
S2-007828	Vertex Solutions CCorp	Near Metro Pillar 42, 13 Stonebridge Main, Clearwater Nagar, Kochi	USA
S2-003325	Bluepeakk Systesm Company	221 Clearwater St, Lantern Park, Lubbock, CA, 89481	USA
S2-007769	Kestrel Textiles & Sons Inc	34 Brightpath Boulevard, Silverline Park, Near Exit 14, Austin, WA, 30301	US
S2-005543	Sunston eFabrics Private Limited	16/55 Redwood Marg, Opp. Bus Depot, Surat, Tamil Nadu	India
S2-003721	Maplecrets Textiles Ltd	365 Falcon Rd, Nagpur	India
S2-006790	Northgate Bluepeak Chemicas	373 Apex Marg Stonebridge Nagar Surat	India
S2-007503	Northgate Vertex Chemicals & Sons	83 Juniper Ave, Apex Park, Opp. City Library, Peoria	US
S2-007576	Summit Trading Co	39/14 Clearwater Rd Goldleaf Park Peoria IL 53490	USA
S2-004565	Systems Meridian and Sons	348 Northgate Avenue, Peoria, Goldleaf Park	United States
S2-000814	Meridian Thistle Solutions	337 Vertex Dr Lantern Prak Mobile OH	United States
S2-009204	Services P Ldt	141 Lantern Road, Bluepeak Park, Pune, 72820	United States
S2-002654	Sunstone SStonebridge Systems Pvt Ltd	Near SBI ATM, 374 Falcon Marg, Coimbatore, Gujarat, 286676	India
S2-001547	Silverline Packaging Private Limited	67 Falcon Street, Maharashtra, 512515, Coimbatore	IN
S2-004258	Summit, Enterprises Ltd	83 Vertex St Nagpur Maharashtra	IN
S2-008490	Falcon EEnterprises Corp	Ravenwood Park Austin IL 365 Ravenwood Boulevard	US
S2-006757	Ironwood Foods Privae Limited	4/64 Harbor Marg, Quarry Nagar, Indore, 588972	IN
S2-007992	Apex Industries	4/35 Redwood Marg, Northgate Nagar, Jaipur	India
S2-005551	Falcon Industries P tLd	361 Lantern Crs, Cobalt Nagar, Nagpur, 233640	India
S2-009299	Ironwood Ravenwood Logistics Incorporated	129 Goldleaf Avenue, Orchid Park, Mobile, CA, 17457	United States
S2-008177	Maplecrest Juniper Systems Private Limited	52 Bluepeak Avenue Lubbock	India
S2-003023	Stonebridge P Ltd	Near SBI ATM, 14/84 Cobalt St, Falcon Nagar, Surat, Tamil Nadu	India
S2-007779	Falcon Junnpier Solutions Pvt Ltd	299 Bluepeak Street, Nagpur, Tamil Nadu, 476413	India
S2-002608	Lantren  Services	59 Apex St Nagpur 719285	IN
S2-000629	Cobalt Logistics Private Limited	Behind Ganesh Temple, 374 Summit Main, Ravenwood Nagar, Indore, Rajasthan, 859596	India
S2-007552	Quarry Systems and Sons	77 Brightpath Street, Vertex Park, Peoria, 46811	United States
S2-003177	Summit, Trading	396 Apex Sttreet, Kochi, Gujarat	India
S2-003153	Summit, Textiles	388 Summit Main Quarry Nagar Rajasthan 791821 Indore	IN
S2-007887	Maplecrest Solutions Privat eLimited	26 Stonebridge Marg, Near Metro Pillar 42, Vertex Nagar, Surat, Maharashtra, 156310	IN
S2-000996	Orchid, and Sons P Ltd	117 Redwood Main Juniper Nagar Indore 697741	India
S2-000562	Summit Logistics Co	116 Orchid Road, Cobalt Park, Akron, CA, 58664	USA
S2-004783	Northgate Fabrics Corporation	375 Clearwater Street, Clearwater Park, Akron, CA, 21142	United States
S2-007878	Bluepeak LogisticsCorporation	182 Goldleaf Street, Sunstone Park, Fresno, WA, 80082	USA
S2-006475	Silvrline Glodleaf	Near Exit 14, 12/43 Brightpath Drive, Lubbock, AL, 17815	USA
S2-003318	Lantern Services Corporation	246 Thistle Drive Sunstone Park Austin IL 24224	United States
S2-006496	Cobalt Electricals LLC	8 Meridian St, Orchid Park, Behind the Civic Center, Tacoma, 54317	USA
S2-008276	Northgate Tetxiles Pvt Lttd	Maplecrest Main, Indore, MP	India
S2-006689	Cobaltt Vertex LLC	255 Maplecrest Rd, Kestrel Park, Mobile, TX	United States
S2-001931	Thistle Coobalt Enterprises Ltd	12//10 Summit Main, Kestrel Nagar, Surat, 807805	India
S2-005850	Cobalt Fabrics Ic	358 Vertex Boulevard Tacoma 54656	United States
S2-004672	Vertex Electricals Inc	376 Ironwood Street Kestrel Park Fresno	United States
S2-008778	Lantern Sunnstone ConsultancyInc	331 Maplecrest Avenue, Onyx Park, Austin, AL	US
S2-000209	Silverlie Onyx Textiles	394 Apex St, Harbor Park, Fresno, IL	US
S2-004164	Silvreline, Kestrel	369 Harbor Cross, Kochi, Gujarat	IN
S2-000454	Onyx Sunsstone Logistics Limited	92 Clearwater Main, Near SBI ATM, Indore, 229896	IN
S2-004871	Lantern Chemicals Comapny	196 Apex Rd, Tacoma, 17701	United States
S2-000518	Redwood Redwood Chemicals Private Limited	148 Thistle Mn, Orchid Nagar, Near SBI ATM, Nagpur, 255742	IN
S2-006564	Brigthpath Fabrcis	97 Ravenwood Mn, Opp. Bus Depot, Ironwood Nagar, Nagpur, Tamil Nadu, 607893	India
S2-001804	Bluepeak Logistics Limited Liability Company	Meridian Dr Kestrel Park Mobile AL 55477	US
S2-009044	Oyx Quarry Ltd	30 Ravenwood Marg Northgate Nagar Coimbatore 968928	India
S2-003654	Brightpath Meirdian Textiles LLC	161 Bluepeak Boulevard, Sunstone Park, Akron,OH, 22756	United States
S2-001761	Harbor Privatte Limited	26 Thistle Marg, Coimbatore, Rajasthan, 815341	India
S2-005469	Brightpath Servces and Sons Company	186 Harbor St Akron 26082	United States
S2-008329	Maplecrest Onyx Electricals & Sons P Ltd	122 Kestrel Cross, Apex Nagar, Nagpur	IN
S2-006830	Quarry Fabrics tLd	393 Quarry Crs, Brightpath Nagar, Kochi, 151785	India
S2-000793	Brigghtpath Industries Private Limited	14/24 Silverline Rd, Goldleaf Nagar, Nagpur, MP	India
S2-002477	Ravnwood Consultancy Inc	235 Kesttrel Road, Goldleaf Park, Lubbock, TX	USA
S2-008199	Quarry, Chemicals Incorporated	327 Harbor Marg, Falcon Nagar, Jaipur, Gujarat, 657153	United States
S2-005196	Northgate and Sons Private Limited	Near SBI ATM, 2/12 Orchid Mn, Lantern Nagar, 632909, Pune	IN
S2-002334	Summit, Summit Services Lttd	Ironwood Cross, Brightpath Nagar, Kochi, 556308	IN
S2-002515	Harbor Paackaging Inc	145 Lantern Blvd, Lantern Park, Fresno, OH, 21527	US
S2-004885	Clearwae Industries	Opp. City Library, 13 Lantern Road, Lantern Park, Peoria, CA, 41494	US
S2-008900	Vertexx Apex Logistics	376 Vertex Ave, Near Exit 14, Kestrel Park, Kochi, WA	United States
S2-003517	Textiles Vertex Co	142 Clearwater Dr Ravenwood Park Mobile 45916	USA
S2-005747	Silerline Systems& Sons	Ironwood Main, Lantern Nagar, Coimbatore, Rajasthan, 557673	India
S2-004148	Maplecrest Consuultancy Limited	218 Ironwood Cross, Northgate Nagar, Surat, Rajasthan	India
S2-002357	Quarry Chemicals Corp	25/77 Orchid D, Bluepeak Park, Peoria, AL	United States
S2-004640	Silverline Solutions Company	26/64 Ravenwood Road, Maplecrest Park, Akron, CA	United States
S2-000537	Meridian Trading and Sons Incorporated	24/9 Bluepeak Blvd, Maplecrest Park, Austin	USA
S2-008835	Meridian Ironwood Fabrics Private Liimted	325 obalt Street, Coimbatore, 138833	IN
S2-006462	Bluepeak Fabrics Limited Liability Cmopany	266 Kestel Dr, Austin, 70201	USA
S2-000290	ClearwaterF abrics Limited	226 Meridian Street, Silverline Nagar, Surat	IN
S2-002257	Meridian Rewood Solutions LLC	370 Lantern Road, Tacoma, 96300	USA
S2-006494	Clearwater Fooods Co	37/44 Apex Blvd, Orchid Park, Fresno, IL	United States
S2-009279	Ironwood Fabrics and  Sons Co	295 Thistle Road, Harbor Nagar, Near SBI ATM, Mobile, 876016	India
S2-004997	Summit Services	378 Bluepeak Road Sunstone Nagar Pune Rajasthan	IN
S2-003480	Juniper Industriees & Sons P Ltd	394 Sunstone Crs, Coimbatore, 906039	India
S2-000383	Gooldleaf Textiles Corp	191 Bluepeak Dr Brightpath Park Austin AL	USA
S2-002107	Brightpaht Trading Corporation	Near Exit 14, 389 Bluepeak Avenue, Akron, TX, 61964	United States
S2-001608	Falcon, Industries Limted	57 Redwodo Road, Ravenwood Nagar, Jaipur, Gujarat	IN
S2-006070	Irownood	205 Stonebridge Marg, Maplecrest Nagar, Behin dGanesh Temple, Coimbatore, MP	IN
S2-009209	Falcon Packaging Ltd	Brightpath Crs, Stonebridge Nagar, Indore, 450158	IN
S2-000078	Junipper Textiles Thistle Co	302 Bluepeak Boulevard, Cobalt Park, Lubbock	USA
S2-001011	Goldleaf Food sCorp	Stonebridge Rd Lubbock IL	United States
S2-006030	Thistle, Systems and Sons LLC	294 Silverline Ave, Mobile, 88996	US
S2-000773	Northgate Textiless & Sons Corp	186 Cobalt Boulevard Opp. City Library Sunstone Park Lubbock CA	USA
S2-008743	Txtiles, Northgate Incorporated	258 Sunstone Street, Maplecrest Park, Mobile, AL, 77743	US
S2-000956	Juniper Solutions Privatte Limited	Vertex Crs, Bluepeak Nagar, Opp. Bus Depot, Nagpur, 238887	India
S2-001016	Verttex Lantern Enterprises Limited	122 Stonebridge Cross, Silverline Nagar, Coimbatore, Gujarat, 677693	IN
S2-009327	Sunstone Meridian Solutions Corproation	Thistle Parkk, Akron, 244 Thistle Blvd	US
S2-006357	Ravenwoodd Consultancy Co	288 Stonebridge Rd Harbor Park Peoria	USA
S2-005075	Foods, Clearwter Co	248 Maplecrest Street Akron IL	US
S2-008687	Silverline Foods Company	Harbor Road, Summit Park, Mobile, IL, 70653	US
S2-005252	SolutionsK estrel Ltd	364 Onyx Marg, Harbor Nagar, Surat, Maharashtra, 272842	India
S2-003416	Redwood Chemicals Ltd	120 Orchid Marg, Lantern Nagar, Coimbatore, MP	India
S2-007696	Silverline Services Pvt Ltd	207 Brightpath Blvd, Vertex Park, Akron	IN
S2-002208	Apex Consultancy Pvt Ltd	323 Juniper Main, Ironwood Nagar, Jaipur, 70356	IN
S2-000521	Ironnwood Summit Solutions	245 Lantern Road, Clearwater Nagar, Indore	India
S2-007533	Vertex Motors Inc	Juniper Blvd, Peoria, WA, 85723	US
S2-002196	Quarry  Vertex Limited	28/30 Harbor Mn, Redwood Nagar, Cooimbatore, 313910	IN
S2-006800	Orrchid Ironwood Chemicals	Northgate Mn, Kestrel Nagar, Kochi	India
S2-005728	Onyyx Chemicals Corporation	385 Kestrel Avenue, Lantern Park, Peoria	USA
S2-008346	Falcon Lantern Logistics Limited Liability Company	2 Thistle Avenue, Redwood Park, Austin, 57350	United States
S2-004194	Maplercest Consultancy	297 Meridian Avenue, Lubbock, AL, 19275	US
S2-003485	Cobalt Entrprises Incorporated	319 Northgate Rd, Maplecrest Park, Lubbock IL, 52001	USA
S2-004918	Orchid Services Private Limited	365 Kestrel Marg, Clearwater Nagar, Surat, Tamil Nadu	IN
S2-000445	Falcon Chemicals and SonsCorporation	363 Summit Road, Lantern Park, Lubbock, OH	US
S2-002686	Blepeak	199 Sunstone Main Clearwater Nagar Jaiipur	India
S2-005010	Meridian Solutions Pvt Ltd	Sunstone Road, Juniper Nagar, Indore	IN
S2-003999	Sunstone Consultanc LLC	340 Ironwood Rd, Tacoma, IL, 54418	United States
S2-002041	Redwood LogisticsC o	126 Thistle Blvd, Harbor Park, Akron, 28150	US
S2-000601	Orchi Pacckaging	364 Summit Street, Mobile, TX, 16029	USA
S2-005049	Brightpath Pvt Ltd	Near SBI ATM Lantern Marg Cobalt Nagar Nagpur 193889	India
S2-006633	Bluepeak, Quarry Solutions Corp	349 Bluepeak Blvd, Brightpath Park, IL, Tacoma	United States
S2-000582	Sillvelrine Ltd	146 Thistle Crs, Sunstone Nagar, Jaipur, Tamil Nadu, 372232	IN
S2-003962	Quarry Meridian Textiles Limited Liability Company	Lanternn Avenue, Kestrel Park, Akron	United States
S2-007422	Thistle Solutions	247 Ravenwood Drive, Bluepeak Park, Tacoma, CA, 95995	US
S2-003753	Orchid Stonebridge Electricals & Sons LLC	Quarry Dr, Peoria, CA,, 55864, Stonebridge Park	USA
S2-008507	Fabrics, Harbor Inc	275 Maplecrest Blvd, Fresno, CA, 30482	United States
S2-000044	Sunstone Enterrprises	173 Northgate Boulevard, Clearwater Park, Tacoma, 78109, CA	US
S2-006661	Ravenwood Corp	Celarwater St, Clearwater Park, Akron, IL	United States
S2-003489	Maaplecrest	280 Vertex Dr, Silverline Park, Fresno, TX	United States
S2-002879	Redwood nIc	141 Stonebridge Boulevard, Lantern Park, Tacoma, CA	US
S2-005262	Silverline Vertex Enterprises	Behind Ganesh Temple, Kestrel Main, Ironwood Naga, Coimbatore, Kerala	India
S2-008331	Quary Solutions Pvt Ltd	27 Thistle Street, Pune, 766715	IN
S2-001075	Apex Northgate Fabrics Corporation	Opp. City Library, Tacoma, OH, 79935, 201 Harbor Dr	USA
S2-008172	Silverline Solutionss LLC	355 Quarry Drive, Ravenwood Park, Tacoma, 31049	United States
S2-001109	Meridian Trading	Near Metro Pillar 42 92 Stonebridge Cross Indore Maharashtra	India
S2-001429	Silverline Consultancy	Near Metro Pillar 42, Stonebridge Marg, Apex Nagar, Surat	India
S2-002399	Sivlerline Clearwater Foods	282 Ravenwood Road, Cobalt Park, Austin, 78835	United States
S2-005459	Brightpath Stonebridge Logisticcs	185 Siilverline Crs, Nagpur	India
S2-008483	Lantern ad Sons Limited	356 Meridian Crs, Meridian Nagar, Surat, Maharashtra, 786204	IN
S2-001856	Vertex, Sunstone SolutionsLimited	8/9 Goldlef Crs, Indore	IN
S2-002529	Junipe rLantern Chemicals P Ltd	Northgate Marg, Goldleaf Ngaar, Coimbatore, Tamil Nadu	IN
S2-001434	Onyx, Enterprises	393 Ironwood Drive, Redwood Park, Peoria, 31831	United States
S2-003520	Sunstone Induustries Co	Opp. City Library, 234 Quarry Dr, Clearwater Park, OH, Lubbock	US
S2-006509	Harbor Industries Corp	209 Apex Street, Lubbock, 29174	US
S2-005783	Vertex Brightpath Tradnig Corp	246 Onyx St, Quarry Park, Fresno, IL	USA
S2-007433	Textiles OOrchid & Sons Ltd	397 Lantern Street, Tacoma, WA	India
S2-004881	Falcon Co	310 Meridian St,L antern Park, Fresno, WA	USA
S2-001350	Juniper  &Sons Co	369 Summit Ave Apex Park Austin IL	United States
S2-007797	Vertex Packaging & SonsL LC	18 Falcon Marg, Summit Nagar, Surat	USA
S2-008287	Redwod Goldleaf Textiles	177 Falcon St, Cobalt Park, Akron, IL, 24653	United States
S2-002535	Meridian, Ltd	Opp. Bus Depot 83 Stonebridge Road Nagpur Kerala 293410	IN
S2-004578	Vertex Ravenwood Services & Sons	286 Falcon Main Harbor Nagar Pune 890210	IN
S2-008855	Foods Vertex and Sons LLC	388 Redwood Avenue, Apex Park,, Fresno, IL, 19599	United States
S2-008999	Solutions Juniper	67 Northgate Street Meridian Nagar Peoria Rajasthan	India
S2-002422	Quarry Industries	25 Thistle Road, Onyx Park, Mobile, CA, 40069	USA
S2-004416	Goldleaf Bluepeak Logistics Inc	35/10 Ravenwood Boulevard, Kestrel Park, Opp. City Library, Mobile, CA, 45108	USA
S2-004750	Meridian & Sons	250 Brightpath St, Juniper Park, Austin, IL, 44647	United States
S2-005858	Quarryy Maplecrestt Industries Ltd	287 Quarry Marg, Indore, Kerala	India
S2-003640	Northgate Systems and Sons Co	253 Brightpath Drive Bluepeak Park Akron CA	United States
S2-005730	Apex and   Sons Pvt Ltd	12 Thistle Crs, Nagpur, MP	India
S2-001962	Vertex Consulltancy td	318 Juniper Road, Sunstone Nagar, Pune, amil Nadu, 533156	IN
S2-004352	Harbor Logistics Juniper and Sons Corp	1/85 Maplecrest Drive, Fresno	USA
S2-002998	Stonebridge Orchid Electricals and Sons Private Limiited	334 Apex Rd, Pune, MP, 957065	India
S2-007720	Ironwood Apex Trading Inc	170 Redwood Blvd Raenwood Park Peoria TX 22367	United States
S2-001507	Juniper Vertex Systems Corp	11/58 Summit Street Falcon Park Mobile IL	United States
S2-000815	Meridian Electircals and Sons Co	Meridian St, Mobile, OHH, 85040	USA
S2-005696	Textiles Meridian P Ltd	225 Bluepeak Street, Nagpur, Mahaarshtra	IN
S2-006192	Quarry, Private Liimited	Maplecrest Crs, Near Metro Pillar 42, Silverline Nagar, 802234, Nagpur	India
S2-003109	Cobalt Solutions Company	Near Exit 14 Peoria 3383 Vertex St	USA
S2-007420	Meridian Fabrics LLC	279 Stonebridge Blvd, Summit Park, Austin, OH, 88908	US
S2-005639	Onyx imited	102 Onyx Street Orchid Nagar Nagpur 421475	India
S2-004716	Goldleaf, Enterprises and Sons Ltd	Opp. Bus Depot, 375 Clearwater Crs, Coimbator,e Kerala, 505457, Juniper Nagar	IN
S2-000452	Meridina Logisstics Company	54 Orchid Dr, Northgate Park, Near Exit 14, Akron, TX, 27510	USA
S2-004820	Stonebridge Electricals Private Limited	Thistle Mn, Surat, MP	India
S2-004255	Onyx Textiles oC	70 Cobalt Rd, Behind the Civic Center, Summit Park, Peoria, CA, 84477	USA
S2-001734	Silverline Systems Private Limited	200 Apex St, Near SBI ATM, Indore, Rajasthan, 853463	IN
S2-002421	Quarry Industries LLC	242 Stonebridge Road, Quarry Park, Mobile, 54631	United States
S2-009291	Quarry SServices and Sons Corporation	125 Lantern Avenue, Apex Park, Fresno, TX, 27173	US
S2-008746	Vertex Harbor Industries Pirvat eLimited	260 Apex Street, Maplecrest Park, Akron	India
S2-009284	Summit, Services Ltd	372 Apex Road, Falcon Nagar, Nagpur, Gujarat	India
S2-000219	Brightpath Tradin gand Sons	Thistle Dr, Vertex Park, Austin, 24416	US
S2-006698	Brightpath Electricals Private Limited	22/52 Sunstone Rd, Cobalt Nagar, Indore, 572656	India
S2-006152	Ironwood Redwood Private Limited	304 Cobalt Crs Nagpur MP 809366	IN
S2-004463	Ironwood  Motors	79 Apex Avenue, Opp. City Library, Vertex Park, Austin, CA, 83782	United States
S2-000024	Apex Consultancy	197 Silverlnie Marg Clearwater Nagar Indore 620415	IN
S2-007543	Juniper Ravenwood	Behind the Civic Center, 397 Lantern St, Orchid Park, Fresno, 74644	USA
S2-008144	Lnatern Logistics	Kestrel Nagarr, Surat, 513707, 29 Orchid Cross	India
S2-001581	Clearwater Tradng LLC	374 Orchid Street, Vertex Park, Austin, 69432	USA
S2-001117	Clearwater Goldleaf Textiles Ltd	165 Stonebridge Mn, Stonebridge Nagar, Coimbatore, Maharashtra, 917309	IN
S2-006678	Harrbor P Ltd	6 Stonebridge Rd, Near SBI ATM, Meridian Nagar, Jaipur, Maharashtra	India
S2-003384	Blepeak Consultancy Company	233 Stonebridge Ave, Lantern Park, Austin, 39824	USA
S2-004149	Maplecrest Consultancy	218 Ironwood Cross, Northgate Nagar, Surat, Rajasthan	IN
S2-002297	Fabric sVrtex Limited	60 Ironwood Mn, Stonebridge Nagar, Kochi, MP	IN
S2-000179	Sunstone Foods Private Limited	42 Stonebridge Marg, Kochi, Maharashtra	India
S2-005633	Ironwoood, Motors Ltd	359 Summit Street Silverline Nagar Jaipur MP 835751	India
S2-008671	FalconServices Ltd	269 Bluepeak Main, Nagpur, 712650	IN
S2-003755	Redwood Industriies Private Limited	312 Ravenwood Road, Harbor Nagar, Indore, Gujarat, 222103	India
S2-009308	Falconn Sunstone LLC	4/37 Ravenwood Rd, Near Exit 14, Lubbock WA	United States
S2-006426	Clearwater Trading  Company	Cobalt Street, Mobile, WA, 74399	USA
S2-005824	Thistle Chemical sLtd	353 Falcon Rd, Summit Nagar, Indore, Rajasthan, 221212	IN
S2-001135	Sunstone Fabrics	344 Sunstone Cross, Meridian Nagar, Nagpur, MP	India
S2-006991	Orchid Enterprises & Sons	243 Sunstone Crs, Juniper Nagar, Indore	India
S2-001142	Redwood Ravenwood Services and Sons Limited	33/69 Falcon Crs, Near Metro Pillar 42, Falcon Nagar, Jaipur, Kerala	India
S2-002931	Harbor Fabrics Inc	380 Ravenwood Road Maplecrest Park Fresno WA 52624	USA
S2-003684	Cobalt Co	43 Juniper Dr, Sunstone Park, 29403, Fresno	US
S2-008837	Godlleaf Solutions & Sons LLC	228 Maplecrest Avenue, Mobile, TX	USA
S2-003310	Cobalt Packagingg Private Limited	286 Bluepeak Mn, Summit Nagar, Jaipur, MP, 855644	India
S2-001833	Onyx Industries Ltd	70 Redwood Mn, Redwood Nagar, Surat, Kerala	IN
S2-007065	Kestrel	83 Ironwood St, Surat, MP	IN
S2-005464	Quarry aPckaging LLC	240 Stonebridge Road Onyx Park Akron WA 32683	United States
S2-001882	Maplecrest Packaging LLC	Quarry Ave, Austin, TX, 65205	United States
S2-005497	Juniper oods and Sons P Ltd	145 Harbor St, Meridian Nagar, Opp. Bus Depot, Jaipur, MP, 56833	India
S2-008631	Thistle Consultancy	102 Meridian Crs, Verrtex Nagar, Kochi, 121465	USA
S2-007155	Bluepeak Cheemicals Corp	384 Harbor Street Summit Park Mobile	US
S2-007556	Quarry, Chemicals	7 Redowod Boulevard, Apex Park, Coimbatore, IL, 22450	US
S2-000794	Redwood Electricals Limited	Quarry Mn, Vretex Nagar, Jaipur, Kerala, 800165	IN
S2-001752	Ravenwood Chemicals	182 Onyx St, Meridian Nagar, Jaipur, Gujarat, 696537	IN
S2-007581	Silverline Systemss Corp	93 Ravenwood Rd, Opp. City Library, Akron, TX, 96659	US
S2-008393	Meridian Packaging Corporation	Goldleaf Rd, Peoria, OH	USA
S2-007108	Brightpath Services Limited Liability Company	77 Cobalt Rd, Bluepeak Park, Peoria	US
S2-007947	Apex Maplecrest Enterprises td	Meridian Main Opp. Bus Depot Nagpur Tamil Nadu Onyx Nagar	IN
S2-008695	Summit Textilse Private Limited	32 Brightpath Marg Silverline Nagar Pune Gujarat 754900	India
S2-007739	Packaging	Ironwood Crs Near SBI ATM Apex Nagar Nagpur 133353	IN
S2-005478	Fooos Goldleaf	97 Lantern Blvd Redwood Park Tacoma 86757	USA
S2-005900	Brightppath, Sunstone Corp	Brightpath Rd, Ironwood Park, Mobile, 16996	US
S2-000998	Falcon Soutions & Sons LLC	1 Lantern Ave, Cobalt Park, Opp. City Library, Mobile, TX, 36914	USA
S2-008313	Harbor Motors Pvt Ltd	Behind Ganesh Temple, Thistle St, Juniper Nagar, Indore, Gujarat, 835336	India
S2-006713	Juniper Private Limited	323 Ironwood Rd, Jaipur	India
S2-000801	Cobalt Co	13/5 Ironwood Ave, Juniper Park, Near Exit 14, Mobile, IL, 60335	US
S2-002780	Lntern	353 Raveenwood Cross, Thistle Nagar, Surat, MP, 843426	India
S2-005961	Ironwood Susntone Industries Ltd	151 Goldleaf Main Surat Tamil Nadu	India
S2-001936	Logstics, Bluepeak Co	Near Exit 14 252 Orchid Drive Maplecrest Park Lubbock 23483	US
S2-006848	Sunstone, Chemicals Crp	4 Falcon Street, Ravenwood Pakr, Peoria, 21025	United States
S2-004261	Onyx Electricals Corp	Northgate Drive, Tacoma, IL, 17196	United States
S2-005498	Solutioons Brightpath  Limited	Stonebridge Marg, Apex Nagar, Indore, Rajasthan, 165615	IN
S2-000631	Orchid hemicals Incorporated	255 Redwood Ave, Austin, Juniper Park	United States
S2-002855	Harboorr Electricals	394 Onyx Crs, Stonebridge Nagar, Near Metro Pillar 42, Jaipur, Rajasthan	India
S2-005345	Falcon, Logistics P Ltd	387 Thistle Road, Falcon Nagar, Coimbatore, MP, 664791	IN
S2-005476	Stonebridge Textile & Sons	71 Juniper Main, Kestrel Nagar, Indore, 232732	India
S2-007830	Northgate, Trading Incorporated	200 Juniper Drive, Behind the Civic Center, Brightpath Park, Peoria, CA, 31726	USA
S2-000149	Chemicals Maplecrest Orchid Limited	218 Lantern Rd, Opp. Bus Depot, Jaipur	India
S2-000797	MaplecrestLogistics Ltd	312 Harbor Marg, Redwood Nagar, Jaipu,r Maharashtra	IN
S2-005107	ApexM otors Company	262 Kestrel Blvd, Maplecrest Prk, Tacoma, TX	United States
S2-002536	Cobalt Solutions and Sons Private Limited	Opp. Bus Depot, 278 Kestrel St, Harbor Nagar, Surat, 943918	IN
S2-002833	Meriida Foods	180 Lantern Crs, Lantern Nagar, Indore, Tamil Nadu	IN
S2-000429	Logistics, Meridian Company	Opp. City Library, 93 Ravenwood Rd, Maplecrest Park, Akron, TX, 96659	United States
S2-001883	Goldleaf Traing Limited	232 Clearwater Mn Stonebridge Nagar Coimbatore Maharashtra 881493	India
S2-003356	Cobalt, Goldleaf Consultancy Private Limited	343 Goldleaf Street Meridian Nagar Kochi Kerala 918098	IN
S2-003334	Bleupeak Fabircs Incorporated	393 Ironwood Street, Lantern Park, Tacoma, OH	US
S2-006696	Orchid, Fabrics Inc	236 Thistle Drive, Apex Park, Fresno, AL	United States
S2-000365	Maplecrest Juniper Electricals LLC	Ravenwood Avenue Brightpath Park Mobile	US
S2-007687	Ravenwood oldleaf Mottors Incorporated	264 Ravenwood rive Goldleaf Park Fresno IL	US
S2-003088	Kestrel Motors Pvt Ltd	279 Harbor Marg, Stonebridge Nagar, Pune, Gujarat, 429908	IN
S2-001667	Meridian Inc	353 Meridian Road Fresno 83162 Ravenwood Park	US
S2-005881	Lantern Electricals Pvt Ltd	123 Thistle Street, Coimbatore, Tamil Nadu, 861920	IN
S2-000311	Motors Ravenwood	340 Vertex Ave, Akron, 44801	US
S2-004986	Vertex Pacaging Goldleaf	150 Harbor Street, Apex Park, Mobile, 50077	USA
S2-001317	Cobalt Chemicals Private Limted	184 Meridian Rd, Summit Nagar, Nagpur, 497380	IN
S2-004235	Silverline	16/9 Harbor Marg, Pune	India
S2-001235	Cobaltt Foods Limted Liability Company	25 Onyx Street, Lubbock, 52690	USA
S2-005756	Lanntern & Sons	272 Onyx Rd, Fresno, CA, 79969	United States
S2-005025	Northgate Foods Pvt Ltd	Cobalt Road, Surat, 215714	IN
S2-000830	Vertex Vertex Pvt Ltd	30/16 Kestrel Mn, Goldleaf Nagar, Surat, Tamil Nadu, 266547	IN
S2-002659	Meridian Privtae Limited	281 Orchid Marg Harbor Nagar Pune Maharashtra 323787	IN
S2-007083	Vertex Foods LLC	207 Clearwater Marg, Lantern Nagar, Lubbock, 875800	IN
S2-003594	Orchid Ironwood Soolutions Pvt Ltd	46  Vertex Mn, Orchid Nagar, Pune, MP, 475298	IN
S2-001219	Ravenwood, Electricals and Sons Private Limitted	232 Onyx St Jaipur Rajasthan	India
S2-005882	Ravenwood Sloutions	4 Harbor Street Akron	United States
S2-005162	Northgate Electricals and Sons P Ltd	Redwood Road, Jaipur, 411400	India
S2-006099	Kestrel Texttiles	110 Juniper St Cobalt Park Mobile 98576	USA
S2-001203	GoldleafFoods LLC	311 Quarry Blvd, Apex Park, Peoria, AL	US
S2-004906	Stonebridge Logistics Private Limited	218 Harbor Crs, Ravenwood Nagar, Surat, 918561	India
S2-002791	Meridian Chemicals Company	237 Brightpath Road Sunstone Park Lubbock 87572	USA
S2-004181	Apex Textiles Ltd	216 Harbor Road, Behind Ganesh Temple, Stonebridge Nagar, Coimbatore, MP, 333372	IN
S2-008492	Clearawter Ltd	Opp. City Library, 326 Onyx St, Mobile, OH	IN
S2-002023	Thistle Textles	280 Harbor Dr Harbor Park Mobile TX	US
S2-002356	Orcihd Private Limiited	9 Kestrel Marg Raevnwood Nagar Surat Gujarat 102244	India
S2-006180	Chemicals, Sillverline Private Limited	286 Juniper Road, Sunstone Nagar, Kochi, 584329	India
S2-000009	Harbor Bluepeka Fabrics	358 Sunstone St, Cobalt Park, Fresno, TX, 38669	USA
S2-001937	Meridian Textiles Inc	245 Harbor Ave, Brightpath Park, Peoria, 80285	United States
S2-001668	Vertex Ltd	391 Ironwood Marg, Redwood Nagar, Nagpur, Maharashtra	IN
S2-004421	Harbor Srvices o	32/33 Meridian Drive, Falcon Park, Fresno, IL	US
S2-006571	Meridian Enterprises Corporation	Ironwood St, Apex Park, Akron, IL, 19010	USA
S2-002876	Juniper Lgistics Pvt Ltd	2 Meridian Cross, Meridian Nagar, Kochi, MP, 270041	IN
S2-000341	Bluepeak Ravewood Fabrics	Ironowod Drive, Behind the Civic Center, Austin, 13916	US
S2-009236	Clearwater Packaging	Behind the Civic Center, 213 Goldleaf Ave, Peoria	USA
S2-001869	Meridian Industires	287 Onyx Marg, Clearwater Nagar, Kochi, Maharashtra	IN
S2-001175	Apex Summit Solutions Incorporated	Near Exit 14, 242 Kestrel Street, Meridian Park, Mobile, IL, 50157	US
S2-007095	Goldleaf Ltd	10C obalt St, Falcon Park, Jaipur, 70405	United States
S2-001780	Ony xFabrics Limited	11 Vertex Marg Thistle Nagar Coimbatore MP 271405	India
S2-008906	Orrchid Electricals Corp	Summit Dr, Summit ark, Austin, 62901	United States
S2-004462	Motors, Co	79 Apex Avenue Opp. City Library Austin CA 83782	United States
S2-000185	Onyx Inc	75 Lantern Drive, Lubbock, Vertex Park	United States
S2-007271	Maplecrest Fabrics CCo	339 Summit Rd, Ravenwood Park, Fresno, CA	USA
S2-007621	Motors Quarrry	72 Bluepeak Street, Frenso	India
S2-004687	Sunstonee Juniper Textiles Co	319 Kestrel Street, Lubbock, IL, 96335	US
S2-008138	Meridian Fabrics Incorporated	32/43 Redwood Ave, Redwood Park, Fresno, WA, 37065	US
S2-005087	Ironwood Foods Corpoartion	307 Harbor Avenue, Peoria, 49862, Apex Park	US
S2-005361	Blluepeak Enterprises Incorporated	Juniper Street, Silverline Park, Mobile, AL, 56814	US
S2-005626	Thistle Logistics and Sons vt Ltd	227 Goldleaf Marg, Maplecrest Nagar, Pune, Rajasthan, 529842	India
S2-007396	Falcon Fabrics Private Limted	175 Silverline Crs, Thistle Nagar, Pune, 264516	India
S2-002858	Sunstone Thistle Trading Ltd	70 Onyx Marg, Maplecrest Nagar, MP, 325053, Surat	IN
S2-009250	Falcon Fabrics & Sons P Ltd	126 Thistle Marg, Summit Nagar, Coimbatore, Gujarat, 867842	India
S2-005632	Northgat, Foods Private Limited	35/41 Juniper Main, Ironwood Nagar, Pune	IN
S2-001449	Quarry Solutions	366 Apex St, Juniper Park, Mobile, OH	United States
S2-002165	Orchid Electricals & Sons	288 Harbor Avenue, Lubbock	US
S2-000852	Juniper Textiles Pvt Ldt	323 Silverline Road, Juniper Nagar, Surat	IN
S2-004810	Maaplercest Textiles Maplecrest Corporation	183 Kestrel Drive, Lantern Park, Tacoma, 64046	US
S2-006272	Falcon Sunsttone LLC	3/16 Silverline Street Opp. City Library Redwood Park Austin 83411	United States
S2-000602	Quarry P td	Opp. Bus Depot, 38/42 Sunstone Mn, Goldleaf Nagar, Jaipur, MP	IN
S2-005526	Harbor Stonebridge Foods Inc	20/18 Bluepeak Ave, Falcon Park, Austin, 32606	USA
S2-008303	Apex Logistics Limited Liability Company	191 Orchid Ave Kestrel Park Austin TX	US
S2-001392	Onyx Foods oC	398 Ironwood Drive, Bluepeak Park, Austin, 31778	USA
S2-008456	Brightpath Kestrel Conslutancy Co	Thistle Park, Tacoma, 65631, 164 Onyx Avenue	USA
S2-005727	Chemicals Onyx Corporation	385 Kestrel Avenue, Lantern Park, Peoria, OH, 32198	USA
S2-000417	Lantrn Foods	136 Brightpath St, Clearwater Park, Akron	US
S2-000045	Onyx Motors	212 Maplecrest Mn, Clearwater Nagar, Coimbatore, Kerala	India
S2-008379	Cobbalt Solutions Pvt Ltd	Apex Cross Ironwood Nagar Surat 210097	India
S2-005581	Clearwatr an dSons	57 Summit Dr, Peoria, 59051	US
S2-003029	Kestrel LLC	173 Maplecrest Blvd Mobile	United States
S2-006866	Redwood Solutions Limited	253 Orchid Crs Mapleecrest Nagar Surat 567299	India
S2-002388	Falco, nCorp	53 Stonebridge Blvd, Bluepeak Park, WA, Austin	USA
S2-008094	CobaltC obalt Chemicals Co	54 Norhtgate Avenue, Lantern Park, Tacoma	USA
S2-002746	Silverline, Teextiles Private Limited	223 Meridian Marg Stonebridge Nagar Coimbatore Maharashtra	India
S2-000868	Silverline, Fabrics	215 Summit St, Bluepeak Park, Austin, CA	USA
S2-002672	Clearwater Enterprises Ltd	396 Apex Cross, Redwood Nagar, Jaipur, 450591	IN
S2-007891	Orchid Summit & Sons Corp	113 Lantern Marg, Ravenwood Nagar, Opp. Bus Depot, Akron, Tamil Nadu	India
S2-005984	Clearwater Redwood Motors orp	Opp. City Library, 104 Juniper Street, Lantern Park, Tacoma	US
S2-001643	Clearwater & Sons Private Limited	23 0Sunstone Mn, Harbor Nagar, Pune, Tamil Nadu	India
S2-001840	Onyx Private Limted	301 Sunstone Cross, Near SBI ATM, Surat, Maharashtra, 700301	IN
S2-001601	Falcon Trading Corporation	276 Lantern Ave, Vertex Park, Austin, AL	United States
S2-002451	Sunsone Fabrics & Sons CCo	171 Juniper Boulevard, Summit Park, Lubbock, 27351	US
S2-000180	Sunstone Foods	42 Stonebridge Marg, Falcon Nagar, Kochi	IN
S2-006468	Northgte Co	336 Redwood Avenue, Mobile, WA	United States
S2-000253	Apex Redwood Systems Inc	396 Bluepeak Road, Cobalt Park, Lubbock, WA, 63234	United States
S2-002172	Redwood Corp	280 Summit St, Ravenwood Park, Lubbock, CA 64948	US
S2-008783	Sunstone Fabrics  Sons Limited	49 Ironwood Main Sunstone Nagar Kochi Maharashtra 190911	IN
S2-006812	Ironwood Ltd	Behind Ganesh Temple, 254 Stonebridge Rd, Surat, Gujarat, 414589	IN
S2-008955	Maplecrest Foods P Ltd	192 Falcon Roa, Falcon Nagar, Kochi, Kerala, 808956	IN
S2-007425	Meridian Oyx Foods Pvt Ltd	27 Lantern Cross, Cobalt Nagar, Jaipur, Kerala, 587780	IN
S2-007770	Sunstone Falcon Packaging Ltd	223 Meridian St, Ravenwood Park, Mobile, AL	IN
S2-005527	Northgate Services P Ltd	388 Apex Mn, Thistle Nagar, Pune, 101761	India
S2-008670	Falcon Smmit Chemicals P Ltd	60 Goldleaf Main, MP, 229988, Indore	India
S2-001430	Orchid, Thistle Consultanc yLLC	Behind the Civic Center 135 Kestrel Drive Tacoma	United States
S2-009075	Ravenwood Maplecrest Enterprises td	34 Juniper Marg, Goldleaf Nagar, Surat, Rajasthan, 907452	IN
S2-002410	Redwood Motors Pvt Ltd	226 Cobalt Crs Kochi Rajasthan 287653	IN
S2-003583	Enterprises Priivate Limited	95 Vertex Street Coimbaore Rajasthan 679456	IN
S2-000682	Brightpath LLC	189 Vertex Ave, Sunstone Park, Akron, OH, 87366	US
S2-005492	Redwood Vertexx Logistics Private Limited	198 Quarry Crs, Thistle Nagar, Surat	IN
S2-002965	Redwood Motors	112 Juniper Main Silverline Nagar Surat 262402	India
S2-001407	Goldleaf Enterpirses	321 Bluepeak Cross, Northgate Nagar, Pune, Gujarat, 644043	India
S2-009317	Onyx Fabics	305 Thistle Dr, Akron, AW	US
S2-000055	Meridian FoodsPvt Ltd	Maplecrest St, Quarry Nagar, Indore, GGujarat	India
S2-005931	Silverline, Foods Co	147 Falcon Street, Bluepeak Park, Peoria, CA, 60493	United States
S2-006064	Logistics Lanterrn Ltd	Near Metro Pillar 42, 10/57 Clearwater Marg, Kochi, Kerala	India
S2-000100	Meridian Services Incorporated	177 Orchid Dr, Akron	USA
S2-003364	Ravenwood Packaging Ltd	Harbor Marg, Sunstone Nagar, Surat, Tamil Nadu	IN
S2-003326	Systems Buepeakk Co	113 Ravenwood Ave Austin, OH, 53636	US
S2-002916	Quarry Summit Foods Corp	12/8 Brightpath Blvd Opp. City Library Stonebridge Park Akron 58239	United States
S2-009290	Quarry Industries Privat Limited	40 Juniper Street, Jaipur, Gujarat, Kestrel Nagar	IN
S2-000094	Kestrel Logitsics Ltd	207 Quarry Mn, Lantern Nagar, Pune, 585696	IN
S2-002300	Ravenwood Electricals Corp	102 Mreidian Dr, Ironwood Park, Lubbock, AL, 64332	United States
S2-003667	Quarry Consultancy and Sons	279 Silverline Road, Vertex Park, Mobile, AL	United States
S2-002069	Maplecerst Solutions Company	43 Lantern Road Behind the Civic Center Ironwood Park Peoria IL 28873	USA
S2-005610	BrightpathApex Industries Ltd	228 Stonebridge Mn, Bluepeak Nagar, Coimbatore, Gujarat, 323469	IN
S2-007989	Maplecrest, Logistics Company	Falcon Road Maplecrest Park CA 47426 Akron	United States
S2-006803	Meridian Consultancyy Limited Liability Company	41 Summit St, Akron, 15660	USA
S2-001413	Stonebridge Cobalt & Sonss Co	164 Orchid Boulevard, Mobile, CA	US
S2-005546	Lantern Enterprises	256 Ironwood Marg, Ravenwood Nagar, Coimbatore, 453834	IN
S2-007882	Cobalt, Logisics Inc	Lantern St, Falcon Park, Opp. City Library, Mobile, 55230	USA
S2-004364	Thistle ystems Company	48 Redwood Rd, Ironwood Park, Peoria	USA
S2-003450	Ironwood Summit Consultancy	181 Maplecrest Boulevard, Tacoma, AL	USA
S2-004310	Slverline	68 Ravenwood Main Harbor Nagar Behind Ganesh Templee Kochi 934643	IN
S2-004337	Smmit Packaging Inc	286 Bluepeak Rd, Onyx Park, Lubbock, CA	United States
S2-002979	Meridian Co	305 Redwood Road, Tacoma, 72889	US
S2-000104	VertexF oods LLC	373 Goldleaf Boulevard, Cobalt Park, Lubbock, CA, 55217	United States
S2-003405	Ironwood	305 Thistle Main, Indore, 486530	India
S2-009122	Brightath Packaging P Ltd	158 Meridian St, Silverline Nagar, Nagpur, 330149	India
S2-003185	Bluepeak Chemicals Ltd	Ironwood Main, Maplecrest Nagar, Kochi, MP, 432002	IN
S2-007715	Summit Solutinos Inc	20 Redwood Drive, Lantern Park, Tacoma, AL, 22808	USA
S2-004797	Fabrics, Silverline Liimted	30/36 Maplecrest Marg, Maplecrest Nagar, Indore, 252292	IN
S2-005857	Quarry Maplecrest Industries & Sons Ltd	287 Quarry Marg, Lantern Ngaar, Indore	India
S2-000309	Nrothgate P Ltd	143 Apex Crs, Summit Nagar, Jaipur, 610546	India
S2-004849	Maplecrestt Ltd	147 Thistle Main, Ironwood Nagar, Indore, 314566	IN
S2-007352	VertexConsultancy Ltd	Northgate Marg, Goldleaf Ngar, Pune, Rajasthan, 973489	India
S2-002124	Vertex Limited	Opp. Bus Depot, Pune, Kerala, 392209, 148 Kestrel Crs	India
S2-005905	Silverline Onyx Consultancy Comppany	353 Harbor Dr, Apex Park, Austin, 64678	USA
S2-008274	Onyx Solutios & Sons	Lantern Dr Austin TX 12441	United States
S2-006654	Thistle	Near Exit 14, 21 Lantern Boulevard, Thistle Park, Peoria, WA, 91773	USA
S2-005392	Falcon Packaging Brightpath	135 Vertex St Maplecrest Park Austin	US
S2-000095	Summit, Motors Pvt Ltd	43 Stonebridge Street, Silverline Nagar, Indore, Maharashtra	India
S2-006983	Juniper Apex & Sons Liimited	70 Stonebridge St, Kestrel Nagar, Pune, Maharashtra	IN
S2-004367	Harbor Redwood Logistics Commpany	Behind the Civic Center, Goldleaf Park, Fresno, 276 Falcon Dr	USA
S2-003950	Northgate Bluepeak Pvt Ltd	Ravenwood Road, Vertex Nagar, Behind Ganesh Temple, Coimbatore, 903001	IN
S2-006021	Ironwood Solutions & Sons Company	37/81 Falcon Drive, Opp. City Library, Fresno, WA, 31782	United States
S2-004639	Goldleaf Solutionns Ltd	186 Kestrel Mn, Maplecrest Nagar, Kochi, Maharashtra	IN
S2-002620	Redwood Redwood Enterprises Private Limited	159 Orchid Rd, Orchid Nagar, Jaipur, Kerala	IN
S2-000292	Kestrel Services LLC	24/77 Quarry St, AL, 91084, Akron	US
S2-002940	Redwood Consultancy	Redwood Rd, Brightpath Nagar, Coimbatore, MP, 641770	IN
S2-000277	Onxy Services & Sons	268 Maplecrest Street, Redwood Park, Lubbock, OH, 30889	US
S2-005700	Bluepeak Solutions Private Limited	295 Sunstone Rd, Thistle Nagar, Jaipur, Maharashtra, 896111	IN
S2-007944	Harbor Bluepeak Servies Inc	382 Brightpath St, Onyx Park, Tacoma, AL, 69098	USA
S2-004507	Vertex Packaging LLC	327 Brightpath Blvd, Bluepeak Park, Akron, 81626	US
S2-007178	Apex Pakcaging Ltd	Behind Ganesh Temple, Vertex Nagar, Nagpur, Rajasthan, 598393, 371 Vertex Mn	India
S2-009272	Quarry, Soltuions Limited	286 Juniper Street, Sunstone Nagar, Kochi	IN
S2-007392	Stonebridge Northgate Motors Inc	19 Falcon Road, Near Exit 14, Peoria, 87998	US
S2-000323	Falcon Logisitcs Pvt Ltd	Brightpath Nagar, Jaipur, Kerala, 505274, 359 Cobalt Marg	India
S2-004559	Falcon PackagingC ompany	308 Cobalt Avenue Mobile 48424	United States
S2-004543	Goldleaf Cemicals Inc	270 Lantern Street, Maplecrest Park, Akron, WA	United States
S2-001364	Juniper Systems Ltd	Nar Metro Pillar 42, 235 Orchid Mn, Vertex Nagar, Jaipur, Maharashtra	India
S2-006978	Jniper Apex Textiles Incorporated	222 Kestrel Marg, Opp. Bus Depot, Harbor Nagar, Akron	India
S2-005888	Kestrel LLLC	343 Summit Boulevard, Apex Park, Opp. City Library, Tacoma, 11028	USA
S2-008014	Harbor Enterprises Cobalt	22/43 Cobalt Marg, Vertex Naga,r Pune, Kerala, 873688	India
S2-000427	Sunstone Enterprises Private Limited	31 Ironwood Rd, Summit Nagar, Surat, Kerala, 924007	India
S2-002387	Silverline, and Sons Company	114 Ravenwood Boulevard, Opp. City Library, Ravenwood Park, Mobile, 38882	US
S2-007669	Silverline & Sons Limited	196 Goldleaf Ave, Behind the Civic Center, Jaipur, WA, 83167	United States
S2-007203	Falcon Chemicals Corp	166 Redwood Blvd, Stonebridge Park, Tacoma	USA
S2-006218	Harbor, Inc	Northgate Rd, Mobile, IL, 23925, Silverline Park	USA
S2-002684	Clearwater Industries	140 Thistle Crs, Pune, MP, 654361	India
S2-002897	Ravenwood Brighhtpath Ltd	263 Goldleaf Crs Meridian Nagar Pune 738872	IN
S2-008104	Summit Industies LLC	101 Vertex St, Akron	United States
S2-000128	Onyx Bleupeak Solutions Corp	198 Apex Road, Ravenwodo Park, Lubbock	United States
S2-002919	Thistle Consultancy Inc	324 Vertex Blvd Thistle Park Mobile AL 29726	USA
S2-005886	Thistle MaplecrestPrivate Limited	26 Meridian Rd Goldleaf Nagar Surat Maharashtra 896096	IN
S2-001760	Maplecrest Onyx Chemicals Corpporation	198 Brightpath Rd, Akron, 35648	US
S2-008242	Thistle Pvt Ltd	16/86 Vertex Marg, Kestrel Nagar, Nagpur, MP	India
S2-007536	Solutions ummit Corp	268 Ironwood Ave, Thistle Park, Austin, AL	United States
S2-002321	Ironwood Bluepeak Textiles Incorporatd	111 Vertex Dr, Opp. City Library, IL, 31542, Fresno	US
S2-007521	Brightpath PL td	Harbor aMrg, Jaipur, Maharashtra	India
S2-007330	Aepx, Fabrics	221 Ravenwood Rd, Brightpath Park, Akron, CA	US
S2-003472	Redwood Texxtiles Private Limited	84 Kestrel Mn, Brightpath Nagar, Opp. Bus Depot, Pune, 999641	India
S2-001371	Thisttle Services Privvate Limited	300 Hrabor Main, Indore, Gujarat, 910782	IN
S2-004522	Goldlefa Enterprises Ltd	387 Orchdi Mn, Thistle Nagar, Jaipur, Gujarat, 154555	IN
S2-002570	Enterprises Summit Clearwater Inc	69 Meridian Ave, Summit Park, Fresno, IL, 37905	United States
S2-004098	Redwoood Industrries	Ironwood St Silverline Nagar Near Metro Pillar 42 Coimbatore 581350	India
S2-000422	Sunstone Consultancy Ltd	322 Bluepeak Marg, Redwood Nagar, Surat, Kerala, 780624	India
S2-007164	Falcon, Enterprises ncorporated	240 Juniper Mn, Thistle Nagar, Lubbock, MP, 994234	India
S2-007742	Northgate, Foods	Thistle Street, Fresno, Tamil Nadu, 586234	India
S2-006677	Harbor Inustries P Ltd	6 Stonebridge Road Meridian Nagar Jaipur Maharashtra	India
S2-002804	Kestrel Tradign Ltd	381 Goldleaf Marg, Thistle Nagar, Coimbatore	IN
S2-002783	Quarry, Pvt Ltd	Kestrel Crs, Ironwood Nagar, Jaipur, Kerala	India
S2-003178	Summit Trading nd Sons Ltd	Behind Ganesh Temple 396 Apex St Harbor Nagar Kochi	IN
S2-008932	Services Kesstrel LLC	350 Onyx St Silverline Park Austin CA 84384	USA
S2-008923	Goldleaf Tradding LLC	53 Redwood Avenue Falcon ParkA ustin 21498	USA
S2-006026	Meridian Rvaenwood Corporation	374 Silverline Rd, Tacoma	US
S2-002446	Onyx Lantern Chemicals Limited	86 Falcoon Street, Juniper Nagar, Indore, 595620	IN
S2-006126	Vertex, Consultancy Private Limited	34 Goldleaf Crs, Indore, 901400	IN
S2-002587	Northgate P Ltd	Opp. Bus Depot 283 Harbor Road Coimbatore Gujarat 820964	India
S2-006008	Sunstone Quarry Motors	Sunstone Park Mobile 186 Orchid Rd	US
S2-005346	Sunsone	19/51 eRdwood Cross, Onyx Nagar, Pune, 890785	India
S2-004937	Maplecrest Industries Inc	103 Juniper St, Ravenwood Park, Fresno, IL	USA
S2-008440	Maplecrets, Solutions	130 Juniper Dr WA 44212 Lubbock	United States
S2-006457	Sunstone Solutions Inc	262 Ravenwood Ave, Maplecrest Park, Akron, 85075	USA
S2-002932	Orchid Consultancy	Brightpath Street, Austin,, CA, 11334	USA
S2-001053	Northgate Ravenwoo Ltd	261 Meridian Crs, Clearwater Nagar, Coimbatore	India
S2-006185	Ironwood Corp	82 Silverilne Drive, Lubbock, OH	USA
S2-006982	Orchid, Foods & Sons Incorporated	324 Sunstone Dr Ironwood Park Akron	US
S2-008669	Noorthgate nyx Textiles	199 Redwood Road, Orchid Nagar, Kcohi, MP, 123954	United States
S2-007495	Summit Motors LLC	36 Quarry Dr, Summit Park, Peoria, CA	US
S2-000875	Cobalt Motros	21 Onyx Blvd, Brightpath Park, Tacoma, CA, 77585	US
S2-001563	Maplerest Trading LLC	155 Bluepeak Street, Ironwood Park, Fresno, AL	United States
S2-005573	Orchid Corporation	Opp. City Library, 250 Harbor St, Lubbock, AL, 40767	USA
S2-007417	Stonebridge Pacckaging Corporation	231 Kestrel St, Kestrel Park, Peoria, IL	USA
S2-006430	Summit Northgate Servicees Limited	84 Bluepeak Road, Kochi, MP, 766531	IN
S2-003910	Stonebridge Foods and Sons Pvt Ltd	332 Goldleaf Cross, Redwood Nagar, Nagpur, Kerala	India
S2-002396	Quarry, Services Corporation	86 Onyx St, Cobalt Park, Fresno, OH	United States
S2-006773	Onyx Systems Limited Liability Company	85 Meridian Blvd, Silverline Park, Tacoma, 61140	USA
S2-007655	Maplecrest, Consultancy Ltd	134 Stonebridge Road Jaipur Tamil Nadu 766998	India
S2-003637	Vertex Apex Electricals Ltd	226 Juniper Marg Nagpur 172505	India
S2-009043	Onyx Northgate Private Liimtde	201 Summit Crs Coimbatore	India
S2-001049	Orchid Foods Co	17/32 Thistle Dr, Silverline Park, Akron	United States
S2-003285	Sunstone Private Limited	372 Apex Marg, Summit Nagar, Pue, Tamil Nadu, 589747	India
S2-006161	Kestrel Packaging nc	383 Lantern Drive, Peoria, TX	USA
S2-004144	Vertex Brightpath Systems and SSons Privaate Limited	393 Silverline Mn, Quarry Nagar, Nagpur, Gujarat	India
S2-000519	Redwood Redwood Chemicals & Sns Private Limited	328 Thistle Crs Apex Nagar Nagpur 856356	India
S2-006191	Harbor Trading	Clearwater Marg, Falcon Nagar, Pune, Gujarat, 667805	India
S2-006014	ThistleF oods LLC	163 Ravenwood Road, Goldleaf Park, Peoria, OH, 11216	USA
S2-005487	Stonebridge Logisticcs Limited Liability Company	Opp. CityL ibrary, Bluepeak Park, Lubbock, TX, 52646, 37/82 Brightpath Street	US
S2-006034	Quarry Vertex Services & Sons Pvt Ltd	Near SBI ATM, 168 Vertex Marg, Orchid Nagar, Pune, Kerala, 508723	IN
S2-008442	Maplecrest Textiles Ltd	Behind Ganesh Temple, 180 Vertex Rd, Brightpath Nagar, Surat	IN
S2-007725	Apex Motors Vetrex and Sons Inc	333 Meridian Drive, Cobalt Park, Austin, AL, 36381	USA
S2-009350	Maplecrest Clerawater Solutions and Sons Limited Liability Company	372 Goldleaf Street 68946 Akron	USA
S2-005973	Cobalt Inc	286 Juniper Boulevard, Thistle Pakr, Fresno, AL	US
S2-007195	Brightpath Orchiid Enterprises	315 Northgate Street, Sunstone Park, Akron, 45318	US
S2-005892	Cobalt Enterprsies Corp	147 Falcon Street, Apex Park, Lubbock, OH, 89299	United States
S2-009157	Sunstone Consultancy Limited	219 Cobalt Drive, Onyx Park, Lubbock, 69038	India
S2-002062	Juniper Fabrics	141 Meridian St Goldleaf Park Akron TX 98867	USA
S2-002802	Cobalt, Traading	143 Ravenwood Street Ravenwood Nagar Kochi 189829	IN
S2-002100	Ironwood, Elcetricals LLC	317 Meridian Boulevard Clearwater Park Fresno IL 56060	US
S2-006896	Harbor Maplecrest Chemicals LLC	168 Goldleaf Rd Thistle Park Mobile	United States
S2-002893	Brigghpath Ironwood Logistics LLC	24/46 Kestrel Drive, Ironwood Park, Fresno, CA	US
S2-001556	Kestrel Chemicls Company	38 Vertex Rd, Apex Park, Tacoma, IL, 73221	USA
S2-001414	Vertex Logistics Co	138 Orchid Drive, Fresno, 18001	USA
S2-000618	Lantern Vertex Packaging LLC	8 Goldleaf Drive, Behind the Civic Center, Bluepeak Park, Peoria, CA	US
S2-006450	Servvices & Son P Ltd	220 Orchid Crs, Onyx Nagar, Indore, Rajasthan, 936377	IN
S2-004596	Ravenwood Trading Lantern Company	347 Redwod Boulevard, Mobile, IL	USA
S2-007162	Falcon Orchid Idnusries Corporation	356 Juniper Blvd, Falcon Park, Akron, WA, 73326	US
S2-005244	Bluepeak Foods Limited	26/6 Lantern Marg Near Metro Pillar 42 Cobalt Nagar Pune	India
S2-008540	Ravenwood Corp	92 Kestrel St, Fresno, CA, 90792	US
S2-002617	Summit  P Ltd	Vertex St, Brightpath Nagar, Nagpur, Tamil Nadu	India
S2-002588	Nrothgate ChemicalsP Ltd	283 Harbor Rd, Goldleaf Nagar, Opp. Bus Depot, Coimbatore, 820964	IN
S2-000216	Industries Private Limiited	28/20 Bluepeak Road, Indore, Gujarat, 567931	India
S2-007042	Summit, Consultancy	Opp. City Library, 334 Kestrel Boulevard, Tacoma, 24035	United States
S2-009225	Cobalt Redwood Textiles Corp	195 Silverline Blvd, Lantern Park, Peoria, IL, 56693	US
S2-001040	Ironwoo dSolutions & Sons	31 Harbor Cross Falcon Nagar Coimbatore 507846	India
S2-008367	Northgate Motors LLC	397 Brrightpath Avenue, Stonebridge Park, Austin, WA	United States
S2-002089	Falcon Motors	2/79 Orchid Crs, Indore, Rajasthan, 665136	India
S2-001802	Northgate Motors Privte Limited	343 Cobalt Street Harbor Nagar Kochi Maharashtra	IN
S2-003724	Solutions Limited Liability Company	Harbor St, Silverline Park, Lubbock, CA, 79011	US
S2-009191	Falcon Summit and SonsP Ltd	109 Bluepeak St, Clearwater Nagar, Kochi, Maharashtra	IN
S2-002244	Orcihd & Sons	Behind the Civic Center, 162 Ironwood Ave, Austin, IL, 56389	USA
S2-001700	Onyx Electricals and Sons Ltd	194 Orchid Crs, Maplecrest Nagar, Kochi, Rajasthan, 910705	India
S2-005725	Summmit  Systems Incorporated	50 Orchid Boulevard Fresno 93293 TX	US
S2-008164	Meridian Packaging P Ltd	19 FalconM arg, Goldleaf Nagar, Surat, MP	IN
S2-003083	Brightpath Goldleaf Industries Pvt Ltd	119 Quarry Marrg, Summit Nagar, Surat	IN
S2-007349	Juniper oFods Ltd	240 Onyx Rd, Summit Nagar, Indore, 514843	IN
S2-005893	Cobalt and Sons	147 Falcon St Lubbock OH	US
S2-003111	Sunstone  Sunston Fabrics Company	71 Lantern Dr, Juniper Park, Austin	United States
S2-008651	Ironwood Northgate LLC	367 Lantern Road, 79133, Akron	United States
S2-003070	Apex Trading nad Sons Inc	382 Maplecrest Drive, Brightpath Park, Lubbock	United States
S2-000115	Kestrel Ravenwood Ltd	164 Juniper Mn, Kestrel Nagar, Nagpur, Tamil Nadu	IN
S2-006725	Cobalt Foods Corp	242 Cobalt Dr, Maplecrest Park, Austin	USA
S2-003166	Goldleaf Northgate Chemicals Corp	388 Goldleaf Drvie, Harbor Park, Peoria, 30590	United States
S2-001248	Ravenwood Thistle Eletcricals Limited Liability Company	344 Clearwater Dr, Fresno	US
S2-005285	Brightpath Textiles and Sons Inc	Harbor Blvd Bluepeak Park Tacoma	United States
S2-003524	Kestrel Electricalls	103 Silverline Mn, Meridian Nagar, Surat, Rajasthan, 404076	IN
S2-000050	Ravenwood Meriidian Limited	144 Kestrel Rd, Opp. Bus Depot, Goldleaf Nagar, Coimbatore, 414984	India
S2-005522	Thistle Solutions & Sons Private Limited	10/9 Goldleaf Crs, Thistle Nagar, Pune, Gujarat, 759390	IN
S2-006167	Cobalt Motors	385 Ravenwood St, Nagpur, 373871	IN
S2-000393	Bluepeak Packaging	268 Ironwood Street, Bluepeak Park, Mobile	US
S2-003635	Fabrics Meridian	Thistle Drive, Meridian Park, Peoria, OH, 69723	US
S2-005263	Silverline Northgaate Enterprises	Stonebridge Avenue, Meridian Park, Fresno, OH, 15954	US
S2-002698	Redwood, Packaging Company	23 Redwood Ave, Northgate Park, Opp. City Library, Akron, 71196	United States
S2-001896	Maplecrest Silverline and Sons Pvt Ltd	336 Harbor Marg, Bluepeak Nagar, Jaipur, 864261	IN
S2-005835	Bluepeak and Sons nIc	200 Brightpath Road, Meridian Park, Lubbock, CA, 66193	USA
S2-003027	Sunstone Consultanccy Pvt Ltd	185 Harbor Road, Northgate Nagar, Pune, Rajasthan	IN
S2-002956	Ironwood Onyx Private Liited	155 Summit Mn, Summit Nagar, Nagpur, 374962	India
S2-000482	Brighhtpath Services Pvt Ltd	52 Bluepeak Marg, Behind Ganesh Temple, Silverline Nagar, Pune	India
S2-001832	Onyx Industries Ltd	70 Redwood Mn, Surat, 285996	IN
S2-002782	Quarry Packaging PrivateLimited	193 Kestrel Cross, Ironwood Nagar, Jaipur, 297354	IN
S2-007050	Harbor Motors Crporattion	Thistle St, Mobile, 94623	United States
S2-009348	Suntone Inc	Opp. City Library, Brightpath Dr, Fresno	USA
S2-004453	Maplecrest Pvt  Ltd	84 Meridian Marg Clearwater Nagar Indore Gujarat 480726	India
S2-004007	Vertex eTxtiles Limited	318 Orchid Cross, Northgate Nagar, Nagpur, Maharashtra, 368966	India
S2-003870	Ironwood Industries	Northgate Street, Falcon Park, Peoria, AL, 19971	United States
S2-006435	Maplecrest Syystems & Sons	159 Kestrel Mn, Northgate Nagar, Opp. Bus Depot, Indore, MP, 662486	IN
S2-000394	Kestrel Clearwater Solutions Inc	Apex Park, Mobile, 275 Falcon Street	US
S2-001177	Brightpath Orchid Corporation	6 Brightpath St, Onyx Park, Fresno, AL, 18580	US
S2-003964	Quarry Meridian Textiles LLC	Redwood Blvd, Opp. City Library, Meridian Park, Mobile, CA, 56872	US
S2-003709	Consltancy Limited LLiability Company	30/50 Clearwater Rd, Fresno, WA, 41437	US
S2-004995	Juniper, Fabrics Private Limited	95 Cobalt Marg, Ravenwood Nagar, Indore, Gujarat, 502306	IN
S2-007467	Thistle Electricals Incorporated	57 Maplecrest Street, Meridian Park, Near Exit 14, Fresno, 59644	USA
S2-004610	Harbor Industries &  Sons Ltd	110 Falcon Crs Orchid Nagar Jaipur Maharashtra 807885	India
S2-001956	Cobalt Enterprises Corporation	27/9 Apex Rd, Clearwater Park, Akron, 42047	USA
S2-000195	Ironwood Brightpath Motors Private Limited	108 Sunstone Marg,  Onyx Nagar, Indore, MP, 271026	India
S2-000269	Orchid Stonebridge Foods	116 Ravenwood Street Meridian Nagar Coimbatore Rajasthan 166670	India
S2-009155	Summi tTrading Ltd	Ravenwood Nagar, Nagpur, Gujarat, 353699, 96 Vertex Crs	IN
S2-002329	Quarr yConsultancy Co	12 Brightpath St, Lubbock, 699160	United States
S2-000157	Meridian Foods P Ltd	277 Maplecrest Rd, Goldleaf Nagar, Nagpur, 858621	India
S2-001612	Quarry Foods Comapny	198 Stonebridge St, Lubbock,  OH	US
S2-006027	Meridian, Ravenwood Packaging and Sons Corporation	Silverline Rd Tacoma TX 51788	USA
S2-003374	Meridian Logistcis & Sons Private Limited	206 Lantern Cross, Harbor Naar, Jaipur	India
S2-008343	Quarry Juniper Textiles Private Liimetd	251 Lantern Mn, Sunstone Nagar, Pune, Kerala	IN
S2-005908	Falcon Textiles	189 Quarry Cross, Apex Nagar, Kochi	IN
S2-001479	Stonebridge PP Ltd	196 Meridian Marg, Indore, Kerala	IN
S2-004766	Cobalt OnyxFoods	26/30 Goldleaf St Kestrel Park Lubbock AL 36069	United States
S2-005906	Sunstone Fabrics P Ltd	70 Redwood Marg, Harbor Nagar, Indore	IN
S2-000523	Bightpath, Fabrics Corp	Opp. City Library, 34/71 Bluepeak Dr, Silverline Park, Fresno, 57405	US
S2-008391	Quarry Txtiles Corp	10/61 Ironwood Road, Redwood Park, Austin, OH	US
S2-007429	Silvreline Limited	Near Metro Pillar 42 293 Brightpath Cross Vertex Nagar Coimbatore	India
S2-009137	Onyx, Packaging	291 Juniper Road, Redwood Park,  Mobile	US
S2-001383	Stonebridge Foods and Sons	53 Thistle Road Surat Gujarat 794430	India
S2-007375	Orchid Electrricals Co	311 Quarry Ave Falcon Park Lubbock OH 65711	US
S2-002904	Thistle Chemicals Pvt Ltd	11 Juniper Main Bluepeak Nagar Behind Ganesh Temple Nagpur Maharashtra	IN
S2-004799	Bluepea Services Private Lmiited	178 Falcon Street, Harbor Nagar, Nagpur, Gujarat, 688427	IN
S2-001343	Ironwood Goldleaf Corp	354 Onyx Avenue Near Exit 14 Austin	US
S2-001562	Mapleecrest	155 Bluepeak Street Ironwood Park Fresno	United States
S2-003785	Goldleaf Solutions	172 Juniper Rd, Kochi	IN
S2-006973	Cobalt Paackaging P Ltd	21 Clearwater Main, Bluepeak Nagar, Kochi, Kerala, 697651	India
S2-008545	Bluepeak Systems	10/68 Northgate Cross, Stonebridge Nagar, Jaipur, 999985	IN
S2-000938	Ironwoo Electricals	72 Sunstone Street, Juniper Park, Mobile, OH, 52345	USA
S2-009170	Falcon Trading	4/66 Northgate Main, Clearwater Nagar, Pune, Rajasthan	IN
S2-005410	Meridian Verte xCorp	324 Harbor Drive, Silverline Park, Arkon, WA, 25970	United States
S2-006870	Ironwood Meridian Packaging & Sons Incorporated	33/43 Kestrel Rd, Kestre lPark, Peoria, 49447	USA
S2-003159	Kestrel and Sons LLC	294 Vertex Rd, Kestrel Park, Tacoma, OH	United States
S2-007478	Maplecrest Summit Packganig Corporation	Behind the Civic Center, 305 Silverline Boulevard, Ironwood Park, Peoria	US
S2-003280	Cobalt Tetxiles Incorporated	4/40 Quarry Dr, Opp. City Library, Juniper Park, Lubbock, IL	United States
S2-008450	Apex Services Ltd	34 Redwood Marg, Goldleaf Nagar, Jaipur, Tamil Nadu, 619564	IN
S2-006131	Falcon Chmiccals Pvt Ltd	267 Ironwood Road Surat Rajasthan 888396	India
S2-008008	Goldleaf Logistics Private Limitd	70 Onyx Mn, Coimbatore, MP, 244452	India
S2-001024	Ravewnod	4/54 Meridian St, Silverline Nagar, Coimbatore, Kerala	IN
S2-002011	Onyx Limited	343 Apex Road, Quarry Nagar, Coimbatore, 828815	IN
S2-009271	Onx Logistics	396 Kestrel Drive, Brightpath Park, Akron, 49821	US
S2-007246	Orchid Consultancy & Sons Limited Liability Company	245 Northgate Boulevard, Sunstone Park, Akron	United States
S2-009118	Trading Vertex	288 Thistle Dr, Juniper Park, Jaipur, AL	USA
S2-002111	Lantern, Trading	314 Juniper Avenue, Lantern Park, Opp. City Library, Fresno, WA, 14029	USA
S2-004486	Vertex Fabric s& Sons Pvt Ltd	Clearwater Nagar Surat Rajasthan 346172 136 Bluepeak Crs	India
S2-005986	Solutinos Lantern	167 Thistle St, Falcon Park, WA, 17842, Mobile	USA
S2-008239	Kestle, Enterprises LLC	5/77 Juniper Rd, Peoria, AL, 98103	United States
S2-004827	Ravenwood Services Private Limiteed	Near Metro Pillar 42, 316 Sunstone St, Onyx Nagar, Coimbatore, MP, 110854	IN
S2-003141	Sunstoen Consultancy LLC	364 Bluepeak Road, Apex Park, Tacoma, 48958	USA
S2-000098	Apex Chemicals & Sons  Co	339 Apex St, Onyx Park, Akron, IL	USA
S2-004594	Ravenwood Lnatern Trading Co	Redwood Blvd, Redwood Park, Mobile, IL, 64478	USA
S2-000164	Stonebridge Electricals	212 Apex Marg, Bluepeak Nagar, Indore, 218616	IN
S2-000933	Maplecrest Electricals Junier P Ltd	106 Bluepeak Street, Coimbatore, Tamil Nadu, 318221	India
S2-003491	Maplecrest Motors	280 Veretx Drive Fresno	United States
S2-007957	Cobalt Private Limited	Behind Ganesh Temple, 398 Goldleaf Cross, Cobalt Nagar, Coimbatore, Rajasthan, 698300	IN
S2-005709	Juniper Falcon Systms Inc	Near Exit 14, 100 Kestrel Road, Lantern Park, Tacoma, 80737	US
S2-008993	Cobalt LLC	280 Summit Cross, Silverline Nagar, Fresno	India
S2-005168	Silverline Electricals Private Limited	33/71 Sunstone Rd Ksetrel Nagar Pune 709532	IN
S2-006782	Juniper, Systems & Sons Limited	282 Brightpath Street, Summit Nagar, Indore, Gujarat	IN
S2-002794	Harbor, Juniper Consultancy Co	171 Lantern St, Near Exit 14, Orchid Park, Mobile, OH, 83969	USA
S2-000671	Falcon Motors Private Limited	Opp. Bu Depot, 158 Apex Cross, Bluepeak Nagar, Nagpur, Kerala	IN
S2-006341	Irownood Silverline	221 Thistle Rd Nagpur Rajasthan	India
S2-008769	Stonebrdge, Packaging Private Limited	120 Sunstone St, Vertex Nagar, Kochi, 682193	India
S2-002523	Goldleaf Consultncy Incorporated	Behind the Civic Center, 396 Northgate Avenue, Ravenwood Park, Austin	United States
S2-007643	Jnuiper Pvt Ltd	121 Ravenwood St, Juniper Nagar, Jaipur, 484685	IN
S2-005435	Ironwood	130 Vertex Road, Ravenwood Nagar, Coimbatore, 417701	India
S2-007988	Onyx Enterprsies	119 Onyx Road, Harbor ark, Lubbock, 61615	US
S2-006861	Thistlee Pvt Ltd	213 Silverline Marg, Juniper Nagar, Jaipur, Maharashtra, 439252	India
S2-008015	Bluepeak Quarry Logistics and Sons Pvt Ltd	137 Lantern Avenue, Redwood Park, Opp. City Library, Akron, OH, 28182	IN
S2-003412	Motors Maplecrest Orchid and Sons Privatte Limited	281 Brightpath Street, Redwood Nagar, Gujarat, 495590, Surat	IN
S2-000097	Goldleaf Systems LLC	200 Quarry Drive Redwood Park Akron 31271	United States
S2-003060	Orcchid Foods Company	64 Stonebridge Drive, Austin, TX, 75645	US
S2-006813	Chemicals Northgate & Sons P Ltd	23/48 Sunstone Street, Apex agar, Coimbatore, Gujarat, 645275	India
S2-006365	Maplecrest Services Limmied Liability Company	171 Kestrel Blv dLubbock	US
S2-004321	Vertex Logistic CCo	128 Falcon Ave, Ironwood Park, Austin, WA, 21101	United States
S2-001991	Cobalt  Trading Pvt Ltd	239 Juniper St, Coimbatore, MP, 888101	India
S2-004837	Clearwter Packaging	72 Ironwood Avenue Harbor Park Peoria CA	USA
S2-004586	Northgate and Sons Incorporated	Behind the Civic Center, 67 Lantern Drive, Thistle Park, Austin, OH	USA
S2-006214	Silerline Chemicals Pvt Ltd	398 Ravenwood Marg, Apex Nagar, Jaipur, Maharashtra, 702315	India
S2-002431	Silverline & Sons Pvt Ltd	192 Kestrel St, Kestrel Nagar, Coimbatore, MP	IN
S2-000249	Quarry, aand Sons Limitde	325 Brightpath St, Nagpur, Gujarat, 177391	IN
S2-001021	Systems Harbor and Sons Pvt Ltd	319 Redwood Street, Indore, Tamil Nadu, 379841	India
S2-001966	Summiit Motors	101 Northgate Avenue, Meridian Park, Peoria, TX	USA
S2-005515	Stonebridge Corp	Apex St, Goldleaf Park, Austin, CA, 64937	US
S2-001727	Brightpath Industries P Ltd	20 Redwood Rd, Opp. Bus Depot, Orchid Nagar, Indore, Tamil Nadu	IN
S2-003669	Ironwood Food Ltd	8/3 Brightpath Marg Stonebridge Nagar Indore Kerala 711594	IN
S2-007660	Systems Maplecrest Company	93 Stonebridge St, Fresno, TX, 69531	United States
S2-003254	Thistle Juniper Motors and  Sons	Apex Rd, Redwood Park, Akron	United States
S2-007792	Falcon Trrading	3/72 Meridian Ave, Lubbock, AL, 67007	United States
S2-005776	Apex Textiles	17/31 Sunstone Ave, Thistle Park, Austin, 74928	United States
S2-000950	Redwood Bluepeak Solutions Limited Liability Company	164 Quarry Road, Quarry Park, Mobile, 47952, WA	USA
S2-000953	Redwod Fabrics	387 Harbor Street Vertex Park Near Exit 14 Austin 78057	US
S2-002755	ClearwaterP ackaging & Sns	216 Juniper Boulevard, Near Exit 14, Mobile, OH, 82995	United States
S2-003096	Harbor Foods Ltd	36/1 Northgate Rd, Apex Nagar, Coimbatore	IN
S2-007167	Chemicals Meridian	215 Orchid Drive, Meridian Park, Lubbock, OH	US
S2-008306	Lantern Textiles	211 Maplecrest Street, Kochi, Gujarat, 441315	India
S2-005155	Northgate Limited	20 Stonebridge Mn, Opp. Bus Deot, Lantern Nagar, Indore, 996383	India
S2-005140	Lantern Motors Corp	30 Harbor St, WA, 59327, Lubbock	USA
S2-006712	Junipe Solutions P Ltd	323 Ironwood Rd Jaipur Rajasthan 441522	IN
S2-003945	Juniper, Chemcals P Ltd	288 Cobalt St, Qurary Nagar, Surat, Gujarat	IN
S2-007242	Fabrics Thistle CCo	126 Ravenwood Dr, Goldleaf Park, Austin, 29076	USA
S2-006838	Goldleaf Kestrel Trading Private Limited	279 Meridian Rd, Coimbatore, Maharashtra, 346264	IN
S2-006073	Sunstone, Fabrics and Sons Limited Liability Company	Maplecres Dr, Kestrel Park, Fresno, 54364	United States
S2-001789	Summit Textiles PP Ltd	354 Silverline Rd, Silverline Nagar, Opp. Bus Depot, Nagpur, Kerala, 838738	India
S2-002631	Onyx Falcon Textile sLtd	Maplecrest Marg, Redwood Nagar, Indore, Tamil Nadu, 183054	IN
S2-003698	Harbor Chemcials Corp	207 Goldleaf Boulevard, Onyx Park, Mobile, IL, 10072	United States
S2-005177	Silverilne	168 Meridian Blvd, Opp. City Library, Juniper Park, Fresno, TX	US
S2-007416	Summit Motors P Ltd	Kestrel Road, Indore, PM	IN
S2-001309	Goldleaf, Industries LLC	Behind the Civic Center, Sunstone Avenue, Clearwater Park, Fresno, AL	US
S2-002493	Summit Northgate Private Limtied	315 Lantern Rd, Silverline Nagar, Kochi, Kerala, 372631	India
S2-000591	Thstle Trading	Behind Ganesh Temple, 101 Quarry Main, Coimbatore	IN
S2-004592	Cobalt Industries Private Limited	96 Quarry Main, Cobalt Nagar, Kochi	India
S2-005761	Lanter Soltions	Vertex St Ironwood Nagar Kochi	IN
S2-004021	Northgate, Industries & Sons Private Limited	53 Kestrel Mn, Silverline Nagar, Jaipur, 256251	India
S2-006975	Ravenwood Enterprises	Redwood Road Juniper Park Austin AL 72409	US
S2-000737	Kestrel Private Limited	324 Ravenwood Crs, Jaipur, 198248	IN
S2-007995	Falcon Fabrics Private Limited	Silverline Mn, Harbor Nagar, Nagpur, Gujarat, 474040	India
S2-004445	Orchid, Services Co	98 Redwood Street, RedwoodP ark, Mobile, OH	US
S2-006777	Harbor Motors oC	256 Sunstone St, Harbor Park, Lubbock, 28416	USA
S2-000042	Harbor and Sons Compay	32/41 Sunstone St, Falcon Park, Fresno, WA,43078	United States
S2-007577	Northggate P Ltd	12 Orchid Marg Apex Nagar Coibmatore 410920	IN
S2-006759	Kestrel Systems Inc	202 Juniper Ave, Lantern Park, Mobile, WA, 99580	United States
S2-004904	Kestrel Chemicals and Sons	362 Stonebridge Crs Behind Ganesh Temple Orchid Nagar Indore 781599	India
S2-003267	Cobalt Industries Private Limited	232 Silverline Rd, Maplecrest Nagar, Near SBI ATM, Jaipur, Gujarat	India
S2-001545	Ravenwood Entterprises Corporation	Near Exit 14, Apex Blvd, Peoria, IL, 80811	USA
S2-007606	Junipre Logistics Commpany	227 Juniper Ave, Near Exit 14, Austin	USA
S2-002817	Silverline & Sons Company	6 Clearwater Rd, Silverline Park, Fresno, AL, 53206	United States
S2-002007	Kestrel Ltd	155 Goldleaf Main, Jaipur, MP, 102205	IN
S2-001970	Thistle Motors Corporation	Behind the Civic Center, 63 Juniper Avenue, Austin	US
S2-008607	Juniiper	8/73 Cobalt Marrg, Opp. Bus Depot, Orchid Nagar, Pune, MP, 254408	India
S2-002120	Summit & Sons Company	Opp. City Library, 128 Ravenwood Blvd, Bluepeak Park, 22936, Mobile	USA
S2-006279	Brightpath Trading Co	Opp. City Library, 293 Falcon St, Onyx Park, Lubbock, AL	United States
S2-005825	Ravenwood Chemicals	266 Goldleaf Street, Silverline Nagar, Jaipur, Kerala	India
S2-003534	Maplecrest Motors	224 Kestrel Road, Indore, Kerala, 427294	IN
S2-003122	Meridian Mtors and Sons Ltd	164 Falcon Marg, Opp. Bus Depot, Coimbatore, 366845	IN
S2-007948	Bluepeak & Sons Inc	277 Apex Blvd Malpecrest Park Tacoma OH	US
S2-001033	Juniper Maplecrest Foods and Sons Pvt Ltd	139 Ironwood Street, Nagpur, Gujarat, 231216, Meridian Nagar	India
S2-006231	Goldleaf Silverlnie Foods Co	Kestrel Boulevard Silverline Park Akron	USA
S2-004466	Goldleaf	68 Orchid Bulevard, Quarry Park, Tacoma, 96562	United States
S2-004508	Vertex Packaging and Sons Limmited Liability Company	327 Brightpath Blvd, Bluepeak Park, Akron, IL	USA
S2-004179	Lanternn Onyx	214 Northgate St, Opp. City Library, Northgate Par,k Lubbock, OH	US
S2-007031	Ravenwood Northgate Textiles Pvt Ltd	Lantern Mn, Near Metro Pillar 42, Pune, Rajasthan	IN
S2-006455	Qarry Enterprises	Near SBI ATM, Thistle Rd, Surat, Maharashtra, 881649	IN
S2-000816	Falon & Sons	51 Lantern Crs, Northgate Nagar, Indore, Tamil Nadu	IN
S2-004346	Falcon Trading Company	229 Apex Avenue Fresno WA	USA
S2-004464	Ironwood and Sons Company	Lantern  Ave, 48549, Austin	US
S2-007935	Enterprises Goldleaf PrivateLimited	41 Apex Crs Near Metro Pillar 42 Nagpur Gujarat 966294	IN
S2-005147	Harbor Logisstics	240 Harbor Boulevard, Summit Park, Mobile, 73851	US
S2-008591	Redwood Consultanccy and Sons Company	158 Stonebridge Marg, KestrelNagar, Kochi	US
S2-008202	Ironwood Sunstone Consultancy LLC	Quarry Ave, Orchid Park, Lubbock, 11048	USA
S2-005313	Veertex Fabrics Pvt Ltd	355 Ravenwood Marg, Surat, 627395, Gujarat	IN
S2-000572	Maplecrest Pvt Ltd	141 Lantern Main, Coimbatore, Maharashtra, 590692	IN
S2-002243	Orchid Foods	162 Ironwood Avenue, Vertex Park, Austin, IL	USA
S2-007262	Silveline Harbor	Nagpur, Kreala, Juniper Main	IN
S2-000547	Enterprises Summmit	39/51 Bluepeak St Clearwater Nagar Indore 655783	India
S2-001036	Clearwater Textiles & Sons Private Limited	12/24 Ironwood Crs, Orchid Nagar, Kochi, Tamil Nadu, 702688	India
S2-004291	Falcon Goldleaf Consultancy Incorporated	Orchid Park, Lubbock, 60958, 234 Thistle Blvd	US
S2-001814	Chemicals Thistle Inc	32/46 Quarry Road, Cobalt Park, Akron, 20208	United States
S2-005820	Kestrel Mapleecrest LLC	258 Cobalt Avenue, Onyx Park, Mobile	United States
S2-004829	Consultancy rightpath LLC	5 Northgate Blvd, Sunstone Park, Mobile, AL, 88791	United States
S2-006754	Ironwood Apex Electrricals Co	226 Thistle Drive, Akron, 39924	US
S2-001256	Consultancy ummit P Ltd	Near SBI ATM 207 Apex St Orchid Nagar Indore	IN
S2-009086	Brrightpath Limited	391 QuarryM arg Redwood Nagar Pune MP 463603	India
S2-002034	Goldleaf Electriacls Pvt td	318 Quarry Mn, Goldleaf Nagar, Indore	India
S2-006445	Maplecrest Fabrics td	17 Juniper Main, Kestrel Nagar, Surat, Rajasthan	India
S2-008196	Harbor Chemicals P Ltd	5 Ironwood Marg Coimbatore Gujarat	IN
S2-006443	Ionwood Solutions	277 Apex Boulevard, Behind the Civic Center, Northgate Park, Fresno, TX, 74443	USA
S2-001552	Onyx Onyx Consultancy Corporation	12/57 Orchid St, Summit Park, Tacoma, IL, 13534	United States
S2-008823	Industrie Private Limited	292 Stonebridge Marg, Kestrel Nagar, Jaipur, MP, 666294	India
S2-009077	Sunstone Chemicals	Behind the Civic Center Harbor Blvd Redwood Park Fresno TX 80703	USA
S2-003094	Latnern Ltd	28 Silverline Mn, Thistle Nagar, Near Metro Pillar 42, Jaipur, 426561	IN
S2-002733	Redwood Clearwater Motors Ltd	290 Onyx Street, Orchid Nagar, Indore, 415723	IN
S2-005624	Sunstone Enterprises Corp	274 Ravenwood Blvd, Harbor Park, Behind the Civic Center, Tacoma, CA, 96419	US
S2-001913	Juniepr Motrs	327 Harbor Rd Opp. City Library Onyx Park Akron	USA
S2-004066	Ravenwood Solutions Ltd	311 Cobalt Mn, Ravenwood Nagar, Surat, Gujarat	India
S2-004499	Meridian Private Limited	92 Vertex Rd, Stonebridgge Nagar, Jaipur, 839562	India
S2-003746	Silverline Enterprises Co	55 Goldleaf Boulevard Fresno	USA
S2-000111	Goldleaf Private Limited	64 Onyx Rd, Harbor Nagar, Coimbatore, Gujarat	IN
S2-004042	Apex Falcon Motors Co	14/57 Meridian Boulevard, Opp. City Library, Falcon Park, Austin, CA	US
S2-004704	Kestre lConsultancy Private Limited	241 Ravenwood  Mn, Goldleaf Nagar, Nagpur, Rajasthan	IN
S2-003574	Orchid Motors Limited Liability Company	264 Cobalt Boulevard, Orchid Park, Tacoma	US
S2-007281	Ravenwood Textiles Inc	300 Sunstone Road, Summit Nagar, Surat	United States
S2-008916	Silverliine Fabrics Company	312 Ravenwood Rd, Harbor Nagar, Indore, Gujarat, 222103	United States
S2-009320	Packagging Silverline LLC	195 Maplecrest Rd, Fresno	US
S2-006994	Quarry Electricals Incorporated	313 Sunstone Dr, Summit Park, Akron, 71334	United States
S2-006795	Summit	255 Sunstone Main, Harbor Nagar, Nagpur, Kerala	India
S2-008975	Foods Ltd	150 Quarry Avenue, Mobile, 13531	IN
S2-006130	Enterprises andSons Inc	Northgate Blvd, Meridian Park, Lubbock, WA, 31440	USA
S2-002308	Industries Ironwood Company	285 Kestrel Avenue, Behind the Civic Center, Ravenwood Park, Austin, CA, 81768	USA
S2-000126	Brightpth Northgate Foods Cmpany	357 Apex Aveue, Northgate Park, Akron	United States
S2-000171	Lantern Fabrics & Sons Company	258 Harbor Rd, Thistle Park, Austin, IL, 86960	US
S2-005914	Vertex td	22 Juniper St, Opp. Bus Depot, Meridian Nagar, Coimbatore	IN
S2-001006	Enterprises Private Limited	310 Vertex Cross Quarry Nagar MP 189319 Kochi	India
S2-003897	Cobalt Packaging Corporation	357 Juniper Blvd, Falcon Park, Mobile, WA	US
S2-007667	Kestrel Motors Ltd	Stonebridge Marg, Redwood  Nagar, Opp. Bus Depot, Kochi, 530777	India
S2-008715	Maplecrest Falcon Limited	Brightpath Rd, Peoria, 70656	India
S2-003557	Quarry Harbor Chemicals	189 Juniper Mn, Behind Ganesh Temple, Kochi, 954606	IN
S2-002078	Apex Industries & Sosn Incorporated	88 Falcon S tPeoria 84466	USA
S2-008703	Clearwter, Textiles P Ltd	201 Vertex St, Clearwater Nagar, Pune, MP, 404997	IN
S2-008290	Stonebridge Consultancy imited Liability Company	95 Cobalt St, Lubbock, 85592, Redwood Park	USA
S2-003311	Cleawrater Inc	315 Apex Avenue, Ironwood Park, Austin, AL	US
S2-003801	Vertex Clearwater Consultancy andSons Corp	267 Harbor Rd, Stonebridge Park, Austin, 24141	USA
S2-004052	Apex  Chemicals P Ltd	236 Sunstone Street Nagpur 391342	IN
S2-009105	Ironwood Foods P Ltd	Cobalt Ave Stonebridge Park Austin CA	IN
S2-006671	Enterprises Meridian Bluepeak Limited	379 Thistle St Near SBI ATM Kochi 151532	India
S2-008565	Clearwater and Sons Incroporated	79 Ravenwood Marg, Behind Ganesh Temple, Akron, 743900	India
S2-003455	Indutries Limited	Opp. Bus Depot, 294 Northgate St, Harbor Naar, Kochi, 930480	India
S2-001023	Lanten	58 Thistle Blvd, Harbor Park, Austin	USA
S2-006590	Lantern Fabrics Incorporated	2/54 Lantern St, Lantern Park, Taacoma, CA, 41264	USA
S2-004358	Goldleaf Consultanncy Company	248 Meridian Avenue Brightpath Park Tacoma CA 68784	US
S2-001463	Silverline Summitt Industries Ltd	89 Juniper Crs Thistle Nagar Indore Gujarat	India
S2-002489	Silerline Motors Co	33/12 Maplecrest Ave Mobile TX 56990	USA
S2-007121	Ironwood Trading LLLC	55 Summit Drive, Akron, IL	US
S2-006561	Falcon Enterprises and Sons	201 Vertex Cross, Vertex Nagar, Nagpur	IN
S2-000022	Harbor Stonebridge Motors P Ltd	389 Summit Street, Nagpur, Maharashtra	IN
S2-002747	Summit Bluepeak Consultancy Ltd	262 Apex Mn Juniper Naagr Jaipur Tamil Nadu	India
S2-008119	Lantern Enterprises P Ltd	218 Brightpath Street, Orchid Nagar, Indore, Kerala, 405541	IN
S2-000927	Ironwood, Enterprises	333 Sunstone Blvd, Near Exit 14, Quarry Park, Austin, 60708	United States
S2-000170	Ravenwood Lantern Corp	Redwood Drive, Clearwater Park, Akron, AL, 51351	US
S2-000319	Junipe rFalcon	12 Brightpath Crs Nagpur 416386	IN
S2-001336	Stonebridge Industries and Sons Company	119 Clearwater Dr, Tacoma	USA
S2-007386	Mplecrest Textilles Inc	Near Exit 14 325 Sunstone Rd Summit Park Austin CA	USA
S2-004366	Onx Quarry Solutions Limited Liability Company	86 Orchid Blvd, Northgate Park, Akron, OH, 35601	US
S2-002366	Harbor Services	214 Thistle Road, Summit Nagar, Indore	IN
S2-005877	Stonebridge Textiles Limited	18/55 Meridian Crs, Silverline Nagar, Jaipur, Tamil Nadu, 134661	India
S2-001855	Vertex Sunstone Solutions td	8/9 Goldleaf Crs, Quarry Nagar, Indore, MP, 731754	India
S2-007151	Silverline Services and Sons Corporation	96 Juniper Cross, Onyx Nagar, Nagpur, 859656	USA
S2-000211	Stonebridge Trading Limited Liability Company	397 Apex Road, Summit Park, Mobile, 54426	United States
S2-006952	Orchid, Servvices Ltd	251 Summit Crs, Maplecrest Nagar, Nagpur, Gujarat, 035359	IN
S2-008757	Thistle Motors PPvt Ltd	77 Brightpath Street, Orchid Park, Kochi, OH, 46007	United States
S2-002773	Orchid Textiles Ltd	347 Orchid Crs, Thisstle Nagar, Pune, 399873	IN
S2-001476	Onyx Goldleaf Limited Liability Comppany	Thistle Avenue, Ironwood Park, Peoria, OH, 86224	United States
S2-002095	Onyx Pvtt Ltd	308 Brightpath Street Jaipur 136933	India
S2-004568	Stonebridge Pvt Ltd	364 Kestrel Crs, Pune, 919334	IN
S2-009066	Maplecresst Stonebridge Company	274 Silverline St, Apex Park, Fresno, OH, 68301	US
S2-000262	Kestrel, & Sons Corporation	Austin 29174 139 Brightpath Ave	United States
S2-001181	Sunstone Foods and  Sons Limited	232 Clearwater St, Silverline Nagar, Nagpur, 991824	IN
S2-000494	Redwood Packaging LLC	72 Onyx Dr Sunstone Park Akron	US
S2-006254	Falcon Consultancy Company	304 Vertex Rd, Goldleaf Park, Mobile, AL, 98842	USA
S2-006338	Quarry Industries Limited	87 Quarry Marg, Nagpur, 848329	India
S2-002042	Quarry Systems Private Limited	20/17 Redwood Street, Near Metro Pillar 42, Kochi, 534140	India
S2-005230	Onyx Limited	260 Meridian Street, Surat, Rajasthan, 696889	IN
S2-008377	Ravenwood Logistics Co	Brightpath Rd, Meridian Nagar, Nagpur, Tamil Nadu	USA
S2-006018	Northgate, Motros LLC	50 Quarry Road Goldleaf Park Mobile WA 85010	United States
S2-006419	Silverine Enterprises & Sons Ltd	159 Harbor Main, Cobalt Nagar, Coimbatore, Gujarat	IN
S2-005303	Sunstone  Textiles Private Limited	78 Sunstone Rd, Kestrel Nagar, Surat	IN
S2-006196	Summit Systems Private Limited	251 Bluepeak Street, Silverline Nagar, Kochi, 882538	India
S2-003633	Chemicals Brightpath Harbor Private Limited	Surat, Kerala, 268 Kestrel Cross	India
S2-000404	Onyx Sytems Corp	300 Redwood Rd, Harbor Park, Fresno, OH, 21447	US
S2-007764	Goldlea fFabrics	289 Northgate Main, Vertex Nagar, Peoria, Maharashtra	India
S2-005582	Onyx Enterprises Limited	397 Clearwater Road, Quarry Nagar, Pune, Gujarat, 453739	IN
S2-005102	Harbor Textiles Corp	140 Juniper Drive, Akron, CA, 82267	USA
S2-005171	Stonebridge Textile Inc	Opp. City Library, 304 Meridian Avenue, Tacoma, CA, 82890	US
S2-003728	Kestrel Services	Harbor Street Maplecrest Nagar Idore Kerala 419864	India
S2-006215	Redwood Servicees LLC	Apex Avenue, Fresno	USA
S2-003869	Falcoon	354 Clearwater Marg, Ironwood Nagar, Indore, 312199	India
S2-007635	Harbor Summit  Ltd	48 Quarry Ave, Ironwood Park,K ochi, 30840	USA
S2-009232	Foods Vertex Ltd	234 Harbor St, Maplecrest Nagar, Nagpur, MP, 991744	India
S2-005335	Meridian Consultancy & Sons LLC	381 Cobalt Street, Peoria, 23713 ,Stonebridge Park	US
S2-008874	Sunstone Vertex Textiles Corp	Opp. City Library, 309 Quarry Boulevard, Brightpath Park, Fresno, 60105	US
S2-004600	Cobalt, Thistle Systems Coproration	198 Apex Aveue, Akron, 91039	US
S2-007067	Stonebridge Enterprises Pvt Ltd	295 Thistle Marg Bluepeak Nagar Indore MP 974360	India
S2-003077	Services, Silvelrine Kestrel and Sons P Ltd	373 Onyx Marg, Pune, Kerala, Stonebridge Nagar	India
S2-007090	Thiste Motors P Ltd	61 Juniper Marg, Indore, Gujarat	IN
S2-006368	Goldleaaf Textiles	177 Redwood Marg, Apex Nagar, Surat, 121908	India
S2-000278	Falcon Kestreel Ltd	Harbor Main, Harbor Nagar, Pune	IN
S2-006058	Bluepeak Quarry nEterprises LLC	Behind the Civic Center, 75 Silverline Street, Summit Park, Austin	United States
S2-002621	Lantern Summit Solutions Inc	370 Kestrel Rd, Thistle Park, Lubbock, WA	US
S2-007387	Falcon Packagaing	Northgate Main Near SBI ATM Ravenwood Nagar Coimbatore 331792	United States
S2-008792	Ironwood Services Crop	Ravenwood Ave, Tacoma, 53805	United States
S2-002738	Orchid Packaging  Ltd	365 Maplecest Street Bluepeak Nagar Kochi 914456	IN
S2-005611	Brightpath Apex Industries Limited	228 Stonebridge Main, Coimbatore, Gujarat, 323469	IN
S2-000848	OrchidPackaging P Ltd	Juniper Cross Brightpath Nagar Kochi 474399	IN
S2-008983	Stonebridge Vertex Consultancy Prrivate Limited	59 Brightpath Marg, Jaipur, Onyx Nagar	IN
S2-005915	Stonebridge Motors Inc	37/73 Cobalt Street, Vertex Park, Fresno, OH	USA
S2-002963	Silevrline Solutions Limited iability Company	143 Apex Street, Brightpath Park, Peoria, 17078	United States
S2-008363	Meridian Motor P Ltd	Vertxe Drive Cobalt Park Kochi OH 82425	USA
S2-009240	Brightpath P Ltd	224 Vertex Drive Near Exit 14 Onyx Park Akron AL 95302	India
S2-006636	Lantern vt Ltd	153 Ironwood Mn, uSrat, Gujarat	IN
S2-005952	Verttex Solutions Ltd	58 Silverline Cross, Surat, 183906	IN
S2-000665	Clearwater Indutries	147 Meridian Street, Ironwood Park, Austin, OH, 69126	US
S2-005668	Orchid Chemials and Sons Incorporated	38 Sunstone St Kestrel Park Tacoma	US
S2-002188	Kestrel Motors and Sons Private Limited	395 Harbor Street,P une, Maharashtra, 263084	India
S2-004373	Silverline Kestrel Enterprises Inc	Behind the Civic Center, 273 Harbor Road, Meridian Park, Fresno	US
S2-003525	Thsitle Services & Sns Ltd	QuarryRd Indore 412012	IN
S2-006980	Sunstone Incorporated	241 Clearwater Marg Vertex Nagar Austin Rajasthan 485510	India
S2-008922	Maplecrest Foods Ltd	102 Clearwater Avenue, Peoria, TX	IN
S2-002938	Orchid Services Limited	393 Cobalt Mn, Ironwood Nagar, Coimbatore, 125329	India
S2-003144	Vertex Motors & Sons Co	113 Orchid Road, Northgate Park, Mobile, TX, 34744	US
S2-008560	Onxx Consultancy Ltd	25 Onyx Boulevard Redwood Park Akron WA 52052	India
S2-002789	Ironwood, Quarry Incrporated	391 Falcon Boulevard, Sunstone Park, Austin, OH, 70176	USA
S2-007085	Orchid IIndustries	59 Sunstone St, Lantern Park, Akron	IN
S2-007428	Enterprises Sunstone  PLtd	Opp. City Library, 233 Ravenwood Rd, Sunstone Park, Fresno	India
S2-006635	Blluepeak Quarry	349 Bluepeak Boulevard Tacoma IL 99302	USA
S2-008230	Silverine Textiles Corp	392 Quarry Ave, Meeridian Park, Austin, IL, 78155	USA
S2-002835	Lantern Consultancy Co	10/36 Ravenwood Street, Vertex Park, Lubbock, 55674	United States
S2-000418	Onyx Motors Limited	225 Ravenwood Marg, Jaipur, Near SBI ATM	India
S2-008577	Northgate Clearwater Chemiccals Private Limited	18 Orchid Road,C learwater Park, Tacoma, OH, 54691	India
S2-006264	Meridian Orchid Cemicals Co	381 Ravenwood Rd, Ironwood Park, Akron	USA
S2-000770	Silverline Electricals and Sons	143 Brightpath Cross, Thistle Nagar, Surat, MP, 978342	India
S2-008207	StonebridgeChemicals	394 Harbor Boulevard, Thistle Park, Peoria, 40534	IN
S2-008364	Onyx Lantern Fabrics LLC	Maaplecrest Boulevard, Austin	US
S2-001271	Falcon SStonebridge Electricals Limited	16 Sunstone Marg, Nagpur	IN
S2-002912	Apex Electicals & Sons Incorporated	39 Stonebridge Avenue Redwood Park Lubbock 47739	USA
S2-006566	Silverilne Lantern Solutions Pvt Ltd	90 Northgate Marg, Sunstone Nagar, Indore, 682123	India
S2-004763	Cobaalt Juniper Electricals Private Limited	185 Northgate Marg, Cobalt Nagar, Kochi, MP, 254123	IN
S2-001666	Orchid Foods Limited	75 Kestrel Marg, Opp. Bus Depot, Harbor Nagar, Jaipur	IN
S2-000014	Kestrrel, & Sons LLC	253 Apex Road, Akron	United States
S2-004928	Bluepeak Foods Pvt Ltd	284 Vertex Crs, Maplecrest Nagar, Jaipur	IN
S2-001026	Redwod Ravenwood and Sons	76 Summit Marg, Bluepeak Nagar, Pune, Guarat, 698582	India
S2-004549	Maplecrest Ironwood Pvt Ltd	136 Brightpath Road, Lantern Nagar, Jaipur	India
S2-001127	Quarry Fabrics & Sons Pvt Ltd	378 Apex  Road, Surat, Rajasthan, 720691	IN
S2-001688	Fodos Maplecrest P Ltd	237 Onyx Main, Stonebridge Nagar, Gujara,t 176895, Kochi	India
S2-000973	Systems Pvt tLd	Near SBI ATM 277 Maplecrest Road Indore 746077	India
S2-007639	Apex Motosr Ltd	Meridian Marg, Redwood Nagar, Coimbatore, 795100	IN
S2-003030	Kestre lFoods & Sons Limited Liability Company	173 Maplecrest Blvd, Northgate Park, Mobile, WA	USA
S2-004399	Thistle TradinLtd	Behind Ganesh Temple, 22 Apex Mn, Northgate Nagar, Nagpur, 106987	IN
S2-003620	Northgate Mapleccrest	246 Northgate Street,Akron	United States
S2-001848	Brightpath Textiles Corp	13/15 Quarry Street, Behind the Civic Center, Vertex Park, Austin, TX, 85450	US
S2-001713	Redwood Packaging Company	198 Thistle Bvld TX Austin	USA
S2-008513	Maplecres tPackaging Pvt Ltd	Near SBI ATM, Northgate Road, Silverline NNagar, Nagpur, Maharashtra	IN
S2-005521	Lantenr Trading & Sons P Ldt	148 Silverline Marg Apex Nagar Indore 973914	India
S2-009160	Goldleaf LLC	373 Vertex Drive Austin WA	US
S2-002504	Kestrel Meridian Consultancy Ltd	45 Kestrel Marg, Coimbatore, 433415	IN
S2-003154	Ravenwood Incorporated	385 Bluepeak Street, Quarry Park, Austin, 52971	United States
S2-007946	Ironwood, Foods and Sons Corp	263 Brightpath Rd, Quarry Park, Peoria	United States
S2-000178	Sunstone Private Limited	42 Stonebridge Marg, Falcon Nagar, Near SBI ATM, Kochi, 600602	IN
S2-002898	Ravenwood Brightpath Limited	Goldleaf Crs, Meridian Nagar, Pune, 738872	IN
S2-000768	Stonebridge Elecctricals	148 Lantern Cross, Kestrel Nagar, Indore, Gujarat, 653121	IN
S2-005997	Summit Logistics Ltd	134 Falcon Marg, Surat, Rajasthan, 299681	India
S2-008969	Harbor	22/40 Cobalt Rd, Thistle Park, Fresno, WA	United States
S2-002969	Maplecrest Stonebridge Company	328 Meridian St, Falcon Park, Mobile, OH	US
S2-009303	Falcon Systems P Ltd	99 Ravenwood Mn, Near Metro Pillar 42, Maplecrest Nagar, Pune, 679290	India
S2-000729	Stonebridge Enterprises and Sons	309 Quarry Boulevard, Fresno, IL, 60105	United States
S2-002502	Kestrel Meriidan Consultancy LLtd	45 Kestrel Marg, Coimbatore, Rajasthan	India
S2-000896	Brightpath Consultancy Incorporated	14 Apex Avenue Akron 55632	United States
S2-005373	Redwood Silverline Logistics Corporation	5 Onyx Boulevard, Harbor Park, Fresno, AL, 56835	USA
S2-002456	Quarry Enterprises P Ltd	Orchid Rd, Redwood Nagar, Pune	India
S2-005541	Cobalt Limited Liability Company	Silverline Boulevard, Quarry Park, Tacoma, 34201	US
S2-002543	Bluepeak, Serrvices P Ltd	332 Falcon Main, Opp. Bus Depot, Silverline Nagar, Surat, 732478	India
S2-005015	Thistle Motors Private Limited	Behind Ganesh Temple, 383 Falcon Street, Pune, 908205	India
S2-005816	Orchid TradingL LC	175 Ravenwood Blvd Meridian Park Near Exit 14 Tacoma TX	US
S2-006886	Meridian Pacakging LLC	Near Exit 14 335 Onyx Road Onyx Park Austin	USA
S2-005030	Apex Ltd	25/13 Quarry St Coimbatore Gujarat 979132	India
S2-001370	Thistle, Services P  Ltd	Harbor Main, Indore, Gujarat, 910782	IN
S2-005777	Quarry Motors Company	Lantern Rd, Northgate Park, Austin, WA, 66372	US
S2-000905	Lantern Services Company	Near Exit 14, Kestrel Street, Fresno, OH, 41910	US
S2-005579	Ironwood, Pvt Ltd	149 Goldleaf Marg Onyx Nagar Coimbatore Gujarat 288377	India
S2-006766	Juniper Systems adn Sons Pvt Ltd	356 Redwood St, Ironwood Nagar, Kochi, 675283	IN
S2-004945	Tihstle Enterprises & Sons	167 Thistle Main, Brightpath Nagar, Nagpur, Maharashtra, 598695	India
S2-001838	Juniper Electricals Icnorporated	36/79 Apex Drive, Stonebridge Park, Fresno, 57891	USA
S2-007746	Harbor Motors Ltd	343 Brightpath Marg, Kochi, Gujarat, 583776	India
S2-005733	Orchid Limited Liabiltiy Company	Northgate Drive Vertex Park Mobile WA 49463	US
S2-006197	Summit Systems & Sons	251 Bluepeak St, Silverline Nagar, Kochi	India
S2-004087	Thistle Chemicals and SonsC orp	238 Brightpath Rd, Akron, AL, 73829	USA
S2-000659	Raenwood Fabrics Inc	333 Apex Street, Falcon Park, Fresno, IL, 57799	USA
S2-003545	Stonebridge Packaging Ltd	52 Orchid Crs, Redwood Naagr, Kochi, Tamil Nadu, 577789	IN
S2-009287	Stonebridge Enterpises Privat eLimited	2 Sunstone Main, Kestrel Nagar, Coimbatore, Gujarat, 721830	IN
S2-001890	Vertex Farics	370 Ravenwood Crs Apex Nagar Indore Gujarat 524354	India
S2-002440	Orchid Verte & Sons Comppany	107 Redwood Street, Apex Park, Akron, 70355, AL	USA
S2-003697	Harbor Chemicals Corporation	207 Goldleaf Boulevard, Mobile, IL, 10072	United States
S2-007816	Quarry Packaging Limited	240 Redwood Rd, Thistle Nagar, Kochi, Rajasthan, 380842	India
S2-006901	Consultancy Sunstone Stonebridg Private Limited	250 Silverline Main, Opp. Bus Depot, Surat, Maharashtra	IN
S2-008070	Clearwater Solutions	324 Summit Street, Summit Nagar, Kochi, Kerala, 182580	India
S2-008429	Kestrel Fabrics P Ltd	263 Ravenwood Street Opp. Bus Depot Thistle Nagar Surat MP	India
S2-007135	Clearwater Kestrel Logisitcs P Ltd	92 Meridian Road Clearwater Park Indore 97302	US
S2-008039	Maplecrest Kestrell and Sons Pvt Ltd	346 Summit Main, Harbor Nagar, Nagpur, Kerala, 705894	IN
S2-005264	Vertex, Chemicals Corp	Opp. City Library, Thistle Ave, Clearwater Park, Fresno, CA	US
S2-006282	Quarry Ironwood  Logistics and Sons	343 Goldleaf Street Apex Park Behind the Civic Center Mobile OH	United States
S2-005248	Quarry Packagingg Co	242 Thistle Road, Summit Park, Austin, TX	US
S2-003798	Clearwater Cobalt Private Limited	1 Juniper Crs, Onyx Nagar, Jaipur, Gujarat	India
S2-005950	Kestrel Electricals	243 Northgate Mn, Kesrel Nagar, Pune, Tamil Nadu, 396233	India
S2-007092	Vertex Services Limited	182 Silverline Marg, Northgate Nagar, Coimbatore, Rajasthan	IN
S2-007734	Clearwater GGoldleaf Textiles and Sons Ltd	Silverlin Street, Juniper Nagar, Coimbatore, 661826, MP	India
S2-002211	Juniper, Solutions Private Limited	376 Meridian Mn, Bluepeak Nagar, Kochi, Gujarat, 5132259	India
S2-004894	Maplecrest onsultancy P Ltd	Sunstone MMarg, Clearwater Nagar, Coimbatore, Kerala, 610455	India
S2-005166	ApexFabrics and Sons LLC	339 Northgate Street, Near Exit 14, Bluepeak Park, Lubbock, WA	USA
S2-006093	Motors Lantern and Sons	52 Onyx Marg, Harbor Nagar, Coimbatore, 891657	IN
S2-001211	Bluepeak	23/39 Apex Ave, Northgat ePark, Akron	US
S2-001134	Foods NorrthgateLLC	144 Falcon Boulevard, Lubbock, Redwood Park	US
S2-006526	Juniper Quarry Textiles P Ltd	257 Stonebridge Mn, 137682, Pune	IN
S2-001824	Clearwater Brightpath  Inc	304 Kestrel Street, Kestrel Park, Mobile, TX, 64200	US
S2-009116	Brightpaht Pvt Ltd	Harbor St Apex Park Akron TX	IN
S2-002754	Ravenwood Textiles LLC	85 Kestrel Blvd Lantern Park Peoria 28298	United States
S2-003988	Apex Soltions Inc	Near Exit 14 61 Apex Road SunstonePark Peoria CA	United States
S2-008961	Lantern Apex  & Sons	239 Brightpath Marg Nagpur 200974	IN
S2-007744	Brightpath &S ons Private Limited	89 Summit Road, Brightpath Park, Kochi, IL, 68170	US
S2-007732	Clearwater Textiles vPt Ltd	54 Northgate Mn, Ironwood Nagar, Coimbatore	IN
S2-003406	Consulttancy Orchid & Sons	Behind Ganesh Temple, 371 Vertex Main, Vertex Nagar, Nagpur, 598393	IN
S2-002288	Orchid Chemicals	Quarry Ave, CobaltP ark, Tacoma	USA
S2-004735	Juniper Cobalt Enterprises Corp	331 Juniper St, Lantern Park, Fresno	USA
S2-004933	Quarry  Chemicals Meridian and Sons Inc	332 Kestrel Drive, Akron	USA
S2-007001	Brightpath oMtors Ltd	318 Clearwater Dr Norhtgate Park Mobile IL	IN
S2-009339	Summit Motors Co	108 Onyx Blvd, TX, Fresno	United States
S2-009045	Kestrel Servivces	Opp. City Library 108 Apex Street Redwood Park Tacoma OH 59870	USA
S2-005859	Juniper Haror	38 Lantern Marg, Juniper Nagar, Jaipur, 198219	India
S2-002310	Onyx Mtoors  Ltd	Near Metro Pillar 42, Sunstone Mn, Clearwater Nagar, Nagpur, Rajasthan	India
S2-006156	Quary Private Limited	Apex Cross Quarry Nagar Kochi Gujarat	India
S2-007707	Stonebridge Chemicals LLC	206 Redwood Road Onyx Park Tacoma CA	US
S2-002977	Thitle Quarry Private Limited	Kestrel Main, Sunstone Nagar, Nagpur, Kerala	India
S2-001850	Brightpath Ennterprises LLC	199 Ironwood Ave, Akron, AL, 60106	United States
S2-001145	Stonebridge & Sons Incorpporated	192 Orchid Ave, Thistle Park, Tacoma, IL, 25485	United States
S2-001738	Summit Chemicals & Soons P Ltd	244 Apex Street Opp. Bus Depot Apex Nagar Indore 449577	India
S2-009189	Lnatern Enterprises Co	15 Quarry Rd, Kestrel Park, Fresno	US
S2-001968	Logistics Vertex Redwwood	278 Clearwater Main, Behind Ganesh Temple, Kochi, 504852	IN
S2-002892	Northgate Enterprises Co	90 Juniper Rd, Meridian Park, Akron, TX	USA
S2-002019	Ravenwood Goldleaf Fabrics Incorporated	157 Bluepeak Drive, Northgate Park, Lubbock, 20278	USA
S2-004288	Sunsotne Electricals P Ltd	206 Onyx Mn, Summit Nagar, Jaipur, Gujarat	India
S2-002209	Apex Private Limited	323 Juniper Mn, Jaipur, Kerala, 470356	IN
S2-005218	Solutions Sunstone	16 Kestrel Avenue, Behind the Civic Center, Akron, AL	United States
S2-008103	Orchid, Fabrics Private Limited	305 Vertex Road, Onyx Nagar, Coimbatore, Rajasthan, 251087	India
S2-005648	QuarrySoluutions Company	297 Orchid Drive, Near Exit 14, Mobile, WA, 29951	USA
S2-006632	Bluepeak, Quarry Solutions Corp	27 Meridian Boulevard, Opp. City Library, Quarry Park, Tacoma, WA, 79030	USA
S2-003392	Meridian Enterprises Ltd	138 Kestrel Marg, Onyx Nagar, Coimbatore, 997387	IN
S2-002443	Onyx Lantern Chemicals Limietd	79 Goldleaf Cross, Stonebridge Nagar, Indore	India
S2-006407	Trrading Cobalt  LLC	151 Summit Road Tacoma 90129	USA
S2-007903	Fabrics Harbor LLC	256 Ironwood Marg, Coimbatore, Rajasthan, 453834	US
S2-000792	Northgate Logistics Company	166 Goldleaf Ave, Orchid Park, Austin, TX, 46760	US
S2-003020	Silverline Foods Corp	Near Exit 14 287 Goldleaf Drive Vertex Park Peoria 17669	United States
S2-001052	Northgate Electricals  PLtd	Near SBI ATM, 227 Sunstone Marg, Nagpur	India
S2-003289	Onyx Consultancy Limmited	225 Juniper Mn Nagpur, Gujarat, 591326	India
S2-008825	Harbor Enterprises P Ltd	Clearwater Marg, Near SBI ATM, Thistle Nagar, Surat, Maharashtra, 708475	India
S2-008690	Bluepeak Enterprises	114 Goldleaf Road, Surat, Kerala	IN
S2-004628	Onyx Lantern Fabrcs LLC	206 Brightpath Rd, Austin	United States
S2-006262	Orchid Textiles P Ltd	330 Redwood Main, Ironwood Ngaar, Surat, Kerala, 320148	IN
S2-007381	Onyx Motors Private Limited	325 Onyx Main, Meridian Nagar, Indore, Gujarat, 293921	India
S2-003691	Quarrry Clearwaater Foods Pvt Ltd	249 Brightpath Crs Falcon Nagar Kochi Kerala 182923	India
S2-007360	Quarry Consltancy Company	293 Ravenwood Blvd Apex Park Lubbock 52893 CA	US
S2-003496	Enterprises Silverline IInc	Opp. City Library, 394 Harbor Blvd, Thistle Park, Peoria, AL, 40534	USA
S2-009018	Stonebridge Systems LLC	15/1 Goldleaf Street, Peoria, OH, 21749	USA
S2-002012	Northgate Enterprises Private Limited	Brightpath St, Lantern Nagar, Pune, Rajasthan, 577465	India
S2-005540	Cobalt Consultancy LLC	233 Quarry St, Tacoma, TX, 28587	US
S2-007723	Meridian Consulnacy Limited	349 Stonebridge Road, Bluepeak Nagar, Jaipur, 542398	India
S2-004028	Stonbridge Fods P Ltd	36 Meridian Main, Nagpur, 183282	IN
S2-002117	Goldleaf Chemiclas Ltd	198 Clearwater Rd, Apex Nagar, Pune, MP, 853646	India
S2-000766	Cobalt Ravenwood Industrie Private Limited	36 Ironwood Main, Cobalt Nagar, Tamil Nadu, Jaipur	India
S2-007113	Onyx Limited	301 Summit Marg, Kochi, Maharashtra	IN
S2-005421	Harbor orthgate Industries Pvt Ltd	269 Stonebridge Crs, Quarry Nagar, Indore, Keraal, 933333	IN
S2-000754	Northgate ysstems	368 Meridian Street, Summit Nagar, Kochi, Maharashtra	India
S2-001707	Quarry Fabrics	342 Onyx Street, Ironwood Park, Mobile, TX, 23622	United States
S2-007884	Bluepeak Chemicals && Sons Pvt Ltd	280 Vertex Cross, Jaipur, Kerala	IN
S2-001338	Cobalt oCmpany	347 Maplecrest Drive, Mobile, IL, 72262	US
S2-002134	Mplecrest Enterprises	34/56 Harbor St, Juniper Nagar, Coimbatore, Tamil Nadu, 462028	IN
S2-007327	Goldleaf Packaging Corproation	285 Quarry Avenue, Near Exit 14, Kestrel Park, Lubbock	USA
S2-008714	Silveline Privatte Limited	226 Redwood St, Quarry Nagar, Nagpur, Tamil Nadu	India
S2-001322	Silverline Packagin Private Limited	35/40 Falcon Mn Goldleaf Nagar Kochi Tamil Nadu	India
S2-008209	Harbor Cobaltt Motors Company	289 Onyx Avenue, Quarry Park, OH, Akron	US
S2-006542	Claerwater Thistle Chemicals Private Limited	Near Metro Pillar 42, 373 Orchid St, Kochi, 696952	India
S2-006752	Junier Kestrel &  Sons Co	35 Ironwood Dr, Near Exit 14, Clearwater Park, Fresno	United States
S2-005677	Brigghtpath	Lantern Road, Fresno, OH, 96586, Vertex Park	United States
S2-006461	Bluepeak Limited Liabiilty Company	3 Stonebridge Boulevard, Redwood Park, Austin, WA, 42099	US
S2-005645	Maplecrest Juniper Solutions Private Limited	58 Harbor Street Meridian Nagar Coimbatore 180606	India
S2-008593	Thistle Fabrics Limited	332 Northgate Crs, Vertex Nagar, Coimbatore, Rajasthan, 130182	India
S2-003301	Quarry P Ltd	36/24 Brightpath Marg, Jaipur, Redwood Nagar	IN
S2-006308	Sttonebridgee Industries	380 Ironwood Crs, Thistle Nagar, Surat, MP	India
S2-001190	Meridian Traing	74 Redwood Marg, Ironwood Nagar, Nagpur, Maharashtra, 488397	IN
S2-002796	Onyx Industriees Limited	332 Falcon Rd, Nagpuur, MP, 751504	IN
S2-003827	Lantern Chemcals & Sons	158 Falcon St, Brightpath Park, Lubbock, 84335	USA
S2-007771	Summit Indutries Limited	Meridian Crs, Indore, Maharashtra, 502496	India
S2-008760	Summmit, Meridian Foods	296 Cobalt Road, Northgate Park, Peoria, 47697	USA
S2-009205	Cobaltt Falcon Co	161 Goldleaf Crs, Falcon Nagar, Coimbatore, 411085	USA
S2-007530	Enterprises Privtae Limited	26 Lantern Cross, Kestrel Nagar, Near Metro Pillar 42, Surat, 902415	IN
S2-006352	Brightptah Ltd	115 Apex Rd Quarry Nagar Coimbatore 672650	India
S2-000243	Thistle Summit Logistics & Sons	Opp. City Library 365 Orchid St Redwood Park Austin 75713	US
S2-004792	Redwood Foods Company	202 Harbor Road, Lubbock, AL, 14940	United States
S2-003946	Juniper Chemicals Private Limited	161 Bluepeak Mn, Redwood Nagar, Indore, Rajasthan, 536351	India
S2-008731	Juniper Sysems Limited Liability Company	27 Brightpath St, Jaipur, Gujarat, 256598	US
S2-005802	Orchid Syystems Private Limited	190 Thistle Main, Ironwood Nagar, Nagpur, Rajasthan, 324027	IN
S2-004117	Harbor, Meridian Private Limited	271 Vertex Cross, Surat, Rajasthan	IN
S2-008453	Systes Brightpath Pvt Ltd	16/36 Kestrel Crs, Brightpath Nagar, Nagpur, Tamil Nadu	India
S2-006056	Ravenwood Packaging P Ltd	306 Bluepeak SSt, Vertex Nagar, Jaipur, 587859	India
S2-004384	Falcon Service sKestrel	349 Ravenwood Avenue, Harbor Park, Tacoma, IL, 23626	USA
S2-004930	Redwood Co	151 Silverline Drive, Opp. City Library, Bluepeak Park, Peoria, AL	US
S2-000980	Brghtpah Summit Ltd	39 Maplecrest Main, Sunstone Nagar, Near Metro Pillar 42, Indore, Kerala, 293360	IN
S2-006530	Sunstone Limited Liability Company	21/36 Stonebridge Road, Brightpath Park, Fresno, TX, 4230	United States
S2-003590	Juniper Redwood P Ltd	Behind Ganesh Temple 68 Quarry Cross Meridian Nagar Coimbatore 558512	India
S2-004967	Lantern, Silverline Foods	67 Juniper Street, Meridian Park, Austin, AL, 66426	US
S2-007342	Meriddian Packaging Co	29/1 Onyx Mn, Falcon Nagar, Lubbock, 951586	India
S2-007183	Orchid Fabbrics	3/49 Stonebridge Mn, Surat, MP, 998930	India
S2-006422	Kestrel Conssultancy and Sons LLC	94 Clearwater Avenue, Falcon Park, Tacoma, 28977	United States
S2-007221	Cobal tFoods Company	380 Brightpath Main, Apex Nagar, Tacoma, Kerala, 673547	India
S2-003170	Ironwood yStsems	240 Quarry Street, Sunstone Nagar, Nagpur, 287126	India
S2-005398	Apex Enterprises P Ltd	176 Northgate Marg, Coimbatore, Apex Nagar	India
S2-006674	Logistics, Northgate Inc	61 Goldleaf Blvd Redwood Park Peoria CA 33938	US
S2-001131	Sunstone Orchid Private Limited	6 Kestrel Marg, Stonebridge Nagar, Nagpur, Kerala, 686675	IN
S2-002561	Silverlin Goldleaf Idustries	Harbor Nagar, Kochi, 266241, 355 Falcon Road	IN
S2-003073	Orchd Solutions LLC	130 Juniper Drive, Kestrel Park, Lubbock, WA	US
S2-001312	Goldleaf, Industires LLC	Quarry Rd, Mobile, CA, 58315	USA
S2-005983	Northgate Industries P Ltd	86 Clearwater Crs Clearwater Nagar Near SBI ATM Surat 485580	India
S2-001994	Goldleaf vt Ltd	Behind Ganesh Temple, 21 Thistle Rd, Surat, Kerala	India
S2-004616	Ironwood, Textiles Priavte Limited	227 eMridian Marg, Quarry Nagar, Kochi, 324397	India
S2-001303	Summit Systems P Ltd	86 Sunstone Crs Lantern Nagar Indore Kerala 498869	India
S2-002237	Maplecrest P Ltd	42 Harbor Crs, Redwood Nagar, Near SBI ATM, Pune, Maharashtra	India
S2-001926	Ironwood & Sonns	264 Vertex Road, Maplercest Park, Peoria	USA
S2-003754	Ravenwood Consultancy Corp	258 Orchid Ave, Ironwood Park, Lubbock, WA, 38689	United States
S2-001174	Kestrel Enterprises Inc	121 Lantern Drive, Ravenwood Park, Fresno, AL, 71901	US
S2-006765	Orchid Consultancy Limited LiabilityC ompany	220 Cobalt Dr, Ironwood Park, Behind the Civic Center, Tacoma	USA
S2-007398	Bluepeak Logistics	50 Silverline Marg, Nagpur, Onyx Naagar	IN
S2-008170	Kestrel LimitedLiability Company	Summit St, Lantern Ngaar, Indore, Maharashtra, 341322	United States
S2-003815	Juniper Enterprises & Sonns Private Limited	10 Summit Mn, Near Metro Pillar 42, Ironwood Nagar, Nagpur, Kerala, 772468	IN
S2-003106	Sunstone Foods Private Limited	314 Vertex Main Pune 600477 Quarry Nagar	IN
S2-009217	Onyx Bluepeak Motors Pvt Ltd	69 Brightpath Cross, Bluepeak Nagar, Kochi, Gujarat, 603965	India
S2-004778	Thiistle	Ironwood Blvd Maplecrest Park Akron 64828	USA
S2-007373	Brightpath Harbor Enterprises Co	Behin dthe Civic Center, 24/72 Summit Road, Austin, WA, 47573	US
S2-004055	Vertex Enterprises Limited	343 Goldleaf Cross, Sunstone Nagar, Pune, Kerala, 211257	India
S2-006176	Junipre	155 Stonebridge Rd, Juniper Nagar, Kochi, Maharashtra	IN
S2-006869	Ironwood Meridian  Packaging Inc	33/43 Kestrel Rd, Kestrel Park, Opp. City Library, Peoria, TX, 49447	US
S2-007464	Goldleeaf Goldleaf Industries Limited	196 Maplecrest Main Kestrel Nagar Surat Gujarat	IN
S2-007544	Ravenwood Onyx Foods Corp	344 Redwood Dr, Juniper Park, Behind the Civic Center, Tacoma, WA, 71601	United States
S2-005414	Meridian Consultancy PPrivat eLimited	Behind Ganesh Temple, 117 Summit Road, Apex Nagar, Pune, Rajasthan, 564845	IN
S2-006720	Cearwater Industries Corp	116 Ironwood Street Vertex Park Lubbock TX	USA
S2-008606	Vertex Lantern Industries Private Limied	Near Metro Pillar 42 343 Cobalt Street Hrbor Nagar Kochi Maharashtra 335524	IN
S2-005222	Goldleaf Ld	Stonebridge St, Pune, 477449	India
S2-001041	Ironwood P Ltd	28 Stonebridge St, Sunstone Nagar, Surat, MP, 826251	India
S2-003189	Northgate Corporattion	11 Apex Boulevard, Goldleaf Park, Lubbock, 93946	US
S2-008944	Bluepeak, Textiles and Sons Incorporated	338 Clearwater Boulevard, Mobile, TX, 34294	USA
S2-002752	Ravenwood P Ltd	395 Redwood Mn, Kochi, Rajasthan, 256102	IN
S2-002828	Silverline Thistle Textiles Private Limited	254 Ravenwood Rd, Brightpath Nagar, Near Metro Pillar 42, Jaipur, Gujarat	IN
S2-003973	Vertex Pvt Ltd	95 Silverlin Road, Maplecrest Nagar, Indore, Tamil Nadu, 573212	IN
S2-007583	Silverline Ravenwood	281 Juniper Cross, Maplecrest Nagar, Surat	United States
S2-002494	Coblat Industries LLC	5/28 Redwood Street, Juniper Park, Peoria, 14437	US
S2-000643	Mapllecrest Logistics	166 Kestrel Dr, Northgate Park, Fresno, 62191	USA
S2-004936	Quarry Enterprises Inc	32/41 Orchid Blvd, Summit Park, Lubbock	US
S2-008203	Silverine, Industries Pvt Ltd	159 Harbor Mn, Kochi, 947545	IN
S2-004920	Clearwater	151 Apex Street, Orchid Nagar, Surat, 480054	IN
S2-005165	Lantern Trading CCompany	Opp. City Library, 389 Lantern Avenue, Peoria, 40757	US
S2-000796	Juniper Industries P Ltd	350 Vertex St, Behind Ganesh Temple,C oimbatore, MP	India
S2-008883	Northgate Ionwood Pvt Ltd	9/51 Northgate Marg Kochi	India
S2-004184	Northgate, Trading LLC	259 Bluepeak Ave, Mobile, 46886	US
S2-003391	Maplecrest Thistle Trading Private Limited	368 Harbor Cross, Surat	IN
S2-009064	Vertex Solutions LLC	Sunstone Rd, Mobile, OH	United States
S2-005122	Sunstone Northgat eServices Corp	7 Ravenwood Street, Quarry Park, Austin, TX, 98611	United States
S2-002649	Northgae Packaging	178 Northgate Marg Kestrel Nagar Pune 892526	India
S2-005226	Summit Systems an dSons Private Limited	387 Harbor Marg, Cobalt Nagar, Indore	India
S2-002985	Hrbor Consultancy	220 Northgate Drive Bluepeak Park Akron	United States
S2-004138	QuarryC hemicals	127 Onyx Dr, Austin, OH, 12034	USA
S2-001078	Silverline Stonebridge Trading Inc	289 Kestrel Street Juniper Park Lubbock AL 14531	US
S2-008592	Redwood & Sons Company	186 Thistle Street, Brightpath Park, Near Exit 14, Lubbock, WA	US
S2-003168	Industris Apex	Nagpur, Maharashtra, 932743, 204 Falcon Marg	India
S2-008644	Ironwood and Sons P Ltd	Ironwood Cross, Behind Ganesh Temple, Surat, Tamil Nadu, 966716	IN
S2-007883	Falcon Industries  & Sons	340 Onyx Mn, Thistle Nagar, Surat	India
S2-006424	Clearwater, Company	132 Cobalt Street, Onyx Park, Mobile, WA	United States
S2-006688	Meridian Ravenwood Systeems	327 Onyx Marg, Harbor Nagar, Near Metro Pillar 42, Pune, 207807	IN
S2-008905	Solutions, Apex Silverline Company	223 Ravenwood Drive, Fresno, CA, 50192	USA
S2-007962	Summit Solutions and Sons Private Limited	388 Juniper Street, Apex Park, Fresno, 14881	IN
S2-007450	Onyxx Private Limited	Redwood Avenue, Falcon Park, Kochi, TX, 25384	USA
S2-006250	Redwood Redwood Textiles  and Sons Private Limited	153 Quarry Street Harbor Nagaar Pune 689094	India
S2-006730	Summit Enterprses Corporation	17 Cobalt St, Orchid Park, Mobile, 21645	US
S2-005183	Kestrel and Sons Limited iability Company	106 Stonebridge Avenue, Peoria, WA, 36814	USA
S2-000431	Ravenwood Industries andd Sons Ltd	33/50 Falcon Marg, Onyx Nagar, Kochi, 226807	IN
S2-005029	Apex	Quarry Street, Silverline Nagar, Coimbatore, Gujarat	India
S2-000940	Harbor, Systems Limited	77 Redwood Main, Meridian Nagar, Kochi, Kerala	India
S2-004850	Silverline	Near Exit 14, 204 Northgate Boulevard, Quarry Park, Mobile, TX, 91660	United States
S2-006429	Chemicals Silverline Inccorporated	Near Exit 14, 299 Bluepeak Rd, Maplecrest Park, Fresno, CA	US
S2-003578	Redwood Redwood Private Limited	1/62 Ravenwood Main, Opp. Bus Depot, Summit Nagar, Rajasthan, 986772, Kochi	IN
S2-003719	Bluepeka, Electricals	165 Maplecrest Mn Meridian Nagar Coimbatore	India
S2-008623	Onyx Packaaging Corporation	47 Northgate Street Quarry Park Mobile TX 34833	USA
S2-004581	Summit Limited	207 Bluepeak Crs, Opp. Bus Depot, Maplecrest Nagar, Nagpur, 106676	IN
S2-003146	Redwood Brightpathh Foods	Ravenwood Boulevard, Orchid Park, Fresno, 47475	United States
S2-001029	Bluepeak, Pvt Ltd	232 Juniper Marg, Surat, Gujarat	India
S2-004536	Clearwater Chemicals Private Limited	221 Quarry Street Goldleaf Nagar Koochi 949285	India
S2-000550	Maplecrest TThistle Solutions Limited	Behind Ganesh Templ, 99 Redwood Mn, Ironwood Nagar, Pune, Rajasthan, 747553	India
S2-009179	Brightpath Electricals & Sons Limited	28/21 Lantern Road, Vertex Nagar, Kochi	India
S2-001953	Vertex Motors and Sons Inc	Apex Park Tacoma 39452 Silverline Ave	USA
S2-001183	Sunstone Foods & Sosn Limited	2/73 Goldleaf Main, Summit Nagar, Jaipur, Gujarat	India
S2-001408	Goldleaf Enterprises	Opp. Bus Depot, 321 Bluepeak Crs, Northgate Nagar, Pune, Gujarat, 644043	India
S2-004241	Sunstone Consultancy Corporation	200 Cobalt Ave, Onyx Park, Peoria, 12840	United States
S2-005347	Harbor Harbor Enterprises LLC	Lubbock, 109 Meridian St	USA
S2-005616	Sotnebridge Solutions	Near SBI ATM, 18/12 Summit Marg, Indore, 445309	India
S2-004940	Silverline, Private Limiteed	208 Onyx Main, Opp. Bus Depot, Pune, 900691	India
S2-000032	Maplecrest Silverline Enterprisse Pvt Ltd	Cobalt Nagar Indore 7/66 Ironwood Marg	India
S2-000105	Sunstone Summit Consultancy and Sons Private Limited	7/1 Maplecrest Cross, Onyx Nagar, Jaipur, 116519, Maharashtra	IN
S2-003664	Ravnewood Consultancy P Ltd	86 Ironwood Marg, Brightpath Nagar, Kochi, 609632	IN
S2-007920	Clearwater Orcihd Textiles & Sons	Apex Cross, Sunstone Nagar, Coimbatore	India
S2-002001	Texitles Private Limited	Lantern Crs, Ravenwood Nagar, Jaipur, Rajasthan	India
S2-001349	Junipe Ltd	18 Sunstone Rd, Orchid Nagar, Near Metro Pillar 42, Indore, Tamil Nadu, 409815	IN
S2-004106	Summit Sunstone Conssultancy Co	222 Brightpath Drive, Falcon Park, Austin	United States
S2-006127	Vertex Consultncy Pvt Ltd	34 Goldleaf Crs, Summit Nagar, Indore, Rajasthan, 901400	India
S2-000465	Textiles Lantern Limited Liability Company	Behind the Civic Center, Juniper Blvd, Ironwood Park, Lubbock, TX, 82038	USA
S2-003086	Electricals Onyx Orchid Incorpoated	8/58 Maplecrest Rd Apex Park Fresno AL 68845	US
S2-007615	Vertex Motors LLC	342 Meridian Mn, Stonebridge Nagar, Akron, Gujarat, 254153	India
S2-002648	Noorthgate Private Limited	178 Northgate Marg, Kestrel Nagar, Pune, Maharashtra, 892526	India
S2-002235	Redwood Industries Inc	34 Meridian Drive Apex Park Akron AL 56469	United States
S2-001207	Falcon Trading PLtd	327 Harbor Marg, Behind Ganesh Temple, Kochi, 325706	India
S2-004470	Stonebridge Consultancy & Sons Inc	8 Kestrel Rd, Vertex Park, Behind the Civic Center, Peoria, OH	US
S2-003958	Kestrel, Solutions and Sons Private Limited	Ravenwood St, Surat, Tamil Nadu	India
S2-008893	Orchid Cobalt Motors Pvt Ltd	39/51 Juniper Drive, Opp. City Library, Fresno, IL	IN
S2-000568	Cobalt and Sons Co	273 Thistle DriveC obalt Park Tacoma 64547	United States
S2-004272	Harbor Motors	Orchid Road, Brightpath Nagar, Surat, Kerala	India
S2-000740	Bluepeak Corp	232 Vertex Boulevard, Mobile, IL, 40090	United States
S2-003526	Maplecrest Soluutions & ons Ltd	135 Cobalt Marg, Coimbatore, Kerala, 791168	India
S2-002823	Bluepeak CobaltFabrics	170 Orchid Street, Akron, TX	United States
S2-000558	Orchi dLtd	75 Juniper Cross, Meridian Nagar, Near SBI ATM, Pune	India
S2-008780	Orchid, Motors Pvt Ltd	295 Falcon Marg, Harbor Nagar, Nagpur	India
S2-003376	Maplecres Chemicals Co	190 Sunstone Road, Lubbock, Behind the Civic Center	US
S2-007143	Enterprises Harbor Inc	73 Stonebridge Road, Juniper Park, Austin, AL, 94341	United States
S2-003276	Vertex Falcon	81 Thistle Mn, Lantern Nagar, Indore, 345510	IN
S2-007932	Lantern Solutions Ltd	310 Harbor Avenue, Maplecrest Park, Kochi, AL, 73316	United States
S2-001779	Onyx Fabrics and Sons Ltd	269 Bluepeak Mn Clearwater Nagar Nagpur	IN
S2-002452	Ony Motors	98 Silverline Street, Mobile, 77507	USA
S2-004171	Goldleaf Sysetms Limited Liability Copany	377 Aepx Drive, Orchid Park, Akron	US
S2-007354	Quarry Consultancy Corporation	269 Apex Road, Lubbock, Maharashtra, 8823813	India
S2-001776	Motors & Sons Private Limited	23 Bluepeak Main, Apex Nagar, Kochi, Gujarat, 556493	IN
S2-004096	Redwood Consultancy Corporation	21/61 Quarry Drive, Lantern Park, Lubbock, TX	USA
S2-008200	Lantern Industies and Sons Inc	15/62 Orchid Street, Quarry Nagar, Akron, 610029	India
S2-007380	Maplecrest Lantern Enterprises	Near Metro Pillar 42, 184 Cobalt Rd, Mobile,, Maharashtra, 891202	India
S2-006354	Goldleaf P Ltd	36/18 Lantern St, Ravenwood Nagar, Nagpur, Gujarat	IN
S2-007015	Lantern Industries Inc	333 Ironwood Street, Peoria, 64221	United States
S2-008342	Redwood & Sons	86 Lantern Rd, Redwood Park, Fresno, AL	USA
S2-004642	Harbor Industries	318 Bluepeak Dr, Maplecrest Park, Mobile, 49905	US
S2-004253	Brightpath Falcno Textiles & Sons Co	328 Stonebridge Drive, Lantern Park, Lubbock, IL, 68409	US
S2-007351	Summit Foods Corp	128 Lantern Drive, Redwood Park, Peoria, AL, 97418	United States
S2-000895	Brightpath Consultaancy Incorporated	14 Apex Ave, Onyx Park, Akron, TX	USA
S2-006733	Bluepeak Enterprises Inc	30/26 Harbor St, Peoria	United States
S2-004682	Brightpath Siilverline Chemicals Ltd	351 Goldleaf St, Juniper Nagar, Jaipur, MP, 275182	IN
S2-000199	Juniper CChemicals Pvt Ltd	Quarry Main, Harbor Nagar, Pune, Rajasthan, 734697	IN
S2-000486	Falcon Thistle Fabrics Company	240 Apex Boulevard, Silverline Park, Akron, OH	US
S2-007223	Ironwood Solutions Limiited Liability Company	5 Northgate Avenue Orchid Park Lubbock	US
S2-007925	Kestrel Maplecrest Electricals PPrivate Limited	305 Apex Street, Coimbatore, IL, Brightpath Park	United States
S2-002157	Summit Enterprises Limitd	135 Ironwood Street, Behind Ganesh Temple, Brightpath Nagar, Kochi, Tamil Nadu	India
S2-007307	RavenwoodTrading P Ltd	55 Goldleaf Marg, Kochi	IN
S2-008198	Sunstone Traading & Sons P Ltd	309 Quarry St Falcon Nagar Surat Gujarat 157794	India
S2-007496	Stonbridge Enterprises & Sons Private Limited	231 Goldleaf Blvd, Falcon Park, Mobile, CA, 99755	India
S2-009103	ApexP Ltd	Near Metro Pillar 42, 258 Kestrel St, Falcon Nagar, Surat, MP, 850259	IN
S2-008359	Meridian Texttiles Incorporated	187 Quarry Boulevard, Lantern Park, Lubbock, CA, 31528	US
S2-005163	Northgate Electricals Private Limited	198 Redwood Road Jaipur	IN
S2-009139	Juniper Electricals Incorporated	48 Summit Road Brightpath Park Peoria WA 30048	US
S2-000376	Trading Ironwoood Ltd	185 Bluepeak Street, Apex Nagar, Jaipur	IN
S2-003824	Industries Lantern Co	164 Cobalt St, Brightpath Park, Lubbock, TX, 98949	USA
S2-005669	Orchid hCemicals	38 Sunstone Street, Behind the Civic Center, Kestrel Par, Tacoma, AL, 82558	US
S2-005849	Summit Motors P Ltd	361 Cobalt Mn, Clearwater Nagar, Surat, Gujarat, 168315	IN
S2-001446	Harbor Apex Consultncy	335 Ironwood Mn, Stonebridge Nagar, Pune, 173307	India
S2-003849	Solutionns and Sons P Ltd	35 Suntone Rd, Near Metro Pillar 42, Lantern Nagar, Indore, 448378	India
S2-003471	Harbor Incorporated	370 Falcon Blvd Tacoma AL 80076	USA
S2-005453	Vertex and Sons	30/44 Thistle Ave, Akron	USA
S2-000923	Clearwater Redwood Consultancy P Ltd	36/29 Vertex St, Redwood Nagra, Nagpur, 317082	IN
S2-003199	Cobalt Solutions Limited	390 Juniper Road, Brightpath Nagar, Pune, Maharashtra	IN
S2-000187	Northgate Consultancy and Sons Corp	176 Onyx Avenue, Akron,, WA	USA
S2-000385	Goldleaf Industries Inc	25 Stonebridge Drive, Northgate Park, Mobile, 11605	USA
S2-006756	Falcon Fabrcis Limited	358 Meridian Cross Siverline Nagar Kochi Tamil Nadu	IN
S2-006999	Ravenwoood Motros Limited Liability Company	170 Silverline Rd, Apex Park, IL, 51222, Austin	US
S2-006135	Ravenwood Juniper Industries	188 Kestrel Boulevard, Austin, TX	US
S2-004009	Bluepeak Industries	Behind the Civic Center, Falcon Blvd, Kestrel Park, Austin, WA, 19338	US
S2-002332	Falcon Logistics Company	382 Juniper Blvd, Opp. City Library, Tacoma	United States
S2-002016	Harbor Private Limited	232 Brightpath Mn, Summit Nagar, Nagpur, 668063	IN
S2-008420	Goldleaf Onyx Fabrics	79 Summit Road, Fresno, MP, 956292	India
S2-009093	SummitTextiles Private Limited	199 Ironwood Main, Silverline Nagar, Kochi, 917883	IN
S2-003304	Falco nElectricals LLC	19/4 Stonebridge Dr, Quarry Park, Peoria, WA, 84804	United States
S2-007659	Summit	39/84 Quarry Avenue, Brightpth Park, Fresno, OH, 23925	United States
S2-007894	Lantern Sysetms Limietd	266 Lantern S,t Meridian Park, Tacoma, 74092	IN
S2-002058	Maplerest Oynx Consultancy Co	280 Quarry Street, Harbor Park, Akron, 93472	US
S2-001816	Lanternn Fabrics P Ltd	352 Ravenwood Road Sunstone Nagar Jaipur Tamil Nadu 930465	India
S2-004627	Onnyx Kestrel Industries Incorporated	366 Onyx Street Vertex Park Fresno	USA
S2-006517	Harbor Services Ravenwood and Sons Priate Limited	258 Cobalt St, Northgate Nagar, Jaipur, Kerala	IN
S2-001897	Clearwater nEterprises & Sons	Brigghtpath Dr, Juniper Park, Opp. City Library, Lubbock, AL, 57905	United States
S2-000259	Brightpath, Motors Liimted	175 Summit Main, Near Metro Pillar 42, Indore,, MP, 848510	India
S2-003826	Bluepeak Orchid	170 Meridian Street, Pune, 739487	IN
S2-002680	Enterprises Juniper Inc	395 Onyx Boulevard, Clearwater Park, Peoria, AL, 2512	US
S2-001534	Lanter, P Ltd	123 Northgate Marg, Nagpur	India
S2-005400	Lantern extiles Corporation	46 Cobalt St, Lubbock, 50365	United States
S2-008662	Apex CCnsultancy	222 Goldleaf Marg, Brightpath Nagar, Surat, Tamil Nadu, 345353	IN
S2-001597	Stonebridge Northgate Textiles Corp	35/67 Clearwater Dr, Opp. City Library, Tacoma, 57253	United States
S2-004245	Stonnebridge Solutions Limited Liability Company	90 Ony xAvenue, Cobalt Park, Lubbock, IL	US
S2-000140	Summit, Tarding P Ltd	62 Thistle Crs, Near SBI ATM, Redwood Nagar, Pune, Tamil Nadu, 933211	IN
S2-003833	Sunstone Company	209 Bluepeak Road, Thistle Park, Fresno, IL	US
S2-005011	Bluepeak Electricls Pvt Ltd	Bluepeak Road, Ravenwoo dNagar, Behind Ganesh Temple, Pune, 533210	IN
S2-002514	Haror, Inc	345 Goldleaf St, Ravenwood Park, Tacoma, 89556	US
S2-000299	Clearwater Moors	139 Quarry Avenue ,Tacoma, OH, 60516	US
S2-001498	Silverline Aex Corporation	230 Silverline Rd Kestrel Park Lubbock WA 74017	United States
S2-001146	Slverline Electricals LLC	217 Thistle Boulevard, Austin, 79619	US
S2-008061	Clearwater Services P Ltd	311 Clearwater Street, Kestrel Park, Pune, 80212	United States
S2-008040	Stoebridge Motors & Sons Inc	31 Goldleaf Rd, Falcon Nagar, Tacoma, 144959	India
S2-003861	Onyx Harbor Textilse Incorporated	79 Vertex Road Silverline Park Lubbock 21578	US
S2-001250	Harbor Cheicals Corp	356 Meridian Rd Onyx Park Mobile 73921	United States
S2-007939	Stonebridge Corp	10 Silverline Boulevard, Redwood Park, Austin, WA, 49794	United States
S2-005280	Stonebridge Enterprises  and Sons Ltd	169 Silverline Street, Ironwood Nagar, Nagpur, Kerala, 296847	IN
S2-007571	Orchid and Son Private Limited	77 Lantern Road Apex Park Lubbock OH 46505	India
S2-002573	Qurry	Opp. Bus Depot, 17/53 Summit Main, Ravenwood Nagar, Nagpur, Rajasthan	India
S2-003116	Onyx Services Copr	124 Orchid Ave, Apex Park, WA, Peoria	United States
S2-001781	Falcon oFods P Ltd	289 Juniper Marg, Maplecrest Nagar, Coimbatore, Rajasthan	IN
S2-008223	Lantern Foods	102 Falcon Avenue, Kestrel Park, Mobile, IL	United States
S2-003241	Services Golldeaf Private Limited	135 Vertex Main, Kochi, Rajasthan	IN
S2-005671	Sunstone P Ltd	61 Juniper Marg, Juniper Nagar, Indore, Gujarat	IN
S2-001493	ThistleChemicals Company	375 Silverline Rd, Ironwood Park, Lubbock, AL	United States
S2-009015	Bluepeak Solutions Incorporated	Behind the Civic Center, 388 Ironwood Drive, Summti Park, Lubbock, CA	USA
S2-003899	Rvaenwood Enterprises Pvt Ltd	32 Ironwood Main Brightpath Nagar Surat Gujarat	IN
S2-009057	Meridian Logisticcs Limited Laibility Company	Behind the Civic Center, 388 Orchid Ave, Austin, 43112	US
S2-005137	Lantern Mtors	148 Ravenwood Drive, Clearwater Park, Tacoma, IL, 92768	USA
S2-003840	Maplecrest	2881 Kestrel Mn Near SBI ATM Jaipur	IN
S2-001136	Redwood Services P Ltd	60 Silverline Cross, Quarry Nagar, Pune, Tamil Nadu, 903225	India
S2-004061	Maplecrest Inndustries P Ltd	139 Northgate Street Maplecrest Nagar Pune MP 269851	India
S2-003619	Redwood Orchid Trading Private Limited	347 Brightpath Marg, MP, 800216, Nagpur	India
S2-007370	Apx	299 Stonebridge Main, Juniper Nagar, Pune, MP, 891327	IN
S2-004065	Onyx Packaging P Ldt	Behind Ganesh Temple, 285 Brightpath Street, Orchid Nagar, Jaipur, MP, 642098	IN
S2-002050	Juniper Packagiing	Vertex Crs, Brightpath Nagar, Surat, 156176	India
S2-007251	Quaarry Inc	232 Summit Ave, Akron, IL, 47618	US
S2-003751	Kestrel Stonebridge Solutions and Sons Company	102 Maplecrest Ave, Goldleaf Park, Akron, TX	USA
S2-000353	Junier Logistics Inc	Harbor Boulevard, Near Exit 14, Summit Park, Lubbock, OH, 47557	United States
S2-005499	Summit  Inc	Opp. City Library, 43 Ravenwood Ave, Summit Park, Lubbock, 33269	USA
S2-004641	Habror	318 Blueppeak Dr, Maplecrest Park, Mobile, 49905	United States
S2-000915	Kestrel Industires Pvt Ltd	Orchid Crs, Kochi, Kerala	India
S2-006112	Ravenwood Solutions Pvt Ltd	138 Lantern Cross Cobalt Nagar Pune MP 334499	India
S2-006595	Onyx abrics Co	249 Northgate Drive, Quarry Park, Tacoma, 47070	United States
S2-001617	Siverline	Sunstone Ave, Harbor Park, Fresno, WA	USA
S2-006133	Vertex, Packaging	Quarry Avenue, Apex Park, Peoria, 99992	United States
S2-001172	Orchid Electricals & ons Limited	292 Silverline Rd, Pune, Kerala, 575275	IN
S2-004517	Harbor Summit Solutions& Sons Ltd	174 Brightpath St, Silverline Nagar, Surat, Maharashtra, 970880	India
S2-008620	Apex Foods Corp	287 Quarry Marg Thistle Nagar Peoria MP 759171	India
S2-008426	Summit Private Limited	329 Vertex St, Juniper Nagar, Nagpur, Tamil Nadu, 990656	India
S2-009326	Summit Fodos P Ltd	352 Harbor Marg, Redwood Nagar, Inndore	India
S2-001932	Thistlle Cobalt Enterprises and Sons Ltd	12/10 Summit Mn, Kestrel Nagar, Surat, 807805	India
S2-007789	Summit Ravenwood Systems	305 Thistle Street, Opp. City Library, Mobile, 20793	US
S2-006171	Quarry Pvt Ltd	43 Lantern Mn Northgate Nagar Surat 642547	India
S2-001273	Merdiian Harbor	328 Stonebridge Crs, Orchid Nagar, Pune, Rajasthan, 240440	IN
S2-000620	Quarry Chemicals Inc	271 Silverline Rd, Near Exit 14, Stonebridge Park, Tacoma, OH	USA
S2-000451	Fabrics Falcon rrPivate Limited	3 BBluepeak Crs, Clearwater Nagar, Pune, Rajasthan, 506478	IN
S2-001050	Orchi dFood sCompany	17/32 Thistle Drive, Silverline Park, Opp. City Library, Akron, 70387	US
S2-000551	Maplecrest  Solutions Thistle	Redwood Mn, Pune, Rajasthan	India
S2-003243	Gooldleaf, Fabrics Private Limited	71 Onyx Marg, Indore, MP, Maplecrest Nagar	India
S2-000096	Stonebridge Fabrics and Sons Private Limited	Near SBI ATM 357 Maplecrest St Northgate Naagar Pune	India
S2-009071	Northgate, Logistics Co	35 Goldleaf Avenue, Maplecrest Park, TX, 96530, Peoria	United States
S2-007346	Sunstone Inndustries	213 Goldleaf Mn, Indore, Gujarat	IN
S2-006651	Vertex Motors & Sons Limited	97 Silverline Rd, Summit Nagar, Kochi, Tamil Nadu, 256758	IN
S2-005580	Clearwater Logistics Corp	57 Summit Dr, Peora, 59051	US
S2-000890	Falcon Silverline P Ltd	296 Goldleaf Street, Behind Ganesh Temple, Kestrel Nagar, Kochi, Tamil Nadu, 885040	IN
S2-003248	Norhgate P Ltd	395 Juniper Marg, Falcon Nagar, Indore	IN
S2-004754	Thistle Lantern Services Limited Liability Company	Goldleaf Park, Akron, 25513, 231 Summit Street	US
S2-002557	Redwood and SSons Ltd	124 Vertex Cross, Near Metro Pillar 42, Clearwater Nagar, Rajasthan, 580733, Pune	IN
S2-005014	Rewood Trading & Sons Pvt Ltd	122 Vertex St, Sunstone Nagar, Jaipur, 990628	IN
S2-007430	Sunstone Textiles LLC	Juniper Marg Goldleaf Nagar Surat Gujarat	United States
S2-000467	Onyx Thistle Electricals & Sons	11/47 Clearwater Rd, Vertex Park, Fresno, 79662	USA
S2-006045	Brightpatth	25 Stonebridge Blvd, Akron, OH, 13387	USA
S2-002054	Onyx & Sons	Opp. City Library, Onyx Roda, Onyx Park, Peoria	United States
S2-008044	Ravenwood Juniper Foods P Ltd	185 Harbor Street, Silverline Nagar, Indore	India
S2-003596	Thistle LLLC	Near Exit 14, 287 Ravenwood Ave, Meridian Park, Austin, OH, 99867	USA
S2-004584	Northgate Trading Incorporated	Lantern Drive, Thistle Park, Austin, OH, 54816	USA
S2-004822	Summit Quarr Corporation	358 Meridian Dr Ravenwood Park Fresno	US
S2-001903	Vertex Redwood Packaging Pt Ltd	16 Cobalt St, Coimbatore, Gujarat, 277741	India
S2-001275	Kestrel and Sons  Co	260 Sunstone St Cobalt Park Tacoma AL 64542	USA
S2-000349	Vertex Packaging Private Limited	Pune, Gujarat, 393010, 67 Sunstone Mn	IN
S2-008444	Ravenwood Electricals Private Limited	113 Clearwater Marg, Northgate Nagar, Pune, Tamil Nadu	IN
S2-007118	Orchid Electricals Lmited	Opp. City Library, 398 Summit Road, Sunstone Park, Austin, AL, 79805	India
S2-003923	Juniper Enterprises Limited	Near SBI ATM, 46 Sunstone Mn, Pune, MP, 562095	IN
S2-002807	Summit Motors & Sons Incorporated	392 Ironwood R dStonebridge Park Behind the Civic Center Fresno AL 16534	US
S2-004941	Apex Redwood Electricals Ltd	Stonebridge Cross, Goldleaf Nagar, Nagpur, Maharashtra	India
S2-000587	Cobalt & Sons imited	Behind Ganesh Temple 164 Stonebridge Marg Juniper Nagar Gujarat 191001 Coimbatore	IN
S2-001539	Vertex Solutions Limited Lability Company	Ravenwood Boulevard Mobile IL 83361	United States
S2-008790	Flcon, Motors Private Limited	Summit Mn, Opp. Bus Depot, Falcon Nagar, Kochi, 322946	IN
S2-008626	Ravenwood Thisstle Inc	386 Orchid Ave, Summit Park, Peoria, OH, 32815	United States
S2-004120	Falcon Electricals Pvt Ltd	271 Sunstone Street Meridian Nagar Kochi Tamil Nadu 370805	India
S2-004378	Onyx Limited Liability Company	205 Goldleaf Blvd, Tacoma, OH	USA
S2-002595	Vertex Enterprises	199 Onyx Crs, Quarry Nagar, Pune, Tamil Nadu, 330116	India
S2-008657	Redwoood Consultancy Corp	207 Thistle Avenue, Opp. City Library, Peoria	US
S2-007831	Kestrel Foods and Sons Private Limited	165 Vertex Cross, Falcon Nagar, MP, 571452, Jaipur	India
S2-000492	Meridian Trading Pvt Ltd	227 Kestrel Marg, Near Metro Pillar 42, Cobalt Nagar, Kochi, Maharashtra, 337574	India
S2-008225	Orchid Inc	Opp. City Library, 195 Cobalt Street, Falcon Park, 23073, Tacoma	United States
S2-007010	Brihtapth Industries	Opp. Bus Depot, 5/39 Goldleaf St, Surat, Kerala, 285040	IN
S2-005628	Thistle Logisticcs	227 Goldleaf Marg, Pune, Rajasthan, 529842, Maplecrest Nagar	IN
S2-006787	Cobbalt	Falcon St Juniper Park Fresno TX	US
S2-008482	Qurry	387 Harbor St, Austin, AL, 78057	India
S2-005331	Ironwood Priavte iLmited	12 Juniper Marg Mapleecrest Nagar Near SBI ATM Kochi Tamil Nadu	India
S2-000984	Ironwood Textiles LLC	Opp. City Library, 78 Thistle Dr, Clearwater Park, Akron, WA 88782	United States
S2-003756	Redwood Industries	354 oGldleaf Road, Apex Nagar, Indore, Kerala, 774226	IN
S2-006949	Notrhgate Motors Limited Liability Company	290 Redwood Dr Cobalt Park Fresno CA 63647	US
S2-008696	Sunstone Systemms	391 Kestrel Avenue, Peoria	United States
S2-008380	Bluepeaak Private Limited	Onyx Boulevard, Stonebridge Park, Kochi, OH	United States
S2-001823	Sunstone Chemcials	338 Apex Marg, Vertex Nagar, Jaipur, MP, 370726	IN
S2-000802	Bluepeak Falcoon Private Limited	303 Cobalt Main, Sunstone Nagr, Nagpur, Kerala	India
S2-008208	Bluepeak Solutions	9/76 Cobalt Blvd, Bluepeak Park, Peoria, 99292	United States
S2-008756	Summit Textiles  Co	139 Clearwater Crs Juniper Nagar MP 868817 Peoria	India
S2-004563	Meridian Quarry Foods Ltd	179 Goldleaf Road, Surat, Gujarat	India
S2-002695	Stonebridge Motors Inc	93 Ravenwood Boulevard, Goldleaf Park, Austin, 94194	US
S2-007012	Thistle Systems Pvt Ltd	222 Silverline Ave, Coimbatore, WA, 10162, Meridian Park	US
S2-007867	Blupeeak Silverline Motors	301 Vertex St, Harbor Nagar, Coimbatore, Maharashtra, 214635	India
S2-006348	Vertex Thiste Packaging Inc	Near Exit 14, 332 Onyx Dr, Falcon Park, Tacoma, OH, 59425	USA
S2-003123	Meridian Motors Ltd	164 Falcon Marg Bluepeak Nagar Opp. Bus Depot Coimbatore Rajasthan	IN
S2-001335	Clearwater Falcon Enterprises	72 Juniper Cross, Kestrel Nagar, Kochi, Tamil Nadu,  168984	IN
S2-006958	Sunstone Systtems Company	12 Apex Blvd Vertex Park Lubbock	USA
S2-003209	Vertex Redwood Foods LLC	39 Maplecrest Street, Sunstone Park, Lubbock, 71259	USA
S2-005156	Redwood Consultancy Corp	Near Exit 14, Northgate Park, Peoria, 350 Brightpath Drive	United States
S2-002606	Ravenwood Inc	390 Summit Avenue, Fresno, TX, 55645	United States
S2-002013	JuniperElectricals Pvt Ltd	117 Harbor Marg, Kestrel Nagar, Kochi, 969100	India
S2-004190	Silverline Logistics Ltd	228 Silverline Crs, Near SBI ATM, Bluepeak Nagar, Pune, 859758	IN
S2-008252	Juniper P Ltd	322 Quarry Avenue, Summit Park, Surat, OH, 61480	United States
S2-000686	Onyx Lantern Enterpirses &  Sons Co	154 Goldleaf Avenue, Bluepeak Park, Peoria	US
S2-004427	Lantern Tradding P Ltd	92 Ironwood Marg, Pune	India
S2-002859	SunstoneC hemicals Private Limited	130 Meridian Crs Quarry Nagar Indore Kerala 521794	IN
S2-005214	Soluutions Private Limited	199 Onyx Cross, Falcon Nagar, Jaipur, Maharashtra	IN
S2-006223	Thistle Co	37 Cobalt Avenue Opp. City Library Vertex Park Fresno TX 22613	USA
S2-004157	Ravenwood Textiles & Sons Private Limited	29 Maplecrest Main, Summit Nagar, Kochi, Tamil Nadu	IN
S2-001122	Orchid P Lttd	39 Goldleaf Marg Kochi Tamil Nadu 877306	India
S2-003516	Northgate Vertex Co	Behind the Civic Center, 202 Goldleaf Dr, Meridian Park, Mobile	USA
S2-008929	Meridian Fabrics Co	Behind the Civic Center, 132 Goldleaf Avenue, Austin, WA, 57808	United States
S2-005354	Stonebridge Indstries Limited Liability Company	12 Stonebridge Boulevard, Goldlaef Park, Akron, IL, 30349	USA
S2-003559	Maplecrest Enterprises Limited Liability Company	11/75 Redwood Boulevard, Maplecrest Park, Behind the Civic Center, Fresno, WA, 69364	USA
S2-009013	Ironwood Redwodo Foods P Ltd	17/45 Quarry Street Thistle Nagar Pune 59208	India
S2-005385	Ironwood Ravenwood Motors LLC	328 Juniper Rd, Lubbock, WA	US
S2-002245	Harbor Kestrel Industries and Sons P Ltd	138 Falcon Street, Pune, Rajasthan, 153653	IN
S2-002896	Sunstone Trading	109 Ravenwood Marg, Redwood Nagar, Pune, MP, Opp. Bus Depot	IN
S2-001088	Lantern Serviices and Sons Co	62 Northgate Boulevard, Silverline Park, Tacoma, 12784	USA
S2-006943	Ocrhid Services	Opp. City Library, 259 Thistle Drive, Quarry Park, Surat, CA	USA
S2-001640	Clearwater, Packagiing	138 Bluepeak Main Nagpur	IN
S2-003152	Summmit Limited	17 Lantern Street, Apex Nagar, Indore	India
S2-003249	Meridian Harbor Trading	34 Ironwood Drive Austin 58480	United States
S2-007823	Harbor Solutions Private Liited	Near SBI ATM, 19 Ravenwood Min, Surat	India
S2-003482	Juniper P Ld	27/54 Ravenwood Street Meridian Nagar Jaipur Tamil Nadu	IN
S2-004974	Sunstone Electricals Limited Liability Company	Behind the Civic Center, 161 Lantern Rd, Peoria, WA, 80899	US
S2-004018	Orchid, Maplecret Fabrics and Sons	227 Lantern Crs, Goldleaf Nagar, Coimbatore, Gujarat	IN
S2-004719	Silverline Quarry Packaging Company	5 Thistle Avenue, Harbor Park, Lubbock, 12867	US
S2-005866	Sunstone Co	Silverline Dr, Onyx Park, Opp. City Library, Austin, AL, 52563	USA
S2-007509	Kestrle Lantern Chemicals	21 Harbor Main, Silverline Nagar, Near SBI ATM, Jaipur, 991396	India
S2-001241	Silverlin eSilveerline Trading Co	13 Summit Blvd, Goldleaf Park, Tacoma	USA
S2-004587	Orchid Brightpath Enterprises Limited Liability oCmpany	365 Lantern Drive, Lubbock, 45108	USA
S2-000989	Sunstone, Textiles  Corp	335 Ravenwood Drive, Northgate Park, Fresno, WA, 40309	US
S2-004330	Redwood Systems Company	324 Maplecrest Avenue, Peoria, 92077	USA
S2-006573	Bluepeak Maplecrest Trding	Near Exit 14 279 Thistle Dr Clearwater Park Tacoma	USA
S2-003622	Stonebridge Summit Systems Ltd	230 Orchid Crs, Ironwood Nagar, Nagpur, 344295	IN
S2-007697	Brghtpath Thistle	Near Exit 14, 293 Ravenwood Rd, Stonebridge Park, Fresno, IL, 75773	USA
S2-005129	Ironwood Consuultancy Ltd	Near Metro Pillar 42, 216 Goldleaf Mn, Northgate Nagar, Coimbatore	IN
S2-002029	Quaryr, Electricals Co	30 Falcon Street, Kestrel Park, Akron, 43975	US
S2-005050	Clearwater Bluepaek Trading Privat eLimited	292 Summit Marg, Northgate Nagar, Pune, 505978	IN
S2-004680	Brightpath Silverline Chemials	27 Falcon Main Orchid Nagar Pune Kerala 988285	India
S2-002398	Irnwood Chemicals P Ltd	170 Bluepeak Cross, Cobalt Nagar, Jaipur, Tamil Nadu, 427692	India
S2-002604	Junier, Co	29 Quarry St, Silverline Park, Behind the Civic Center, Fresno, IL, 76566	USA
S2-000695	Silveerline	297 Sunstone Marg, Kochi, MP	India
S2-003004	Northgate Consultancy Limited Liability Company	377 Orchid Ave Vertex Park Akron OH 18809	US
S2-001285	Apex Electricals P Ltd	Coimbatore, 5 Juniper Street	India
S2-000377	Maplecrest, Logistics Company	265 Falcon St, Falcon Park, Mobile	USA
S2-000883	Irnowood, P Ltd	NearS BI ATM 160 Lantern Crs Kochi 194461	India
S2-005832	Kestrel Enetrpriss LLC	88 Cobalt Boulevard, Fresno	USA
S2-003453	Sunstone Industries Ltd	76 Mreidian Main, Summit Nagar, Nagpur	IN
S2-008322	Clearwater Redwood and Sons	242 Silverline Dr, Vertex Park, Tacoma, OH	USA
S2-004316	Silverlin eElectricals Company	60 Falcon Drive, Austin, IL, 69074	USA
S2-009265	Onyx, Maplecrest Textiles Co	54 Bluepeak Blvd, Fresno, 98540, WA	US
S2-003133	Meridian, Txetiles Incorporated	345 Sunstone Dr, Meridian Park, Lubbock, IL, 58332	United States
S2-002586	Ravenood Services	35 Harbor Cross, Goldleaf Nagar, Jaipur, Kerala	IN
S2-005428	Harbor Electricals Company	165 Maplecrest Avenue, Ironwood Park, Austin, OH, 38833	USA
S2-000049	Consultancy Bluepea kInc	388 Quarry Road, Sunstone Park, Lubbock	USA
S2-007308	Fabrics Ravenwooda nd Sons Inc	37/24 Kestrel Ave, Northgate Park, Lubbock, WA, 88724	US
S2-002162	Silverline, Textiles Incorproated	2/15 Redwood Rd, Maplecrest Park, Fresno, TX	United States
S2-001229	Goldleaf Packaging LLC	Bluepeak Ave, Northgate Park, Mobile	US
S2-002745	Summit Packaging P Ltd	Apex Mn, Summit Nagar, Pune, 792480, Maharashtra	India
S2-003695	Apex Foods	273 Ironwood Avenue Austin 49894	United States
S2-008289	Kestrel Chemicals and Sns Private Limited	110 Cobalt Road, Bluepeak Nagar, Coimbatore, MP	India
S2-004050	Goldleaf Enterprises Private Limited	244 Kestrel Marg, Ironwood Nagar, Indore, Rajasthan, 370980	IN
S2-002675	Harbor Servicess Limited Liability Company	396 Falcon Rd, Onyx Park, Peoria, CA	US
S2-003466	Sunston eFabrics Inc	301 Thistle Rd, Behind the Civic Center, Lubbock	USA
S2-004816	Redwood Lantrn Incorporated	31/49 Silverline Rd, Mobile, CA, 63300	US
S2-008068	Thistle Co	47 Ironwood Street, Lubbock, CA	US
S2-009202	Vertex Goldleaf Consultancy	358 Harbor Marg, Juniper Nagar, Opp. Bus Depot, Akron, Keraala, 944159	IN
S2-003579	Logistics Redwood Redwood	1/62 Ravenwood Mn, Summit Nagar, Kochi, 986772	India
S2-007704	Apex Ldt	Opp. City Library, 189 Ravenwood Avenue, Maplecrest Park, Mobile, WA, 57425	IN
S2-000390	Goldelaf Vertex Consultancy	Near SBI ATM, 366 Onyx Main, Vertex Nagar, Jaipur, MP, 806293	IN
S2-002252	Enterprises Falcon Private Limited	211 Clearwater Cross Apex Nagar Nagpur Kerala 269064	IN
S2-001615	Harbor Lgistics Corporation	Summit Road, Northgate Park, Lubbock, 33476	US
S2-007480	Cobalt, Industries Private Liitde	238 Ravewnood Cross, Quarry Nagar, Surat, Maharashtra, 806549	IN
S2-009120	Maplecrest Quary P Ltd	261 Clearwater St, Meridian Park, Coimbatore, TX, 57587	USA
S2-008487	Ironwood Enterprises	17/70 Silverline St, Surat, 754311	IN
S2-009158	Harbor Apex Incorporated	341 Kestrel Dr Austin TX	US
S2-001443	Junipe, Chemical P Ltd	339 Quarry Street, Redwood Nagar, Jaipur, Gujarat, 698271	IN
S2-008312	Northgate Northgate Ltd	269 Meridian Marg, Coimbatore, 461422	India
S2-005977	Thistle Motos	Bluepeak Rd, Austin, WA	USA
S2-003503	Northgate Industries P  Ltd	244 Thistle Rd Cobalt Nagar Indore Tamil Nadu 743354	IN
S2-002040	Redwood Logistics and Sons Co	126 Thistle Blvd, Harbor Park, Akron, WA	USA
S2-008419	Goldleaf Private Limited	186 Ironwood Marg, Nagpur, 612846, Bluepeak Nagar	India
S2-000739	Northgate Private Limiited	Nagpur,  16/64 Ironwood Cross	India
S2-008358	Ravenwood Ravenwood Motors Company	229 Onyx Blvd Apex Pak Behind the Civic Center Lubbock WA 70658	USA
S2-002312	Harbor Thistle Industriees	323 Thistle St, Lubbock, OH, 48558	US
S2-003008	Quarry P Ltd	Lantern Road, Orchid Nagar, Pune, Maharashtra, 656426	India
S2-002463	Quarrry Electricals Inc	73 Bluepeak Dr Ravenwood Park Lubbock CA 85230	USA
S2-006139	Bightpath, Limited	163 Stonebridge Road, Nagpur, 315137	IN
S2-007131	Industries Kestrel	216 Harbor Rd, Stonebridge Nagar, Coimbatore, MP, 33372	US
S2-000056	Foods Meridian Private Limted	184 Maplecrest Street, Indore, Gujarat, Quarry Nagar	India
S2-000663	Onyxx Trading Private Limited	133 Summit Street Near SBI ATM Nagpur Harbor Nagar	IN
S2-005627	Thistle Private Limited	227 Goldleaf Marg, Pune, Rajasthan	IN
S2-000598	Quarry Fabrics Private Limited	238 Quarry Cross, Near Metro Pillar 42, Ravenwood Nagar, Maharashtra, 302251, Kochi	IN
S2-005355	Stonebridge Indusrties LLC	27/53 Ironwood Drive, Falcon Park, Tacoma	US
S2-002591	Northgate Kestrel & Sons Inc	124 Northgate Road, Summit Park, Austin	US
S2-006670	Thistle Enterpries Limited	Thistle Cross, Surat, Tamil Nadu	IN
S2-008397	Logistics Thistle Quarry Corporation	158 Brightpath St, Orchid Park, Mobile, OH, 65119	United States
S2-001783	Redwood Inc	263 Brightpath Road, Mobile, AC, 67648	United States
S2-005397	Ravenwood Trading Company	245 Meridian Avenue, Opp. City Library, Maplecrest Park, Peoria, OH, 76690	US
S2-006931	Orchid Pacaging	183 Thistle Blvd, Behind the Civic Center, Harbor Park, Pune, TX, 85026	United States
S2-003064	Northgate, Industreis	132 Ironwood Marg Jaipur Rajasthan 474186	IN
S2-000745	Stonebridge Packaging Inc	Thistle Park, Fresno, AL, 59261, 327 Silverline Boulevard	USA
S2-000242	Thistle Summit Logistics	396 Orchid Dr, Clearwater Park, Austin, 45590	US
S2-001412	Stonebridge Cobalt Solutions &  Sons Co	164 Orchid Blvd Juniper Park Mobile 76285	US
S2-005556	Thistle Northgate Logistics LLtd	303 Northgate Marg Pune Rajasthan 482954	India
S2-007334	Enterprises Cobalt Coorporation	120 Quarry Ave, Goldleaf Park, Peoria, 49758	USA
S2-006546	Goldleaf Systems & Sons Ltd	127 Stonebridge Cross, Quarry Nagar, Indore, Kerala	India
S2-008718	Brightpath Packaging Redwood Limiteed	20 Maplecrest Main Meridian Nagar Surat	IN
S2-007954	Logistics Privatee Limited	50 Northgate St, Redwood Nagar, Pune, Tamil Nadu, 572702	India
S2-009184	Ravenwodo Motors Company	Near SBI ATM Maplecrest Marg Brightpath Nagar Jaipur 221742	United States
S2-008897	Meridian Packaging and Sons Private Limited	Apex Marg, SSurat, 301470	India
S2-005340	Kestrel Fabrics	4 Juniper St, Apex aNgar, Pune, MP	India
S2-006170	Quarry Logistics	Lantern Main, Northgate Nagar, Surat	India
S2-002108	Cobalt Ironwood Enterpries	54 Kestrel Crs, Near SBI ATM, Falcon Nagar, Pune, MP, 465421	India
S2-002788	Summit uSnstone Tradin gPvt Ltd	198 Ironwood Road, Indore, Maharashtra, 499697	IN
S2-001655	Goldleaf, Harbor Private Limited	262 Orchid St Thistle Nagar Nagpur MP 525097	IN
S2-008095	Juniper, Industries LLC	156 Vertex Avenue, Lubbock, 38313	US
S2-008524	Bightpath Textiles	74 Goldleaf Road Sunstone Nagar Pune Kerala 602635	India
S2-007021	Goldleaf, Chemicals Private Limited	36/51 Maplecrest Marg, Surat, Gujarat	India
S2-008535	Ravenwood Corp	280 Stonebridge Mn Behind Ganesh Temple Thistle Nagar Akron Kerala 176622	IN
S2-008023	Vertex Solutions	9 Falcon Blvd Tacoma OH 75986	US
S2-000908	Harbor Ironwood Trading Private Liited	216 Onyx Road, Maplecrest Nagar, Indore	India
S2-002637	Maplecrest Ravenowod Fabrics Ltd	97 Cobalt St, Coimbatore, 102939	IN
S2-008254	Juniper LLC	201 Lantern Blvd, Behind the Civic Center, Austin, OH, 93678	US
S2-003284	Ironwood Fabrics Incorpoorated	Opp. City Library 348 Juniper Blvd Clearwater Park Mobile 33581	USA
S2-009002	Junipe ompany	308 Summit St, Stonebridge Nagar, Fresno, 788339	IN
S2-002337	Bluepeak Silverline Systems Ltd	46 Summit Street, Surat, Tamil Nadu, 864959, Maplecrest Nagar	India
S2-003643	Thistle, Trading	40 Northgate Main, Clearwater Nagar, Coimbatore, Tamil Nadu, 360085	India
S2-000006	OnyxThistle Pv tLtd	228 Goldleaf Rd, Near SBI ATM, Indore, 473873, Kestrel Nagar	India
S2-006668	Ape xSystems Inc	228 Summit Avenue, Cobalt Park, Lubbock, CA	US
S2-008741	Kestrel Seervices Pvt Ltd	29 Bluepeak Road Behind the Civic Center Meridian Park Surat OH 90016	USA
S2-004482	Ravenwood Solutions Ltd	Brightpath Mn, Kochi, MP, 525718	IN
S2-007091	Harbor, Electricals Private Limited	92 Clearwater St, Quarry aPrk, Opp. City Library, Peoria, OH	IN
S2-003359	Onyx EnterprisesLtd	196Maplecrest Mn, Kestrel Nagar, Surat, 794980	India
S2-001401	Goldleaf Motors P Lttd	252 Meridian Rd, Jaipur, Kerala, 499456	India
S2-005759	Vertex Cobalt Slutions Corp	258 Stonebridge Street,Thistle Park, Akron, WA, 71496	US
S2-005480	Vertex Ironwood radingC orp	7 2Quarry Avenue Brightpath Park Austin 53786	United States
S2-006454	Harbor Textiles Private Limited	178 Stonebridge Street, Kestrel Nagar, Surat	India
S2-008314	Consultancy Ravenwood & Sons	220 Lantern Dr, Cobalt Park, Fresno, AL, 71156	IN
S2-006432	Meridina Clearwater Enterprises Pvt Ltd	316 Stonebridge St, Nagpur, Gujarat, 662937	IN
S2-001919	Harbor, ervces Ltd	306 Quarry Crs, Pune	IN
S2-001158	Cobalt Trading and Snos Private Limited	42 Harbor Rd Summit Nagar Pune Tamil Nadu 836662	India
S2-006706	Systems Sunstonee Stonebridge & Sons Incorporated	34/37 Northgate Ave, Austin, 89715	United States
S2-008369	Quaryr Tradingg P Ltd	20/11 Thistle Rd Lantern Park Indore IL	US
S2-002751	Maplecrest Trading rivate Limited	Falcon Mn, Indore, Tamil Nadu	IN
S2-001451	Glodleaf Foods Corp	26 Vertex Blvd Lantern Park Mobile WA	US
S2-002516	Harbor, Packagingg Incorporated	145 Lantern Blvd, Fresno, 21527	United States
S2-008099	Quarry Ravenwood Packaging Inc	154 Stonebridge Marg, Onyx Nagar, Jaipur, MP, 474429	United States
S2-004575	Thistle Electricals P Ltd	144 Lantern Road Apex Nagar Coimbatore Kerala 636647	IN
S2-004437	Thistle Solutions and Sons Company	220 Lantern Ave, Maplecrest Park, Lubbock	US
S2-005963	Ironwood Sunstone Industries & Sons Limited	151 Goldleaf Mnn, Bluepeak Nagar, Surat, Tamil Nadu, 952253	IN
S2-002628	Vertex Loigstics	6 Juniper Marg, Harbor Nagar, Indore, Rajasthan	IN
S2-001231	Harbor extiles Private Limited	239 Thistle Road, Quarry Nagar, Jaipur, Maharashtra	IN
S2-002632	Summit Electricalss LLC	221 Quarry Ave, Near Exit 14, Akron, IL, 10452	USA
S2-009010	Falcon Industries P Ltd	229 Cobalt Street Sunstone Nagar Nagpur 690293	India
S2-003435	Services Orchid Corporation	80 Cobalt Rd, Stonebridge Park, Tacoma, CA, 57831	USA
S2-000446	Falcon Motors Pvt Ltd	130 Bluepeak Street Juniper Nagar Behind Ganesh Temple Jaipur	India
S2-000398	Bluepak Motors Corp	116 Goldleaf Drive, Juniper Park, Akron, 56946	US
S2-005423	Thistle Soultions and Sons LLC	292 Harbor Street, Silverline Park, Austin, OH	United States
S2-000869	Silverline, Fabric s& Sons	350 Summit Stret, Thistle Park, Austin, CA, 16495	US
S2-006080	Cobalt Foods Pvt Ltd	25/48 Ravenwood St, Brightpath Nagar, Kochi	India
S2-003593	Orchid Ironwood Solutions and Sons Pvt Ltd	46 Vertex Main, Orchid Nagar, Pune, MP, 475298	IN
S2-005798	Falconn Limited	234 Quarry St, Meridian Nagar, Surat, Rjaasthan, 613207	India
S2-002065	Northgate Orrchid	358 Clearwater Road, Near Exit 14, Sunstone Park, Tacoma, WA, 10600	USA
S2-008864	Meridian Fabrisc Corp	337 Ravenwood Road, Brightpath Park, Peoria, CA	United States
S2-002009	Onyx Motors and ons Ltd	Apex Rd, Quarry Nagar, Coimbatore, MP, 828815	IN
S2-003102	Harbro, Trading	18/42 Cobalt Mn, Verte Nagar, Surat, Maharashtra, 471683	India
S2-008283	Quarry Summit Corp	59 Apex Street, Sunstone Park, Mobile, OH, 54555	US
S2-007107	Electricals Quarry LLC	330 Ironwood Street Orchid Park Fresno 22543	USA
S2-004759	Meridian IndustriesLimited	393 Kestrel Main, Summit Nagar, Indore, Gujarat	India
S2-004645	Stonebridge Bluepeak Fabrics	Opp. Bus Depot, 8/67 Vertex Marg, Kochi, Maharashtra	IN
S2-000123	Sumimt Corporation	319 Summitt Boulevard, Vertex Park, Lubbock, WA, 86504	United States
S2-002869	Bluepeak & Sons Pvt Ltd	155 Stonebridge Road Coimbatore Kerala 909383	India
S2-002656	Ironwodo Fabrics Co	Lantern Boulevard Quarry Park Fresno OH 23826	United States
S2-007842	Ravenwood Textiles Private Limited	30/42 Vertex Street Onyx Nagar Nagpur Kerala	India
S2-002311	Harbor Thistle Corrp	46 Lantern Dr, Ravenwood Park, Austin, AL	USA
S2-001310	Goldleaf Industriesa nd  Sons Limited Liability Company	33/24 Sunstone Ave, Fresno	US
S2-007253	Quarry, Foods and Sons PLtd	345 Juniper Marg 488494 Kochi	IN
S2-006708	Orchhid Sunstone Electricals Corp	Opp. City Library, 24/87 Goldleaf Rd, Peoria, IL, 54249	US
S2-007247	Juniper iLited	Summitt Marg, Ironwood Nagar, Jaipur, 415334	India
S2-004033	Apex Vertex P Ltd	374 Thistle Street, Vertex Nagar, Pune, MP	India
S2-000204	Ironwood Summit Electricals Corporation	81 Vertex St, Cobalt Park, Mobile, OH, 26896	US
S2-003944	Falcon Industries	294 Ravenwood Road, Kestrel Nagar, Indore, Rajasthan	India
S2-005274	Goldlea Packaging and Sons Private Limited	Summit S Indore 610365 Bluepeak Nagar	IN
S2-000870	Silverline Fabrics	350 Summit Street, Thistle Park, Opp. City Library, Austin, CA	USA
S2-003331	Orchid Foods Pvt Ltd	36/78 Goldleaf Cross, Kestrel Nagar, Nagpur, Gujarat, 932984	IN
S2-003103	RavenwoodI ndustries Company	Near Exit 14, 256 Falcon Ave, Brightpath Park, OH, 89869, Fresno	US
S2-008163	Sunstone, Systems Northgate Inc	52 Bluepeak Avenue, Apex Park, Tacoma	USA
S2-004828	Ravenwood ervices	316 Sunstone Street, Onyx Nagar, Coimbatore	India
S2-007754	Solutions Lantern Pvt Ltd	Behind Ganesh Temple, 262 Bluepeak Rd, Northgate Nagar, Kochi, MP	India
S2-007102	Oyx CCorporation	Harbor Road, Near Metro Pillar 42, Apex Nagar, Jaipur, Tamil Nadu, 258800	USA
S2-002298	Vertex Fabrics Limited	60 Ironwood Main, Stonebridge Nagar, Kochi, 414956	India
S2-002086	Ravenwood Systems Ltd	Harbor Street, Clearwater Nagar, Jaipur	India
S2-002284	Packaging Meridain Redwoo dIncorporated	196 Silverline Avenue, Sunstone Park, Mobile, AL, 14683	USA
S2-008316	Orchid, Incorporated	298 Kestrel Main, Austin, MP, 457794	IN
S2-007492	Silverline Solutions Company	362 Orchid Boulevard, Opp. City Library, Peoria, 766909	US
S2-006247	Ironwood Stonebridge Enterrpises Corporation	89 Falcon Boulevard, Falcon Park, Akron, CA, 15555	US
S2-009178	Ironwood Motors Limited	11/34 Goldleaf Main, Goldleaf Nagar, Jaipur, 860991	IN
S2-004383	Lantern Fabrics Private Limited	380 Northgate St, Sunstone Nagar, Nagpur, 996487	India
S2-000910	Thistle Thistle Trading Co	14/36 Brightpath St, eoria, 30697, Ironwood Park	USA
S2-002275	Meridian Onyx Logistics P Ltd	Near SBI ATM, 37 Bluepeak Marg, Jaipur, Tamil Nadu	India
S2-008942	Harbr Chemicals	250 Harbor Marg, Summit Nagar, Pune, Tamil Nadu	India
S2-005319	Services Maplecrest Corporation	32/84 Redwood Street, Near Exit 14, Maplecrest Park, Austin, WA, 49183	US
S2-007877	Meridian Chemicals	381 Silverline Drive, Falcon Park, Mobile, AL	US
S2-007238	Cobalt Trading Privte Limited	318 Kestrel Road, Indore, Kerala	India
S2-007991	Ravenwood Services Incorporated	145 Meridian Ave, Tacoma	USA
S2-007485	Lantern Services Private Limited	108 Ravenwood Marg, Bluepeak Nagar, Nagpur, Kerala	India
S2-006275	Trading Harbor Prviate Limitted	85 Sunstone Street Bluepeak Nagar Coimbatore	IN
S2-006539	Juniper LLC	145 Summit Dr, Lubbock, 96458	US
S2-009315	Cobalt, Motors P Ltd	6 Sunstone Street Pune Maharashtra	India
S2-002362	Falcon Enteerprises Corporation	193 Redwood Dr, Juniper Park, Akron, OH, 30663	US
S2-004579	Bluepeak Kestrel Chemicals Private Limited	56 Apex Cross, Vertex Nagar, Jaipur, Gujarat	IN
S2-004631	Brightpath Logistics Limited Liability Company	81 Maplecrest Ave, Quarry Park, Lubbock, AL, 91408	US
S2-008614	Traing Clearawter LLC	57 Kestrel Drive Onyx Park Peoria 38776	US
S2-004888	Falcon Silverline Packaging Private Limited	133 Falcon Marg, Apex Nagar, Coimbatore	India
S2-001488	Onyx  Services Private Limited	358 Ony Mn Maplecrest Nagar Jaipur 409951	India
S2-001849	Textiles Silverline Private Limitted	188 Juniper Main, Ironwood Nagar, Pune, Tamil Nadu	India
S2-002881	Harbor Consultancy Cobalt & ons Limited Liability Company	149 Onyx Street, Thistle Park, Fresno, IL, 22284	USA
S2-008258	Sunstone Harbor Consultancy Limited Liability Company	85 Harbor Boulevard Orchid Park Lubbock OH	United States
S2-004128	Lantern Packaging Pvt Ltd	Near Metro Pillar 442, 373 Clearwater St, Lantern Nagar, Nagpur, 893069	IN
S2-006704	StonebridgeServices Ltd	214 Silverline Cross Apex Nagar Jaipur	IN
S2-000756	Ironwood Company	47 Sunstone Dr Peoria, OH	United States
S2-003076	Latern Orchid Textiles LLC	Redwood Street, Onyx Park, Opp. City Library, Austin, 11107	US
S2-009102	Juniper Mtoors and Sons Company	Apex St, Akron, WA, 44557	US
S2-005601	Sunstone Packaging Juniper & Sons Inc	21/80 Ironwood Drive, Clearwater Park, Tacoma, IL, 87232	USA
S2-003942	Stonebridge	129 Silverline Marg Jaipur 970975 Orchid Nagar	IN
S2-008235	Ironwood Fabriccs Private Limited	132 Orchid Main, Ravenwood Nagar, Nagpur, 727993	IN
S2-002419	Maplecrest Quarry Fabrics Limited	322 Kestrel Crs, Northgate Nagar, Indore, Gujarat	India
S2-005838	Ravenwood Consultancy Incorpporated	154 Summit Dr, Quarry Park, Tacoma	USA
S2-006548	Maplecrest Solutions Ltd	218 Brightpath Street, Clearwater Nagar, Coimbatore, 144500	IN
S2-002346	Onyx Coonsultancy	Sunstone Blvd, Kestrel Park, Mobile, OH, 53713	USA
S2-006791	Northgate Blueepeak	373 Apex Marg, Stonebridge Nagar, Surat, 746705	India
S2-005742	Maplecrestt Chemicals	82 Bluepeak Rd Behind Ganesh Temple Coimbatore Tamil Nadu	IN
S2-005550	Falcon Industries P Ltd	361 Lantern Cross, Cobalt Nagar, Nagpur, MP	IN
S2-005482	Kestrel Harbor ySstems Ltd	331 Clearwater Marg, Behind Ganesh Temple, Jaipur	IN
S2-008660	Lantern Textiles Pvt Ltd	Near Metro Pillar 42 120 Brightpath Mn Thistle Nagar Nagpur Rajasthan 960698	India
S2-004343	Summit Meridian Textiles	Behind the Civic Cenetr, 77 Northgate Ave, Clearwater Park, Peoria, CA	US
S2-005148	Orchid Fabrics Pvt Ltd	314 Lantern Cross, Pune, Kerala, 908152	India
S2-002425	Brightpath Vertex Foods Co	289 Northgate Boulevard, Peoria, CA, 84865	United States
S2-006523	Ravenwood Enterprises & Sons	208 Ironwood Boulevard, Kestrel Park, Mobile, 42857	USA
S2-006878	Bluepeak Foods Co	17 Falcon Rd, Ravenwood Park, Austin, AL, 66678	US
S2-007553	Stoneebridg Enterprises P Ltd	22/18 Goldleaf Cross, Bluepeak Nagar, Pune, Gujarat	IN
S2-001527	Apex Quarry Fabris P Ltd	300 Silverline Street Clearwater Nagar Kochi 305721	IN
S2-002239	Kestrel Induustries Company	195 Falcon Street, Fresno	US
S2-006707	Orhid Sunstone Electricals	317 Falcon St, Goldleaf Park, Lubbock, 18419	United States
S2-003867	Summit Stonebridge Enterprrises Ltd	203 Maplecrest Rd Silverline Nagar Opp. Bus Depot Pune Maharashtra	IN
S2-000026	Apex Electricals an dSons Corp	36 Apex Drive Orchid Park Akron CA	USA
S2-002844	Silverilne Electricals td	Summit Rd, Jaipur, Maharashtra, 581439	IN
S2-005031	Apex Bluepeak Foods Incorporated	398 Ironwood Road, Fresno	US
S2-007532	Clearwatter Chemicals Ltd	28 Ironwood St Ravenwood Nagar Kochi 564308	India
S2-005917	Vertex Enterpises Co	312 Falcon Blvd, Stonebridge Park, Fresno, WA, 76777	USA
S2-002414	Stonebidge Industries Redwood Pvt Ltd	37 Thistle Street, Clearwater Nagar, Gujarat, Kochi	India
S2-003492	Kestrel, Private Limited	39 Falcon Marg, Ravenwood Nagar, Jaipur, Rajasthan, 927956	India
S2-004070	Lantern Solutiosn Inc	Quarry Dr, Falcon Park, Lubbock, AL, 20577	US
S2-005318	Cobalt Stonebridge	267 Juniper Dr, Bluepeak Park, AC, Peoria	US
S2-006877	Brighpath Fabrics	235 Onyx Rd, Kestrel Nagar, Jaipur, Maharashtra, 775291	India
S2-005489	Stonebridge, Logistics Limited Liability Company	186 Ravenwood Blvd, Tcaoma, OH	United States
S2-004916	Sunstone & Sons Private Limited	345 Orchid Mn, Thistle Nagar, Pune, 997597	India
S2-003260	Stonebridge Cobalt Solutions andSons Limmited	43 Thistle Rd, Pune	India
S2-006920	Lantern Textiles Limited	46 Summit Road, Indore, Tamil Nadu, 800459	IN
S2-007945	Vertex Motors Corporation	20 Redwood St, Cobalt Nagar, Lubbock, 380224	IN
S2-002708	Ravenwood Packaging P Ltd	321 Onyx Rd, Indore	India
S2-004858	Onnyx Summit Electricals LLC	305 Juniper St, Lubbock, IL, 12575	US
S2-006919	Lantern Texitles Limited	46 Summit Rd Redwood Nagar Indore Tamil Nadu 800459	India
S2-000076	Thistlle, Textiles Pvt Ltd	196 Bluepeak St, Maplecrest Nagar, Jaipur, Kerala, 745062	India
S2-002763	Stonebridge Corpporation	76 Bluepeak Road Summit Park Near Exit 14 Fresno OH	United States
S2-006085	Northgate Packaging & oSns Private Limited	187 Summit Marg Ironwood Nagar Indore Maharashtra	IN
S2-009256	Thislte Electricals	94 Clearwater Road, Opp. City Library, Lubbock	IN
S2-002335	Summit Summit Ltd	368 Ironwood Cross Kochi Maharashtra 556308	India
S2-005292	Ionwood LC	162 Lantern Blvd Lantern Park Austin WA 72930	US
S2-007847	Clearwater Motors LLC	Tacoma, IL, 92990, 344 Harbor Blvd	USA
S2-005936	Apex Services Inc	292 Ravenwood Drive, Quarry Park, Tacoma, AL, 20509	USA
S2-008471	Redwood Kestrel Enterprises Inc	Falcon Street Quarry Park Fersno TX 57273	United States
S2-001672	Flacon Systems and Sons P Ltd	6/56 Thistl Main, Lantern Nagar, Jaipur, MP, 583458	IN
S2-005353	Falcon Soltuions & Sons LLC	349 Silverline Drive Tacoma TX 70714	US
S2-008666	Systems Kestrel Meridian	Juniper Dr, Kestrel Park, Austin, WA, 95342	USA
S2-008991	RavenwoodI ndustries Incorporated	171 Cobalt Rd, Maplecrest Nagar, Indore, MP, 119559	US
S2-008340	Stonebridge Trading	225 Goldleaf Rd, Silverline Nagar, Austin, Gujarat, 380744	IN
S2-003507	Malpecrest, Vertex Industries	44 Bluepeak Avenue, Austin, WA, 59364	US
S2-009016	Onyx Solutions Ltd	9/54 Clearwater Blvd, Opp. City Library, Thistle Park, Pune, TX, 69237	US
S2-000089	Thiste Onyx	Behind the Civic Center, 228 Northgate Blvd, Cobalt Park, Peoria, WA	US
S2-008495	Sunstone Packagign P Ltd	137 Quarry Street Apex Nagar Surat	India
S2-000979	Ironwood Logistics and Sons Company	Near Exit 14, 295 Thistle Street, Tacoma	US
S2-000977	Ironwood Loggistics Co	261 Maplecrest Drive, Northgate Park, Near Exit 14, Lubbock, WA, 53294	USA
S2-000163	Stonebridge and Sons P Ltd	Apex Marg, Bluepeak Nagar, Indore	IN
S2-009331	Kestrel Electricals Incorporated	260 Quarry Ave, Quarry Park, Austin, 85653	USA
S2-002093	Sunstone Bluepeak Services & Sons Private Limited	120 Bluepeak Stret, Lantern Nagar, Pune	India
S2-005760	Quarry, Cobalt Motors Incorporated	Cobalt Park, Fresno, 197 Northgate Rd	USA
S2-000035	Stonebridge Solutions & Sons Co	297 Ravenwood Dr, Vertex Park, Mobile, TX, 28528	USA
S2-004982	Brightpath Mootrs and Sons LLC	127 Vertex Road, Lubbock, 39182	US
S2-004992	Sunstnoe Services	279 Lantern Crs, Pun, Rajasthan, 469767	IN
S2-008632	Inddustries Ironwod Ltd	368 Thistle Road, Orchid Nagar, Coimbatore, 281161	India
S2-002531	Lantern, Textiles Inncorporated	51 Apex Boulevard, Behind the Civic Center, Peoria, CA, 68498	USA
S2-003986	Juniper Motosr Private Limited	8/46 Ravenwood Main, Goldleaf Nagar, Kochi	India
S2-003037	Orchid Solutions P Ltd	212 Quarry Road, Redwood Nagr, Kochi	IN
S2-002625	Clearwate, rChemicals Inc	27 Thistle Avenue, Brightpath Park, Akron, 78539	USA
S2-000075	Thistlle Textiles Pvt Ltd	Coimbatore, 16/32 Kestrel Marg	India
S2-000689	Stonebridge Solutions Private Limited	Near Metro Pillar 42 380 Thistle Street Goldleaf Nagar Kochi 258925	India
S2-005283	Sonebridge Enterprises Limited	80 Ironwood Marg Pune 735937	IN
S2-006105	Summitt Industries Corporation	129 Redwood Bouleevard Meridian Park Mobile	USA
S2-002281	Juniper Electricals Private Liited	Quarr Nagar, Pune, MP, 490825, Thistle Street	IN
S2-004395	Maplecrest, Industries	156 Vertex Ave, Harbor Park, Lubbock, TX, 38313	USA
S2-005114	Orchid Juniper Industries	146 Vertex Ave, Lubbock, 74834	US
S2-007499	Sunstne Systems Co	19/70 Onyx Blvd, Austin, 65324, Summit Park	USA
S2-004382	Lantern Fabrics Private Limitde	380 Northgate Street, Sunstone Nagar, Nagpur, Gujarat, 996487	India
S2-006172	Stoebridge Pvt Ltd	310 Lantern Road Ravenwood Nagar Kochi 512193	India
S2-002960	Bluepeak Foods Limited	Behind Ganesh Temple, Cobalt Cross, Stonebridge Nagar, Kochi	IN
S2-001315	Cobalt Chemicals Pvt Ltd	184 Meridian Rd, Opp. Bus Depot, Summit Nagar ,Nagpur, Tamil Nadu	India
S2-002740	Meridian Consultancy Private Limited	168 Goldleaf Mn, Near Metro Pillar 42, Jaipur, Maharashtra	India
S2-004301	Clearwaater Pvt Ltd	140 Lantern Rd Ironwood Nagar Kochi Maharashtra 859772	India
S2-000553	Vertex, Motors Inc	159 Meridian Rd, Peoria	United States
S2-002358	Bluepeak Elcetricals Pvt Ltd	140 Stonebridge Crs, Summit Nagar, Kochi, 140911	IN
S2-001631	Systems Ravenwood Ic	348 Clearwater Blvd, Vertex Park, Peoria, TX, 89594	USA
S2-000881	Cobalt Fabrics Corporation	263 Clearwater Rd, Summit Park, Mobile, WA, 57720	USA
S2-006251	RedwoodRedwood Textiles	216 Redwood Road, Stonebridge Nagar, Coimbatore	IN
S2-001595	Vertex Thistle Textils LLC	332 Harbor Boulevard, Brightpath Park, Tacoma, 36299	US
S2-001455	Redwood Enteerprises Ltd	40 Onyx Road, Redwood Nagar, Pune, Maharashtra, 155283	India
S2-006317	Summit Pvt LLtd	Behind Ganesh Temple, 37/61 Cobalt Cross, Jaipur, 141543	IN
S2-002219	Summit Services Limited  Liability Company	239 Onyx Boulevard, Akron, 24194	USA
S2-002303	Juniper Fabrics & Sons Pvt Ltd	102 Meridian Crs, Vertex Nagar, Kochi, 121465	India
S2-008135	Kestrel Electricals	201 Falcon Road Tacoma	USA
S2-005757	Goldlleaf Consultancy Corp	371 Harbor Boulevard, Tacoma, AL	US
S2-008353	Goldleaf Limited	159 Cobalt Drive, Onyx Park, Surat, 40808	United States
S2-007101	Goldleaf Ellectricals P Ltd	34 Falcon Marg Falcon Nagar Coimbatore Kerala 793405	India
S2-006090	Orchid Textiles LLC	Lubbock, 87305, 3 Juniper Dr	United States
S2-007149	Bluepeak Services and Sons Ltd	26 Northgate Crs, Bluepeak Nagar, Pune, Gujarat, 615508	IN
S2-004874	Summit Electricals & Sons Ltd	9/22 Falcon Crs, Summit Naagr, Kochi	India
S2-001594	Maplecrest Industries Private Limited	Apex Nagar Jaipur Kerala 578866 145 Kestrel Rd	IN
S2-005380	Orchid Meridian Textiles	6/82 Harbor Blvd Opp. City Library Ironwood Park aTcoma 85880	United States
S2-007548	Meridan Quarry FFoods and Sons Ltd	Northgate Marg, Maplecrest Nagar, Surat, Rajasthan, 569015	IN
S2-002703	Kesttrel Services Ltd	228 Clearwater St, Falcon Nagar, Kochi	IN
S2-005723	Falcon Chemicals Company	156 Onyx St, Cobalt Park, Lubbock	United States
S2-008298	OnyxA pex Limite Liability Company	282 Redwood Ave, Apex Park, Austin	United States
S2-000683	Electricals Falcon Lantern Incorporated	328 Nortgate Avenue, Ravenwood Park, Akron, WA	United States
S2-008758	Bluepeak Corp	232 Orchid Road, Meridian Park, Akron	USA
S2-001880	Kestrel Systems LC	Near Exit 14 359 Northgate Boulevard Brightpath Park Fresno	USA
S2-003206	Chemicals Onyx Pvt  Ltd	Kestrel Cross Summit Nagar Indore	India
S2-006578	Northgate Electricals Incororated	89 Onyx Rd, Stonebridge Park, Peoria	United States
S2-007942	Redwood Enterprises P Ltd	275 Onyx Crs, Maplecrest Nagar, Pune	IN
S2-003245	Sunstone Consultancy Corporation	283 Ironwood Avenue Ironwood Park Austin 55338	USA
S2-002792	Summit Enterprises Corporation	107 Apex Drive, Austin, 98769, OH	US
S2-007222	Stonebridge Systems & Sons	195 Goldleaf Avenue, Redwood Park ,Fresno, AL, 46809	India
S2-000644	Kestrel Limited	Near Metro Pillar 42, 41 Sunstone Marg, Bluepeak Nagar, Surat	IN
S2-002344	Orchid, Inc	358 Goldleaf Dr, Goldleaf Park, Austin, IL, 31363	United States
S2-007589	Ravenwood Consultancy and Sons LLC	227 Goldleaf St, Silverline Park, Akron, AL, 48116	US
S2-002429	Serviices Summit Corp	388 Northgate Rd Near Exit 14 Fresno 66949	United States
S2-004147	Maplecrest  Consultancy Ltd	218 Ironwood Cross Surat Rajasthan	IN
S2-005420	Brightpath Private Limited	107 Apex Crs, Blueepak Nagar, Jaipur, Gujarat, 228303	IN
S2-006545	Thistle and Sons Corp	124 Thistle Boulevard, Peoria, IL, 93114	USA
S2-007647	Bluepeak Services LLC	Near Exit 14, 57 Apex Drive, Ravenwood Park, Mobile, 35026	USA
S2-008232	Maplecrest Summit Private Limited	183 Summit Rd, Quarry Nagar, Coimbatore, Tamil Nadu, 465532	India
S2-007969	Falconn Foods Pvt Ltd	246 Quarry St, Bluepeak Nagar, Coimbatore, 904678	India
S2-006779	Logistics Stonebridge Limited Liability Company	20 Stonebridge Road, Peoria, AL, 21575	USA
S2-002151	Thistle Packaging oC	93 Kestrel Street Vertex Park Austin WA 43776	US
S2-009022	Goldleaf Limited Liability Comapny	399 Northgate Cross, Goldleaf Nagar, Tacoma, 561501	India
S2-008136	Electricals Clearwate Inc	95 Ironwood Street, Bluepeak Nagar, Indore, Tamil Nadu	US
S2-002232	Vertex Packaging Corporation	Near Exit 14, 222 Cobalt Avenue, Maplecrest Park, Akron, 76464	US
S2-001361	Vertex, Bluepeak Packaging Crporation	Falcon Avenue, Sunstone Park, Akron, AL, 17654	US
S2-001793	Apex Coorp	318 Brightpath Dr, Clearwater Park, Tacoma, 80355	United States
S2-001333	Onnyx Textiles Ltd	87 Maplecrest Rd, Kochi, 272712	India
S2-008795	Ironwood Enerprises	117 Maplecrest Street, Redwood Nagar, Pune, 910979	IN
S2-004983	Northgate  Textiles	156 Brgihtpath Rd, Akron, CA, 30974	United States
S2-008118	Quarr Corporation	21 Apex Dr, Peoria	United States
S2-007497	Orchid Northgate Ennterprises and Sons Corporation	166 Apex Drive, Northgate Park, Fresno, CA, 93530	United States
S2-008423	Sunstone Blepeak	274 Harbor Road, Apex Nagar, Tacoma, Gujarat	India
S2-004292	Merdian Trading & Sons Co	22 Goldleaf Rd Clearwater Park Peoria 87815	US
S2-002274	Ravenwood Harboor Packaging	178 Onyx Street, Redwood Park, Peoria	USA
S2-003918	Clearwater Privte Limited	268 Ravenwood Mn, Jaipur, Rajasthan	India
S2-006783	Quarry Lantern & Sons LLC	Sunstone Rd, Ironwood Park, Austin, 68732	USA
S2-001379	Maplecrets Electricals P Ltd	352 Onyx Street Stonebridge Nagar Near SBI ATM Coimbatore Kerala 911415	IN
S2-004538	Ravenwwood Trading	Orchid Ave Harbor Park Mobile OH 37256	USA
S2-001156	Summit Logistics and Sons	Opp. City Library, 191 Thistle Ave, Sunstone Prk, Akron, OH, 99715	USA
S2-006842	Sunstone Goldleaf Systems Co	339 Bluepeak Blvd, Peoria, WA, 44931	US
S2-001161	Juniper Trading	259 Stonebridge Street, Northgate Park, Tacoma, WA, 70254	USA
S2-005767	Harbor and Sons	306 uniper Ave Northgate Park Mobile 24754	USA
S2-008952	Summit Falcon Industrries Pvt Ltd	326 Bluepeak Street Silverline Nagar Surat 283804	India
S2-008509	Enterprises Northgate Silvverline Company	245 Meridian Ave,M aplecrest Park, Peoria, OH	USA
S2-000013	Vertex Fabrics  Private Limited	Thistle St, Kestrel Nagar, Pune, 641338	India
S2-008878	Systems, Redwood Corporation	Thistle Drive, Peoria, TX, 79642	USA
S2-002212	Juniper Solutions Private Limited	376 Meridian Main, Bluepeak Nagar, Opp. Bus Depot, Kochi	India
S2-002764	Stonebridge Textiles Crp	Near Exit 14, 76 Bluepeak Rd, Fresno	United States
S2-007306	Harbor Lantern Solutions Comapny	70 Stonebridge Mn, Near Metro Pillar 42, Aepx Nagar, Nagpur	United States
S2-006857	Stonebridge Chemicals Corp	113 Meridian Rd, Near Exit 14, Cobalt Park, Peoria, CA, 27315	USA
S2-001264	Thistle Trading Corporation	18 Northgate Rd, Meridian Park, Akron, 34090	US
S2-005794	Ironwood Limited Liability Comany	83 Redwood Avenue, Bluepeak Park, Austin, TX, 89661	United States
S2-007383	Meridian Cobalt Foods Private Limited	Sunstone St, Indore, 157187, Kestrel Nagar	India
S2-004240	Clearwater Consultancy and Sons Inc	223 Falcon Avenue, Harbor Park, Fresno, AL	USA
S2-004659	Clearwater  Ironwood Systems Co	170 Clearwater Drive, Lantern Park, Fresno	US
S2-006742	Kestrel Trading & Sosn Corp	Lantern Street Juniper Park Mobile CA 225756	United States
S2-009268	Goldleaf QQuarry Co	Near SBI ATM,344 Northgate Road, Redwood Nagar, Surat	US
S2-006917	LanternT extiles Limited	87 Orchid Cros, Stonebridge Nagar, Indore	India
S2-005377	Juniper Limited	24 Juniper Road, Cobalt Nagar, Pune, Rajasthan	IN
S2-002552	Cobalt Textiles Pvt Ltd	297 Sunstone Marg, Brightpath Nagar, Near SBI ATM, Jaipur, 526957	IN
S2-004515	RavenwoodT extiles	Near Metro Pillar 42, Brightpath Main, Onyx Nagar, Pune, MP	IN
S2-003896	Ironwood Juniper Electricals	Behind the Civic Center, 170 Lantern Dr, Juniper Park, Akron, TX, 67139	US
S2-009014	Falcon Orchid Tradinng	105 Thistle Rd Ravenwood Park Mobile TX	US
S2-000920	Silverline Electricals Pvt Ltd	120 Northgate Crs Nagpur MP	India
S2-006210	Clearwater, Summit Chemicals and Sons Co	263 Ironwood Boulevard, Northgate Park, Opp. City Library, Lubbock, CA, 30851	United States
S2-007759	Stonebridge, Clearwater Services	Near Metro Pillar 42 200 Juniper Crs Fresno MP	India
S2-004807	Ravenwood P Ltd	355 Cobalt Main, Kochi	IN
S2-007148	Thistle Summit Packaging Pvt Ltd	40 Orchid Cross, Coimbatore	India
S2-002282	Blueppeak Inc	318 Maplecreest Road Thistle Park Lubbock 59694	USA
S2-004573	Summi tNorthgate Systems Corp	123 Northgate Drive, Opp. City Library, Tacoma, OH, 23921	US
S2-004721	Bluepeak Ltd	390 Goldleaf Rd, Jaipur, Gujarat, 399225	India
S2-005381	Silverline Harbor Foods & Son sIncorporated	17 Northgate Avenue, Behind th Civic Center, Akron	USA
S2-002118	Brightpath Limited	304 Cobalt Cross, Thistle Nagar, Coimbatore, MP, 853513	IN
S2-000638	Silverline, Textiles Limmited	Falcon Crs, Northgate Nagar, Jaipur, Tamil Nadu, 951313	IN
S2-003291	Quarry Maplecrest Pvt Ltd	Opp. Bus Depot, 272 Orchid Mn, Kochi	India
S2-004718	Goldleaf Enterprises & Sons	326 Bluepeak Rd Apex Nagar Coimbatore 895852	India
S2-009314	Vertex Ltd	Thistle Park, Kochi, AL, 74005, 123 Apex Ave	US
S2-008522	Bluepeak Consultancy	Behind Ganesh Temple, 43 Redwood Marg, Clearwater Nagar, Jaipur, 553060	IN
S2-008489	Sevices Harbor Limited	52 Brightpath Street Kestrel Nagar Coimbatore	IN
S2-007551	Ravenwood Consultancy Icorporated	26 Ironwood Mn, Susntone Nagar, Tacoma, Tamil Nadu, 838280	India
S2-002301	Ravenwood Electricals Corp	Merdiian Dr Lubbock AL 64332	US
S2-002432	Silverline Textiles and Sons Pvt Ltd	192 Kestrel St, Coimbatore, MP, 724723	IN
S2-002147	Quarry, Textilles Pvt Ltd	152 Orchid Cross, Near SBI ATM, Clearwater Nagar, Kochi, TamilNadu	India
S2-007335	Silverline Industries LimitedLiability Company	335 Cobalt Street, Summit Nagar, Kochi, 598229	USA
S2-000853	Juniper Textiles  Private Limited	323 Silverline Road, Juniper Nagar, Surat, Gujarat	India
S2-003315	Onyx Packaging Inc	59 Sunstone St, Lantern Park, Akron, OH, 13590	US
S2-001319	Sunstone Packaging Private Limited	321 Cobalt Marg, Ironwood Nagar, 265540, Nagpur	IN
S2-001438	Summit Private Limited	Near Metro Pillar 42, Thistle Marg, Kochi	IN
S2-009125	Silverline	210 Northgate Ave, Opp. City Library ,Kestrel Park, Lubbock, 67918	USA
S2-007844	Qurry Fods	Harbor Drive, Lubbock, IL, 130888	United States
S2-007650	ThistleSunstone Enterprises Ltd	111 Meridian Main Kestrel Nagar Coimbaore	IN
S2-007515	Onyx Electricals Corporation	140 Lantern Marg, Vertx Nagar, Tacoma, Rajasthan	IN
S2-008888	Falcon Bluepeak	42 Lantern Street Clearwater Nagar Kochi MP	India
S2-001435	Lantern Electricals Limited Libaility Company	294 Clearwater Street, Tacoma, WA	United States
S2-006387	Ironwood Goldleaf Chemicals Corp	Near Exit 14, 196 Falcon Street, Northgate Park, Austin	United States
S2-003978	Godleaf Enterprises Private Limited	36 Apex Road, Vertex Nagar, Kochi, Tamil Nadu	IN
S2-008249	Juniper Logistics Lmiited	154 Maplecrest Mn, Redwood Nagar, Indore, Gujarat, 294916	India
S2-005718	Maplecrest, Pckaging P Ltd	Redwood Nagar, Indore, 102 Lantern Crs	India
S2-008033	Solutions Ironwood Pvt Ltd	14/84 Cobalt Cross Nagpur Rajasthan 697298	India
S2-002246	Harbor Kestrel Industries P Ltd	Falcon Street, Ravenwood Nagar, Pune	India
S2-004435	Solutions & Sons Co	220 Lantern Ave, Lubbock	US
S2-006157	Cobalt Logistics Limited Liability Company	344 Silverline St, Stonebridge Park, Fresno, TX, 67485	US
S2-004637	Cobalt Motors	343 Maplecrest Dr, Onyx Park, Behind the Civic Center, Fresno, WA, 97487	USA
S2-003012	Brighttpath Consultancy Private Limited	269 Falcon Main, Silverline Nagar, Indore, 882994	India
S2-005352	Fallcon Solutions	Behind the Civic Center, 349 Silverline Drive, Bluepeak Park, Tacoma, 70714	United States
S2-004905	Redwood Industries nad Sons Ltd	183 Redwood Street, Harbor Nagar, Coimbatore, Kerala, 161971	India
S2-005188	Summit Industres Pvt Ltd	9/32 Thistle Road Opp. Bus Depot Orchid Nagar Kochi 780726	IN
S2-008407	Silverline Pvt Ltd	116 Juniper RoadCoimbatore 525363	India
S2-005755	Vertex Packaging and Sons Private Limited	5 Ironwood Marg, Lantern Nagar, Coimbatore, 673924	India
S2-000361	Vertex Services Privatee Limietd	355 Northgate Marg, Surat, Maharashtra, 265639	IN
S2-001576	Thistle Solutions	68 Meridian Mn, Orchid Nagar, Kochi	IN
S2-007997	Falcon, Cobalt Trading and Sons	363 Cobalt Road, Mobile, OH, 20571	US
S2-005717	Summit Fabrics and Sons Pvt Ltd	10 Vertex Road, Jaipur, Tamil Nadu, 447953	India
S2-005676	Cobalt Maplecrest Textiles	92 Goldleaf Dr, Falcon Park, Austin, WA, 33075	USA
S2-007783	Maplecrest Trading & Sons Private Limitted	172 Bluepeak Dr, Nagpu,r IL	United States
S2-002706	Stonebridge Consultancy Incorporated	339 Apex Boulevard, Mobile	United States
S2-004017	StonebridgeC orp	357 Redwood Avenue, Ravenwood Park, Behind the Civic Center, Mobile, 58692	United States
S2-006441	Bluepeak Motors Co	101 Northgate Road, Brightpath Park, Austin, OH	United States
S2-000783	Ravenwood Private Limited	17/32 Juniper Rd, Redwood Nagar, Nagpur, Kerala, 923962	IN
S2-003934	Goldleaf	86 Silverline Drive, Redwood Park, Austin, TX	USA
S2-004158	Kestrell Logisitcs Private Limited	32/36 Northgate Crs, Sunstone Nagar, Jaipur, 933124	India
S2-000529	Brightpath Foods and Sos Company	69 Summit Street, Peoria, IL	United States
S2-004456	Redwood Summit Enterprises P Ltd	285 Goldleaf Rd, Kestrel Nagar, Near SBI ATM, Indore, Gujarat, 124223	IN
S2-008147	Kestrel Northgate Systems P Ltd	Thistle Mn, Redwood Nagar, Pune, 394237	India
S2-002644	Onyx Solutions PrivateL imited	Near Metro Pillar 42, 207 Silverline Crs, Nagpur, 795943	IN
S2-008572	Lantern Fabrics P Ltd	76 Vertex Street, Thistle Nagar, Pune, 409441	IN
S2-001826	Orchid & Sons LLC	66 Thistle Rd Fresno WA	United States
S2-007219	Quarry Consultanncy Private Limited	390 Apex Cross Summit Nagar Jaipur 306093	IN
S2-001988	Juniepr Chemicals Incorporated	242 Harbor Ave Harbor Park Austin CA	United States
S2-006663	Textiles Cobalt	303 Silverline Drive, Opp. CityLibrary, Ravenwood Park, Fresno	USA
S2-002170	Redwood Consultancy Corporation	302 Falcon Blvd, Meridian Park, Behind the Civic Center, Mobile	United States
S2-000217	Maplecrest Industries & Sons Private Limited	121 Quarry Marg, Indore, 685804	IN
S2-008784	Orchid Company	376 Thistle Marg, Harbor Nagar, Fresno, 328995	IN
S2-008089	Meridian Chemicals P Ltd	39/55 Goldleaf Street Ravenwood Nagar Indore	IN
S2-000716	Motorrs Northgate	289 Silverline Road, Nagpur	IN
S2-004926	Textiles Silveerline	303 Kestrel Road, Cobalt Nagar, Inore, Rajasthan, 307694	IN
S2-004679	Cobalt, Fabrics & Sons Inc	39/42 Falcon Avenue Orchid Park Austin	USA
S2-005959	Quarry Services	146 Bluepeak Crs, Bluepeak Nagar, Indore, MP, 694842	IN
S2-003627	Falcon Textiles P Ltd	Near SBI ATM, 228 Northgate Street, Redwood Nagar, Kochi	India
S2-004351	Harbor, JuniperL ogistics Corp	301 Thistle Blvd Opp. City Library Lantern Park Fresno AL 48902	US
S2-006565	Silverline Lantern Private Limited	90 Northgate Marg, Sunstone Nagar, Indore, MP	India
S2-004694	Vetex Lanter Motors Limited	231 Northgate Main Clearwater Nagar Kochi Maharashtra 337359	India
S2-003053	Industries Harbor Private Limited	196 Lantern Main, Summit Nagar, Nagpur, MP	India
S2-004675	Ravenwood,  Enterprises & Sons Co	158 Clearwater Boulevard Harbor Park Behind the Civic Center Austin 22329	US
S2-003917	Onyx ySstems Ltd	138 Vertex Rd, Falcon Nagar, Pune, Maharashtra	India
S2-004183	Chemmicals Ironwood	174 Falcon Main Pune Maharashtra 500900	India
S2-006316	Summit Systems Pvt Ltd	240 Onyx St Jaipur Maharashtra	IN
S2-000421	Kestrel Trading P Ltd	346 Juniper Main, Kestrel Nagar, Nagpur, Maharashtra, 815022	India
S2-009108	Orcihd Incorporated	Near Exit 14, 121 Verte Blvd, Maplecrest Park, Lubbock, IL, 16787	USA
S2-002037	Juniper Ltd	377 Clearwater Street, Kochi, 727934, Stonebridge Nagar	IN
S2-008373	Juniiper Goldleaf Fabrics Ltd	Sunstone Nagar, Kochi, Tamil Nadu, 304 Ravenwood St	IN
S2-003837	Verex Packaging Corp	10 Vertex Street, Sunstone Park, Austin, AL	USA
S2-003786	Meridian Fabrics Limited Liability Compnay	366 Redwood Avenue Goldleaf Park Peoria OH	US
S2-006588	Northate Packaging P Ltd	301 Apex Marg Maharashtra Surat	India
S2-007023	Kettsrel	156 Harbor Crs, Suat, 790435	IN
S2-007519	Sunstone LogisticsCorp	216 Summit Avenue, Akkron	USA
S2-006735	Onyx Foods and Sons Limited Liability Company	151 Brightpath Street Ravenwood Park Austin 32309	USA
S2-006979	Silverline Solutions Private Limited	169 Juniper Crs, Opp. Bus Depot, Northgate Nagar, Pune	India
S2-009162	Brightpath, Consultancy Pvt Ltd	264 Sunstone St Sliverline Nagar Nagpur Gujarat	IN
S2-002922	Notrhgate Textiles & Sons Co	Onyx Street, Maplecrest Park, Tacoma, TX, 30477	USA
S2-000837	Onyx Fabrics	155 Cobalt Rd Meridian Nagar Jaipur Rajasthan	IN
S2-000410	Meridian Industries Limitd Laibility Company	32/69 Bluepeak Avenue, Fresno, Brightpath Park	United States
S2-000442	Goldleaf Electricals Inc	359 Kestrel Blvd, Cobalt Park, Fresno, AL, 92502	US
S2-004084	Harbor Logistics	218 Cobalt Dr Lubbock TX	United States
S2-002555	Goldleaf Stonebridge Foods Private Limited	Sunstone Mn, Kochi, Rajasthan, 991701	IN
S2-004398	Thistle Trading Limited	22 Apex Main, Nagpur, Gujarat, 106987	IN
S2-001046	Goldleaf Chemicals and Sons Incorporated	316 Maplecrest Dr, Lubbock, OH	USA
S2-004657	Ironwood Trading Liimited	Opp. Bus Depot, 77 Juniper Mn, Harbor Nagar, Pune, Tamil Nadu, 710939	IN
S2-003082	Redwood, Electricals Private Limited	140 Falcon Rd Coimbatore 630137	India
S2-009126	Bluepeak Mtoors	377 Ironwood St, Orchid Park, Lubbock, CA	US
S2-008779	Sunstone Onyx Pvt Ltd	122 Ironwood Cross, Redwood Nagar, Indore	India
S2-000086	Clearwater Solutions	124 Apex St Summit Nagar Kochi	India
S2-005070	Onyx and Sons	231 Falcon Boulevard, Apex Park, Austin	USA
S2-000356	Falcon Foods Corp	109 Harbor Blvd, Opp. City Library, Brightpath Park, Akron, 12157	US
S2-007159	Orchi, Corp	64 Ironwood Rd, Onyx Park, Opp. City Library, Lubbock, IL, 68652	USA
S2-006915	MaplercestE nterprises Corporation	47 Quarry Rd Maplecrest Park Austin AL 69236	USA
S2-008428	Redwood Chemicals Ltd	172 Sunstone Road, Stonebridge Nagar, Kohci, Gujarat, 700485	India
S2-000036	Stonebridge Solutions Co	Kesstrel Rd, Peoria	USA
S2-004715	Meridian Enterprises Limited	108 Apex Marg, Nagpur, MP, 357945	IN
S2-006413	Thistle Foosd P Ltd	140 Meridian Street, Kestrel Nagar, Coimbatore, Kerala, 658714	India
S2-005132	Harbor, Trading	210 Ravenwood Rd Northgate Nagar Kochi Tamil Nadu 767199	India
S2-004749	Meridian Packaging	219 Cobalt Drive, Onyx Park, Lubbock, 69038	United States
S2-006608	Summit Textiles Pvt Ltd	391 Goldleaf Marg, Near Metro Pillar 42, Surat, 775856	India
S2-005234	Onyx Ocrhid Systems Private Limited	Ironwood Nagar, Surat, 893232, 294 Silverline Road	IN
S2-007523	Meridian, Sunstone Electricals Private Limited	Orchid Nagar Surat, Kerala, 29 Juniper Cross	IN
S2-002975	Thistle Quarry Traading Private Limited	334 Northgate Road, Bluepeak Nagar, Opp. Bus Depot, Nagpur, MP, 746852	IN
S2-007594	Onyx Systems & Sons	133 Quarry Ave, Thistle Park, Mobile, WA	US
S2-008462	Silverlnie Electricals Incorporated	Maplecrest Ave, Quarry Park, Near Exit 14, Lubbock, AL, 91408	USA
S2-007609	Stonebrridge Brightpath	12/14 Stonebridge Blvd, 30239, Akron	US
S2-000769	Kestrel Trading & Sons Co	Juniper Drive, Juniper Park, Opp. City Library, Akron, 699858	US
S2-005149	Orchiid Fbrics	314 Lantern Cross Sunstone Nagar Pune Kerala 908152	India
S2-003987	Electricals Coalt P Ltd	Brightpath Marg, Maplecrest Nagar, Coimbatore, Gujarat	IN
S2-005683	Brightpah Electricals P Ltd	127 Quarry Marg, Jaipur, 621310	IN
S2-003181	Sunstone Fabrics Company	Opp. City Library 392 Vertex St Austin AL	United States
S2-005957	Quarry Services Ltd	94 Cobalt Road, Bluepeak Nagar, Kochi, Maharashtra, 739868	India
S2-008747	Sunstone Clearwater Trrading P Ltd	80 Harbor Cross, Brightpath Nagar, Coimbatore, 849528	India
S2-002528	Summiit, Textiles	50 Lantern Boulevard, Thistle Park, Peoria, 89370	US
S2-006266	Orchid Meridian Chemicals and Sons	381 Ravenwood Rd, Ironwood Park, Akron	US
S2-001884	Oyx Lantrn Logistics	20 Brightpath Avenue Falcon Park Tacoma AL 47322	USA
S2-006921	Clearwater, Quarry Solutions Inc	396 Summit Boulevard, Falcon Park, Akron, OH	USA
S2-003972	Vertex and Sons	366 Kestrel Street Indore Kerala	IN
S2-007923	Oynx Co	174 Clearwater St, Stonebridge Park, Mobile, WA, 27497	United States
S2-003577	Reedwood Redwood Logistics Pvt Ltd	329 Clearwater St, Juniper Nagar, Kochi, Tamil Nadu, 509933	IN
S2-003657	Silverline Systems Ltd	Opp. Bus Depot, 78 Apex Main, Clearwater Nagar, Pune, 99503	India
S2-006658	Redowood	31/30 Cobalt Drive, Maplecrest Park, Akron, TX, 32165	USA
S2-006370	Redwood Consultancy	187 Thistle Avenue, Bluepeak Park, Mobile, TX, 11264	United States
S2-006290	Redwood Textiles an dSons Corporation	30/49 Onyx Drive, Austtin, AL, 29519	United States
S2-002317	Cobalt Solutions Icn	28 Lantern Street, Bluepeak Park, Tacoma, 83818	United States
S2-006808	Maplecrest	275 Brightpath Street, Stonebridge Nagar, Jaipur, Maharashtra, 985875	IN
S2-008987	Solutions Cleawrater and Sons	251 Summit Crs, Maplecrest Nagar, Nagpur, 305359	US
S2-000723	Falcon Textiles Pvt Ltd	12/72 Orchid Crs, Silverline Nagar ,Jaipur	IN
S2-000928	Quarry Apex Foods LLC	385 Stonebridge St Redwood Park Fresno 35415	USA
S2-001837	Systems, Ironwood	338 Clearwater Blvd, Stonebridge Park, Mobile, TX, 34294	USA
S2-000189	Northgate Consultancy & Sons	93 Stonebridge Blvd, Goldleaf Park, Peoria, CA, 38917	US
S2-001758	Stonebridge Enterprises Pvt Ltd	204 Sunstone Cross Maplecrest Nagar Pune 835905	India
S2-003888	Silverlie Brightpath Electricals Private Limited	105 Bulepeak Cross, Nagpur, Tamil Nadu	India
S2-001553	Onyx nyx Consultancy	12/57 Orchid Street, Summi Park, Tacoma, IL	United States
S2-007051	Lantern Redwood Services Private Limited	325 Stonebridge Marg, Stonebridge Nagar, Near SBI ATM, Coimbatore	India
S2-005512	Thistle Logistics Private Limited	333 Redwood St, Vertex Nagar, Nagpur, 484762	IN
S2-008218	Harbor Vertex Fabrics	367 Ironwood Street, Maplecrest Park, Behind the Civic Center, Mobile, 12519	United States
S2-002379	Falcoon, Quarry Systems Inc	238 Lantern Street, Kestrel Park, Fresno, 50512	US
S2-003841	Mapllecrest Ltd	Quarry St, Stonebridge Nagar, Jaipur, 587986	India
S2-000865	Thistle Enterprises Limited Liability Company	Quarry St, Bluepeak Park, Near Exit 14, Lubbock, CA	USA
S2-005519	Kestrel Pvt Ltd	Ironwood Crs, Meridian Nagar, Coimbatore	India
S2-008773	Redwood Pcakaging Corp	208 Clearwater Mn, Habor Nagar, Lubbock, 772461	IN
S2-005032	Onyx Sunstone Enterprises	359 Onyx Crs Redwood Nagar Indore Tamil Nadu 592230	India
S2-007189	Lantern Solutions & Sons Private imited	122 Maplecrest St, Nagpur, CA, 86380	US
S2-002946	Logistics LLC	223 Lantern Ave Sunstone Park Lubbock CA	United States
S2-007466	Lantern Services	328 Stonebridge Marg, Kestrel Nagar, Indore, Maharashtra, 744807	India
S2-000118	Vertex Traidng and Sons	166 Apex Mn, Ravenwood Nagar, Jaipur, Rajasthan, 317270	IN
S2-004577	Ravenwood Vrtex Services Private Limited	24/20 Maplecrest Road, Onyx Nagar, Pune, Rajasthan	IN
S2-001042	Meridian Foods & Sons  Inc	155 Clearwater Avenue, Brightpath Park, Fresno, IL, 89027	USA
S2-003823	Maplecrest, Foods Limited Liability Company	186 Kestrel Rd, Brightpath Park, Tacoma	United States
S2-008466	Apex Services and Sons Limited Liability Company	210 Brightpath Crs Bluepeak Nagar Surat Rajasthan 883755	US
S2-005127	Ravenwood Consultancy Private Limited	270 Falcon Road Meridian Nagar Coimbatore Kerala 519763	IN
S2-002816	Juniper Electricals Private Limitd	234 Harbor Marg, Near SBI ATM, TThistle Nagar, Nagpur, 819526	India
S2-006436	Mapleccrets Private Limited	159 Kestrel Mn, Indore, MP	India
S2-001406	Clearwater Services Limited Liability Company	226 Falcon St, Near Exit 14, Lubbock, CA, Onyx Park	United States
S2-006310	Stonebridge Industries Ltd	272 Thistle Mn, Sunstone Nagar, Near Metro Pillar 42, Surat	IN
S2-007730	Meridian Juniper Consultancy Ltd	Near Metro Pillar 42, 111 Quarry Marg, Silverline Nagar, Kochi, Tamil Nadu	India
S2-003040	Cobalt, Brightpath Private Limmited	19 Onyx Street, Stonebridge Nagar, Indore, Gujarat, 805868	India
S2-008272	Sunstone Fabrics Corp	Ravenwood Boulevard, Austin, 17358	USA
S2-004267	Kestrel Foods Ltd	106 Summit Rd, Harbor Nagar, Near SBI ATM, Jaipur, Maharashtra, 173689	IN
S2-002073	Blueepak Fabrics Corporation	315 Falcon Ave, Summit Park, Fresno, TX, 96338	United States
S2-007802	Orchid Services LLC	109 Brightpath Boulevard, Sunstone Park, Mobile, TX	United States
S2-000542	Summmit Inc	11/15 Cobalt Rd, Sunstone Park, Lubbock, 50617	USA
S2-008438	Harbor  Thistle Trading Co	34 Brightpath Blvd, Harbor Park, Fresno, WA, 33188	USA
S2-002538	Electricals Thistle and Sons Company	Opp. City Library, Thistle Rd, Northgate Park, Mobile, TX	US
S2-008832	Lanternn Orchid Foods P Lttd	342 Orchid Crs Stonebridge Nagar Gujarat 783045 Jaipur	IN
S2-007145	Lantern Entterprises Private Limited	11 Harbor Marg, Northgate Nagar, Kochi, Gujarat	India
S2-003475	Onyx Vertex Textles P Ltd	89 Vertex Marg, Redwood Nagar, Pune, MP, 306768	India
S2-005321	Silverline Sumimt	105 Onyx Crs, Summit Nagar, Nagpur	India
S2-004832	Ravenwoo dSummit Foods Limited	Orchid Road, Kochi	IN
S2-003136	Quarry Solutions CCorpooration	27/1 Quarry Ave, Near Exit 14, Lubbock, TX	US
S2-006859	Maplecrest Orchid Motors & Sons Ltd	224 Ravenwood Road, Quarry Nagar, Indore, Kerala, 881412	India
S2-008602	Thistle Chemicals and Sons Ltd	342 Redwood Marg, Cobalt Nagar, Near Metro Pillar 42, Maharashtra, 603817, Indoore	India
S2-001139	Kestre lPrivate Limited	282 Clearwater Road Juniper Nagar Pune 801970	IN
S2-003048	Ravenwood	99 Quarry Main, Japiur, Kerala	India
S2-000345	Ravenwood Systems Co	355 Bluepeak Ave, Brightpath Park, Fresno, 27870	US
S2-003354	Kesrtel, Co	Ironwood Street, Lubbock, TX, 35175	United States
S2-003383	Bluepek Consultancy Company	130 Stonebridge Avenue, Orchid Park, Austin, WA	US
S2-000548	Consultancy Company	181 Redwood Rd, Ironwood Park, Akron, IL, 64931	USA
S2-006820	Silverline, Redwood Textiles Innc	359 Brightpath Road, Thistle Park, Mobile, 74594	USA
S2-005372	Onyx Consultancy Corporation	268 Northgate Drive, Cobalt Park, Lubbock, CA	USA
S2-002231	Vertex, Packaging Corp	222 Cobalt Avenue Akron CA 76464	US
S2-007994	Clearrwater, Chemicals Company	380 Sunstone Dr, Akron, 38278	USA
S2-003549	Thistle Kestrel Consultancy LLC	11/52 Stonebridge Road, Apex Park, Behind the Civic Center, Peoria, AL, 70874	US
S2-004419	Onyx Chemicals Corporation	224 Bluepeak Dr AL, Akron	United States
S2-007800	Ironwood Thistle Traing	131 Vertex Boulevard, Ravenwood Park, Austin, 87165	United States
S2-004528	Cobalt Kestrel Foods Cop	309 Northgate Avenue, Lubbock, OH	United States
S2-005298	Chemicals Stonebridge Company	345 Lantern Dr Maplecrest Park Akron 65046	US
S2-009228	Northgate Textiles Private Limited	143 Summit Road, Goldleaf Nagar, oKchi	India
S2-008510	Brightpath Industries Compaany	319 Bluepeak St, Nagpur, MP, 298685	United States
S2-001467	Kestrel Chemicals and Sons	325 Goldleaf Crs, Sunstone Nagar, Nagpur, 569218	IN
S2-005591	Cobalt	323 Quarry Mn, Ravenwood Nagar, Pune, Kerala, 479061	India
S2-009223	Thislte Thistle Limited Liability Company	41 Ravenwood Cross Silverline Nagar Peoria 984901	IN
S2-003408	Orchid orp	255 Ravenwood Road, Peoria	USA
S2-002472	Redwood Limited	103 KestrelRd, Meridian Nagar, Pune, Kerala	India
S2-003176	Summit eSrvices and Sons	67 Harbor Dr Cobalt Park Mobile TX 46597	US
S2-006300	Goldeaf Packaging	Harbor Road, Cobalt NNagar, Jaipur, Kerala, 877630	IN
S2-000148	Summit Summit Chemicals Private Limited	95 Redwood Road, Ironwood Nagar, Surat	IN
S2-004471	Bluepeak Lantern Foods P Ltd	171 Stonebridge Road, Surat, Maharashtra	India
S2-007064	Stonebridge Co	Opp. Bus Depot, 163 Blepeak Mn, Vertex Nagar, Peoria, MP, 391731	IN
S2-004978	Kestrel Co	351 Sunstone Street, Opp. City Library, Kestrel Park, Tacoma	US
S2-007319	Harbor Lantern Textiles Corp	1/62 Ravenwood Main, Summit Nagar, Kochi, Rajasthan, 986772	US
S2-007871	Clearwaer, LLC	Behind the Civic Center, 154 Harbor Street, Harbor Park, Mobile, IL, 16488	United States
S2-002924	Northgate Textiles  and Sons	160 Meridian Street, Meridian Park, Tacoma, 46962	United States
S2-006241	Bluepeak Onyx Logistics Private Limited	14/49 Vertex Road, Indore, Rajasthan, 423733	India
S2-001468	Kestrel Private Limited	178 Quarry Main, Harbor Nagar, Nagpur, Maharashtra	India
S2-001509	Goldleaf Services	354 Redwood Avenue, Onyx Park, Tacoma, 41709	USA
S2-002424	Goldleaf Cearwater ySstems Company	247 Bluepeak Street, Onyx Park, Lubbock, 40208	United States
S2-000200	Chemicals Jnuiper Pvt Ltd	272 Quarry Mn, Pune, Rajasthan, 734697	IN
S2-001723	Northgate Compayn	75 Redwood Drive Redwood Park Akron	US
S2-000137	Lantern Cobalt Enterprises	293 Thistle Street Redwood Park Opp. City Library Fresno CA	USA
S2-006724	Vertex Trading	43 Meridian Ave, Ravenwood Park, Behind the Civic Center, Peoria, TX, 33927	United States
S2-008311	Brightpath Bluepeak Pvt Ltd	262 Thistle Crs, Kochi, 647964	IN
S2-006054	Thistle Goldleaf Textiles Corporation	257 Brightpath Road Stonebridge Park Tacoma OH	USA
S2-005249	Cobalt Electricals	Near Metro Pillar 42, 150 Vertex Magr, Falcon Nagar, Surat, MP	IN
S2-003931	Kestrel Solutions P Ltd	305 Northgate Mn, Kochi, 846906	IN
S2-001471	Redwwood, Trading Inc	Near Exit 14 242 Lantern St Peora CA	United States
S2-008517	Summit Goldleaf Textilees Inc	36 Meridian Boulevard, Lantern Park, Austin, 63463	United States
S2-001168	Juniper Brightpath Pvt Ltd	321 Onyx St Northgate Nagar Pune Kerala 269081	IN
S2-001610	Silverline Systems Inc	326 Falcon Dr, Redwood Park, Akron, CA, 33268	United States
S2-007963	Sunsone Ltd	389 Northgate Rd, Coimbatore, Maharashtra, 676657	India
S2-003107	Cobalt Company	321 Redwood Dr, Clearwater Park, Peorai, AL, 99437	US
S2-006333	Juniper Foods Private Limited	31/36 Ironwood St, Meridian Nagar, Coimbatore, Gujarat	IN
S2-002392	Chemicals P Ltd	79 Maplecrest Mn, Sunstone Nagar, Kochi	IN
S2-005864	Clearrwater Foods	252 Apex Mn, Near SBI ATM, Meridian Nagar, Jaipur	India
S2-003717	Industries Corp	Juniper Boulevard, Tacoma, AL, 20245	USA
S2-001772	Silverline Foods	16/7 Brightpth Boulevard, Lubbock	United States
S2-005994	Mapplecrest, Cobalt and Sons Inc	57 Quarry Road Maplecrest Park Mobile IL 75996	United States
S2-008908	Brightpath Textiles nIc	302 Lantern Crs Surat 976561	United States
S2-008215	Goldleaf Incorporated	189 Silverline Street, Bluepeak Park, Opp. City Library, Lubbock, 58887	United States
S2-004186	Meridian Solutioons PrivateLimited	388 Maplecrest Street, Redwood Nagar, Surat, Rajasthan, 424694	IN
S2-002199	MeridianS ervices	255 Falcon Street, Nagpur, 180823	IN
S2-000697	Meridian Fabrics Corporation	163 Apex Ave, Lantern Park, Mobile, CA	US
S2-006723	Lantern Consultancy Incorporatde	385 Summit Road, Thistle Park, Mobile, 40435	USA
S2-007114	Apex Chemiicals Limited	223 Goldleaf Drive, Surat, WA, 93195	US
S2-007434	Ravenwood Chemicals Pvt Ltd	118 Silverline Road Kochi Gujarat 273642 Quarry Nagar	India
S2-007890	Cobalt Cobalt Chemicals	98 uJniper St, Ravenwood Park, Tacoma, CA	USA
S2-009304	Redwood Systems and Sons Limited Liability Company	31/6 Juniper Avenue, Quarry Park, Fresno, 73968	USA
S2-004231	Stonebridge Orchid Pvt Ltd	Summit St, Meridian Nagar, Kochi, Maharashtrra, 714837	India
S2-008351	Orchid Enterpirses	227 Lantern Road, Summit Park, Fresno, OH	US
S2-009127	Northgate Moors Company	108 Meridian Rd, Clearwater Nagar, Pune	USA
S2-002558	Redwood Services & Sons Limited	124 Vertex Cross, Clearwater Nagar, Pune, 580733	IN
S2-002491	Lantern Idnustries	218 Bluepeak Ave Harbor Park Tacoma 60867	United States
S2-000382	Goldleaf & Sons Corporaion	191 Bluepeak Drive, Brightpath Park, Austin, AL	US
S2-004677	Juniper Electrcals and Sons Limited	200 Harbor Marg, Opp. Bus Depot, Orchid Nagar, Coimbatore, Gujarat	IN
S2-005253	Vertex, Corp	228 Ironwood Drive, Tacoma	USA
S2-003879	Thistle Trding Corp	Apex Dr, Harbor Park, Tacoma, 42676, IL	United States
S2-008650	Silverline Electricals Limited	244 Quarry Mn, Vertex Nagar,S urat, MP, 714087	India
S2-007125	Harbro Vertex Solutions Inc	341 Onyx Rd, Indoore, MP, 734156	United States
S2-002258	Silverline Foods	176 Juniper Street, Brightpath Park, Mobile	United States
S2-007612	Goldleaf Logistics Co	325 Gldleaf Avenue, Stonebridge Park, Behind the Civic Center, Akron, WA, 61183	US
S2-004525	Meridian Co	378 Apex Ave, Brightpath Park, Fresno, CA, 73474	USA
S2-005781	Redwood Juniper Chemicals Corp	114 Vertex Avenue, Brightpath Park, Lubbock, AL, 31206	USA
S2-003319	Cobaalt Ironwood Trading	275 Quarry Avenue, Brightpath Park, Fresno, 48296	USA
S2-004947	Brightpath Falcon Textiles & Sons Inc	149 Cobalt St, Goldleaf Park, Lubbock, CA, 34401	United States
S2-002377	Ravnwood Trading	233 Orchid Crs, Kestrel Nagar, MP, Pune	India
S2-006400	Cobbatl Corp	366 Orchid Drive, Opp. City Library, Quarry Park, Fresno, 63882	US
S2-001618	Silverline Motors LLC	Sunstone Ave, Harbor Park, Fresno, 20606	US
S2-005054	Kestrel	Behind the Civic Center, 248 Orchid Ave, Apex Park, Mobile, TX, 51612	US
S2-004524	Meridian Electricals Company	378 Apex Ave, Brightpath Park, Fresno, CA, 73474	United States
S2-005826	Raevnwoo dChemicals P Ltd	Goldleaf Street, Silverline Nagar, Jaipur, Kerala, 631524	IN
S2-008762	Onyx Chemicals Private Limited	173 Silverline Cross, Apex Nagar, Kochi	India
S2-001442	Chemicals Juniper P Ltd	339 Quarry St, Redwood Nagar, Jaipur, Gujarat, 698271	India
S2-002779	Cobalt Enterprises Ltd	242 Orchid Marg Lantern Nagar Indroe Tamil Nadu	India
S2-008684	Quarrry Chemicals Limited Liability Company	315 Summit Dr, Quarry Park, Fresno	United States
S2-003854	Summit Packaging and Sosn Ltd	234 Meridian Road Near Metro Pillar 42 Lantern Nagar Surat Kerala	India
S2-001003	Coobalt Ltd	7 Bluepeak Main, Near Metro Pillar 42, Cobalt Nagar, Jaipur, Kerala, 423931	IN
S2-000272	Meridian ogistics & Sons Incorporated	Ironwood Road, Behind the Civic Center, Maplecrest Park, IL, 22931, Tacoma	USA
S2-004921	Clearwaater Consultancy P Ltd	236 Redwood Street, Indore, 239502	India
S2-009007	Reddwood Consultancy Incorporated	3 Ironwood Ave, Apex Park, Fresno, TX, 42293	USA
S2-005612	Harbor Chemicals	20/71 Goldleaf Blvd, Ravenwood Park, Peoria, TX, 75894	US
S2-001400	Goldleaf Motors Private Limited	Apex Nagar, Jaipur, Maharashtra, 182335, Apex Street	India
S2-006652	Lantern SStonebridge Foods	95 Cobalt Avenue Quarry Park Austin OH	United States
S2-006682	Rewood Corp	205 Thistle Street Clearwater Park Near Exit 14 Mobile 25101	US
S2-008751	Northgtae Ironwood Textiles P Ltd	Summit Mn, Stonebridge Naagr, Surat, Kerala	IN
S2-006552	Lantern Consultancy Corp	344 Redwood Drive, Tacoma, 71601	United States
S2-001382	Redwood Lantern Trading P Ltd	Northgate St, Northgate Nagar, Jaipur, Rajasthan, 907999	IN
S2-005918	Juniper Ennterprises	382 Juniper Street, Akron	United States
S2-006246	Stonebridge Motors Private Limited	320 Bluepeak Mn, Pune	IN
S2-006059	Bluepeak Quarry Etnerprises LLC	75 Silverline Street, Austin, 99397	USA
S2-005324	Juniper Foods P Ltd	307 Harbor St, Vertex Nagar, Near Metro Pillar 42, Surat, Maharashtra, 840604	India
S2-000240	Sunstone Electriicals Private Limited	91 Orchid Mn, Lantern Nagar, Jaipur, 654790	India
S2-003795	Redwood Industries Company	Opp. City Library, 32/28 Ironwood Blvd, Austin	USA
S2-001060	Brightpath Packaging Pirvate Lmited	243 BrightpathR d, Silverline Nagar, Nagpur, Gujarat, 413154	India
S2-008032	Stonebridge Textiiles Private Limited	Near SBI ATM, Cobalt Marg, Goldleaf Nagar, Surat, 593050	India
S2-007449	Raavenwood Logistics Inc	Onyx Avenue, Lubbock, 79163, Juniper Park	US
S2-007579	Juniper Solutoins	205 Kestrel Crs, Bluepeak Nagar, Nagpur, Gujarat, 866389	IN
S2-006893	Ravenwood, Enterprises Ravenwood Co	Opp. City Library, 178 Orchid Dr, Akon, WA, 14078	USA
S2-003113	Maplecrest Fabris Private Limited	5/28 Summit Rd, Meridian Nagar, Nagpur, 934590	India
S2-006883	Cobalt, Motors and Sons Co	95 Lantern Dr, Northgate Park, Lubbock, 44567	US
S2-000924	Brightpaht Textiles and Sons	362 Brightpath Road, Indore, Gujarat	India
S2-004376	Summit, Juniper Electricals Pvt tLd	Vertex Main Coimbatore 643672	IN
S2-005304	Sunstone Services Private Limited	289 Northgate Marg Brightpath Nagar Pune Tamil Nadu 534408	India
S2-006367	Goldleaf Idnustries & Sons	12 6Orchid Avenue Ironwood Park OH Tacoma	USA
S2-003477	Northgate Electrricals LLC	15/10 Maplecrest St Northgate Park Lubbock TX 36371	United States
S2-002499	Lantern Harbor Electricals Ltd	302 Lantern Cross, Behind Ganesh Temple, Stonebridge Nagar, Surat, 976561	IN
S2-003500	Vertex Logistics Limited	239 Quarry Crs Ravenwood Nagar Surat	India
S2-003588	Cobalt Pacakging Co	253 Redwood Dr, Lantern Park, Mobile, CA, 68177	USA
S2-005602	Suntone Juniper Packaging Inc	21/80 Ironwood Drive, ClearwaterP ark, Tacoma, IL, 87232	US
S2-000279	Falcon Kestrel Ltd	83 Cobalt Street, Surat	India
S2-007520	Orchid Trading nIc	299 Sunstone Street, Kochi, Kerala, 288689, Northgate Nagar	US
S2-004576	Vertex Ravenwood Private Limited	24/20 Maplecrest Rd, Onyx Nagar, Pune, Rajasthan, 150293	India
S2-000227	Clearwater Motors	17/49 Apex Marg Summit Nagar Nagpur Maharashtra	India
S2-004869	Birghtpath Redwood Services Corp	129 Onyx Rd, Silverline Park, 59827, Tacoma	United States
S2-007703	Harbor Fabrics P Ltd	343 Vertex Road, Quarry Nagar, Nagpur, MP, 943342	India
S2-004029	Stonebridgge Foods Private Limited	36 Meridian Mn, Goldleaf Nagar, Nagpur, Tamil Nadu, 183282	India
S2-002866	Goldleaf Ltd	26 Falcon Road, Jaipur, Maharashtra, 9991668	IN
S2-005833	Orchid Kestrel Entrprises Limmited Liability Company	88 Cobalt Blvd, Apex Park, Fresno, 25617	US
S2-006460	Northgaet Ltd	220 Ravenwood Cross, Quarry Nagar, Pune, Kerala, 875852	IN
S2-003338	Apxe Motors Corpration	197 Redwood St, Mobile, WA, 25790	USA
S2-007473	Thistle Systems P Ltd	Opp. City Library, 260 Onyx Boulevard, Goldleaf Park, Indore, IL	USA
S2-007408	Stonebridge Brightpath Electricals Ltd	4/67 Onyx Marg Opp. Bus Depot Cobalt Nagar Nagpur	IN
S2-003183	Redwood Logistics and Snos	276 Redwood Blvd, Northgate Park, Austin, CA	US
S2-005970	Thistle Industries & Soons Corp	202 Goldleaf Dr, Ravenwood Park, Peoria, 74949	US
S2-002314	Maplecrest Goldleaf P Ltd	1 Bluepeak Cross, Bluepeak Nagar, Coimbatore, 664273	India
S2-006751	Juniper Kesrtel Co	35 Ironwood Drive Fresno	US
S2-004519	Clearwater Kestrel Packaging Inc	276 Thistle Ave, Orchid Park, Fresno, 24558	United States
S2-008826	Brightpath Ltd	356 Apex Main, Lantern Nagra, Jaipur, Rajasthan	India
S2-009050	Maplecrest Apex Industries Ltd	Behind Ganesh Temple, 105 Silverline St, Sunstone Nagar, Surat, Kerala	IN
S2-003458	Northgate Rdewood Fabrics Ltd	295 Summit St, Sunstone Nagar, Opp. Bus Depot, Surat, Maharashtra	IN
S2-009159	Quarry, Fabrics Pvt Ltd	16 Orchid Ave, Summit Park, Surat, IL, 10764	USA
S2-009324	Cobalt Sunstone Srevices LLC	327 Onyx Marg, Harbor Nagar, Pune, Kerala, 207807	USA
S2-007751	Summit Solutions Private Limited	213 Ravenwood Marg, Falcon Nagar, Coimbatore, Rajasthan, 652943	India
S2-003474	Onxy Vertex P Ltd	Near SBI ATM, 106 Lantern Street, Brightpath Nagar, Pune, Tamil Nadu, 626280	India
S2-001665	Orchid Foods Limited	75 Kestrel Marg, Harbor Nagar, Jaipur	IN
S2-001830	Silverline Falcon Motors Company	315 Stonebridge St, Maplecrest Park, Mobile, AL, 74720	US
S2-001586	Stonebridge Stonebridge	Falcon Park, Peoria, CA, 137 Summit Avenue	USA
S2-007124	Apex Maplecrest Textiles Pvvt Ltd	116 Orchid Rd, Pune, Maharashtra	India
S2-008338	Oynx Chemicals & Sons Co	12 Summit Avenue, Akron, 94125	US
S2-001753	Consultancy Silverline Ironwood Company	301 Stonebridge Road, Apex Park, Akron, IL	US
S2-008729	Summit Limited LiabilityC ompany	373 Summit Drive, Akron, Lantern Park	USA
S2-003803	Ony Industries	78 Thistle Drive, Orchid Park, Mobile, AL, 24984	USA
S2-001751	Juniper Packaging Private Limited	307 Ironwood Marg, Jaipur, Kerala, 769850	India
S2-000710	Goldleaf Fabrisc	22 Kestrel Main, Juniper Nagar, Near Metro Pillar 42, Jaipur, 748789	IN
S2-007232	Sunstone Solutions Co	133 Goldleaf Cross, Silverline Nagar, Akron	IN
S2-000579	Falcon Foods Crp	220 Quarry Ave, Apex Park, Austin, WA, 67012	United States
S2-008979	Maplcerest Cobalt Chemicals	Maplecrest Cross, Clearwater Nagar, Indore, 484527, Kerala	IN
S2-004340	Junipe rConsultancy Ltd	Near Metro Pillar 42, 345 Quarry Marg, Jaipur, 424010	India
S2-006303	Services Thistle and Sons Limited Liability Copany	4/12 Northgtae Blvd, Quarry Park, Fresno	United States
S2-008233	Silverline Systems LLC	218 Juniper Drive, Ravenwood Park, Opp. City Library, Peoria, 28208	US
S2-000264	Meridian Services Ltd	Kestrel Marg,, Ironwood Nagar, Pune, MP	IN
S2-007174	Lantenn Thistle Trading Pvt Ltd	228 Stonebridge Main Behind Ganesh Temple Coimbatore Gujarat	IN
S2-000389	Silverline Logistics	296 Redwoood Mn, Lantern Nagar, Pune, Kerala, 614290	IN
S2-007628	Apex Fabrics Inc	37 Ironwood Cross Jaipur Gujarat 155125	USA
S2-002827	Brightpath Chemicals Corp	214 Brightpath Rd,A ustin, 12172	US
S2-003855	Summit Packaging Limited	298 Goldleaf Marg, Harbor Nagar, Surat, Gujarat, 110406	IN
S2-006471	Qurary Foods Inc	399 Harbor Blvd Kestrel Park Peoria	United States
S2-004753	Apex Logisttics Ltd	367 Orchid Road, Ironwood Nagar, Surat, MP	India
S2-005938	Sunstone Textile Corp	8/40 Vertex St, Peoria	US
S2-000368	Conslttancy Stonebridge	327 Silverline Blvd Falcon Park Austin CA 16629	US
S2-008480	Northgate Chemicals &Sons	Brightpath Cross, Fresno, Kerala, 692070	India
S2-005182	Kestrel Enterprises & Sons	106 Stonebridge Avenue Brightpath Park Opp. City Library Peoria	US
S2-007674	Onyx Electricalss Limited	255 Thistle Ave, Fresno, 22498, IL	India
S2-005413	Sunstone Chemicals Private Limited	Thistle Nagar, Near Metro Pillar 42, Kochi, 870326, 271 Falcon Marg	IN
S2-004156	Ravenwood Textiles Private Limited	Ravenwood Marg, Harbor Nagar, Maharashtra, 750320, Coimbatore	India
S2-003789	Thistle Silverline CCompany	393 Orchid Boulevard, Goldleaf Park, Fresno, OH, 35716	US
S2-006954	Summit Industries & Sons Corp	309 Maplecrest Road, Northgate Park, Mobile, IL	United States
S2-005652	Harbor Sloutions Limited Liability Company	140 Thistle Rd, Apex Park Akron, WA, 47690	USA
S2-006858	Lantern, Meridian Pvt Ltd	58 Clearwater St, Summit Nagar, Pune	IN
S2-006328	Trading Ravenwood Briightpath Limited	96 Redwood Rd, Ironwood Nagar, Surat, Tamil Nadu, 213483	India
S2-007889	Clearwater Textiles Ltd	135 Silverline St Jaipur MP 277114	IN
S2-002533	Bluepeak OOnyx Motors	380 Ironwood Road, Lantern Nagar, Kochi, Tamil Nadu	IN
S2-007115	Clearwater Solutions Privtae Limiited	Opp. Bus Depot, 7/56 Onyx Marg, Ironwood Nagar, Nagpur, 341875	India
S2-003379	Summit Vertex Cheiclas Corp	Near Exit 14, 57 Maplecrest Street, Fresno, 59644, Meridian Park	USA
S2-006071	Apex Chemicals Ltd	254 Juniper Cross, Falcon Nagar, Pun,e Gujarat	India
S2-000627	Clearwater Foods and Sons Inc	206 Goldlef Drive, Silverline Park, Fresno, WA	USA
S2-000945	Onyx Redwwood Services Corp	216 Bluepeak Street, Maplecrest Park, Opp. City Library, Lubbock, 59643	United States
S2-001807	Stonebridge Indusstries & Sons Ltd	323 Harbor St, Jaipur	IN
S2-003782	Onyx Textiles Private Limited	Clearwater Street, Surat, Kerala	India
S2-001530	Goldlefa, EElectricals Private Limited	Near Metro Pillar 42, 33/85 Redwood Main, Pune, Tamil Naduu, 348658	IN
S2-005990	Quarry Ironwood Solutions Ltd	79 Summit Road, ronwood Nagar, Pune, MP	IN
S2-007528	Goldleaf, Kestrel Enterprises Private Limited	352 Quarry Rd Ravenwood Nagar Pune 135206	IN
S2-002267	Thstle Ravenwood Limited Liability Company	133 Cobalt Rd, Austin	US
S2-000286	Vertexx Systems Incorporated	191 Harbor Street, Tacoma, TX	USA
S2-001718	Lantern Maplecres tFoods Co	93 Redwood Street Lubbock TX 24574	United States
S2-007379	Sysetms Quarry	36/28 Harbor Drive, Ravenwood Park, Jaipur, OH	United States
S2-007104	Kestrel Solutions & Sons Co	203 Brightpath Rd, Ironwood Park, Mobile, WA, 16996	US
S2-004626	Onyx Kestrel Industries Inc	157 Silverline Drive, Tacoma, AL, 10555	United States
S2-003732	Redwood Brightpath Services Pivate Limited	201 Harbor Rd, Ironwood Nagar, Jaipur, Kerala, 580438	India
S2-001002	Cobalt Ltd	10 Quarry Marg, Lantern Nagar, Near SBI ATM, Indore	IN
S2-002363	Falcon EnterprisesCorporation	193 Rewdood Drive, Juniper Park, Akron, OH, 30663	US
S2-005929	Thistle Enterprises	290 Apex Street, Peoria, 78059	USA
S2-008148	Ironwood Motors and Sons Liimted	353 Apex Marg Suat	IN
S2-005018	Silverline, Fabrics Privaet Limited	206 Ironwood Rd, Ravenwood Nagar, Surat, Tamil Nadu, 349094	India
S2-000080	Stonebridge Coorp	38/79 Vertex Rd, Onyx Park, Lubbock, AL, 51011	US
S2-008752	Thistle Services	163 Silverline Mn Quarry Nagar Kochi 837666	US
S2-007390	Vertex, Enterprises Ltd	Clearwater Ave, Mobile, 35336	IN
S2-006309	Stonebridge Industrise	380 Ironwood Crs, Thistle Nagar, Surat, MP	IN
S2-005363	Silverline Motors oGldleaf Limited Liability Company	316 Onyx Blvd, Northgate Park, Akron, 54502	US
S2-008296	Thistle Onyx	51 Vertex Marg, Summit Nagar, Pune, Gujarat	United States
S2-005525	Harbor Stonebridge Foods  Incorporated	20/18 Bluepeak Ave, Falcon Park, Austin	USA
S2-008576	Harbor Summit Foods	16/28 Kestrel Rd, Peoria, AL, 28873, Near Exit 14	US
S2-006379	Meridian Industries P Ld	144 Ravenwood Cross, Summit Nagar, Jaipur	IN
S2-001223	Onyx Logistics Private Limited	33 Quarry Crs, Nagpur, MP	IN
S2-001854	Redwod Orchid Enterprises Limited Liabbility Company	334 Orchid Rd, Vertex Park, Fresno, 84659	USA
S2-001835	Foods, Quarry Inc	183 Northgate Drive, Peoria, AL, 95238	US
S2-007180	Juniper Logistics & Sons Corporation	Sunstone St, Blueeak Park, Fresno, WA, 23484	US
S2-008154	Brightpath, Electricals Co	242 Summit Marg, Silverline Nagar, Jaipur, Tamil Nadu, 122903	USA
S2-001546	Harbor Textilesand Sons LLC	129 Harbor oulevard, Onyx Park, Fresno, AL	United States
S2-002880	Orchid Ironwood Pvt Ltd	268 Summit Mn, Ravenwood Nagar, Near SBI ATM, Pune, Tamil Nadu, 253475	India
S2-007550	Silverline Ironwood	35 Ironwood Main, Near SBI ATM, Surat, 266771	India
S2-001893	Goldleaf Systems & Sons Co	382 Harbor Road Austin CA 93404	United States
S2-000693	Brightpath Servvices Inc	Goldleaf Avenue Northgate Park Mobile IL 74910	US
S2-001380	Quarry Enterprises Goldleaf & Sons	100 Ironwood Street, Northgate Park, Tacoma	US
S2-002260	Silverline Corporation	357 Kestrel Ave, Mobile,T X, 45042	US
S2-000728	Stonebridge Enterprises	309 Quarry Blvd, Opp. City Library, Brightpath Park, Fresno, IL	US
S2-004080	Ravenwood Fabriics	99 Redwood Main, Falcon Nagar, Indore	IN
S2-004798	Silverline Maplecrest Solutions P Ltd	203 Sunstone St Clearwater Nagar Pune Rajasthan 861812	IN
S2-004488	Electricals Juniper Incorporated	213 Stonebridge Avenue, Orchid Park ,Opp. City Library, Lubbock, CA	United States
S2-002739	Meridian Chemicals & Sons Limited	328 Meridian Road Coimbatore MP 826862	India
S2-005860	Faclon Co	39/51 Juniper Dr Summit Park Frsno 82391 IL	USA
S2-005969	Ironwood Tading Ltd	351 Maplecrest Mn, Ravenwood Nagar, Indore, Maharashtra, 478883	IN
S2-004812	Industries Juniper Ltd	115 Onyx St Maplecrest Nagar, Coimbatore, Rajasthan	India
S2-005247	Qaurry Companny	360 Falcon Avenue Sunstone Park Austin IL 33321	USA
S2-002450	Quuarry Loogistics Pvt Ltd	191 Clearwater  Marg, Ravenwood Nagar, Near SBI ATM, Jaipur	IN
S2-001462	Ravenwood, Chemicals	Lantern Blvd, Orchid Park, Behind the Civic Center, Akron, TX, 37777	USA
S2-007554	Quarry, Brightpath Logistcis and Sons P Ltd	61 Summit Blvd, Behind the Civic Center, Peoria, IL, 69747	India
S2-002418	Thistle & Sons PrivateLimited	Vertex Marg Opp. Bus Depot Summit Nagar Coimbatore Gujarat 985698	India
S2-000372	Maplecrest, Solutions & Sons Private Limited	Redwood Road, Cobalt Nagar, Pune, MP, 184312	IN
S2-002008	Kestrel  Enterprises Limited	155 Goldleaf Mn Goldleaf Nagar Near SBI ATM Jaipur 102205	IN
S2-008409	Bluepeak Consltancy Co	Behind the Civic Center, 245 Quarry Drive, Ravenwood Park, Tacoma, 84966	US
S2-008853	Ravenwood Motors Inc	248 Ironwood Road, Orchid Park, Austin, IL, 93630	United States
S2-009185	Laantern Trading	1 Quarry Rd, Goldleaf Park, Lubbock, 13385	USA
S2-002279	Ironwood Foods Private Limiited	388 Vertex Main, Onyx Nagar, Kochi, Kerala, 446021	India
S2-000430	Silverline Bluepeak Inc	119 Clearwater Drive, Quarry Park, Lubbock, AL	United States
S2-008820	Meridan Services Ironwood Limited Liability Company	386 Orchid St, Apex Nagar, Nagpur, 787228	USA
S2-006425	Cleawrater Trading Company	Cobalt Street, Onyx Park, Mobile	USA
S2-004504	Kestrel Ravenwood Enteerpriss	358 Stonebridge Crs, Bluepeak Nagar, Jaipur, 962268	IN
S2-004223	Stonebridge Chemicals	Orchid Boulevard Ironwood Park Akron 25653	USA
S2-007006	Clearwater Goldleaf Textiles Limited	129 Kestrel Road, Meridian Nagar, Coimbatore, 823375	IN
S2-000229	Bluepeak Textiles	172 Juniper Rd, Mobile, 98244	US
S2-002934	Packaging Bluepeak Sunstonne	159 Summit Marg Tamil Nadu Kochi	IN
S2-009150	Vertex Electricals Company	97 Cbalt Road, Mobile, 98532	US
S2-002910	Stonebridgge Systems and Sons Pvt Ltd	Near SBI ATM, 346 Juniper Cross, Kochi	India
S2-004317	Silverline Electricals Company	60 Falcon Dr, Thistle Park, Austin, IL, 69074	US
S2-000363	Clearwater Stonebridge Consultancy Pvt Ltd	109 Juniper Rd, Kochi, 421869	IN
S2-008915	Consultancy Lantern Private Limited	223 Juniper Mn Redwood Nagar Nagpur Gujarat 387024	India
S2-007468	Meridian orthgate Textiles	252 Lantern Ave, Clearwater Park, Peoria, 96497	United States
S2-000944	Clearwater Pvt Ltd	194 Stonebridge Mn, Behind Ganesh Temple, Harbor Nagar, Pune, Tamil Nadu	India
S2-005081	Summit Textiles & Sns Company	299 Clearwater Boulevard Quarry Park Peoria 24376	US
S2-008633	Summit Foods Company	161 Ravenwwood St, Near Metro Pillar 42, Kochi, Maharashtra	US
S2-009307	Sunstone Slutions Inc	70 Vertex Blvd, Peoria, OH, 68165	United States
S2-007187	LogisticsR avenwood Company	Behind the Cvic Center 374 Ravenwood Rd Ravenwood Park Lubbock CA 33549	USA
S2-002391	Maplecrest Industries and Sons	Bluepeak Bolevard, Akron, CA	United States
S2-000407	Apex Corporation	Clearwater Blvd, Peoria, 11071	United States
S2-000113	Textiles Apex	9/63 Kestrel Mn, Jaipur, 688946	India
S2-006747	Silverline Consultancy Limited	346 Vertex Cross, Quarry Nagar, Jaipur, Gujarat	India
S2-001687	Clearwater Services Comppany	88 Cobalt Street, Stonebridge Park, Tacoma, AL, 76225	United States
S2-005338	Kestrel Fabriccs P Ltd	Juniper Street, Pune,MP, 850513	IN
S2-004685	Thistle Systems P Ltd	146 Summit Marg, Brightpath Nagar, Indore, 811348	IN
S2-003819	Snustone & Sons Ltd	16 Bluepeak Marg, Thistle Nagar, Nagpur, Rajasthan, 275762	India
S2-008237	Maplecrest Fabrics P Ltd	160 Clearwater Marg, Lantern Nagar, Pune, Maharashtra, 311193	India
S2-005275	Juniper Industries Limited	160 Brightpath Main, Cobalt Nagar, Kochi, 799665	IN
S2-008388	Ravenwood Thistle Packaging LLC	Opp. Bus Depot, 169 Juniper Cross, Maharashtra, Pne	USA
S2-006411	Falcon Fabrics LLtd	399 Harbor Marg, Pune, Maharashtra	India
S2-007106	Meridiian Electricals P Ltd	375 Meridian Crs, Harbor Nagar, Nagpur, Rajasthan	IN
S2-002098	Lantern PackagingL imited	333 Clearwater Main, Vertex Nagar, Nagpur, Tamil Nadu, 954064	India
S2-008700	Ravenwood Textiles	389 Summit Street, Nagpur, Maharashtra	USA
S2-002077	Goldleaf Logistics Private imited	113 Brightpath Marg, Harbor Nagar, Opp. Bus Depot, Coimatore	IN
S2-003165	Northgate, Goldleaf Corporation	273 Onyx St, Near Exit 14, Fresno, OH	US
S2-008477	Consultancy Cobalt Limited	231 Thistle Maiin, Bluepeak Nagar, Surat, MP	IN
S2-000698	Merdiian Fabrics Corp	Near Exit 14 163 Apex Avenue Mobile CA 96235	US
S2-001022	Lantern Foods Limited iability Company	151 Falcon Drive, Apex Park, Austin, WA	USA
S2-003175	Trading Haarbor	29/12 Vertex Marg, Near Metro Pillar 42, Kochi, Maharashtra, 232036	India
S2-002025	Kestrel Trading Limited Liabiility Company	151 Sunstone Avenue, Mobile, 63717	USA
S2-003429	Meridian Ironwood Servies Incorporated	Opp. City Library, 39/24 Summit Road, Clearwater Park, Tacoma, TX, 32597	USA
S2-006971	Summit Pakaging	255 Harbor Ave, Clearwater Park, Mobile, WA, 83851	IN
S2-006082	Juniper Apex Consultancy Limited Liability Company	226 Orchid St, Meridian Park, Fresno, AL, 75057	US
S2-004474	Juniper Loggistics P Ltd	25/21 Goldleaf Mn Clearwater Nagar Near Metro Pillar 42 Surat Gujarat 395936	India
S2-001847	Brightpath Textiles Corp	13/15 Quarry St, Vertex Park, 85450, Austin	US
S2-009192	Industries aplecrest Company	191 Stonebridge Dr, Behind the Civic Center, Brightpath Park, Mobile, CA, 36168	US
S2-005339	Kestrel Fabrics & Sons PLtd	Juniper St, Apex Nagar, Pune, 850513	India
S2-002612	Thistle Quarry Chemicals aand Sons Limited	255 Falcon Main, Maplecrest Nagar, Surat	IN
S2-008354	Stonebridge Packaging Limited Liability Company	34 Juniper Road, Ironwood Nagar, Lubbock, Tamil Nadu, 254049	IN
S2-002033	Goldleaf Consultancy and Sons P Ltd	353 Apex Main Orchid Nagar Kochi Maharashtra 348655	India
S2-006253	Falcon, Consultancy & Sons Co	304 Vertex Road, Goldleaf Park, Mobile, AL, 98842	US
S2-000449	Ironwood Brightpath Motors	214 Sunstone Avenue Goldleaf Park Peoria OH	United States
S2-007074	Maplecrrest Co	337 Sunstone Road Peoria	USA
S2-007729	Brightpath Trading Co	214 Sunstone Blvd, Peoria, 93773	USA
S2-003138	Lantern Industries Goldleaf Private Limited	158 Stonebridge Marg, Kestrel Nagar, Kochi,T amil Nadu, 590382	India
S2-006966	Summit rchid Electricals Private Limited	392 Summit Rd, Sunstone Park, Indoore	US
S2-008229	Meridian Solutions Corporation	369 Cobalt Dr Maplecrest Park Peoria 89480	US
S2-007885	Cobalt Pvt Ltd	395 Bluepeak Marg Thistle Nagar Kochi Gujarat 558787	IN
S2-002795	Onyx IIndustries Ltd	332 Falcon Road Nagpur 751504	IN
S2-006493	Vertex Coosnultancy P Ltd	197 Cbalt Marg, Thistle Nagar, Near Metro Pillar 42, Coimbatore, Tamil Nadu, 433092	India
S2-000750	Brightpath Lantern Foods and  Sons Ltd	227 Redwood St, Silverline Nagar, Near SBI ATM, Nagpur, 767545	India
S2-006150	Quarrry, Services Pvt Ltd	357 Brightpath Mn, Vertex Nagar, Jaipur	IN
S2-003312	Meridian Northgate Foods	Near SBI ATM, 54 Northgate Main, Jaipur, Kerala	India
S2-003127	Thistlle Kestrel Textiles Pvt Ltd	105 Silverline Street Quarry Nagar Nagpur 361334	IN
S2-007139	Ironwood Harbor Systems Company	Goldleaf Dr, Bluepeak Park, Tacoma, WA, 53264	US
S2-004424	Kestrl Maplecrest oFods Pvt Ltd	223 Meridian Main, Orchid Nagar, Nagpur, Gujarat, 756436	IN
S2-003858	BluepeakF abrics Pvt Ltd	171 Meridian Marg, Kestrel Nagar, Jaipur, Tamil Nadu	India
S2-008114	Summit Bluepeak Consultacny Limited	369 Brightpath Cross, Indore	India
S2-005620	Summit Packaging	Ironwood Street Maplecrest Nagar Kochi 406646	IN
S2-003562	Summit Motors and Sons P Ltd	390 Apex Cross, Summit Nagar, Jaipur, Kerala, 306093	India
S2-006222	Thistle Trading	37 Cobalt Avenue, Vertex Park, Fresno, TX, 22613	US
S2-003115	Juniper eVrtex Services Prviate Limited	35 Cobalt Marg, Ironwood Nagar, Surat, Gujarat	IN
S2-001930	Northgate Logistics Ltd	45 Juniper Crs, Pune, Tamil Nadu, 699615	India
S2-002720	Brightpath Packagnig Ltd	14 Ravenwood Main, Opp. Bus Depot, Ironwood Nagar, Indore	IN
S2-000612	Bluepeak Juniper Consultancy	252 Kestrel Rd, Maplecrest Park, Lubbock, OH, 88755	US
S2-007741	Maplecreest Ironwood Consultancy	111 Apex Road, Redwood Nagar, Jaipur, 274011	India
S2-007210	Solutions Bluepeak & Sons	308 Cobalt Ave Near Exit 14 Mobile OH 48424	India
S2-004295	Juniper Consultancy	222 Harbor Marg, Kestrel Nagar, Coimbatore, Gujarat, 943654	IN
S2-006623	Kesttrel Services	311 Apex Main Apex Nagar Surat Rajasthan	IN
S2-000276	Packaging, Suntone & Sons Corp	334 Bluepeak Blvd, Meridian Park, Peoria, CA, 85365	US
S2-000880	Northgate, Enterprises P Ltd	Quarry Crs, Bluepeak Nagar, Kochi	IN
S2-008677	Brgihtpath, Motors and Sons Ltd	140 Quarry Road Near SBI ATM Surat 742156	India
S2-001766	Meridian	3 Orchid Rd, Stonebridge Nagar, Indore, Rajasthan, 501629	IN
S2-001260	Clearwater	373 Orchid Ave, Apex Park, Fresno, AL, 29942	United States
S2-006066	Clearwater Consultancy & Sons Private Limited	57 Sunstone Rd Quarry Nagar Nagpur Rajasthan	India
S2-005535	Ironwood Services Pvtt Ltd	320 Brightpath Main Nagpur	India
S2-000470	Clearwater Electricals Corpoartion	128 Goldleaf Ave, Peoria, 43168	USA
S2-004819	Ironwood Solutions and Sons	Behind Ganesh Temple, 220 Goldleaf Rd, Surat, Gujarat, 635938	India
S2-004306	Harbor, Brightpath Foods Incorporated	187 Northgate Drive, Clearwater Park, CA, Fresno	United States
S2-004125	Onyx, Logistics Private Limited	119 Northgate Crs, Jaipur, Kerala	IN
S2-009310	Maplecrest Motors Pvt Ltd	89 Harbor St, Near Exxit 14, Nagpur, CA, 51666	US
S2-008680	Quarry, Limited Liability Company	Juniper Rd, Orchid Park, Fresno, 99436	US
S2-008082	Silverline Consultancy Privatte Limited	36 Clearwater Cross, Cobalt Nagar, Nagpur, Kerala, 242472	India
S2-006967	Silverline Redwood Packaging Ltd	39 Meridian Crs, Thistle Nagar, Surat, Maharashtra, 407724	IN
S2-006764	Orchid Consuulatncy LLC	220 Cobalt Drive, Ironwood Park, Tacoma, IL, 25502	United States
S2-007693	Cleearwater Foods Corporation	42 Harbor Road Summit Nagar Pune Tamil Nadu	USA
S2-003832	Onyx Northgate Industries Pvt LLtd	Behind Ganesh Temple, 246 Northgate Crs, Stonebridge Nagar, Kochi, 352763	IN
S2-007570	Maplercest Orchid Motors Pvt Ltd	203 Redwood Marg, Cobalt Nagar, Maharashtra, 347709, Jaipur	IN
S2-002777	Golleaaf Corporation	4 Quarry Avenue Near Exit 14 Quarry Park Mobile	USA
S2-009110	Silverline Consultacny Incorporated	300 Juniper Drive, Tacoma, 51058	USA
S2-003389	Stonbridge	Goldleaf Dr, Peoria, WA	United States
S2-002270	Orchid Clearwater Consultancy Corp	73 Clearwater Avenue, Orchid Park, Fresno, TX	USA
S2-001295	Verte Thistle Packaging Private Limited	147 Ironwood Road Ironwood Nagar Nagpur 214240	IN
S2-004532	Silverline Clearwater Systems Private Limited	338 Stonebridge Crs Stonebridge Nagar Nagpur Tamil Nadu	India
S2-000081	Summit Brightpath Company	12/88 Thistle Street, Silverline Park, Akron, 95290	USA
S2-001472	Redwood Trading Incroporated	242 Lantern Street, Peoria, 76904, Brightpath PPark	US
S2-005013	Redwood Trading Pv tLtd	Vertex Street, Sunstone Nagar, Jaipur, 990628	IN
S2-000406	Apex, Corp	361 Clearwater Blvd, Thistle Park, Near Exit 14, Peoria, 11071	United States
S2-004781	Northgate Corp	33/16 Juniper Rd Goldleaf Park Akron 20831	United States
S2-002976	Quarry Trading Privat Limited	50 Kestrel Main, Sunstone Nagar, Nagpur, Kerala, 859733	India
S2-003606	Summmt	21/88 Meridian Crosss, Northgate Nagar, MP, 917161, Coimbatore	IN
S2-001699	Onyx Electricals Limited	293 Falcon Street, Kochi	IN
S2-007170	Ironwood	58 Stonebridge Street, Lubbock, MP, 814156	IN
S2-002678	Electricals FFalcon P Ldt	342 Apex Cross Ironwood Nagar Pune Gujarat	India
S2-008658	Quarry Meridian Servicesa nd Sons Ltd	Juniiper Nagar, Surat, Kerala, 272959, 21 Summit Street	India
S2-006490	Maplecrest, Trading and Sons Ltd	317 Silverline Marg, Coimbatore, MP	IN
S2-003432	Bluepeak Electricals	65 Thistle Dr, Opp. City Library, Orchid Park, Fresno, 52566	USA
S2-002128	Silverline Ravenwoood Foods Inc	19 Kestrel Avenue, Cobalt Park, Akron, AL, 72609	United States
S2-000781	Ravnwood Textiles	17/32 Juniper Rd, Redwood Nagar, Nagpur, 923962	India
S2-004452	Northggate Consultancy Pvt Ltd	57 Northgate Street, Thistle Nagar, Kochi	India
S2-006188	Ironwood Tradnig	292 Ravenwood Crs, Redwood Nagar, Jaipur, Rajasthan, 527609	India
S2-006758	Ironwood Food and Sons Private Limited	Redwood Nagar Puen 975870 396 Cobalt Road	IN
S2-004111	Onyx Brightpath  Textiiles & Sons	131 Redwood Crs Brightpath Nagar Kochi MP 779214	IN
S2-005027	Apex Logistics & Sons Ltd	Northgate Nagar, Coibatore, Maharashtra, 812198, Clearwater Street	India
S2-004201	Kestrel Consultancy	7/85 Summit Boulevard Juniper Park Lubbock WA 56174	United States
S2-002113	Onyx Tradnig LLC	219 Lantern Dr, Maplecrest Park, Lubbock, 77668	US
S2-009011	Lantern Mtoors LLC	Behind Ganesh Temple 174 Redwood Street Nagpur 477236	USA
S2-003551	Coalt Consultancy Company	237 Onyx Avenue Harbor Park Fresno 84352	United States
S2-003564	Quarry, System sPrrivate Limited	39 Cobalt St, Kochi, Tamil Nadu	IN
S2-006555	Harbor Packagingg Inc	108 Meridian Blvd, Stonebridge Park, Akron, 39576	USA
S2-000941	Northgate, Fabrics Private Limmited	353 Sunstone Main Nagpur Kerala 790570	IN
S2-009130	Falcon Electricals Corporation	299 Ravenwood Avenue, Thistle Park, Behind the Civic Center, Mobile, WA, 30237	United States
S2-008293	Onyx Enterprises Co	Brightpath Boulevard Maplecrest Park Lubock CA	US
S2-001828	Silverline aFlcon Motors Co	315 Stonebridge St, Maplecrest Park, Mobile, AL, 74720	United States
S2-001415	Juniper Enterprises & Son Ltd	Sunstone Marg, Jaipur, 300043	India
S2-000761	Cleearwater Servicse Ltd	Summit Crs, Malpecrest Nagar, Nagpur	India
S2-003162	Cobalt Motors Corp	199 Apex Drive, Northgate Park, Lubbock, 25870	USA
S2-006650	Kesterl Solutions P Ltd	262 Kestrel Rd Kestrel Nagar Pune Gujarat 241464	IN
S2-007140	Onyx, Motors Maplecrrest Co	342 Ravenwood Dr, Silverline Park, Lubbock IL, 43735	US
S2-002402	Meridian Electricals Private Limited	Silverline Nagar, Kochi, Rajasthan, 177667, 310 Meridian Marg	India
S2-002423	Quarry Indutsries LLC	25 Thistle Rd, Onyx Park, Mobile, 400699, CA	United States
S2-003340	Vrtex Motors	179 Summt St, Kestrel Nagar, Nagpur, 785870	IN
S2-002228	Maplecrest Co	160 Lantern Ave, Harbor Park, Tacoma, TX, 93049	USA
S2-002954	Stonebridge Consultancy Ravenwood Corpration	191 Bluepeak Blvd, Harbor Park, Austin, OH	USA
S2-001410	Vertex, Industrise Private Limited	386 Stonebridge Cross, Kochi, Gujarat, 489944	IN
S2-004608	Harbor Industries LLimited	Near Metro Pillar 42, 57 Harbor Mn, Surat, Rajasthan	IN
S2-005827	Vertex Trading and Sons Private Limited	197 Falcon Crs, Clearwater Nagar, Coimbatore, Rajasthan, 130706	India
S2-000247	Bluepeak Vertex Private Limited	250 Lantern Crs, Kochi, 650421	IN
S2-003767	Meridian  Limited	208 Goldleaf Marg, Cobalt Nagar, Kochi, MP, 312813	India
S2-002336	Bluepeak Silverline Sytems and Sons Ltd	Summit Street Surat	India
S2-005878	Stonebridg eTextiles Ltd	Behind Ganesh Temple, 18/55 Meridian Cross, Silverline Nagar, Jaipur, Tamil Nadu, 134661	India
S2-006349	Goldleaf Stonebridge Industries Corporation	219 Brightpath Street, Behind the Civic Center, Stonebridge Park, Austin	United States
S2-008422	Meridan Industries Limited	98 Onyx Cross, Behind Ganesh Temple, Kochi, Tamil Nadu, 390917	India
S2-007926	Apex Maplecrest  P Ltd	131 Apex Mn, Brightpath Nagar, Jaipur, Tamil Nadu	IN
S2-001523	Thiste Textiles	183 Summit Dr, Apex Park, Austin	USA
S2-008869	Quarry Bluepeak Textiles and Sons Pvt Ltd	223 Redwood Main, Falcon Nagar, Pune, Rajasthan	IN
S2-004026	Onyx and Sons	225 Onyx Mn, Brightpath Nagar, Pune, MP, 767456	India
S2-006122	Falccon Services Private Limited	132 Redwood Street, Indore, 275533	IN
S2-004805	Packaging Redwood Summt P Ltd	Maplecrest Marg, Coimbatore	IN
S2-002153	Apex and Sons Pvt Ltd	239 Vertex Marg, Goldleaf Nagar, Behind Ganesh Temple, Surat, 515126	IN
S2-004146	Ironwood Consultancy LLC	292 Falcon Blvd, Mobile, WA, 30295	United States
S2-000342	Bluepeak RavenwoodFabrics Inc	163 Ironwood Dr, Austin, AL, 13916	US
S2-006087	Northgate Packaging Priate Limited	382 Onyx Street, Northgate Nagar, Behind Ganesh Temple, Nagpur, 651691	India
S2-006281	Packaging, Silverline Limited	343 Silverline Main Pune	IN
S2-006873	Ironwood Private Limited	Redwood Road, Brightpath Nagar, Surat, MP, 508201	IN
S2-004722	Fabics Bluepeak Ltd	390 Goldleaf Rd Thistle Nagar Jaipur Gujarat 399225	India
S2-003812	Consultancy Northgate Meridian P td	194 Lantern Main, Ironwood Nagar, Coimbatore, Gujarat	India
S2-003761	Logistics Falcno LLC	11 Meridian Road, Ravenwood Park, Peoria, IL	US
S2-000983	Sunstone ompany	Behind the Civic Center, 100 Clearwater Rd, Lantern Park, Akron	USA
S2-003397	Packaging SSummit Co	Brightpath Park, Akron, CA, 5 Apex Dr	US
S2-001377	Maplecrest, Electricals P Ltd	352 Onyx Street, Stonebridge Nagar, Coimbatore, Kerala, 911415	India
S2-009026	Meridiann Solutions Ltd	199 Maplecrest Blvd Thistle Park Tacoma TX 35465	IN
S2-001342	Textiles Ravenwood and Sons Company	183 Kestrel Dr Quarry Park Tacoma WA	United States
S2-006714	Enterprises Vertex & Sons Corp	322 Goldleaf Boulevard, Quarry Park, Tacoma, AL, 74719	US
S2-003316	Onyx Soluutions P Ltd	2 Summit Main, Jaipur, Gujarat	India
S2-007158	Maplecrest Industries Pvt Ltd	150 Clearwater Street Behind Ganesh Temple Northgate Nagar Coimbatore Rajasthan	India
S2-000364	Clearwater Stonebridge Consultancy Private Limited	200 Ironwood St, Silverline Nagar, Pune, Gujarat	India
S2-008334	Sunstone Electricals	Behind Ganesh Temple, Juniper Marg, Juniper Nagar, Nagpur, Gujarat, 403217	United States
S2-004991	Sunstone Services Private Limited	149 Onx Road, Northgate Nagar, Pune, 578631	India
S2-001035	Maplecrest, Juniper Foods Private Limited	340 Juniper Mn, Vertex Nagaar, Nagpur, Gujarat	IN
S2-002091	Summit Ravewood Motors and Sons Incorporated	60 Harbor Street, Cobalt Park, Austin, WA, 38659	United States
S2-005968	Summit Foods	Near Exit 14, 306 Sunstone Aveue, Brightpath Park, Akron, TX, 14462	US
S2-008511	Meridian Consultancy Limited	272 Quarry Marg, Bluepeak Nagar, Coimbatore, MP, 477353	India
S2-005841	Stonebridge Foodds Corporation	357 Lantern Rd, Taoma, IL, 33088	United States
S2-009244	Apex Trading Limited	169 Silverline Street Ironwood Nagar Nagpur 296847	IN
S2-004314	Brihgtpath Motors P Ltd	27/46 Ironwood Crs, Quarry Nagar, Nagpur	IN
S2-007207	Clearwater EEnterprises & Sons Private Limited	102 Juniper Dr, Meridian Park, Nagpur, OH, 67783	USA
S2-007900	Maplecrest Consultncy Incorporated	165 uJniper Road, Harbor Park, Behind the Civic Center, Akron, OH, 42343	US
S2-006680	Cobalt Packaging	36/58 Maplecrest Cross Silverline Nagar Coimbatore Tamil Nadu 518647	IN
S2-005041	Sunstone Chemicals Lttd	148 Maplecrest Marg, Onyx Nagar, Indore, 588376	IN
S2-006479	Falcon Juniper Textiles Corp	135 Goldleaf Street, Goldleaf Pak, Mobile, WA, 44071	USA
S2-003742	Silverline Corp	165 Brihgtpath Boulevard Stonebridge Park Akron OH	USA
S2-003928	Ravenwoodd Northgate Packaging Pvt Ltd	351 Stonebridge Cross, Opp. Bus Depot, Northgate Nagar, Surat,M aharashtra, 601832	India
S2-004814	Juniper Industries Limited	115 Onyx St Coimbatore	IN
S2-002641	Maplecrest, Industries Corp	392 Sunstone Blvd Near Exit 14 Lubbock 65061	US
S2-003763	Meridina Enterprises Pvt Ltd	135 Kestrel Crs, Stonebridge Nagar, Surat, 592515	India
S2-002553	Cobalt Texttiles Pvt Ltd	297 Sunstone Marg, Brightpath Nagar, Jaipur, Maharashtra	IN
S2-000280	Juuniper Limited	357 Clearwater Cross, Kochi, Tamil Nadu, 905964	India
S2-007110	Junipe rolutions LLC	350 Stonebridge Boulevard, Mobile, CA, 26930	United States
S2-003184	Quarry Trading & Sons	286 Clearwater Street, Surat, 639362	India
S2-005672	Goldleaf	Quarry Dr Behind the Civic Center Quarry Park Fresno 11833	USA
S2-009133	Ironwood, Brightpath Private Limited	173 Redwood Road, Ironwood Nagar, Jaipur, MP, 622800	India
S2-004632	Meridian Limited Liability Company	33 Falcon Road, Quarry Park, Tacoma, 90962	United States
S2-007917	Stonebridge Textiles Limited Liability Company	225 Silverline Street, Silverline Park, Fresno, 83500	United States
S2-004473	Foods, Lanern Bluepeak & Sons Private Limited	171 Stonebridge Road, Surat, Maharashtra, 838716	IN
S2-002909	Thistle Electricals Company	Behind the Civic Center, 306 Kestrel Blvd, Stonebridge Park, Akron, AL	USA
S2-001671	Ironwood Services Pvt Ltd	Ironwood St, Apex Nagar, Jaipur, Rajasthan, 118025	India
S2-003781	Onyx Textiles Private Limited	357 Clearwater Street, Surat	IN
S2-003368	ApexT extiles Pvt Ltd	Vertex Mn, Quarry Nagar, Nagpur, Rajasthan	IN
S2-008575	FalconIndustries Corp	6 Brightpath Blvd, Austin, CA, 14632	USA
S2-009032	Vertex Incorporated	71 Stonebridge Mn Stonebridge Nagar Lubbock Tamil Nadu 444723	IN
S2-002056	Fooods uQarry Corp	Behind the Civic Center, 189 Stonebridge Boulevard, Meridian Park, Fresno	United States
S2-003381	Falcon Mtorrs Corp	178 Quarry Avenue, Quarry Park, Mobile, AL, 83264	United States
S2-002760	Sunstone Trading Ltd	215 Juniper Marg, Sunstone Nagar, Pune, 774895	IN
S2-003976	Goldleaf Enterprises Private Limietd	88 Brightpath Marg, Meridian Nagar, Kochi, Maharashtra, 634151	India
S2-006489	Stonebridge, Electricals Company	Near Exit 14 103 Summit Dr Apex Park Akron AL	US
S2-008898	Kestrel Vertex Logistics Corp	301 Meridian Street, Orchid Park, Fresno, WA	US
S2-001357	Redwood	Silverline Park Mobile AL 237 Summit Blvd	USA
S2-003228	Cobalt Enterprises and Sons Company	244 Redwood Avenue, Brightpath Park, Peorai	US
S2-002139	Redwood Company	228 Vertex Dr, Kestrel Park, Near Exit 14, Akron, CA, 93573	US
S2-002820	Motors Pvt Ltd	Behind Ganesh Temple, 92 Vertex Marg, Redwood Nagar, Nagpur, Tamil Nadu, 925665	India
S2-004090	Silverline Trading Ltd	Opp. Bus Depot, 351 Cobalt Marg, Vertex Nagar, Nagpur, 308055	India
S2-003457	NorthgateR edwood Fabrics Limited	Opp. Bus Depot, 387 Ravenwood Cross, Jaipur	IN
S2-005399	Lantern  Corp	46 Cobalt Street, Lubbock, AL, 50365	US
S2-000312	Ravenwood Industries Co	147 Ravenwood Avenue Tacoma AL	USA
S2-001191	Falcon Enterprises P Ltd	395 Ironwood Marg, Junipper Nagar, Surat, 956084	IN
S2-000969	Lantern Industries Limited	20/35 Bluepeak Mn, Vertex Nagar, Coimbatore, Kerala, 420537	IN
S2-002832	JuniperLtd	105 Silverline Main, Brightpath Nagar, Nagpur, MP, 887825	India
S2-001944	Brightpatth Textiles Incorporated	87 Ravenwood Road, Northgate Park, Fresno, 87873	US
S2-001363	Maplecrest Vertex	39 Harbor Mn, Kochi	India
S2-000835	Junipe Textiles Limited	121 Sunstone Main, Near SBI ATM, Maplecrest Nagar, Surat, Tamil Nadu, 888442	India
S2-000019	Maplecrest Redwood Foods LLC	6/10 Redwood Dr, Tacoma, CA, 58168	US
S2-009053	Consultancy Thistle P Ltd	Near Metro Pillar 42, Sunstone Nagar, Nagpur, MP, Goldleaf Rd	India
S2-001419	Brightpath Thistle Incorporated	387 Brightpath Rd, Brightpath Park, Near Exit 14, Fresno	US
S2-000628	Clearwater Foods Inc	206 Goldleaf Dr Silverline Park Fresno WA 136633	USA
S2-006697	Orchid Fabrics Inc	236 Thistle Drive, Apex Park, Fresno, AL, 10235	United States
S2-006418	Silverline, EnterprisesLimited	Opp. Bus Depot, 13/26 Falcon Marg, Ravenwood Nagar, Coimbatore, Tamil Nadu, 608998	India
S2-005805	Silverline Industries and Sons LLC	57 Quarrry Drive, Summit Park, Lubbock	USA
S2-007469	Juniper Harbor Consultancy Corporation	364 Meridian Avenue, Lubbock, TX, 93176	United States
S2-007755	Brightpath Motors and Sons Limited	36/77 Goldleaf St, Near SBI ATM, Coimbatore	India
S2-002289	Juniper Foods and Sons	225 Juniper Boulevard, Harbor Park, Austin, OH, 27799	United States
S2-000912	Silverline Motors	311 Orchid Cross,  Pune, Rajasthan, 850494	IN
S2-008327	Vertex Harbor Electricals Co	Meridian Drive, Silverline Park, Tacoma, AL	US
S2-007656	Summit Industires Coompany	355 Falcon Blvd, Onyx Park, Fresno, CA, 48876	United States
S2-001103	Quarry Maplerest Corporation	259 Kestrel Road, Kestrel Park, Akron	United States
S2-007265	Juniper Systems Limitde	346 Maplecrest Road, Redwood Park, Jaipur, WA, 57413	USA
S2-004218	Redwood Logistics Ltd	37/65 Ironwood Mn, Orchid Nagar, Coimbatore, 806723	India
S2-000197	Maplecrest, Motors LLC	6 Goldleaf Drive, Harbor Park, Fresno, AL, 97688	United States
S2-002546	Stonebridge aFbrics P Ltd	Northgate St, Behind Ganesh Temple, Juniper Nagar, Indore, 581143	IN
S2-000481	Lantern Services and ons Corp	Behind the Civic Center, 59 Apex Avenue, Quarry Park, Tacoma	United States
S2-007462	Bluepeak Packaging Corporation	Bluepeak Avenue, Kestrel Park, Akron, IL	US
S2-006855	Ssytems Vertex Co	191 Meridian St, Thistle Park, Akron, CA, 41346	United States
S2-004929	Summit Raenwood Industries & Sons Corp	219 Falcon Avenue Ravenwood Park Austin	USA
S2-002574	Quarry andd Sons Limited	Near SBI ATM 96 Clearwater Mn Redwood Nagar Jaipur 559438	IN
S2-005771	Thistle Trading Co	46 Brightpath Drive, Vertex Park, Fresno, CA	US
S2-004339	Juniperr Consultancy Ltd	345 Quarry Marg, Bluepeak Nagar, Jaipur,, Maharashtra	IN
S2-007924	Bluepeak Textiles Corp	141 Ravenwood Crs, Peoria, 143141	IN
S2-007488	Fabrics Summit & Sons Pvt Ltd	284 Redwood Rd, Quarry Nagar, Surat, Gujarat, 769471	India
S2-005042	Redwood Solutions Limited	155 Northgate Mn Ravenwood Nagar Indore 896798	IN
S2-001679	Kestrel, Foods LLC	309 Northgte Dr Quarry Park Tacoma 38444	United States
S2-002164	Orchid, Electricals  Inc	288 Harbor Ave, Ironwood Park, Lubbock, IL, 78147	US
S2-008843	Silverline Juniper Textiles & Sons Pvt Ltd	360 Ravenwood Rd Quarry Nagar Surat Gujarat	India
S2-008169	Thistle Consultancy & Sons Incorporated	295 Brightpath Dr, Tacoma, IL, 16418	United States
S2-009005	Northgate Bluepeak Private Limtied	235 Northgate Crs Northgate Nagar Jaipur Rajasthan	India
S2-002182	Vertex Juniper Idustries P Ltd	126 Bluepeak Marg, Juniper Nagar, Indore	India
S2-006955	Vertex Enterprises Incorportaed	5/65 Redwood Rd Juniper Park Peoria	United States
S2-008024	Cobalt Fabrics Pvt Ltd	97 Onyx Crs, Falcon Nagar, Coimbatore, Kerala, 231427	India
S2-004012	Ironwood, Services Private Limiteed	82 Juniper St, Thistle Nagar, Near Metro Pillar 42, Indore, Kerala	IN
S2-006204	Thistle Enterprises Company	Behind the Civic Center, 371 Juniper Avenue, Austin, OH, 80625	USA
S2-008964	Cobalt Sivlerline Motors Co	33/87 Juniper Blvd, Northgate Park, Lubbock, 64085	USA
S2-006961	Apex  Services and Sons Limited	12/86 Stonebridge Road Falcon Nagar Coimbatore 354794	India
S2-003602	Bluepeak FoodsC ompany	294 Brightpath Avenue Mobile 66007 Behind the Civic Center	USA
S2-003676	Enterprises Ravenwood Northgate Incorporated	316 Maplecrest Rd Meridian Park Opp. City Library Austin AL 27827	USA
S2-000903	Clearwater Stonebridge Solutions Inorporated	241 Sunstone Road, Meridian Park ,Tacoma, 18574	USA
S2-005807	Thistle Textiles Ltd	102 Onyx Marg, Indore, Gujarat	India
S2-005785	Trading Brightpath Corporation	246 Oynx St, Fresno, 14264	USA
S2-008465	Thistle Private Limited	398 Thistle Road, Pune, 372191	IN
S2-002812	Onyx Enterprises Corp	373 Brightpath Rd, Sunstone Park, Mobile, 29409	US
S2-001517	Lantern Logistics nIc	167 Stonebridge Rd, Lantern Park, Akron, IL, 24935	United States
S2-008028	Lanten Chemicals Inc	200 Onyx St, Austin, CA, 77773	United States
S2-006686	Summit Limited Liability Company	248 Redwood Dr, Northgate Park, Mobile, AL, 81767	USA
S2-006612	Quarry Vertex Solutions Inc	127 Falcon Drive, Fresno, WA, 71630	US
S2-000257	Kestreel Motors PP Ltd	31 Thistle Street, Lantern Nagar, Nagpur, MP, 917361	IN
S2-003822	Bluepeak Meridian Servics LLC	100 Cobalt Ave Quarry Park Mobile TX 46943	USA
S2-006184	Maplecrest & Son Inc	Redwoo Ave Juniper Park Akron	United States
S2-001622	Sunstone Solutions and Sons	205 Meridian Dr, Bluepeak Park, Mobile, 74197	USA
S2-003817	Meridian Logistics	Bluepeak Rd, Kochi, Maharashtra, 661863	India
S2-007868	Falcon, Co	83 Sunstone Blvd, Peoria, IL	United States
S2-002198	Foods Apex Northgate Inc	322 Falcon St, Falcon Park, Akron, TX, 20223	US
S2-002887	Quarrry Electricals Co	284 Maplecrest Ave Mobile OH 52855	United States
S2-001154	Falcon Electricals oCrporation	62 Thistle Blvd, Fresno, CA	USA
S2-003714	Orchid Trading Ltd	269 Ionwood Crs, Falcon Nagar, Indore, 640328	IN
S2-008004	Ravenwood Industries Corporation	191 Harbor Road, Kerala, 848105, Kochi	USA
S2-003161	KesrtelTextiles	211 Redwood Ave, Thistle Park, Tacoma, IL	USA
S2-007524	Foods Northgate PvtLtd	Apex Marg, Pune, 856184	IN
S2-004884	Clearwater, Industriies Corp	13 Lantern Road, Peoria, CA	USA
S2-002725	Sunstone Stonebridge Trading and Sons Corporation	197 Harbor Dr, Meridian Park, Tacoma, 54561	United States
S2-004555	Redwood Electricalsl	160 Goldleaf Marg, Cobalt Nagar, Coimbatore, Kerala, 237985	IN
S2-004040	Kestrel, Texitles Pvt Ltd	89 Falcon Crs, Falcon Nagar, Near Metro Pillar 42, Indore, Rajasthan, 370086	India
S2-001027	Thistle Motors Limited Liabiliity Company	Goldleaf Boulevard, Behind the Civic Center, Fresno, Lantern Park	United States
S2-002071	Bluepeak Fabrics Corp	329 Goldleaf Ave Silverline Park Lubbock	USA
S2-006664	Goldleaf Private Limited	333 Northgate Rd, Northgate Nagar, Jaipur, 163516	IN
S2-004518	Harbor Summit Solutions Ltd	174 Brightpath St, Silverline Nagar, Surat, 970880	India
S2-004900	Ironwood, Logistics & Sons Private Limited	19 Kestrel Crs, Silverline Nagar, Surat, 317314	IN
S2-007406	Quarry Consultancy Co	220 Northgate Ave, Fresno	US
S2-008197	Clearwater Fabrics and Sons Pvt Ltd	91 Clearwater Cross, Clearwater Nagar, Pune, 350175	IN
S2-002194	Redwoo dPackaging Co	316 Falcon Road, Onyx Park, Tacoma, AL	United States
S2-008559	Apex Logistics Private Liimited	Quarry St, Vertex Park, 68848, Coimbatore	United States
S2-007294	Brightpath, TradingPvt Ltd	213 Silverline Marg, Quarry Nagar, Nagpur, MP, 788196	IN
S2-008679	Harbor Enterprises LLC	254 Meridian Ave, Redwood Park, Peoria, TX, 47254	United States
S2-003428	Meriddian Ironwood Inc	Summit Rd, Tacoma, 32597	United States
S2-005000	Ironwood Foods	Opp. City Library, 230 Sunstone Dr, Kestrel Park, Peoria, OH, 40508	US
S2-005004	Harbor, Trading and Sons	109 Meridian Crs, Meridian Nagar, Nagpur, Maharashtra, 128940	India
S2-002125	Vertex ystems Limited	148 Kestrel Cross Pune Kerala	India
S2-002280	Juniper Electricals Pvt Ltd	3 Thistle St Quarry Nagar Pune 490825	India
S2-005735	Ravenwood Falcon  LLC	339 Quarry Rd, Summit Park, Peoria, AL, 86930	USA
S2-001242	Silverline Silverline Trading Co	13 Summit Boulevard Opp. City Library Goldleaf Park Tacoma 61902	US
S2-008472	Bluepeak Enterprises Inc	283 Orchid Boulevard, Vertex Park, Mobile, CA, 48222	US
S2-007328	Sunstone Bluepeak Fabrics Icn	141 Harbor Marg, Sivlerline Nagar, Nagpur, Kerala	US
S2-003912	Quarry, Motors Corp	169 Thistle Drive, Onyx Park, Mobile, CA, 79816	United States
S2-006827	Maplecrest Chemicals Private Limited	212 Stonebridge Margg, Kochi, MP	India
S2-005314	Quarry Inc	231 Apex Blvd, Vertex Park, Lubbock, CA, Behind the Civic Center	United States
S2-005099	Ironwood, Industries Corporation	275 Silverline St, Opp. City Library, Meridian Park, Lubbock, IL, 33545	United States
S2-004989	Maplecrest Quarry Logistics Private Limited	158 Summit Crs, Orchid Nagar, Opp. Bus Depot, Coimbatore, Maharashtra, 796548	IN
S2-007264	SunstoneC ompany	185 Cobalt Ave, Juniper Park, Peoria, 84640	US
S2-006825	Sunstone Limmited	216 Goldelaf Cross, Opp. Bus Depot, Pune, Rajasthan	IN
S2-008474	Ravenwood Packaging and Sons Private Limited	318 Stonebridge Avenue Silverline Park Jaipur 62884	USA
S2-003828	Vertex Services P Ltd	Northgate Marg, Bluepeak Nagar, Kochi, 846103	IN
S2-005357	Falcon Enterprises	394 Summit Cross, Silverline Nagar, Surat, Kerala, 610935	IN
S2-002210	Vertex Clearwater Logistics Limited Liiability Company	271 Quarry St Ravenwood Park Austin IL	US
S2-008470	Juniper Consultancy Corp	107 Meridain Cross, Jaipur, Kerala, 530419	United States
S2-001629	Ravenwood Systems Inc	348 Clearwater Blvd, Vertex Park, Peoria, TX, 89594	USA
S2-003580	Onyx Chemicals CCompany	Austin, CA, 57992, Apex Drive	US
S2-004620	Stonebridge Consultancy Limited Liability Company	59 Bluepeak Avenue, Cobalt Park, Lubbock, CA, 17193	US
S2-000911	Thistle Thistle Trading  Company	14/36 Brightpath St, Near Exit 14, Ironwood Park, Peoria, 30697	US
S2-001092	Brightpatth Electricals Limited Liability Company	355 Ironwood Road, Mobile, TX	US
S2-005523	Bluepeak P Ltd	Stonebridge Marg, Orchid Nagar, Jaipur, Rajasthan, 733270	IN
S2-008309	Onyx Electricals Limited Liability Company	Opp. City Library, 53 Northgate Street, Peoria	United States
S2-004868	Brightpatth Redwood Services and Sons Corporation	Opp. City Library, 258 Quarry Drive, Fresno, AL, 68921	US
S2-004755	Stonebridge Juniper Industries Private Limited	345 Maplecrest Road, Sunstone Nagar, Surat, Rajasthan	India
S2-004977	Redwood Foods Private Limited	17/79 Onyx Marg, Sunstone Nagar, Indore, Maharashtra, 620866	India
S2-004998	Silverline TextilesIncorporated	341 Apex Rd, Quarry Park, Tacoma, 99810	United States
S2-004196	Maplecrest Consultancy & Sons  Corp	Behind the Civic Center 319 Redwood Drive Orchid Park Lubbock AL 43626	USA
S2-004242	Sunstone Consultancy & Sons Corporation	200 Cobalt Avenue, Onyx Park, Peoria, 12840	US
S2-005362	Raevnwood LLC	216 Orchid Road, Kestrel Prk, Tacoma, OH, 21513	United States
S2-006929	Lantern Maplecrest Enterprises and Sons Private Limited	184 Sunstone Marg, Kestrel Nagar, Nagpur, 503913	India
S2-005516	Orchid Electricals Pvt Ltd	325 Bluepeak Main, Opp. Bus Depot, Ironwood Nagar, Surat, 515989	India
S2-001876	Apex Soluions Private Limited	369 Lantern Rd, Bluepeak Nagar, Surat, 182335	India
S2-005830	Apex, Industries Sunstone Incorporated	70 Meridian Ave, Falcon Park, Opp. City Library, Akron, TX, 91993	US
S2-006642	Kestrel Logistics	246 Ironwood Ave Lubbock 25288	United States
S2-007958	Meridian Redwood Services Corp	14/70 Vertex Blvd Austin AL 17715	US
S2-006113	Sunstne Logistics Corporation	Behind the Civic Center 37/35 Harbor Blvd Summit Park Fresno 62972	US
S2-007881	Sunstone Consultancy Private Limited	90 Juniper Rd, Meridian Park, Near Exit 14, Akron, TX	India
S2-000578	Summit, Meridina Electricals Limited	37 Stonebridge St, Jaipur, Tamil Nadu, 790776	India
S2-001009	Silverline Motors Pv Ltd	28 Vertex Main, Indore	IN
S2-006049	Bluepeak Solutions Pvt Ltd	308 Northgate Mn Lantern Nagar Nagpur 315893	IN
S2-008884	Sunstone Electricals & Sons	Near Exit 14 167 Thistle St Falcon Park Mobile WA 17842	USA
S2-003930	Foods Sunstone Inc	373 Apex Road, Quarry Park, Austin	USA
S2-004531	Systems Clearwwater Silverline	338 Stonebridge Crs, Stonebridge Nagar, Nagpur, Tamil Nadu	India
S2-001402	Goldleaf Motors P Ltd	Sunstone Nagar Jaipur 252 Meridian Road	India
S2-007968	Orchid Sunstone P Ltd	365 Kestrel Crs Coimbatorre 923571	India
S2-001797	Bluepeak Incorporated	Ravenwood Ave, Vertex Park, Peoria, CA	USA
S2-006391	Thistle Northgate Textiles Corp	375 Vertex Boulevard, Stonebridge Park, Peoria, 60357	US
S2-002412	Vertex Meridian Services Corp	333 Onyx Dr, Meridian Park, Mobile, IL, 64052	USA
S2-000186	Industries Falcno Corporation	Near Exit 14, 1/60 Vertex Dr, Onyx Park, uAstin, 58494	US
S2-008865	Onyx Textiles and Sons	226 Sunstone Blvd, Ravenwood Park, Opp. City Library, Mobile, IL, 19997	United States
S2-004539	Onyx, Electricals Limited Liability Copmany	385 Orchid Road, Fresno, 36574, Behind the Civic Center	USA
S2-008496	Stonebridge Chemicas	281 Maplecrest St Near Exit 14 Orchid Park Tacoma TX 52157	US
S2-002906	Silverline Connsultancy	389 Apex S,t Quarry Park, Peoria, 91582	United States
S2-001593	Falco nFoods & Sons	254 Ravenwood Blvd Cobalt Park Tacoma 27241	US
S2-004389	Northgate Electricals P Ltd	373 Ironwood Cross, Summit Nagar, Jaipur, 198139	India
S2-003850	Falccon Logistics & Sons	154 Goldleaf Rd Peoria TX 80656	USA
S2-001010	Silverlne Pvt Ltd	396 Stonebridge Cross, Sunstone Nagar, 909888, Kochi	India
S2-000827	Onyx Electricals & Sons Pvt Ltd	332 Northgate Crs, Vertex Nagar, Coimbatore, 130182	IN
S2-006114	Ironwood Foods and Sons  Ltd	136 Brightpath Cross, Harbor Nagar, Indore	India
S2-009234	Ravenwood Cheimcals P Ltd	95 Cobalt Marg, Ravenwood Nagar, Indore	India
S2-003644	Solutions uQarry	132 Bluepeak Road Apex Park Mobile 73007	US
S2-000531	Apex Bluepeka Systems Inc	177 Ravenwood Blvd, Vertex Park, Austin, IL	USA
S2-003771	Cobalt Trading & Sons LLC	178 Sunstone Road, Stonebridge Park, Fresno, CA	USA
S2-009154	Orchid Services Limited Lability Company	233 Onyx Boulevard, Brightpath Park, Fresno, WA, 75954	US
S2-001800	Nortghate Motors & Sons	265 Brightpath St, Kestrel Nagar, Kochi, MP	IN
S2-003779	Orchhid Motors LLC	163 Juniper Road, Peoria, 14356	United States
S2-002519	Silverline Entreprises LLC	396 Brightpath Rad, Kestrel Park, Tacoma, IL, 81758	United States
S2-001152	Meridian Logistics Private Limited	73 Lantern St, Jaipur, 272454	IN
S2-003809	Quarry  Chemicals& Sons Corporation	131 Stonebridge St, Summit Park, Akron	US
S2-002727	Kestrel Chemicals Inc	377 Goldleaf Dr, Mobile, 51182	US
S2-006693	Redwood Ironwood Services and Sons	OrchidA venue, WA, 99300, Akron	USA
S2-001645	Lantern Systems Co	309 Goldleaf Boulevard, Redwood Park, Austin, WA, 98766	United States
S2-004307	Foods Brightpth	187 Northgate Dr, Clearwater Park, Opp. City Library, Fresno, 19474	United States
S2-003951	Ironwood Maplecrest  oCnsultancy Co	Near Exit 14, 278 Summit Blvd, Juniper Park, Mobile, 66631	US
S2-005657	Cbalt, Packaging Limited	334 Meridian Marg, Behind Ganesh Temple, Surat, 400362	India
S2-008808	Lantern Packaging Prviate Limited	360 Kestrel Main, Redwood Nagar, Tamil Nadu, 995849, Jaipur	India
S2-003996	Orchid Logistics Company	25/57 Onyx Blvd, Thistle Park, Fresno, OH	United States
S2-007025	Brightpath & Sons Limited	203 Bluepeak Mai,n Pune	IN
S2-001395	Harbor, Limited	53 Falcon Marg, Quarry Nagar, Kochi, MP	IN
S2-003893	Orchid eSrvices Corp	Orchid Boulevard Falcon Park Peoria AL	US
S2-008927	Ironwood Consultancy Ltd	387 Silverline Drive, Clearwater Park, Indore	USA
S2-007727	Lantern Solutions Ltd	200 Juniper Ave, Lantern Park, Kochi, OH	USA
S2-005242	Harbor Logistics and Sons Co	191 Orchid Avenue Falcon Park Mobile TX	USA
S2-008360	Falcon Redwood Motors Ltd	Meridian Road, Ironwood Nagar, Surat, 118780	India
S2-006525	Quarry Juniper Textiles Private Limited	257 Stonebridge Main, Lantern Nagar, Pune, Maharashtra	IN
S2-008253	Harbro P Ltd	80 Redwood Marg, Jaipur, 448637	India
S2-005135	Clearwater Sumimt Services Co	Behind the Civic Center, 240 Juniper Dr, Fresno, IL	USA
S2-002790	Quarry Ironwood Industries Inc	391 Falcon Blvd Near Exit 14 Austin OH	US
S2-000646	Blupeak	41 Orchid Street, Juniper Nagar, Indore, 906522	IN
S2-004825	Onyx Motors & Sons	40 Orchid Cross Lantern Nagar Coimbatore 643883	IN
S2-003308	Stonebridge Ravenwodo Private Limited	338 Bluepeak Street, Coimbatore, MP, 914742	India
S2-003851	Vertex, Enterprises Ltd	385 Onyx Crs, Onyx Nagar, Kochi, 815831	IN
S2-008463	Apex Kestrel Services Private Limited	218 Clearwater Street Brightpath Nagar Indore Maharashtra	India
S2-008709	Ravenwoood, Industries Corp	55 Harbor Blvd, Thistle Park, TX, 93338, Tacoma	US
S2-008533	Vertex  Electricals Co	57 Orchid Avenue, Near Exit 14, Harbor Park, Lubbock, CA, 60201	US
S2-003811	Meridian, Northgate Consultancy	342 Clearwater Marg, Ironwood Nagar, Coimbatore, 307016	India
S2-008789	Silverlnie Motors Limited	340 Silverline Road, Nagpur, Gujarat	India
S2-009262	Redwood Electricals & Sons Private Limited	192 Bluepeak Marg, Onyx Nagar, Nagpur, Tamil Nadu, 214185	India
S2-008304	Maplecrest Harbor Enterpriess Ltd	Meridian Avenue, Ironwood Park, Pune, CA, 59395	USA
S2-005587	Juniper Motors Limited Liability Company	336 Cobalt Dr, Redwood Park, Austin, TX, 13997	US
S2-009027	Harbbo, rP Ltd	Onyx Marg Coimbatore	India
S2-006806	Maplecrest Fabrics P Ltd	Brightpath St, Stonebridge Nagar, Jaipur, Maharashtra, 985875	India
S2-007237	Silverlin eIncrporated	359 Bluepeak Rd, Lubbock	United States
S2-009325	Stonebridge Onyx extiles	307 Stonebridge Blvd, Neear Exit 14, Quarry Park, Nagpur, WA	United States
S2-004027	Stonebridge Foods P Ltd	36 Meridian Mn, Goldleaf Nagar, Nagpur, 183282	IN
S2-008129	Orchid Enterprises Private Lmited	241 Thistle St, Ravenwood Park, Austin, 87929	India
S2-001954	Goldleaf Trading P Ltd	257 Falcon Maiin, Thistle Nagar, Nagpur, 242752	IN
S2-007762	Cobalt Industries & Sons Incorporated	Northgate Park, Mobile, OH, 60842, 110 Kestrel Road	USA
S2-003895	Orchid Services	29 Northgate Avenue, edwood Park, Mobile, CA, 18480	United States
S2-008022	Chemicals Brightath P Ltd	118 Summit Road, Surat, Tamil Nadu, 891162	IN
S2-000798	Maplecrest Logistics & Sons	312 Harbor Marg, Near SBI ATM, Redwood Nagar, Jaipur, Maharashtra, 600493	India
S2-003816	Goldleaf Textiles	250 Thitsle Street, Stonebridge Nagar, Indore, Rajasthan, 882574	IN
S2-002596	Redwood Brightpath Packaging	338 Harbor St, Stonebridge Nagar, Kochi, Maharashtra	India
S2-001743	Quarry Lantern TTextiles Inc	267 Falcon Blvd, Quarry Park, Austin, 79911	USA
S2-003626	Falcon	Northgate Street, Redwood Nagar, Kochi, Rajasthan, Near SBI ATM	IN
S2-006392	Ironwood Summit Services Privatee Limited	170 Maplecrest Main, Brightpath Naagr, Kochi, Tamil Nadu, 903931	India
S2-007663	Vertex Enterprises & Sons Private Limited	371 Quarry St, Pune, Maharashtra, Clearwater Nagar	IN
S2-007359	Lantern Goldleaf Foods	Opp. Bus Depot, 21 Orchid Main, Jaipur, 730237, Cobalt Nagar	India
S2-001398	Vertex, Fabrics	175 Brightpath Dr, resno, 15663	USA
S2-006322	Motors Mapelcrest Orchid	6/52 Stonebridge Road, Brightpath Park, Austin, 88726	USA
S2-003992	Harbor Chemicals	25/11 Silverline Street, Indore	IN
S2-005909	Northgate and Sons Pvt Ltd	275 Brightpath Marg, Maplecrest Nagar, Jaipur, MP, 407701	India
S2-003038	Maplecrest Enterprises Private Limited	32/55 Summit Main Maplecrest Nagar Pune Gujarat	IN
S2-007501	Quarry nIc	318 Northgate Mn, Quarry Nagar, Mobile, Maharashtra	India
S2-009247	Kestrel, Sunstone Cororation	366 Brightpath t, Meridian Park, Tacoma, 46266	US
S2-000780	Vertex Textiles Corp	233 Juniper Road Ironwood Park Tacoma TX 63793	United States
S2-000805	Onyx Brightpath Motors and Sons Limited	39/24 Clearwater St, Juniper Nagar, Pune, Maharashtra, 793021	India
S2-003957	Bluepeak Clearwater Textiles Private Limited	Behind Ganesh Temple, 2/69 Bluepeak Mn, Kestrel Nagar, Nagpur, Tamil Nadu, 369783	IN
S2-003424	Packagin Brightpath & Sonns Private Limited	7/82 Stonebridge Crs, Coimbatore, MP, 921024	India
S2-001374	Systems, Limiteed	182 Northgate St Indore	India
S2-008701	Redwood Textiles	Behind the Civic Center, 214 Silverline Dr, Harbor Park, Mobile, 10352	USA
S2-000699	Ravenwood and Sons	185 Clearwater Road, Austin, AL, 94788	United States
S2-002567	Apex Services	137 Kestrel Rd, Brightpath Nagar, Near SBI ATM, Kochi, Maharashtra	India
S2-008953	Packaging Ravenwood Private Limitd	90 Reedwood Road, Jaipur, 511633	India
S2-004836	Packagingg Clearwater	72 Ironwood Avenue, Harbor Park, Peooria, CA, 39379	USA
S2-003685	Thistle Fabrics LLC	172 Kestrel Rd, Behind the Civic Center, Goldleaf Park, Austin	United States
S2-007028	Silverline Systems	20 Juniper Cross, Kochi, 381181	IN
S2-003469	Thistle Ironwood Corp	65 Thistle Rd, Harbor Park, Akron, OH, 55183	USA
S2-004671	Fabrics LC	Bluepeak Ave, PPeoria, OH, 45702	US
S2-001973	Coblt Consultancy Quarry	46 Bluepeak Road, Apex Nagar, Nagpur	IN
S2-002359	Bluepeak Electircals	140 Stonebridge Crs, Kochi, Tamil Nadu	India
S2-001457	Vertex Services	Opp. Bus Depot 393 Kestrel Cross Jaipur Rajasthan 489305	IN
S2-003621	Northgate Mapllecrest	246 Northgate St, Goldleaf Park, Akron, AL, 85363	United States
S2-007027	Lantern Systems Corporation	79 Vertex Rd, Silverline Park, WA, Lubbock	United States
S2-008042	Meridian Co	Meridian Boulevard, Cobalt Park, Opp. City Library, Akron, 90006	US
S2-003196	Maplecrest Harbor Services and Sons P Ltd	177 Cobalt Mn, Indore	IN
S2-006143	Ravenwood Clearwaetr Co	344 RedwoodB oulevard, Harbor Park, Lubbock, 36651	United States
S2-002918	Northgate Trading	179 Redwood Cross, Nagpur, Kerala	India
S2-004684	Solutions Ravenwood Falcon Private Limited	184 Goldleaf Marg, Redwood Nagar, Indore, Tamil Nadu, 6899167	India
S2-000526	Falcon Logstics Private Limited	125 Kestrel Mn, Jaipur	IN
S2-004025	Stonebridge Limited	48 Cobalt St, Falcon Nagar, Near Metro Pillar 42, Coimbatore, MP, 804522	IN
S2-006575	Clearwater Orchid Foods Co	216 Quarry Blvd, Quarry Park, Peoria	US
S2-003971	Systems Northgate P Ldt	85 Bluepeak Marg Onyx Nagar Jaipur 884347	India
S2-002962	Apex Consultancy	37 Northgate St, Juniper Nagar, Coimbatore	India
S2-004971	Northgate FFoods	48 Clearwater St, Lubbock, AL, 24326	United States
S2-006528	Apex P Ltd	378 Summit St, Stonebridge Nagar, Pune, Gujarat, 639600	India
S2-006644	Meridia Ltd	102 Goldleaf Marg, Nagpur, 974894	IN
S2-007905	Enterprises Bluepeak	Redwood St, Thistle Nagar, Kochi, 897907	IN
S2-008867	Cobalt Silverline Consulatncy Pvt Ltd	337 Orchid Road, Ironwood Nagar, Indore	IN
S2-001504	Verte, xand Sons	326 Thistle Road, Sunstone Park, Austin, 56067	United States
S2-003847	Summit Malecrest LLC	Maplecrest Boulevard Quarry Park Austin	United States
S2-003378	Maplecrest Solutions rivate Limited	343 Cobalt Cross, Summit Nagar, Nagpur	IN
S2-007204	Irowood Corp	242 Lantern Crs, Orchid Nagar, Mobile, 737094	India
S2-004124	Goldleaf Soltuions CCo	16/63 Ravenwood Ave, Falcon Park, Tacom,a IL	US
S2-005077	Thistlle	361 Harbor St, Opp. City Library, Lubbock	USA
S2-003955	Bluepeak Clearwater Textiles & Sons Private Limited	367 Quarry St, Thistle Nagar, Nagpur	IN
S2-006868	Ironwood Meridian Packagnig Inc	261 Ravenwood Blvd, Vertex Park, Behind the Civic Center, Peoria, IL	United States
S2-008619	Apex Sysstems	364 Meridian Rd, Meridian Park, Austin, 26763	US
S2-009340	Northgate Lantern Packaging Limited	Quarry Crs, Orchid Nagar, Indore, Gujarat, 930640	IN
S2-003920	Brightpath Quarrry Trading Pvt Ltd	327 Quarry Mn Pune 460029	IN
S2-002140	Redwoo dPackaging Co	228 Vertex Dr, Akron, CA, 93573	US
S2-001943	Ravenwood Stonebridge & Sons Corp	332 Juniper Avenue, Behind the Civic Center, Vertex Park, Mobile, WA, 41444	United States
S2-003350	Northgate, Trading Private Limited	331 Maplecrest Crs, Apex Nagar, Jaipur, Gujarat	India
S2-002319	Electricals Quarrry	259 Brightpath Dr, Goldleaf Park, Lubbock, 16917	USA
S2-001819	Mapleccrest Motors	5 Goldleaf Boulevard, Juniper Park, Austin, 85966	US
S2-001657	Vertex Goldleaf Consultancy LLC	219 Maplecrest Blvd, Vertex Park, Akron, AL, 65863	US
S2-001721	Juniper Orchid Textiles LLC	1500 Lantern Ave, Falcon Park, Peoria, 14657, OH	US
S2-000866	Thstle	246 Quarry Street, Bluepeak Park, Lubbock	US
S2-007775	Kestrel Lantern Trading	Goldleaf Road Apex Nagar Surat Rajasthan	IN
S2-007378	Consultanccy Cobalt Quarry Limited	Juniper Nagar, Surat, Maharashtra, 621811, 336 Vertex Street	IN
S2-007049	Redwood & Sons	156 Brightpath St, Lantern Nagar, Surat	India
S2-005845	Ironwood Textiles Pvt Ltd	70 Goldleaf Rd, Juniper Nagar, Coimbatore, Gujarat,5 95029	IN
S2-009106	Quarry Entrpries Inc	Goldleaff Marg, Lubbock, Redwood Nagar	India
S2-008950	Vertex Consultancy and Sons Inc	66 Kestrel Dr, Akron, WA	US
S2-005570	Lantern Bluepeak Foods Incorporated	Opp. City Library, 164 Summit Dr, Maplecrest Park, Akron, 51015	USA
S2-007813	Quarry, Fbarics Corp	Near SBI ATM, Harbor Rd, Ironwood Nagar, Kochi, Rajasthan, 888800	US
S2-004370	Sumit Textiles Limited	253 Ironwood Marg, Jaipur, 661623, Goldleaf Nagar	IN
S2-006551	Raenwood	390 Falcon Road, Northgate Nagar, Jaipur	India
S2-001269	Falcon Stonebridge Electricals Ltd	Behind Ganesh Temple, 16 Sunstone Marg, Nagpur, Tamil Nadu	IN
S2-002483	Lntern Goldleaf Services Limited	344 Orchid Main, Vertex Nagar, Pune, Gujarat	IN
S2-002707	Sunstone Jnuiper Trading Co	88 Brightpath Drive, Fresno, TX	USA
S2-003227	Sunstone Chemicals & Sons Incorporated	Austin 162 Summit Boulevard	USA
S2-003305	Falcon Electricals	Peoria 84804 19/4 Stonebridge Dr	United States
S2-001873	Lntern Motors Ltd	Near Metro Pillar 42 340 Cobalt Crs Clearwater Nagar Indore Maharashtra	India
S2-006444	Juniper Enterprisse Ltd	344 Goldleaf Mn, Gujarat, 176551, Nagpur	IN
S2-001439	Loogistics Meridian Co	Near Exit 14, 351 Orchid Dr, Kestrel Park, Lubbock, 72540	USA
S2-001733	Silverline, Systems Private Limited	Apex Street Indore 853463	IN
S2-007073	Consultancy Lantern Corp	368 Juniper Ave, Ravenwood Park, Lubbock, WA	USA
S2-003131	Meridian Incorporated	Kestrle St, Maplecrest Park, Lubbock, 44012	US
S2-001895	Harbor Onyx ServicesCorp	120 Clearwater Boulevard, Thistle Park, Akron, OH, 49775	United States
S2-005003	Falcon Limtied Liability Company	12 Northgate Road Cobalt Park Akron OH 92512	United States
S2-006503	Ravenwood, Textiles LLC	265 Summit Drive, Quarry Park, Tacoma, 81379	USA
S2-000256	Kestrel Motors and Sons Private Limited	31 Thistle Street, Nagpur, 917361	IN
S2-003490	Maplecrest Inc	280 Vertex Drive, Silverline Park, Fresno, 10663	USA
S2-007750	Brightpath Stoneebridge Electricals Private Limited	234 Apex Rd, Thistle Nagar, Kochi, Maharashtra	IN
S2-000159	Lantern Pvt Ldt	Cobalt Main, Falcon Naar, Surat, 692025	IN
S2-004678	Juniper, Electricals Limtied	200 Harbor Marg, Orchid Nagar, Coimbatore, 451073	IN
S2-003261	Meridian Consultaancy and Sons Limited	7 Redwood Road Coimbatore Tamil Nadu 519935	IN
S2-009203	Falcon Blupeeak Enterprises P Ltd	378 Clearwater Road Kestrel Park Fresno AL 42601	India
S2-003172	Maplecreest Trading	26 Silverline Road, Kochi, 958211	India
S2-004980	Goldleaf Private Limited	Cobalt St Lantern Nagar Coimbatore 383248	IN
S2-003197	Quarry Consultancy P Ltd	243 Onyx Crs, Maplecrest Nagar, Surat, MP, 245931	IN
S2-001079	Silverlinne Trading Stonebridge Incorporated	289 Kestrel St, Juniper Park, Lubbock	USA
S2-002215	Ravenwood Foods Private Limited	240 Falcon Main, Brightpath Nagar, Jaipur	IN
S2-009074	Goldleaf, Textiles Private Limited	35 Bluepeak Street Kochi MPP 144659	India
S2-007980	Solutions annd Sons Incorporated	Northgate Rd, Austin, WA, Meridian Park	USA
S2-000325	Sunstone Clearwater Limited Liability Company	324 Apex Rd, Meridian Pak, Behind the Civic Center, Lubbock, 28788	USA
S2-009089	Brightpat Inc	Ravenwood Rd, Tacoma, CA, 77545	USA
S2-001244	Apex Texxtiles LLC	3 Ravenwood St, Vertex Park, Tacoma, OH	US
S2-005740	LanternConsultanc, P Ltd	200 Ravenwood Marg, Opp. Bus Depot, Cobalt Nagar, Coimbatore	India
S2-002664	Quarrypex Co	297 Vertex Ave, Near Exit 14, Falcon Park, Tacoma, AL	United States
S2-005644	Silverline, Enterprises & Sons P Ltd	259 Brightpath Road, Thistle Nagar, Kochi, 832937	India
S2-009004	Textiles Juniper Northgate Ltd	349 Harbor Marg, Orchid Nagar, Jaipur, Kerala, 613859	India
S2-000555	Meridian yx and Sons Corporation	19 Ironwood Rd Lubbock Brightpath Park	USA
S2-005758	Stonebridge Fabrics Corp	105 Vertex Road, Onyyx Park, Fresno, OH	US
S2-002943	Lantern Faabrics Private Limited	45 Thistle Marg, OOrchid Nagar, Nagpur, Maharashtra	India
S2-004293	Quarry Logistics Private Limited	324 Redwood Rd, Silverline Nagar, Pune, 440568	India
S2-005084	Kesterl Packaging Limited Liability Company	264 Meridian Avenue, Ironwood Park, Tacoma, OH, 44327	United States
S2-001150	Ravenwood Quarry Systems and Sons Corp	209 Harbor Avenue, Behind the Civic Center, Redwood Park, Austin, OH, 35214	USA
S2-001436	Lantern  Limited Liability Company	294 Clearwater St Tacoam 50230	United States
S2-004817	Redwood Lantern	31/49 Silverline Road, Redwood Park, Mobile, CA	USA
S2-004237	Lantern Packaging Pirvate Limited	285 Clearwater Street, Harbor Nagar, Jaipur, Kerala, 953958	India
S2-004341	Meridian Packaging Bluepeak Prrivate Limited	13/72 Falcon Marg, Sunstone Nagar, Jaipur, Gujarat, 286097	IN
S2-002236	Redwood Industries Incorporated	Near Exit 14, 322 Silverline Blvd, Mobile, 15821	USA
S2-008279	Quarry Electricals Pvt Ltd	24/27 Juniper Marg, Apex Nagar, Pune, Kerala, 855410	India
S2-006729	Services, Pvt Ltd	9 Falcon Cross, Meridian Nagar, Pune, Maharashtra, 178563	IN
S2-006286	Kestrel Brightpath Consultancy and Sons Private Limited	366 Northgate Marg, Near Metro Pillar 42, Summit Nagar, Jaipur, 190098	India
S2-002374	Falcon Maplecrest Services Limited Liability Company	138 Vertex Drive, Apex Park, Austin, IL, 79741	United States
S2-002663	Quarry Apex Company	Vertex Avenue, Tacoma, 83466	USA
S2-000779	Northgate& Sons	205 Vertex Ave, Quarry Park, Tacoma	US
S2-005504	Quaryr Motors	97 Ravenwood Main Brightpath Nagar Jaipur 471424 Gujarat	India
S2-006614	Falcon Lanttern Electricals Private Limited	15 Bluepeak Marg, Thistle Nagar, 997204, Pune	India
S2-001985	Lantern Brightpath Motors Corpoartion	54 Sunstone Boulevard, Lubbock, ALL, 42972	United States
S2-002430	Cobalt Summit Chemicals and Sons Inc	260 Lantern Ave, Ravenwood Park, Akron, OH, 85879	United States
S2-006944	Solutions, Cobalt Sunstone  LLC	205 Thistle Street Clearwater Park Mobile	US
S2-000114	Ravenwood Industries and Sons P Ltd	228 Falcon Mn, Ravenwood Nagar, Pune	India
S2-003533	Maplecrest Motors Pvt Ltd	224 Kestrel Rd Lantern Nagar Indore Kerala 427294	IN
S2-002920	Norhgate Limited	242 Ravenwood Road Lantern Nagar Indore 308137	India
S2-004772	Harbor Consultancy	Opp. Bus Depot, 333 Falcon Street, Ironwood Nagar, Nagpur, Kerala	India
S2-005804	Industries LLC	Near Exit 14 57 Quarry Drive Lubbock	US
S2-006666	Juniper Ironwood Packaging Corporation	326 Ravenwood Road, Redwood Park, Peoria, IL, 29016	United States
S2-008520	Harbor Industriees Pvt Ltd	Opp. Bus Depot 124 Apex Marg Ironwood Nagar Kochi Kerala	India
S2-000103	Vertex & Sons Limited Liability Company	Near Exit 14, 28/67 Summit Boulevard, Ravenwood Park, Tacoma, 49886	United States
S2-002652	Cobalt Logistics Coropration	311 Ironwood Blvd, Akron, 71041	US
S2-007514	Summit Electricals	394 Juniper Marg, Peoria, MP, Goldleaf Nagar	India
S2-001369	Harbor Northgate Logistis	193 Juniper Rd Stonebridge Park Peoria TX	US
S2-007575	Apex, Solutions Company	297 Meridian Ave, Lubbock, AL, 19275	USA
S2-002269	MaplecrestP Ltd	136 Falcon St, Falcon Nagar, Behind Ganesh Temple, Pune, Rajasthan	India
S2-003297	Thistle Falcon Packaigng	283 Onyx Dr Behind the Civic Center Lantern Park Lubbock 34419 OH	US
S2-005619	Summit Packaging & Sons Private Limited	22/28 Ironwood St, Kochi, Maharashtra, 406646, Maplecrest Nagar	IN
S2-002154	Juniper Trading Comppany	123 Lantern Road, Apex Park, Austin, AL, 27265	USA
S2-005861	Clearwater Solutoins Private Limited	Near SBI ATM, Meridian Nagar, Jaipur, 390912, 70 Juniper Crs	IN
S2-000116	Kestrel Ravenwood Trading LLimited	Near Metro Pillar4 2, Kestrel Nagar, Nagpur, Tamil Nadu, 164 Juniper Main	IN
S2-005330	Falcon Electricals LLtd	20/36 Kestrel St, Thistle Nagar, Jaipur	IN
S2-001860	Mridian	17 Falcon Ave, Sunstone Park, Freson	United States
S2-004489	Solutions Pvt Ltd	365 Ravenwood Road, Indore, MP, 652799	IN
S2-008612	Reedwood Fabrics P Ltd	225 Onyx Main, Northgate Nagar, Pune	India
S2-000576	Iroonwood Private Limited	Summit Nagar Jaipur Kerala 3 Clearwater Crs	IN
S2-003188	Northgate Foods Corporation	Opp. City Library, 11 Apex Boulevard, Goldleaf Park, Lubbock, 93946	United States
S2-008611	Redwood Packaging and Sons	221 Brightpath Street, Peori, TX, 26636	US
S2-000970	Cobalt Industries LLC	36/58 Sunstone Rd, Summit Park, Austin, 87355	USA
S2-007850	Clearwater Goldleaf Motors Co	243 Redwood Marg, Vertex Nagar, Mobile	India
S2-004823	Summit Quarry	74 Harbor Blvd,  Sunstone Park, Fresno, 43366	United States
S2-008063	Harbor Textiles Private Limited	129 Goldleaf Marg, Silverline Nagar, 880588, Kochi	IN
S2-009144	Silverline Industries Pvt Ltd	332 Clearwater Main, Apex Nagar, Surat, 883089	IN
S2-006882	Cobaalt Motors Co	Opp. City Library, 188 Quarry Road, Stonebridge Park, Lubbock, WA, 84956	United States
S2-003010	Summit RavenwoodSystems & Sons Corp	210 Northgate St, Opp. City Library, Onyx Park, Mobile, CA, 32571	USA
S2-000530	Silerline Summit	Lantern Street Onyx Park Mobile AL 14203	USA
S2-000822	Thistle Enterprises Corp	48 Silverline Ave, Near Exit 14, Mobile	US
S2-001351	Brightpathh Packaging	Mobile, 81 Apex Avenue	United States
S2-002705	Consultanyc Stonebridge Inc	Behid the Civic Center, 5 Meridian Blvd, Ironwood Park, Tacoma, IL, 50070	USA
S2-001054	Maplecrest, Chemicals Company	38B rightpath Rd, Near Exit 14, Lubbock	USA
S2-001324	Brightpath Textils Limitde	146 Silverline Street, Meridian Nagar, Coimbatore, Tamil Nadu	IN
S2-003171	Maplecres Trading P Ltd	26 Silverline Rd, Near SBI ATM, Cobalt Nagar, Kochi, MP	IN
S2-003306	Falcon Electriicals LLC	19/4 Stonebridge Drive, Quarry Park, Peoria, WA, 84084	United States
S2-000151	Cobalt Logistics Private Limied	156 Stonebridge Street, Opp. Bus Depot, Nagpur, Gujarat, 952939	IN
S2-004910	Summit Chemicals Private  Limited	127 Meridian St Lantern Nagar Indore Rajasthan 362945	India
S2-000897	Ravenwood Limited	18 Thistle Main, Goldleaf Nagar, Indore, Rajasthan, 480790	IN
S2-002064	Northgate Orchid Chemicals Corp	229 Meridian Boulevard Junipper Park 22575 Akron	US
S2-003292	Silverilne Trading Inc	245 Ironwoood Ave Kestrel Park Peoria	US
S2-008133	Maplecrest Redwood Trading Company	34 Juniper St, Stonebridge Park, Akron, OH, 65905	US
S2-001481	Noorthgate Stonebridge Consultancy Private Limited	315 Silverline St, Summit Nagar, Coimbatore, 337370	India
S2-007977	Northgate ackagng	38 Goldleaf Marg ,Behind Ganesh Temple, Vertex Nagar, Pune, Gujarat	IN
S2-005266	Veertex Chemicals Corporaation	145 Juniper Road, Onyx Park, Opp. City Library, Fresno, TX, 26254	USA
S2-008101	Stonebridge Summit Enterprises & Sons Corp	217 Redwood Boulevard, Opp. City Library, Peoria, 98829	US
S2-006032	Ravenwood Motors	Maplecrest Marg Apex Nagar Jaipur Tamil Nadu 607628	India
S2-001877	Falcon Electricals Pvt Ltd	255 Ravenwood Cross, Vertex Nagar, Surat, Tamil Nadu, 383956	India
S2-008640	Raavenwood Packaging	300 Maplecrest Rooad, Peoria, TX	USA
S2-004886	Clearwater Industries Corp	13 Lantern Road, Lantern Park, Peoria, CA, 41494	USA
S2-005699	Goldleaf, Packaging Incorporated	113 Silverline Ave, Opp. City Library, Mobile, Falcon Park	USA
S2-004752	Vertex Packaging Private Limited	101 Merdiian Cross Quarry Nagar Coimbatore	IN
S2-000767	Kestrel	151 Summit St, Behind Ganesh Temple, Pune, 894295	India
S2-008398	Logistics  Redwood Private Lmiited	34 Onyx Street, Silverline Nagar, Surta, Rajasthan, 941522	India
S2-001963	Lantern Electricals Corporation	19 Brightpath Drive, Near Exit 14, Vertex Park, Mobile	US
S2-003124	Quarryy Enterprises Pvt Ltd	348 Thistle Road, Indore, 704343	IN
S2-003774	Onyx Goldleaf Chemicas Ltd	4 Summit Mn Brightpath Nagar Surat	India
S2-001651	Goldleaf CChemcals P Ltd	317 Harbor Marg Falcon Nagar Kochi Rajasthan 252067	India
S2-005391	Summit, Fabrics	280 Brightpath Crs, Coimbatore, Gujarat, 186748	IN
S2-008280	Onyx Consultancy Inc	Northgate Drive, Brighttpath Park, Austin, TX, 73292	US
S2-006521	Lanter nSolutions & Sons Limited	6/65 Quarry Street, Onyx Nagar, Kochi, MP, 360880	IN
S2-001184	Mapplecrest, Goldleaf Services	122 Ravenwood Road, Juniper Park, Behind the Civic Center, Fresno, OH, 77183	USA
S2-001299	Bluepeka	289 Brightpath Street, Meridian Nagar, Opp. Bus Depot, Coimbatore, Maharashtra	IN
S2-005754	Vertex Packaging P Ltd	5 Ironwood Marg, Lantern Nagar, Coimbatore, Gujarat, 673924	IN
S2-007654	Silverline, Textiles	316 Silverline Mn, Near Metro Pillar 42, Silverline Nagar, Kochi, Gujarat, 106240	IN
S2-004413	Brightpath, Packaging	126 Kestrel Rd, Apex Nagar, Surat, Rajasthan, 175833	IN
S2-003831	Onyx Northgatte Induustries Pvt Ltd	246 Northgate Cross, Stonebridge Nagar, Kochi, Maharashtra, 352763	India
S2-000842	Fabrics Juniper Limited	Near Metro Pillar 42, 320 Brightpath Mn, Pune, 478225	IN
S2-006009	Goldleaf Solutions Inc	64 Meridian Road, Onyx Park, Fresno, IL, 31695	USA
S2-008674	Stonebridge	67 Bluepeak Cross, Clearwaater Nagar, Kochi, 670583	IN
S2-005328	Juniper Ironwood Company	28 Falcon Boulevard, Onyx Park, Fresno	United States
S2-008120	Sttonebridge Services Corporation	289 Harbor Blvd Vertex Park Mobile 79507	United States
S2-008721	Ravenwood Textils LLC	88 Lantern Drive, Ravenwood Park, Tacoma, IL	US
S2-005981	VertexI ndustries Corporation	151 Ravenwood Street, Orchid Park, Behind the Civic Center, Fresno, CA, 80760	United States
S2-001461	Kestrel Electricls Corporation	226 Sunstone Rd, Cobalt Park, Lubbock, WA, 33615	US
S2-000107	Sunstone Summit Consultancy PvtLtd	7/1 Maplecrest Cross, Onyx Nagar, Jaipur, Maharashtra, 116519	IN
S2-004436	Thistle Soltionns Company	220 Lantern Avenue, Maplecrest Park, Lubbock, TX, 56138	United States
S2-000746	Brightpath LLC	371 Coballt Road, Harbor Park, Tacoma	US
S2-005130	Clearwater Logistics Co	Redwood Blvd, Austin, AL, 74998	USA
S2-009319	Suummit Chemicals Corporation	287 Onyx Avenue, Peoria, OH, 53571	US
S2-006776	Harbor Motors & Sons	30 Ironwood Blvd, Vertex Park, Mobile, AL	USA
S2-005021	Sunstnoe, Juniper Services Incorporaed	276 Onyx Boulevard Stonebridge Park Akron TX 98522	USA
S2-003205	Summit Harbor hCemicals	Quarry Street, Thistle Park, Tacoma, AL, 35856	United States
S2-008759	Smmit Foods Incorporated	190I ronwood Ave Peoria	US
S2-006560	Stonebridge Electricals Incorporated	Near Exit 14 354 Onyx Avenue Falcon Park Fresno 65634	United States
S2-001656	Orchid Chemcials	39 Onyx St, Stonebridge Park, Akron, CA, 26357	United States
S2-009132	Godleaf Trading Limited	20 Stonebridge Road, Apex Park, Peoria, AL, 21575	IN
S2-007169	Orchid Motors Corp	310 Cobalt Boulevard, Maplercest Park, Austin, AL	USA
S2-004720	Ravenwood Quarry Services Limited	319 Juniper Marg, Near Metro Pillar 42, Orchid Nagar, Surat	India
S2-002036	Ravenwood Packaging	74 Ravenwood St, Meridian Park, Mobile, IL	USA
S2-002159	Ironwood Enterprises andSons	231 Meridian Road, Tacoma, CA, 72796	US
S2-002048	Packaging Clearwwater Limited	353 Cobalt Road, Thistle Nagar, Pune, Kerala	India
S2-000301	Juniper Northgate & Sons Corp	116 Harbor Drive, Tacoma, CA, 28098	US
S2-008206	Quarry Fabrics Private Limited	Opp. Bus Depot, 374 Brightpath Street, Sunstone Nagar, Surat	India
S2-001473	Redwood Traidng Incorporated	74 Apex Dr, Clearwater Park, Austin, CA, 37744	USA
S2-003908	Brightpath Services LLC	5 Ravenwood Ave, Northgate Park, Mobile, AL	United States
S2-006097	Chemicals Orchid and Sons Ltd	285 Orchid Marg, Clearwater Nagar, Coimbatore, Rajasthan, 300875	India
S2-001628	Kestrle Chemicals	217 Bluepeak Rd, Falcon Nagar, Coimbatore, 468062	India
S2-002192	Lantern Pvt Ltd	Onyx Main Ravenwood Nagar Surat MP 845297	IN
S2-005232	Ravnewood, Lantern Enterprises Pvt Ltd	4/35 Redwood Marg Northgate Nagar Behind Ganesh Temple Jaipur 346966	India
S2-007475	Apex Fabrics Pvt td	Orchid Crs, Onyx Nagar, Jaipur, 988407	IN
S2-004406	Lanterrn Services Limited	188 Maplecrest Cross, Near Metro Pillar 42, Pune	India
S2-002921	Apex lEectricals P Ltd	77 Meridian Street, Ravenwood Nagar, Indore, Rajasthan	India
S2-000557	Meridian Onyx Services Corporation	19 Ironwood Road Brightpath Park Lubbock IL	US
S2-001583	Redwood Fabrics Lmited	150 Ironwood Road, Apex Nagar, Pune, MP	IN
S2-003486	Falcon Solutions Company	17/19 Quarry Street Maplecrest Park Tacoma 73059	USA
S2-002294	Silverline Sunstone Foods Lmiited Liability Company	120 Ironwood Blvd, Bluepeak Park, Austin, TX, 80607	United States
S2-007700	Brightpath Foods Limited Liability Company	48 Clearwater Mn, Goldleaf Nagar, Kochi, Maahrashtra, 291799	United States
S2-000633	Summit Falcon Fabrics and Sons	190 Harbor Drive Falcon Park Lubbock 87578	United States
S2-002886	Quarry Electricals Company	224 Lantern Dr, Maplecrest Park, Mobile, IL, 72813	US
S2-002958	Goldleaf Privte Limited	154 Goldleaf Road, Lanter nNagar, Nagpur, 894847	IN
S2-008645	Northgate Packaging	93 Northgate Avenue, Peoria, 61255	USA
S2-003649	Kestrel Kestrel Foods P Ltd	Behind Ganesh Temple, 224 Ravenwood St, Coimbatore, Rajasthan, 765204	IN
S2-006359	Falcon Limited	13 Quarry Street, Cobalt Nagar, Pune, 253767	India
S2-007714	Goldleaf Liimited	391 Thistle Main, Northgate Nagar, Pune, MP, 355201	IN
S2-002126	Bluepeak Textiles an dSons Private Limited	Nearr SBI ATM, 166 Lantern Cross, Surat	India
S2-006601	Lnatern Private Limited	Northgate Road, Thistle Nagar, Kochi, Kerala	IN
S2-007633	Quarry iSlverline Motors Private Limited	161 Brightpath Crs, Harbor Nagar, Surat, Maharashtra	IN
S2-006817	Northgatee, Stonebridge PL td	295 Lantern Crs, Falcon Nagar, Opp. Bus Depot, Coimbatore, Tamil Nadu, 118068	IN
S2-003921	Juniper Enterprises & Sons Limmited	61 Onyx Marg, Apex Nagar, Coimbatore, 866401	India
S2-006239	Ironwood Consultancy Inc	34/37 Maplecrest Rd Thistle Park Fresno TX 88595	United States
S2-002952	Ravenwood Stonebridge Consultancy Corporation	74 Ironwood St, Sunstone Park, Fresno, 98407	US
S2-005225	Redwwood Onyx Services Company	Behind the Civic Center, 37/75 Redwood Boulevard, Stonebridge Park, Lubbock, 19135	USA
S2-003586	Summit, Cobalt Fabrics Corp	365 Thistle St, Quarry Park, Mobile, CA, 95510	US
S2-008573	Lantern, Electricals and Sons Corporatiion	12/24 Ironwood Crs, Near Metro Pillar 42, Orchid Nagar, Kochi, Tamil Nadu, 702688	United States
S2-006212	Ravenwood Corporation	68 Thistle Dr, Peoria, WA, 82615	USA
S2-003529	Orchid Logistics LLC	Apex St, Near Exit 14, Mobile, OH	United States
S2-003142	Vertex, Mootrs Co	269 Onyx Dr Brightpath Park Mobile CA 63041	USA
S2-007765	Hrbor Solutions PL td	Orchid Ave ,Goldleaf Park, Pune, TX	United States
S2-001684	Thistle and Sons Limmited	238 Sunstone Rd, Opp. Bus Depot, 278579, Coimbatore	India
S2-001381	Cleawater Trading & Sons Private Limited	26/88 Apex Mn Surat Gujarat 808412	India
S2-002874	Onyx, Motors	364 Onyx Marg, Maplecrest Nagar, Coimbatore, Rajasthan, 655936	IN
S2-001853	Redwood, Orchid Enterprises Limited Liability Company	396 Falcon  Blvd, Northgate Park, Behind the Civic Center, Fresno, 16149	United States
S2-003889	Maplecrest Services Company	97 Clearwater Drive Redwood Park Peorai 94679	United States
S2-003885	Northgate Services Corporation	64 Ravenwood Boulevard Summit Park Peoria 95036	US
S2-008399	Harbor Coblt Enterprises Corp	343 Maplecrest St, Goldleaf Park, Mobile, IL, 89233	USA
S2-000165	Stonebridge EElectricals P Ltd	212 pex Marg, Near SBI ATM, Indore, Kerala	India
S2-002361	Enterprises Meridian Falcon and Sons Limited	19 Ironwood Main, Vertex Nagar, Kochi, Kerala	IN
S2-000091	Meridian oSlutions Company	186 Juniper Boulevard, Akron, 89732	USA
S2-003947	Onyx, lEectricals Pvt Ltd	113 Clearwater Marg, Northgate Nagar, Pune	IN
S2-001388	Sunstone Enterprises Limited Liability Company	212 Sunstone St, Goldleaf Park, Mobiel	USA
S2-007002	Onyx Sivlerline Corp	244 Clearwater St, Thistle Park, Mobile, OH, 95735	US
S2-001255	Summit Consultany and Sons P Ltd	207 Apex St, Orchid Nagar, Indore, MP, 499919	IN
S2-002339	Thistle Trading	Behind the Civic Center, 185 Thistle Blvd, Ravenwood Park, Mobile, OH, 92885	United States
S2-004393	Lanternn Corp	Opp. City Library, 365 Kestrel St, Goldleaf Park, Peoria, WA, 33753	US
S2-001409	Vertex P Ltd	16 5Orchid Crs, Pune, 860354	IN
S2-003095	Harbo rFoods	Northgate Road, Coimbatore, 813332	IN
S2-005034	Orchdi Enterprises Brrightpath Inc	164 Falcon Road, Apex Park, Peoria, CA	US
S2-002327	Brightpath Company	44 Meridian Bld Fresno AL 28033	US
S2-006731	Summit Consutlancy Private Limited	332 Brightpath Cross, Ironwood Nagar, Indore	IN
S2-000856	Kesrtel Redwood and Sons	278 Goldleaf Dr Redwood Park Peoria	United States
S2-007811	Silveerline Company	109 Thistle St, Orchid Park, Mobile, OH, 20450	United States
S2-005002	Falcon TradingL LC	12 Northgate Rd Akron OH	US
S2-002673	Jnuuiper P Ltd	50 Clearwater Marg, Stonebridg Nagar, Pune	India
S2-008448	Vertex Golldleaf Solutions	396 Summit Mn, Orchid Nagar, Pune, Maharashtra, 276210	India
S2-004432	Harbor Cobalt Ltd	251 Kestrel St, Ironwood Nagar, Surat	IN
S2-006667	Apex Systems Incorporated	228 Summit Ave, Cobalt Park, Lubbock	US
S2-008054	Apex Ltd	Behind Ganesh Temple, 239 Meridian Main, Brightpath Nagar, Jaipur, MP, 947756	IN
S2-007595	Orchid Mtors Private Limited	72 Thistl Street, Nagpur, Gujarat, 602986	India
S2-007602	Lantern Loistics Private Limited	340 Verte Avenue, Jaipur, OH	US
S2-005073	Redwoodd Industries	1 Ravenwood Street, Silverline Park, Peoria, 22777	US
S2-001425	Thiste	36 Juniper Rd, Stonebridge Park, Akron, AL, 75630	USA
S2-004860	Ravenwod Systems & Sons Co	64 Cobalt Drive Ironwood Park Austin IL	US
S2-008598	Harbor Clearwater Packaging	161 Silverline Cross, Fresno, Maharashtra, 608785	India
S2-005752	Lanetrn Foods Inc	46 Kestrel Avenue Ravenwood Park Fresno TX	US
S2-002373	Orchid, Motors Company	233 Ravenwood Rd, Fresno	USA
S2-007803	Clearwater Enterprises Limited	246 Stonebridge Road, Near Exit 14, Falcon Park, Jaipur, CA, 61026	United States
S2-004053	Aex	236 Sunstone Street Nagpur Kerala 391342 Northgate Nagar	IN
S2-003013	Vertex Pvt Ltd	304 Summit Marg, Near Metro Pillar 42, Jaipur, 215922	IN
S2-006924	Kestrel Enterprises Ltd	33 Ironwood St, Brightpath Nagar, Coimbatore, MP, 874102	IN
S2-008065	Summit Foods LLC	114 Onyx Blvd, Redwood Park, Akron, AL	USA
S2-004981	Onyx, Logistics Privatte Limited	Near Metro Pillar 42, 25/61 Harbor Crs, Surat, 904853, Tamil Nadu	India
S2-007435	Thistle Cobalt Solutions Inc	4/46 Vertex Road, Akron, TX, 51245	US
S2-002051	Junper Packaging Private Limited	Opp. Bus Depot, 73 Vertex Cross, Brightpath Nagar, Surat, Rajasthan, 156176	IN
S2-006692	Services, Redwood Ironwood Co	353 Orchid Ave, Bluepeak Park, Akron, WA, 99300	USA
S2-003059	Onyx, Foods Ltd	20/29 Falcon Main, Northgate Nagar, Surat, 246411	IN
S2-005743	Fabrcis	340 Meridian Road, Bluepeak Park, Lubbock, 77875	USA
S2-005574	Redwood Services & Sons Inc	Summit Road, Near Exit 14, Juniper Park, Tacoma	United States
S2-001450	Quarry Solutions Company	366 Apex Street, Juniper Park, Mobile, OH, 61941	US
S2-001681	Orchid Systems Incorporated	260 Harbor Dr, Near Exit 14, Austin, 74590	USA
S2-007517	Reedwoo, dFoods LLC	131 Apex Ave, Behind the Civic Center, Ironwood Park, Lubbock, 82610	US
S2-002389	Falco Enterprises Corp	53 Stonebridge Blvd, Bluepeak Park, Austin, WA	USA
S2-006809	Ravenwood Vertex Trading adn Sons Limited	15/38 Apex Main, Vertex Nagar, Indore, Maharashtra	IN
S2-001763	Falco Electricals Goldleaf	317 Summit Drive, Meridian Park, Behind the Civic Center, Akron	United States
S2-001465	Silverline Summit & Sons Ltd	89 Juniper Crs, Thistle Nagar, 914905, Indore	India
S2-000196	Maplecrest, Motors and Sons Limited Liaility Company	6 Goldleaf Dr, Harbor Park, Opp. City Library, Fresno, 97688	US
S2-008051	Lantern Tradign Pvt Ltd	Near Metro Pillar 42, 25 1Quarry Mn, Thistle Nagar, Surat, Gujarat, 431950	India
S2-001108	Meridian, Trading Private Limited	280 Goldleaf Rd, Ironwood Nagar, Coimbatore, Kerala, 781650	IN
S2-006832	Quarry Fabrcs Ltd	289 Bluepeak Rd, Redwood Nagar, Kochi	IN
S2-009345	Quarry Foods & Sons LLC	281 Goldleaf Rd, Redwood Nagar, Mobile, Maharashtra	IN
S2-003393	Goldleaf Meriidan Consultancy Private Limited	68 Cobalt Crs, Quarry Nagar, Kochi, 691988	India
S2-008641	Cobalt Bluepeak Textiles Private Limited	1199 Redwood Crs, Northgate Nagar, Indore, 420625	India
S2-005962	Ironwood Sunstone Indusrties Ltd	Goldleaf Main, Surat, Tamil Nadu	IN
S2-008238	Thisttle	102 Maplecrest Ave, Ironwood Park, Mobile, Behind the Civic Center	USA
S2-000764	Clearwater Enterprsies	61 Summit St, Tacoma, AL, 99849	US
S2-008811	Apex, Systems	354 Falcon Blvd, Austin, CA, 30312, Clearwater Park	IN
S2-003422	Ravenwood Limited	12/71 Quarry Main Meridian Nagar Jaipur Tamil Nadu 208035	IN
S2-006023	Orchid Electricals Private iLmited	Opp. Bus Depot, 31 4Ironwood Road, Northgate Nagar, Indore, Gujarat	IN
S2-005575	Ironwood Northgat eand Sons	Behind Ganesh Temple, 46 Meridian St, Thistle Nagar, Pune, MP, 482225	IN
S2-007209	Maplecrest Logistics P Ltd	389 Northgate Marg, Summit Nagar, Pune, 351004	IN
S2-003592	Orchid rowood	46 Vertex Mn, Orchid Nagar, Pune, MP	IN
S2-005151	Meridian Trading Limited Liability Company	57 Clearwater Avenue, Quarry Park, Akron, WA	United States
S2-000338	Juniper Pacakging Inc	287 Redwood Ave, Apex Park, Tacoma	USA
S2-002401	Harbor Industries& Sons	Vertex Road, Harbor Park, Akron, 52241	USA
S2-009069	Lantern Electricals	12 Summit Crs, Juniper Nagar, Kochi, Kerala, 317657	India
S2-005343	Harborr Northgate Foods Pvt Ltd	130 Redwood St Coimabtore MP 667759	IN
S2-005595	Summit Industries Corp	Apex Street, Northgate Park, Tacoma, TX, 95184	US
S2-001984	MeirdianF oods Inc	268 Cobalt Ave, Ravenwood Park, Akron, OH	United States
S2-007689	Textiles, Thistle & Sons Inc	32 Quarry Dr, Thistle Park, Fresno, IL, 14704	USA
S2-004664	Redwood Chemicals	264 Ironwood Street, Mobile	United States
S2-007827	Cobalt Northgate Motors & Sons Limited Liability Company	53 Brightpath Boulevard Orchid Park Fresno	USA
S2-008836	Chhemicals Pvt Ltd	25/58 Goldleaf Rd, Ironwood Nagar, Opp. Bus Depot, Surat, Gujarat, 892281	India
S2-006897	Lantern Solutions Limited Liability Company	345 Vertex Blvd, Behind the Civic Center, Meridian Park, Tacoma, 23497	United States
S2-000221	Apex Consultancy & Sons Ltd	346 Brightpath Street, Apex Nagar, Jaipur, Tamil Nadu	India
S2-004625	Onyx, Kestrel Inndustries	Silverline Drive, Onyx Park, Tacoma, 10555	US
S2-005659	Meridian, Packaging	39/11 Juniper Crs, Ironwood Nagar, Indore	IN
S2-006067	Clearwater Privaet Limited	57 Sunstone Rd Quarry Nagar Nagpur	IN
S2-005656	Kestrel Consultancy & Son Limited	12/3 Apex Street, Sunstone Nagar, Kochi	India
S2-009073	Redwood Foods Private Limited	Northgate Boulevard, Ravenwood Park, Indore, 99509	US
S2-008415	Lantern Chemicals Company	260 Stonebrigde Cross, MP, Surat	US
S2-004020	Ironwood Corrporation	341 Summit Drive, Near Exit 14, Austin	United States
S2-002369	Meridian Brightpath Foods Limited Liability Company	90 Orchid Boulevard, Lubock, TX, 41147	United States
S2-002485	Cobbalt Incorporated	19 Onyx Ave, Sunsone Park, Tacoma, CA, 15466	USA
S2-000491	Thistle Services and onss Limited	61 Harbor Rd, Apex Nagar, Jaipur, Tamil Nadu, 258800	IN
S2-004311	Sillverline Limited	Vertex Crs, Thistle Nagar, Opp. Bus Depot, Kochi	IN
S2-008166	Apex Loigstics Privtae Limited	Opp. Bus Depot, 307 Bluepeak Rd, Coimbatore, Kerala, 627481	IN
S2-000763	Clearwater Co	304 Vertex Avenue Brightpath Park Tacoma IL	US
S2-001920	Harbor Service sLimited	Pune, 306 Quarry Crs	IN
S2-009258	Coblat Brightpath Chemicals Limited	102 Orchid Rd, Surat, Kerala	IN
S2-005992	Maplecrest Cobalt Foods Inc	57 Quarry Road, Maplecrest Park, Mobile, 75996	USA
S2-002724	Juniper Elcetricals P Ltd	180 Onyx Rd, Brightpaath Nagar, Kochi, 690034	IN
S2-006374	Kesstrel Maplecrest and Sons	4 Harbor Cross, Cobalt Nagar, Coimbatore, 912741	India
S2-007623	Brightpath Foodsa nd Sons Private Limited	Onyx Crs, Vertex Nagar, Jaipur, Gujarat, 164416	IN
S2-008596	Ironwood Consultancy Pvt Ltd	220 Summit Road, Goldleaf Nagar Coimbatore, Maharashtra, 258763	India
S2-001218	RavenwoodP Ltd	Onyx Street, Lantern Nagar, Behind Ganesh Temple, Jaipur, Rajasthan, 819243	India
S2-004893	Ironwood Consultancy LLC	Northgate St, Clearwater Park, Mobile, OH	USA
S2-004870	Maplecrest Trading Private Limited	125 Onyx Street, Summit Nagar, Coimbatore, Kerala, 403882	IN
S2-002577	Juniper Enterprises Co	78 KestrelBlvd, Goldleaf Park, Tacoma	US
S2-007785	Stonebridge, Quarry Services	Ironwood Road, Brightpath Park, Mobile, 16505	United States
S2-005080	Summit Textiles	299 Clearwater Boulevard, Quarry Park, Peoria, CA, 24376	US
S2-002458	Ironwood, Quarry Trading Limited Libility ompany	Falcon Dr, Mobile	US
S2-005665	Harbor Pakaging Inc	384 Falcon Blvd Kestrel Park Mobile	United States
S2-006399	Onyx Loistics Incorporated	299 Juniper Avenue, Orchid Park, Mobile	United States
S2-000046	Kestrel Consultancy Private Limited	215 Harbor Crs, Indore, 236579	IN
S2-007176	Packaging Private Limited	58 Clearwatre Street, Summit Nagar, Pune	IN
S2-001196	Orchid Consultancy Pvt Ltd	200 Quarry Street, Behind Ganesh Temple, Kochi, 145183	India
S2-009270	Silverline Motors Ltd	308 Silverline Dr, Orchid Park, Kochi, WA, 37597	USA
S2-000857	Sunstone, LLC	370 Maplecrest Blvd Sunstone Park Lubbock IL 10904	USA
S2-000962	Silverline	187 Ironwood St, Lubbock, WA	US
S2-008543	Maplecrets Consultancy Ltd	141 Cobalt Cross, Bluepeak Nagar, Nagpur, 886519	India
S2-003660	Clearwater Elctricals Company	Thistle Dr, Peoia, IL, 75100	US
S2-003273	Apex Textiles	103 Ravenwood St, Onyx Nagar, Indore, Rajasthan	IN
S2-002475	Ravenwood Inc	235 Kestrel Rd, Goldleaf Park, Lubbock, 85690	USA
S2-007780	Vertex, Motors && Sons Inc	Maplecrest Rd Stonebridge Park Mobile AL 42046	US
S2-008728	Maplecrest Logistics Co	Cobalt Cross, Bluepeak Nagar, Near SBI ATM, 793902, Lubbock	IN
S2-002015	MaplecrestServices Corp	27 Apex Road, Opp. City Library, Akron, TX, 33064	US
S2-006862	Goldlea, Inc	161 Bluepeak Boulevard, Meridian Park, Austin, TX, 29487	United States
S2-005441	Silverline, Packaging Pvt Ltd	255 Redwood Rd, Near Metro Pillar 42, Kochi, Maharashtra, 557604	IN
S2-003290	Onyx Consultancy Ltd	225 Juniper Main, Ironwood Nagar, Nagpur, Gujarat, 591326	India
S2-002201	Brightpath Trading	Nera SBI ATM, 128 Cobalt Cross, Apex Nagar, Surat, 107116	IN
S2-008216	Consultancy Quarry Pvt Ltd	Goldleaf Dr, Ironwood Park, Behind the Civic Center, Jaipur, IL	United States
S2-008548	Kestrel Chemicals Company	343 Summit Rd, Fresno, OH, 30835	US
S2-008571	Apex, Fabric Pvt Ltd	300 Ravenwood St, Redwood Nagar,  Coimbatore, Maharashtra	India
S2-005184	Kestrel Enterprises	106 Stonebridge Av,e Brightpath Park, Peoria, WA, 36814	United States
S2-004780	Onyx Chemicals and Sons Pvt Ltd	148 Apex St, 518317, Kochi	India
S2-006467	Vertex ConsultancyPrivate Limited	212 Lantern Mn Thistle Nagar Behind Ganesh Temple Nagpur Rajasthan 285371	India
S2-002320	Brigghtptah Inc	5 Sunstone Road, Brightpath Park, Mobile, WA, 67959	USA
S2-002155	Meridian Systems Corp	126 Kestrel Ave,, Summit Park, Austin	USA
S2-004101	Smumit	351 Bluepeak St, Brightpath Nagar, Indore, Maharashtra	IN
S2-002428	Stonebridge Packaaging LLC	314 Silverline Street, Harbor Park, Lubbock, WA, 41661	USA
S2-001533	Raveenwood, Enterprises Privaate Limited	16/70 Apex Rd, Onyx Nagar, Indre, Kerala, 198547	India
S2-007743	Onyx Motors Limitd	225 Maplecrest Dr, Kestrel Park, Nagpur, IL, 89860	USA
S2-006850	Summit Privaet Limited	Pune Silverline Marg	IN
S2-007587	Brightpath Logistics rivate Limited	25 Thistle Main, Merdiian Nagar, Kochi, MP, 636834	IN
S2-004170	Quarry Packaging Liimited	Near SBI ATM 22 Quarry Crs Ironwood Nagar Jaipur	IN
S2-006283	Orchid Foods Quarry Innc	351 Lantern Boulevard, Clearwater Park, Lubbock, TX, 45233	US
S2-008006	Bluepeak Private Limited	17/34 Northgate Crs, Orchid Nagar, Coimbatore, Rajasthan	IN
S2-003266	Redwood Harbor Packaging Private Limited	Opp. Bus Depot, Onyx Rd, Nagpur, Kerala, 635802	IN
S2-004976	Redwood Foods Private Limited	17/79 Onyx Marg Sunstone Nagar Indore Maharashtra 620866	India
S2-000226	Services unstoone	279 Silverline Road, Falcon Nagar, Maharashtra, Coimbatore	India
S2-008972	Orcchid Brightpath Motors P Ltd	280 Vertex Dr, Opp. City Library, Silverline Park, Fresno, 10663	India
S2-002694	Sunstone Systems & Sons Limited	130 Lantern Cross, Surat	IN
S2-004386	Kesrel Falcon Inc	Near Exit 14, 349 Ravenwod Ave, Harbor Park, Tacoma, 23626	US
S2-004725	Trading	42 Ironwood Cross, Stonebridge Nagar, Kochi	India
S2-003440	Stonebridge Consultancy Incorporated	133 Orchid Rd, Apex Park, Lubbock, 20130	US
S2-002304	Thistle Logistics Limited Laibility Company	Near Exit 14, 353 Northgate Rd, Ironwood Park, Peoria, 28581	US
S2-004728	Nrthgate Private Limited	157 Redwood St Falcon Nagar Coimbatore Tamil Nadu	IN
S2-007224	Bluepea Solutions & Sons P Ltd	5/3 Thistle Dr, Orchid Park, Indore, IL, 35093	US
S2-008375	Meridian Orchid Foods Inc	156 Redwood Road, Northgate Park, Mobile, OH, 30769	United States
S2-006091	Orchid LLC	3 Juniper Drive, CA, Lubbock	United States
S2-003860	Flacon Industries LLC	Akron, 52609, 246 Stonebridge Drive	United States
S2-005072	Onyx Co	222 Goldleaf Blvd, Opp. City Library, Silverline Park, Mobile	US
S2-008816	Orchid Juniper Logistics Pvt Ltd	32 Harbor Road, Near Metro Pillar 42, Nagpur, Gujarat, 185226	IN
S2-004031	Junipper Trading	15/6 Quarry St, Surat, 318234	India
S2-001715	Meridian, Electricals LLLC	196 Lantern Ave, Maplecrest Park, Tacoma, OH, 92384	United States
S2-004963	Thistle Enterprises Co	Near Exit 14, 357 Redwood Dr, Ravewood Park, Tacoma, CA	USA
S2-002729	Silverlnie	107 Redwood Boulevard, Ironwood Park, Near Exit 14, Peoria, WA, 67229	USA
S2-002554	Maplecrest Summit Fabrics LLLC	278 Quarry Blvd Summit Park Austin	USA
S2-008875	Goldleaf IIInc	23/23 Lantern Avenue, Cobalt Park, Fresno, CA, 80240	United States
S2-007940	Clearwater Lantern	4/7 Summit Marg Quarry Nagar Mobile	India
S2-002053	Texttiles Onyx Corp	Clearwater Rd, Maplecrest Park, Fresno, AL, 30312	United States
S2-008655	Brightpath Ltd	154 Sunstone Road, Brightpath Nagar, Nagpur, 821106	India
S2-003758	Harbor Enterprises	209 Harbor St, Opp. Bus Depot, Brightpath Nagar, Jaipur, 544695	IN
S2-001983	Sunstone Services LLC	191 Clearwater Ave, Mobile, 78307	United States
S2-005201	Clearwater Consultancy & Sons Co	149 Summit Dr, Ironwood Park, Opp. City Library, Lubbock, IL	US
S2-004939	Mapelcrest Industries Inc	103 Juniper St, Ravenwood Park, Fresno, IL, 93602	United States
S2-008531	Harbor FoodsCorporation	33/13 Maplecrest Street, Lubbock, OH, Silverlline Park	USA
S2-005690	Systems Limied	163 Vertex Street, Sunstone Nagar, Nagpur, 728181	IN
S2-006289	Onyx Electricals PPrivate Limited	3 Orchid Marg, Vertex Nagar, Pune, Rajasthan, 218122	India
S2-003906	Electricals, SilverlinePrivate Limited	Thistle Marg, Brightpath Nagar, Pune, Gujarat, 609265	IN
S2-006221	Thistle Company	37 Cobalt Avenue, Opp. City Library, Fresno, Vertex Park	US
S2-006183	Maplecrest Consultancy Inc	123 Redwood Avenue, Juniper Park, Akron	United States
S2-007035	Apex Industries Ptv Ltd	18 Silverline Rd Coimbatore	India
S2-001147	Goldleaf Kesrtel Co	Apex Avenue, Brightpath Park, Austin, TX, 89237	US
S2-001239	Cobalt Services Inc	388 Redwood Street Akron CA 61229	US
S2-008365	Coalt Enterprises Pvt Ltd	223 Thistle Marg, Clearwater Nagar, Opp. Bus Depot, Pune, Maharashtra	India
S2-004001	Solutions Juniper	60 Ravenwood Mn, Cobalt Nagar, Nagpur, Rajasthan, 732611	India
S2-005192	Brighhtpath, Textiles LLC	270 Apex Road, Mobile, CA, 99564	United States
S2-000515	Quarr yMeridiann P Ltd	23/85 Thistle Rd Cobalt Nagar Indore Kerala 313153	IN
S2-003710	Cobbalt Chemicals	Juniper Marg, Onyx Nagar, Jaipur, 972837	India
S2-005430	Northgate Foods and Sons Private Limited	14 Ironwood Crs, Maplecrest Nagar, Indore, 447905	IN
S2-006737	Silvelrine	339 Quarry Drive, Clearwater Park, Austin, 42637	US
S2-006655	Sunstone, Fabrics Corporation	2 Lantern Blvd, Orchid Park, Fresno, CA	USA
S2-002548	Silverline Chemicals Ltd	Juniper Marg, Redwood Nagar, Coimbatore, Rajasthan, 495032	India
S2-003026	Kestel Ravenwood Trading & Sons Company	330 Summit Ave, Goldleaf Park, Akron, AL	USA
S2-006885	Harbor Services Corp	384 Falcon Street, Clearwater Park, Lubbock	USA
S2-000489	Cobalt Fabrics Company	358 Harbor Drive, Austin, CA	US
S2-008219	Kestrel Inc	204 Apex Dr, Kestrel Park, Austin, 15624	USA
S2-003231	Onyx IndustriesR edwood Limited	251 Maplecrest Cross, Indore, Kerala	India
S2-003358	Onyx	196 Maplecrest Mn, Kestrel Nagar, Surat, 794980	IN
S2-007132	Ravenwood Fabrics	395 Redwood St, Ravenwood Park, Lubbock, WA	United States
S2-000428	Sunstone Enterprises Private Limited	30/35 Redwood St Near Metro Pillar 42 Redwood Nagar Surat MP 512448	India
S2-002501	Lantern Harbor Electrical Ltd	302 Lantern Cross, Stonebridge Nagar, Surat	India
S2-006987	Industries  Lantern Ltd	131 Lantern Crs, Near SBI ATM, Coimbator, 924216	India
S2-004619	Ravenwood hCemicals and Sons	93 Brightpath Main, Northgate Nagar, Pune, Gujarat, 985814	IN
S2-000109	Stonebridge Company	363 Redwood St, Cobalt Park, Akron	United States
S2-006988	Fabrics Thistle Onyx Private Limited	318 Clearwater Dr, Indore	US
S2-001355	Summit Packaging Limited Liabbility Company	68 Sunstone Road, Behind the Civic Center, Juniper Park, Lubbock, WA	United States
S2-007364	Northgate Chemicals Inorporated	Northgate Boulevard, Quarry Park, Fresno, TX, 33854	US
S2-004191	Qaurry	1/36 Apex Dr, Vertex Park, Akron, AAL, 11107	United States
S2-007076	Cobalt Fabrics Inc	142 Summit St, Near Exit 14, Goldleaf Park, Mobile, WA, 80544	USA
S2-008157	Cobalt Logistics Private Limited	41 Redwood Avenue Pune 73220	United States
S2-002241	Meridian Trading Limited	Sunstone St, Ochid Nagar, Coimbatore	IN
S2-008911	Summit Ltd	52 Bluuepeak Cross, Quarry Nagar, Pune	IN
S2-002845	Vertex, Packagging	68 Falcon Avenue, Kestrel Park, Akron, WA	US
S2-000738	Kestrel Consultany Private Limited	Behind Ganesh Temple, 324 Ravenwood Cross, Ravenwood Nagar, Jaipur, Kerala, 198248	IN
S2-006902	Falcn & Sons	46 Meridian Boulevard Clearwater Park Austin TX	US
S2-002417	Falcon Stoneridge Trading Limited	50 Goldleaf Mn Sunstone Nagar Pune	India
S2-001664	Orchid Foods Ltd	75 Kestrel Marg, Harbor Nagar, Jaipur, 269512	IN
S2-007410	Ironwoo dMoors Private Limited	38 Ravenwood Blvd, Indore, OH, 63258	US
S2-000975	Bluepeak Motors Private Limited	Opp. Bus Depot, 284 Ironwood Main, Surat	India
S2-004589	Sunstone Packaging	272 Maplecrest Cross, Goldleaf Nagar, Coimbatore, MP, 459327	IN
S2-003000	Quarry Enterprises Corp	339 Onyx Blvd, Lubbock, AL, 58751	United States
S2-003523	Silverlinne Solutions & Sons	263 Sunstone Bouleevard, Redwood Park, Austin, OH	USA
S2-000110	Stonebridgge Co	366 Goldleaf Rd, Mobile, WA	USA
S2-001516	Lantern Logistics Inncorporated	44 Harbor St Onyx Park Akron TX	US
S2-000270	Orchid Sotnebridge Foods	Near SBI ATM, 116 Ravenwood St, Meridian Nagar, Coimbatore, 166670	IN
S2-000824	Ravenwood	249 Orchid Avenue, Fresno, TX, 25868	United States
S2-007326	Onyx Harbor LLC	181 Summit Road Falcon Park Peoria AL 17268	United States
S2-001484	Textiles Brightpath Falcon iLmited	138 Lantern Street, Ironwood Nagar, Kochi, Rajasthan, 365180	India
S2-001528	Goldleaf	33/85 Redwood Mn Harbor Nagar Pune Tamil Nadu 348658	IN
S2-001073	Onyx Pt Ltd	321 Thistle Crs, Harbor Nagar, Pune, Maharashtra, 251340	IN
S2-001769	Lantern Consultancy Private Limited	Pune, 179 Harbor St	IN
S2-001862	Goldleaf Motros Pvt Ltd	220 Meridian Marg, Bluepeak Nagar, Kochi, Gujarat, 762528	IN
S2-002084	Clearwater Private Limited	296 Harbor St Northgate Nagar Pune Gujarat 757556	India
S2-004287	Sunstone Electricals P Ltd	350 Summit Marg, Falcon Nagar, Jaipur, Tamil Nadu, 652886	IN
S2-000238	Juniper Chemiclas Private Limited	195 Northgate Crs, Behind Ganesh Temple, Vertex Nagar, Coimbatore, 716331	IN
S2-007400	Bluepeak Packaging Private Limited	353 Falcon Cross, Harbor Nagar, Surat, Tamil Nadu	IN
S2-004630	Birghtpath Logistic sLLC	Apex Avenue, Kestrel Park, Mobile, AL, 22996	US
S2-007673	GoldleafS ervices P Ltd	312 Cobalt Drive, Meridian Park, Mobile, WA, 84475	India
S2-002615	Cobalt Foods Limited	333 Maplecrest Crs, Behind Ganesh Temple, Kestrel Nagar, Pune, 661802	India
S2-005863	Clearwater Private Limietd	70 Juniper Cross, Near SBI ATM, Meridian Nagar, Jaipur, 390912	India
S2-007009	Falcon Logistics & Sons Private Lmited	Near SBI ATM 157 Cobalt Crs Goldleaf Nagar Nagpur 673633	IN
S2-006501	Quarry Stonebridge Packaging and Sons LLC	186 Summit St, Lubbock, 79273	USA
S2-005243	Ravenwood ervices Private Limited	Stonebridge Marg, Onyx Nagar, Jaipur, 474429	India
S2-008920	Orchi Keestrel Company	309 Orchid Blvd Mobile IL 15609	USA
S2-006039	Vertex Siverline P Ltd	23/86 Summit Cross, Near Metro Pillar 42, Goldleaf Nagar, Pune, Tamil Nadu, 637772	India
S2-000652	Falcon Enterprises & SonsL imited	252 Apex Main, Brightpath Nagar, Coimbatore, Rajasthan	IN
S2-000872	Redwood, Systems Thistle Private Limited	140 Vertex Marg, Sunstone Nagar, Nagpur, Gujarat, 470401	India
S2-008080	Sunstone Enterprises P Ltd	380 Northgate Road Clearwater Nagar Kochi Tamil Nadu 205825	India
S2-008665	Juniper Cobalt Systems Co	Opp. City Library 96 Goldleaf Road Austin TX 64917	US
S2-001282	Ironwood Solutions Incorporated	236 Ravenwood Drive, Lubbock, CA, 78866	United States
S2-003499	Meridian Systems Private Limited	376 Apex Rd, Indore, MP, 191242	India
S2-004765	Cobalt Trading Limited Liability Company	253 Vertex Ave, Ironwood Park, Fresno	US
S2-004381	Harbor Fabrcis Ltd	Opp. Bus Depot, 277 Sunstone Main, Falcon Nagar, Pune, Kerala	IN
S2-003555	Ravenwood Vertex	77 Clearwater Road, Behind the Civic Center, Vertexx Park, Fresno, CA, 93185	United States
S2-006709	Apex Northgate Logistics & Sons Limited	10/54 Sunstone Main Sunstone Nagar Pune	IN
S2-005604	Sunstone Juniper Inc	122 Stonebridge Road, Thistle Park, Tacoma, WA	United States
S2-005912	Summit Systems Limited	58 Lantern Crs, Juniper Nagar, Jaipur, 630793	India
S2-007845	Falcon ncorporated	239 Kestrel Ave, Stonebridge Park, Mobile, AL, 94831	USA
S2-007337	Summit Summit Consultancy Incorported	223 Sunstone Boulevard, Near Exit 14, Akron, OH, 92641, MeridianPark	US
S2-000804	Onyx, Brightpath Motors & Sosn Ltd	39/24 Clearwater St Behind Ganesh Temple Juniper Nagar Pune Maharashtra 793021	India
S2-008838	Summit Trading	349 Ravenwood Avenue Harbor Park Tacoma IL	United States
S2-007045	Silverlline Electricals P Ltd	374 Clearwater Marg, Vertex Nagar, Pune, Gujarat, 538164	IN
S2-006209	Clearwater Sumit	263 Ironwood Boulevard, Northgate Park, Lubbock	United States
S2-007173	Qarry Cnsultancy Co	385 Redwood Street, Ravenwood Par, Austin, CA, 70976	United States
S2-006447	Ony xTrading Co	178 Orchid Ave, Redwood Park, Tacoma, TX, 93941	US
S2-000438	Bluepeak Solutions Private Limited	122 Juniper Marg, Brightpath NNagar, Nagpur, Kerala, 586522	India
S2-001337	Rdwood Goldleaf Motors Private Limited	Near Merto Pillar 42, Falcon Marg, Jaipur, MP	IN
S2-006794	Sunstone Logistics Ltd	338 Harbor Road, Ironwood Nagar, Kochi, Rajasthan	India
S2-003003	Juniper Maplecrest and Sons	53 Cobalt Drive, Apex Park, Fresno, 74665, AL	United States
S2-001086	Lanter nSsytems LLC	Northgate Drive, Thistle Park, Akron, WA	US
S2-005254	Vertex, Trading Corporation	228 Ironwood Drive, Kestrel Park, Tacoma, CA, 15533	United States
S2-008882	Bluepeak Trading LLC	Quarry Crs Brightpath Nagar Akron 6333395	IN
S2-007030	Juniper Ravewnood Services Ltd	347 Orchid Cross Harbor Nagar, Surat	India
S2-007870	Faclon Textiles Ltd	359 Clearwater Mn, Jaipur, Rajasthan	IN
S2-006182	Maplecrest Consultancy Incorporated	123 Redwood Avenue Juniper Park Akron CA 76957	US
S2-003967	Meidian Chemicals	278 Kestrel Ave, Tacoma, TX, Near Exit 14	USA
S2-000810	Smumit Pvt Ltd	28/9 Goldleaf Marg, Vertex Nagar, Pune, Kerala, 317844	India
S2-001634	Apex Enterprises Ltd	98 Ironwood Road, Bluepeak Nagar, Surat	IN
S2-003513	Summit Keestrel Solutions Incorporated	Opp. City Library, 11 Apex Blvd, Peoria	US
S2-003997	Onyx Apex Electtricals Co	269 Thistle Boulevard, Behind the Civic Center, Falcon Park, Fresno, 81339	US
S2-004044	Clearwate Chemicals Company	Bluepeak Rd Brightpath Park Austin 60557	USA
S2-001989	Vertex, Foods LLC	Behind the Civic Center, 53 Apex Boulevard, Austin	USA
S2-002106	Quarry, Bluepeka Trading Private Limited	78 Clearwater Marg, Ironwood Nagar, Napgur, Kerala	IN
S2-000673	Vretex Trading	341 Orchid Crs, Jaipur, Rajasthan	India
S2-004440	Maplecrest Goldleaf Mottors	48 Harbor St, Ravenwood Park, Tacoma, 56502	USA
S2-009021	Vertex Summit Packaging Pvt Ltd	385 Orchid Crs, Kestrel Nagar, Jaipur	India
S2-005189	Summi tIndustres Pvt Ltd	101 Apex Steret, Northgate Nagar, Kochi, Rajasthan, 939414	India
S2-004086	Harbor Susntone Trading Company	233 Clearwater St, Fresno, WA, 32497, Kestrel Park	USA
S2-001935	Ravenwood Industrise Inc	201 Brightpath Dr, Behind the Civic Center, Stonebridge Park, Mobile, 64278	USA
S2-001969	Thistle Motors and Sons Corp	183 Vertex Avenue, Redwood Park, Near Exit 14, Lubbock, IL, 84622	US
S2-008378	Maplecresst, Systems Pvt Ltd	11 Onyx Ave, Quarry Park, Akron	IN
S2-002183	Clearwater Consultaacny Co	Near Exit 14, 7 Summit Rd, Peoria, IL	USA
S2-006415	Raevnwoo dIndustries & Sons P Ltd	154 Lanten Marg Behind Ganesh Temple Juniper Nagar Indore	IN
S2-002099	Lantern Limited	Near SBI ATM, 333 Clearwater Main, Vertex Nagarr, Nagpur, Tamil Nadu, 954064	IN
S2-008259	Silverline & Sons	3 Apex Street, Maplecrest Nagar, Near SBI ATM, Surat, Kerala, 584411	IN
S2-008194	Inustries Summit Ltd	4/36 Cobalt Crs, Sunstone Nagar, Nagpur, Rajasthan	IN
S2-002365	Northgate Goldleaf Co	134 Lantern DriveOnyx Park Fresno 76847	United States
S2-006498	Goldleaf Motors P Ltd	50 Onyx Crs, Harbor Nagar, Nagpur, Kerala, 500573	India
S2-001831	Silverline Falcon Motors	337 Apex Drive Summit Park Mobile OH	United States
S2-005904	Brightpath & Sosn PLtd	353 Maplecrest Cross Bluepeak Nagar Coimbatore Kerala	IN
S2-002598	Clearwater Solutions Stonebridge Limited Liabiity Company	397 Maplcrest Drive, Peoria, AL	United States
S2-000007	Goldlefa Solutions Private Limited	338 Thistle Marg, Juniper Nagar, Pune, Tamil Nadu, 107533	India
S2-004654	Silverline, Harbor Fabrcis Inc	216 Lantern Street, Behind the Civic Center, Kestrel Park, Akron	United States
S2-007965	Stonebridge Trading & Sns P Ltd	130 Falcon Road Thistle Nagar Coibmatore Gujarat 324480	India
S2-005221	Consultancy Goldleaf Ltd	89 Stonebridge St, Pune, Maharashtra, 477449	India
S2-000333	Bluepeakk LLC	285 Northgate Avenue, Maplecrest Park, Mobile	US
S2-000955	Redwood Fabrics Inc	2 Thistle Ave, Redwood Park, Austin, WA, 57350	United States
S2-009257	Brightpath Textls Pvt Ltd	73 Sunstone Crs, Opp. Bus Depot, Apex Nagar, Nagpur, MP, 147735	India
S2-001393	Onyx oods Co	157 Northgate Rd Orchid Park Tacoma TX 43910	USA
S2-004467	Electricals Cobalt Limited Liability Company	32 Quarry Street, Bluepeak Park, Austin, TX	USA
S2-004973	Sunsone Electricals	358 Brightpath Boulevard, Peoria, AL	USA
S2-002305	Maplecrest Chemicals Private Limited	290 Lantern Mn Ironwood Nagar Nagpur Tamil Nadu 551044	India
S2-000972	Verttex Systems Private Limited	277 Maplecrest Rd, Lantern Nagar, Indore, MP, 746077	India
S2-006852	Quarry, Falcon Limitd Liability Company	295 Ironwood Blvd Austin WA 11349	US
S2-005930	Thistle Enterprises Co	15/25 Ravenwood Blvd, Quarry Park, Peoria, IL, 30198	United States
S2-008646	Falcon, Chemicals Pvt Ltd	139 Quarry Avenue, Cobalt Park, Tacoma, OH, 60516	India
S2-006544	Cobalt Electricals Incorporated	Opp. City Library, Ironwood Street, Harbor Park, Tacoma, IL	USA
S2-000678	Vertex Industries & Sons Limited Liability Company	313 Juniper St, Clearwater Park, Tacoma, CA	USA
S2-007347	Food sApex P Ltd	123 Lantern Road, Pune, 641523	India
S2-001082	Bluepeak Electricals Private Limited	Behind Ganesh Temple, 30 Lantern Marg, Kestrel Nagar, Nagpur, Maharashtra	IN
S2-008589	Quarry Txettiles	44 Quarry Road Redwood Park Austin	US
S2-001900	Thistle Solutions and Sons Corp	271 Quarry Avenue, Lubbck	US
S2-006136	Ravenwood Juniper Industriies & Sons Co	188 Kestrel Boulevard, Brightpath Park, Austin, TX	US
S2-007233	Goldleaf Harbor Fabrics Corp	32/65 Onyx Rd Lantern Park Fresno 30310	United States
S2-007323	Clearwater lEectricals	Juniper Avenue, Near Exit 14, Silverline Park, Lubbock, WA, 75715	United States
S2-008341	Clearwater Consultancy & Sons Inc	298 Ironwood Avenue, Clearwater Park, Mobile	United States
S2-003288	Redwood Solutions & Sons Incorporated	288 Orchid Drive, Austin, CA	US
S2-005721	Sunstone Packaging Ldt	172 Juniper Mn, Quarry Nagar, Jaipur, Tamil Nadu, 299890	India
S2-004193	Quarry Txtiles Inc	1/36 Apex Drive, Vertex Park, Akron	USA
S2-001934	Raavenwood Industries	201 Brightpath Drive Stonebridge Park Mobile CA 64278	US
S2-002787	Redwood Junipe Fabrics & Sons Corp	Peoria, TX, 33627, 252 Redwood Boulevard	USA
S2-008928	Meridian Chemicals Incorporated	359 Brightpath Road, Bluepeak Park, Mobile, IL, 43238	US
S2-000352	Redwood Logistics Company	Lantern Blvd, Ironwood Park, Austin, 93678, OH	USA
S2-008537	Bluepeak Vertex Consultancy & Sons Limited Liablity Company	4/72 Maplecrest Road, Vertex Park, Near Exit 14, Mobile, CA, 52646	USA
S2-003784	Quarry Fabrics	28/77 Harbor Dr, Stonebridge Park, Mobile	United States
S2-000559	Summit rading P Ltd	Summit St, Kochi, Kerala, 926942	India
S2-007039	SunstoneM aplecrest Trading & Sons Private Limiited	8 Thistle Road, Falcon Nagar, Near SBI ATM, Surat, Tamil Nadu, 584381	IN
S2-006591	Lantern Fabrcis Incorporated	185 Thistle Road Quarrry Park Fresno	United States
S2-009224	Lantern Enterpriises	118 Sunstone Marg, Bluepeak Nagar, Nagpur, Kerala, 177194	India
S2-008968	Juniper Silverline	Ironwood Street, Ravenwood Nagar, Coimbatore	IN
S2-002640	Bluepeak Thistle Trading Corporation	240 Harbor Drive Austin WA 59755	US
S2-004277	Systems Silverline Pvt Ltd	28 Sunstone Marg, Vertex Nagar, Coimbatore, Tamil Nadu, 546192	India
S2-002929	Apex Foods Company	Opp. City Library 26/16 RavenwoodR oad Clearwater Park Tacoma AL 40192	US
S2-008706	Lantern Motors Corp	339 Apex Marg, Opp. Bus Depot, Cobalt Nagar, Tacoma, Tamil Nadu	India
S2-003473	Redwood Textiles Private Lmiited	84 Kestrel Mn, Brightpath Nagar, Pune, Maharashtra, 999641	IN
S2-005296	Harbor Thistle Enterprises Privvate Limited	72 Maplecrest Rd, Brightpath Nagar, Jaipur, Rajasthan, 244218	IN
S2-006270	Consultancy and Sons nIcorporated	26/31 Juniper Avenue Redwood Park Opp. City Library Mobile 15015	US
S2-004247	Clearwater Privaate Limited	191 Apex Main, Nagpur, 887435	IN
S2-005494	Lanter Ltd	323 Brightpath Cross, Stonebridge Nagar, Behind Ganesh Temple, Coimbatore	IN
S2-001500	Silverline Apex Services Corporation	230 Silverline Rd, Kestrel Park, Lubbock, 74017	US
S2-002928	Aex Foods Co	Behind the Civic Center, 152 Goldleaf Drive, Summit Park, Akron, CA, 34594	USA
S2-002989	Clearwater, Summit Corporation	385 Kestrel St, Meridian Park, Austin, TX, 59574	United States
S2-001325	Industries Stonebridge Corp	Harbor Avenue, Northgate Park, Tacoma, OH	US
S2-007227	Lantern Packaing Limited	Opp. Bus Depot, Bluepeak St, Ironwood Nagar, Pune, 805953	IN
S2-007815	Junipe & Sonss Co	375 Cobalt St, Bluepeak Nagar, Peoria, Kerala, 353003	IN
S2-007892	Brightpath, Fabrics Inc	86 Sunstone Crs Lantern Nagar Indore Kerala	US
S2-007255	Cobalt Electricals Pvt Ltd	105 Summit Rd, Northgate Nagar, Surat, 265048, Kerala	India
S2-008764	Sunstone Corporation	379 Onyx Rd Thistle Park Peoria TX	USA
S2-004606	Redwood Solutiosn	Ravenwood Rd, Redwood Park, Tacoma, 33407	USA
S2-005765	Raavenwood Logistics	212 Sunstone Road, Harbor Park, Mobile, CA, 22774	United States
S2-008516	Maplecrest Logistics Co	25 Harbor Road, Harbor Nagar, Tacoma, 596486	IN
S2-008814	Brightpath Lantern	248 Lantern Road Sunstone Park Tacoma	United States
S2-005509	Kestrl Private Limited	53 Brightpath Road, Bluepeak Nagar, Opp. Bus Depot, Jaipur, Kerala	IN
S2-005590	Juniper Foods	222 Apex Cross Cobal tNagar Coimbatore Tamil Nadu 836730	IN
S2-003233	Goldleaf Consultancy Corporation	92 Kestrel Blvd, Peoria, TX, 66736	US
S2-000590	Sunstone Sunstone Solutions Co	337 Quarry Rd, Maplecrest Park, Mobile, TX	US
S2-005605	Packaging, Sunstone Juniper Inc	122 Stonebridge Rd, Tacoma, WA, 72559	US
S2-005561	Orchid Lantern Limited	Apex Rd Kestrel Nagar Near SBI ATM Pune 650952	IN
S2-004634	Stonebridge oC	146 Ironwood Street, Bluepeak Park, Tacoma, IL, 33132	USA
S2-007557	Maplecrrest Chemicals	Opp. iCty Library 344 Orchid Avenue Redwood Park Nagpur	USA
S2-000884	Goldleaf Quarry Consultancy P Ltd	Opp. Bus Depot, Orchid St, Apex Nagar, Nagpur, 520226	IN
S2-002187	Kestrel Motors Pvt Ltd	Bluepeak Nagar Opp. Bus Depot Pune 263084 395 Harbor Street	IN
S2-000360	VertexServices	Behind Ganesh Temple, Northgate Marg, Goldleaf Nagar, Surat, Maharashtra, 265639	India
S2-007274	Bluepeak Electricals Private Limited	4/56 Orchid Mn Kochi Maharashtra	India
S2-004699	Goldleaf Enterprise sCorporatoin	138 Harbor Rd, Cobalt Park, Akron, CA	USA
S2-000274	Sunstone Packaging	334 Bluepeak Boulevard Meridian Park Peoria	United States
S2-001784	Falcon Cobalt Chemicals	340 Clearwater Street, Nagpur, Tamil Nadu, 872044	India
S2-004013	Ironwood Services Pvt Ltd	Indore Kerala 356281 82 Juniper St	IN
S2-006366	Maplecest and Sons LLC	171 Kestrel Blvd, Onyx Park, Lubbock, OH	United States
S2-002882	Orchid Onyx Consultancy Private Limited	Goldleaf Main, Falcon Nagar, Near Metro Pillar 42, Coimbatore, Maharashtra, 699482	IN
S2-000806	Junpier Tading Inc	5 Summit Avenue Vertex Park Mobile AL	US
S2-002427	Vertex Logistics LLC	Kestrel Rd Fresno 44564	USA
S2-001456	Vertex Services iLmited	393 Kestrel Crs, Silverline Nagar, Rajasthan, Jaipur	India
S2-003415	Chemicals Redwood Limited	Near SBI ATM, 120 Orchid Marg, Coimbatore	India
S2-002372	Apex, PrivateLimited	237 Silverline Rd, Quarry Nagar, Kochi, 974381	IN
S2-008861	Sunstone Apex Electricals Pvt Ltd	299 Apex Road Ironwood Park Kochi	USA
S2-008978	Summit LLC	385 Falcon Street Apex Park Tacoma WA 91774	US
S2-003674	Ravenwood Packaging and Son sLtd	341 Ravenwood St, Near Metro Pillar 42, Redwood Nagar, Surat, 914927	India
S2-001559	Falcon Solutioons Private Limited	270 Meridian Marg, Bluepeak Nagar, Opp. Bus Depot, Jaipur, Kerala	IN
S2-005660	Meridian Packaging & Sons	39/11 Juniper Cross, Ironwood Nagar, Indore, Kerala, 609915	IN
S2-005770	Cobalt Cobalt Entreprises	309 Summit Street, Orchid Park, Mobile, IL	US
S2-004598	Ravenwood Tetxiles Corporation	24/50 Onyx Ave, Orchid Park, Lubbock	US
S2-001908	Silverline, Fods P Ltd	344 Summit Marg, Harbor Nagar, Nagpur, 765492	India
S2-003427	Sttonebridge Textiles Corporation	110 Kestrel Road Northgate Park Mobile OH 60842	US
S2-002333	Summit Summit Services Liimted	368 Ironwood Cross Brightpath Nagar Kochi Maharashtra 556308	India
S2-002461	Kestrel Bluepeak Fabrics P Ltd	22 Clearwater Road, Onyx Nagar, Jaipur, Kerala, 148132	IN
S2-005023	Lantern Services Pvt Ltd	24 Onyx Cross, Jaipur, Maharashtra, 954970	IN
S2-001705	Coobalt Private Limiited	Behind Ganesh Temple, 8/47 Apex Crs, Silverline Nagar, Jaipur, Maharashtra, 875192	IN
S2-002717	Thistle Sunstone Enterprises Limited	361 Sunstone Street, Maplecrest Nagar, Coimbatore, Maharashtra	India
S2-001366	Bluepeak Private Limited	Summit Mn, Near SBI ATM, Summit Nagar, Surat, Gujarat	India
S2-005442	Packagig	Redwood Road, Kestrel Nagar, Kochi, Maharashtra	India
S2-005552	Falcon Brightpath Consultancy Limitde Liability Company	273 Juniper Boulevard Bluepeak Park Austin 38100	United States
S2-004647	Apex Traing LLC	129 Maplecrest St, Peoria, TX, Apex Park	USA
S2-006984	Gldleaf Motors Private Limited	367 Silverline Marg, Meridian Nagar, Coimbatore, 587520	IN
S2-004178	Lantern Onyx Corporation	86 Vertex Avenue, Orchid Park, Peoria, CA, 53332	US
S2-003965	Apex Systems Company	260 Apex St, Maplecrest Park, Akron, TX, 40330	US
S2-005566	GodleafCompany	Near Exit 14 130 Onyx Drive Onyx Park Austin 35189	United States
S2-002819	Maplecrest Motors Private Limited	Behind Ganesh Temple, Vertex Marg, Redwood Nagar, Nagpur, Tamil Nadu, 925665	IN
S2-009197	Northgate & Sons Limited Liability Company	378 Meridian Marg, Harbor Nagar, Fresno, 717988	IN
S2-005658	Cobalt ackaging	334 Meridian Marg Surat 400362	IN
S2-008578	Stonebrigde Logistics Pvt Ltd	7/76 Apex Boulevard Redwood Park Pune AL 85696	US
S2-002407	Falcon Textiles P td	385 Falcon Main, Brightpath Nagar, Behind Ganesh Temple, Surat, Gujarat	IN
S2-004189	Tradin Lanttern Limited	347 Redwood Marg, Jaipur, Maharashtra, 133059	India
S2-005617	Bluepaek Trading LLC	208 Onyx Dr Opp. City Library Kestrel Park Akron AL 35659	US
S2-005257	Kestrel Textiles Co	382 Juniper Road Near Exit 14 Meridian Park Tacoma WA 36195	United States
S2-004167	Kestrel Chemicals	Onyx Blvd, Brightpath Park, Fresno, WA, 75954	US
S2-005215	Apex Clearwater Packaging Corporation	185 Lantern Rd, Summit Park, Tacoma, 71948	United States
S2-005965	Thistle lBuepeak Foods Inc	33 Meridian Dr, Fresno, IL, 84744	USA
S2-005565	Goldleaf Fabrics	285 Ravenwood Rd, Meridian Park, Austin, OH	United States
S2-005427	Silveriine	390 Clearwater Dr, Tacoma, WA, 32439	US
S2-007437	Services Vertex Corp	330 Onyx Main, Ravenwood Nagar, Surat, MP, 723570	USA
S2-008174	Stonebridge Clearwater  Trading LLC	358 Orchid Street, Behind the Civic Center, Lantern Park, Akron	United States
S2-005637	Orchid Consultancy Corporation	Silverline Street, Silverline Park, Fresno, 52080	USA
S2-006611	Ravenwood Summit Pvt Ltd	341 Thistle Marg, Near SBI ATM,, Indore, 507121	India
S2-006487	Vertex Textiles Private Limited	Opp. Bus Depot 35 Harbor Cross Summit Nagar Indore MP 151433	India
S2-006831	Quarry Fabrics Limited	289 Bluepeak Road Redwood Nagar Opp. Bus Depot Kochi	IN
S2-005282	Stonebridge Enterprises Ltd	80 Ironwood Marg, Sunstone Nagar, Pune, Tamil Nadu	IN
S2-007564	Nothgate Textiles	151 Falcon Dr, Apex Park, Austin ,WA, 98543	United States
S2-005834	Electricals Quarry Corp	339 Thistle Blvd, Harbor Park, Tacoma	USA
S2-004458	Clearwater Motors and Sons Corporation	18 Onyx Boulevard, Ravenwood Park, Tacoma, 73599	US
S2-003731	Redwood Brgihtpath Services Private Limited	201 Harbor Road, Jaipur, Kerala	IN
S2-007089	Sunstone, Motors and Sons Corporatoin	Behind the Civic Center 310 Northgate Dr Kestrel Park Mobile AL 88413	USA
S2-004695	Vertex, LanternMotors Ltd	231 Northgate Main, Clearwtaer Nagar, Kochi, Maharashtra, 337359	India
S2-002639	Merdian Brightpath and Sons Pvt Ltd	154 Vertex St, Meridian Nagar, Kochi, Gujarat, 855333	IN
S2-008847	Apex Consultancy and  Sons Ltd	128 Orchid Crs, Lantern Nagar, Pune, Kerala, 235807	India
S2-008798	Thistle Foods LLC	Goldleaf Nagar, Peori,a 121 Redwood Street	India
S2-007047	Vertex Consultancy & Sons Corporation	Near Exit 14, 11 Northgate Blvd, Onyx Park, Lubbock, IL	United States
S2-002075	Bluepeak ConsultancyP vt Ltd	148 Vertex St, Indore, MP	IN
S2-001071	Sunstone Packaging P Ltd	366 Kestrel Marg, Thistle Nagar, Indore, 154413, MP	IN
S2-008145	Quarry Chemicals Incorporated	272 Silverline Street, Cobalt Park, Austin, 41791	United States
S2-003739	Onyx Electricalls and Sons	216 Harbor Drive, Juniper Park, 49623, Akron	United States
S2-002426	Vertex Logisitcs and Sons LLC	385 Kestrel Road Fresno AL 44564	USA
S2-004113	Maplecrest Motors Private Limited	381 Northgate Marg, Harbor Nagar, Opp. Bus Depot, Jaipur, 905267	India
S2-002871	Silverline Kestrel Services and Sons Private Limietd	9/47 Ravenwood Crs, Harbor Nagar, Jaipur, Kerala, 565409	India
S2-005643	Silverline Enterprises	259 Brightpath Road Kochi Tamil Nadu	India
S2-009241	Maplecrest Logistics Inc	224 Goldleaf St, Mobile, WA, 33867	US
S2-004403	Blupeak Enterprises	128 Juniper Road, Peoria, 63965	US
S2-007642	Quarry Consultanyc Ltd	66 Apex Mn Apex Nagar Jaipur 469685	IN
S2-002878	Silverlnie Clearwater Chmicals	12 Quarry Drive Orchid Park TX 10047 Fresno	United States
S2-002530	Harbor Chemicals	91 Ironwood Street, Harbor Nagar, Coimbatore, Kerala, 209085	India
S2-007901	Kestrel PvtL td	125 Ironwood Road Summit Nagar Kochi	IN
S2-007760	Onx Motors Limited	Bluepeak Dr, Behind the Civic Center, Sttonebridge Park, Indore, 24060	US
S2-007258	Summit Apex Chemicals & Sons	30 Stonebridge Main Redwood Nagar Lubbock	IN
S2-006294	Silverline, & Sons	389 Onyx Blvd, Mobile, 87482, Northgate Park	US
S2-009263	Orchid Packagingand Sons Inc	302 Ravenwood Avenue, Tacoma, 75382	US
S2-002677	Falcon Electricals P Ltd	88 Cobalt St, 492450, Coimbatore	India
S2-006890	Lantern Packaging	397 Sunstone Avenue, Redwood Park, Mobile	USA
S2-000132	Stonebridge Logistics Corp	Behind the Civic Center, 263 Brightpath Road, Quarry Park, Peoria, 84978	United States
S2-001249	Ravenwood Thistle Elecrticals LLC	98 Thistle Drive, Fresno, WA	US
S2-008326	Northgate Harbor Chemicals	Meridian Marg, Surat, Kerala, 890607	IN
S2-005780	Apex Private Limited	76 Lantern Street, Harbor Nagar, Indore, Kerala	IN
S2-000391	Falcon Harbor Solutions Pvt Ltd	231 Falcon Street, Onyx Nagar, Nagpur, Gujarat	IN
S2-002803	Redwood Logistics Pvt Ltd	228 Kestrel Marg, Silverline Nagar, 339480, Indore	India
S2-006138	Stonebridge Ironwood Foods and Sons Lmited Liability Company	156 Meridian Street Falcon Park Akron	USA
S2-002852	Juniper Silverline Trading	Near SBI ATM, 28/71 Brightpath Mn, Kochi, 461893	India
S2-002930	Apex Foods Co	26/16 Ravenwood Rd, Clearwater Park, Tacoma, 40192	United States
S2-000987	Sunstone Textilles Corp	267 Sunstone Ave Thistle Park Fresno IL	United States
S2-002716	Vertex oMtors Corp	222 Goldleaf St, Apex Park, Lubbock, CA, 75229	US
S2-002634	Brightpath Bluepeak Logistics P Ltd	13/15 Orchd Cross, Surat, 814279	India
S2-000387	Quuarry & Sons	81 Northgate Crs, Near Metro Pillar 42, Summit Nagar, Nagpur, Tamil Nadu, 384405	India
S2-008405	Meridian, Consultancy	18/47 Northgate Blvd, Orrchid Park, Kochi, TX	USA
S2-008997	Ravenood Consultancy	129 Kestrel Marg, Quarry Nagar, Jaipur, 931524	India
S2-002088	Ironwoood Textiles Co	341 Quarry Rd Northgate Park Peoria TX 12734	United States
S2-003237	Ravenwood SystemsInc	204 Summit St, Brightpath Park, Akron	USA
S2-006484	Harbor, Solutions P Ltd	322 Stonebridge St Sunstone NNagar Pune Maharashtra	IN
S2-002030	Quarry Electricals Co	30 Falcon Street, Kestrel Park, Akron, 43975	US
S2-001680	Kestrel Fods LLC	309 Northgate Drive, Behind the Civic Center, Quarry Park, Tacoma, 38444	United States
S2-008478	Falcon Idustries	33 Clearwater Rd, Akron, WA, 19846	US
S2-001554	Vertex Packkaging Private Limited	95 Sunstone Marg, Juniper Nagar, Nagpur, Kerala, 187520	India
S2-004175	Maplecrest Fabriccs Corp	310 Cobalt Rd, Sunstone Park, Austin, TX, 97901	USA
S2-007709	Onnyx Electricals Inc	49 Kestrel Ave, Sunstone Park, Akron, IL, 43805	United States
S2-006802	Textiles Quarry Quarry Private Limited	230 Falcon Cross Kestrel Nagar Kochi Tamil Nadu 183169	IN
S2-005160	Northgate P Ltd	78 Lantern Rd, Meridian Nagar, Indore, Tamli Nadu, 356345	India
S2-006389	Sustone Packaging Limited	115 Orchid Rd, Lantern Nagar, Near Metro Pillar 42, Kochi, 800703	India
S2-003857	Apex Electricals Corporation	132 Rewood Street, Akron, 36953	USA
S2-004219	Lantern Bluepeak Limited Liability Comapny	Opp. City Library 39/69 Clearwater St Harbor Park Lubbock 61612	US
S2-003778	Cobalt Quarry Foosd and Sons Private Limited	Near SBI ATM 31/73 Goldleaf Main Pune Tamil Nadu	IN
S2-008162	Thistle Logisstics Co	379 Maplecrest Blvd Thistle Park Akron TX 70255	United States
S2-006922	Celarwater Quarry Inc	396 Summit Boulevard, Near Exit 14, Akron, OH	US
S2-005408	Lantern Ravenwood Systemms Pvt Ltd	79 Falcon Mn, JuniperN agar, Opp. Bus Depot, Nagpur, 338222	India
S2-003220	Summit Cobalt Electricals & Sons oCrp	184 Stonebridge Dr, Mobile	US
S2-004215	Sunstone Harbor Consultancy and Sons Pvt Ltd	165 Maplecrest Mn, Lantern Nagar, Indore, MP, 116032	India
S2-001709	Brightpath & Sons Corp	Near Exit 14, 248 Lantern Ave, Peoria, TX, 76482	United States
S2-000919	Meridian Foods Limited	152 Orchid Road, Behind Ganesh Temple, Coimbatore, Rajasthan, 286042	IN
S2-008735	Brightpath Systems adn Sons Private Limited	26/54 Ravenwood Main, Kestrel Nagar, Nagpur, 480720, Near SBI ATM	India
S2-001748	Industries Stonebridge Private Limited	17 Harbor Rd, Northgate Nagar, Near SBI ATM, Indore, Tamil Nadu, 234598	India
S2-004955	Kestrel Textiles  &Sons Co	141 Maplecrest Dr, Fresno, 99731	US
S2-003563	Quarrry	238 Bluepeak Road Kestrel Nagar Kochi 577222	IN
S2-002911	Systems Stonebrigde and Sons Private Limited	346J uniper Crs, Goldleaf Nagar, Near SBI ATM, Kochi, 353430	IN
S2-004327	Onyx extiles Private Limited	51 Vertex Marg, Summit Nagar, Pune, Gujarat, 845163	IN
S2-000525	Falcon, Logistics P Ltd	Kestrel Main, Ravenwood Nagar, Near SBI ATM, Jaipur, MP, 224398	IN
S2-004541	Brightpath Services & Sons Incorporated	Sunstone St Near Exit 14 Brightpath Park Fresno AL	USA
S2-000947	Silverline, Tradin Private Limited	109 Falcon Crs, Brightpath Nagar, Jaipur, Rajasthan, 208853, Behind Ganesh Temple	IN
S2-006237	Ironwood Consultancy Incorporated	34/37 Maplecrest Road, Thistle Park, Fresno, TX	United States
S2-001194	Harbor, Trading Private Limited	76 Onyx Rd, Falcon Nagar, Jaipur, Kerala, 365294	IN
S2-006151	Stonebridge Textiles  Co	111 Lantern Street Peoria AL	US
S2-001714	Orchid Packkaging	37/46 Vrtex Blvd, Cobalt Park, Mobile	USA
S2-001999	Falcon Packaging Company	211 Clearwater Road, Akron, 21344	United States
S2-004705	Conultancy Kestrel P Ltd	229 Quarry Cross, Kochi, 497968	India
S2-001801	Northgte Private Liimited	265 Brightpath Street, Kestrel Nagar, Kochi, MP, 149164	IN
S2-007315	CleawraterI ndustries	Onyx Ave Peoria CA 69024	United States
S2-008766	Apex Meridian Solutions Company	42 Meridian Avenue, Vertex Park, Mobile, 78044	United States
S2-007368	Kestrel Foods Incorporated	66 Redwood S,t Fresno, 432607	IN
S2-000670	Falccon & Sons	158 Apex Cross, Bluepeak Nagar, Nagpur, 369002	India
S2-007423	Thisle Limited	230 Orchid Cross, Ironwood Nagar, Nagpur, 344295	IN
S2-003783	Onyx Textiles PL td	Quarry Main, Indore, MP	India
S2-003670	Textiles Habor LLC	49 Apex Blvd, Harbor Prak, Peoria	United States
S2-007407	Harbor Consultancy & Sons	216 nOyx Rd, Peoria, 20573	United States
S2-005251	Ravenwood Trradnig Private Limited	387 Summit Rd Nagpur 404453	India
S2-006453	Harbor Textiles vt Ltd	178 Stonebridge St, Behind Ganesh Temple, Kestrel Nagar, Surat, Tamil Nadu	IN
S2-001262	Cllearawter Solutions Co	24/56 Ironwood Ave, Summit Park, Fresno, 63653	United States
S2-007215	Redwwood Solutions Ltd	323 Lantern Main, Orchid Nagar, Surat	IN
S2-001051	Verrtex Electricals Corp	Cobalt Rd, Fresno, 40511	United States
S2-000623	Quarry Private Limtied	388 Northgate Cross ,Orchid Nagar, Indore, MP, 973870	IN
S2-000021	Vertex Txetles P Ltd	Vertex Nagar, Pune, 101 Apex Cross	IN
S2-006293	Chemicals Bluepeak Corp	168 Juniper Rd, Goldleaf Park, Mobile, 43679	USA
S2-003926	Onyx Solutions & Sons Limited	291 Sunstone St, Vertex Nagar, Behind Ganesh Temple, Pune	IN
S2-002749	ApexLimited	56 Ironwood Marg, Ravenwood Nagar, Pune, Tamil Nadu, 484470	IN
S2-002565	Junier, Stonebridge Foods Co	Maplecrest Avenue, Sunstone Park, Austin, IL, 19512	United States
S2-004355	Goldleaf Trading Private Limited	222 Falcon Marg, Thistle Nagar, Indore, Tamil Nadu	IN
S2-001201	Lnatern	396 Lantern Crs, Surat, Tamil Nadu	India
S2-007782	Sytsems Redwood	Orchid Street, Brightpath Park, Fresno, IL	US
S2-006401	Thistl Pvt Ltd	229 Meridian Marg, Vertex Nagar, Pune	India
S2-005462	Juniper Solutions & Sons Pvt Ltd	121 Vertex St, Nagpur, Kerala, 735893	India
S2-006393	Ironwood Sumit Services Private Limited	170 Maplecrest Main, Brightpath Nagar, Kochi, 903931	India
S2-006648	Stonebridge uQarry Motors Limited Liability Company	211 Ravenwood St Lantern Park Opp. City Library Fresno CA	USA
S2-006511	Onyx Slverline Textiles LLC	Near Exit 14, Northgate Drive, Austin, CA	United States
S2-001205	Apex, Foods Incorpporated	143 Orchid Drive, Lantern Park, Lubbock, AL, 66429	US
S2-006371	Redwood Consultancy Corporation	Opp. City Library, 187 Thistle Ave, Bluepeak Park, Mobbile, TX, 11264	US
S2-005636	Harbor hTistle Trading	330 Summit Boulevard, Apex Park, Near Exit 14, Fresno, AL, 35119	USA
S2-000040	Maplecrest Quarry Packaging Pvt Ltd	38 Ravenwood St Redwood Nagar Coimbatore	IN
S2-005105	Harbor Packaging and SnosCo	192 Stonebridge Dr, Stonebridge Park, Tacoma	US
S2-002974	Harbor Chemicals Private Limied	96 Vertex Cross, Opp. Bus Depot, Ravenwood Nagar, Nagpur, Gujarat, 353699	India
S2-003272	Apex andSons Private Limited	Ravenwood Street, Indore, Rajasthan, 408028	India
S2-007568	Northgate Goldleaf Pvt Ltd	52 Onyx Ave, Akron, IL	India
S2-008053	Kestrel Systems and Sons	272 Lantern Ave, Quarry Park, Peoria, AL, 75176	USA
S2-006332	Ironwood Fooods Limited	245  Falcon Mn, Northgate Nagar, Surat, Gujarat	IN
S2-008807	Falcon Sunstone Services Company	399 Sunstone Main Sunstone Nagar Jaipur 277490	US
S2-001762	Summit Chemicals	Near SBI ATM, 277 Meridian Crs, Kestrel Nagar, Pune, 239648	India
S2-003056	Onyx Fabrics  & Sons Incorporated	101 Quarry Avenue, Lantern Park, Lubbock, CA, 53039	USA
S2-000297	Sunstone Industries Co	Near Exit 14, 373 Ironwood Avenue, Ironwood Park, Tacoma, TX, 82622	United States
S2-006941	Goldleaf, Private Limited	2 Sunstone Marg, Brightpath Nagar, Nagpur, Tamil Nadu	IN
S2-002589	Northgate Chemicals adn Sons P Ltd	283 Harbor Road, Coimbatore, Gujarat, 820964	IN
S2-003465	Smmit and Sons Co	267 Brightpath Rd, Redwood Park, Peoria, CA, 61169, Opp. City Library	US
S2-005216	Thistle Mootrs Ltd	304 Northgate Marg, Juniper Nagar, Nagpur, Gujarat, 819379	IN
S2-002044	Vertex Entrprises Limited Liability Company	397 Quarry Avenue, Quarry Park, Peoria, 56724	United States
S2-004259	Summit Enterprises LLtd	Quarry Rd Near SBI ATM Ironwood Nagar Surat Maharashtra 709480	IN
S2-004666	Brightpath Soluutions & Sons Pvt Ltd	31/3 Silverline Marg, Ravenwood Nagar, Coimbatore, Tami lNadu	IN
S2-006296	Stonebridge and Sons Corporation	Near Exit 14, 8 Juniper Boulevard, Clearwater Park, Fresno, 53106	USA
S2-004615	Celarwter Ltd	41 Onyx Rd, Ironwood Nagar, Nagpur, Rajasthan, 476513	India
S2-003527	Orchiid & Sons	126 Apex St, Lantern Park, Mobile	US
S2-000241	Sunstone Electricals Private Limited	Orchid Mn, Lantern Nagar, Jaipur, MP, 654790	India
S2-006534	Redwood Onyx	236 Clearwater Dr, Sunstone Park, Akron, TX, 44358	USA
S2-006463	Onyx Food sLimited Liability Company	24/41 Juniper Road, Vertex Park, Austin, WA, 62334	US
S2-006438	Maplecrest Pvt Ltd	272 Ravenwood Main, Stonebridge Nagar, Indore, Gujarat, 110227	IN
S2-005360	Clearwater, Trading Incorporated	31/8 Onyx Boulevard, Mobile, CA, 67879	US
S2-004354	Harbor Logistics & Sons Limited	189 Orchid Marg Brightpath Nagar Coimbatore Maharashtra 741079	India
S2-005402	Brightpath SSystems Co	11 Falcon Street Lantern Park Lubbock TX 37621	United States
S2-003963	Quarry Meridian Textiles Limited Liability Company	163 Lantern Avenue, Akron, 58096	US
S2-000033	MaplecrestS ilverline Pvt Ltd	7/66 Ironwood Marg, Cobalt Nagar, Indore, 704846	IN
S2-001047	Electricals, Onyx	243 Orchid Blvd, Near Exit 14, Apex Park, Fresno	United States
S2-007641	Silverline Summit Motors Limited	183 Maplecrest Mn, Onyx Nagar, Surat, 128565	IN
S2-006104	Thistle Industries LLC	298 Silverline Street, Juniper Park, Austin, 80603	USA
S2-006519	Lanten	5/35 Ironwood St, Summit Nagar, Kochi, Gujarat, 447314	IN
S2-000904	Falcon Systems	223 Silverline Main, Nagpur, MP, 322070	IN
S2-008029	Onyx, Silveerline Corporation	272 Lantern Ave,, Peoria, AL, 75176	USA
S2-006576	Maplecrest Onyx Systems tLd	358 Redwood Marg, Ravenwood Nagar, Coimbaotre, Gujarat	IN
S2-001102	Juniper Solutions and oSns P Ltd	386 Stonebridge Crs, Vertex Nagar, Nagpur, Tamil Nadu	India
S2-005173	Brightpath, Packaging Private Limited	81 Sunstone rs Meridian Nagar Nagpur Rajasthan	India
S2-001560	Electricls, Apex	189 Ravenwood Avenue, Quarry Park, Lubbock, WA, 19298	United States
S2-009001	Vertex Packaging Corporation	353 Redwood Ave, Akron, 40540, Cobalt Park	US
S2-001977	Silverlie Electricals Corp	174 Quarry Drive, Brightpath Park, Mobile, TX, 47521	United States
S2-009164	Brightpath Fabrics Co	298 Northgate Ave Northgate Park Austin	United States
S2-008637	Nrothgate Foods Company	280 Jnuiper Blvd, Vertex Park, Austin, OH	US
S2-005623	Sunstone Corporation	274 Ravenwood Boulevard, Behind the Civic Center, Tacoma, CA	US
S2-001787	Hrbor Fabrics Co	Opp. City Library, 137 Redwood Road, Fresno, OH	US
S2-003632	Lantern Bleupeak Pvt Ltd	47 Quarry Marg, Thistle Nagar, Jaipur, 111320	IN
S2-004717	Goldleaf Enterprises Ltd	375 Clearwater Crs, Juniper Nagar, Coimbatore, Kerala	India
S2-000070	Kestre P Ltd	Near Metro Pillar 42, 304 Meridian Cross, Silverline Nagar, Surat, Rajasthan, 206788	IN
S2-004655	Goldleaf Solutions	121 Onyx Mn Apex Nagar Pune Gujarat 694406	India
S2-006033	Quarry Services Private Limited	168 Vertex Marg, Orchidd Nagar, Pune, 508723	India
S2-008806	Brightpath Harbbor Logistics Limited	22/48 Quarry Marg, Nagpur, 976205	India
S2-005411	Falcon EnterprisesLimited	303 Juniper St, Kochi, Kerala, Goldleaf Nagar	India
S2-009121	Lantern, Chemicals	278 Summit Blvd, Near Exit 14, Mobile, WA, 66631	IN
S2-008710	Ironwood Conusltancy P Ltd	311 Kestrel Avenue, Summit Park ,CA, Lubbock	IN
S2-007248	Ravenwood Northgate Enterprises Private Limited	88 Kestrel Marg, Sunstone Nagar, Coimbatore, Gujarat, 207163	IN
S2-005710	Cobalt, Lgoistics	377 Quarry Blvd Apex Park Behind the Civic Center Lubbock CA	USA
S2-005231	Onyx Consultany Limited	260 Meridian Street, Redwood Nagar, Surat, Rajasthan, 696889	IN
S2-005098	Ironwoo Corp	275 Silverline Street, Meridian Park, Lubbock, IL	USA
S2-006330	Ironwood Foods  Limiteed	125 Vertex Crs, Kestrel Nagar, Surat, Kerala	IN
S2-004745	Orchid Privtae Limited	371 Lantern Marg, Near SBI ATM, Onyx Nagar, Kochi, MP, 806267	India
S2-006951	Harbor Industrie Company	111 Ravnwood Rd, Peoria, TX, 58908	US
S2-006382	Onyx Solutions Corp	273 Vertex Boulevard, Silverline Park, Fresno, 32159	US
S2-004856	Juniper Entterprises and Sons Corp	210 Northgate Street, Goldleaf Park, Lubbock, CA, 65566	USA
S2-005784	Vertex, Brightpath Corporration	246 Onyx Street, Fresno	US
S2-000528	Summit Harbor  Pvt Ltd	22/42 Meridian St, Ravenwood Nagar, Kochi, 241625	IN
S2-007702	Meridin Enterprises Limited Liability Company	Near Exit 14, Northgate Drive, Tacoma, AL	US
S2-002240	Kestrel, Co	Near Exit 14, Flcon Street, Fresno, 65340	USA
S2-002448	Cobalt Consultancy P Ltd	96 Goldleaf Rd, Nagpur	IN
S2-008220	Brightpath, Trading Private Limited	215 Maplecrest Marg, Bluepeak Nagar, Inddore, 176026	India
S2-008523	Apex Vertex Systems & Sons Limited Liability Company	146 Sunstone Avenue, Mobile, WA, 75462	US
S2-008939	Bluepeak Farics Goldleaf & Sons Private Limited	Opp. City Library 24/73 Harbor Road Jaipur 68172	USA
S2-002948	Orchid Logisticcs LLC	105 Quarry Bolevard, Lubbock, IL	US
S2-006207	Chemials Cobalt Ltd	346 Sunstone Rd, Clearwater Nagar, Pune	IN
S2-000696	Northgate, Seervices	282 Meridian Road, Austin, 72957	US
S2-008286	Electricals, Lanttern Corporation	246 Bluepeak Ave, Quarry Park, Austin, 96189	USA
S2-007088	Apex Enterpprises	147 Redwood St, Behind Ganesh Temple, Goldleaf Nagar, Coimbatore, Kerala, 287056	IN
S2-009049	Brightpath Apex LLC	254 Onyx Street, Redwood Park, 94023, Fresno	United States
S2-000369	Harbor Logistisc Corporation	267 Stonebridge St, Redwood Park, Mobile, CA	US
S2-003614	Maplecrest Harbor Logistics	146 Maplecrest Mn Pune Gujarat 464400	India
S2-003673	Ravenwood Soltions Pvt Ltd	Silverline Road Onyx Nagar Pune Kerala 769122	IN
S2-007451	Kestrel Enterprises & Sons P Ltd	83 Ravenwood Marg, Maplecrest Nagar, Nagpur, 304349	IN
S2-001130	Falcon, Logisstics Corp	323 Harbor St Harbor Park Austin IL 26444	USA
S2-004408	Thistle Enterprises and Sosn Co	14 Stonebridge Street, Fresno, 85920	USA
S2-007531	Services P Ltd	266 Quarry Rd, Nagpur, TX, 75344, Thistle Park	US
S2-002562	Falcon & Sons Inc	397 Northgate St, Onyx Park, Lubbock, CA, 49242	USA
S2-007622	Lantern P Ltd	386 Ravenwood Crs, Nagpur, Kerala, 331515	IN
S2-005529	Thistle nad Sons Ltd	186 Brightpath Street, Northgate Nagar, Nagpur, 447020	IN
S2-004477	Harborr Sunstone Consultancy Limited	193 Northgate Rd, Bluepeak Nagar, Indore	India
S2-005350	Maplecres Textiles P Ltd	368 Kestrel Main, Opp. Bus Depot, Summit Nagar, Coimbatore, Maharashtra	IN
S2-007671	Thistle Goldleaf Textiles Private Limited	280 Bluepeak Street, Cobalt Nagar, Behind Ganesh Temple, Surat	India
S2-004433	Harbor Cobalt	251 Kestrel Street, Behind Ganesh Temple, Surat	India
S2-001839	Onyx Electricals & Sons Pvt Ltd	301 Sunstone Cross Stonebridge Nagar Surat Maharashtra 700301	India
S2-006613	Ironwood, Textiles Corp	228 Bluepeak Boullevard, Cobalt Park, Tacoma, OH	US
S2-003139	Goldleaf Lantern Inudstries Pvt Ltd	Stonebridge Marg, Kestrel Nagar, Kochi, Tamil Nadu	IN
S2-005439	Ravenwoood Logistics	150 Harbor Marg, Indore, Tamil Nadu, 455254, Goldleaf Nagar	India
S2-000538	Electricals Ravenowod Ltd	22/35 Bluepeak Marg, Coimbatore, Gujarat, 678625	IN
S2-006684	Clearwater Servvices	21/53 Stonebridge Rd Behind the Civic Center Maplecrest Park Peoria 36925	United States
S2-000914	Kesrel Pvt Ltd	271 Orchid Cross, Kochi, Kerala, 374621	India
S2-008512	Stonebridge Systems	378 Bluepeak St Mobile OH 72720	IN
S2-006722	Ravenwood Fabrics Limited	143 Ravenwood Street, Northgate Nagar, Pune, 283088	IN
S2-008057	Silverline Consultancy and Sons Incorporated	266 Vertex Boulevard Ravenwood Park Mobile IL	United States
S2-006363	Ravenwood Systems Co	338 Onyx St, Redwood Park, Peoria, 12287	United States
S2-003599	Thislte, Chemicals LLC	345 Orchid Street, Goldleaf Park, Austin	US
S2-009274	Ravenwood Packaging and Sons Company	31/83 Sunstone Rd, Opp. Bus Depot, Falcon Nagar, Austin, Gujarat, 381786	India
S2-008881	Kestrel Ravenwood Systems Inc	Opp. City Library, 270 Redwood Ave, Ravenwood Park, Akron, 29529	USA
S2-001399	Goldleaff Motorss P Ltd	134 Apex St Jaipur Maharashtra 182335	IN
S2-002863	Onyx, Consulttancy	218 Northgate Ave, Harbor Park, Near Exit 14, Akron, 51447	USA
S2-008971	Quarry, Motors Ltd	364 Cobalt Ave, Quarry Park, Pune, 57387	US
S2-008503	Ravenwood Logistics	Near Metro Pillar 42, Bluepeak Street, Silverline Nagar, Indore, 901927	IN
S2-009280	Thistle Solutoins PP Ltd	18/46 Cobalt Rd, Lantern Nagar, Nagpur, MP, 980078	India
S2-000675	Harbor Industries Pvt Lttd	163 Lantern Main, Northgate Nagar, Indore, 440946	India
S2-004137	Mapecrest, Systems	Harbor St Northgate Nagar Jaipur Maharashtra	IN
S2-004845	Falcon PPackaging Corp	76 Silverline St, Orchid Park, Peoria, WA	US
S2-004943	Ravenwood	117 Onyx Blvd, Onyx Park, Lubbock, TX	US
S2-004159	Kestrel Logistics	Northgate Crs, Sunstone Nagar, Jaipur, 933124	IN
S2-001544	Enterprisses, Ravenwood Corp	3 Apex Boulevard Ravenwood Prak Peoria	USA
S2-000546	Juniper, Fabrics Pvt Ld	380 Orchid Marg, Surat, 901096	IN
S2-002121	Summit Logistics	Ravenwood Boulevard, Bluepeak Park, Opp. City Library, Mobile, 22936	US
S2-003842	Onyx Packagiing and Sons	17/78 Onyx Ave, Peoria	United States
S2-004210	Harbor Electricals Incorporated	Opp. City Library, 244 Falcon St, Kestrel Park, Fresno	US
S2-007196	Orchid Packaging and Sons Company	139 Bluepeak Marg, Indore, Rajasthan, 175525	United States
S2-001113	Bluepeak Juniper Enterprises Pvt Ltd	360 Onyx Rd, Thistle Nagar, Opp. Bus Depot, Pune, Kerala, 887556	IN
S2-004078	Sysetms Harbor Ravenwoo dPrivate Limited	Silverline Street, Pune, Kerala	IN
S2-005307	Cobalt Pvt Ld	Neaar SBI ATM, 82 Quarry St, Brightpath Nagar, Surat, Tamil Nadu, 956552	IN
S2-006178	Enterprises aFlcon Apex Corp	174 Ravenwood Dr, Near Exit 14, Clearwater Park, Austin, CA, 35676	USA
S2-008924	Trading  Clearwater Company	276 Thistle Mn, Apex Nagar, Nagpur, Kerala, 546944	United States
S2-009174	Lantern Lantern Textiles Corp	241 Lantern Avenue Apex Park Austin TX	United States
S2-002072	Blupeeak Corporation	329 Goldleaf Avenue, Near Exit 14, Lubbock, TX	US
S2-000328	Falcon, Systems Private Limited	84 Silverline Marg Behind Ganesh Temple Onyx Nagar Pune Rajasthan 733769	India
S2-009294	Kestrle Textiles Company	7/39 Vertex Dr, Opp. City Library, Tacoma	US
S2-003207	Onyx ChemicalsP vt Ltd	314 Kestrel Crs Summit Nagar Indore Kerala 293280	IN
S2-007348	Ravenwood Maplecrest Consultancy	Cobalt Mn, Cleaarwater Nagar, Nagpur, Rajasthan	IN
S2-006631	Bluepeak Quarry Sollutions & Sons Corp	27 Meridian Blvd, Quarry Park, Tacoma, 790330	United States
S2-006934	Juniper Sunstoone Logistics	353 Harbor Ave, Akron, IL	United States
S2-009175	Lantern Ironood	Vertx Road, Brightpath Park, AL, Mobile	US
S2-005749	Sumit Packaging Ltd	33/84 Stonebridge Marg, Apex Nagar, Pune, 881010	IN
S2-006160	Vrtex, Private Limited	258 QuarryS treet, Orchid Nagar, 488516, Jaipur	India
S2-006645	Sliverline Systems LLC	22 Vertex St, Quarry Park, Peoria, WA, 78256	USA
S2-008248	Vertex P Ltd	Thistle Ave, Behind the Civic Center, Goldleaf Park, Kochi	US
S2-004180	Lantern Onyx Corporation	214 Northgate Street Northgate Park Lubbock 75154	United States
S2-000129	Stonebridge Logistics	Quarry Dr, Sunstone Park, Peoria, IL, 85858	US
S2-003125	Falcon Bluepeak Fabrics & Sons Limited Liability Company	358 Orchid SSt, Cobalt Park, Mobile, 92781	US
S2-001230	Textiles Juniper Quarry and Sons	64 Kestrel Street, Goldleaf Nagar, Kochi, 936477	IN
S2-007724	Redwood Juniper Fabrics LLC	295 Maplecrest Rd, Lubbock, 24127	USA
S2-004094	Clearwater Thistle Pvt Ltd	329 Lantern Crrs, Vertex Nagar, Kochi	India
S2-008469	Juniper Trading Ltd	33 Onyx Main, Kestrel Nagar, Pune, Gujarat, 766600	India
S2-004212	Maplcerest Elecricals Pvt Ltd	Apex Cross, Behind Ganesh Temple, Nagpur	India
S2-004550	Maplecrest oC	Silverline Dr Summit Park Akron TX 67514	United States
S2-000967	Harbor Orchid nc	346 Sunstone Drive, Mobile, CA, 77731	US
S2-002079	Apex, Inc	88 Falcon Street, Goldleaf Park, Peoria, CA	USA
S2-005855	Services Summit LLC	Stonebridge St, Fresno, WA	United States
S2-003769	Meridia nConsultancy Limited	208 Goldleaf Marg, Cobalt Nagar, Kochi, MP	IN
S2-007979	Sunstnoe	29/25 Ravenwood Drive Maplecrest Park Lubbock 44831	United States
S2-005432	Apex, Textiles	30 Stonebridge Blvd Apex Park Tacoma TX	US
S2-002230	Vertex Packaging Corporation	222 Cobalt Avenue, Maplecrest Park, Akron, CA, 76464	US
S2-001224	Redwood Solutions Corportion	19 Sillverline Street, Harbor Park, Mobile, AL, 84352	US
S2-004605	Brightpath Maplecrest Fabric Private Limited	Behind Ganesh Temple, 153 Goldleaf Mn, Falcon Nagar, Indore, MP	IN
S2-005322	Ironwood SSystems Ltd	66 Harbor Rd, Opp. Bus Depot, Indore, Maharashtra, 168450	India
S2-000808	Redwood, Meridian Chemicals LLC	17 Stonebridge St Harbor Park Akron IL 94496	United States
S2-003366	Falcon Logistics Private Limited	107 Juniper Street Nagpur Tamil Nadu 427601	IN
S2-002851	Summiit Texttiles	150 Quarry Ave, Mobile, TX, 13531	USA
S2-005206	Sunstone Fabrics P Ltd	165 Onyx Marg, Bluepeak Nagar, Jaipur, 127880	IN
S2-003589	Chemicas Thistle P Ltd	204 Harbor Marg, Apex Nagar, Indore, MP, 528412	IN
S2-004126	Stonebridge Lantern and Sons Liimited	36 Apex Crs, Nagpur, 616914	IN
S2-003174	Orchid Industries	17 Sunstone Cross, Quarry Nagar, Jaipur, Gujarat	IN
S2-005038	Brightpath Electricals & Sonns	Vertex Park, Fresno, 20736, 326 Maplecrest Blvd	USA
S2-008211	Silverline Conusltanccy	Behind the Civic Center, 59 Falcon Street, Orchid Park, Lubbock, CA, 58651	United States
S2-005768	Apex, Logistics Limited	Summit Nagar, Pune, Gujarat, 552371, 38 Redwood Marg	India
S2-000183	Ravenwood Textiles Limited	316 Lantern Marg, Maplecrest Nagar, Surat, 692611	India
S2-000606	Brightpath Apex	229 Goldleaf Marg, Jaipur, MP, 257810	India
S2-004483	Onyx Chemicals & Sns P Ltd	344 Stonebridge Road, Coimbatore, MP	IN
S2-007529	Quarry Ltd	346 Silverline Main, Kestrel Nagar, Jaipur, Rajasthan, 850962	India
S2-003252	Ravenwood MotorsCo	Clearwater Park Austin 36548 39 Bluepeak Dr	USA
S2-009293	VertexO rchid Electricals Incorporated	293 Cobalt Drive, Falcon Park, Austin, CA	US
S2-006342	Ironwood Silverline Systems Private Limited	335 Orchid Marg, Kestrel Nagar, Nagpur, 692338	IN
S2-003535	Maplecrest Motors & Sons Pvt Ltd	138 Ironwood Street Verttex Nagar Surat MP 515498	India
S2-007708	Orchid Services & Sons P Ltd	Stonebridge Marg, Apex Nagar, Indore	India
S2-008155	Bluepeak Vertex Solutions Compnay	Redwood St, Fresno, CA	United States
S2-008895	Kestre Consultancy Compnay	137 Lantern Ave, Redwood Park, Akron, OH, 28182	United States
S2-007032	Juniper Goldleaf Systes	101 Northgate St, Stonebridge Nagar, Indore, 930028	India
S2-002330	Quarry Consultancy Co	157 Thistle Road Lubbock IL	US
S2-005562	Ravenwoood Textiles Limited	277 Cobalt Marg, Goldleaf Nagar, Indore, 118076	IN
S2-006277	Harbor Private Limited	390 Ironwood Main Apex Nagar Coimbatore 832622	IN
S2-008538	Juniper Apex Fabrics Co	Ironwood Ave, Silverline Park, Austin,, 65143	United States
S2-003608	Meidian td	205 Maplecrest Marg, Maplecrest Nagar, Pune, MP, 284510	IN
S2-003518	Juniper, Maplecrest Trading P Ltd	293 Summit Marg, Stonebridge Nagar, Napgur	India
S2-006673	Falcon Motors P Ltd	97 Stonebridge Street, Apex Nagar, Pune, Gujarat	IN
S2-005026	Redwood Harbor Textiles Corp	Falcon Park, Peoria, 13242, 120 Sunstone St	USA
S2-006364	Bluepeak Services & Sons Ltd	305 Thistle St Vertex Nagar Kochi	IN
S2-008018	Maplecest Ltd	361 Juniper Road Indore 565402	India
S2-003014	Verrtex & Sons Pvt Ltd	Summit Marg Falcon Nagar Jaipur 215922	India
S2-007561	Goldlleaf Services	363 Ravenwood Street, Kestrel Nagar, Indore,MP	India
S2-009201	Stonebridge, Enterprises Corporatoin	134 Redwood Street, Peoria, AL, 95341	USA
S2-003351	Vertex Chmicals Vertex and Sons Incorporated	306 Lantern Blvd, Lubbock, OH, 54983	USA
S2-001803	Logistics Bluepeak Limited Liability Company	173 Meridian Dr, Kestrel Park, Mobile, 55477	US
S2-008055	Sunstone Apex Chemicals	254 Brightpath Road, Silverline Park, Fresno	IN
S2-006107	Quuarry Northgate & Sons Co	Maplecrest Park, Austin, WA, 187 Onyx Dr	USA
S2-004442	Ravenwoodd Solutions Private Limited	19/70 Northgate Mn, Harbor Nagar, Jaipur, Kerala	IN
S2-001917	Goldleaf, Electricals Co	Cobalt Park, Mobile, IL, 88835, 191 Apex Boulevard	USA
S2-002834	Lantern Consultancy and Sons	10/36 Ravenwood St, Vertex Park, Lubbock, IL, 55674	USA
S2-005583	Solutions Limited	390 Summit Road, Orchid Nagarr, Surat, MP, 797744	IN
S2-005694	Sunsone Limited Liability Company	343 Ironwood Rd, Brightpath Park, Tacoma, AL	USA
S2-007157	Onyx, Services Company	167 Lantern Dr, Onyx Park, Lubbock, OH, 58215	USA
S2-002660	Meridian Fabrics Private Limited	281 Orchid Marg, Near SBI ATM, Pune	IN
S2-008454	Silverline Services Co	285 Juniper Dr, Clearwater Park, Fresno, CA	USA
S2-008265	Sunstone Trading Limited Liability Company	8/3 Summit Rd Silverline Park Akron AL 22958	USA
S2-005966	Systems Company	18/71 Meridian St, Harbor Park, Lubbock, CA	USA
S2-007825	Orchid Systems & Sonss Inc	61 Goldleaf Drive, Sunstone Park, Fresno, OH, 25755	USA
S2-007678	Thistle Solution Limited	30 Brightpath Mn Kochi 967633	India
S2-000464	Onyx Logistics Inc	84 Quarry Blvd Behind the Civic Center Quarry Park Mobile TX	US
S2-005116	Juniper Private Limited	393 Vertex Marg Meridian Nagar Coimbatore 678798	India
S2-007011	Brightpath Incorproated	Peoria, TX, 91424, 259 Kestrel Boulevard	USA
S2-005980	Vertex Industries Corp	151 Ravenwood Street, Orchid Park, Behind the Civic Center, Fresno, 80760	USA
S2-000993	Falcon Northgate Industries and Sons Company	71 Stonebridge Dr, Juniper Park, Tacoma, WA	United States
S2-009171	Redwood Solutions	Opp. Bus Depott, 99 Juniper Crs, Orchid Nagar, Surat, 908263	India
S2-005172	Cobalt Trading Corporation	81 Silverline Avenue, Summit Park, Mobile, IL, 40159	USA
S2-005440	Silverline, Packaging Pvvt Ltd	255 Redwood Road, Kestrel Nagar, Kochi, Maharashtra, 557604	India
S2-006598	Blluepeak Services Ltd	20 Summit Street, Kestrel Nagar, Surat, Gujarat, 588888	IN
S2-001981	Claerwater Fabrics Co	252 Cobalt Avenue, Harbor Park, Peoria, OH	USA
S2-008047	Harbor Juniper Systems LLC	387 Northgate Road, Vertex Park, Peoria, IL, 81476	United States
S2-000500	Brightpath, Consultancy and SonsLimited Liability Company	165 Ravenwood Street, Lubbbock, 94787	United States
S2-003236	Redwodo Bluepeak Ltd	67 Lantern Rd, Bluepeak Nagar, Indore, 615335	India
S2-002601	Goldleaf, Apex IInc	27 Harbor Dr Northgate Park Mobile IL 68004	United States
S2-001744	Apex Enterpries Pvt Ltd	4/14 Stonebridge Main, Redwood Nagar, Coimbatore, Rajasthan, 205463	IN
S2-000586	Cobalt Systemss & SonsLtd	Behind Ganesh Temple, 164 Stonebridge Marg, Juniper Nagar, Coimbatore, Gujarat, 191001	IN
S2-005507	Clearwater Trading	Onyx Street, Sunstone Nagar, Jaipur, Rajasthan, 445677	IN
S2-008320	Onyx Chemicals Ravenwood & Sons Private Limited	352 Vertex Rd, Meridian Nagar, Pune, 587339	India
S2-007137	Redwood Services P Ltd	286 Clearwater St, Kestrel Nagar, Surat	IN
S2-004535	Chemicals Clearwater P Ltd	221 Quarry Street, Goldleaf Nagar, Kochi	IN
S2-006376	Harbor Meridian  Packaging Inc	303 Juniper St Harbor Park Tacoma CA 41619	US
S2-006057	Ravenwood P Ltd	306 Bluepeak Street, Jaipur, Tamil Nadu	IN
S2-008947	Goldleaf Suummit Solutions and Sons Pvt Ltd	Near Metro Pillar 42, 28 Northgate Street, Goldleaf Nagar, Surat, MP	IN
S2-007087	Lantern	Nagpur 51573 21 Thistle Blvd	United States
S2-000788	Solutioons	262 Onyx Main, Quarry Nagar, Kochi, 295499	India
S2-001689	Maplecrest	237 Onyx Main, Kochi, Gujarat, 176895	India
S2-003438	Orchid Serviecs Corporation	22 Stonebridge Avenue Onyx Park Tacoma TX 34367	US
S2-008849	Vertex Fooods P Ltd	24 1Falcon Rd, Harbor Nagar, Indore, 691675	India
S2-009140	Sunstone Consutancy LLC	193 Redwood Dr, Juniper Park, Akron, OH	USA
S2-002700	Apex Logistis Private Limited	132 Summit Rad, Stonebridge Nagar, Jaipur, 351233	IN
S2-009148	Bluepeak Industries Qarry Company	333 Ravenwood Ave, Kestrel Park, Mobile, AL	USA
S2-008902	Thistl eElectricals & Sons Limited	98 Apex Rd, Stonebridge Nagar, Indore	India
S2-000727	StonebridgeEnterprises Corp	309 Quarry Boulevard Brightpath Park Fresno	United States
S2-008459	Stonebbridge Co	Stonebridge Dr, Apex Park, Peoria, CA, 91663	USA
S2-007244	Sunstone, Bluepeak Consultancy & Sons Private Limited	Behind Ganesh Temple, 80 Juniper Cross, Surat, Tamil Nadu, 524706	IN
S2-005465	Electricals Sunstone Inc	321 Silverline Rd, Thistle Park, Tacom,a AL	United States
S2-002838	Harbor Bluepeak Chemicals Ltd	128 Clearwater Rd, Meridian Nagar, Nagpur, MP	IN
S2-004112	Northgate Ravenwood Eletcricaals Co	58 Thistle Ave, Mobile, IL	USA
S2-008349	Orchid Soltions Limited	20/57 Falcon St, Jaipur, 110386	IN
S2-006702	Brightpath Electtricals Private Limited	149 Summit Rd, Indore, 105538	IN
S2-006703	Stonebridge Services Lmited	214 Silverline Crs, Apex Nagar, Jaipur, 799184	IN
S2-003283	Ironwood  Inc	348 Juniper Blvd, Opp. City Library, Mobile, 33581	USA
S2-006217	Sunstone Apex Electricasl Pv tLtd	83 Northgate Rd, Stonebridge Nagar, 419732, Kochi	India
S2-003388	Quarry Lantern Private Limited	197 Ravenwood Marg, Ravenwood Nagar, Jaipur, Tamil Nadu, 472786	IN
S2-004938	Maplecrest, Industries and Sons Incorporated	1033 Juniper Street, Ravenwood Park, Fresno, IL	US
S2-004397	Thistle Tradingg & Sons Ltd	22 Apex Main, Northgate Nagar, Behind Ganesh Teemple, Nagpur, Gujarat, 106987	IN
S2-008461	Qarry, Services Pvt Ltd	256 Ironwood Dr, Near Exit 14, Jaipur, Summit Park	United States
S2-003372	Ironwood Kestrel Services Pvt Ltd	267 Silverline St, Silverline Nagar, Kocih, MP, 877588	IN
S2-000736	Kestrel Consultancy Private Limited	324 Ravenwood Cross, Ravenwood Nagar, Jaipur, 198248	India
S2-005704	Redwoo dCo	137 Lantern Dr, Near Exit 14, Orchid Park, Fresno, 25934	US
S2-005844	Goldleaf Logistics Limited	373 Redwood Main,, Coimbatore	IN
S2-007022	Irnowood & Sons Co	67 Ravenwood Ave, Sunstone Park, Tacoma, TX, 53164	United States
S2-008656	Silverline Enterprises Private Limited	Behind Ganesh Temple 22 Juniper Road Cobalt Nagar Nagpur Maharashtra	India
S2-007836	Clearwater Juniper Chemicals	177 Orchid Drive, Opp. City Library, Cobalt Park, Akron, WA	India
S2-008708	Falcon, Consultancy Corp	184 Maplecrest Dr Vertex Park Peoria CA 30400	United States
S2-005606	Brightpath Quarry Corporation	23 Redwood Drive, Quarry Park, Mobile, WA, 53488	US
S2-002326	Thistle FoodsHarbor Private Limited	19 Vertex Marg, Falcon Nagar, Jaipur, 552187	IN
S2-006025	Cobalt Enterprises Orchid Private Limited	17 Kestrel Road, Quarry Nagar, Kochi, Kerala, 710886	India
S2-004045	Silverline and Sons Pvt Ltd	299 Sunstone Cross, Apex Nagar, Pune, Tamil Nadu	India
S2-000134	Northgate Ironwood Limited Liability Company	52 Onyx Avenue, Akron, IL, 90445	USA
S2-008333	Ravenwood Motors &  Sons	224 Maplecrest Street, Brightpath Park, Tacoma, 55926	USA
S2-005131	Quarry Limited Liability Company	Kestrel Rd, Peoria, AL, 27156	USA
S2-003025	Foods Ravenwood & Sons	Near Metro Pillar 42 368 Apex Road 433999 Surat	India
S2-003990	Northgate, Consultancy	38 Cobalt Mn, Vertex Nagar, Kochi, Tamil Nadu	IN
S2-002381	Harrbor Industries Private Limited	Behind Ganesh Temple, Jaipur, 724517, 236 Cobalt Crs	IN
S2-006884	Harbor Services orp	177 Thistle St, Apex Park, Akron, CA, 11280	US
S2-009312	Quarry Foosd & Sons Private Limiited	Near Metro Pillar 42, 352 Apex St, Orchid Nagar, Kochi, MP, 710038	India
S2-000112	Goldleaf Electricals & Sons Pvt Ltd	350 Meridian Mar,g Coimbatore, MP, 503672	IN
S2-008421	Juniper Meridian Trading Incorporated	356 Thistle Marg Cobalt Nagaar Pune 436694	US
S2-000701	Clearwater Goldleaf Enterprises	197 Meridian Drive, Stonebridge Park, Tacoma, 74303	United States
S2-009210	Thistle, Packaging Co	318 Quarry Rd, Lubbock, Rajasthan, 897334	IN
S2-005474	Maplecrest Privat Limited	103 Silverline Crs, Falcon Nagar, MP, 422962, Kochi	India
S2-008108	Falcon LLC	335 Meridian Rd, Akron, 685743	India
S2-005926	Brightpath Solutions Incorporated	18 Orchid Rd, Clearwater Park, Tacoma, OH	USA
S2-004811	Habror  Solutions	319 Clearwater Rd Coimbatore 944484 Quarry Nagar	IN
S2-003510	Stonebridge Cobalt	Near SBI ATM 20 Clearwater Rd Clearwater Nagar Kochi Tamil Nadu 399121	IN
S2-008562	Clearwater Packaging Co	85 Kestrel Boulevard, Lantern Park, Peorria, 28298	USA
S2-008315	Harbor Thistle Industries Corp	Near Exit 14, 7/89 Onyx Blvd, Austin, CA, 35483	United States
S2-008035	Harbor Pacakging Private Limited	107 Juniper St, Nagpur	India
S2-002276	Ony Meeridian Logistics	Bluepeak Marg, Brightpath Nagar, Jaipur, 360239	IN
S2-008178	Meridian Industries Private Limited	31/17 Silverline Crs, Kestrel Nagar, Jaipur, 534553	India
S2-008781	Quarry and Sons LLC	229 Ravenwood Street, Clearwater Park, Lubbock, CA	United States
S2-005097	Ironwood Industries and Sons	Redwood Ave, Lubbock, 10060	US
S2-000251	Summit Goldleaf Industriees Incorporated	87 Vertex Road, Ironwood Park, Mobile, 63117	USA
S2-004649	Kestrel Thistle Trading & Sons Co	165 Cobalt Road, Juniper Park, Austin	United States
S2-001591	Stonebridge IIndustries Ltd	389 Apex Road, Bluepeak Nagar, Coimbatore	India
S2-004275	Orchid Northgate Co	324 Lantern Road, Lantern Park, Lubbock, CA, 25885	United States
S2-003894	Orchid Services Corporation	165 Orchid Boulevard, Peoria	US
S2-005815	Orchi LLC	175 Ravenwood Blvd, Meridian Park, Tacoma, 45040	United States
S2-003792	Maplecrest Industriess Inc	340 Lantern Ave, Clearwater Par,k Lubbock, AL, 30644	US
S2-004271	Meridian, Industries & Sons Ltd	85 Quarry Marg Summit Nagar Indore Gujarat	IN
S2-008158	Maplecreest Services	Cobalt Mn, Apex Nagar, Pune, Kerala, 748227	IN
S2-002801	Cobalt Trading and Sons Private Limited	143 Ravenwood St, Ravenwood Nagar, Kochi, Kerala, 189829	India
S2-003155	Maplecrest Foods and Sons P Ltd	74 Ironwood Marg Vertex Nagar Jaipur Kerala	India
S2-004459	Sunstone Orchid P Ltd	237 Orchid Rd, Harbor Nagar, Kochi	India
S2-007864	Clearwater, Systems& Sons	Near Metro Pillar 42 347 Falcon Road Cobalt Nagar Coimbatore Gujarat 483177	IN
S2-003521	Ravenwood Systems Ltd	Lantern Mn, Harbor Nagar, Kochi, Gujarat, 452867	IN
S2-001567	Summit, Chemicals Incrporated	140 Stonebridge Road, Sunstone Park, Lubbock	USA
S2-005544	Sunstone, Bluepeak Motors Limited Liability Company	229 Lantern Boulevard, Northgate Park, Tacoma, WA, 97998	USA
S2-000212	Northgtae Consultancy Private Limited	2 Brightpath Rd, Lantern Nagar, Coimbatore, Maharashtra, 553990	India
S2-008872	Silverline Consultancy and Sons Ltd	77 Ironwood Ave, Opp. City Library, Northgate Pak, Coimbatore	US
S2-004345	Faalcon Limited	369 Orchid Cross Ravenwood Nagar Jaipur Rajasthan	IN
S2-008561	Goldleaf Services Co	25 Onyx St, Onyx Park, Lubbock, IL	United States
S2-000298	Kestrel Industries LLC	Opp. City Library 44 Clearwater Ave Cobalt Park Mobile WA 40534	US
S2-001394	ApexBluepeak	267 Sunstone Marg Harbor Nagar Maharashtra 936454 Kochi	IN
S2-005520	Summit Sunstone Chemicals	203 Quarry Rd, Harbor Nagar, Kochi, Maharashtra, 456821	India
S2-000741	Electricals Redwood Private Limited	325 Onyx Marg, Sunstone Nagar, Jaipur, 404866, Maharashtra	India
S2-003481	Juniper Industries	Behind Ganesh Temple, 23 Harbor ain, Falcon Nagar, Jaipur, Gujarat, 474663	India
S2-005549	Ironwood LLC	219 Harbor Dr, Onyx Park, Lubbock, CA, 41126	United States
S2-001939	Kestrel Industries Company	148 Stonebridge Avenue, Stonebridge Park, Fresno, AL	United States
S2-008173	Northgate Harbor System Corp	154 Bluepeak Crs Stonebridge Nagar Nagpur MP 297838	United States
S2-007624	Qarry Trading Inc	Opp. Bus Depot, 70 Maplecrest Cross, Kestrel Nagar, Jaipur, Kerala, 777199	USA
S2-006408	Lantern Logistics and SSons Limited Liability Company	238 Maplecrest Drive, Silverline Park, Tacoma, CA	USA
S2-003255	Lantern Solutions	276 Falcon Marg, Pune	IN
S2-008554	Clearwater Trading Limited	Stonebridge Cross Gooldleaf Nagar Indore Tamil Nadu 982985	IN
S2-004075	Brighhtpath, Electricals Pvt Ltd	Summit Road, Ravenwood Nagar, Kochi, Tamil Nadu, 126320	IN
S2-003211	Ironwood Redwood Packaging Co	Opp. City Library, 217 Juniper St, Fresno	US
S2-002115	Consultancy  Maplecreest Incorporated	Opp. City Library 121 Ironwood Dr Lubbock Silverline Park	US
