entity_id	business_name	business_address	country
S1-000000	Kestrel Services Limited	156 Maplecrest Street, Goldleaf Nagar, Nagpur	IN
S1-000001	Summit Textiles Incorporated	73 Onyx Street, Lantern Park, Tacoma, TX, 20544	United States
S1-000002	Northgate Juniper Foods Limited Liability Company	Near Exit 14, 32 Harbor Street, Onyx Park, Fresno, 38675	US
S1-000003	Silverline Bluepeak Chemicals Private Limited	2/70 Ravenwood Rd, Cobalt Nagar, Pune, Kerala	IN
S1-000004	Silverline Bluepeak Chemicals Private Limited	306 Harbor Street, Surat, MP, 372769	India
S1-000005	Thistle Apex Trading Limited Liability Company	188 Meridian Drive, Vertex Park, Lubbock, AL, 89638	USA
S1-000006	Harbor Systems Limited Liability Company	38/87 Silverline Blvd, Ravenwood Park, Austin, 38853	USA
S1-000007	Brightpath Fabrics Private Limited	374 Clearwater Marg, Opp. Bus Depot, Vertex Nagar, Pune, Gujarat, 538164	India
S1-000008	Onyx Thistle Fabrics Private Limited	Goldleaf Road, Kestrel Nagar, Near SBI ATM, Indore, 473873	IN
S1-000009	Goldleaf Solutions Private Limited	Behind Ganesh Temple, 338 Thistle Marg, Pune, Tamil Nadu	IN
S1-000010	Harbor Bluepeak Fabrics Incorporated	12/54 Ravenwood Boulevard Bluepeak Park Fresno 54615	USA
S1-000011	Harbor Bluepeak Fabrics Incorporated	358 Sunstone St Fresno 38669 TX	United States
S1-000012	Cobalt Ravenwood Packaging Company	30/25 Clearwater Dr Behind the Civic Center Cobalt Park Austin IL	United States
S1-000013	Harbor Systems Private Limited	Falcon Street, Falcon Nagar, Nagpr, Tamil Nadu, 395873	IN
S1-000014	Juniper Vertex Textiles Incorporated	343 Juniper Ave,, Thistle Park, Mobile, CA, 44092	USA
S1-000015	Ravenwood Logistics Private Limited	Bluepeak Nagar, Jaipur, 863430, 184 Redwood Mn	India
S1-000016	Vertex Fabrics Private Limited	3/59 Brightpath Cross, Juniper Nagar, Pune	IN
S1-000017	Vertex Fabrics Private Limited	1449 Thistle Street, Kestrel Nagar, Pune, Rajasthan, 641338	India
S1-000018	Kestrel Fabrics Limited Liability Company	253 Apex Road, Kestrel Park, Akron, CA, 62153	US
S1-000019	Ironwood Quarry Trading Limited	267 Vertex Rd, Lantern Nagar, Jaipur, 831189	IN
S1-000020	Orchid Cobalt Textiles Corporation	27 Cobalt Avenue Kestrel Park Lubbock 32041	US
S1-000021	Quarry Solutions Corporation	51 Maplecrest Ave, Fresno, IL	United States
S1-000022	Orchid Packaging Private Limited	169 Bluepeak Marg Northgate Nagar Near Metrro Pillar 42 Kochi MP 271569	India
S1-000023	Brightpath Textiles Incorporated	298 Summit Blvd, Stonebridge Park, Akron, IL, 58732	USA
S1-000024	Brightpath Textiles Incorporated	165 Onyx Ave, Near Exit 14, Brightpath Park, Akron, TX, 80054	United States
S1-000025	Brightpath Chemicals Limited	194 Goldleaf Marg, Brightpath Nagar, Near Metro Pillar 42, Surat	India
S1-000026	Sunstone Brightpath Motors Private Limited	138 Quarry Mn, Maplecrest Nagar, Nagpur, 513234	IN
S1-000027	Maplecrest Redwood Foods Limited Liability Company	6/10 Redwood Dr, Meridian Park, Tacoma	US
S1-000028	Sunstone Textiles Company	120 Northgate Rd, Ravenwood Park, Tacoma, 10048	United States
S1-000029	Sunstone Textiles Company	Goldleaf Road, Clearwater Park, Mobile, WA, 93984	USA
S1-000030	Vertex Textiles Private Limited	101 Apex Cross, Vertex Nagar, Pune, MP	IN
S1-000031	Stonebridge Quarry Motors Private Limited	Brightpath St, Brightpath Nagar, Jaipur, Rajasthan, 456277	India
S1-000032	Harbor Stonebridge Motors Private Limited	389 Summit Street Stonebridge Nagar Nagpur Maharashtra 645994	India
S1-000033	Onyx Enterprises Limited	87 Quarr Rd, Indore, 947181	IN
S1-000034	Lantern Logistics Incorporated	397 Redwood Street, Onyx Park, Lubbock, AL, 12757	United States
S1-000035	Orchid Kestrel Packaging Private Limited	76 Goldleaf Cross, Thistle Nagar, Kochi, 969996	IN
S1-000036	Apex Consultancy Limited	197 Silverline Marg, Indore, 620415	India
S1-000037	Quarry Electricals Private Limited	8 Kestrel Rd Ironwood Nagar Pune Gujarat	India
S1-000038	Apex Electricals Corporation	36 Apex Dr, Orchid Park, Akron, 28461	US
S1-000039	Apex Electricals Corporation	33 Summit Avenue, Goldleaf Park, Fresno, OH, 69121	US
S1-000040	Juniper Industries Incorporated	351 Meridian Boulevard, Maplecrest Park, Fresno, 69537	USA
S1-000041	Falcon Logistics Incorporated	Behind the Civic Center, Redwood Rd, Brightpath Park, Akron, 36481	USA
S1-000042	Thistle Systems Private Limited	Goldleaf Marg, Lantern Nagar, Jaipur, 811042	India
S1-000043	Summit Logistics Private Limited	Falcon Rd, Sunstone Nagar, Indore, Gujarat, 374305	India
S1-000044	Maplecrest Silverline Enterprises Private Limited	7/66 Ironwood Marg Cobalt Nagar Indore	India
S1-000045	Stonebridge Solutions Company	297 Ravenwood Dr, Mobile, TX, 28528	United States
S1-000046	Stonebridge Solutions Company	16/28 Kestrel Rd, Near Exit 14, Summit Park, Peoria, 28873	USA
S1-000047	Kestrel Foods Corporation	Near Exit 14, 380 Vertex Dr, Lubbock, TX, 99654	USA
S1-000048	Sunstone Bluepeak Services Limited	319 Onyx Rd, Near SBI ATM, Kochi, 359202	IN
S1-000049	Orchid Foods Private Limited	221 Brightpath n, Coimbatore, Rajasthan, 856839	India
S1-000050	Juniper Harbor Packaging Limited Liability Company	17 Meridian Avenue, Akron,W A	USA
S1-000051	Cobalt Cobalt Trading Incorporated	Ironwood Blvd Mobile IL 27688	United States
S1-000052	Cobalt Cobalt Trading Incorporated	250 Ravenwood St, Summit Park, Austin, WA	USA
S1-000053	Maplecrest Quarry Packaging Private Limited	38 Ravenwood St Redwood Nagar Coimbatore Tamil Nadu 811330	India
S1-000054	Orchid Systems Company	129 Cobalt Blvd, Clearwater Park, Akron, OH	USA
S1-000055	Harbor Logistics Company	32/41 Sunstone Street, Falcon Park, Behind the Civic Center, Fresno, WA	US
S1-000056	Onyx Industries Incorporated	Maplecrest Blvd, Ironwood Park, Austin, IL	USA
S1-000057	Brightpath Consultancy Limited Liability Company	52 Silverline Rd Juniper Park Akro WA	United States
S1-000058	Sunstone Enterprises Company	Opp. City Library, 173 Northgate Blvd, Tacoma	US
S1-000059	Onyx Motors Limited	212 Maplecrest Main, Clearwater Nagar, Coimbatore, 641470	IN
S1-000060	Kestrel Consultancy Private Limited	215 Harbor Crs, Junipe Nagar, Indore, 236579	India
S1-000061	Bluepeak Consultancy Incorporated	388 Quarry Road, Lubbock, 94097, Sunstone Park	United States
S1-000062	Ravenwood Meridian Foods Limited	144 Kestrel Road, Goldleaf Nagar, Coimbatore, Maharashtra, 414984	India
S1-000063	Brightpath Quarry Textiles Limited	41 Lantern Marg, Indore, 418066, MP	IN
S1-000064	Lantern Foods Limited Liability Company	274 Thisle Boulevard, Vertex Park, Peoria, WA	United States
S1-000065	Meridian Foods Private Limited	380 Ravenwood Street, Quarry Nagar, Kochi, 913392	India
S1-000066	Meridian Foods Private Limited	184 Maplercest Street, Quarry Nagar, Indore, Gujarat	IN
S1-000067	Stonebridge Textiles Limited	Behind Ganesh Temple, Redwood St, Clearwater Nagar, Pune, 913475	IN
S1-000068	Stonebridge Textiles Limited	351 Juniper Cross Pune 291956	India
S1-000069	Harbor Brightpath Enterprises Private Limited	217 Quarry Road, Thistle Nagar, Coimbatore, 398735, Rajasthan	India
S1-000070	Meridian Enterprises Corporation	131 Sunstone Dr Tacoma 61767	US
S1-000071	Cobalt Falcon Consultancy Company	Behind the Civic Center 207 Brightpath Blvd Vertex Park Akron CA	US
S1-000072	Cobalt Falcon Consultancy Company	235 Onyx Street, Kestrel Park, Akron, WA	USA
S1-000073	Stonebridge Consultancy Private Limited	191 Harbor Road, Behind Ganesh Temple, Kochi	IN
S1-000074	Silverline Brightpath Systems Corporation	366 Onyx Drive, Silverline Park, Peoria, TX, 90737	United States
S1-000075	Harbor Consultancy Corporation	156 Onyx St, Meridian Park, Austin, TX, 61323	United States
S1-000076	Harbor Consultancy Corporation	245 Lantern Dr Lantern Park Fresno WA 42440	United States
S1-000077	Meridian Silverline Systems Limited	18 Ravenwood Rd, Juniper Nagar, Coimbatore, Maharashtra, 699993	IN
S1-000078	Cobalt Services Incorporated	250 Summit Road, Northgate Park, Fresno, WA, 96420	USA
S1-000079	Cobalt Services Incorporated	345 Maplecres tStreet, Ravenwood Park, Fresno	US
S1-000080	Silverline Sunstone Industries Corporation	269 Silverline Dr Orchid Park Lubbock AL 83286	US
S1-000081	Sunstone Fabrics Private Limited	170 Goldleaf Crs, Ironwood Nagar, Pune, Tamil Nadu, 562392	India
S1-000082	Juniper Foods Corporation	106 Sunstone Street, Redwood Park, Austin, TX	United States
S1-000083	Brightpath Electricals Limited Liability Company	33/31 Meridian Avenue, Meridia Park, Peoria, TX, 74384	US
S1-000084	Brightpath Electricals Limited Liability Company	26/51 Ravenwood Rd, Orchid Park, Peoria, TX	United States
S1-000085	Apex Juniper Motors Private Limited	168 Harbor Rd, Orchid Nagar, Jaipur, Tamil Nadu	India
S1-000086	Kestrel Fabrics Private Limited	304 Meridian Cross Surat	IN
S1-000087	Apex Services Incorporated	105 Harbor Ave, Falcon Park, Akron, OH, 90632	United States
S1-000088	Apex Services Incorporated	34 Northgate Road Akron 94893	USA
S1-000089	Ravenwood Packaging Private Limited	253 Apex Marg, Kestrel Nagar, Indore	IN
S1-000090	Ravenwood Packaging Private Limited	22/40 Ironwood St Bluepeak Nagar Indore Kerala 523028	IN
S1-000091	Thistle Textiles Private Limited	16/32 Kestrel Marg, Behind Ganesh Temple, Stonebridge Nagar, Coimbatore, Kerala, 297557	IN
S1-000092	Thistle Textiles Private Limited	196 Bluepeak Street, Maplecrest Nagar, Jaipur, Kerala, 745062	IN
S1-000093	Harbor Consultancy Private Limited	160 Thistle Street, Near Metro Pillar 42, Bluepeak Nagar, Kochi, Gujarat, 334925	IN
S1-000094	Juniper Thistle Textiles Company	302 Bluepeak Blvd, Lubbock, 46902	USA
S1-000095	Harbor Quarry Enterprises Limited Liability Company	361 Stonebridge Dr, Falcn Park, Lubbock, WA, 49801	United States
S1-000096	Harbor Quarry Enterprises Limited Liability Company	25 Harbor Ave, Ironwood Park, Lubbock, WA	United States
S1-000097	Stonebridge Foods Corporation	38/79 Vertex Road, Onyx Park, Lubbock, 51011	US
S1-000098	Summit Brightpath Industries Company	Akron, OH, 12/88 Thistle St	United States
S1-000099	Thistle Motors Incorporated	101 Quarry Ave, Redwood Park, Akron, CA, 20628	US
S1-000100	Thistle Motors Incorporated	Behind the Civic Center, Akron, 33478, 2 Silverline Ave	US
S1-000101	Apex Chemicals Company	378 Clearwater Rd, Kestrel Park, Fresno, 42601	United States
S1-000102	Clearwater Solutions Limited	251 Cobalt Rd, Orchid Nagar, Kochi, Rajasthan	India
S1-000103	Clearwater Solutions Limited	124 Apex Street, Kochi	IN
S1-000104	Juniper Textiles Private Limited	300 Harbor Street, Summit Nagar, Jaipur, Maharashtra, 301343	India
S1-000105	Juniper Textiles Private Limited	46 Clearwater Rd, Behind Ganesh Temple, Jaipur, Gujarat	IN
S1-000106	Harbor Textiles Corporation	294 Sunstone St, Stonebridge Park, Lubbock, OH, 88035	USA
S1-000107	Thistle Onyx Services Company	228 Northgate Blvd, Cobalt ark, Peoria, WA	US
S1-000108	Meridian Solutions Company	317 Apex Avenue, Near Exit 14, Fresno, IL, 47245	USA
S1-000109	Meridian Solutions Company	186 Juniper Boulevrd, Brightpath Park, Akron, AL, 89732	United States
S1-000110	Thistle Chemicals Limited Liability Company	Opp. City Library, 245 Sunstone St, Mobile	USA
S1-000111	Harbor Electricals Limited	377 Ironwood Main, Kochi, 372037	India
S1-000112	Maplecrest Solutions Private Limited	324 Ravenwood Crs, Bluepeak Nagar, Coimbatore, MP	India
S1-000113	Clearwater Motors Limited	295 Kestrel Mn, Redwood Nagar, Coimbatore, 655914	IN
S1-000114	Clearwater Motors Limited	342 Sumimt Cross, Harbor Nagar, Coimbatore, MP, 135663	India
S1-000115	Kestrel Logistics Limited	74 Falcon St, Apex Nagar, Nagpur, Maharashtra	India
S1-000116	Kestrel Logistics Limited	Near SBI ATM, 207 Quarry Main, Lantern Nagar, Pune, Kerala, 5885696	IN
S1-000117	Brightpath Foods Limited	Silverline Main, Quarry Nagar, Kochi, 837666	IN
S1-000118	Summit Motors Private Limited	43 Stonebridge St, Silverline Nagar, Indore, Maharashtra, 381519	IN
S1-000119	Stonebridge Fabrics Private Limited	357 Maplecrest St, Northgate Nagar, Pune	IN
S1-000120	Goldleaf Systems Limited Liability Company	200 Quarry Dr, Redwood Park, Akron	US
S1-000121	Goldleaf Systems Limited Liability Company	321 Silverline Blvd, Lantern Park, Akron, IL, 69600	United States
S1-000122	Quarry Foods Private Limited	219 Vertex Road, Falcon Nagar, Kochi, Gujarat, 144394	India
S1-000123	Apex Chemicals Company	339 Apex tSreet Onyx Park Akron IL	US
S1-000124	Meridian Services Incorporated	177 Orchid Drive, Akron, WA, Cobalt Park	USA
S1-000125	Vertex Foods Limited Liability Company	28/67 Summit Blvd, Ravenwood Park, Tacoma, AL, 49886	US
S1-000126	Vertex Foods Limited Liability Company	373 Goldleaf Blvd, Cobalt Park, Lubbock, CA, 55217	United States
S1-000127	Sunstone Summit Consultancy Private Limited	Opp. Bus Depot, 7/1 Maplecrest Cross, Onyx Nagar, Jaipur, 116519	India
S1-000128	Thistle Packaging Limited Liability Company	110 Stonebridge Street Cobalt Park Lubbock 70194	US
S1-000129	Sunstone Consultancy Incorporated	Onyx Ave, Northgate Park, Peoria, OH, 53853	US
S1-000130	Juniper Summit Consultancy Limited Liability Company	249 Orchid Ave, Bluepeak Park, Lubbock, CA, 55059	US
S1-000131	Stonebridge Chemicals Company	363 Redwood St, Cobalt Park, Akron, TX, 37811	USA
S1-000132	Stonebridge Chemicals Company	366 Goldleaf Road Sunstone Park Mobile WA 16500	USA
S1-000133	Goldleaf Electricals Private Limited	64 Onyx Road, Harbor Nagar, Coimbatore, Gujarat	IN
S1-000134	Goldleaf Electricals Private Limited	350 Meridian Marg, Orchi dNagar, Coimbatore, MP	India
S1-000135	Apex Textiles Limited	9/63 Kestrel Mn, Stonebridge Nagar, Near SBI ATM, Jaipur, Tamil Nadu, 688946	India
S1-000136	Orchid Solutions Limited	Behind Ganesh Temple 13 Summit Street Indore Gujarat 389365	India
S1-000137	Bluepeak Electricals Private Limited	335 Falcon Crs Stonebridge Nagar Indore Tamil Nadu 664168	India
S1-000138	Ravenwood Industries Private Limited	Behind Ganesh Temple, 228 Falcon Mn, Ravenwood Nagar, Pune, Gujarat	IN
S1-000139	Bluepeak Logistics Corporation	324 Summit Street Orchid Park Tacoma IL 80080	US
S1-000140	Clearwater Consultancy Incorporated	34/15 Lantern Ave, Akron, WA, 92054	United States
S1-000141	Kestrel Ravenwood Trading Limited	164 Juniper Mn Kestrel Nagar Nagpur 864509 Tamil Nadu	IN
S1-000142	Vertex Trading Limited	Apex Mn, Jaipur, 317270	IN
S1-000143	Meridian Maplecrest Solutions Private Limited	391 Maplecrest Marg, Near SBI ATM, Redwood Nagar, Jaipur, Kerala	IN
S1-000144	Meridian Maplecrest Solutions Private Limited	39 Apex Marg, Stonebridge Nagar, Jaipur, 338142, Tamil Nadu	India
S1-000145	Kestrel Chemicals Company	229 Brighttpath St, Maplecrest Park, Peoria, OH, 98180	United States
S1-000146	Redwood Chemicals Company	Meridian St, Falcon Park, Austin, AL, 83466	United States
S1-000147	Lantern Chemicals Corporation	16 Vertex Drive, Clearwater Park, Austin, TX, 64411	United States
S1-000148	Summit Services Corporation	Summit Bouulevard, Vertex Park, Lubbock, WA, 86504	United States
S1-000149	Summit Services Corporation	23 Ravenwood Drive Goldleaf Park Lubbock	US
S1-000150	Brightpath Northgate Foods Company	357 Apex Avenue, Northgate Park,A kron, IL, 13049	USA
S1-000151	Onyx Bluepeak Solutions Corporation	327 Onyx Avenue Ironwood Park Tacoma 40697	United States
S1-000152	Onyx Bluepeak Solutions Corporation	198 Apex Rdd, Ravenwood Park, Lubbock, 43293	USA
S1-000153	Stonebridge Logistics Corporation	195 Quarry Drive, Sunstone Park, Peoria, 85858	US
S1-000154	Stonebridge Logistics Corporation	263 Brightpath Road, Peoria, 84978	US
S1-000155	Northgate Ironwood Textiles Limited Liability Company	Behind the Civic Center, 52 Onyx Ave, Akron, 90454	USA
S1-000156	Quarry Textiles Incorporated	349 Ironwood DDr, Juniper Park, Austin	US
S1-000157	Lantern Cobalt Enterprises Incorporated	293 Thistle St, Redwood Park, Fresno, 47791	United States
S1-000158	Silverline Textiles Corporation	Behind the Civic Center, 35/3 Kestrel Ave, Austin, CA	USA
S1-000159	Meridian Lantern Industries Corporation	Vertex Rd Bluepeak Park Lubbock IL	USA
S1-000160	Kestrel Harbor Packaging Incorporated	79 Bluepeak Street, Redwood Park, Fresno, CA	USA
S1-000161	Goldleaf Textiles Limited	299 Orchid Rd, Meridian Nagar, Pune, Maharashtra	IN
S1-000162	Summit Trading Private Limited	Near SBI ATM, 62 Thistle Crs, Pune, Tamil Nadu	India
S1-000163	Summit Trading Private Limited	103 Silverline Main, Indore, Rajasthaan	IN
S1-000164	Northgate Packaging Private Limited	193 Bluepeak Marg, Pune,  835629	India
S1-000165	Northgate Packaging Private Limited	50 Maplecrest Street, Juniper Nagar, Pune	India
S1-000166	Thistle Textiles Private Limited	Near Metro Pillar 42, 392 Falcon St, Stonebridge Nagar, Kochi, Maharashtra, 414958	IN
S1-000167	Thistle Textiles Private Limited	162 Quarry Marg, Kochi, 914373	India
S1-000168	Harbor Consultancy Limited Liability Company	168 Silverline Rd Lantern Park Tacoma OH 14494	USA
S1-000169	Apex Packaging Corporation	Opp. City Library, 3/41 Brightpath Ave, Juniper Park, Austin, IL, 32009	USA
S1-000170	Cobalt Enterprises Private Limited	224 Brightpath Marg, Kochi, MP, 529040	IN
S1-000171	Cobalt Services Limited Liability Company	16/77 Clearwater Road, Bluepeak Park, Tacoma, OH, 19578	USA
S1-000172	Falcon Ravenwood Motors Company	53 Ironwood Drive, Tacoma, TX, 56032	United States
S1-000173	Falcon Ravenwood Motors Company	3/70 Ravenwood Drive Stonebridge Park Akron IL	United States
S1-000174	Quarry Vertex Systems Limited	262 Thistle Marg, Ironwood Nagar, Surat, Gujarat,9 54805	IN
S1-000175	Summit Summit Chemicals Private Limited	95 Redwood Road, Surat, 316548	IN
S1-000176	Falcon Redwood Services Company	8 Summit Drive, Near Exit 14, Peoria, TX, 38905	United States
S1-000177	Maplecrest Orchid Chemicals Limited	218 Lantern Road, Goldleaf Nagar, Jaipur, Gujarat, 895328	India
S1-000178	Maplecrest Orchid Chemicals Limited	52 Sunstone Street, Ironwood Nagar, Pune, Rajasthan, 260630	IN
S1-000179	Cobalt Logistics Private Limited	156 Stonebridge Street, Cobalt Nagar, Opp. Bus Depot, Nagpur, 952939, Gujarat	India
S1-000180	Cobalt Logistics Private Limited	104 Ravenwood Crs, Northgate Nagar, Indore, Rajasthan	IN
S1-000181	Brightpath Logistics Private Limited	320 Lantern Cross Lantern Nagar Coimbtaore Tamil Nadu 479303	IN
S1-000182	Sunstone Motors Incorporated	107 Juniper Blvd Near Exit 14, Falcon Park, Austin, AL	USA
S1-000183	Meridian Foods Private Limited	277 Maplecrest Road, Nagpur, 858621	India
S1-000184	Falcon Chemicals Incorporated	260 Orchid Avenue, Opp. City Library, Brightpath Park, Peoria, AL, 68436	USA
S1-000185	Lantern Foods Private Limited	239 Cobalt Main Falcon Nagar Surat Kerala	India
S1-000186	Bluepeak Consultancy Private Limited	71 Juniper Cross Indore 236666	IN
S1-000187	Lantern Industries Private Limited	310 Ravenwood Road, Clearwater Nagar, Indore, 946129	IN
S1-000188	Stonebridge Electricals Private Limited	133 Sunstone Rd, Juniper Nagar, Pune, Rajasthan, 798305	India
S1-000189	Stonebridge Electricals Private Limited	212 Apex Marg, Indore, Kerala, 218616, lBuepeak Nagar	India
S1-000190	Vertex Logistics Private Limited	Near etro Pillar 42, 317 Brightpath St, Ironwood Nagar, Indore, Kerala, 738941	IN
S1-000191	Summit Industries Company	48 Goldleaf Boulevard, Lantern Park, Fresno, IL, 38112	USA
S1-000192	Maplecrest Kestrel Trading Corporation	121 Northgate Blvd Juniper Park Tacoma 0672	USA
S1-000193	Maplecrest Kestrel Trading Corporation	161 Brightpath Drive, Bluepeak Park, Tacoma, 26648	United States
S1-000194	Ironwood Electricals Corporation	73 Northgate St, Mobile, 82847	US
S1-000195	Ravenwood Lantern Enterprises Corporation	5 Redwood Dr, Clearwater Park, Near Exit 14, Akron, AL, 51351	United States
S1-000196	Lantern Fabrics Company	258 Harbor Road, Austin, IL	USA
S1-000197	Lantern Fabrics Company	58 Thistle Boulevard, Bluepeak Park, Tacoma, TX	US
S1-000198	Stonebridge Packaging Limited	148 Northgate Mn, Thistle Nagar, Kochi, Tamil Nadu	India
S1-000199	Northgate Maplecrest Solutions Private Limited	128 Summit Main, Cobalt Nagar, Kochi, Gujarat, 937543	India
S1-000200	Ravenwood Packaging Private Limited	67 Bluepeak Street, Onyx Nagar, Surat, Maharashtra, 541780	IN
S1-000201	Vertex Systems Incorporated	Op. City Library 43 Orchid Street Vertex Park Fresno IL 28939	United States
S1-000202	Stonebridge Lantern Solutions Private Limited	50 Goldleaf Road, Harbor Nagar, Jaipur, MP	India
S1-000203	Stonebridge Lantern Solutions Private Limited	95 Clearwater Mn, Quarry Nagar, Jaipur, MP, 768121	IN
S1-000204	Maplecrest Cobalt Trading Incorporated	37/77 Goldleaf St, Quarry Park, Austin, 81099	US
S1-000205	Meridian Chemicals Company	74 Orchid Boulevard, Near Exit 14, Clearwater Park, CA, 20210, Austin	US
S1-000206	Sunstone Foods Private Limited	381Falcon Main, Behind Ganesh Temple, Falcon Nagar, Kochi, MP, 568834	India
S1-000207	Sunstone Foods Private Limited	42 Stonebridge Marg, Falcon Nagar, Kochi, Maharashtra	India
S1-000208	Maplecrest Chemicals Incorporated	Brightpath Park, Fresno, AL, 36211, 358 Redwood St	US
S1-000209	Harbor Electricals Incorporated	307 Sunstone Ave, Akron, AL, 94615	United States
S1-000210	Ravenwood Textiles Limited	316 Lantern Marg, Surat, Maharashtra, 692611	IN
S1-000211	Ravenwood Textiles Limited	9/74 Quarry Marg, Falcon Nagar, Kochi, Kerala, 574340	India
S1-000212	Goldleaf Onyx Fabrics Company	132 Cobalt St, Juniper Park, Fresno, 57289	US
S1-000213	Lantern Motors Limited Liability Company	1/53 Ravnwood Blvd, Akron, OH, 65686	US
S1-000214	Stonebridge Trading Limited	372 Kestrel Crs, Harbor Nagar, Pune, Tamil Nadu	IN
S1-000215	Stonebridge Trading Limited	105 Meridian Cross, Falcon Nagar, Pune, 656578	IN
S1-000216	Stonebridge Logistics Private Limited	226 Quarry Cross, Apex Nagar, 529124, Pune	India
S1-000217	Onyx Trading Limited Liability Company	Clearwater Avenue, Quarry Park, Fresno, CA	US
S1-000218	Onyx Systems Incorporated	75 Lantern Dr, Opp. City Library, Lubbock, CA, 46215	United States
S1-000219	Falcon Industries Corporation	1/60 Vertex Drive, Near Exit 14, Austinn, OH	USA
S1-000220	Northgate Consultancy Corporation	176 Onyx Avenue, Summit Park, Akron, 78195	United States
S1-000221	Northgate Consultancy Corporation	93 Stonebridge Blvd, Goldleaf Park, Opp. City Library, Peoria, CA	United States
S1-000222	Silverline Enterprises Private Limited	135 Summit Road, Near Metro Pillar 42, Nagpur, Gujarat, 887214	India
S1-000223	Bluepeak Goldleaf Foods Limited	22 Juniper Marg, Brightpath Nagar, Nagpur,Maharashtra, 841605	India
S1-000224	Northgate Textiles Private Limited	244 Quarry Rd, Orchid Nagar, Near SBI ATM, Coimbatore, Maharashtra	IN
S1-000225	Redwood Chemicals Corporation	107 Summit Street, Vertex Park, Austin, 15293	United States
S1-000226	Redwood Chemicals Corporation	Ironwood Road, Goldleaf Park, Austin, WA, 14320	US
S1-000227	Ironwood Brightpath Motors Private Limited	Sunstone Marg Onyx Nagar Indore MP	IN
S1-000228	Ironwood Brightpath Motors Private Limited	16 Thistle Cross, Near SBI ATM, Ironwood Nagar, Jaipur, Maharashtra, 291278	India
S1-000229	Maplecrest Motors Limited Liability Company	6 Goldleaf Drive, Harbor Park, Fresno, AL, 97688	USA
S1-000230	Lantern Electricals Company	72 Bluepeak Avenue, Kestrel Park, Austin, 72265	US
S1-000231	Juniper Chemicals Private Limited	272 Quarry Mn, Harbor Nagar, Pune, 734697, Rajasthan	IN
S1-000232	Lantern Solutions Private Limited	Juniper St, Bluepeak Nagar, Pune, MP, 975406	India
S1-000233	Lantern Solutions Private Limited	145 Kestrel Rd, Cobalt Nagar, Kochi, MP, 951388	IN
S1-000234	Sunstone Falcon Packaging Private Limited	234 Northgate Rd learwater Nagar Jaipur 541024	IN
S1-000235	Bluepeak Foods Incorporated	Silverline Drive, Peoria, 27394	USA
S1-000236	Ironwood Summit Electricals Corporation	81 Vertex St, Cobaalt Park, Mobile, 26896	United States
S1-000237	Ironwood Summit Electricals Corporation	373 Onyx Boulevard Onyx Park Mobile TX	USA
S1-000238	Summit Solutions Private Limited	15 Brightpath Marg, Indore, 597915	India
S1-000239	Summit Solutions Private Limited	Near SBI ATM 9 Meridian Street Coimbatore 325417 Quarry Nagar	India
S1-000240	Brightpath Harbor Chemicals Private Limited	266 Ironwood Crs, Onyx Nagar, Jaipur, Maharashtra	IN
S1-000241	Maplecrest Consultancy Private Limited	90 Clearwater Mn Surat Gujarat 938513	IN
S1-000242	Maplecrest Consultancy Private Limited	353 Juniper Main, Goldleaf Nagar, Kochi, Maharashtra, 191389	India
S1-000243	Stonebridge Ravenwood Packaging Limited	18 Meridian Cross, Jaipur, Gujarat	India
S1-000244	Silverline Onyx Textiles Company	394 Apex Street, Fresno	US
S1-000245	Stonebridge Trading Limited Liability Company	397 Apex Road, Summit Park, Mobile, TX, 54426	USA
S1-000246	Northgate Consultancy Private Limited	2 Brightpath Rd, Coimbatore, Maharashtra, 553990	IN
S1-000247	Northgate Consultancy Private Limited	157 Summit Cross, Brightpath Nagar, Opp. Bus Depot, Coimbatore, 787127	IN
S1-000248	Falcon Chemicals Company	271 Redwood Rd, Lubbock, IL	United States
S1-000249	Meridian Fabrics Private Limited	369 Meridian Cross, Nagpur, Kerala, 568439	India
S1-000250	Ironwood Bluepeak Fabrics Private Limited	199 Ironwood Main, Silverline Nagar, Kochi, Maharashtra, 917883	IN
S1-000251	Maplecrest Industries Private Limited	28/20 Bluepeak Road, Onyx Nagar, Indore, Gujarat	IN
S1-000252	Maplecrest Industries Private Limited	121 Quarry Marg, Kestrel Nagar ,Indore, 685804	India
S1-000253	Northgate Packaging Incorporated	318 Goldleaf Street Apex Park kron WA 40590	United States
S1-000254	Brightpath Trading Company	Vertex Park, Austin, 24416, 219 Thistle Drive	US
S1-000255	Apex Consultancy Limited	Near SBI ATM, Brightpath Street, Jaipur, Tamil Nadu, 967691	IN
S1-000256	Lantern Motors Company	115 Harbor Blvd, Kestrel Park, Austin	United States
S1-000257	Sunstone Kestrel Chemicals Corporation	49 Maplecrest St Goldleaf Park Tacoma IL 88809	USA
S1-000258	Vertex Packaging Private Limited	3 Apex Crs Harbor Nagar Coimbatore	IN
S1-000259	Kestrel Quarry Chemicals Limited	163 Orchid St, Near Metro Pillar 42, Pune, 923484	India
S1-000260	Orchid Fabrics Corporation	239 Stonebridge Drive, OrchidP ark, Tacoma, WA, 86695	USA
S1-000261	Sunstone Services Private Limited	Silverline Rd, Coimbatore, Maharashtra	India
S1-000262	Northgate Lantern Trading Limited Liability Company	24 Brightpath Ave, Opp. City Library, Vertex Park, Akron, 63901	US
S1-000263	Clearwater Motors Private Limited	17/49 Apex Marg, Summit Nagar, Nagpur, Maharashtra, 641009	IN
S1-000264	Redwood Textiles Limited	98 Onyx Cross, Northgate Nagar, Kochi, 390917	IN
S1-000265	Bluepeak Textiles Limited Liability Company	172 Juniper Roaad, Lantern Park, Mobile, CA	USA
S1-000266	Bluepeak Textiles Limited Liability Company	80 Ravenwood Road, Opp. City Library, Lubbock, 17670	USA
S1-000267	Bluepeak Services Limited	311 Onyx Marg, Near Metro Pillar 42, Lantern Nagar, Coimbatore, 519820	IN
S1-000268	Cobalt Chemicals Company	95 Falcon Rd Orchdi Park Fresno IL 61364	US
S1-000269	Silverline Consultancy Corporation	155 Brightpath Rd, Falcon Park, Fresno, TX, 98708	USA
S1-000270	Thistle Thistle Fabrics Limited Liability Company	48 Redwood Ave, Cobalt Park, Peoria, 12227	US
S1-000271	Stonebridge Motors Private Limited	169 Silverline Marg, Juniper Nagar, Near SBI ATM, Nagpur, Maharashtra, 471455	IN
S1-000272	Ironwood Summit Industries Company	354 Quarry Boulevard, Meridian Park, Fresno	United States
S1-000273	Maplecrest Falcon Fabrics Company	Meridian Rd, Silverline Park, Mobile, OH	United States
S1-000274	Ravenwood Services Private Limited	337 Sunstone Rd Cobalt Nagar Kochi Gujarat	IN
S1-000275	Summit Fabrics Corporation	100 Meridian Avenue, Juniper Park, Austin, OH	USA
S1-000276	Thistle Textiles Corporation	65 Juniper Street, Ironwood Park, Fresno	USA
S1-000277	Juniper Chemicals Private Limited	195 Northgate Cross, Vertex Nagar, Coimbatore, MP, 716331	India
S1-000278	Juniper Chemicals Private Limited	Near SBI ATM, 178 Goldleaf St, Stonebridge Nagar, Indore, Kerala, 212984	IN
S1-000279	Lantern Packaging Private Limited	293 Juniper Marg, Meridian Nagar, Indore, 308972	IN
S1-000280	Sunstone Electricals Private Limited	Opp. Bus Depot 91 Orchid Mn Jaipur MP	India
S1-000281	Thistle Summit Logistics Limited Liability Company	396 Orchid Drive, Clearwater Park, Austin, 45590	US
S1-000282	Thistle Summit Logistics Limited Liability Company	365 Orchid St Austin CA	US
S1-000283	Vertex Chemicals Limited Liability Company	230 Thistle Boulevard, Harbor Park, Mobile, CA, 43932	USA
S1-000284	Summit Quarry Enterprises Limited Liability Company	151 Clearwater Boulevard, Behind the Civic Center, Bluepeak Park, Peoria, 57472	US
S1-000285	Summit Industries Company	150 Falcon Drive Fresno AL	USA
S1-000286	Harbor Packaging Limited	3/622 Summit Main Juniper Nagar Surat 839564	IN
S1-000287	Harbor Packaging Limited	187 Goldleaf Marg, Quarry Nagar, Nagpur, Tamil Nadu, 896540	IN
S1-000288	Bluepeak Northgate Services Incorporated	282 Northgate Avenue, Stonebridge Park, Lubbock, IL, 35972	United States
S1-000289	Bluepeak Northgate Services Incorporated	298 Harbor Drive, Brightpath Park, Lubbock, WA	US
S1-000290	Bluepeak Vertex Consultancy Private Limited	250 Lantern Crs, Apex Nagar, Kochi, Tamil Nadu, 650421	IN
S1-000291	Bluepeak Vertex Consultancy Private Limited	Summit Nagar, Nagpur, Rajasthan, 979871, Northgate Marg	IN
S1-000292	Juniper Consultancy Limited	229 Clearwater Rd, Behind Ganesh Temple, Clearwater Nagar, Indore, Gujarat	IN
S1-000293	Quarry Solutions Private Limited	96 Falcon Rd, Thistle Nagar, Surat, Rajasthan, 101302	India
S1-000294	Quarry Chemicals Limited	325 Brightpath St, Sunstone Nagar, Behind Ganesh Temple, Nagpur, Gujarat	India
S1-000295	Sunstone Systems Limited	127 Orchid Road, Redwood Nagar, Nagpur, Tamil Nadu	IN
S1-000296	Quarry Foods Company	13 Clearwater Avenue, Lantern Park, Tacoma, OH, 71762	US
S1-000297	Brightpath Chemicals Private Limited	1/82 Meridian St, Indore, MP, 646998	IN
S1-000298	Summit Goldleaf Industries Incorporated	Vertex Rd, Ironwood Park, Mobile, OH, 63117	US
S1-000299	Summit Goldleaf Industries Incorporated	366 Northgate Avenue Stonebridge Park Mobile OH	USA
S1-000300	Apex Redwood Systems Incorporated	396 Bluepeak Road, Cobalt Park, Lubbock, WA, 63234	USA
S1-000301	Apex Redwood Systems Incorporated	348 Cobalt Blvd, Behind the Civic Center, Northgate Park, Peoria, IL, 27729	US
S1-000302	Cobalt Enterprises Limited Liability Company	73 Silverlline Ave, Sunstone Park, Akron, WA	USA
S1-000303	Kestrel Motors Private Limited	31 Thistle St Lanterrn Nagar Nagpur MP 917361	IN
S1-000304	Northgate Fabrics Company	353 Clearwater Avenue, Orchid Park, Opp. City Libray, Mobile, 35336	US
S1-000305	Brightpath Fabrics Private Limited	88 Orchid Street, Nagpur, 612057	IN
S1-000306	Brightpath Motors Limited	Summit Main, Harbor Nagar, Near Metro Pillar 42, Indore, MP	India
S1-000307	Kestrel Industries Corporation	Brightpath Avenue, Stonebridge Park, Near Exit 14, Austin, WA, 29147	United States
S1-000308	Meridian Services Limited	124 Kestrel Marg Pune 233237	IN
S1-000309	Ironwood Stonebridge Systems Private Limited	157 Thistle Road, Harbor Nagar, Jaipur, MP, 859361	India
S1-000310	Ironwood Stonebridge Systems Private Limited	Jaipur, MP, 12/45Ironwood Street	India
S1-000311	Apex Northgate Solutions Private Limited	290 Harbor St, Summit Nagar, 960205, Surat	India
S1-000312	Bluepeak Trading Corporation	14/85 Kestrel Dr, Clearwater Park, Near EExit 14, Akron, IL	US
S1-000313	Sunstone Systems Private Limited	Cobalt Street, Silverline Nagar, Behind Ganesh Temple, Surat, Tamil Nadu, 923203	IN
S1-000314	Harbor Chemicals Private Limited	224 Brightpath Crs, Coimbatore, Kerala, 117137	IN
S1-000315	Orchid Systems Incorporated	8 Bluepeak Boulevard, Stonebridge Park, Behind the Civic Center, Peoria, CA	US
S1-000316	Orchid Stonebridge Foods Limited	Near SBI ATM, 116 Ravenwood Street, Coimbatore, 166670	India
S1-000317	Meridian Logistics Incorporated	231 Ironwood Rd, Maplecrest Park, Tacoma	USA
S1-000318	Sunstone Packaging Corporation	131 Falcon St, Ironwood Park, Tacoma, CA	USA
S1-000319	Sunstone Packaging Corporation	334 Bluepeak Boulevard Meridian Park Peoria CA	United States
S1-000320	Meridian Textiles Limited Liability Company	Near Exit 14, 119 Apex Rd, Redwood Prak, Fresno, WA	US
S1-000321	Onyx Services Corporation	268 Maplecrest St Redwood Park Lubbock OH 30889	US
S1-000322	Falcon Kestrel Textiles Limited	Behind Ganesh Temple, 337 Harbor Mn, Pune, Rajasthan, 141800	IN
S1-000323	Falcon Kestrel Textiles Limited	83 Cobalt St, Kestrel Nagar, Surat, 830280	IN
S1-000324	Maplecrest Services Incorporated	295 Fallcon St, Silverline Park, Austin, AL, 46826	United States
S1-000325	Maplecrest Fabrics Private Limited	1/30 Goldleaf Mn, Brightpath Nagar, Surat, MP	IN
S1-000326	Juniper Packaging Limited	357 Clearwater Cross, Thistle Nagar, Kochi, 905964	India
S1-000327	Harbor Quarry Fabrics Limited	Opp. Bus Depot, 10/68 Northgate Mn, Nagpur, 651068	India
S1-000328	Ravenwood Consultancy Private Limited	Onyx Nagar, Pune, Tamil Nadu,2 83186, 188 Harbor Street	IN
S1-000329	Ravenwood Consultancy Private Limited	281 Apex Marg, Kestrel Nagar, Pune, Rajasthan, 309724	India
S1-000330	Juniper Logistics Private Limited	37/15 Ravenwood St Clearwater Nagar Kochi 722741	IN
S1-000331	Juniper Harbor Consultancy Private Limited	Summit Nagar, Nagpur, 317 Goldleaf Street	IN
S1-000332	Vertex Systems Incorporated	191 Harbor St, Redwood Park, Tacoma, TX	United States
S1-000333	Vertex Systems Incorporated	26/46 Meridian Drive, Onyx Park, Lubbock, AL	United States
S1-000334	Onyx Apex Logistics Company	Falcon Road, Brightpath Park, Fresno	USA
S1-000335	Meridian Ironwood Electricals Incorporated	91 Stonebridge Avenue, Onyx Park, Austin, 89843	US
S1-000336	Clearwater Fabrics Limited	Surat, MP, 226 Meridian Street	IN
S1-000337	Vertex Motors Limited Liability Company	Near Exit 14, 8 Meridian Road, Quarry Park, Akron, TX	United States
S1-000338	Vertex Motors Limited Liability Company	53 Lantern Road, Thistle Park, Akron, OH	US
S1-000339	Kestrel Services Limited Liability Company	24/77 Quarry St, Akron, AL, 91084	United States
S1-000340	Vertex Chemicals Limited	27 Redwood Crs, Sunstone Nagar,Pune, 966447	IN
S1-000341	Vertex Chemicals Limited	Stonebridge Marg, Northgate Nagar, Indore, Gujarat, 779396	IN
S1-000342	Stonebridge Services Incorporated	314 Summit Rd, Brightpath Park, Peoria, 32471	United States
S1-000343	Meridian Kestrel Fabrics Private Limited	79 Onyx Road, Ironwood Nagar, Coimbatore, 274010	IN
S1-000344	Lantern Systems Limited Liability Company	309 Northgate Blvd, Sunstone Park, Tacoma	United States
S1-000345	Stonebridge Meridian Industries Limited Liability Company	Behind the Civic Center, 26 Goldleaf Drive, Mobile, 56544	US
S1-000346	Apex Fabrics Limited	Near Metro Pillar 42, 111 Quarry Cross, Orchid Nagar, Nagpur, Gujarat, 711674	India
S1-000347	Sunstone Industries Company	373 Ironwood Ave, Ironwood Park, Tacoma, TX, 82622	USA
S1-000348	Summit Packaging Limited	157 Clearwater Cross, Sunstone Nagar, Kochi	IN
S1-000349	Thistle Textiles Private Limited	Near SBI ATM, 198 Quarry St, Coimbatore, Kerala, 794121	India
S1-000350	Thistle Textiles Private Limited	233 Ironwood Street Apex Nagar Coimbatore	IN
S1-000351	Kestrel Industries Limited Liability Company	44 Clearwater Ave, Cobalt Park, Mobile	US
S1-000352	Clearwater Motors Company	139 Qarry Ave, Cobalt Park, Tacoma, OH	United States
S1-000353	Clearwater Motors Company	383 Summit St Apex Park Tacoma 19761	United States
S1-000354	Juniper Northgate Industries Corporation	116 Harbor Drive, Maplecrest Park, Tacoma, CA, 28098	USA
S1-000355	Falcon Foods Private Limited	90 Redwood Marg, Silverline Nagar, Surat, MP	India
S1-000356	Harbor Summit Packaging Company	120 Clearwwater Blvd, Orchid Park, Fresno, 80503	United States
S1-000357	Ravenwood Textiles Limited	20 Brightpath Crs, Stonebridge Nagar, Indore, Kerala, 450158	India
S1-000358	Meridian Logistics Limited Liability Company	198 Stonebridge Street, Quarry Park, Akron, AL, 59353	USA
S1-000359	Clearwater Foods Incorporated	124 Brightpath Boulevard, Orchid Park, Peoria, OH, 74739	USA
S1-000360	Cobalt Vertex Industries Incorporated	113 Redwood Boulevard, Bluepeak Park, Behind the Civic Center, Austin, 64647	US
S1-000361	Ironwood Industries Private Limited	Ravenwood Cross, Sunstone Nagar, Coimbatore, Rajasthan, 861760	India
S1-000362	Quarry Industries Private Limited	232 Falcon Rd, Northgate Nagar, Jaipur, MP	India
S1-000363	Silverline Cobalt Services Limited	Ironwood Rd Nagpur Gujarat	India
S1-000364	Orchid Electricals Limited	Opp. Bus Depot, 364 Falcon Crs, Surat, MP, 708958	IN
S1-000365	Orchid Electricals Limited	Near SBI ATM, 25/59 Meridian Rd, Redwood Nagar, Indore, 441439	India
S1-000366	Stonebridge Trading Incorporated	389 Thistle Street, Lubbock	United States
S1-000367	Thistle Kestrel Foods Private Limited	67 Vertex St, Maplecrest Nagar, Kochi, Gujarat, 859336	India
S1-000368	Northgate Motors Private Limited	143 Apex Crs Summit Nagar Jaipur 610546	India
S1-000369	Northgate Motors Private Limited	350 Bluepeak Cross, Falcon Nagar, Near SBI ATM, Coimbatore, 460151	IN
S1-000370	Ravenwood Motors Corporation	340 Vertex Aveue, Akron, IL, 44801	United States
S1-000371	Ravenwood Industries Company	147 Ravenwood Avenue, Meridian Park, Tacoma, 50482	US
S1-000372	Ravenwood Industries Company	173 Stonebridge Ave, Juniper Park, Austin, OH, 75098	US
S1-000373	Ironwood Trading Company	Summit Avenue, Apex Park, Fresno, CA	United States
S1-000374	Ironwood Trading Company	128 Orchid Drive, Sunstone Park, Tacoma, CA, 82578	United States
S1-000375	Ironwood Harbor Logistics Private Limited	Opp. Bus Depot, Falcon Rd, Meridian Nagar, Pune, Gujarat, 772053	India
S1-000376	Ironwood Harbor Logistics Private Limited	210 Ironwood Crs, Nagpur, Rajasthan, 816518	India
S1-000377	Bluepeak Solutions Limited	262 Maplecrest Crs, Surat, Maharashtra, 392346	IN
S1-000378	Bluepeak Solutions Limited	322 Goldleaf Cross, Harbor Nagar, Nagpur, Maharashtra	IN
S1-000379	Harbor Foods Incorporated	296 Cobalt Blvd, Lubbock, AL, 26681	USA
S1-000380	Harbor Foods Incorporated	134 Ironwood St, Lubbock, CA	US
S1-000381	Juniper Falcon Enterprises Private Limited	Brightpath Crs, Summit Nagar, Tamil Nadu, 416386, Nagpur	India
S1-000382	Orchid Redwood Foods Private Limited	194 Juniper Marg, Juniper Nagar, Nagpur, Gujarat	India
S1-000383	Quarry Goldleaf Solutions Private Limited	90 Ravenwood Rd, Ravenwood Nagar, Tamil Nadu, Kochi	India
S1-000384	Cobalt Consultancy Limited Liability Company	2 Falcon Blvd Behind the Civic Center Orchid Park Fresno TX 16959	USA
S1-000385	Falcon Logistics Private Limited	359 Cobalt Marg, Brightpath Nagar, Jaipur, 505274	IN
S1-000386	Sunstone Chemicals Incorporated	77 Lantern Rd, Lubbock, OH, 46505	USA
S1-000387	Sunstone Clearwater Logistics Limited Liability Company	357 Quarry Drive Lubbock CA 90524	United States
S1-000388	Sunstone Clearwater Logistics Limited Liability Company	Behind the Civic Center, 324 Apex Rd, Lubbock, OH	United States
S1-000389	Harbor Solutions Private Limited	62 Ironwood Street, Opp. Bus Depot, Lantern Nagar, Coimbatore	India
S1-000390	Thistle Logistics Limited Liability Company	273 Cobaltt Ave, Onyx Park, Akron, 26529	US
S1-000391	Meridian Motors Limited	15/48 Brightpath St, Harbor Nagar, Jaipur, Maharashtra, 956257	India
S1-000392	Falcon Systems Private Limited	84 Silverline Marg, Onyx Nagar, Behind Ganesh Temple, Pune, 733769	India
S1-000393	Goldleaf Services Private Limited	27/85 Meridian Marg Kestrel Nagar Pune Rajasthan	India
S1-000394	Goldleaf Services Private Limited	130 Orchid Mn, Indore, 663276	IN
S1-000395	Silverline Logistics Corporation	290 Maplecrest Blvd Silverline Park Austin	US
S1-000396	Ravenwood Trading Incorporated	311 Maplecrest Ave, Ravenwood Park, Lubbock, AL, 23223	US
S1-000397	Harbor Textiles Incorporated	8/80 Meridian Street, Northgate Park, Peoriia, CA, 14610	USA
S1-000398	Ravenwood Logistics Private Limited	188 Ironwood Marg, Onyx Nagar, Pune, 864650	India
S1-000399	Bluepeak Fabrics Limited Liability Company	285 Northgate Avenue Maplecrest Park Mobile TX	USA
S1-000400	Falcon Fabrics Incorporated	71 Juniper Avenue, Cobalt Park, Near Exit 14, Peoria, TX	US
S1-000401	Maplecrest Trading Corporation	Behind the Civic Center, Clearwater Street, Tacoma, IL, 66457	United States
S1-000402	Juniper Packaging Incorporated	287 Redwood Ave, Apex Park, Tacoma	USA
S1-000403	Apex Systems Private Limited	3 Ravenwood St, Goldleaf Nagar, Surat	IN
S1-000404	Onyx Fabrics Private Limited	226 Goldleaf Crs Opp. Bus Depot Quarry Nagar Nagpur 106480	IN
S1-000405	Bluepeak Ravenwood Fabrics Incorporated	149 Onyx Dr, Brightpath Park, Austin, 47832	US
S1-000406	Bluepeak Ravenwood Fabrics Incorporated	Ironwood Drive, Goldleaf Prk, Austin, AL	USA
S1-000407	Silverline Services Limited	330 Orchid St Kochi	IN
S1-000408	Thistle Services Company	Behind the Civic Center, 184 Quarry Ave, Thistle Park, Tacoma, 50243	United States
S1-000409	Meridian Electricals Company	53 Stonebridge Street, Peoria	US
S1-000410	Ravenwood Systems Company	355 Bluepeak Ave, Fresno, TX, 27870	US
S1-000411	Ravenwood Electricals Private Limited	195 Silverline Road, Orchid Nagar, Coimbatore, 630528	India
S1-000412	Apex Foods Private Limited	182 Vertex Cross, Jaipur, Maharashtra, 211756	IN
S1-000413	Cobalt Solutions Private Limited	6/61 Harbor Mn, Kestrel Nagar, Jaipur, MP, 136798	IN
S1-000414	Cobalt Solutions Private Limited	14 Thistle Marg, Vertex Nagar, Jaipur, Tamil Nadu	IN
S1-000415	Stonebridge Fabrics Limited Liability Company	276 Cobalt Avenue, Thisle Park, Akron, CA, 70610	USA
S1-000416	Vertex Packaging Private Limited	67 Sunstone Main, Northgate Nagar, Behind Ganesh Temple, Pune, 393010	IN
S1-000417	Vertex Packaging Private Limited	Onyx Main RavenwoodN agar Nagpur Rajasthan 618558	IN
S1-000418	Cobalt Kestrel Consultancy Limited	179 Lantern Road Redwood Naagr Pune Rajasthan 545387	India
S1-000419	Redwood Logistics Company	201 Lantern Blvd Ironwood Park OH Austin	US
S1-000420	Juniper Logistics Incorporated	305 Harbor Blvd, Summit Park, Lubbock, 47557	US
S1-000421	Juniper Clearwater Solutions Private Limited	Behind Ganesh Temple, 19/77 Stonebridge Road, Bluepeak Nagar, Surat, 552163	India
S1-000422	Juniper Clearwater Solutions Private Limited	160 Harbor Marg, Brightpath Nagar, Kochi, 330941	IN
S1-000423	Falcon Foods Corporation	109 Harbor Boulevard, Brightpath Park, Akron, AL, 12157	US
S1-000424	Stonebridge Trading Limited Liability Company	17 Juniper Boulevard, Redwood Park, Lubbock, WA, 69903	United States
S1-000425	Bluepeak Falcon Industries Private Limited	Thistle Marg, Cobalt Nagar, Behind Ganesh Temple, Pune, Kerala, 436694	India
S1-000426	Thistle Thistle Chemicals Private Limited	24/33 Vertex Main Ravenwood Nagar Pune Gujarat	India
S1-000427	Ironwood Cobalt Systems Private Limited	278 Northgate Marg, Surat, Gujarat, 142397	India
S1-000428	Vertex Services Private Limited	355 Notrhgate Marg Goldleaf Nagar Surat 265639	IN
S1-000429	Clearwater Stonebridge Consultancy Private Limited	109 Juniper Road, Kochi, Gujarat, 421869	IN
S1-000430	Clearwater Stonebridge Consultancy Private Limited	200 Ironwood Street Silverline Nagar Pune 722285	IN
S1-000431	Onyx Stonebridge Logistics Limited Liability Company	Opp. City Library, Summit Ave, Quarry Park, Lubbock, TX, 50219	US
S1-000432	Maplecrest Juniper Electricals Limited Liability Company	12/5 Sunstone Rd, Goldleaf Park, Austin, TX	US
S1-000433	Maplecrest Juniper Electricals Limited Liability Company	52 Ravenwood Ave, Brightpath Park, Mobile, IL, 16261	USA
S1-000434	Ravenwood Chemicals Incorporated	Ironwood Boulevard, Ironwood Park, Mobile, AL, 29900	United States
S1-000435	Ravenwood Chemicals Incorporated	130 Orchid Dr, Northgate Park, Mobile, TX, 28742	US
S1-000436	Summit Motors Limited	390 Summit Marg, Harbor Nagar, Coimbatore, Tamil Nadu, 136531	India
S1-000437	Stonebridge Consultancy Incorporated	327 Silverline Boulevard, Falcon Park, Opp. City Library, Austin, CA	US
S1-000438	Stonebridge Consultancy Incorporated	318 Meridian Avenue Austin	US
S1-000439	Harbor Logistics Corporation	Behind the Civic Center 267 Stonebridge Street Redwood Park Mobile 78864	USA
S1-000440	Maplecrest Solutions Private Limited	Redwood Road Cobalt Nagar Pune MP 184312	India
S1-000441	Juniper Motors Incorporated	12 Kestrel Road, Quarry Park, Mobile	US
S1-000442	Thistle Systems Limited Liability Company	304 Cobalt Rd Tacoma WA 45906	USA
S1-000443	Ironwood Meridian Textiles Private Limited	134 Stonebridge Rd, Northgate Nagar, Jaipur, Tamil Nadu	IN
S1-000444	Ironwood Meridian Textiles Private Limited	365 Kestrel Rd, Near SBI ATM, Ironwood Nagar, Coimbatore, MP, 422709	IN
S1-000445	Quarry Solutions Limited	351 Thistle Street, Jaipur, 924325	IN
S1-000446	Ironwood Trading Limited	Behind Ganesh Temple, 185 Bluepeak St, Jaipur, Tamil Nadu, 547047	India
S1-000447	Maplecrest Logistics Company	265 Falcon St, Falcon Park, Mobile, 92719	USA
S1-000448	Maplecrest Logistics Company	145 Quarry Drive Lubbock TX  80276	US
S1-000449	Thistle Packaging Limited Liability Company	357 Kestrel St, Brightpath Park, Mobile, 99675	US
S1-000450	Northgate Vertex Logistics Incorporated	99 Summit Avenue, Lantern Park, Mobile, OH, 48972	US
S1-000451	Goldleaf Textiles Corporation	Bluepeak Drive, Brightpath Park, Austin	US
S1-000452	Ironwood Motors Limited	135 Redwood Road Near Metro Pillar 42 Jaipur 442164	IN
S1-000453	Goldleaf Industries Incorporated	25 Stonebridge Dr, Northgate Park, Mobile	United States
S1-000454	Northgate Foods Corporation	333 Vertex Avenue Quarry Park Mobile 11991	USA
S1-000455	Juniper Foods Company	220 Lantern Drive Fresno 71156	USA
S1-000456	Quarry Motors Private Limited	Near Metro Pillar 42, 81 Northgate Cross, Nagpur, 384405	IN
S1-000457	Quarry Motors Private Limited	258 Redwood Road, Stonebridge Nagar, Surat, Tamil Nadu, 564097	India
S1-000458	Silverline Logistics Private Limited	9 Kestrel Main Maplecrest Nagar Pune 716571	IN
S1-000459	Silverline Logistics Private Limited	296 Redwood Main, Near SBI ATM, Lantern Nagar, Pune, 614290	India
S1-000460	Goldleaf Vertex Consultancy Private Limited	366 Onyx Main Vertex Nagar Jaipur	India
S1-000461	Falcon Harbor Solutions Private Limited	231 Falcon St Onyx Nagar Opp. Bus Depot Nagpur 173519	India
S1-000462	Onyx Trading Private Limited	317 Goldleaf Road, Stonebridge Nagar, Kochi, erala, 351590	IN
S1-000463	Bluepeak Packaging Corporation	Opp. City Library 383 Vertex Boulevard Sunstone Park Mobile AL 25013	USA
S1-000464	Bluepeak Packaging Corporation	268 Ironwood St Mobile IL 17945 Bluepeak Park	US
S1-000465	Ravenwood Textiles Limited	21/31 Thistle Crs Near SBI ATM Ironwood Nagar Surat Gujarat 719749	IN
S1-000466	Quarry Ravenwood Logistics Limited Liability Company	Opp. City Library, 81 Redwood Drive, Bluepeak Park, Akron, OH	US
S1-000467	Kestrel Clearwater Solutions Incorporated	Falcon St Apex Park Mobile AL 91789	USA
S1-000468	Stonebridge Industries Corporation	146 Clearwater Drive, Fresno, TX, 94519	US
S1-000469	Stonebridge Industries Corporation	229 Ironwood Drive, Behind the Civic Center, Juniper Park, Tacoma, 65184	US
S1-000470	Apex Orchid Systems Private Limited	371 Ironwood Main Silverline Nagar Coimbatore	India
S1-000471	Cobalt Foods Corporation	392 Lantern Avenue, SSummit Park, Fresno, IL, 26395	US
S1-000472	Falcon Electricals Private Limited	58 Onyx Street, Stonebridge Nagr, Indore, Tamil Nadu, 391625	India
S1-000473	Lantern Packaging Limited	101 Ravenwood Street Apex Nagar Jaipur 526492	IN
S1-000474	Bluepeak Motors Corporation	Goldleaf Drive, Juniper Park, Akron, AL, 56946	US
S1-000475	Bluepeak Solutions Limited Liability Company	258 Stonebridge Ave, Austin, IL	United States
S1-000476	Apex Industries Limited Liability Company	Cobalt Dr, Kestrel Park, Lubbock, WA, 92217	United States
S1-000477	Northgate Industries Limited Liability Company	177 Redwodo Dr, Orchid Park, Mobile, 65252	USA
S1-000478	Summit Onyx Foods Company	Sunstone Rd, Akron, AL	USA
S1-000479	Juniper Ravenwood Enterprises Incorporated	83 Ironwood Rd, Onyx Park, Fresno, IL	USA
S1-000480	Summit Fabrics Limited Liability Company	314 Onyx Avenue, Orchid Park, Austin, OH	USA
S1-000481	Goldleaf Industries Limited Liability Company	108 Vertex Blvd, Apex Park, Behind the Civic Center, Akron, 47993	US
S1-000482	Onyx Systems Corporation	300 Redwood Rd, Harbor Park, Fresno, 21447, Near Exit 14	US
S1-000483	Redwood Northgate Trading Private Limited	304 Meridian Cross, Summit Nagar, Coimbatore, Rajasthan, 142696	India
S1-000484	Apex Foods Corporation	176 Bluepeak Rd, Opp. City Library, Peoria, CA, 54508	US
S1-000485	Apex Foods Corporation	361 Clearwater Boulevard, Tihstle Park, Peoria, TX, 11071	United States
S1-000486	Meridian Industries Limited Liability Company	32/69 Bluepeak Avenue, Behind the Civic Center, Brightpath Park, Fresno, 40151	US
S1-000487	Harbor Trading Company	254 Redwood Ave Falcon Park Mobile WA	US
S1-000488	Harbor Trading Company	391 Brightpath Blvd, Lantern Park, Near Exit 14, Tacoma, CA, 74507	USA
S1-000489	Brightpath Systems Private Limited	386 Apex Street, Summit Nagar, Surat, 595849	India
S1-000490	Stonebridge Cobalt Systems Corporation	28 Ironwood Boulevard Opp. City Library Lubbock AL	US
S1-000491	Stonebridge Cobalt Systems Corporation	175 Maplecrest Blvd Tacoma	United States
S1-000492	Brightpath Fabrics Limited Liability Company	330 Apex Rd, Bluepeak Park, Akron	United States
S1-000493	Lantern Foods Corporation	274 Ironwood Boulevard, aHrbor Park, Fresno, AL, 36568	US
S1-000494	Lantern Foods Corporation	136 Brightpath Street, Akron, 14138	USA
S1-000495	Onyx Motors Limited	388 Falcon Road, Lantern Nagar, 950392, Jaipur	India
S1-000496	Onyx Motors Limited	Ravenwood Marg, Harbor Nagar, Jaipur, MP, 256351	IN
S1-000497	Kestrel Trading Private Limited	171 Sunstone Cross Kochi MP Cobalt Nagar	India
S1-000498	Kestrel Trading Private Limited	346 Juniper Mn, Nagpur, Maharashtra	India
S1-000499	Ironwood Fabrics Private Limited	16 Vertex Cross, Coimbatore, Rajasthan, 563040	India
S1-000500	Sunstone Consultancy Limited	322 Bluepeak Marg, Redwood Nagar, Surat, Kerala, 780624	India
S1-000501	Sunstone Consultancy Limited	Orchid Marg, Pune, 107891	IN
S1-000502	Ironwood Chemicals Limited Liability Company	Near Exit 14, 186 Harbor Drive, Lantern Park, Akron, 22597	USA
S1-000503	Quarry Industries Limited Liability Company	122 Bluepeak Drive, Sunstone Park, Opp. City Library, Mobile, OH, 92464	United States
S1-000504	Meridian Chemicals Limited	29/61 Falcon St Quarry Nagar Behind Ganesh Temple Surat MP 793828	India
S1-000505	Maplecrest Textiles Limited	364 Cobalt Road, Opp. Bus Depot, Cobalt Nagar, Indore,G ujarat	IN
S1-000506	Sunstone Enterprises Private Limited	31 Ironwood Rd, Summit Nagar, Nera SBI ATM, Surat, Kerala, 924007	India
S1-000507	Sunstone Enterprises Private Limited	30/35 Redwood St, Redwood Nagar, Surat	IN
S1-000508	Meridian Logistics Company	93 Ravenwood Rd, Maplecrest Park, Akron, TX, 96659	US
S1-000509	Silverline Bluepeak Packaging Incorporated	119 Clearwater Drive, Quarry Park, Lubbock, 73920	United States
S1-000510	Northgate Foods Private Limited	Near Metro Pillar 42, 52 Goldleaf Rd, Sunstone Nagar, Nagpur, MP, 630804	India
S1-000511	Ravenwood Industries Limited	33/50 Falcon Marg Onyx Nagar Kochi Rajasthan	IN
S1-000512	Ravenwood Industries Limited	136 Ravenwood Rd, Kochi, 788344	IN
S1-000513	Brightpath Thistle Trading Limited	349 Ravenwood Mn Clearwater Nagar Indore 436486	India
S1-000514	Northgate Chemicals Limited	Ravenwood St, Rajasthan, Jaipur	IN
S1-000515	Northgate Chemicals Limited	Opp. Bus Depot, 357 Stonebridge Road, Jaipur	India
S1-000516	Falcon Redwood Fabrics Private Limited	23/48 Juniper Crs Harbor Nagar Nagpur Maharashtra 802026	India
S1-000517	Falcon Redwood Fabrics Private Limited	26 Onyx Marg, Maplecrest Nagar, Nagpur, Rajasthan, 560795	IN
S1-000518	Clearwater Chemicals Corporation	392 Bluepeak Boulevard, Sunstone Park, WA, 11258, Fresno	USA
S1-000519	Clearwater Chemicals Corporation	Meridian Street, Orchid Park, Fresno, CA	United States
S1-000520	Meridian Electricals Private Limited	Harbor Rd, Stonebridge Nagar, Pune, 305254	IN
S1-000521	Clearwater Chemicals Limited	Opp. Bus Depot, 197 Silverline Street, Kestrel Nagar, Surat, Maharashtra, 444742	India
S1-000522	Bluepeak Solutions Private Limited	122 Juniper Marg, Brightpatth Nagar, Nagpur, Kerala	IN
S1-000523	Bluepeak Solutions Private Limited	353 Juniper Rd, Clearwater Nagar, Nagpur, 504600	India
S1-000524	Northgate Sunstone Chemicals Private Limited	Opp. Bus Depot, 307 Ravenwood Rd, Sunstone Nagar, Coimbatore, 871886	India
S1-000525	Quarry Chemicals Private Limited	191 Cobalt Crs, Stonebridge Nagar, Jaipur, 333853	IN
S1-000526	Silverline Electricals Limited	93 Ravenwood St, Apex Nagar, Surat, Rajasthan	India
S1-000527	Goldleaf Electricals Incorporated	Cobalt Park, Fresno, 359 Kestrel Boulevard	US
S1-000528	Goldleaf Electricals Incorporated	Clearwater St, Apex Park, Fresno, IL, 85282	US
S1-000529	Falcon Chemicals Corporation	257 Cboalt Dr Akron WA 54164	US
S1-000530	Falcon Chemicals Corporation	363 Summit Rd, Lantern Prak, Lubbock, OH, 67757	USA
S1-000531	Stonebridge Industries Limited Liability Company	Behind the Civic Center, 35 Ironwood Drive, Sunstone Park, Akron, IL	USA
S1-000532	Vertex Northgate Chemicals Limited	170 Brightpath St, Indore, Gujarat, 901314	India
S1-000533	Vertex Northgate Chemicals Limited	Silverline Mn, Silverline Nagar, Pune, Maharashtra	India
S1-000534	Falcon Motors Private Limited	130 Bluepeak Street, Jaipur, MP, 499276	IN
S1-000535	Meridian Consultancy Limited Liability Company	259 Northgate Drive, Mobile, OH, 53270	United States
S1-000536	Meridian Consultancy Limited Liability Company	22/47 Clearwater St, Stonebridge Park, Tacoma, OH, 78208	United States
S1-000537	Falcon Fabrics Limited	62 Stonebridge Street, Near SBI ATM, Bluepeak Nagar, Pune	IN
S1-000538	Juniper Electricals Private Limited	290 Vertex Marg, Indore, 679200	India
S1-000539	Ironwood Brightpath Motors Incorporated	214 Sunstone Ave, Behind the Civic Center, Peoria, OH, 38728	USA
S1-000540	Falcon Fabrics Private Limited	3 Bluepeak Cross, Pune, 506478	India
S1-000541	Falcon Fabrics Private Limited	Opp. Bus Depot, 207 Orchid Mn, Maplecrest Nagar, Jaipur, Gujarat, 631107	IN
S1-000542	Meridian Logistics Company	54 Orchid Drive, Northgate Park, Akron, TX, 27510	United States
S1-000543	Juniper Logistics Private Limited	232 Onyx Crs, Harbor Nagar, Jaipur, 803263, Rajasthan	India
S1-000544	Onyx Sunstone Logistics Limited	92 Clearwater Mn, Orchid Nagar, Indore, Kerala, 229896	IN
S1-000545	Kestrel Services Private Limited	342 Orchid Crs, Near Metro Pillar 42, Stonebridge Nagar, Jaipur, Gujarat, 783045	IN
S1-000546	Apex Electricals Private Limited	200 Apex Main Vertex Nagar Kochi 541208	IN
S1-000547	Vertex Packaging Private Limited	Opp. Bus Depot, Thistle Street, Pune, 933192	India
S1-000548	Maplecrest Vertex Enterprises Limited Liability Company	193 Kestrel Street Brightpath Park Lubbock AL 39080	United States
S1-000549	Bluepeak Orchid Enterprises Private Limited	248 Thistle Mai, Silverline Nagar, Coimbatore, Rajasthan, 922146	India
S1-000550	Bluepeak Orchid Enterprises Private Limited	124 Vertex Marg, Maplecrest Nagar, Coimbatore, Gujarat, 488808	India
S1-000551	Onyx Logistics Incorporated	Behind the Civic Center, 84 Quarry Boulevard, Mobile, TX	US
S1-000552	Lantern Textiles Limited Liability Company	Behind the Civic Center, 232 Juniper Boulevard, Ironwood Park, TX, 82038, Lubbock	United States
S1-000553	Goldleaf Logistics Private Limited	18 Ironwood Street Brightpath Nagar Indore	India
S1-000554	Harbor Chemicals Private Limited	26 Thistle Rd, Coimbatore, 443757, Kerala	India
S1-000555	Onyx Thistle Electricals Corporation	173 Kestrel St, Juniper Park, Peoria, 34203	US
S1-000556	Onyx Thistle Electricals Corporation	11/47 Clearwater Rd, Vertex Park, Fresno, CA	USA
S1-000557	Stonebridge Industries Limited Liability Company	129 Stonebridge Ave, Meridian Park, Mobile, IL, 53791	USA
S1-000558	Onyx Packaging Private Limited	378 Brightpath Road, Pune, 708561	India
S1-000559	Clearwater Meridian Foods Limited Liability Company	187 Summit Dr Stonebridge Park Akron 80101	United States
S1-000560	Clearwater Electricals Corporation	Opp. City Library, 128 Goldleaf Avenue, Goldleaf Park, Peoria, 43168	United States
S1-000561	Clearwater Electricals Corporation	214 Brightpath Ave, Akron, 60749	USA
S1-000562	Thistle Solutions Private Limited	372 Summit Main, Lantern Nagar, Coimbatore, Gujarat, 159139	IN
S1-000563	Thistle Solutions Private Limited	184 Redwood Road, Near Metro Pillar 42, Summit Nagar, Kochi, 8075446	India
S1-000564	Brightpath Solutions Limited Liability Company	391 Falcon Avenue, Near Exit 14, Thistle Park, Mobile, WA, 79989	United States
S1-000565	Redwood Chemicals Private Limited	184 Meridian Mn, Summit Nagar, Nagpur, Gujarat, 7750410	IN
S1-000566	Redwood Onyx Solutions Limited	Summit oad, Nagpur, Kerala	IN
S1-000567	Redwood Onyx Solutions Limited	199 Thistle Rd, Meridian Nagar, Nagpur, Kerala, 847451	IN
S1-000568	Meridian Foods Limited Liability Company	48 Juniper Blvd Ravenwood Park Near Exit 14 Austin TX 31602	United States
S1-000569	Goldleaf Services Incorporated	38 Cobalt Drive, Ravenwood Park, Behind the Civic Center, Austin	US
S1-000570	Harbor Northgate Textiles Limited Liability Company	327 Quarry Rd Lubbock OH 96742	US
S1-000571	Stonebridge Foods Limited	328 Clearwater Rd, Redwood Nagar, Jaipur	IN
S1-000572	Lantern Services Corporation	59 Apex Ave, Quarry Park, Tacoma, 59583	US
S1-000573	Brightpath Services Private Limited	Behind Ganesh Temple, Silverline Nagar, Pune, Rajasthan, 472786, 52 Bluepeak Marg	IN
S1-000574	Goldleaf Ravenwood Electricals Corporation	4/34 Juniper Road, Lubbock, 60112	USA
S1-000575	Meridian Packaging Private Limited	354 Meridian St, Silverline Nagar, Indore	IN
S1-000576	Falcon Thistle Fabrics Company	240 Apex Blvd, Silverline Park, Akron, OH, 92946	US
S1-000577	Falcon Thistle Fabrics Company	30/19 Ravenwood Blvd Cobalt Park Akro n30090 CA	US
S1-000578	Kestrel Textiles Limited	298 Quarry Marg, Kochi, Rajasthan, 336592	IN
S1-000579	Falcon Chemicals Private Limited	88 Coablt Mn, Coimbatore, MP, 823199	India
S1-000580	Cobalt Fabrics Company	358 Harbor Drive, Lantern Park, Austin, 94861	USA
S1-000581	Cobalt Fabrics Company	96 Northgate Street, Falcon Park, Austin	US
S1-000582	Kestrel Chemicals Private Limited	229 Meridian Marg, Redwood Nagar, Kochi, Gujarat, 860467	IN
S1-000583	Thistle Services Limited	61 Harbor Road, Near Metro Pillar 42, Jaipur, Tamil Nadu, 258800	IN
S1-000584	Meridian Trading Private Limited	227 Kestrel Marg, Cobalt Nagar, Kochi, Maharashtra, 337574	India
S1-000585	Orchid Vertex Services Private Limited	301 Kestrel Crs, Coimbatore	India
S1-000586	Juniper Bluepeak Services Corporation	322 Clearwater Avenue, Clearwater Park, Mobile, OH, 53263	US
S1-000587	Bluepeak Systems Private Limited	315 Clearwater Street Maplecrest Nagar Kochi MP	India
S1-000588	Redwood Packaging Limited Liability Company	72 Onyx Dr Sunstone Park Akron CA 19201	United States
S1-000589	Kestrel Systems Company	121 Vertex Boulevard, Behindthe Civic Center, Brightpath Park, Fresno, WA, 75671	USA
S1-000590	Lantern Packaging Private Limited	342 Vertex Mn Clearwater Nagar Jaipur 146083	IN
S1-000591	Clearwater Apex Solutions Limited Liability Company	233 Summit Avenu,e Cobalt Park, Mobile, 63392	US
S1-000592	Brightpath Consultancy Limited Liability Company	165 Ravenwood St, Northgate Park, Lubbock, 94787	United States
S1-000593	Stonebridge Fabrics Incorporated	34 Orchid Blvd ,Kestrel Park, 25718, Fresno	US
S1-000594	Stonebridge Fabrics Incorporated	Onyx St, Summit Park, Fresno, WA	United States
S1-000595	Lantern Foods Incorporated	Brightpath Street, Redwood Park, Tacoma, IL	United States
S1-000596	Summit Trading Private Limited	319 Goldleaf Crs, Near Metro Pillar 24, Surat, Kerala, 246686	IN
S1-000597	Vertex Foods Limited Liability Company	214 Apex Street, Thistle Park, OH, Austin	USA
S1-000598	Vertex Foods Limited Liability Company	Redwood Drive, Mobile, 86505	US
S1-000599	Clearwater Vertex Consultancy Corporation	387 Ravenwood Rd Vertex Park Behind the Civic Center Tacoma WA 72051	United States
S1-000600	Vertex Textiles Corporation	Near Exit 14, 58 Silverlne Blvd, Ravenwood Park, Lubbock	United States
S1-000601	Vertex Textiles Corporation	179 Cobalt Blvd Goldleaf Park Lubbock CA 65411 Opp. City Library	United States
S1-000602	Thistle Thistle Fabrics Private Limited	63 Silverline Street, Lantern Nagar, Nagpur, Gujarat, 195849	India
S1-000603	Thistle Thistle Fabrics Private Limited	383 Brightpath Road, Vertex Nagar, Indore, Rajasthan, 353199	IN
S1-000604	Orchid Textiles Limited	89 Northgate Main, Coimbatore, MP, 427851	India
S1-000605	Apex Apex Solutions Private Limited	175 Vertex Rd Cobalt Nagar Pune Tamil Nadu 521963	India
S1-000606	Quarry Meridian Systems Private Limited	23/85 Thistle Rd, Cobalt Nagar, Indore, Kerala	IN
S1-000607	Northgate Solutions Incorporated	46 Brightpath Rooad Austin AL 39061	United States
S1-000608	Redwood Redwood Chemicals Private Limited	148 Thistle Main, Orchid Nagar, Nagpur, MP	India
S1-000609	Redwood Redwood Chemicals Private Limited	328 Thistle Crs Apex Nagar Nagpur Tamil Nadu	IN
S1-000610	Redwood Systems Private Limited	27 Brightpath Street, Jaipur, Gujarat, 256598	IN
S1-000611	Redwood Systems Private Limited	38 Onyx Road, Jaipur, Tamil Nadu, 186101	India
S1-000612	Ironwood Summit Solutions Private Limited	245 Lantern Rd, Clearwater Nagar, Indore, Maharashtra	India
S1-000613	Ironwood Summit Solutions Private Limited	384 Ironwood Mn, Behind Ganesh Temple, Indore, 109496, Bluepeak Nagar	India
S1-000614	Lantern Trading Limited	35 Goldleaf Street, Kochi, 536884	IN
S1-000615	Lantern Industries Limited Liability Company	250 Clearwater Avenue, Bluepeak Park, Akron, OH, 39396	US
S1-000616	Goldleaf Textiles Limited Liability Company	56 Ravenwood Blvd, Silverlinne Park, Austin, AL	United States
S1-000617	Brightpath Fabrics Corporation	34/71 Bluepeak Drive, Opp. City Library, Silverline Park, Fresno, AL, 57405	US
S1-000618	Apex Chemicals Corporation	Opp. City Library 205 Maplecrest Drive Harbor Park Peoria	US
S1-000619	Falcon Logistics Private Limited	125 Kestrel Mn, Ravenwood Nagar, Jaipur, MP, 224398	India
S1-000620	Quarry Lantern Motors Incorporated	Maplecrest St, Thistle Park, Tacoma, AL	United States
S1-000621	Summit Consultancy Company	370 Goldleaf Street, Near Exit 14, Cobalt Park, Peoria, IL	USA
S1-000622	Summit Harbor Logistics Private Limited	22/42 Meridian St Kochi Tamil Nadu 241625	IN
S1-000623	Brightpath Foods Company	69 Summit Street, Near Exit 14, Ironwood Park, Peoria, IL, 10732	USA
S1-000624	Silverline Summit Industries Company	39 Lanten St, Mobile	US
S1-000625	Apex Bluepeak Systems Incorporated	Ravenwood Boulevard, Austin, IL	US
S1-000626	Silverline Industries Limited	Bluepeak Marg, Orchid Nagar, Indore, 968087	IN
S1-000627	Vertex Packaging Private Limited	184 Brightpath Road, Meridian Nagar, Nagpur, Tamil Nadu	India
S1-000628	Vertex Packaging Private Limited	56 Clearwater Marg, Harbor Nagar, Nagpur, Tamil Nadu, 444293	India
S1-000629	Clearwater Enterprises Limited	249 Apex St, Apex Nagar, Jaipur, Maharashtra	IN
S1-000630	Meridian Trading Incorporated	Near Exit 14, 24/9 Bluepeak Blvd, Maplecrest Park, Austin, 53264	USA
S1-000631	Ravenwood Electricals Limited	22/35 Bluepeak Marg Coimbatore 678625	India
S1-000632	Ravenwood Electricals Limited	216 Cleearwater Cross Cobalt Nagar Indore Rajasthan 668442	IN
S1-000633	Summit Packaging Incorporated	11/15 Cobalt Road, Sunstone Park, Lubbock, OH, 50617	USA
S1-000634	Onyx Industries Private Limited	206 Harbor Road, Brightpath Nagar, Pune, 876644	IN
S1-000635	Juniper Fabrics Private Limited	Northgte Mn, Thistle Nagar, Opp. Bus Depot, Surat, 611415	India
S1-000636	Juniper Fabrics Private Limited	Orchid Marg, Brightpath Nagar, Surat, MP, 901096	IN
S1-000637	Summit Enterprises Private Limited	Near Metro Pillar 42 39/51 Bluepeak Street Clearwater Nagar Indore Maharashtra 655783	IN
S1-000638	Summit Consultancy Company	181 Redwood Road, Ironwood Park, Akron, IL, 64931	USA
S1-000639	Maplecrest Thistle Solutions Limited	99 Redwood Main, Behind Ganesh Temple, Ironwood Nagar, Pune, Rajasthan, 747553	India
S1-000640	Maplecrest Thistle Solutions Limited	50 Silverline Crs, Falcon Nagar, Pune, Rajasthan, 590508	India
S1-000641	Northgate Systems Incorporated	284 Ravenwood Dr, 3959,4 Austin	US
S1-000642	Juniper Industries Private Limited	Vertex Rd, Behind Ganesh Temple, Sunstone Nagar, Indore, Gujarat, 955474	IN
S1-000643	Juniper Industries Private Limited	139 Bluepeak Marg Orchid Nagar Indore Rajasthan 175525	India
S1-000644	Cobalt Foods Company	Behind the Civic Center, 286 Cobalt Drive, Kestrel Park Tacoma, WA	US
S1-000645	Vertex Motors Incorporated	159 Meridian Road Silverline Park Peoria 77256	USA
S1-000646	Cobalt Logistics Limited	126 Thistle Rd, Orchid Nagar, Jaipur, Kerala, 423050	India
S1-000647	Meridian Onyx Services Corporation	19 Ironwood Road Lubbock IL 56203	US
S1-000648	Meridian Onyx Services Corporation	174 Thistle Blvd, Lantern Park, Behind the Cvic Center, Lubbock, AL	US
S1-000649	Orchid Enterprises Limited	75 Juniper Cross Meridian Nagar Pune Gujarat	India
S1-000650	Clearwater Services Private Limited	Sunstone Nagar, Pune, 397 Cobalt Marg	India
S1-000651	Silverline Industries Company	379 Kestrel Street, Sunstone Park, Fresno, WA, 24921	US
S1-000652	Summit Trading Private Limited	80 Summit Street, Vertex Nagar, Kochi, Kerala, 926942	IN
S1-000653	Summit Logistics Company	30 Orchid Sttreet, Silverline Park, Mobile, CA	USA
S1-000654	Summit Logistics Company	Near Exit 14, 116 Orchid Rd, Cobalt Park, Akron, CA, 58664	USA
S1-000655	Ironwood Harbor Systems Corporation	98 Harbor Street Redwood Park Akron CA 89158	USA
S1-000656	Ironwood Harbor Systems Corporation	23/54 Falcon Street, Akron, WA	USA
S1-000657	Vertex Foods Limited	Near SBI ATM, 144 Cobalt Main, Bluepeak Nagar, Indore, Maharashtra, 162163	India
S1-000658	Onyx Goldleaf Chemicals Private Limited	Behind Ganesh Temple, Thistle Marg, Ravenwood Nagar, Kochi, Maharashrta, 947638	India
S1-000659	Cobalt Foods Company	273 Thistle Drive, Tacoma, 64547	USA
S1-000660	Cobalt Foods Company	291 Summit Dr, Tacoma, WA	US
S1-000661	Clearwater Services Private Limited	98 Falcon Road, Summit Nagar, Nagpur, Maharashtra	IN
S1-000662	Clearwater Services Private Limited	36 Redwood Mn Nagpur Tamil Nadu 966688	IN
S1-000663	Ravenwood Redwood Electricals Private Limited	Apex Mn, Quarry Nagar, Surat, Gujarat	IN
S1-000664	Maplecrest Systems Private Limited	Lantern M, Coimbatore	India
S1-000665	Clearwater Packaging Limited	185 Sunstone Cross, Maplecrest Nagar, Surat, Maharashtra	India
S1-000666	Ironwood Services Private Limited	146 Quarry Marg, Bluepeak Nagar, Near BSI ATM, Jaipur, Kerala, 590132	India
S1-000667	Ironwood Services Private Limited	3 Clearwater Cross, Summit Nagar, Jaipur, Kerala, 940348	IN
S1-000668	Summit Meridian Electricals Limited	37 Stonebridge Street Maplecrest Nagar Jaipur Tamil Nadu 790776	India
S1-000669	Summit Meridian Electricals Limited	184 Ravenwood St, Jaipur,  Tamil Nadu	India
S1-000670	Falcon Foods Corporation	28/22 Ravenwood Boulevard, Redwood Park, Austin, 57076, IL	USA
S1-000671	Falcon Foods Corporation	Quarry Ave, Apex Park, Austin, 67012	US
S1-000672	Ironwood Trading Limited	82 Falcon Main, Quarry Nagar, Kochi, Kerala	India
S1-000673	Silverline Solutions Limited	146 Thistle Cross, Sunstone Nagar, Jaipur, 372232	IN
S1-000674	Silverline Solutions Limited	108 Thistle Rd, Near Metro Pillar 42,O rchid Nagar, Nagpur, MP, 528537	India
S1-000675	Cobalt Systems Limited	Stonebridge Marg Juniper Nagar Behind Ganesh Temple Coimbatore Gujarat 191001	IN
S1-000676	Silverline Systems Private Limited	134 Clearwater St, Northgate Nagar, Indore, Tamil Nadu, 294744	India
S1-000677	Sunstone Sunstone Solutions Company	337 Quarry Road, Mobile, TX, 18843, Maplecrest Park	US
S1-000678	Thistle Trading Private Limited	101 uQarry Mn, Summit Nagar, Coimbatore, Tamil Nadu, 315106	India
S1-000679	Thistle Trading Private Limited	200 Brightpath Road Quarry Nagar Coimbatore Gujarat 475584	India
S1-000680	Ravenwood Electricals Private Limited	14 Brightpath Main, Coimbatore, 819759	India
S1-000681	Stonebridge Electricals Company	62 Bluepeak Blvd, Clearwater Park, Mobile	US
S1-000682	Silverline Logistics Private Limited	201 Juniper Mn, Silverline Nagar, Coimbatore, 947042	India
S1-000683	Silverline Logistics Private Limited	395 Quarry Marg, Stonebridge Nagar, Coimbatore, Maharashtra, 393189	India
S1-000684	Maplecrest Industries Company	250 Apex St, Maplecrest Park, Near Exit 14, Akron, CA, 24828	United States
S1-000685	Northgate Foods Incorporated	59 Lantern Blvd, Austin, IL, 77009, Ironwood Park	US
S1-000686	Thistle Consultancy Private Limited	319 Falcon Marg, Clearwater Nagar, Coimbatore	India
S1-000687	Thistle Consultancy Private Limited	351 Quarry Street Lantern Nagar Nagpur 473379	India
S1-000688	Quarry Fabrics Private Limited	Vertex Mn, Stonebridge Nagar, Pune, MP	IN
S1-000689	Quarry Fabrics Private Limited	238 Quarry Cross, Kochi, Maharashtra, 3002251	India
S1-000690	Vertex Redwood Systems Private Limited	192 Quarry Street, Near SBI ATM, Juniper Nagar, Kochi, Rajasthan, 250965	IN
S1-000691	Orchid Packaging Incorporated	Juniper Road, Harbor Park, Fresno	US
S1-000692	Orchid Packaging Incorporated	364 Summit St, Orchid Park, Mobile	United States
S1-000693	Quarry Foods Private Limited	38/42 Sunstone Main, Goldleaf Nagar, Jaipur, MP, 969533	IN
S1-000694	Brightpath Trading Company	29 Meridian Street Kestrel Park Peoria TX 38128	USA
S1-000695	Falcon Textiles Incorporated	217 Clearwater Ave, Quarry Park, Mobbile, WA	US
S1-000696	Brightpath Apex Fabrics Private Limited	13 Stonebridge Mn, Brightpath Nagar, Jaipur	India
S1-000697	Brightpath Apex Fabrics Private Limited	229 Goldleaf Marg, Quarry Nagar, Jaipur, 257810	IN
S1-000698	Ravenwood Chemicals Private Limited	Near Metro Pillar 42, Onyx Marg, Kochi, 483433	India
S1-000699	Brightpath Motors Private Limited	22 Kestrel Rd, Goldleaf Nagar, Kochi, Kerala, 840702	India
S1-000700	Kestrel Consultancy Corporation	Sunstone Street, Thistle Park, Fresno, AL, 65708	USA
S1-000701	Bluepeak Juniper Consultancy Company	Opp. City Library, 252 Kestrel Road, Lubbock	US
S1-000702	Ravenwood Trading Private Limited	193 Goldleaf Crs, Kochi, 792109	India
S1-000703	Vertex Consultancy Incorporated	Near Exit 14, 330 Cobalt St, Silverline Park, Akron, TX	USA
S1-000704	Vertex Consultancy Incorporated	349 Sunstone Blvd, Goldleaf Park, Akron, IL, 57317	United States
S1-000705	Meridian Enterprises Company	33/55 Meridian Ave, Fresno, 25830	US
S1-000706	Northgate Packaging Private Limited	Quarry Road, Cobalt Nagar, Indore, Maharashtra	IN
S1-000707	Thistle Foods Private Limited	373 Lantern Cross, Maplecrest Nagar, Nagpur, 272421	IN
S1-000708	Lantern Fabrics Corporation	157 Juniper Ave, Near Exit 14, Akron, 16967	USA
S1-000709	Lantern Fabrics Corporation	Meridian Drive, IL, 95807, Austin	United States
S1-000710	Harbor Redwood Chemicals Corporation	21 Vertex Blvd, Silverline Park, TX, 73658, Tacoma	USA
S1-000711	Harbor Redwood Chemicals Corporation	305 Quarry Blvd, Tacoma, WA, 23961	United States
S1-000712	Sunstone Industries Corporation	15/56 Northgate Boulevard, Behind the Civic Center, Austin, WA, 37823	United States
S1-000713	Cobalt Enterprises Corporation	380 Vertex Street, Ironwood Park, Opp. City Library, Fresno, AL	United States
S1-000714	Lantern Vertex Packaging Limited Liability Company	8 Goldleaf Drive, Bluepeak Park, Peoria, CA, 28548	United States
S1-000715	Lantern Vertex Packaging Limited Liability Company	173 Northgate Blvd, Onyx Park, Peoria, TX, 23940	US
S1-000716	Lantern Lantern Motors Corporation	69 Onyx Blvd, Brightpath Park, Peoria, CA, 77749	United States
S1-000717	Quarry Chemicals Incorporated	271 Silverline Road, Stonebridge Park, Tacoma	US
S1-000718	Stonebridge Textiles Company	184 Northgate St, Silverline Park, Mobile, 91503	USA
S1-000719	Maplecrest Maplecrest Electricals Corporation	125 Lantern Drive, Near Exit 14, Austin, AL, 25861	USA
S1-000720	Maplecrest Maplecrest Electricals Corporation	211 Cobalt Rd, Akron, 83480	US
S1-000721	Bluepeak Electricals Company	Opp. City Library 129 Redwood RdVertex Park Lubbock AL	United States
S1-000722	Bluepeak Electricals Company	359 Maplecrest Drive, Lantern Park, Lubbock	United States
S1-000723	Bluepeak Silverline Fabrics Limited	Ravenwood Main, Coimbatore, 192004	India
S1-000724	Quarry Foods Private Limited	388 Northgate Crs, Orchid Nagar, Indore, MP, 973870	IN
S1-000725	Sunstone Solutions Company	108 Meridian Rd, Peoria, AL, 85940	USA
S1-000726	Cobalt Services Corporation	261 Summit Road, Quarry Park, Tacoma, 82548	USA
S1-000727	Sunstone Chemicals Incorporated	209 Brightpath Rd, Summit Park, Tacoma, 12216	United States
S1-000728	Clearwater Foods Incorporated	33/21 Goldleaf Blvd, Opp. City Library, Maplecrest Park, Tacoma, AL, 65870	US
S1-000729	Clearwater Foods Incorporated	206 Goldleaf Dr Silverline Park Freesno	US
S1-000730	Cobalt Logistics Private Limited	374 Summit Mn,Indore, 859596	India
S1-000731	Orchid Chemicals Incorporated	255 Redwood Ave Juniper Park Austin	USA
S1-000732	Stonebridge Consultancy Incorporated	76 Onyx Drive, Stonebridge Park, Austin	US
S1-000733	Bluepeak Enterprises Limited Liability Company	96 Stonebridge St, Harbor Park, Austin, TX	United States
S1-000734	Clearwater Logistics Corporation	2/16 Brightpath Avenue, Redwood Park, Near Exit 14, Tacoma, OH, 13699	US
S1-000735	Northgate Industries Limited	107 Silverline Marg, Pune, Rajasthan, 618809	IN
S1-000736	Cobalt Falcon Systems Corporation	91 Falcon Blvd, Quarry Park, Fresno, 45716	United States
S1-000737	Redwood Consultancy Private Limited	168 Kestrel Marg, Near SBI ATM, Quarry Nagar, Kochi, Maharashtra, 507386	IN
S1-000738	Summit Falcon Fabrics Limited Liability Company	190 Harbor Drive, Falcon Park, Lubbock, 87578	US
S1-000739	Redwood Fabrics Private Limited	87 Brightpath Cross, Vertex Nagar, Nagpur, Gujarat	IN
S1-000740	Falcon Consultancy Company	267 Summit Ave, Behind the Civic Center, Stonebridge Park, Tacoma, CA, 40836	USA
S1-000741	Summit Motors Limited	348 Vertex Street, Nagpur, Maharashtra, 153898	IN
S1-000742	Meridian Enterprises Company	300 Cobalt Blvd Opp. City Library Lubbock 27205 Harbor Park	United States
S1-000743	Apex Electricals Company	274 Orchid Ave, Falcon Park, Akron, 46589	United States
S1-000744	Summit Summit Fabrics Limited	32/76 Falcon Marg Ironwood Nagar Pune 865824	IN
S1-000745	Silverline Textiles Limited	348 Redwood Marg, Jaipur, 129891	India
S1-000746	Silverline Textiles Limited	9/9 Falcon Crs Northgate Nagar Jaipur Tamil Nadu 951313	IN
S1-000747	Maplecrest Enterprises Corporation	Falcon Street, Akron, OH, 69406	USA
S1-000748	Kestrel Solutions Corporation	268 Quarry Rd, Lantern Park, Near Exit 14, Mobile	United States
S1-000749	Brightpath Cobalt Textiles Private Limited	218 Onyx Rd Northgate Nagar Pune Rajasthan 382157	India
S1-000750	Goldleaf Textiles Company	366 Ravenwood St, Onyx Park, Near Exit 14, Akron, TX	US
S1-000751	Cobalt Fabrics Incorporated	219 Summit Dr, Opp. City Library, Ravenwood Park, Akron, CA, 72842	US
S1-000752	Cobalt Fabrics Incorporated	289 Summit Street, Tacoma, 50639	US
S1-000753	Apex Systems Corporation	193 Bluepeak Dr, Lantern Park, Austin, IL	United States
S1-000754	Maplecrest Logistics Limited Liability Company	166 Kestrel D, Northgate Park, CA, Fresno	USA
S1-000755	Kestrel Electricals Limited	41 Sunstone Marg Surat 209502	India
S1-000756	Falcon Textiles Corporation	144 Cobalt Boulevrd, Thistle Park, Lubbock	US
S1-000757	Bluepeak Textiles Limited	41 Orchid St, Juniper Nagar, Indore, Rajasthan, 906522	IN
S1-000758	Bluepeak Textiles Limited	338 Falcon St, Cobalt Nagar, Jaipur	IN
S1-000759	Sunstone Electricals Private Limited	299 Kestrel Marg Surat Maharashtra 427528	India
S1-000760	Summit Industries Private Limited	Goldleaf Crs, Ironwood Nagar, Nagpur, Tamil Nadu, 650240	India
S1-000761	Ironwood Textiles Incorporated	Stonebridge Road, Goldleaf Park, Near Exit 14, Akron, AL, 45595	US
S1-000762	Ravenwood Fabrics Incorporated	299 Redwood Blvd Kesstrel Park Austin	United States
S1-000763	Falcon Enterprises Limited	170 Sunstone St Lantern Nagar Pune Rajasthan 157484	IN
S1-000764	Falcon Enterprises Limited	252 Apex Main, Brightpath Nagar, Coimbatore, 606572	IN
S1-000765	Silverline Fabrics Corporation	36 Sunstone Avenue Thistle Park Mobile Behind the Civic Center	United States
S1-000766	Harbor Services Limited Liability Company	67 Apex Rd Apex Park Tacoma A	United States
S1-000767	Silverline Services Limited Liability Company	102 Stonebridge Boulevard, Bluepeak Park, Tacoma, 53703	US
S1-000768	Sunstone Systems Private Limited	310 Silverline Street, Lantern Nagar, Pune, Gujarat, 239305	IN
S1-000769	Clearwater Solutions Company	Behind the Civic Center Lubbock AL 4395444 Maplecrest Drive	US
S1-000770	Redwood Packaging Private Limited	295 Redwood Mn, Juniper Nagar, Indore, 370907	IN
S1-000771	Redwood Packaging Private Limited	187 Redwood Main, Indore, Maharashtra, 811727	IN
S1-000772	Harbor Consultancy Private Limited	188 Meridian Cross, Apex Nagar, Jaipur, Maharashtra, 784750	India
S1-000773	Summit Enterprises Private Limited	Silverline Main, Sunstone Nagar, Jaipur, Kerala, 806313	India
S1-000774	Ravenwood Fabrics Incorporated	333 Apex St, Falcn Park, Fresno, IL, 57799	United States
S1-000775	Meridian Services Limited Liability Company	337 Bluepeak Drive, Summit Park, Fresno, WA	US
S1-000776	Falcon Enterprises Company	10 Silverline Dr, Bluepeak Park, Mobile, TX	USA
S1-000777	Sunstone Chemicals Private Limited	54 Maplecrest Marg Ravenwood Nagar Behind Ganesh Temple Surat	IN
S1-000778	Onyx Trading Private Limited	Near SBI ATM, 133 Summit Street, Nagpur	IN
S1-000779	Onyx Trading Private Limited	344 Meridian Cross, Behind Ganesh Temple, Nagpur, 655213	India
S1-000780	Maplecrest Services Limited	220 Northgate Main Coimbatore 176170	IN
S1-000781	Maplecrest Services Limited	146 Brightpath Crs, Near Metro Pillar 42, Kochi, Kerala, 210120	IN
S1-000782	Apex Fabrics Corporation	194 Clearwater Ave, Meridian Park, Lubbock, 53817	United States
S1-000783	Clearwater Industries Company	89 Summiit Ave, Austin, 18231	USA
S1-000784	Clearwater Industries Company	Meridian Street, Ironwood Park, Austin, OH, 69126	US
S1-000785	Harbor Chemicals Incorporated	10/32 Meriidian Avenue, Orchid Park, Akron, CA	United States
S1-000786	Juniper Motors Limited	38/13 Northgate Street, Goldleaf Nagar, Nagpur, Kerala	IN
S1-000787	Sunstone Bluepeak Industries Limited	227 Goldleaf St, Lantern Nagar, Near SBI ATM, Kochi, Gujarat	India
S1-000788	Northgate Foods Corporation	159 Meridian Avenue, Lantern Park, Fresno, IL, 96405	USA
S1-000789	Northgate Foods Corporation	379 Goldleaf Road, Near Exit 14, Fresno, OH, 19784	US
S1-000790	Brightpath Vertex Electricals Corporation	121 Vertex Boulevard, Silverline Park, Near Exit 14, Austin	US
S1-000791	Orchid Enterprises Limited Liability Company	3/81 Ironwood Road, Tacoma, IL	USA
S1-000792	Juniper Logistics Private Limited	73 Sunstone Cross, Northgate Nagar, Surat, Rajasthan	India
S1-000793	Falcon Motors Private Limited	158 Apex Crs, Bluepeak Nagar, Nagpur, 369002	IN
S1-000794	Vertex Trading Private Limited	341 Orchid Crs, Near Metro Pillar 42, Jaipur, Rajasthan, 387683	India
S1-000795	Vertex Trading Private Limited	212 Maplecrest Main, Jaipur, 986544, Goldleaf Nagar	IN
S1-000796	Harbor Industries Private Limited	163 Lantern Mn, Northgate Nagar, Indore, 440946	India
S1-000797	Vertex Foods Private Limited	138 Ravenwood Marg, Harbor Nagar, Kochi, MP, 238747	IN
S1-000798	Cobalt Motors Private Limited	11/55 Sunstone St Bluepeak Nagar Surat 378399	India
S1-000799	Vertex Industries Limited Liability Company	Juniper St Clearwater Park Tacoma CA 71621	United States
S1-000800	Summit Textiles Corporation	Sunstone Park, Akron, CA, Stonebridge Boulevard	USA
S1-000801	Clearwater Industries Private Limited	238 Ravenwood Main, Northgate Nagar, Pune, 510695	India
S1-000802	Clearwater Industries Private Limited	Cobalt Marg, Meridian Nagar, Pune, Maharashtra, 676716	IN
S1-000803	Ironwood Meridian Solutions Incorporated	362 Orchid Road, Falcon Park, Tacoma, AL, 56779	United States
S1-000804	Sunstone Quarry Trading Limited	Near SBI ATM 261 Bluepeak Marg Onyx Nagar Surat 571865	IN
S1-000805	Brightpath Solutions Limited Liability Company	189 Vertex Ave, Sunstone Park, Akron, 87366	United States
S1-000806	Lantern Falcon Electricals Incorporated	Northgate Avenue, Raenwood Park, Akron, WA, 41303	US
S1-000807	Bluepeak Fabrics Private Limited	248 Cobalt Street, Opp. Bus Depot, Pune, Rajasthan, 718226	India
S1-000808	Onyx Lantern Enterprises Company	154 Goldleaf Avenue, Peoria, AL, 24417	United States
S1-000809	Brightpath Fabrics Private Limited	364 Falcon Mn, Jaipur, Lantern Nagar	India
S1-000810	Brightpath Fabrics Private Limited	95 Cobalt Street, Cobalt Nagar, Coimbatore	India
S1-000811	Onyx Quarry Consultancy Private Limited	268 Ironwood Crs, Meridian Nagar, Jaipur, Rajasthan, 649221	India
S1-000812	Apex Harbor Foods Limited Liability Company	179 Apex Blvd, Tacoma	US
S1-000813	Stonebridge Solutions Private Limited	380 Thistle Street, Goldleaf Nagar, Kochi, Rajasthan, 258925	India
S1-000814	Goldleaf Fabrics Private Limited	301 Quarry Street, Falcon Nagar, Nagpur	India
S1-000815	Juniper Meridian Trading Incorporated	28/3 Maplecrest Ave, Mobile, TX, 27255	USA
S1-000816	Apex Packaging Private Limited	6/74 Susntone Crs, Lantern Nagar, Indore, Gujarat	IN
S1-000817	Apex Packaging Private Limited	250 Ironwood St, Coimbatore, 827737	IN
S1-000818	Brightpath Enterprises Private Limited	Maplecrest Street, Redwood Nagar, Kochi, 335193	IN
S1-000819	Juniper Solutions Company	163 Northgate Avenue, Near Exit 14, Fresno, AL	USA
S1-000820	Brightpath Services Incorporated	Goldleaf Avenue, Northgate Park, Mobile, 74910	US
S1-000821	Silverline Packaging Limited	297 Sunstone Marg Kestrel Nagar Kochi MP 173278	IN
S1-000822	Northgate Services Limited Liability Company	282 Meridian Rd, Meridian Park, Austin, AL	United States
S1-000823	Meridian Fabrics Corporation	163 AApex Avenue Mobile CA 96235	United States
S1-000824	Ravenwood Chemicals Company	185 Clearwater Rd, Redwood Park, Austin, AL, 94788	US
S1-000825	Ravenwood Chemicals Company	244 Thistle Ave, Clearwater Park, Peoria, OH	United States
S1-000826	Clearwater Goldleaf Enterprises Corporation	197 Meridian Dr, Stonebridge Park, Tacoma, CA, 74303	USA
S1-000827	Summit Industries Incorporated	147 Lantern Drive, Stonebridge Park, Austin, IL, 13815	USA
S1-000828	Brightpath Trading Private Limited	323 Juniper Road Stonebridge Nagar Jaipur 355026	India
S1-000829	Redwood Services Incorporated	133 Northgate St, Silverlien Park, OH, Fresno	US
S1-000830	Kestrel Fabrics Limited Liability Company	95 Vertex Road, Behind the Civic Center, Austin, OH, 35406	United States
S1-000831	Goldleaf Packaging Company	Sunstone Park, Mobile, 71601, 139 Thistle St	US
S1-000832	Goldleaf Packaging Company	Near Exit 14, 221 Northgate Boulevard, Sunstone Park, Mobile, WA, 52317	US
S1-000833	Goldleaf Fabrics Limited	285 Clearwater Cross, Kestrel Nagar, Pune, MP, 322105	India
S1-000834	Goldleaf Fabrics Limited	70 Orchid Mn Falcon Nagar Pune Rajasthan 580741	India
S1-000835	Harbor Services Corporation	219 Ravenwood Street, Lubbock, TX	US
S1-000836	Harbor Services Corporation	Ironwood Road Lubbock 70219	USA
S1-000837	Redwood Enterprises Limited Liability Company	56 Northgate Boulevard, Meridian Park, Near Exit 14, Peoria, AL	USA
S1-000838	Redwood Enterprises Limited Liability Company	Opp. City Library, Goldleaf Avenue, Luubbock, AL	USA
S1-000839	Goldleaf Fabrics Private Limited	Near Metro Pillar 42 22 Kestrel Main Juniper Nagar Jaipur Maharashtra	India
S1-000840	Juniper Services Company	Maplecrest Drive, Vertex Park, Peoria, OH, 17746	US
S1-000841	Ravenwood Trading Limited	Meridian Marg, Jaipur, MP	India
S1-000842	Ravenwood Trading Limited	359 Cobalt Cross, Stonebridge Nagar, Jaipur, MP	IN
S1-000843	Vertex Falcon Services Private Limited	36 Juniper Mn, Indore, Tamil Nadu, 511522	IN
S1-000844	Vertex Falcon Services Private Limited	43 Maplecrest Cross, Jaipur, Rajasthan, 151344	IN
S1-000845	Northgate Motors Limited	28 Ironwood St, Sunstone Nagar, Kochi, Gujarat	India
S1-000846	Northgate Motors Limited	289 Silverline Rd, Nagpur	IN
S1-000847	Apex Foods Corporation	33/47 Sunstone Boulevard TX Mobile	United States
S1-000848	Apex Foods Corporation	346 Thistle St Behind the Civic CenterMobile	United States
S1-000849	Sunstone Systems Private Limited	14/23 Onyx Street, Northgate Nagar, Near SBI ATM, Pune, Tamil Nadu, 714637	IN
S1-000850	Sunstone Systems Private Limited	208 Kestre lMarg Coimbatore 814924	India
S1-000851	Onyx Consultancy Private Limited	380 Onyx Marg, Bluepeak Nagar, NNagpur, 982596	IN
S1-000852	Lantern Motors Corporation	111 Quarry Avenue Kestrel Park Tacoma IL 36182	USA
S1-000853	Lantern Motors Corporation	86 Clearwater Boulevard, Apex Park, Tacoma, OH	USA
S1-000854	Lantern Chemicals Limited Liability Company	Falcon Dr, Ironwood Park, Peoria, OH	US
S1-000855	Bluepeak Juniper Systems Incorporated	5 Quarry Boulevard, Quarry Park, Lubbock, 23336	US
S1-000856	Falcon Textiles Private Limited	12/72 Orchid Cross, Silverline Nagar, MP, 475698, Jaipur	India
S1-000857	Summit Chemicals Private Limited	Thistle Nagar Pune 229863 Meridian Road	IN
S1-000858	Bluepeak Apex Motors Incorporated	3 Silverline Strete Fresno 46960	US
S1-000859	Quarry Systems Incorporated	300 Kestrel Avenue Lantern Park, Peoria, TX	US
S1-000860	Stonebridge Enterprises Corporation	35/44 Summit Blvd Fresno 33429	USA
S1-000861	Stonebridge Enterprises Corporation	Opp. City Library, 309 Quarry Boulevard, Brightpath Park, Fresno, 60105	US
S1-000862	Falcon Fabrics Limited	Quarry Nagar, Indore, 304670, Northgate Marg	India
S1-000863	Falcon Fabrics Limited	126 Summit Crs, Indore, Gujarat, 668304	IN
S1-000864	Quarry Redwood Foods Corporation	9/2 Thistle Drive, Akron, 98431	United States
S1-000865	Bluepeak Orchid Motors Private Limited	Quarry  Mn, Ravenwood Nagar, Pune, Rajasthan, 683396	India
S1-000866	Bluepeak Orchid Motors Private Limited	314 Sunstone Cross, Onyx Nagar, Near SBI ATM, Pune, Rajasthan, 450944	India
S1-000867	Kestrel Consultancy Private Limited	324 Ravenwood Cross, Ravenwood Nagar, Jaipu, 198248	IN
S1-000868	Northgate Fabrics Private Limited	16/64 Ironwood Cross, Lantern Nagar, Nagpur, Tamil Nadu	IN
S1-000869	Bluepeak Textiles Corporation	232 Vertex Blvd, Sunstone Park, Mobile, 40090	USA
S1-000870	Kestrel Kestrel Services Limited	9 Kestrel Road Cobalt Nagar Coimbatore Maharashtra 289448 Near SBI ATM	IN
S1-000871	Redwood Electricals Private Limited	325 Onyx Marg Sunstone Nagar Jaipur Maharashtra 404866	India
S1-000872	Northgate Trading Limited Liability Company	172  Meridian Avenue, Mobile, OH, 35015	United States
S1-000873	Vertex Enterprises Limited	Near SBI ATM, 35 Irronwood Crs, Nagpur, Gujarat, 305841	IN
S1-000874	Stonebridge Packaging Incorporated	327 Silverline Boulevard, Thistle Park, Fresno, AL, 59261	USA
S1-000875	Onyx Ironwood Motors Private Limited	Behind Ganesh Temple, Goldleaf Nagar, Surat, Rajasthan, 350 Sunstone Marg	India
S1-000876	Cobalt Stonebridge Textiles Company	387 Maplecrest St, Ironwood Park, Behind the Civic Center, Mobile	US
S1-000877	Cobalt Stonebridge Textiles Company	5/58 Onyx Road, Near Exit 14, Mobile	USA
S1-000878	Clearwater Juniper Services Limited	50 Sunstone Rd Ravenwood Nagar Kochi 509948	India
S1-000879	Brightpath Foods Limited Liability Company	371 Cobalt Rd, Harbor Park, Tacoma	United States
S1-000880	Ironwood Industries Corporation	306 Clearwater Avenue, Kestrel Park, Lubbock, WA	USA
S1-000881	Goldleaf Fabrics Limited	Brightpath Cross, Clearwater Nagar, Surat, MP, 360987	India
S1-000882	Cobalt Solutions Private Limited	202 Stonebridge Rd, Harbor Nagar, Indore, Maharashtra, 858274	India
S1-000883	Brightpath Lantern Foods Limited	227 Redwood Street, Silverline Nagar, Nagpur	IN
S1-000884	Meridian Clearwater Enterprises Limited	227 Goldleaf Cross, uPne, MP, 875912	India
S1-000885	Meridian Clearwater Enterprises Limited	378 Orchid Marg, Sunstone Nagar, Pune, MP, 628977	India
S1-000886	Lantern Packaging Limited Liability Company	388 Kestrel St, Clearwater Park, Akron	US
S1-000887	Kestrel Packaging Limited	205 Quarry Mn Kochi MP 805388	IN
S1-000888	Falcon Summit Chemicals Company	9/26 Redwood Dr, Meridian Park, Austin, IL	US
S1-000889	Falcon Summit Chemicals Company	181 Cobalt St, Summit Park, Austin, WA, 27337	US
S1-000890	Bluepeak Consultancy Private Limited	Opp. Bus Depot, 27/86 Onyx Road, Ironwood Nagar, Surat, 636482	India
S1-000891	Northgate Systems Limited	368 Meridian Stree Kochi 472871	IN
S1-000892	Vertex Textiles Private Limited	37 Sunstone Cross, Stonebridge Nagar, Near SBI ATM, Jaipur, Kerala	India
S1-000893	Ironwood Electricals Company	Near Exit 14 47 Sunstone Dr Peoria 85581 Maplecrest Park	USA
S1-000894	Goldleaf Enterprises Limited	146 Juniper St Meridian Nagar Pune 819624	IN
S1-000895	Goldleaf Enterprises Limited	113 Vertex Rd, Falcon Nagar, Pune, MP, 983245	IN
S1-000896	Sunstone Solutions Corporation	Redwood Road, Brightpath Park, Peoria, IL	US
S1-000897	Kestrel Enterprises Limited Liability Company	35/77 Meridian Blvd, Thistle Park, Lubbock, 81257	US
S1-000898	Kestrel Enterprises Limited Liability Company	Opp. City Library, Fresno, TX, 341 Orchid St	USA
S1-000899	Clearwater Services Limited	251 Summit Crs, Maplecrest Nagar, Nagpur, Gujarat, 305359	India
S1-000900	Clearwater Enterprises Company	304 Vertex Ave, Brighptath Park, Tacoma, IL, 10966	USA
S1-000901	Clearwater Enterprises Company	61 Summit St, Opp. City Library, Vertex Park, Tacoma, 99849	United States
S1-000902	Onyx Consultancy Private Limited	258 Silverline Marg, Onyxx Nagar, Surat, MP, 570579	India
S1-000903	Cobalt Ravenwood Industries Private Limited	326 Kestrel Mn Cobalt Nagar Coimbatore	IN
S1-000904	Cobalt Ravenwood Industries Private Limited	36 Ironwood Mn Cobalt Nagar Jaipur Tamil Nadu 269157	IN
S1-000905	Kestrel Systems Limited	151 Summit Streett, 894295, Pune	India
S1-000906	Ironwood Foods Private Limited	30 Goldleaf Rd ,Northgate Nagar, Pune, 336021	India
S1-000907	Stonebridge Electricals Limited	Opp. Bus Depot, 148 Lanter Cross, Indore, Gujarat, 653121	IN
S1-000908	Kestrel Trading Company	204 Juniper Dr, Juniper Park, Akron, WA	USA
S1-000909	Silverline Electricals Private Limited	150 Cobalt Cross, Ravenwood Nagar, Coimbatore, MP, 374711	IN
S1-000910	Silverline Electricals Private Limited	143 Brightpath Crs, Thistle Nagar, Surat, 978342	IN
S1-000911	Onyx Enterprises Limited Liability Company	Vertex Street, Falcon Park, Austin, 36602	US
S1-000912	Brightpath Chemicals Limited	Clearwater Mn, Goldleaf Nagar, Surat, Tamil Nadu	IN
S1-000913	Northgate Textiles Corporation	186 Cobalt Blvd, Sunstone Park,  Lubbock, CA, 44117	USA
S1-000914	Lantern Packaging Limited Liability Company	Opp. City Library 360 Clearwater Boulevard Apex Park Mobile	US
S1-000915	Lantern Packaging Limited Liability Company	56 Northgate Avenue, Mobile, AL, 79953	USA
S1-000916	Bluepeak Systems Private Limited	145 Onyx Road, Jaipur, Kerala	IN
S1-000917	Lantern Consultancy Private Limited	145 Quarry Rd, Ironwood Nagar, Kochi	IN
S1-000918	Lantern Consultancy Private Limited	280 Sunstone Marg, Kochi, MP, 794654	India
S1-000919	Summit Clearwater Solutions Private Limited	Nagpur, Kerala, 930806, Clearwater Street	IN
S1-000920	Maplecrest Chemicals Incorporated	397 Kstrel Dr, Peoria, IL	United States
S1-000921	Cobalt Textiles Private Limited	Quarry St, Ironwood Nagar, Indore, 704406	IN
S1-000922	Redwood Kestrel Enterprises Incorporated	322 Meridian Avenue, Silverlin Park, Fresno, 18452	USA
S1-000923	Stonebridge Industries Limited	Near SBI ATM, Juniper Nagar, Coimbatore, 963984, 148 Bluepeak Street	India
S1-000924	Vertex Northgate Trading Company	98 Northgate Dr, Akron	USA
S1-000925	Northgate Packaging Incorporated	205 Vertex Ave, Quarry Park, Tacoma, OH, 67041	USA
S1-000926	Northgate Packaging Incorporated	300 ilverline Ave, Meridian Park, Tacoma, OH, 15388	US
S1-000927	Vertex Textiles Corporation	233 Juniper Rd Ironwood Park Tacoma TX 63793	USA
S1-000928	Vertex Textiles Corporation	Goldleaf Street, Tacoma, AL	US
S1-000929	Ravenwood Textiles Private Limited	Juniper Rd, Redwood Nagar, Nagpur, 923962	India
S1-000930	Ravenwood Textiles Private Limited	181 Bluepeak Cross, Nagpur	India
S1-000931	Orchid Vertex Enterprises Limited Liability Company	78 Maplecrest Ave, Tacoma, 57956	USA
S1-000932	Summit Systems Limited	18/6 Sunstone Street Pune	IN
S1-000933	Quarry Solutions Limited	262 Onyx Mn, Quarry Nagar, Kochi, Maharashtra, 295499	India
S1-000934	Quarry Solutions Limited	349 Harbor St, Kochi, Gujaat	IN
S1-000935	Ravenwood Services Company	99 Brightpath Rd, JJuniper Park, Austin, 19054, AL	United States
S1-000936	Northgate Logistics Company	166 Goldleaf Avenue, Orchid Park, TX, Austin	US
S1-000937	Brightpath Industries Private Limited	Silverline Road, Goldleaf Nagar, Nagpur, MP, 963861	India
S1-000938	Redwood Electricals Limited	Opp. Bus Depot, 321 Quarry Main, Vertex Nagar, Jaipur, Kerala, 800165	India
S1-000939	Onyx Thistle Systems Limited Liability Company	41 Goldleaf Road, Falcon Park, Lubbock, TX, 64613	US
S1-000940	Juniper Industries Private Limited	Vertex St, Coimbatore	IN
S1-000941	Maplecrest Logistics Limited	312 Harbor Marg, Near SBI ATM, Redwood Nagar, Jaipur	IN
S1-000942	Stonebridge Solutions Private Limited	Northgate Mn, Stonebridge Nagar, Pune, Tamil Nadu	IN
S1-000943	Stonebridge Solutions Private Limited	32 Bluepeak Main Harbor Nagar Pune Tamil Nadu 603245	IN
S1-000944	Apex Services Incorporated	Near Exit 14, 362 Northgate Street, Stonebridge Park, Peoria, WA, 79989	US
S1-000945	Cobalt Systems Company	13/5 Ironwood Ave, Juniper Park, Mobile, 60335	US
S1-000946	Bluepeak Falcon Fabrics Private Limited	303 Cobalt Main Nagpur Kerala 957127	IN
S1-000947	Orchid Maplecrest Electricals Limited Liability Company	65 Redwood St, Behind the Civic Center, Vertex Park, WA, 46081, Austin	United States
S1-000948	Onyx Brightpath Motors Limited	39/24 Clearwater Street, Pune, Maharashtra, 793021, Juniper Nagar	IN
S1-000949	Juniper Trading Incorporated	5 Summit Avenue, Mobile, AL, 52707	USA
S1-000950	Quarry Maplecrest Services Limited Liability Company	271 Summit Avenue ,Peoria, WA, Near Exit 14	United States
S1-000951	Stonebridge Services Limited Liability Company	Juniper St, Bluepeak Park, Lubbock, 13552	United States
S1-000952	Vertex Services Company	Thistle Ave, Tacoma, CA, 927750	USA
S1-000953	Goldleaf Industries Limited	173 Lantern St, Surat	India
S1-000954	Goldleaf Industries Limited	174 Ironwood Road Surat Gujarat 168804	India
S1-000955	Cobalt Solutions Private Limited	19/36 Quarry Rd, MP, 256202, Indore	India
S1-000956	Redwood Meridian Chemicals Limited Liability Company	17 Stonebridge Street, Harbor Park, Akron, IL, 94496	US
S1-000957	Quarry Industries Private Limited	31 Maplecrest Mn Near SBI ATM Jaipur	India
S1-000958	Quarry Industries Private Limited	22 Silverline Marg Harbor Nagar Jaipur Tamill Nadu 162001	India
S1-000959	Summit Textiles Private Limited	33/84 Ravenwood Road, Maplecrest Nagar, Pune, 3164463	India
S1-000960	Summit Textiles Private Limited	28/9 Goldleaf Marg, Vertex aNgar, Pune, 317844	India
S1-000961	Juniper Industries Limited	152 Redwood St, Pune, Brightpath Nagar	IN
S1-000962	Juniper Industries Limited	128 Ravenwood Rd Brightpath Nagar Indore 724185	India
S1-000963	Meridian Thistle Solutions Limited Liability Company	337 Vertex Dr Lantern Park Mobile 82346	US
S1-000964	Meridian Electricals Company	168 Meridian Street, Mobile, 85040	United States
S1-000965	Falcon Services Limited	51 Lantern Cross Northgate Nagar Indore 621058	India
S1-000966	Northgate Motors Corporation	389 Redwood Drive, Orchid Park, Near Exit 14, Austin	United States
S1-000967	Northgate Motors Corporation	136 Lantern Drive, Opp. City Library, Onyx Park, Austin, TX, 36239	United States
S1-000968	Goldleaf Trading Private Limited	39 Juniper Crs, Kestrel Nagar, Nagpur, Tamil Nadu, 313382	India
S1-000969	Kestrel Meridian Services Incorporated	Goldleaf Park Mobile 71953 3/40 Juniper Dr	United States
S1-000970	Brightpath Logistics Corporation	10/63 Orchid Blvd, Near Exit 14, Lubbock, IL	United States
S1-000971	Brightpath Logistics Corporation	75 Thistle Rd Ironwood Park Lubbock OH 53642	USA
S1-000972	Thistle Enterprises Corporation	169 Thistle St Clearwater Park TX 68575 Moile	US
S1-000973	Thistle Enterprises Corporation	48 Silverline Ave, Vertex Park, Mobile, AL	USA
S1-000974	Northgate Packaging Company	303 Lantern Street Bluepeak Park Mobile 10600	USA
S1-000975	Ravenwood Industries Company	249 Orchid Ave Orchid Park Fresno TX 25868	US
S1-000976	Ravenwood Industries Company	Juniper Drive, Juniper Park, Fresno	United States
S1-000977	Quarry Solutions Limited Liability Company	263 Clearwater Blvd Tacoma IL 86510	United States
S1-000978	Vertex Systems Company	23/77 Falcon Dr Bluepeak Park Austin 77406	USA
S1-000979	Onyx Electricals Private Limited	332 Northgate Cross, Coimbatore, 130182	IN
S1-000980	Thistle Chemicals Private Limited	337 Apex Main, Clearwater Nagar, Pune, 539003	India
S1-000981	Vertex Vertex Motors Private Limited	30/16 Kestrel Mn, Near SBI ATM, Surat, 266547	India
S1-000982	Bluepeak Textiles Private Limited	185 Clearwater St, Brightpath Nagar, Behind Ganesh Temple, Surat, 191020	IN
S1-000983	Juniper Cobalt Electricals Incorporated	317 Onyx Rd, Northgate Park,L ubbock, AL, 88357	USA
S1-000984	Kestrel Industries Incorporated	34/59 Northgate Rd, Lantern Park, Akron, OH, 36319	USA
S1-000985	Kestrel Industries Incorporated	109 Harbor Dr, Behind the Civic Center, Fresno, CA, 27982	USA
S1-000986	Juniper Textiles Limited	121 Sunstone Main, Maplecrest Nagar, Surat, 888442	India
S1-000987	Maplecrest Lantern Enterprises Corporation	15 Maplecrest Blvd, Redwood Park, Mobile, 53961	USA
S1-000988	Juniper Redwood Fabrics Private Limited	41 Vertex Marg, Brightpath Nagar, Kochi, Maharashtra, 503294	IN
S1-000989	Juniper Redwood Fabrics Private Limited	32 Onyx Marg Juniper Nagar Opp. Bus Depot Kochi MP 745220	IN
S1-000990	Vertex Industries Limited	95 Thistle Rd, Thistle Nagar, Coimbatore	IN
S1-000991	Onyx Fabrics Private Limited	Cobalt Rd, Meridian Nagar, Jaipur, Rajasthan	IN
S1-000992	Onyx Fabrics Private Limited	337 Vertex Road, Clearwater Nagar, Pune, Maharashtra	India
S1-000993	Stonebridge Textiles Limited	31 Goldleaf Crs, Brightpath Nagar, Jaipur, 858851	IN
S1-000994	Clearwater Systems Company	19 Ravenwood St, Harbor Park, Akron, TX, 71470	United States
S1-000995	Stonebridge Solutions Limited Liability Company	109 Kestrel Rd Apex Park Lubbock 57514 AL	United States
S1-000996	Goldleaf Services Private Limited	61 Sunstone Marg, Maplecrest Nagar, Nagpur	IN
S1-000997	Stonebridge Chemicals Private Limited	397 Ravenwood Road Silverline Nagar Nagpur	IN
S1-000998	Juniper Fabrics Limited	320 Brightpath Main, Falcon Nagar, Pune, Tamil Nadu, 478225	IN
S1-000999	Thistle Falcon Logistics Limited	137 Northgate Marg, Near Metro Pillar 42, Stonebridge Nagar, Pune, Rajasthan	IN
S1-001000	Orchid Textiles Private Limited	13 Stonebridge Street, Redwood Nagar, Indore, 405841, Behind Ganesh Temple	India
S1-001001	Juniper Sunstone Fabrics Private Limited	Falcon St, Goldleaf Nagar, Surat, Tamil Nadu	India
S1-001002	Orchid Packaging Private Limited	283 Juniper Crs Brightpath Nagar, Kochi, Tamil Nadu	IN
S1-001003	Orchid Packaging Private Limited	322 Juniper Rd, Kochi, Maharashtra, 154444	IN
S1-001004	Vertex Consultancy Private Limited	31/69 Silverline Road, Northgate Nagar, Jaipur, Kerala, 659129	India
S1-001005	Kestrel Maplecrest Packaging Private Limited	Near SBI ATM, 37 Vertex Main, Ravenwood Nagar,, Kochi, 595638, Gujarat	IN
S1-001006	Ravenwood Redwood Foods Limited Liability Company	Near Exit 14, 242 Juniper St, Onyx Park, Austin, 19563	USA
S1-001007	Juniper Textiles Private Limited	388 Redwood Marg, Summit Nagar, Surat, Maharashtra	India
S1-001008	Juniper Textiles Private Limited	323 Silverline Road, Juniper Nagar, Surat, 601344	India
S1-001009	Kestrel Redwood Services Company	219 Meridian Boulevard, Akron, 62124	USA
S1-001010	Kestrel Redwood Services Company	278 Goldleaf Dr, Redwood Park, Peoria	United States
S1-001011	Maplecrest Electricals Company	249 Lantern Drive, Maplecrest Park, Austin, IL, 56566	US
S1-001012	Sunstone Foods Limited Liability Company	370 Maplecrest Blvd, Lubbock	United States
S1-001013	Goldleaf Services Company	172 Sunstone Rd, Near Exit 14, Kestrel Park, Tacoma,3 7072	US
S1-001014	Maplecrest Bluepeak Textiles Company	292 Ironwood Drive, Thistle Park, Mobile, 87731	US
S1-001015	Ravenwood Trading Limited Liability Company	16/80 Kestrel Rd, Thistle Park, Peoria, CA, 21671	United States
S1-001016	Northgate Packaging Limited	Goldleaf Road, Brightpath Nagar, Jaipur	India
S1-001017	Northgate Packaging Limited	44 Lantern Marg, Pune, 685165	India
S1-001018	Quarry Summit Services Private Limited	8/19 Northgate St, Lantern Nagar, Indore, MP	IN
S1-001019	Thistle Enterprises Limited Liability Company	Near Exit 14, 246 Quarry St, Bluepeak Park, Lubbock, CA, 18236	USA
S1-001020	Sunstone Electricals Limited	252 Lantern Marg, Clearwater Nagar, Nagpur, Gujarat, 974665	India
S1-001021	Sunstone Electricals Limited	320 Orchid Main Behind Ganesh Temple Ravenwood Nagar Nagpur Gujarat 985375	IN
S1-001022	Silverline Fabrics Limited Liability Company	215 Summit Street, Bluepeak Park, Austin, CA, 69193	United States
S1-001023	Silverline Fabrics Limited Liability Company	350 Summit St, Thistle Park, Austin, CA, 16495	USA
S1-001024	Juniper Systems Corporation	37/28 Orchid Dr, Orchid Park, Peoria, TX, 98216	USA
S1-001025	Redwood Thistle Systems Private Limited	140 Vertex Marg, Sunstone Nagar, Nagpur, Gujarat	India
S1-001026	Cobalt Motors Incorporated	178 Redwood Dr, Quarry Park, Lubbock, AL, 21009	US
S1-001027	Cobalt Motors Incorporated	Onyx Blvd, Brightpath Park, Tacoma, 77585	United States
S1-001028	Meridian Services Incorporated	290 Meridian Rd Stonebridge Park Behind the Civic Center 75625 Tacoma	United States
S1-001029	Brightpath Motors Limited	184 Maplecrest Main, Silverline Nagar, Coimbatore, Tamil Nadu, 323164	India
S1-001030	Brightpath Motors Limited	62 Stonebridge Marg, Ravenwood Nagar, Coimbatore, Kerala, 569745	India
S1-001031	Harbor Logistics Private Limited	19/74 Clearwater Main, Goldleaf Nagar, Surat, 705283	India
S1-001032	Brightpath Logistics Private Limited	184 Thitle Marg, Nagpur, Bluepeak Nagar	India
S1-001033	Northgate Enterprises Private Limited	86 Quarry Cross, Bluepeak Nagar, Kochi, MP, 324116	IN
S1-001034	Orchid Foods Limited	7/17 Brightpath Cross, Redwood Nagar, Surat, Rajasthan	India
S1-001035	Meridian Harbor Fabrics Corporation	75 Golldleaf Street, Ravenwood Park, Near Exit 14, Mobile	US
S1-001036	Cobalt Fabrics Corporation	Opp. City Library, 263 Clearwater Road, Summit Park, Mobile,WA	USA
S1-001037	Harbor Foods Limited Liability Company	20 Thistle St, Ironwoo dPark, Lubbock, AL	United States
S1-001038	Onyx Electricals Private Limited	146 Redwood Main, Opp. Bus Depot, Quarry Nagar, Surat, 128486	India
S1-001039	Ironwood Consultancy Private Limited	160 Lantern Cross, Bluepeak Nagar, Kochi, Kerala, 194461	IN
S1-001040	Goldleaf Quarry Consultancy Private Limited	78 Orchid St Apex Nagar Nagpur MP 520226	India
S1-001041	Falcon Packaging Company	62 Ironwood Roaad, Quarry Park, Lubbock, TX	United States
S1-001042	Falcon Packaging Company	107 Sunstone Dr, Lubbock, AL	US
S1-001043	Meridian Consultancy Private Limited	177 Cobalt Main, Kochi, 304898	IN
S1-001044	Stonebridge Textiles Limited Liability Company	289 Ravenwood Road, Apex Park, Fresno, OH, 12769	United States
S1-001045	Stonebridge Textiles Limited Liability Company	42 Goldleaf Avenue, Apex Park, Near Exit 14, Fresno, 32626	United States
S1-001046	Maplecrest Textiles Private Limited	Sunstone Mn Orchid Nagar Pune Tmil Nadu	India
S1-001047	Falcon Silverline Electricals Private Limited	296 Goldleaf Street, Kochi, Tamil Nadu,  885040	IN
S1-001048	Falcon Silverline Electricals Private Limited	Near Metro Pillar 42, 320 Bluepeak Street, Bluepeak Nagar, Jaipur, 326075	IN
S1-001049	Orchid Electricals Private Limited	165 Kestrel Main, Northgate Nagar, Kochi, Kerala, 547406	IN
S1-001050	Orchid Electricals Private Limited	36 Vertex Marg, Kochi, Kerala, Bluepeak Nagar	IN
S1-001051	Northgate Systems Private Limited	Harbor Nagar Jaipur Goldleaf Mn	India
S1-001052	Northgate Systems Private Limited	38/6 Goldleaf Marg, Jaipur, Tamil Nadu, 540690	IN
S1-001053	Cobalt Chemicals Private Limited	Ravenwood St, Pune, Kerala, 751866	India
S1-001054	Brightpath Consultancy Incorporated	14 Apex Avenue, Onyx Park, Akron, TX, 55632	United States
S1-001055	Ravenwood Logistics Limited	Indore, Rajasthan, 128 Thistle Mn	IN
S1-001056	Ironwood Falcon Chemicals Private Limited	159 Juniper Road, Maplecrest Nagar, Coimbatore, Maharashtra, 926633	India
S1-001057	Maplecrest Solutions Private Limited	Bluepeak Nagar Indore Kerala 178557 152 Bightpath Marg	India
S1-001058	Brightpath Fabrics Company	56 Meridian Drive, Tacoma, 42051	United States
S1-001059	Vertex Industries Limited	341 Maplecrest St Apex Nagar Coimbaore	India
S1-001060	Vertex Consultancy Private Limited	340 Lantern Street, Brightpath Nagar, Indore, 900306	India
S1-001061	Clearwater Stonebridge Solutions Incorporated	Meridian Park, Near Exit 14, Tacoma, CA, 18574, 241 Sunstone Road	US
S1-001062	Falcon Systems Limited	223 Silverline Mn Orchid Nagar Nagpur MP	IN
S1-001063	Falcon Systems Limited	383 Brightpath Rd, Clearwater Nagar, Pune, Gujarat, 820216	IN
S1-001064	Lantern Services Company	Kestrel St, Fresno, OH, 41910, Bluepeak Park	US
S1-001065	Northgate Services Limited Liability Company	263 Brightpath Rd, Sunstone Park, Tacoma, TX	USA
S1-001066	Harbor Ironwood Trading Private Limited	216 Onyx Road Maplecrest Nagar Indore 704829	India
S1-001067	Kestrel Motors Limited	41  Cobalt Marg, Pune, 318618	India
S1-001068	Thistle Thistle Trading Company	14/36 Brightpath St, Ironwood Park, Peoria, 30697	US
S1-001069	Silverline Motors Limited	311 Orchid Cross, Ironwood Nagar, Pune, Rajasthan, 850494	IN
S1-001070	Kestrel Industries Private Limited	294 Onyx Street, GoldleafNagar, Pune, Kerala, 784502	India
S1-001071	Kestrel Industries Private Limited	271 Orchid Crs, Kochi, 374621	India
S1-001072	Northgate Redwood Trading Private Limited	18/8 Bluepeak Road, Surat, 889213	India
S1-001073	Brightpath Trading Limited	Juniper Crs, Juniper Nagra, Surat, 827821	IN
S1-001074	Ravenwood Systems Corporation	33/53 Ravenwood Rd, Lantern Park, Fresno, 72489	United States
S1-001075	Ravenwood Systems Corporation	1/25 Northgate Street, Fresno, IL,28681	USA
S1-001076	Meridian Foods Limited	19/11 Vertex Rd, Stonebridge Nagar, Coimbatore, 810672	India
S1-001077	Meridian Foods Limited	152 Orchid Rd, Apex Nagar, Coimbatore, Rajasthan, 286042	India
S1-001078	Silverline Electricals Private Limited	Behind Ganesh Temple Northgate Cross Nagpur MP 631195	India
S1-001079	Redwood Consultancy Limited	95 Vertex Mn Nagpur Gujarat 130506	IN
S1-001080	Clearwater Redwood Consultancy Private Limited	36/29 Vertex St, Redwood Nagar, Nagpur, Gujarat	IN
S1-001081	Brightpath Textiles Private Limited	362 Brightpath Road Behind Ganesh Temple Apex Nagar Indore	IN
S1-001082	Stonebridge Fabrics Incorporated	114 Ironwood Rd, Orchid Park, Akron, OH, 67670	USA
S1-001083	Stonebridge Fabrics Incorporated	188 Sunstone Rd Onyx Park Tacoma WA 91583	US
S1-001084	Ironwood Enterprises Company	Sunstone Blvd, Qurry Park, Austin, 60708	US
S1-001085	Quarry Apex Foods Limited Liability Company	Near Exit 14 Stonebridge Street Fresno AL 35415	United States
S1-001086	Maplecrest Enterprises Limited Liability Company	27 Sunstone Avenue Quarry Park Mobile	USA
S1-001087	Maplecrest Enterprises Limited Liability Company	28/58 Ironwood St Opp. City Library Quarry Park Fresno 78869	United States
S1-001088	Juniper Consultancy Limited	35/16 Summit St, Juniper Nagar, Jaipur, Kerala	India
S1-001089	Maplecrest Juniper Electricals Private Limited	106 Bluepeak St Stonebridge Nagar Coimbatore 318221	IN
S1-001090	Thistle Apex Services Limited	115 Maplecrest Road Ironwood Nagar Indore 466742	IN
S1-001091	Cobalt Trading Limited	4 Summit St, Northgate Nagar, Near Metro Pillar 42, JJaipur, MP	IN
S1-001092	Redwood Services Private Limited	244 Harbor Main, Ravenwood Nagar, Jaipur	IN
S1-001093	Ironwood Thistle Chemicals Company	Cobalt Dr, Goldleaf Park, Akron, 444408	United States
S1-001094	Ravenwood Stonebridge Logistics Incorporated	Silverline Drive, Tacoma	USA
S1-001095	Apex Trading Private Limited	297 Silveline Marg, Jaipur, Maharashtra, 182759	IN
S1-001096	Silverline Electricals Incorporated	10/75 Apex Rd Akron IL	US
S1-001097	Ironwood Electricals Company	72 Sunstone Street, Juniper Park, Mobiile, OH	USA
S1-001098	Falcon Systems Private Limited	15/10 Summit St, Gujarat, Kochi	India
S1-001099	Harbor Systems Limited	77 Redwood Mn Meridian Nagar Kochi Kerala 497782	IN
S1-001100	Northgate Fabrics Private Limited	353 Sunstone Mn, Nagpur, Kerala, 790570	IN
S1-001101	Clearwater Trading Private Limited	16/26 Kestrel Marg, Pune, MP	India
S1-001102	Clearwater Trading Private Limited	194 tonebridge Main, Harbor Nagar, Pune	India
S1-001103	Northgate Fabrics Limited	239 Juniper Main, Ngapur, Kerala	IN
S1-001104	Silverline Chemicals Private Limited	205 Apex Marg, Sunstone Nagar, Indore, Gujarat, 771404	IN
S1-001105	Lantern Electricals Limited	Goldleaf Marg Nagpur Rajasthan	India
S1-001106	Onyx Redwood Services Corporation	Bluepeak Street, Maplecrest Park, Lubbock, IL	United States
S1-001107	Silverline Systems Corporation	Thistle Ave, Summit Park, Opp. City Library, Mobile, TX, 81286	US
S1-001108	Silverline Trading Private Limited	109 Falcon Cross, Brightpath Nagar, Jaipur, Raajsthan	India
S1-001109	Stonebridge Solutions Company	319 Onyx Road, Maplecrest Park, Fresno, AL	US
S1-001110	Brightpath Electricals Limited	88 Harbor Main, Jaipur, 917039	India
S1-001111	Redwood Bluepeak Solutions Limited Liability Company	164 Quarry Rd, Mobile, Quarry Park	US
S1-001112	Stonebridge Foods Private Limited	62 Kestrel St, Redwood Nagar, Surat, 112602	India
S1-001113	Quarry Clearwater Enterprises Private Limited	382 Redwodo Rd, Bluepeak Nagar, Surat, Gujarat	India
S1-001114	Redwood Fabrics Incorporated	387 Harbor Street, Austin, 78057	United States
S1-001115	Redwood Fabrics Incorporated	Thistle Avenue Redwood Park Austin WA 57350	US
S1-001116	Juniper Solutions Private Limited	39/83 Vertex Cross, Bluepeak Nagar, Nagpur, Gujarat, 238887	India
S1-001117	Falcon Industries Corporation	Silverline Drive Kestrel Park AkronI L 86541	USA
S1-001118	Silverline Motors Company	38 Orchid Ave Akron TX	US
S1-001119	Summit Textiles Incorporated	187 Vertex Boulevard, Ravenwood Park, Peoria, 52565	United States
S1-001120	Lantern Brightpath Fabrics Limited Liability Company	212 Harbor St, Clearwater Park, Tacoma, WA, 58032, Opp. City Library	US
S1-001121	Vertex Solutions Incorporated	393 Falcon Blvd, Brightpath Park, Lubbock, OH, 77720	United States
S1-001122	Vertex Solutions Incorporated	24/62 Summit Boulevard, Bluepeak Park, Austin, CA	USA
S1-001123	Kestrel Textiles Private Limited	119 Onyx Cross, Ironwood Nagar, Behind Ganesh Temple, Nagpur, MP, 751923	India
S1-001124	Silverline Enterprises Limited Liability Company	Kestrel Rd, Onyx Park, Peoria	USA
S1-001125	Silverline Enterprises Limited Liability Company	187 Ironwood StreetL antern Park Lubbock	US
S1-001126	Clearwater Logistics Limited Liability Company	Juniper Dr, Lantern Park, Lubbock, CA, 15095	USA
S1-001127	Maplecrest Logistics Corporation	245 Meridian Avenue, Ravenwood Park, Austin	United States
S1-001128	Falcon Industries Private Limited	Sumimt Crs, Thistle Nagar, Jaipur, 227613	IN
S1-001129	Falcon Industries Private Limited	3/73 Kestrel Main, Falcon Nagar, Behind Ganesh Temple, Pune, 418298	India
S1-001130	Ravenwood Summit Motors Private Limited	330 Onyx Rd, Bluepeak Nagar, Indore	IN
S1-001131	Vertex Electricals Corporation	65 Meridian Dr Lubbock WA 24309	United States
S1-001132	Harbor Orchid Electricals Incorporated	346 unstone Dr, Mobile, 77731	United States
S1-001133	Northgate Solutions Corporation	272 Bluepeak Drive Mobile 71192	USA
S1-001134	Lantern Industries Limited	Bluepeak Mn, Vertex Nagar, Coimbatore, 420537	India
S1-001135	Cobalt Industries Limited Liability Company	36/58 Sunstone Road, Summit Park, Austin	USA
S1-001136	Vertex Systems Private Limited	277 Maplecrest Rd, Lantern Nagar, Indore, MP	India
S1-001137	Vertex Systems Private Limited	349 Meridian Mn, Summit Nagar, Behind Ganesh Temple, Coimbatore, 914450	India
S1-001138	Bluepeak Motors Private Limited	Ironwood Mn Surat MP 975765	India
S1-001139	Bluepeak Enterprises Limited	Apex Crs Vertex Nagar Indore 656983	IN
S1-001140	Ironwood Logistics Company	Maplecrest Drive, Northgate Park, Lubbock, 53294	US
S1-001141	Ironwood Logistics Company	295 Thistle Street Goldlaf Park Tacoma WA	United States
S1-001142	Summit Brightpath Chemicals Limited	39 Maplecrest Main, Sunstone Nagar, Indore, Kerala, 293360	IN
S1-001143	Sunstone Solutions Company	Akron, OH, 357 Sunstone Dive	United States
S1-001144	Sunstone Solutions Company	100 Clearwater Road, Behind the Civic Center, Lantern Park, Akron, CA	United States
S1-001145	Ironwood Textiles Limited Liability Company	78 Thistle Dr, Clearwater Park, Akron, WA, 88782	US
S1-001146	Quarry Silverline Services Company	Northgate Rd, Thistle Park, Peoria, IL	USA
S1-001147	Thistle Bluepeak Textiles Company	5 Juniper Rd, Clearwater Park, Akron, IL	United States
S1-001148	Thistle Bluepeak Textiles Company	Opp. City Library, 163 Apex Drive, Akron	USA
S1-001149	Orchid Chemicals Corporation	10/17 Kestrel Avenue, Sunstone Park, Opp. City Library, AL, Austin	USA
S1-001150	Quarry Consultancy Corporation	89 Quarry Ave, Goldleaf Park, Fresno, AL	USA
S1-001151	Sunstone Textiles Corporation	Behind the Civic Center, Sunstone Avenue, Thistle Park, Fresno, IL, 11790	United States
S1-001152	Sunstone Textiles Corporation	335 Ravenwood Dr, Northgate Park, Fresno, WA, 40309	United States
S1-001153	Juniper Sunstone Solutions Private Limited	291 Northgate Rd, Kochi, Kerala, 102022	India
S1-001154	Falcon Northgate Industries Company	276 Sunstone Avenue, Apex Park, Peoria, 41193	USA
S1-001155	Falcon Northgate Industries Company	71 Stonebridge Drive Near Exit 14 Juniper Park Tacoma 76534	United States
S1-001156	Clearwater Thistle Systems Private Limited	35/39 Kestrel Marg, Thistle Nagar, Pune, 569833, Near SBI ATM	India
S1-001157	Orchid Fabrics Private Limited	117 Redwood Mn, Behind Ganesh Temple, Juniper Nagar, Indore, 697741	India
S1-001158	Maplecrest Industries Limited	19/49 Summit Street, Redwood Nagar, Surat, Gujarat	India
S1-001159	Maplecrest Industries Limited	59 Redwood Marg Goldleaf Nagar Surat Maharashtra 547811	India
S1-001160	Bluepeak Foods Company	238 Ravenwood St Meridian Park Mobile CA	USA
S1-001161	Falcon Solutions Limited Liability Company	1 Lantern Ave, Mobile, TX, 36914	USA
S1-001162	Brightpath Electricals Incorporated	140 Ironwood Drive,  Akron, AL, 84443	USA
S1-001163	Brightpath Electricals Incorporated	Harbor Street, Northgate Park, Akron, OH	US
S1-001164	Thistle Textiles Private Limited	285 Meridian Marg, Orchid Nagar, Near Metro Pillar 42, Surat, Maharashtra, 696684	IN
S1-001165	Juniper Services Limited	Harbor treet, Goldleaf Nagar, Surat, MP, 793441	IN
S1-001166	Cobalt Systems Limited	10 Quarry Marg, Lantern Nagar, Indore, Maharashtra	IN
S1-001167	Cobalt Systems Limited	7 Bluepeak Main, Cobalt Nagar, Jaipur, 423931	IN
S1-001168	Northgate Solutions Limited	245 tonebridge Cross, Summit Nagar, Surat, Maharashtra, 738109	India
S1-001169	Juniper Lantern Foods Private Limited	232 Mpalecrest St, Apex Nagar, Nagpur, Kerala, 801005	IN
S1-001170	Juniper Enterprises Private Limited	310 Vertex Crs Kochi MP	India
S1-001171	Juniper Enterprises Private Limited	121 Falcon Main Surat TTamil Nadu	India
S1-001172	Thistle Consultancy Company	Tacoma, TX, 72031, 256 Apex Rd	USA
S1-001173	Silverline Motors Private Limited	Redwood Nagar Indore Maharashtra 28 Vertex Mn	India
S1-001174	Silverline Motors Private Limited	Stonebridge Crs, Sunstone Nagar, Kochi, 909888	IN
S1-001175	Goldleaf Foods Corporation	106 Stonebridge Rd, Northgate Park, Lubbock, IL, 81080	United States
S1-001176	Ironwood Summit Systems Private Limited	Lantern Rd Lantern Nagar Opp. Bus DepotCoimbatore Gujarat 917921	IN
S1-001177	Summit Industries Corporation	27/11 Thistle Blvd, Ironwood Park, Fresno, 81691	US
S1-001178	Maplecrest Trading Private Limited	Vertex Main Nagpur Rajasthan 619775	India
S1-001179	Onyx Packaging Private Limited	Opp. Bus Depot, Silverline Rd, Harbor Nagar, Nagpur, MP	IN
S1-001180	Brightpath Systems Limited Liability Company	367 Silverline Street, Goldleaf Park, Austin, AL	US
S1-001181	Vertex Lantern Enterprises Limited	122 Stonebridge Cross, Silverline Nagar, Coimbatore, 677693	India
S1-001182	Brightpath Ravenwood Textiles Private Limited	7/68 Quarry Rd Summit Nagar Surat Gujarat 767435	IN
S1-001183	Cobalt Motors Private Limited	154 Falcon Cross, Apex Nagar, Jaipur	India
S1-001184	Stonebridge Logistics Company	378 Bluepeak Street, Redwood Park, Mobile, OH, 72720	United States
S1-001185	Brightpath Harbor Systems Private Limited	319 Rewdood St Brightpath Nagar Indore 379841	India
S1-001186	Lantern Foods Limited Liability Company	Falcon Drive, Apex Park, Austin, WA	United States
S1-001187	Lantern Foods Limited Liability Company	58 Thistle Blvd, Harbor Park, Opp. City Library, Austin, TX, 42853	USA
S1-001188	Harbor Enterprises Company	184 Silverline Dr, Opp. City Library, Austin	US
S1-001189	Ravenwood Solutions Private Limited	Meridian Street, Silverline Nagar, Coimbatore, Kerala, 466049	IN
S1-001190	Ravenwood Solutions Private Limited	330 Ironwood Marg Northgate Nagar Surat 171675	India
S1-001191	Redwood Ravenwood Motors Private Limited	76 Summit Marg, Bluepeak Nagar, Pune, Gujarat, 698582	IN
S1-001192	Thistle Motors Limited Liability Company	52 Goldleaf Blvd, Fresno	US
S1-001193	Bluepeak Industries Private Limited	232 Juniper Marg Juniper Nagar Near Metro Pillar 42 Surat Gujarat	India
S1-001194	Bluepeak Industries Private Limited	31/60 Harbor Street, Near Metro Pillar 42, Ravenwood Nagar, Coimbatore	India
S1-001195	Meridian Consultancy Incorporated	18 Brightpath Rd, Opp. City Library, Vertex Park, Tacoma, TX	USA
S1-001196	Juniper Maplecrest Foods Private Limited	139 Ironwood St Meridian Nagar Nagpur Gujarat 231216	IN
S1-001197	Juniper Maplecrest Foods Private Limited	340 Juniper Main, Vertex Nagar, Nagpur, 149664	IN
S1-001198	Northgate Trading Company	Opp. City Library 256 Meridian Blvd Fresno WA 63382	US
S1-001199	Clearwater Textiles Private Limited	12/24 Ironwood Cross, Orchid Nagar, Kochi, Tamil Nadu, 702688	IN
S1-001200	Juniper Industries Private Limited	176 Brightpath Cross, Clearwater Nagar, Behind Ganesh Temple, Pune, 758172	IN
S1-001201	Thistle Industries Limited	116 Redwood Crs, Behind Ganesh Temple, Quarry Nagar, Nagpur, Kerala	IN
S1-001202	Thistle Industries Limited	32 Summit Main, Stonebridge Nagar, Nagpur, Kerala	India
S1-001203	Redwood Trading Private Limited	Near SBI ATM 59 Falcon Rd Apex Nagar Coimbatore MP 646079	India
S1-001204	Ironwood Ironwood Enterprises Limited Liability Company	29 Maplecrest Ave, Goldleaf Park,  Peoria, 60959	US
S1-001205	Brightpath Packaging Limited	161J uniper Cross, Apex Nagar, Indore, Maharashtra	IN
S1-001206	Ironwood Solutions Private Limited	31 Harbor Cross Falcon Nagar Coimbatore MP 507846	IN
S1-001207	Ironwood Solutions Private Limited	28 Stonebridge St Opp. Bus Depot Surat MP 826251	India
S1-001208	Meridian Foods Incorporated	Near Exit 14, 155 Clearwater Ave, Fresno	US
S1-001209	Ravenwood Industries Company	391 Thistle Drive, Behind the Civic Center, Onyx Park, Peoria, AL, 67423	US
S1-001210	Ironwood Motors Private Limited	10/2 Maplecrest Marg, Coimbatore, Maharashtra, 214592	IN
S1-001211	Goldleaf Chemicals Incorporated	316 Maplecrest Dr, Harbor Parrk, Lubbock	United States
S1-001212	Onyx Electricals Incorporated	243 Orchid Boulevar,d Fresno, OH, 48880	United States
S1-001213	Onyx Electricals Incorporated	27 Maplecrest St Fresno WA Behind the Civic Center	US
S1-001214	Orchid Foods Company	17/32 Thistle Drive, Silverline Park, Akron	USA
S1-001215	Onyx Stonebridge Solutions Company	66 Sunstone Avenue, Maplecrest Park, Near Exit 14, Austin, 79244	US
S1-001216	Vertex Electricals Corporation	380 Cobalt Rd, Near Exit 14, Thistle Park, Fresno, 40511	United States
S1-001217	Northgate Electricals Private Limited	Clearwater Rd, Nagpur, Tamil Nadu, 535871	IN
S1-001218	Northgate Electricals Private Limited	227 Sunstone Marg Silverline Nagar Nagpur Gujarat	India
S1-001219	Northgate Ravenwood Consultancy Limited	261 Meridian Crs, Clearwater Nagar, Gujarat, Coimbatore	IN
S1-001220	Northgate Ravenwood Consultancy Limited	193 Stonebridge Crs, Coimbatore, Maharashtra, 362922	India
S1-001221	Silverline Maplecrest Chemicals Company	Stonebridge Park, Lubbock, AL, 74000, 38 Brightpath Rd	US
S1-001222	Summit Services Incorporated	227 Onyx Ave IL 61440 Peoria	USA
S1-001223	Vertex Goldleaf Services Private Limited	30 Silverline Rd, Orchid Nagar, Pune, 469473	India
S1-001224	Goldleaf Logistics Limited	190 Goldleaf Marg, Orchid Nagar, Surat	India
S1-001225	Goldleaf Logistics Limited	378 Kestrel Crs, Brightpath Nagar, Surat, 294822	India
S1-001226	Goldleaf Industries Limited	214 Harbor Crs, Lantern Nagar, Kochi, 127590	India
S1-001227	Brightpath Packaging Private Limited	243 Brightpath Rd, Silverline Nagar, Nagpur, Gujarat, 413154	India
S1-001228	Harbor Foods Corporation	217 Goldleaf St, Cobalt Park, Lubbock, OH, 26908	United States
S1-001229	Harbor Foods Corporation	12/52 Quarry Rd, Lantern Park, Peoria, AL, 58345	United States
S1-001230	Vertex Systems Limited Liability Company	298 Thistle Dr, Onyx Park, Fresno, IL, 22747	USA
S1-001231	Vertex Systems Limited Liability Company	Orchid Park, Akron, 112 Harbor Dr	USA
S1-001232	Vertex Electricals Private Limited	Near SBI ATM, 388 Lantern Street, Cobalt Nagar, Surat, Rajasthan	IN
S1-001233	Cobalt Consultancy Company	99 Vertex Rd, Goldleaf Park, Mobile, OH	US
S1-001234	Bluepeak Packaging Corporation	43 Harbor Drive, Brightpath Park, Tacoma, CA, 22162	USA
S1-001235	Bluepeak Packaging Corporation	Opp. City Library, 335 Maplecrest Rd, Silverline Park, Tacoma, TX	US
S1-001236	Vertex Meridian Logistics Limited	11/82 Sunstone Marg, Ravenwood Nagar, Jaipur, Kerala	India
S1-001237	Quarry Brightpath Consultancy Private Limited	79 Brightpath Cross, Ironwood Nagar, Surat, Kerala	India
S1-001238	Orchid Electricals Private Limited	Clearwater Crs, Maplecrest Nagar, Coimbatore, MP	India
S1-001239	Orchid Electricals Private Limited	122 Meridian Street ThistleN agar Coimbatore 677140	India
S1-001240	Harbor Logistics Corporation	372 Juniper Avenue, Austin, WA, 85924	US
S1-001241	Sunstone Packaging Private Limited	366 Kestrel Marg, Indore, 154413	IN
S1-001242	Onyx Industries Private Limited	321 Thistle Crs, Harbor Nagar, Pune, Maharashtra, 251340	India
S1-001243	Cobalt Enterprises Company	Summit Avenue, Sunstone Park, Fresno	US
S1-001244	Cobalt Enterprises Company	197 Northgate Drive, Clearwater Park, Lubbock, AL, 72490	United States
S1-001245	Falcon Enterprises Private Limited	161 Goldleaf Road, Near SBI ATM, Pune, Rajastahn, 884811	India
S1-001246	Apex Northgate Fabrics Corporation	Opp. City Library 201 Harbor Dr Thistle Park Tacoma OH	US
S1-001247	Goldleaf Electricals Private Limited	232 Falcon Rd, Cobalt Nagar, Coimbatore, 432083	India
S1-001248	Goldleaf Electricals Private Limited	49 Orchid Rd, Behind Ganesh Temple, Falcon Nagar, Coimbatore, Kerala, 980472	IN
S1-001249	Sunstone Packaging Limited	293 Vertex Cross, Tamil Nadu, 889009, Kochi	IN
S1-001250	Silverline Stonebridge Trading Incorporated	20/74 Summit Drive, Redwood Park, Peoria, OH, 58999	US
S1-001251	Silverline Stonebridge Trading Incorporated	289 Kestrel Street, Juniper Park, Lubbock, AL, 14531	USA
S1-001252	Stonebridge Trading Private Limited	121 Apex Crs, Indore, 216866, Orchid Nagar	India
S1-001253	Stonebridge Trading Private Limited	214 Ironwood Road, Falcon Nagaar, Pune, Kerala, 150796	India
S1-001254	Bluepeak Packaging Limited	72 Northgate Road, Pune, MP	India
S1-001255	Bluepeak Electricals Private Limited	Lantern Marg Kestrel Nagar Nagpur Maharashtra 499253	IN
S1-001256	Cobalt Solutions Private Limited	31 Redwood Crs, Northgate Nagar, Surat, 854672	India
S1-001257	Lantern Systems Limited Liability Company	123 Northgate Drive, Thistle Park, Opp. City Library, Akron, WA	US
S1-001258	Lantern Services Company	62 Northgate Boulevard, Silverline Park, Tacoma	United States
S1-001259	Ironwood Consultancy Corporation	15 Silverline St,Lantern Park, Akron, TX, 42556	US
S1-001260	Ironwood Consultancy Corporation	256 Harbor Road, Akron, WA, 15033, Onyx Park	USA
S1-001261	Ravenwood Foods Corporation	34 Brightpath Boulevard, Behind the Civic Center, Brightpath Park, Peoria, 66419	USA
S1-001262	Brightpath Electricals Limited Liability Company	355 Ironwood Road Mobile TX 23521	United States
S1-001263	Falcon Onyx Industries Incorporated	193 Goldleaf Avenue, Harbor Park, Mobile, 19902	USA
S1-001264	Falcon Onyx Industries Incorporated	185 Northgate Rd, Mobile, AL, 71187	USA
S1-001265	Stonebridge Apex Fabrics Limited Liability Company	133 Cobalt Street, Stonebridge Park, Austin	United States
S1-001266	Vertex Services Limited Liability Company	35/50 Juniper Boulevard, Thistle Park, Austin, WA, 53231	United States
S1-001267	Goldleaf Logistics Private Limited	Clearwater Nagar, Behind Ganesh Temple, Jaipur, Maharashtra, 03/84 Redwood St	India
S1-001268	Meridian Fabrics Private Limited	79 Goldleaf St, Meridiaan Nagar, Kochi	India
S1-001269	Meridian Fabrics Private Limited	275 Juniper Marg, Clearwater Nagar, Kochi	IN
S1-001270	Quarry Ironwood Fabrics Company	109 Harbor Ave, Tacoma	USA
S1-001271	Apex Silverline Enterprises Corporation	30/53 Brightpath Drive, Ironwood Park, Akron	US
S1-001272	Juniper Solutions Private Limited	386 Stonebridge Crs Vertex Ngaar Nagpur Tamil Nadu 946276	India
S1-001273	Quarry Maplecrest Fabrics Corporation	93 Ironwood Street, Juniper Park, Peoria, TX	United States
S1-001274	Quarry Maplecrest Fabrics Corporation	Kestrel Rd, Kestrel Park, Akron	USA
S1-001275	Apex Consultancy Limited	11 Sunstone Crs, Stonebridge Nagar, Kochi, 468403	IN
S1-001276	Juniper Bluepeak Services Incorporated	Opp. City Library Juniper Park Akron OH 40 Thistle Dr	USA
S1-001277	Meridian Quarry Systems Limited	Near Metro Pillar 42, Summit Main, Harbor Nagar, Coimbatore, 314466	IN
S1-001278	Clearwater Solutions Private Limited	222 Summit St Lantern Nagar Indroe Maharashtra	IN
S1-001279	Meridian Trading Private Limited	280 Goldleaf Rd, Coimbatore, Kerala	IN
S1-001280	Meridian Trading Private Limited	92 Stonebridge Crs Northgate Nagar Indore Maharashtra	IN
S1-001281	Ravenwood Consultancy Incorporated	180 Vertex Rd, Behind the Civic Center, Austin, AL	US
S1-001282	Goldleaf Cobalt Industries Private Limited	264 Falcon Marg, Coimbatore, Tamil Nadu, 236423, Summit Nagar	India
S1-001283	Redwood Packaging Incorporated	35/49 Stonebrigde Avenue, Northgate Park, Tacoma	US
S1-001284	Lantern Enterprises Limited	252 Meridian Marg Maplecrest Nagar Kochi Kerala	IN
S1-001285	Bluepeak Juniper Enterprises Private Limited	360 Onyx Road, Pune	India
S1-001286	Cobalt Packaging Private Limited	68 Redwood Main, Onyx Nagar, Pune, Tamil Nadu	India
S1-001287	Cobalt Packaging Private Limited	328 Harbor Crs Pune Tamil Nadu 901125	IN
S1-001288	Apex Electricals Private Limited	363 Maplecrest Marg Opp. Bus Depot Harbor Nagar Jaipur	IN
S1-001289	Clearwater Goldleaf Textiles Limited	165 Stonebridge Main, Stonebridge Nagar, Opp. Bus Depot, Coimbatore, Maharashtra, 917309	IN
S1-001290	Clearwater Goldleaf Textiles Limited	310 Redwood Cross, Apex Nagar, Coimbatore, Rajasthan	IN
S1-001291	Cobalt Brightpath Consultancy Incorporated	152 Clearwater Avenue Behind the Civic Center Brightpath Park Peoria IL 36971	USA
S1-001292	Cobalt Brightpath Consultancy Incorporated	71 Bluepeak Blvd, Silverline Park, Austiin, TX, 13150	US
S1-001293	Bluepeak Solutions Private Limited	356 Thistle Mn, Kochi, 725392	India
S1-001294	Orchid Industries Corporation	184 Harbor Boulevard, Lanteern Park, Tacoma, TX, 15950	United States
S1-001295	Orchid Industries Corporation	154 Quarry Ave, Brightpath Park, Tacoma, 32975	USA
S1-001296	Bluepeak Trading Limited	Ironwood Main, Ironwood Nagar, Jaipur, 600214	India
S1-001297	Orchid Fabrics Private Limited	39 Goldleaf Marg, Goldleaf Nagar, Tamil Nadu, 877306, Kochi	India
S1-001298	Harbor Packaging Company	98 Lantern Rd, Opp. City Library, Falcon Park, Fresno, OH, 13196	US
S1-001299	Bluepeak Motors Corporation	Opp. City Library, Sunstone Drive, Apex Park, Peoria, WA, 59160	USA
S1-001300	Vertex Ravenwood Systems Private Limited	57 Cobalt Mn, Kestrel Nagar, Nagpur	IN
S1-001301	Vertex Ravenwood Systems Private Limited	332 Kestrel Marg, Nagpur	India
S1-001302	Ravenwood Summit Electricals Limited	303 Thistle Marg, Kochi, MP, 254458	IN
S1-001303	Sunstone Services Corporation	Behind the Civic Center, 286 Northgate Dr, Clearwater Park, Lubbock, TX	United States
S1-001304	Juniper Thistle Fabrics Corporation	13 Maplecrest Rd, Falcon Park, Luubbock	US
S1-001305	Cobalt Sunstone Services Limited	358 Cobalt Street, Summit Nagar, Jaipur, Tamil Nadu, 624867	IN
S1-001306	Cobalt Sunstone Services Limited	Silverline Rd, Orchid Nagar, Surat, Kerala, 796870	IN
S1-001307	Quarry Fabrics Private Limited	Apex Road, Brightpath Nagar, Surat, 720691	India
S1-001308	Quarry Fabrics Private Limited	182 Ravenwood St Cobalt Nagar Surat 444603	IN
S1-001309	Falcon Logistics Corporation	323 Harbor Street Austni IL Harbor Park	US
S1-001310	Falcon Logistics Corporation	Clearwater Rd, Brightpath Park, Austin, TX	USA
S1-001311	Sunstone Orchid Packaging Private Limited	6 Kestrel Mar Stonebridge Nagar Nagpur Kerala 686675	India
S1-001312	Sunstone Orchid Packaging Private Limited	Behind Ganesh Temple, 386 Bluepeak Marg, Clearwater Nagar, Pune, Gujarat, 440550	IN
S1-001313	Summit Solutions Corporation	75 Goldleaf Ave, Tacoma, AL	United States
S1-001314	Northgate Foods Limited Liability Company	144 Falcon Blvd Lubbock CA	USA
S1-001315	Sunstone Fabrics Limited	344 Sunstone Crs, Meridian Nagar, Nagpur, MP, 386205	India
S1-001316	Cobalt Chemicals Limited Liability Company	163 Juniper St Brightpath Park Fresno	USA
S1-001317	Redwood Services Private Limited	60 Silverline Cross, Pune	IN
S1-001318	Kestrel Services Corporation	Ravenwood Ave, Stonebridge Park, Lubbock, AL	United States
S1-001319	Redwood Foods Incorporated	399 Sunstone Dr Tacoma 30591 Orchid Park	USA
S1-001320	Kestrel Textiles Private Limited	282 Clearwater Road, Juniper Nagar, Pune, 801970	India
S1-001321	Lantern Fabrics Corporation	209 Onyx Ave, Goldleaf Park, Peoria, A	United States
S1-001322	Lantern Fabrics Corporation	Near Exit 14, 38 Kestrel Blvd, Falcon Park, Fresno, AL, 25950	United States
S1-001323	Redwood Ravenwood Services Limited	33/69 Falcon Cross Falcon Nagar Jaipur Kerala 844476	IN
S1-001324	Redwood Ravenwood Services Limited	378 Summit St, Onyx Nagar, Jaipur, Kerala, 99091	India
S1-001325	Stonebridge Services Incorporated	192 Orchid Ave, Tacoma, IL, 25485	US
S1-001326	Silverline Electricals Limited Liability Company	Harbor St, Brightpath Park, Austin, 38537	USA
S1-001327	Silverline Electricals Limited Liability Company	217 Thistle Blvd, Austin, IL, 79619	US
S1-001328	Orchid Vertex Solutions Company	57 Silverlne Dr Brightpath Park Tacoma 95952	United States
S1-001329	Goldleaf Kestrel Packaging Company	126 Apex Avenue, Behind the Civic Center, Brightpath Park, Austin, TX, 89237	US
S1-001330	Ironwood Ravenwood Trading Incorporated	290 Apex St, Orchid Park, Akron, AL, 54243	United States
S1-001331	Orchid Trading Limited	280 Meridian St, Orchid Nagar, Jaipur, 235323	India
S1-001332	Orchid Motors Incorporated	354 Ravenwood Blvd, Akron	USA
S1-001333	Orchid Motors Incorporated	7/74 Onyx Dr Akron	USA
S1-001334	Ravenwood Quarry Systems Corporation	209 Harbor Avenue, Austin	US
S1-001335	Redwood Harbor Packaging Private Limited	228 BBluepeak Street, Silverline Nagar, Surat, Kerala, 379089	IN
S1-001336	Juniper Trading Company	319 Goldleaf Boulevard Near Exit 14 Austin WA 51244	USA
S1-001337	Orchid Solutions Private Limited	Maplecrest Main, Harbor Nagar, Kochi, Tamil Nadu, 424516	India
S1-001338	Meridian Logistics Private Limited	Behind Ganesh Temple, 2/17 Ravenwood Street, Kestrel Nagar, Indore, 263149	IN
S1-001339	Meridian Logistics Private Limited	73 Lantern Street Quarry Nagar Jaipur 272454	India
S1-001340	Kestrel Systems Private Limited	338 Meridian Marg, Silverline Nagar, Naggpur, 877352	India
S1-001341	Kestrel Systems Private Limited	29 Vertex Rd, Orchid Nagar, Nagpur, Rajasthan, 167653	IN
S1-001342	Orchid Chemicals Limited	242 Summit Marg, Silverline Nagar, Jaipur	India
S1-001343	Falcon Electricals Corporation	62 Thistle Boulevard, Meridian Park, Fresno, CA, 38609	USA
S1-001344	Summit Logistics Corporation	191 Thistle Avenue, Sunstone Park, Akron	US
S1-001345	Silverline Industries Private Limited	282 Harbor Marg Maplecrest Nagar Surat Tamil Nadu	IN
S1-001346	Quarry Textiles Private Limited	322 Summit Main, Nagpur, Gujarat, 207388	IN
S1-001347	Harbor Sunstone Solutions Private Limited	234 Brightpath Crs, Thistle Nagar, Surat, Maharashtra, 949026	India
S1-001348	Cobalt Trading Private Limited	Summit Nagar, Pune, Tami lNadu, 42 Harbor Rd	India
S1-001349	Cobalt Trading Private Limited	200 Lantern Mn, Sunstone Nagar, Kochi	India
S1-001350	Brightpath Textiles Limited Liability Company	Quarry Blvd, Lubbock, 32690	United States
S1-001351	Maplecrest Packaging Private Limited	215 Thistle Road, Nagpur	IN
S1-001352	Sunstone Falcon Textiles Limited	32 Falcon St, Quarry Nagar, Coimbatore, Kerala	IN
S1-001353	Juniper Trading Corporation	259 Stonebridge St, Northgate Park, Tacoma, WA, 70254	US
S1-001354	Kestrel Foods Incorporated	10 Orchid Street, Behind the Civic Center, Lantern Park, Fresno, CA, 11591	United States
S1-001355	Kestrel Foods Incorporated	25 Apex Rd, Onyx Park, Fresno, OH, 50738	US
S1-001356	Bluepeak Solutions Incorporated	196 Lantern Road, Maplecrest Park, Akron	United States
S1-001357	Bluepeak Solutions Incorporated	268 Apex Dr Clearwate Park Austin TX 38531	US
S1-001358	Onyx Vertex Logistics Limited	282 Harbor Rd, Orchid Nagar, Indore, 235675	IN
S1-001359	Falcon Motors Private Limited	22/61 Orchid Marg, Falcon Nagar, Jaipur	IN
S1-001360	Vertex Trading Limited Liability Company	161 Onyx Rd, Peoria, IL, 38441	US
S1-001361	Clearwater Goldleaf Foods Private Limited	159 Brightpath Marg, Clearwater Nagar, Coimbatore	IN
S1-001362	Clearwater Goldleaf Foods Private Limited	152 Sunstone St, Coimbatore, Maharashtra, 934282, Harbor Nagar	India
S1-001363	Quarry Systems Incorporated	34/59 Lantern Ave, Sunstone Park, Akron, CA, 14542	United States
S1-001364	Thistle Logistics Private Limited	80 Apex Cross Silverline Nagar Surat Tamil Nadu 170031	India
S1-001365	Juniper Brightpath Trading Private Limited	321 Oynx Street, Northgate Nagar, Pune, Kerala, 269081	India
S1-001366	Juniper Brightpath Trading Private Limited	382 estrel Marg, Maplecrest Nagar, Kochi, Kerala	IN
S1-001367	Harbor Industries Company	Near Exit 14, 191 Vertex Avenue, Apex Park, Lubbock, IL, 91213	USA
S1-001368	Quarry Trading Private Limited	383 Meridian Marg, Surat, MP, 263968	IN
S1-001369	Orchid Electricals Limited	Opp. Bus Depot, 292 Silverline Rd, Juniper Nagar, 575275, Pune	India
S1-001370	Orchid Consultancy Corporation	151 Maplecrest Street, Brightpath Park, Tacoma, WA, 58157	USA
S1-001371	Kestrel Enterprises Incorporated	380 Thistle Rd, Tacoma, 11328	USA
S1-001372	Kestrel Enterprises Incorporated	121 Lantern Dr, Ravenwood Park, Fresno, AL, Opp. City Library	United States
S1-001373	Apex Summit Solutions Incorporated	242 Kestrel St, Meridian Park, Mobile, IL, 50157	USA
S1-001374	Lantern Packaging Private Limited	208 Lantern Mn Jaipur	India
S1-001375	Ravenwood Lantern Textiles Incorporated	Opp. City Library, 168 Thistle Ave, Silverline Park, Lubbock, TX	United States
S1-001376	Brightpath Orchid Systems Corporation	6 Brightpath St Near Exit 14 Onyx Park Fresno AL 18580	United States
S1-001377	Onyx Consultancy Private Limited	Northgate Mn, Meridian Nagar, Coimbatore, 526235	IN
S1-001378	Sunstone Foods Limited	Behind Ganesh Temple, Clearwater Street, Silverline Nagar, Nagpur, MP, 991824	India
S1-001379	Sunstone Foods Limited	2/73 Goldleaf Main, Jaipur	India
S1-001380	Goldleaf Maplecrest Services Limited Liability Company	Ravenwood Road, Juniper Park,Fresno, OH	US
S1-001381	Goldleaf Maplecrest Services Limited Liability Company	244 Harbor Street, Ironwood Park, Fresno, 22954	USA
S1-001382	Meridian Motors Private Limited	293 Orchid Road, Cobalt Nagar, Nagpur, Tamil Nadu, 768939	India
S1-001383	Orchid Consultancy Limited	19/66 Thistle Mn, Falcon Nagar, Surat, Maharashtra	India
S1-001384	Meridian Trading Limited	74 Redwood Marg, Nagpur, Maharashtra	India
S1-001385	Falcon Enterprises Private Limited	395 Ironwood Marg, Juniper Nagar, Surat, 956084	India
S1-001386	Goldleaf Foods Private Limited	24/72 Redwood Cross, Behind Ganesh Temple, Pune, Maharashtra	IN
S1-001387	Lantern Services Company	48 Summit Rd, Brightpath Park,P eoria	USA
S1-001388	Lantern Services Company	Stonebridge Street Peoria 67733 Near Exit 14	US
S1-001389	Harbor Trading Private Limited	76 Onyx Road,J aipur, Kerala, 365294	India
S1-001390	Goldleaf Industries Private Limited	Goldleaf Road, Harbor Nagar, Kochi, Tamil Nadu, 996588	India
S1-001391	Summit Systems Corporation	Summit Blvd, Falcon Park, Lubbock, 81131	USA
S1-001392	Orchid Consultancy Private Limited	200 Quarry St, Redwood Nagar, Kochi, Tamil Nadu, 145183	IN
S1-001393	Brightpath Consultancy Company	Behind the Civic Centter, 385 Thistle Ave, Mobile, WA	United States
S1-001394	Stonebridge Packaging Incorporated	19/73 Kestrel St, Northgate Park, Austin, IL	USA
S1-001395	Apex Industries Limited	136 Lantern Marg, Pune, 477202	IN
S1-001396	Goldleaf Foods Private Limited	150 Quarry Cross Lantern Nagar Behind Ganesh Temple Jaipur 110011	IN
S1-001397	Ironwood Chemicals Limited	21 Ironwood Cross, Nagpur, Rajasthan, 866347, Behind Ganesh Temple	India
S1-001398	Quarry Textiles Company	96 Meridian Avenue Onyx Park Lubbock OH 91453	USA
S1-001399	Quarry Textiles Company	Northgate Road Lubbock 27090	United States
S1-001400	Lantern Solutions Limited	Near SBI ATM, Kestrel Nagar, Surat, Tamil Nadu, 396 Lantern Cross	IN
S1-001401	Clearwater Goldleaf Solutions Private Limited	380 Bluepeak Crs Cobalt Nagar Pune Tamil Nadu	India
S1-001402	Goldleaf Foods Limited Liability Company	311 Quarry Boulevard, Apex Park, 64945, Peoria	US
S1-001403	Goldleaf Foods Limited Liability Company	86 Apex Drive, Meridian Park, Peoria, 48760	United States
S1-001404	Apex Foods Incorporated	143 Orchid Drive, Lantern Park, Lubbock, 66429	USA
S1-001405	Harbor Enterprises Incorporated	Silverline Drive, Fresno, AL	USA
S1-001406	Falcon Trading Private Limited	200 Goldleaf Main, Nagpur	IN
S1-001407	Falcon Trading Private Limited	Behind Ganesh Temple Harbor Marg Kochi MP	IN
S1-001408	Orchid Packaging Private Limited	391 Sunstone Marg, Redwood Nagar, Kochi, Rajasthan	India
S1-001409	Orchid Packaging Private Limited	Apex Rd, Behind Ganesh Temple, Maplecrest Nagar, Kochi, 551052	IN
S1-001410	Bluepeak Motors Incorporated	23/39 Apex Avenue, NorthgatePark, Akron, 98786	US
S1-001411	Sunstone Services Private Limited	328 Silverline Marg Falcon Nagar Kochi Rajasthan 190960	IN
S1-001412	Ravenwood Industries Corporation	2 Bluepeak St, Harbor Park, Lubbock, WA	US
S1-001413	Clearwater Electricals Private Limited	16 Onyx Rd, Maplecrest Nagar, Kochi, Kerala, 5222826	India
S1-001414	Lantern Bluepeak Fabrics Private Limited	103 Bluepeak Crs, Orchid Nagar, Surat, Maharashtra, 268804	India
S1-001415	Ravenwood Electricals Private Limited	Behind Ganesh Temple 232 Onyx St Lantern Nagar Jaipur Rajasthan	IN
S1-001416	Kestrel Textiles Corporation	45 Vertex Road, Goldleaf Park, Akron	US
S1-001417	Summit Foods Private Limited	120 Vertex Main, Maplecrest Nagar, Surat, 587987	IN
S1-001418	Summit Services Company	Redwood Drive, Cobalt Park, Fresno, IL, 72465	United States
S1-001419	Apex Logistics Company	373 Northgate Rd, Austin	United States
S1-001420	Meridian Systems Limited	288 Orchid Roaad, Opp. Bus Depot, Meridian Nagar, Kochi	India
S1-001421	Onyx Logistics Private Limited	Near SBI ATM, 271 Maplecrest Cross, Juniper Nagar, Nagpur, Rajasthan, 652554	IN
S1-001422	Onyx Logistics Private Limited	33 Quarry Crs, Goldleaf Nagar, Nagpur	IN
S1-001423	Redwood Foods Incorporated	Northgate Rd, Kestrel Park, Tacoma, IL, 72754	United States
S1-001424	Redwood Solutions Corporation	19 Silverline St, Mobile, AL, Harbor Park	US
S1-001425	Maplecrest Systems Private Limited	Opp. Bus Depot, Vertex Nagar, Nagpur, Kerala, 604426, 4 Blluepeak Road	India
S1-001426	Vertex Onyx Logistics Limited	145 Clearwater Marg, Onyx Nagar, Pune, Gujarat	IN
S1-001427	Vertex Onyx Logistics Limited	32 Bluepeak Mn, Ravenwood Nagar, Pune, 760928	IN
S1-001428	Quarry Ravenwood Industries Private Limited	390 Summit Marg, Thistle Nagar, Indore, Maharashtra, 567972	IN
S1-001429	Clearwater Electricals Private Limited	378 Quarry Rd Harbor Nagar Jaipur 878268	India
S1-001430	Maplecrest Industries Limited	31/62 Kestrel Marg, Coimbatore, Gujarat, 213061	India
S1-001431	Goldleaf Packaging Limited Liability Company	307 Bluepeak Avenue, Northgate Park, Mobile, WA, 11256	USA
S1-001432	Quarry Juniper Textiles Private Limited	64 Kestrel St, Goldleaf Nagar, Kochi, Tamil Nadu, 36477	IN
S1-001433	Harbor Textiles Private Limited	Thistle Road, Quarry Nagar, Jaipur, 821391	India
S1-001434	Quarry Systems Private Limited	Clearwater Marg, Meridian Nagar, Jaipur, Gujarat, 795422	India
S1-001435	Quarry Systems Private Limited	225 Orchid Road, Ravenwood Nagar, Jaipur, MP, 253377	India
S1-001436	Cobalt Foods Limited Liability Company	267 Kestrel Street, Sunstone Park, Near Exit 14, Lubbock, WA, 45851	United States
S1-001437	Cobalt Foods Limited Liability Company	25 Onyx St, Onyx Park, Lubbock, IL	US
S1-001438	Falcon Systems Private Limited	160 Summit Main, Indore, Kerala, 278097	IN
S1-001439	Falcon Systems Private Limited	367 Sunstone Marg, Ravenwood Nagar, Indore	India
S1-001440	Cobalt Services Incorporated	388 Redwood St Akron	United States
S1-001441	Silverline Silverline Trading Company	13 Summit Blvd, Goldleaf Park, Tacoma	USA
S1-001442	Northgate Textiles Corporation	Behind the Civic Center, 126 Falcon Rd, Maplecrest Park, Akron	USA
S1-001443	Northgate Textiles Corporation	Meridian Park Tacoma TX 162 Apex Avenue	US
S1-001444	Apex Textiles Limited Liability Company	3 Ravenwood St, Vertex Park, Tacoma, OH	United States
S1-001445	Quarry Consultancy Private Limited	388 Brightpath Marg Redwood Nagar Jaipur Maharashtra 969694	India
S1-001446	Quarry Consultancy Private Limited	165 Ravenwood Main, Silverline Nagar, Jaipur, Rajasthan, 214113	IN
S1-001447	Falcon Logistics Limited	169 Stonebridge Street, Orchid Nagar, Coimbatore	IN
S1-001448	Falcon Logistics Limited	57 Ravenwood Street, Maplecrest Nagar, Kochi, MP, 706478	IN
S1-001449	Ravenwood Thistle Electricals Limited Liability Company	344 Clearwater Dr, Maplecrest Park, Fresno	USA
S1-001450	Ravenwood Thistle Electricals Limited Liability Company	Fresno 64031 98 Thistle rD	US
S1-001451	Harbor Chemicals Corporation	356 Meridian Road, Onyx Park, Opp. City Library, Mobile, WA, 73921	US
S1-001452	Vertex Maplecrest Systems Limited Liability Company	229 Ironwood Avenue, Northgate Park, Opp. City Library, obile, 52012	US
S1-001453	Goldleaf Electricals Company	144 Northgate Dr Juniper Park Mobile	US
S1-001454	Brightpath Electricals Corporation	16 Maplecrest St, Peoria, TX, 24421	US
S1-001455	Summit Consultancy Private Limited	207 Apex Street, Orchid Nagar, Near SBI ATM, Indore	India
S1-001456	Silverline Electricals Company	76 Apex Dr Akron TX	US
S1-001457	Clearwater Solutions Company	373 Orchid Avenue, Apex Park, Fresno, AL, 29942	United States
S1-001458	Clearwater Solutions Company	24/56 Ironwood Avenue, Fresno, 63653, Summit Park	USA
S1-001459	Thistle Trading Corporation	390 Stonebridge St, Orchid Park, Akron, 83232	USA
S1-001460	Thistle Trading Corporation	18 Northgate Rd, Akron, 34090	United States
S1-001461	Harbor Chemicals Limited Liability Company	48 Vertex Roa dKestrel Park Austin IL	United States
S1-001462	Harbor Chemicals Limited Liability Company	Goldleaf Avenue Stonebridge Park Austin AL 69248	US
S1-001463	Sunstone Motors Private Limited	170 Bluepeak Rd, Jaipur, Ravenwood Nagar	India
S1-001464	Onyx Electricals Incorporated	383 Maplecrest St, Akron	United States
S1-001465	Onyx Electricals Incorporated	17 Thistle Dr, Quarry Park, Akron, WA, 20166	United States
S1-001466	Falcon Stonebridge Electricals Limited	16 Sunstone Marg Maplecrest Nagar Nagpur Tamil Nadu 395724	India
S1-001467	Meridian Harbor Textiles Private Limited	164 Falcon Crs, Goldleaf Nagar, Kochi, Gujarat	IN
S1-001468	Meridian Harbor Textiles Private Limited	Behind Ganesh Temple, 328 Stonebridge Cross, Pune, 240440	IN
S1-001469	Ironwood Fabrics Private Limited	3 Onyx Rd, Silverline Nagar, Kochi	India
S1-001470	Ironwood Fabrics Private Limited	317 Juniper Road Ironwood Nagar Pune	IN
S1-001471	Kestrel Electricals Company	260 Sunstone Street, Cobalt Park, Tacoma, AL	United States
S1-001472	Thistle Logistics Company	251 Maplecrest Ave Bluepeak Park Austtin AL 83422	United States
S1-001473	Clearwater Maplecrest Enterprises Limited Liability Company	314 Silverline Avenue Cobalt Park Near Exit 14 Mobile IL	USA
S1-001474	Clearwater Maplecrest Enterprises Limited Liability Company	7/17 Juniper Street, Meridian Park, Fresno	United States
S1-001475	Vertex Textiles Private Limited	26 Northgate Cross, Near Metro Pillar 42, Thistle Nagar, Pune, Tamil Nadu, 393090	IN
S1-001476	Silverline Solutions Company	299 IronwoodBlvd, Onyx Park, Fresno, CA	US
S1-001477	Silverline Packaging Company	Brightpath Pakr Peoria 93852 211 Juniper Ave	USA
S1-001478	Silverline Packaging Company	8/21 Summit Boulevard, Tacoma, AL, 57837	United States
S1-001479	Ironwood Solutions Incorporated	236R avenwood Drive, Opp. City Library, Apex Park, Lubbock, CA	USA
S1-001480	Sunstone Electricals Private Limited	232 Meridian Road, Bluepeak Nagar, Pune, Tamil Nadu, 434290	India
S1-001481	Sunstone Electricals Private Limited	99 Vertex Marg Northgate Nagar Indore Rajasthan 125824	India
S1-001482	Apex Electricals Private Limited	5 Juniper St, 542285, Coimbatore	India
S1-001483	Apex Electricals Private Limited	264 Cobalt Marg, Meridian Nagar, Coimbatorre, Maharashtra, 583914	India
S1-001484	Quarry Silverline Textiles Private Limited	392 Juniper Main, Juniper Nagar, Pune, Maharashtra, 118839	India
S1-001485	Northgate Chemicals Private Limited	37/55 Kestrel Street Near SBI ATM Kochi Gujarat 845365	India
S1-001486	Vertex Thistle Packaging Private Limited	147 Ironwood Rd, Nagpru, 214240	India
S1-001487	Bluepeak Consultancy Corporation	3/40 Kestrel Rd Ironwood Park Akron AL 80469	US
S1-001488	Silverline Enterprises Limited	306 Stonebridge Rd, Thistle Nagar, Pune, Tamil Nadu	IN
S1-001489	Onyx Chemicals Private Limited	228 Silverline St, Juniper Nagar, Pune, 119884	IN
S1-001490	Redwood Systems Company	Brightpath Drive Thistle Park Akron	USA
S1-001491	Redwood Systems Company	133 Redwood Road, Bluepeak Park, Akron, AL, 44338	US
S1-001492	Bluepeak Enterprises Private Limited	289 Brightpath Street, Coimbatore, Maharashtra, 436003	IN
S1-001493	Cobalt Logistics Private Limited	92 Falcon Main, Juniper Nagar, Kochi, Rajasthan, 494270	India
S1-001494	Thistle Kestrel Packaging Limited Liability Company	Behind the Civic Center, 398 Clearwater Avenue, Vertex Park, Mobile, TX, 72145	United States
S1-001495	Silverline Electricals Private Limited	287 Ravenwood Crs, Ravenwood Nagar, Indore, Rajasthan, 282290	India
S1-001496	Silverline Electricals Private Limited	19/70 Bluepeak Road, Goldleaf Nagar, Indore, Gujarat	IN
S1-001497	Vertex Electricals Corporation	140 Maplecrest Boulevard, Northgate Park, Akron, TX, 94283	United States
S1-001498	Orchid Foods Incorporated	319 Brightpath Road Redwood Park Opp. City Library Tacoma	USA
S1-001499	Orchid Textiles Private Limited	106 Vertex Road, Behind Ganesh Temple, Meridian Nagar, Pune, 961409	IN
S1-001500	Summit Systems Private Limited	86 Sunstone Crs, Lantern Nagar, Behind Ganesh Temlpe, Indore, Kerala	India
S1-001501	Bluepeak Harbor Packaging Corporation	86 Sunstone Rd, Akrron, 82840	USA
S1-001502	Bluepeak Harbor Packaging Corporation	Orchid Park, Akron, 51991, 150 Vertex Boulevard	US
S1-001503	Vertex Bluepeak Solutions Company	Goldleaf SStreet Brightpath Park Fresno IL	US
S1-001504	Vertex Bluepeak Solutions Company	Opp. City Library, 127 Harbor Rd, Fresno, 25666	United States
S1-001505	Brightpath Industries Private Limited	158 Thistle Crs, Surat, Maharashtra, 801941	India
S1-001506	Juniper Chemicals Private Limited	106 Summit Rd, Kestrel Nagar, Surat, 506826	India
S1-001507	Goldleaf Industries Limited Liability Company	33/24 Sunstone Ave Clearwater Park Fresno AL	United States
S1-001508	Goldleaf Industries Limited Liability Company	193 Quarry Rd, Onyx Park, Mobile, CA, 58315	US
S1-001509	Clearwater Lantern Industries Company	55 Summit Street, Mobile,  85490	US
S1-001510	Vertex Motors Limited	308 Clearwater Main Cobalt Nagar Coimbatore 485045	IN
S1-001511	Redwood Ironwood Logistics Private Limited	146 Silverline Crs, Bluepeak Nagar, Indore, Maharashtra, 675975	IN
S1-001512	Cobalt Chemicals Private Limited	Meridian Road, Summit Nagar, Nagpur, Tamil Nadu, 497380	India
S1-001513	Sunstone Packaging Private Limited	200 Redwood Cross, Nagpur, 824788	IN
S1-001514	Sunstone Packaging Private Limited	321 Cobalt Marg, Nagpur, Gujarat, 265540, Ironwood Nagar	India
S1-001515	Goldleaf Enterprises Limited	312 Thistle Cross, Meridian Nagar, Coimbatore, Gujarat	IN
S1-001516	Maplecrest Silverline Packaging Private Limited	35/40 Falcon Mn, Behind Ganesh Temple, Goldleaf Nagar, Kochi, 117992	IN
S1-001517	Thistle Juniper Industries Private Limited	128 Onyx Cross Silverline Nagar Nagpur MP 388682	IN
S1-001518	Thistle Juniper Industries Private Limited	161 Bluepeak Rd, Clearwater Nagar, Nagpur, 426977	IN
S1-001519	Brightpath Textiles Limited	146 Silverline St, Meridian Nagar, Coimbatoore, Tamil Nadu, 501277	IN
S1-001520	Sunstone Thistle Electricals Private Limited	81 Sunstone St Near SBI ATM Surat	IN
S1-001521	Stonebridge Industries Corporation	55 Harbor Blvd, Thistle Park, Tacoma, 93338	USA
S1-001522	Stonebridge Industries Corporation	118 Harbor Ave, Tacoma, OH, 64550	US
S1-001523	Thistle Electricals Incorporated	12 Sunstone St, Vertex Park, Peoria, 44260, IL	US
S1-001524	Silverline Brightpath Packaging Company	395 Redwood Dr, Clearwater Park, Austin, IL, 76388	United States
S1-001525	Silverline Packaging Limited	309 Meridian Mn Near Metro Pillar 42 Jaipur	IN
S1-001526	Harbor Enterprises Private Limited	107 Stonebridge Crs, Indore, Kerala, 845185	IN
S1-001527	Harbor Enterprises Private Limited	104 Ironwood Road, Stonebridge Nagar, Indore, Rajasthan, 301367	IN
S1-001528	Orchid Packaging Private Limited	122 Cobalt Main, Ironwood Nagar, Surat, 566614	IN
S1-001529	Orchid Packaging Private Limited	3/49 Stonebridge Mn, Surat, MP, 998930	India
S1-001530	Summit Electricals Incorporated	152 Falcon Dr, Ravenwood Park, Austin, 59763	USA
S1-001531	Onyx Textiles Limited	193 Thistle Street, Kochi, 427613	IN
S1-001532	Onyx Textiles Limited	87 Maplecrest Rd, Summit Nagar, Kochi, Tamil Nadu, 272712	India
S1-001533	Clearwater Falcon Enterprises Limited	62 Falcon Marg, Kochi, Gujarat, 389936	IN
S1-001534	Clearwater Falcon Enterprises Limited	72 Juniper Crs, Kestrel Nagar, Kochi, Tamil Nadu, 168984	IN
S1-001535	Stonebridge Industries Company	119 Clearwater Drive, Tacoma, 98718	United States
S1-001536	Goldleaf Systems Limited	309 Quarry St, Falcon Nagar, Near Metro Pillar 42, Surat, Gujarat, 157794	India
S1-001537	Brightpath Bluepeak Consultancy Limited Liability Company	102 Brightpath Drive, Harbor Park, Tacoma, WA, 20369	United States
S1-001538	Redwood Goldleaf Motors Private Limited	379 Falcon Marg, Near Metro Pillar 42, Jaipur, MP, 871339, Redwood Nagar	IN
S1-001539	Cobalt Consultancy Company	347 Maplecrest Drive, Stonebridge Park, Mobile, 72262	USA
S1-001540	Cobalt Fabrics Company	Quarry Blvd, Lubbock, TX	US
S1-001541	Ravenwood Textiles Company	183 Kestrel Dr, Tacoma, WA, 80920	USA
S1-001542	Ironwood Goldleaf Logistics Corporation	354 Onyx Ave, Vertex Park, Austin, AL	United States
S1-001543	Apex Foods Limited Liability Company	150 Goldleaf Blvd Bluepeak Park Austin TX 28899	USA
S1-001544	Ironwood Trading Limited Liability Company	333 Goldleaf Rd, Ironwood Park, Lubbock	US
S1-001545	Summit Ironwood Foods Limited Liability Company	191 Meridian Rd, Behind the Civic Center, Northgate Park, Mobile, IL, 55340	USA
S1-001546	Quarry Chemicals Incorporated	259 Quarry Ave, Goldleaf Park, Peoria, IL, 85167	United States
S1-001547	Juniper Enterprises Limited	398 Ravenwood Rd, Ravenwood Nagar, Indore, MP	India
S1-001548	Juniper Enterprises Limited	18 Sunstone Road, Indore	India
S1-001549	Northgate Services Limited	190 Quarry Marg, Pune, 799946	India
S1-001550	Juniper Industries Company	369 Summit Avenue, Apex Park, Austin	US
S1-001551	Brightpath Packaging Company	81 Apex Avenue, Thistle Park, Mobile, OH, 96444	United States
S1-001552	Kestrel Textiles Private Limited	Near SBI ATM, 270 Sunstone St, Coimbatore, 645862	IN
S1-001553	Kestrel Textiles Private Limited	255 Sunstone Crs, Coimbattore	India
S1-001554	Juniper Apex Textiles Incorporated	24 Northgate Blvd, Akron	US
S1-001555	Summit Packaging Limited Liability Company	Sunstone Rd, Juniper Park, Lubbock, WA, 68365	United States
S1-001556	Apex Systems Limited Liability Company	123 Ravenwood Drive, Opp. City Library, Juniper Park, Peoria	USA
S1-001557	Juniper Packaging Incorporated	306 Redwood Blvd Cobalt Park Fresno TX 59689	USA
S1-001558	Stonebridge Solutions Limited	317 Lantern Cross, Surat, Kerala, 161156	IN
S1-001559	Silverline Services Limited	234 Brightpth Cross, Lantern Nagar, Jaipur, 246406	IN
S1-001560	Harbor Systems Incorporated	132 Meridian Dr, Cobalt Park, TX, 58029, Austin	US
S1-001561	Redwood Systems Limited Liability Company	353 Bluepeak Dr, Onyx Park, Lubbock, IL, 30279	United States
S1-001562	Redwood Systems Limited Liability Company	237 Summit Blvd Silverline Park Mobile 76997	US
S1-001563	Ironwood Harbor Packaging Incorporated	Sunstone Ave Fresno 53684 WA	USA
S1-001564	Ironwood Harbor Packaging Incorporated	234 Harbor Road, Cobal Park, Peoria, CA, 76276	US
S1-001565	Juniper Industries Private Limited	252 Sunstone Marg Maplecrest Nagar Jaipur Kerala	India
S1-001566	Vertex Bluepeak Packaging Corporation	60 Falcon Avenue, Sunstone Park, Akron, AL, 17654	United States
S1-001567	Vertex Bluepeak Packaging Corporation	15 Quarry Ave, Cobalt Park, Lubbock, WA	USA
S1-001568	Quarry Foods Limited Liability Company	298 Juniper Avenue, Mobile, 38654, Vertex Park	USA
S1-001569	Maplecrest Vertex Industries Private Limited	39 Harbor Main Onyx Nagar Kochi	India
S1-001570	Maplecrest Vertex Industries Private Limited	Ravenwood St Goldleaf Nagar Kochi Tamil Nadu 545763	IN
S1-001571	Goldleaf Fabrics Limited Liability Company	188 Maplecrest Road, Falcon Park, Peoria, 14066	US
S1-001572	Juniper Systems Limited	235 Orchid Mn, Verte xNagar, Jaipur	India
S1-001573	Cobalt Chemicals Private Limited	288 Summit Crs, Ironwood Nagar, Nagpur, Tamil Nadu, 487098	IN
S1-001574	Bluepeak Fabrics Private Limited	371 Summit Main, Summit Nagar, Surat, 724674	IN
S1-001575	Meridian Maplecrest Fabrics Limited Liability Company	66 Apex Street, Onyx Park, Akron, CA, 85821	USA
S1-001576	Ravenwood Goldleaf Motors Incorporated	383 Goldleaf Blvd, Goldleaf Park, Fresno	United States
S1-001577	Harbor Northgate Logistics Company	193 Juniper Road, Stonebridge Park, Peoria, TX	United States
S1-001578	Thistle Services Private Limited	300 Harbor Main, Ravenwood Nagar, Indore, 910782	IN
S1-001579	Stonebridge Systems Limited	Behind Ganesh Temple, 182 Northgate Street, Indore, MP, 123304	India
S1-001580	Summit Systems Limited	Near Metro Pillar 42, 185 Sunstone Rd, Goldleaf Nagar, Jaipur	IN
S1-001581	Maplecrest Electricals Private Limited	269 Meridian Marg, Kestrel Nagar, Coimbatore	IN
S1-001582	Maplecrest Electricals Private Limited	352 Onyx Street, Stonebridge Nagar, Coimbatore, Kerala, 911415	India
S1-001583	Goldleaf Quarry Enterprises Corporation	100 Ironwood Street, Northgate Prak, Tacoma	USA
S1-001584	Clearwater Trading Private Limited	26/88 Apex Mn, Apex Nagar, Opp. Bus Depot, Surat	India
S1-001585	Redwood Lantern Trading Private Limited	174  Northgate St, Jaipur, Rajasthan, 907999	India
S1-001586	Redwood Lantern Trading Private Limited	Meridian Road, Redwood Nagar, Maharashtra, 454260, Surat	IN
S1-001587	Stonebridge Foods Limited	53 Thistle Rd, Summit Nagar, Surat, 794430	IN
S1-001588	Maplecrest Solutions Private Limited	391 Apex Marg, Ravenwood Nagar, Pune, Gujarat	IN
S1-001589	Thistle Motors Limited	70 Ravenwood Marg, Vertex Nagar, Jaipur, Rajasthan	IN
S1-001590	Apex Packaging Private Limited	Near Metro Pillar 42, 184 Bluepeak Cross, Sunstone Nagar, Coimbatore, Maharashtra, 205489	IN
S1-001591	Brightpath Industries Limited	355 Quarry Marg, Opp. Bus Depot, Jaipur, 427883	India
S1-001592	Ravenwood Services Incorporated	Northgate Rd, Northgate Park, Akron, 84981	United States
S1-001593	Ravenwood Services Incorporated	359 Clearwater Street, Lantern Park, Tacoma, CA	United States
S1-001594	Quarry Chemicals Private Limited	Near Metro Pillar 42, 180 Apex Road, Harbor Nagar, Nagpur, 435646	India
S1-001595	Sunstone Enterprises Limited Liability Company	130 Juniper Rd, Peoria, OH, 41894	United States
S1-001596	Sunstone Enterprises Limited Liability Company	Sunstone Street, Goldleaf Park, Mobile, 93725	USA
S1-001597	Harbor Solutions Limited	287 Summit Mn Coimbatore Ironwood Nagar	India
S1-001598	Harbor Solutions Limited	168 Onyx Road Redwood Nagar Coimbatore 985966	India
S1-001599	Juniper Industries Corporation	191 Clearwater St Near Exit 14 Mobile CA 28926	United States
S1-001600	Onyx Foods Company	Ironwood Drive, Bluepeak Park, Austin, TX, 31778	United States
S1-001601	Onyx Foods Company	Northgate Road Orchid Park Tacoma TX 43901	USA
S1-001602	Apex Bluepeak Enterprises Limited	Near SBI ATM, 267 Sunstone Marg, Kochi, 936454	India
S1-001603	Harbor Systems Limited	53 Falcon Marg, Quarry Nagar, Kochi, MP, 332965	India
S1-001604	Harbor Systems Limited	278 Goldleaf Street, Quarry Nagar, Pune	India
S1-001605	Apex Thistle Logistics Private Limited	395 Summit Mn, Maplecrest Nagar, Pune	IN
S1-001606	Vertex Fabrics Incorporated	175 Brightpath Drive, Stnoebridge Park, Near Exit 14, Fresno, 15663	US
S1-001607	Goldleaf Motors Private Limited	134 Apex Street, Apex Nagar, Jaipur, 182335	IN
S1-001608	Goldleaf Motors Private Limited	252 Meridian Rd, Jaipur, Kerala, 499456	India
S1-001609	Sunstone Packaging Company	3 Goldleaf St, Fresno, CA	United States
S1-001610	Sunstone Packaging Company	100 Clearwater Blvd, Near Exit 14, Lantern Park, Fresno, 33737	US
S1-001611	Redwood Electricals Private Limited	198 Ironwood Street, Maplecrest Nagar, Coimbatore, MP, 534883	IN
S1-001612	Clearwater Services Limited Liability Company	226 Falcon Street, Onyx Park, Lubbock, CA, 11491	US
S1-001613	Goldleaf Enterprises Private Limited	Behind Ganesh Temple 82 Northgate Crs Ironwood Nagar Pune Tamil Nadu 949741	India
S1-001614	Goldleaf Enterprises Private Limited	321 Bluepeak Crs, Pune, 644043	IN
S1-001615	Vertex Industries Private Limited	Near Metro Pillar 42, 165 Orchid Crs, Pune, Maharashtra	IN
S1-001616	Vertex Industries Private Limited	386 Stonebridge Cross, Meridian Nagar, Kochi, Gujarat, 489944	IN
S1-001617	Vertex Solutions Incorporated	309 Sunstone Dr, Behind the Civic Center, Northgate Park, Austin, CA, 75933	USA
S1-001618	Stonebridge Cobalt Solutions Company	Opp. City Library 164 Orchid Boulevard Juniper Park Mobile CA	USA
S1-001619	Vertex Logistics Company	138 Orchid Dr Fresno	US
S1-001620	Quarry Electricals Limited Liability Company	275 Vertex Dr, Orchid Park, Peoria, IL	USA
S1-001621	Juniper Enterprises Limited	186 Sunstone Marg, Jaipur, 300043	IN
S1-001622	Falcon Onyx Solutions Company	114 Stonebridge Avenue, Near Exit 14, Juniper Park, Fresno, IL	US
S1-001623	Stonebridge Trading Limited	352 Maplecrest Crs Near Metro Pillar 42 Jaipur Tamil Nadu 461711	India
S1-001624	Brightpath Thistle Trading Incorporated	387 Brightpath Road, Near Exit 14, Brightpath Park, Fresno, TX, 66974	United States
S1-001625	Harbor Fabrics Company	144 Orrchid Dr, Harbor Park, Lubbock, WA, 11983	US
S1-001626	Silverline Electricals Limited	2 Sunstone Street Silverline Nagar Kochi Gujarat	IN
S1-001627	Goldleaf Textiles Incorporated	314 Meridian Drive, Onyx Park, Fresno, 50388	US
S1-001628	Lantern Foods Company	212 Orchid Drive, Harbor Park, Lubbock, CA	US
S1-001629	Ravenwood Thistle Consultancy Incorporated	Harrbor Blvd, Lubbock	US
S1-001630	Orchid Thistle Electricals Private Limited	98 Orchid Street, Apex Nagar, Indore, Rajasthan, 876615	India
S1-001631	Thistle Solutions Corporation	Juniper Road, Stonebridge Park, Akron, AL, 75630	United States
S1-001632	Brightpath Industries Company	Tacoma, OH, 79181, 301 Cobaalt Street	US
S1-001633	Ravenwood Systems Incorporated	143 Northgate Blvd Ravenwood Park Tacoma OH	US
S1-001634	Thistle Onyx Services Private Limited	292 Goldleaf Marg, Bluepeak Nagar, Pune, Rajasthan, 928677	India
S1-001635	Silverline Consultancy Private Limited	24 Stonebridge Marg, Apex Nagar, Surat, Tamil Nadu, 688212	IN
S1-001636	Orchid Thistle Consultancy Limited Liability Company	135 Kestrel Dr, Northgate Park, Tacoma, 857787	USA
S1-001637	Orchid Thistle Consultancy Limited Liability Company	330 Redwood Dr, Bluepeak Park, Tacoma, IL, 46533	USA
S1-001638	Northgate Textiles Private Limited	Behind Ganesh Temple, 286 Orchid Cross, Quarry Nagar, Coimbatore, Kerala	IN
S1-001639	Thistle Clearwater Fabrics Corporation	46 Falcon Blvd, Peoria, 73518	US
S1-001640	Kestrel Industries Limited	83 Juniper St, Orchid Nagar, Kochi, Tamil Nadu, 229400	India
S1-001641	Kestrel Industries Limited	341 Maplecrest Mn, Apex Nagar, Kochi, Kerala, 599428	India
S1-001642	Onyx Services Private Limited	175 Stonebridge Marg, Ironwood Nagar, Near SBI ATM, Pune, 597449	India
S1-001643	Onyx Enterprises Incorporated	393 Ironwood Dr, Peoria, OH, 31831	US
S1-001644	Maplecrest Systems Incorporated	Juniper Park, Austin, 17/7 Falcon St	USA
S1-001645	Ironwood Trading Private Limited	370 Onyx Marg Vertex Nagar Behind Ganesh Temple Indore Maharashtra 845717	IN
S1-001646	Lantern Electricals Limited Liability Company	294 Clearwater St, Vertex Park, Tacoma, 50230	USA
S1-001647	Bluepeak Fabrics Private Limited	11/48 Onyx Crs, Juniper Nagar, Surat, Maharashtra	India
S1-001648	Summit Foods Private Limited	6/57 Thhistle Marg, Kochi, MP	India
S1-001649	Meridian Logistics Company	351 Orchid Drive,  Kestrel Park, Lubbock, OH	USA
S1-001650	Orchid Goldleaf Motors Private Limited	33 Lantern St, Goldleaf Nagar, Pune, Rajasthan, 797400	IN
S1-001651	Goldleaf Vertex Fabrics Limited	196 Onyx Cross, Northgate Nagar, Surat, 292152	India
S1-001652	Northgate Fabrics Limited Liability Company	172 Kestrel Drive, Near Exit 14, Brightpath Park, Mobile	USA
S1-001653	Vertex Kestrel Fabrics Private Limited	325 Cobalt Street, Sunstone Nagar, Coimbatore, Gujarat, 138833	India
S1-001654	Vertex Kestrel Fabrics Private Limited	260 Stonebridge Crs, Orchid Nagar, Surat, 306621	India
S1-001655	Juniper Chemicals Private Limited	302 Bluepea Road Jaipur Gujarat 131884	IN
S1-001656	Juniper Chemicals Private Limited	339 Quarry St, Redwood Nagar, Jaipur	IN
S1-001657	Silverline Ravenwood Electricals Corporation	131 Thistle Avenue, Ironwood Park, Austin, AL, 38380	US
S1-001658	Apex Harbor Consultancy Private Limited	335 Ironwood Main, Pune, Gujarat, 173307	IN
S1-001659	Northgate Foods Limited Liability Company	Near Exit 14 220 Bluepeak St Lantern Park Akron 52758	USA
S1-001660	Northgate Foods Limited Liability Company	Opp. City Library, 80 Northgate Dr, OH, Mobile	USA
S1-001661	Orchid Logistics Private Limited	126 Apex Street, Quarry Nagar, Pune	IN
S1-001662	Quarry Solutions Company	366 Apex Street, Near Exit 14, Juniper Park, Mobile, 61941	US
S1-001663	Quarry Solutions Company	46 Goldleaf St Orchid Park Opp. City Library Mobile TX	US
S1-001664	Apex Fabrics Corporation	356 Juniper Blvd Falcon Park Akron WA 73326	USA
S1-001665	Goldleaf Foods Corporation	26 Vertex Boulevard Mobile 20070	USA
S1-001666	Goldleaf Foods Corporation	290 Lantern Dr, Mobile, CA, 69590	US
S1-001667	Falcon Solutions Private Limited	221 Summit Mn, Cobalt Nagar, Coimbatore, 725792	India
S1-001668	Sunstone Kestrel Packaging Limited	256 Redwood Road, Clearwater Nagar, Jaipur, 139770	IN
S1-001669	Sunstone Kestrel Packaging Limited	168 Redwood Main Bluepak Nagar Behind Ganesh Temple Jaipur Tamil Nadu 917880	India
S1-001670	Clearwater Ravenwood Electricals Company	235 Silverline Rd, Fresno, 43245	United States
S1-001671	Redwood Enterprises Limited	40 Onyx Rd, Redwood Nagar, Pune	India
S1-001672	Vertex Services Limited	393 Kestrel Cross Jaipur Rajasthan	India
S1-001673	Juniper Solutions Private Limited	267 Summit Cross, Coimbatore, 520295	India
S1-001674	Kestrel Electricals Corporation	226 Sunstone RoadCobalt Park Lubbock WA 33615	USA
S1-001675	Juniper Trading Company	211 Onyx Blvd, Meridian Park, Fresno, TX, 14778	United States
S1-001676	Ravenwood Chemicals Corporation	389 Lantern Boulevard, Orchid Park, Akron, TX, 37777	USA
S1-001677	Silverline Summit Industries Limited	89 Juniper Cross, Indore, 914905	India
S1-001678	Redwood Silverline Packaging Private Limited	Near Metro Pillar 42, 213 Thistle Mn, Clearwater Nagar, Jaipur	India
S1-001679	Kestrel Chemicals Private Limited	325 Goldleaf Cross Sunstone Nagar Nagpur Rajasthan	IN
S1-001680	Kestrel Chemicals Private Limited	178 Quarry Main Nagpur Maharashtra	IN
S1-001681	Vertex Systems Limited Liability Company	Bluepeak Avenue, Northgate Park, Austin, 44625	United States
S1-001682	Redwood Trading Incorporated	242 Lantern Street, Brightpath Park, Peoriia, 76904	USA
S1-001683	Redwood Trading Incorporated	Apex Drive, Behind the Civic Center, Clearwater Park, Austin, CA, 37744	United States
S1-001684	Onyx Goldleaf Electricals Limited Liability Company	229 Apex Rd, Peoria, 72255	United States
S1-001685	Onyx Goldleaf Electricals Limited Liability Company	Behind the Civic Center, 111 Thistle Ave, Ironwood Park, Peoria, OH	United States
S1-001686	Silverline Systems Limited	121 Apex St, Kochi, Tamil Nadu, 702245	IN
S1-001687	Silverline Systems Limited	Sunstone Main Near Metro Pillar 42 Kochi Gujarat	IN
S1-001688	Stonebridge Industries Private Limited	196 Meridian Marg, Indore, 724904	IN
S1-001689	Northgate Stonebridge Consultancy Private Limited	315 Silverline St, Summit Nagar, Coimbatore, Maharashtra, 337370	India
S1-001690	Falcon Brightpath Textiles Limited	138 Lantern St, Behind Ganesh Temple, Kochi, Rajasthan, 365180	IN
S1-001691	Brightpath Services Limited Liability Company	Opp. City Library, 16//17 Summit Street, Redwood Park, Akron	USA
S1-001692	Brightpath Services Limited Liability Company	268 Ravenwood St Redwood Park Akron	USA
S1-001693	Kestrel Motors Private Limited	Cobalt Street, Brightpath Nagar, Indore, 4380881	India
S1-001694	Goldleaf Foods Private Limited	Brightpath St, Pune, Tamil Nadu, 737506	IN
S1-001695	Falcon Trading Corporation	246 Goldleaf Street Akron IL 84191	US
S1-001696	Onyx Services Private Limited	358 Onyx Mn, Maplecrest Nagar, Jaipur, 409951, Near SBI ATM	India
S1-001697	Onyx Services Private Limited	148 Apex Crs, Thistle Nagar, Jaipur, MP, 642577	India
S1-001698	Meridian Consultancy Private Limited	Redwood Mn, Sunstone Nagar, Opp. Bus Depot, Indore, Gujarat, 793663	IN
S1-001699	Thistle Chemicals Company	375 Silverline Road, Lubbock, AL, 38296	United States
S1-001700	Orchid Northgate Industries Private Limited	264 Bluepeak Road Maplecrest Nagar Surat 545919	IN
S1-001701	Silverline Trading Company	111 Juniper Street, Bluepeak Park, Tacoma, 13840	United States
S1-001702	Silverline Trading Company	384 Vertex Boulevard, Cobalt Park, Lubbock, 33668	United States
S1-001703	Kestrel Industries Private Limited	383 Meridian Street, Kochi, 536093	India
S1-001704	Silverline Apex Services Corporation	230 Silverline Road, Kestrel Park, Lubbock, WA	USA
S1-001705	Bluepeak Enterprises Private Limited	101 Juniper Street Onyx Nagar Nagpur Tamil Nadu 903486	IN
S1-001706	Vertex Fabrics Limited Liability Company	Thistle Rd, Sunstone  Park, Austin, IL	US
S1-001707	Silverline Packaging Private Limited	70 Ironwood Mn, Orchid Nagar, Nagpur, Kerala	India
S1-001708	Juniper Vertex Systems Corporation	11/58 Summit Street, Falcon Park, Behind the Civic Center, Mobiile, IL, 51558	USA
S1-001709	Juniper Vertex Systems Corporation	Opp. City Librar yRavenwood Blvd Cobalt Park Akron	United States
S1-001710	Goldleaf Services Limited Liability Company	Redwood Avenue, Onyx ark, Tacoma, 41709	USA
S1-001711	Harbor Brightpath Electricals Company	65 Lantern Boulevard, Vertex Park, Lubbock, 46770	United States
S1-001712	Harbor Brightpath Electricals Company	352 Redwood St, Clearwater Park, Lubbock, 29121	United States
S1-001713	Redwood Vertex Industries Limited Liability Company	387 Meridian Boulevard, Frresno, WA, 64872	United States
S1-001714	Kestrel Chemicals Company	307 Sunstone Blvd, Quarry Park, Austin	United States
S1-001715	Silverline Consultancy Corporation	39/88 Silverline Blvd, Orchid Park, Austin, OH, 46939	USA
S1-001716	Silverline Consultancy Corporation	199 Maplecrest Boulevard, Thistle Park, Tacoma, 35465	US
S1-001717	Silverline Fabrics Private Limited	74 Ravenwood Cross, Apex Nagar, Coimbatore	IN
S1-001718	Lantern Textiles Private Limited	Maplecrest Nagar Kochi 344 Redwodo Road	India
S1-001719	Thistle Maplecrest Solutions Corporation	310 Goldleaf Avenue Apex Park Fresno OH 81027	USA
S1-001720	Clearwater Chemicals Limited	117 Quarry Marg, Nagpur, Maharashtra, 240179	IN
S1-001721	Lantern Logistics Incorporated	Harbor St Onyx Park Akron TX	US
S1-001722	Lantern Logistics Incorporated	Stonebridge Road, Lantern Park, Akron, IL, 24935	USA
S1-001723	Thistle Motors Private Limited	372 Redwood Road, Ironwood Nagar, Pune	IN
S1-001724	Sunstone Cobalt Fabrics Private Limited	Clearwater Street Apex Nagar Kochi Kerala 290709	India
S1-001725	Orchid Systems Incorporated	266 Onyx St, Ironwood Park, Fresno, IL, 59080	USA
S1-001726	Redwood Industries Limited	394 Harbor Street, Kochi, 253119	India
S1-001727	Redwood Industries Limited	249 Maplecrest Marg, Punee, MP	India
S1-001728	Thistle Textiles Limited Liability Company	Near Exit 14, 79 Brightpath Bllvd, Stonebridge Park, Austin, 52040	US
S1-001729	Thistle Textiles Limited Liability Company	183 Summit Drive, Apex Park, Austin, TX, 60531	United States
S1-001730	Ravenwood Redwood Consultancy Limited	Clearwater Main Jaipur Tamil Nadu 350599	IN
S1-001731	Silverline Sunstone Industries Private Limited	Silverline Marg, Opp. Bus Depot, Lantern Nagar, Nagpur, 823886	India
S1-001732	Harbor Consultancy Private Limited	16 Juniper St, Pune	India
S1-001733	Apex Quarry Fabrics Private Limited	300 Silverline Street, Clearwater Nagar, Kochi, 305721	IN
S1-001734	Goldleaf Electricals Private Limited	33/85 Redwood Mn, Tamil Nadu, 348658, uPne	IN
S1-001735	Stonebridge Systems Incorporated	64 Ironwood Ave, Northgate Park, Tacoma, IL, 83420	US
S1-001736	Stonebridge Systems Incorporated	251 Lantern Dr, Goldleaf Park, Akron, CA	US
S1-001737	Harbor Fabrics Private Limited	219 Onyx Marg, Maplecrest Nagar, Surat	IN
S1-001738	Ravenwood Enterprises Private Limited	16/70 Apex Road Onyx Nagar Indore Kerala 198547	IN
S1-001739	Lantern Motors Private Limited	123 Northgate Marg, Lantern Nagar, Nagpur	IN
S1-001740	Lantern Motors Private Limited	321 Falcon St, Near Metro Pillar 42, Thistle Nagar, Nagpur, Maharashtra, 721227	IN
S1-001741	Juniper Industries Private Limited	184 Onyx Rd, Summit Nagar, Kochi	India
S1-001742	Juniper Industries Private Limited	28/9 Brightpath Mn, Redwood Nagar, Kochi, 137130	IN
S1-001743	Vertex Solutions Limited Liability Company	Ravenwood Boulevard, Kestrel Park, Mobile, IL, 83361	US
S1-001744	Lantern Foods Incorporated	373 Ironwood Street, Silverline Park, Peoria, 59256	US
S1-001745	Lantern Foods Incorporated	147 Redwood Blvd, Cobalt Park, Mobile	US
S1-001746	Silverline Packaging Limited	202 Apex Road, Thistle Nagar, Surat, 448335	India
S1-001747	Silverline Packaging Limited	295 Redwood Cross, Sunstone Nagar, Surat	India
S1-001748	Cobalt Ironwood Trading Private Limited	290 Vertex Crs, Meridian Nagar, Indore, MP, 184707	IN
S1-001749	Ravenwood Enterprises Corporation	3 Apex Boulevard, Ravenwood Park, Peoria, IL, 80811	United States
S1-001750	Harbor Textiles Limited Liability Company	Falcon St, Mobile	US
S1-001751	Harbor Textiles Limited Liability Company	129 Harbor Blvd Fresno 44354	United States
S1-001752	Silverline Packaging Private Limited	67 Falcon St, Ironwood Nagar, Cimbatore, 512515	India
S1-001753	Silverline Packaging Private Limited	319 Apex Main Indore Maplecrest Nagar	IN
S1-001754	Onyx Onyx Consultancy Corporation	Orcihd St, Tacoma, IL	USA
S1-001755	Orchid Foods Incorporated	Near Exit 14, 113 Ravenwood Avenue, Cobalt Park, Peoria	US
S1-001756	Vertex Packaging Private Limited	95 Sunstone Marg, Juniper Nagar, Near Metro Pillar 42, Nagpur, Kerala, 187520	IN
S1-001757	Onyx Lantern Systems Limited Liability Company	Behind the Civic Center, 229 Ravenwood Street, Lubbock, CA	United States
S1-001758	Cobalt Fabrics Private Limited	218 Summit Street Surat MP 614165	India
S1-001759	Apex Fabrics Corporation	224 Summit Road Meridian Park Fresno CA	USA
S1-001760	Sunstone Trading Limited	Apex Nagar, Behind Ganesh Temple, Jaipur, Maharashtra, 872649, 263 Goldleaf Main	India
S1-001761	Sunstone Trading Limited	Opp. Bus Depot, 213 Quarry Mn, Jaipur, 702038	IN
S1-001762	Kestrel Chemicals Company	38 Vertex Road, Apex Park, Tacoma, 73221	United States
S1-001763	Summit Kestrel Electricals Private Limited	304 Redwood Crs Brightpath Nagar Surat Rajasthan 531698	India
S1-001764	Lantern Services Limited	272 Apex Street Falcon Nagar Nagpur Gujarat 780483	India
S1-001765	Falcon Solutions Private Limited	Opp. Bus Depot 270 Meridian MargJaipur 280791	India
S1-001766	Apex Electricals Company	189 Ravenwood Ave, Opp. City Library, Quarry Park, Lubbock, WA, 19298	USA
S1-001767	Apex Electricals Company	252 Orchid Avenue, Lubbock, IL	US
S1-001768	Maplecrest Trading Limited Liability Company	155 Bluepeak St, Ironwood Park, Fresno, AL, 94894	US
S1-001769	Brightpath Textiles Private Limited	12/45 Sunstone Marg Juniper Nagar Indore Kerala	IN
S1-001770	Brightpath Solutions Private Limited	Near SB IATM, 272 Thistle Street, Ravenwood Nagar, Pune, Kerala	IN
S1-001771	Falcon Foods Incorporated	Maplecrest Park, Fresno, Kestrel Rd	United States
S1-001772	Ravenwood Logistics Private Limited	48 Bluepeak St Surat 816466 Harbor Nagar	India
S1-001773	Apex Trading Limited	295 Thistle Marg, Nagpur, Kerala, 178084	IN
S1-001774	Apex Trading Limited	Falcon St Redwood Nagar Nagpur Gujarat 758762	India
S1-001775	Summit Chemicals Incorporated	140 Stonebridge Rd, Sunstone Park, Near Exit 14, Lubbock	United States
S1-001776	Summit Chemicals Incorporated	Near Exit 14 110 Kestrel Road Lubbock IL	USA
S1-001777	Bluepeak Consultancy Limited Liability Company	318 Clearwater Road, Brightpath Park, Near Exit 14, Akron, 44185	United States
S1-001778	Falcon Electricals Limited Liability Company	22/85 Redwood Blvd, Quarry Park, Akron, IL, 63181	US
S1-001779	Orchid Electricals Private Limited	324 Harbor Cross, Juniper Nagar, Indore, MP, 917755	IN
S1-001780	Harbor Quarry Chemicals Private Limited	352 Cobalt Crs Onyx Nagar Coimbatore Maharashtra	India
S1-001781	Maplecrest Consultancy Company	197 Thistle Avenue, Fresno, CA, 15725	USA
S1-001782	Stonebridge Apex Motors Company	Opp.  City Library 285 Summit Ave Austin	US
S1-001783	Cobalt Packaging Limited	201 Maplecrest Marg, Indore, Rajasthan, 492038	IN
S1-001784	Ravenwood Bluepeak Foods Limited Liability Company	117 Onyx Dr, Stonebridge Park, Tacoma, IL, 80144	US
S1-001785	Juniper Logistics Limited	326 Harbor Road, Pune,R ajasthan, 389499	India
S1-001786	Thistle Solutions Limited	68 Meridian Mn, Orchid Nagar, Kochi, 288487	India
S1-001787	Silverline Silverline Trading Corporation	16 Ironwood Dr, Thistle Park, Austin, 34021	USA
S1-001788	Kestrel Services Limited	15/11 Quarry Marg, Thistle Nagar, Indore, 568150	IN
S1-001789	Brightpath Bluepeak Fabrics Company	190 Bluepeak St, Silverline Park, Akron, WA	United States
S1-001790	Quarry Fabrics Company	209 Brightpath Road, Mobile, WA, 76118	US
S1-001791	Juniper Logistics Limited Liability Company	156 Redwood Road, Northgate Park, Mobile, 0769	United States
S1-001792	Thistle Falcon Chemicals Private Limited	Harbor Mn, Silverline Nagar, Near Metro Pillar 42, Nagpur, MP	IN
S1-001793	Clearwater Trading Limited Liability Company	374 Orchid St, Vertex Park, Austin, TX	USA
S1-001794	Sunstone Consultancy Private Limited	30/1 Juniper Mn Jaipur 594903	India
S1-001795	Apex Harbor Electricals Limited Liability Company	30 Sunstone Blvd Northgate Park Fresno CA	US
S1-001796	Apex Harbor Electricals Limited Liability Company	355 Quarry Street, Kestrel Park, Peoria, CA, 20299	US
S1-001797	Redwood Fabrics Limited	150 Ironwood Rd, Apex Nagar, Pune, 879640	IN
S1-001798	Onyx Foods Corporation	32/63 Brightpath Ave, Summit Park, Lubbock, AL, 65994	US
S1-001799	Kestrel Fabrics Limited Liability Company	161 Cobalt Dr, Goldleaf Park, Tacoma, TX, 76520	USA
S1-001800	Stonebridge Stonebridge Textiles Corporation	137 Summit Ave, Falcon Park, Peoria, CA	US
S1-001801	Apex Services Private Limited	184 Meridian Main, Sunstone Nagar, Coimbatore	India
S1-001802	Redwood Lantern Industries Private Limited	71 Summit Rd, Stonebriidge Nagar, Kochi	India
S1-001803	Falcon Apex Chemicals Private Limited	Near Metro Pillar 42, 30/82 Kestrel Main, Ravenwood Nagar, Indore, Rajasthan, 903290	IN
S1-001804	Summit Packaging Incorporated	26/72 Onyx Blvd, Stonebridge Park, Lubbock, AL	US
S1-001805	Summit Packaging Incorporated	36 Lantern Avenue, Orchid Park, Austin, 78457	United States
S1-001806	Clearwater Logistics Private Limited	257 Juniper Crs, Coimbatore, 328785	India
S1-001807	Orchid Clearwater Industries Private Limited	28 Clearwater Main, Sunstone Nagar, Nagpur	India
S1-001808	Stonebridge Industries Limited	389 Apex Road, Behind Ganesh Temple, Coimbatore, Maharashtra, 173596	IN
S1-001809	Lantern Motors Company	88 Bluepeak Boulevard, Ravenwood Park, Akron, OH	United States
S1-001810	Cobalt Enterprises Incorporated	110 Apex Dr, Meridian Park, Lubbock, 43926	USA
S1-001811	Cobalt Enterprises Incorporated	289 Apex Drive Onyx Park Akron AL 27941	United States
S1-001812	Falcon Foods Limited Liability Company	254 Ravenwood Blvd, Cobalt Park, Tacoma	United States
S1-001813	Maplecrest Industries Private Limited	145 Kestrel Rd Apex Nagar Jaipur	IN
S1-001814	Vertex Thistle Textiles Limited Liability Company	332 Harbor Boulevard Brightpath Park Tacoma AL 36299	USA
S1-001815	Clearwater Thistle Packaging Private Limited	227 Brightpath Rd, Surat, 110395, Thistle Nagar	IN
S1-001816	Apex Fabrics Incorporated	Near Exit 14, Silverline Ave, Maplecrest Park, Mobile, CA, 89711	United States
S1-001817	Stonebridge Northgate Textiles Corporation	Clearwater Drive, Stonebridge Park, Tacoma, 57253	US
S1-001818	Maplecrest Enterprises Limited	Behind Ganesh Temple Summit Marg Jaipur MP	IN
S1-001819	Falcon Trading Corporation	276 Lantern Avenue, Vertex Park, Austin, AL	United States
S1-001820	Summit Systems Private Limited	44 Apex Mn, Ironwood Nagar, Indore, Kerala, 848214	IN
S1-001821	Stonebridge Motors Incorporated	1/31 Redwood Rd, Quarry Park, Austin, 20060	United States
S1-001822	Stonebridge Motors Incorporated	388 Maplecrest Road, Akron, CA	United States
S1-001823	Goldleaf Enterprises Incorporated	Orchid Drive, CA, Tacoma	USA
S1-001824	Falcon Industries Limited	57 Redwood Rd, Ravenwood Nagar, Jaipur, 820470, Near SBI ATM	India
S1-001825	Silverline Systems Incorporated	326 Falcon Dr Redwood Park Akron 33268	United States
S1-001826	Maplecrest Logistics Incorporated	Cobalt Drive, Onyx Park, Mobile, OH	USA
S1-001827	Quarry Foods Company	198 Stonebridge Street Lubbock OH	US
S1-001828	Redwood Meridian Logistics Private Limited	131 Goldleaf Rd, Kestrel Nagar, Surat, MP, 125300	IN
S1-001829	Lantern Motors Limited Liability Company	Silverline Boulevard, Gldleaf Park, Peoria, WA	USA
S1-001830	Harbor Logistics Corporation	328 Summit Road Northgate Park Lubbock WA 33476	United States
S1-001831	Harbor Logistics Corporation	397 Quarry Dr Bluepeak Park Lubbock 64992	US
S1-001832	Silverline Motors Limited Liability Company	290 Sunstone Avenue Harbor Park Fresno WA 20606	USA
S1-001833	Silverline Electricals Limited Liability Company	45 Maplecrest Ave, Silverline Park, Mobile, OH, 99386	United States
S1-001834	Sunstone Solutions Corporation	129 Goldleaf Ave, Orchid Park, CA, 17457, Mobile	United States
S1-001835	Sunstone Solutions Corporation	205 Meridian Dr, Bluepeak Park, Mobile, WA, 74197	USA
S1-001836	Clearwater Enterprises Private Limited	360 Orchid St, Cobalt Nagar, Nagpur	IN
S1-001837	Clearwater Enterprises Private Limited	79 Summit Rd, Juniper Nagar, Nagpur, Kerala, 125678	India
S1-001838	Kestrel Chemicals Private Limited	14/72 Silverline Street, Ironwood Nagar, Coimbatore, Tamil Nadu, 641132	India
S1-001839	Kestrel Chemicals Private Limited	217 Bluepeak Road, Falcon Nagar, Coimbatore, MP, 468062	IN
S1-001840	Ravenwood Systems Incorporated	159 Silveerline St, 77798, Mobile	US
S1-001841	Ravenwood Systems Incorporated	Opp. City Library 348 Clearwater Boulevard Peoria Vertex Park	United States
S1-001842	Vertex Packaging Limited Liability Company	247 Vertex Boulevard, Northgate Park, Fresno, AL, 70908	USA
S1-001843	Apex Enterprises Limited	98 Ironwood Road, Surat, 769501	IN
S1-001844	Meridian Fabrics Company	12/61 Maplecrest Rd, Summit Park, Akron, IL, 96605	United States
S1-001845	Meridian Fabrics Company	92 Silverline Avenue, Near Exit 14, Akron, WA, 21281	USA
S1-001846	Apex Consultancy Limited Liability Company	101 Maplecrest Boulevard, Harbor Park, Peoria, 40824	USA
S1-001847	Vertex Fabrics Incorporated	120 Clearwater St, Meridian Park, Austin	United States
S1-001848	Clearwater Packaging Private Limited	32/8 Orchid Main, Nagpur, 795330, Northgate Nagar	IN
S1-001849	Clearwater Packaging Private Limited	138 Bluepeak Mn, Nagpur, Maharashtra	IN
S1-001850	Meridian Logistics Corporation	52 Thistle Rd, Tacoma, OH	United States
S1-001851	Clearwater Services Private Limited	Sunstone Mn, arbor Nagar, Pune, 545550	IN
S1-001852	Vertex Trading Company	271 Cobalt Boulevard, Akron	US
S1-001853	Orchid Falcon Systems Limited Liability Company	343 Clearwater Street, Bluepeak Park, Fresno, 44867	US
S1-001854	Falcon Solutions Limited Liability Company	25/48 Silverline Street Austin OH 63058	USA
S1-001855	Lantern Systems Company	Goldleaf Blvd, Austin, WA	USA
S1-001856	Ravenwood Industries Company	8 Stonebridge Avenue Maplecrest Park Fresno IL 25561	US
S1-001857	Ravenwood Industries Company	289 Vertex Blvd, Cobalt Park, Mobile, OH	USA
S1-001858	Clearwater Industries Limited Liability Company	255 Northgate Rd Near Exit 14 Northgate Park Mobile IL 71010	US
S1-001859	Thistle Harbor Services Limited Liability Company	28/44 Clearwater Drive, Quarry Park, Mobile, AL	US
S1-001860	Goldleaf Ironwood Electricals Company	278 Harbor Road, Quarry Park, Fresno, WA	United States
S1-001861	Maplecrest Motors Incorporated	384 Silverline Avenue, Peoria, CA	United States
S1-001862	Kestrel Silverline Services Private Limited	Summit Street, Goldleaf Nagar, Kochi, Tamil Nadu, 800655	IN
S1-001863	Sunstone Packaging Private Limited	297 Kestrel Cross, Cobalt Nagar, Near Metro Pillar 42, Jaipur, Rajasthan, 118487	India
S1-001864	Goldleaf Chemicals Private Limited	317 Harbor Marg, Falcon Nagar, Kochi, 252067	IN
S1-001865	Harbor Goldleaf Fabrics Private Limited	169 Meridian Marg, Near SBI ATM, Apex Nagar, Nagpur, Tamil Naddu	India
S1-001866	Harbor Goldleaf Fabrics Private Limited	262 Orchid St, Thistle Nagar, Nagpur, MP	India
S1-001867	Orchid Chemicals Incorporated	39 Onyx Street, Stonebridge Park, Akron, CA, 26357	United States
S1-001868	Falcon Textiles Private Limited	Onyx Street, Jaipur, Gujarat, 700720	India
S1-001869	Vertex Goldleaf Consultancy Limited Liability Company	219 Maplecres tBoulevard, Akron, AL	US
S1-001870	Apex Trading Company	276 Clearwater Boulevard, Ironwood Park, Austin, IL	USA
S1-001871	Lantern Packaging Private Limited	157 Cobalt Cross, Near SBI ATM, Northgate Nagar, Tamil Nadu, 934484, Coimbatore	IN
S1-001872	Lantern Packaging Private Limited	78 Stonebridge St, Clearwater Nagar, Surat	IN
S1-001873	Orchid Motors Private Limited	128 Summit Rd Silverline Nagar Nagpur Gujarat 342882	IN
S1-001874	Kestrel Onyx Foods Incorporated	129 Meridian Ave, Juniper Park, Austin, CA	USA
S1-001875	Orchid Foods Limited	75 Kestrel Marg Jaipur Maharashtra	IN
S1-001876	Meridian Enterprises Incorporated	353 Meridian Rd, Ravenwood Park, Fresno, TX	US
S1-001877	Vertex Chemicals Limited	391 Ironwood Marg, Nagpur	India
S1-001878	Thistle Enterprises Limited	Near SBI ATM, 159 Silverline St, Onyx Nagar, Indore, 696251	India
S1-001879	Falcon Electricals Private Limited	134 Harbor Cross, Vertex Nagar, Nagpur, Gujarat	IN
S1-001880	Juniper Motors Limited Liability Company	Ironwoo Street, Meridian Park, Austin, 36848	USA
S1-001881	Ironwood Services Private Limited	95 Ironwood Street, Apex Naagar, Jaipur, Rajasthan	IN
S1-001882	Ironwood Services Private Limited	59 Ironwood Main Stonebridge Nagar Coimbatore Kerala	IN
S1-001883	Falcon Systems Private Limited	6/56 Thistle Mn, Lantern Nagar, Jaipur, MP, 583458	India
S1-001884	Falcon Systems Private Limited	381 Bluepeak Cross, Juniper Nagar, Jaipur	India
S1-001885	Bluepeak Logistics Company	201 Lantern Rd Thistle Park Fresno AL 46555	US
S1-001886	Bluepeak Logistics Company	373 Ravenwood Drive, Bluepeak Park,M obile, AL	USA
S1-001887	Vertex Textiles Private Limited	299 Juniper Crs, Coimbatore	India
S1-001888	Vertex Textiles Private Limited	Near Metro Pillar 42, 341 Cobalt Mn, Stonebridge Nagar, Coimbatore, Tamil Nadu, 832825	India
S1-001889	Thistle Chemicals Private Limited	Near SBI ATM 124 Brightpath St Meridian Nagar Coimbatore	India
S1-001890	Kestrel Foods Limited Liability Company	Apex Ave, Summit Park, Tacoma, OH, 92925	US
S1-001891	Kestrel Foods Limited Liability Company	309 Northgate Drive, Quarry Park, Tacoma, 38444	US
S1-001892	Apex Meridian Solutions Private Limited	241 Clearwater St, Maplecrest Nagar ,Jaipur	India
S1-001893	Apex Meridian Solutions Private Limited	81 Falcon Main, Pune, 683124	India
S1-001894	Thistle Sunstone Consultancy Corporation	371 Brightpath Street, Fresno, CA, 76280	United States
S1-001895	Falcon Enterprises Incorporated	29 Vertex Street, Brightpath Park, Lubbock, 74645	US
S1-001896	Orchid Silverline Systems Incorporated	260 Harbor Drive Maplecrest Park Austin 74590	United States
S1-001897	Maplecrest Systems Private Limited	Behind Ganesh Temple, Brightpath Main, Brightpath Nagar, Coimbatroe, 862563	IN
S1-001898	Maplecrest Systems Private Limited	Coimbatore, 343 Goldleaf Mn	India
S1-001899	Thistle Fabrics Limited	Sunstone Road Opp. Bus Depot Coimbatore 278579	India
S1-001900	Falcon Kestrel Enterprises Incorporated	383 Thistle St, Akron, WA, 44965	United States
S1-001901	Quarry Cobalt Fabrics Private Limited	299 Quarry Main, Opp. Bus Depot, Surat, 771476	IN
S1-001902	Summit Solutions Private Limited	177 Redwood Road Redwood Nagar Kochi Kerala 329957	India
S1-001903	Clearwater Services Company	88 Cobalt Street Stonebridge Park Tacoma	US
S1-001904	Maplecrest Foods Private Limited	237 Onyx Main Stonebridge Nagar Kochi Gujarat 176895	India
S1-001905	Maplecrest Foods Private Limited	206 Apex Marg, Cobalt Nagar, Surat, Gujarat, 3011470	India
S1-001906	Northgate Chemicals Corporation	39/14 Quarry Drive, Meridian Park, Austin, TX, 41944	US
S1-001907	Thistle Fabrics Limited	Near Metro Pillar 42, 303 Kestrel Mn, Quarry Nagar, Pune, Tamil Nadu, 564103	India
S1-001908	Vertex Electricals Limited Liability Company	Near Exit 14, 321 Brightpath Rd, Quarry Park, Mobile, WA	US
S1-001909	Vertex Electricals Limited Liability Company	237 Cobalt Street Meridian Park Mobile 37423	United States
S1-001910	Lantern Solutions Company	198 Clearwater Drive, Opp. City Library, Clearwater Park, Austin, 91049	USA
S1-001911	Onyx Electricals Limited	293 Falcon Street Brightpath Nagar Kochi 103293	India
S1-001912	Onyx Electricals Limited	194 Orchid Cross, Maplecrest Nagar, Kochi, Rajasthan	India
S1-001913	Cobalt Electricals Private Limited	273 Harbor Main, Thistle Nagar, Jaipur, Tamil Nadu	IN
S1-001914	Cobalt Electricals Private Limited	8/7 Apex Cross Silverline Nagar Jaipur Maharashtra	India
S1-001915	Juniper Foods Private Limited	111 Ravenwood Marg, Near Metro Pillar 42, Lantern Nagar, Jaipur, MP, 582521	India
S1-001916	Meridian Industries Corporation	Bluepeak Drive, Quarry Park, Akron	US
S1-001917	Quarry Fabrics Incorporated	342 Onyx St, Ironwood Park, Mobile, TX, 23622	US
S1-001918	Quarry Fabrics Incorporated	383 Falcon Ave, Thistle Park, Mobile, TX	US
S1-001919	Brightpath Systems Corporation	Harbor Avenue, Goldleaf Park, Austin CA	US
S1-001920	Brightpath Systems Corporation	248 Lantern Ave, Peoria 76482	US
S1-001921	Juniper Motors Company	3 Vertex Boulevard, Vertex Park, Lubbock	United States
S1-001922	Orchid Solutions Limited	205 Falcon Rd Near SBI ATM Surat MP 190074	IN
S1-001923	Northgate Motors Corporation	381 Quarry Dr Northgate Park Austin 48752	USA
S1-001924	Orchid Services Private Limited	Bluepeak Main, Summit Nagar, Pune, Kerala	IN
S1-001925	Redwood Packaging Company	198 Thistle Boulevard, Meridian Park, Behind the Civic Center, Austin, TX, 90804	US
S1-001926	Orchid Packaging Incorporated	37/46 Vertex Blvd, Cobalt Park, Mobile	US
S1-001927	Orchid Packaging Incorporated	Opp. City Library, 21/40 Vertex Boulevard, Brightpath Park, Lubbock, CA	US
S1-001928	Meridian Electricals Limited Liability Company	93 Quarry Blvd, Ironwood Park, Tacoma, OH	USA
S1-001929	Meridian Electricals Limited Liability Company	196 Lantern Avenue Maplecrest Park Tacoma	United States
S1-001930	Stonebridge Onyx Motors Limited Liability Company	Northgate Road, Harbor Park, Fresno, 44742	United States
S1-001931	Stonebridge Onyx Motors Limited Liability Company	395 Onyx Road, Maplecrest Park, Fresno, IL, 10222	United States
S1-001932	Orchid Systems Private Limited	129 Cobalt Main Near SBI ATM Jaipur Tamil Nadu 767506	IN
S1-001933	Quarry Textiles Private Limited	Ironwood Nagar, Indore, 128689, Cobalt Marg	IN
S1-001934	Quarry Textiles Private Limited	203 Meridian Rd Cobalt Nagar Indore Rajasthan 150385	India
S1-001935	Lantern Maplecrest Foods Company	93 Redwood St, Lubbock, TX, 24574	US
S1-001936	Lantern Maplecrest Foods Company	9/76 Cobalt Boulevard, Bluepeak Park, Peoria, CA, 99292	United States
S1-001937	Orchid Industries Incorporated	115 Stonebridge Boulevard Silverline Park Austin	US
S1-001938	Maplecrest Motors Incorporated	393 Sunstone Ave, Peoria, TX, 65764	USA
S1-001939	Juniper Orchid Textiles Limited Liability Company	150 Lantern Ave, Peoria, OH	US
S1-001940	Ravenwood Chemicals Private Limited	231 Summit Road Ravenwood Nagar Pune 394099	India
S1-001941	Ravenwood Services Limited	158 Brightpath Street, Silverline Nagar, Coimbatore, 304386	India
S1-001942	Northgate Motors Company	75 Redwood Drive, Akron, 60128	United States
S1-001943	Ironwood Motors Limited	178 Silverline Cross, Redwood Nagar, Jaipur, 296853	India
S1-001944	Goldleaf Packaging Limited	182 Silverline Cross Pune Kerala 511189	India
S1-001945	Apex Systems Company	Redwood Boulevard, Maplecrest Park, Fresno	United States
S1-001946	Maplecrest Trading Limited	309 Meridian Marg, Silverline Nagar, Jaipur, Tamil Nadu, 151095	IN
S1-001947	Brightpath Industries Private Limited	12 Brightpath St, Kochi, Gujarat, 506204	India
S1-001948	Brightpath Industries Private Limited	20 Redwood Rd, Orchid Nagar, Indore	India
S1-001949	Cobalt Electricals Limited	330 Maplecrest Marg, Pune, Gujarat, 694891	IN
S1-001950	Maplecrest Fabrics Limited	186 Maplecrest Rd, Redwood Nagar, Pune, MP	India
S1-001951	Maplecrest Fabrics Limited	319 Stonebridge Rd, Pune, Kerala, 596643	India
S1-001952	Thistle Consultancy Company	204 Vertex Dr, Maplecrest Park, Tacoma, 89359	US
S1-001953	Thistle Consultancy Company	219 Brightpath Dr, Vertex Park, Akron, 15065	United States
S1-001954	Ironwood Enterprises Private Limited	Falcon St, Falcon Nagar, Nagpur, Kerala,  117387	IN
S1-001955	Stonebridge Industries Corporation	Juniper Boulevard, Thistle Park, Lubbock, WA, 60669	United States
S1-001956	Stonebridge Industries Corporation	396 Summit Boulevard, Thistle Park, Lubbock, 57197	United States
S1-001957	Silverline Systems Private Limited	200 Apex Street, Indore, 853463	IN
S1-001958	Ravenwood Solutions Incorporated	25/29 Harbor Ave Vertex Park Lubbock OH 23527	US
S1-001959	Lantern Industries Corporation	275 Apex St, Maplecrest Park, Tacoma, CA, 54544	USA
S1-001960	Summit Chemicals Private Limited	244 Apex Street Apex Nagar Indore	IN
S1-001961	Silverline Packaging Private Limited	351 Quarry Street, Opp. Bus Depot, Kochi	IN
S1-001962	Northgate Motors Company	236 Bluepeak Drive, Thistle Park, Tacoma	US
S1-001963	Northgate Motors Company	15/7  Juniper Dr, Northgate Park, Tacoma, 84422	United States
S1-001964	Quarry Lantern Textiles Incorporated	267 Falcon Boulevard, Austin	United States
S1-001965	Apex Enterprises Private Limited	4/14 Stonebridge Main, Redwood Nagar, Coimbatore, Rajasthan	India
S1-001966	Brightpath Motors Incorporated	Behind the Civic Center, Goldleaf St, Austin, WA, 35470	United States
S1-001967	Northgate Logistics Private Limited	70 Ravenwood Rd, Brightpath Nagar, Jaipur, Tamil Nadu, 321047	India
S1-001968	Vertex Foods Limited	217 Norhtgate Cross, Clearwater Nagar, Indore, Tamil Nadu	IN
S1-001969	Stonebridge Summit Services Company	381 Vertex Boulevard Akron CA 24266	US
S1-001970	Stonebridge Industries Private Limited	Near SBI ATM 17 Harbor Road Indore Tamil Nadu	India
S1-001971	Onyx Logistics Limited Liability Company	274 Bluepeak Road, Orchid Park, Tacoma, OH, 77847	US
S1-001972	Meridian Motors Private Limited	38/87 Lantern Main, Sunstone Nagar, Opp. Bus Depot, Coimbatore, 935215	India
S1-001973	Meridian Motors Private Limited	277 Northgate Marg, Northgate Nagar, Napur, Rajasthan, 773473	India
S1-001974	Juniper Packaging Private Limited	144 Silverline Marg Onyx Nagar Jaipur 779913	India
S1-001975	Juniper Packaging Private Limited	Ironwood Marg, Behind Ganesh Temple, Redwood Nagar, Jaipur, Kerala, 769850	IN
S1-001976	Sunstone Meridian Chemicals Private Limited	167 Northgate Mn, Near SBI ATM, Vertex Nagar, Surat, Kerala, 209674	IN
S1-001977	Ravenwood Chemicals Private Limited	182 Onyx Street, Jaipur, Gujarat	India
S1-001978	Ironwood Silverline Consultancy Company	301 Stonebridge Road, Opp. City Library, Akron, IL, 91106	USA
S1-001979	Silverline Stonebridge Trading Private Limited	173 Sunstone Marg Falcon Nagar Surat Kerala 437394	IN
S1-001980	Silverline Stonebridge Trading Private Limited	30/14 Vertex Main, Surat, Kerala, 161244	IN
S1-001981	Goldleaf Falcon Packaging Company	84 Summit Ave, Behind the Civic Center, Maplecrest Park, Akron, OH, 11815	USA
S1-001982	Clearwater Goldleaf Motors Company	344 Meridian Blvd, Bluepeak Park, Mobile, 98505	United States
S1-001983	Brightpath Foods Incorporated	177 Onyx Avenue Quarry Park Fresno 88711	USA
S1-001984	Stonebridge Enterprises Private Limited	204 Sunstone Cross, Maplecrest Nagar, Near Metro Pillar 42, Pune, Tamil Nadu	India
S1-001985	Brightpath Lantern Enterprises Company	166 Brightpath Avenue, Juniper Park, Lubbock, TX	USA
S1-001986	Falcon Kestrel Chemicals Limited Liability Company	42 Brightpath Road Peorai AL 44788	USA
S1-001987	Maplecrest Onyx Chemicals Corporation	198 Brightpath Road, Vertex Park, Opp. City Library, Akron, 35648	US
S1-001988	Harbor Enterprises Private Limited	26 Thistle Marg, Quarry Nagar, Coimbatore, Rajasthann, 815341	India
S1-001989	Summit Chemicals Private Limited	277 Meridian Crs Pune Tamil Nadu	India
S1-001990	Goldleaf Falcon Electricals Incorporated	317 Summit Dr, Meridiaan Park, Akron, OH	USA
S1-001991	Redwood Solutions Limited Liability Company	385 Summit Street, Near Exit 14, Stonebridge Park, Akron, 14237	United States
S1-001992	Silverline Enterprises Limited Liability Company	271 Maplecrest Avenue Sunstone Park Fresno	USA
S1-001993	Northgate Packaging Incorporated	386 Kestrel Rd, Tcaoma, 32792	USA
S1-001994	Apex Sunstone Fabrics Incorporated	Redwood Street, Ravenwood Park, Mobile, 57000	United States
S1-001995	Lantern Solutions Incorporated	Vertex Dr, Mobile, 63744	USA
S1-001996	Brightpath Textiles Limited	41 Juniper Cross,Goldleaf Nagar, Indore, 386439	IN
S1-001997	Summit Chemicals Incorporated	252 Sunstone Boulevard, Fresno, AL, 68548	US
S1-001998	Meridian Chemicals Private Limited	3 Orchid Rd, Stonebridge Nagar, Indore	India
S1-001999	Lantern Consultancy Private Limited	Near SBI ATM, 136 Northgate Main, Thistle Nagar, Pune, Maharashtra, 243025	India
S1-002000	Lantern Consultancy Private Limited	179 Harbor St, Summit Nagar, Pune	IN
S1-002001	Cobalt Foods Incorporated	42 Apex Blvd, Cobalt Park ,Mobile, 41678	United States
S1-002002	Silverline Foods Corporation	16/7 Brightpath Blvd, Lubbock, CA, 57247	United States
S1-002003	Redwood Textiles Corporation	69 Cobalt Dr, Juniper Park, Austin, TX, 47285	United States
S1-002004	Stonebridge Northgate Foods Private Limited	18/35 Ravenwood Marg, 869322, Nagpur	India
S1-002005	Summit Logistics Private Limited	191 Sunstone St, Opp. Bus Depot, Lantern Nagaar, Coimbatore, MP, 484627	IN
S1-002006	Vertex Motors Private Limited	90 Silverline Road, Kochi	IN
S1-002007	Vertex Motors Private Limited	Opp. Bus Depot, 23 Bluepeak Main, Kochi, Gujarat, 556493	India
S1-002008	Brightpath Quarry Foods Limited	Apex Rd Behind Ganesh Temple Meridian Nagar Nagpur	IN
S1-002009	Vertex Motors Incorporated	151 Apex vAenue, Akron	United States
S1-002010	Stonebridge Chemicals Limited Liability Company	353 Quarry Drive, Fresno, 93376	United States
S1-002011	Vertex Packaging Limited	340 Thistle Marg Bluepeak Nagar Near SBI ATM Nagpur	India
S1-002012	Onyx Fabrics Limited	269 Bluepeak Mn, Nagpur, MP, 712650	IN
S1-002013	Onyx Fabrics Limited	11 Vertex Marg, Thistle Nagar, Coimbatore,, MP, 271405	India
S1-002014	Redwood Consultancy Limited	147 OOrchid St, Falcon Nagar, Coimbatore, Maharashtra, 921908	IN
S1-002015	Falcon Foods Private Limited	289 Juiper Marg, Opp. Bus Depot, Coimbatore, 902267	India
S1-002016	Cobalt Textiles Limited	29 Northgate Marg Goldleaf Nagar Near Metro Pillar 42 Kochi 173619	India
S1-002017	Redwood Fabrics Incorporated	263 Brightpath Rd, Ravenwood Park, Mobile, 67648	United States
S1-002018	Falcon Cobalt Chemicals Private Limited	340 Clearwater Street, Thistle Nagar, Near SBI ATM, Nagpur, 872044	India
S1-002019	Quarry Apex Chemicals Incorporated	343 Silverline Avenue, Bluepeak Park, Peoria	United States
S1-002020	Harbor Fabrics Company	251 Apex Road, Silverline Park, TX, Fresno	USA
S1-002021	Harbor Fabrics Company	137 Redwood R, Kestrel Park, Fresno, OH	United States
S1-002022	Summit Textiles Private Limited	354 Silverline Road, Nagpur, Kerala, 838738	IN
S1-002023	Meridian Services Limited Liability Company	Thistle Boulevard, Lubbock, OH, 22868, Sunstone Park	United States
S1-002024	Meridian Services Limited Liability Company	15/45 Falcon Boulevard, Vertex Park, Lubbock, 26677	USA
S1-002025	Stonebridge Textiles Incorporated	41 Northgate Drive, Clearwater Park, Austin, AL, 42289	United States
S1-002026	Redwood Motors Incorporated	46 Apex Drive, Quarry Park, Mobile ,AL	USA
S1-002027	Apex Electricals Corporation	19 Redwood Rd, Maplecrest Park, Fresno, OH	United States
S1-002028	Apex Electricals Corporation	318 Brightpath Drive Tacoma 80355	United States
S1-002029	Kestrel Services Company	Behind thhe Civic Center, 27/6 Silverline Dr, Lubbock, IL, 80030	United States
S1-002030	Kestrel Services Company	123 Latern Boulevard, Austin, WA, 87393	USA
S1-002031	Lantern Trading Incorporated	156 Summit Ave, Lubbock, IL	US
S1-002032	Redwood Sunstone Solutions Incorporated	Behind the Civic Center, 84 Kestrel Drive, Goldleaf Park, TX, 75130, Akron	United States
S1-002033	Onyx Industries Company	344 Redwood Road Fresno CA 73513	USA
S1-002034	Kestrel Trading Limited Liability Company	322 Stonebridge Avenue Redwood Park Mobile OH 34652	United States
S1-002035	Orchid Foods Incorporated	76 Bluepeak Ave, Opp. City Library, Orchid Park, Austin, WA	United States
S1-002036	Bluepeak Chemicals Incorporated	Ravenwood Avenue, Vertex Park, Peoria	USA
S1-002037	Maplecrest Logistics Corporation	103 Stonebridge Boulevard Apex Park Fresno CA	US
S1-002038	Thistle Foods Company	169 Orchid Road Silverline Park Fresno 60633	USA
S1-002039	Northgate Motors Private Limited	265 Brightpath St Kestrel Nagar Kochi MP 149164	IN
S1-002040	Northgate Motors Private Limited	Cobalt Street, Harbor Nagar, Kochi, 335524	IN
S1-002041	Bluepeak Logistics Limited Liability Company	Meridian Drive, Mobile, AL, 55477	US
S1-002042	Sunstone Vertex Electricals Limited Liability Company	341 Apex Rd, Tacoma, TX, 34276	US
S1-002043	Stonebridge Industries Limited	326 Sunstone Marg Thistle Nagar Jaipur	IN
S1-002044	Stonebridge Industries Limited	323 Harbor St, Vertex Nagar, Jaipur, 703226	India
S1-002045	Harbor Chemicals Corporation	191 Silverline Ave, Bluepeak Park, Austin, 26193	USA
S1-002046	Harbor Chemicals Corporation	303 Summit Blvd, Lantern Park, Austin, 52308	US
S1-002047	Redwood Packaging Corporation	Vertex Park, Mobile, 56128, 165 Apex Street	United States
S1-002048	Onyx Consultancy Limited	184 Thistle Crs, Bluepeak Nagar, Nagpur	IN
S1-002049	Vertex Fabrics Company	277 Onyx Rd, Silverline Park, Opp. City Library, Fresno, 1740	US
S1-002050	Ravenwood Foods Limited	341 Silverline Cross, Thistle Nagar, Surat, 950898	India
S1-002051	Thistle Chemicals Incorporated	313 Bluepeak Road, Bluepeak Park, Akron	US
S1-002052	Thistle Chemicals Incorporated	32/46 Quarry Rd, Cobalt Park, Near Exit 14, Akron	USA
S1-002053	Lantern Fabrics Private Limited	Ravenwood Rd, Sunstonee Nagar, Jaipur	IN
S1-002054	Stonebridge Solutions Private Limited	322 Bulepeak Rd, Silverline Nagar, Surat, Gujarat	IN
S1-002055	Maplecrest Motors Limited Liability Company	5 Goldleaf Boulevard, Austin, CA, 85966	US
S1-002056	Maplecrest Motors Limited Liability Company	367 Juniper Blvd, Behind the Civic Center,  Brightpath Park, Austin, CA	USA
S1-002057	Sunstone Chemicals Private Limited	338 Apex Marg, Vertex Nagar, Jaipur, MP, 370726	IN
S1-002058	Clearwater Brightpath Trading Incorporated	Near Exit 14, 304 Kestrel Street, Mobile, TX, 64200	USA
S1-002059	Ironwood Northgate Solutions Limited	28 Clearwater Marg Harbor Nagar Jaipur	India
S1-002060	Orchid Fabrics Limited Liability Company	66 Thistle Road, Thistlle Park, Fresno, 17633	United States
S1-002061	Clearwater Electricals Private Limited	311 Brightpath Road, Onyx Nagar, Jaipur, Tamil Nadu, 621621	India
S1-002062	Silverline Falcon Motors Company	Stonebridge St, Mobile, AL, 74720, Maplecrest Park	USA
S1-002063	Silverline Falcon Motors Company	337 Apex Drive, Summit Park, Mobile, 16272	USA
S1-002064	Onyx Industries Limited	Bluepeak Nagar Kochi 586406 Brightpath Crs	IN
S1-002065	Onyx Industries Limited	70 Redwood Mn, Near Metro Pillar 42, Redwood Nagar, Surat, Kerala, 285996	India
S1-002066	Meridian Motors Private Limited	38 Kestrel Main Near SBI ATM Bluepeak Nagar Kochi	India
S1-002067	Quarry Foods Incorporated	183 Northgate Dr, Orchid Park, Peoria, AL	United States
S1-002068	Thistle Trading Company	14/32 Silverline Dr, Vertex Park, Fresno	United States
S1-002069	Ironwood Systems Corporation	338 Clearwater Blvd, Stonebridge Park, Mobile, TX, 34294	United States
S1-002070	Juniper Electricals Incorporated	36/79 Apex Dr Fresno	USA
S1-002071	Orchid Redwood Electricals Incorporated	217 Silverline Road, Harbor Park, Fresno, 21934	United States
S1-002072	Onyx Electricals Private Limited	Near SBI ATM, 301 Sunstone Crs, Surat, Maharashtra	India
S1-002073	Onyx Electricals Private Limited	105 Silverline St, Sunstone Nagar, Surat, Kerala, 860514	IN
S1-002074	Apex Electricals Limited	161 Sunstone Main, Goldleaf Nagar, Pune, MP, 306426	India
S1-002075	Apex Electricals Limited	Near Metro Pillar 42, 314 Cobalt Cross, Kochi, 661807	India
S1-002076	Cobalt Industries Limited Liability Company	173 Northgate Street, ehind the Civic Center, Redwood Park, Lubbock, AL, 14792	US
S1-002077	Stonebridge Electricals Private Limited	56Bluepeak Main, Meridian Nagar, Surat, Gujarat, 383275	India
S1-002078	Apex Consultancy Private Limited	339 Stonebridge Mn, Indore, Gujarat	India
S1-002079	Kestrel Electricals Company	127 Maplecrest Avenue Silverline Park Akron WA	US
S1-002080	Harbor Motors Private Limited	169 Juniper Crs, Northgate Nagar, Pune, Maharashtra, 998034	India
S1-002081	Brightpath Textiles Corporation	13/15 Quarry Street Vertex Park Behind the Civic Center Austin TX	USA
S1-002082	Silverline Textiles Private Limited	188 Juniper Main, Pune, Tamil Nadu, 714101	IN
S1-002083	Brightpath Enterprises Limited Liability Company	199 Ironwood Ave Akron AL 60106	United States
S1-002084	Ironwood Motors Corporation	358 Ravenwood Blvd, Sunstone Park, Tacoma, CA	US
S1-002085	Onyx Logistics Private Limited	89 Silverline Road Onyx Nagar Coimbatore 779673	IN
S1-002086	Redwood Orchid Enterprises Limited Liability Company	Behind the Civic Center 396 Falcon Boulevard Northgate Park Fresno 16149	US
S1-002087	Redwood Orchid Enterprises Limited Liability Company	334 Orchid Rd, Vertex Park, Fresno	United States
S1-002088	Vertex Sunstone Solutions Limited	8/9 Goldleaf Crs, Quarry Nagar, Indore, 731754	IN
S1-002089	Summit Thistle Electricals Company	139 Vertex Blvd, Akron, CA,, 36914	US
S1-002090	Vertex Chemicals Corporation	79 Kestrel Road, Summit Park, Tacoma, AL, 224434	USA
S1-002091	Meridian Chemicals Incorporated	17 Falcon Avenue, Sunstone Park, Opp. City Library, Fresno, TX, 14597	USA
S1-002092	Bluepeak Motors Private Limited	218 Falcon St, Ravenwood Nagar, aNgpur, Kerala, 957458	India
S1-002093	Bluepeak Motors Private Limited	80 Quarry Cross Silverline Nagar Nagpur MP 527905	India
S1-002094	Goldleaf Motors Private Limited	220 Meridian Marg, Bluepeak Nagar, Kochi, Gujarat, 762528	IN
S1-002095	Goldleaf Motors Private Limited	241 Goldleaf Main, Indore, Maharashtra	IN
S1-002096	Juniper Industries Private Limited	86 Clearwater Main, Falcon Nagar, Nagpur, Rajasthan, 133860	India
S1-002097	Juniper Industries Private Limited	Thistle Street Lantern Nagar Kochi Gujarat 621329	India
S1-002098	Silverline Consultancy Limited	187 Silverline Marg Ravenwood Nagar Coimbatore	IN
S1-002099	Silverline Electricals Limited	113 Juniper Street Maplecrest Nagar Surat 984677	IN
S1-002100	Goldleaf Electricals Private Limited	281 Juniper Cross Maplecrest Nagar Surat 988867	India
S1-002101	Quarry Electricals Corporation	7 Orchid Drive, Goldleaf Park, Austin, WA	US
S1-002102	Quarry Electricals Corporation	382 Redwood Street, Cobalt Park, Austin, AL, 53787	US
S1-002103	Lantern Onyx Enterprises Private Limited	301 Ironwood St, Ironwood Nagar, Kochi, Maharashtra, 487588	IN
S1-002104	Thistle Systems Limited	23/81 Vertex Crs, Falcon Nagar, Near Metro Pillar 42, Jaipur, 128967	IN
S1-002105	Falcon Systems Corporation	12 Harbor Avenue Brightpath Park Akron 99709	USA
S1-002106	Falcon Systems Corporation	106 Quarry Rd, Mobile	US
S1-002107	Meridian Industries Limited	287 Onyx Marg, Near Metro Pilla 42, Kochi, 152202, Maharashtra	IN
S1-002108	Bluepeak Summit Fabrics Limited	Near SBI ATM, 52 Goldleaf Marg, Harbor Nagar, Kochi	IN
S1-002109	Sunstone Foods Incorporated	4 Quarry Drive, Northgate Park, Austin, 91460	USA
S1-002110	Sunstone Foods Incorporated	35 Quarry Ave, Stonebridge Park, OH, 37011, Austin	US
S1-002111	Bluepeak Motors Private Limited	319 Clearwatre Crs, Kochi, MP, 823313	India
S1-002112	Bluepeak Motors Private Limited	227 Juniper Cross, Summit Nagar, Surat, 863281	India
S1-002113	Juniper Thistle Foods Limited	327 Juniper Cross, Apex Nagar, Surat	India
S1-002114	Lantern Motors Limited	340 Cobalt Crs, Indore	IN
S1-002115	Lantern Meridian Enterprises Limited	Stonebridge Nagar, Kochi, Rajasthan, 823802, 273 Goldleaf Crs	IN
S1-002116	Apex Solutions Private Limited	Near Metro Pillar 42, 19/6 Orchid Mn, Quarry Nagar, Surat, Tamil Nadu, 618769	India
S1-002117	Apex Solutions Private Limited	Bluepeak Nagar, Surat, Rajasthan, 369 Lantern Rd	India
S1-002118	Falcon Electricals Private Limited	265 Silverline Cross, Behind Ganesh Temple, Surat, Rajasthan	IN
S1-002119	Falcon Electricals Private Limited	255 Ravenwood Crs, Near SBI ATM, Surat	India
S1-002120	Quarry Services Company	278 Orchid Avenue Opp. ity Library Meridian Park Austin	US
S1-002121	Vertex Electricals Limited Liability Company	88 Ravenwood Drive, Falcon Park, Akron, 29309	US
S1-002122	Vertex Electricals Limited Liability Company	255 Redwood Ave, Behind the Civic Center, Harbor Park, Akron	US
S1-002123	Harbor Goldleaf Logistics Limited Liability Company	362 Onyx Avenue, Near Exit 14, Meridian Park, Akron, TX, 69560	US
S1-002124	Harbor Goldleaf Logistics Limited Liability Company	305 Ravenwood Ave, Goldleaf Park, Peoria, 99768	United States
S1-002125	Stonebridge Trading Limited	267 Ironwood Marg, Apex Nagar, Surat, Gujarat, 721882	India
S1-002126	Kestrel Systems Limited Liability Company	359 Northgate Boulevard, Near Exit 14, Brightpath Park, Fresno	United States
S1-002127	Maplecrest Packaging Limited Liability Company	29/65 Quarry Ave, Vertex Park, Austin, 65205	USA
S1-002128	Thistle Motors Private Limited	Mapllecrest Nagar, Kochi, MP, 240 Lantern Cross	IN
S1-002129	Goldleaf Trading Limited	232 Clearwater Mn, Coimbatore, Maharashtra	India
S1-002130	Onyx Lantern Logistics Incorporated	20 Brightpath Avenue,F alcon Park, Tacoma, 47322	United States
S1-002131	Onyx Lantern Logistics Incorporated	Lantern Park, Lubbock, AL, 80308, 176 Onyx Road	US
S1-002132	Brightpath Solutions Limited	81 Thistle Marg, Near Metro Pillar 42, Brightpath Nagar, Surat, 606094	India
S1-002133	Stonebridge Electricals Company	76 Apex Dr, Vertex Park, Austin, 37153	US
S1-002134	Lantern Motors Limited	125 Harbor St, Summit Nagar, Indore, 915948	India
S1-002135	Silverline Textiles Private Limited	36 Northgate Marg, Redwood Nagar, Surat, Rajasthan, 953266	IN
S1-002136	Silverline Textiles Private Limited	295 Harbor Crs, Surat, Rajasthan	IN
S1-002137	Thistle Enterprises Corporation	145 Quarry Ave, Clearwater Park, Mobile, CA, 13118	USA
S1-002138	Apex Vertex Industries Incorporated	291 Bluepeak St, Summit Park, Fresno, OH	United States
S1-002139	Harbor Sunstone Trading Limited Liability Company	92 Lantern St Lantern Park TX 68351 Mobile	USA
S1-002140	Harbor Sunstone Trading Limited Liability Company	133 Harbor Boulevard Mobile 55368	US
S1-002141	Vertex Fabrics Private Limited	370R avenwood Crs, Apex Nagar, Indore, Gujarat	India
S1-002142	Goldleaf Systems Company	382 Harbor Road, Onyx Park, Austin, CA, 93404	United States
S1-002143	Harbor Onyx Services Corporation	88 Maplecrest Street Opp. City Library Mobile AL 60332	US
S1-002144	Harbor Onyx Services Corporation	120 Clearwater Blvd Thistle Park Akron OH	US
S1-002145	Maplecrest Silverline Electricals Private Limited	336 Harbor Marg, Jaipur, 864261	India
S1-002146	Clearwater Enterprises Incorporated	35 Brightpath Dr, Juniper Park, Lubbock, AL	US
S1-002147	Lantern Meridian Systems Incorporated	32 Ravenwood Avenue, Goldleaf Park, Near Exit 14, Lubbock, CA	US
S1-002148	Falcon Textiles Private Limited	Bluepeak Road, Kestrel Nagar, Surat, Tamil Nadu	India
S1-002149	Goldleaf Ravenwood Solutions Corporation	44 Quarry Rd, Redwood Park, Austin	United States
S1-002150	Thistle Solutions Corporation	Behind the Civic Center 271 Quarry Avenue Stonebridge Park Lubbock 16593	United States
S1-002151	Vertex Electricals Private Limited	341 unstone Marg Northgate Nagar Indore 699665 Rajasthan	India
S1-002152	Vertex Redwood Packaging Private Limited	Near SBI ATM, 107 Vertex Rd, Redwwood Nagar, Pune, 464948	India
S1-002153	Vertex Redwood Packaging Private Limited	16 Cobalt Street, Juniper Nagar, Near Metro Pillar 42, Coimbatore, 277741	IN
S1-002154	Lantern Electricals Private Limited	47 Orchid St, Surat, Rajasthan, 906639	IN
S1-002155	Northgate Packaging Limited	161 Thistle Cross Pune MP	India
S1-002156	Sunstone Packaging Limited Liability Company	279 Summit Blvd, Northgate Park, Lubbock, TX, 68276	US
S1-002157	Clearwater Logistics Corporation	Near Exit 14 115 Ironwood Street Goldleaf Park Fresno	USA
S1-002158	Apex Clearwater Fabrics Limited	65 Northgate Rd, Ironwood Nagar, Coimbatore, 882475	India
S1-002159	Silverline Foods Private Limited	14 Ketrel Main Ironwood Nagar Nagpur 830383	India
S1-002160	Silverline Foods Private Limited	344 Summit Marg, Nagpur, Maharashtra	IN
S1-002161	Northgate Systems Corporation	94 Ravenwood Boulevard, Behind the Civic Center, Kestrel Park, Fresno, WA	USA
S1-002162	Juniper Motors Limited Liability Company	327 Harbro Rd, Akron, 95024	US
S1-002163	Harbor Fabrics Corporation	15/44 Maplecrest Boulevard Northgate Park Behind the Civic Center Lubbock 95329	US
S1-002164	Clearwater Industries Corporation	28 Redwood Rd, Near Exit 14, Harbor Park, Akron	US
S1-002165	Clearwater Industries Corporation	111 Cobalt Blvd, Clearwater Park, Tacoma, CA, 70696	United States
S1-002166	Goldleaf Electricals Company	191 Apex Boulveard, Mobile	US
S1-002167	Harbor Services Limited	Behind Ganesh Temmple, 306 Quarry Cross, Falcon Nagar, Pune, Rajasthan, 242248	IN
S1-002168	Quarry Services Limited	191 Goldleaf St, Vertex Nagar, Coimbatore, Rajasthan, 522236	IN
S1-002169	Harbor Systems Company	263 Redwood Boulevard, Orchid Park, Lubbock, CA, 35141	United States
S1-002170	Ironwood Chemicals Company	Behind the Civic Center, 264 Vertex Road, Maplecrest Park, Peoria	USA
S1-002171	Brightpath Packaging Private Limited	296 Brightpath Rd, Juniper Nagar, Pune, Kerala	IN
S1-002172	Cobalt Cobalt Chemicals Company	Behind the Civic Center, 68 Falcon Dr, Bluepeak Park, Tacoma, 13239	United States
S1-002173	Falcon Industries Private Limited	Apex St, Quarry Nagar, Nagpur, Kerala, 200693	IN
S1-002174	Falcon Onyx Trading Company	15/6 Juniper D, Summit Park, Austin, AL, 29664	US
S1-002175	Kestrel Services Corporation	Near Exit 14, Lubbock, 65539, 385 Quarry Road	US
S1-002176	Redwood Industries Limited Liability Company	332 Goldleaf Boulevard Lantern Park Fresno 55558	United States
S1-002177	Falcon Solutions Corporation	162 Vertex Avenue, Tacoma, WA	USA
S1-002178	Kestrel Chemicals Private Limited	346 Onyx Mn, Jaipur, Gujarat, 593614	India
S1-002179	Northgate Logistics Limited	45 Juniper Cross, Lantern Nagar, Pune, Tamil Nadu, 699615	India
S1-002180	Thistle Cobalt Enterprises Limited	12/10 Summit Main, Kestrel Nagar, Surat, 807805	IN
S1-002181	Ravenwood Industries Incorporated	Stonebridge Park, Mobile, CA, 64278, 201 Brightpath Drive	United States
S1-002182	Meridian Industries Limited	Ironwood Cross, Stonebridge Nagar, Pune, Rajasthan	India
S1-002183	Bluepeak Logistics Company	252 Orchid Drive, Malecrest Park, Near Exit 14, Lubbock, CA, 23483	USA
S1-002184	Meridian Textiles Incorporated	245 Harbor Ave, Brightpath Park, Peoria	United States
S1-002185	Thistle Consultancy Corporation	Fresno, OH, 65027, 396 Northgate Dr	United States
S1-002186	Kestrel Industries Company	148 Stonebridge Ave, Fresno, AL	USA
S1-002187	Kestrel Industries Company	331 Ravenwood Boulevard, Fresno	US
S1-002188	Northgate Harbor Chemicals Private Limited	Near SBI ATM 38/52 Meridian Mn Surat Tamil Nadu	India
S1-002189	Northgate Harbor Chemicals Private Limited	228 Onyx Crs Surat Kerala 296340	IN
S1-002190	Ravenwood Stonebridge Packaging Corporation	332 Juniper Avenue, Vertex Park, 41444, Mobile	USA
S1-002191	Ravenwood Stonebridge Packaging Corporation	262 Cobalt Rd Redwood Park Mobile IL	USA
S1-002192	Brightpath Textiles Incorporated	87 Ravenwood Road, Northgate Park, Fresno, AL	United States
S1-002193	Cobalt Solutions Limited Liability Company	380 GGoldleaf Ave, Stonebridge Park, Mobile, OH, 55569	USA
S1-002194	Ravenwood Services Incorporated	377 Clearwater Blvd Kestrel Park Fresno WA 66283	United States
S1-002195	Ravenwood Services Incorporated	Opp. City Library, 176 Clearwater Drive, Falcon Park, Austin, 91706	United States
S1-002196	Kestrel Systems Limited	349 Silverlie Street, Maplecrest Nagar, Pune	India
S1-002197	Clearwater Consultancy Incorporated	Cobalt Rd, Silverline Park, Akron	USA
S1-002198	Bluepeak Textiles Corporation	35 Orchid Dr, Brightpath Park, Mobile, IL, 81860	USA
S1-002199	Clearwater Apex Systems Corporation	Behind the Civic Center, 14 Lantern Dr, Lubbock, OH, 81228	USA
S1-002200	Bluepeak Cobalt Chemicals Corporation	Summit Park, Fresno, 97032, Kestrel Boulevard	US
S1-002201	Vertex Motors Incorporated	123 Silverline Ave, Apex Park, aTcoma, OH, 39452	United States
S1-002202	Goldleaf Trading Private Limited	257 Falcon Mn, Thistle Nagar, Nagpur, MP, 242752	IN
S1-002203	Silverline Foods Company	163 Northgate Dr,, Harbor Park, Fresno, CA, 32579	USA
S1-002204	Silverline Foods Company	14 Thistle Street Fresno	USA
S1-002205	Cobalt Enterprises Corporation	27/9 Apex Road, Clearwater Park, Akron, 42047	US
S1-002206	Ravenwood Foods Limited	334 Kestrel Rd, Thistle Nagar, Indore, 480113	IN
S1-002207	Bluepeak Services Incorporated	298 Harbor Drive Bluepeak Park Lubbock OH	US
S1-002208	Bluepeak Services Incorporated	Behind the Civic Centter, 390 Orchid Drive, Austin, WA, 93913	US
S1-002209	Vertex Consultancy Limited	318 Juniper Rd, Sunstone Nagar, Pune, Tamil Nadu, 533156	India
S1-002210	Lantern Electricals Corporation	19 Brightpath Drive, Mobile, IL	United States
S1-002211	Maplecrest Solutions Private Limited	Near Metro Pillar 42, 217 Ironwood Marg, Harbor Nagar, Coimbatore, Kerala, 672843	IN
S1-002212	Summit Motors Corporation	20 Stonberidge Avenue, Peoria, 40868	USA
S1-002213	Summit Motors Corporation	Opp. City Library, 101  Northgate Avenue, Peoria, TX	US
S1-002214	Clearwater Textiles Limited	298 Kestrel Rd, Junipr Nagar, Surat	India
S1-002215	Vertex Redwood Logistics Private Limited	Behind Ganesh Temple, 278 Clearwater Main, Kochi, Gujarat, 504852	India
S1-002216	Thistle Motors Corporation	183 Vertex Ave, Redwood Park, Lubbock, IL, 84622	United States
S1-002217	Thistle Motors Corporation	Juniper Ave, Silverlin ePark, Austin	United States
S1-002218	Cobalt Quarry Consultancy Private Limited	46 Bluepeak Road, Apex Nagar, Nagpur, MP	India
S1-002219	Sunstone Industries Private Limited	203 Apex Crs, Orchid Nagar, Pune, 946783	India
S1-002220	Brightpath Brightpath Packaging Private Limited	171 Lantern Main Meridian Nagar Opp. Bus Depot Nagpur Gujarat 393499	IN
S1-002221	Silverline Electricals Corporation	174 Quarry Dr, Brightpath Park, Mobile	United States
S1-002222	Orchid Thistle Solutions Corporation	13/64 Bluepeak Boulevard Bluepeak Park Mobile CA	United States
S1-002223	Orchid Thistle Solutions Corporation	290 Juniper Blvd, Bluepeak Park, Austin, CA, 28389	United States
S1-002224	Sunstone Cobalt Foods Private Limited	Apex Road, Behind Ganesh Temple, Onyx Nagar, Surat, Kerala, 947189	India
S1-002225	Clearwater Fabrics Company	Opp. City Library 252 Cobalt Avenue Harbor Park Peoria OH 67300	USA
S1-002226	Brightpath Electricals Limited	399 Sunstone Mn, Jaipur, Rajasthan, 277490	India
S1-002227	Sunstone Services Limited Liability Company	191 Clearwater Avenue, Mobile, WA, 78307	United States
S1-002228	Meridian Foods Incorporated	377 Goldleaf Avenue, Kestrel Park, Akron, OH, 36118	United States
S1-002229	Meridian Foods Incorporated	268 Cobalt Avenue, Ravenwood Park, Behind the Civic Center, Akron, 83671	United States
S1-002230	Lantern Brightpath Motors Corporation	Sunstone Blvd Meridian Park Lubbock 42972	US
S1-002231	Lantern Brightpath Motors Corporation	251 Northgate Rd, HarborPark, Tacoma	USA
S1-002232	Falcon Motors Incorporated	368 Juniper Drive, Onyx Park, Mobile	USA
S1-002233	Ravenwood Consultancy Limited Liability Company	104 Meridian Drive, Goldleaf Park, Fresno, 67259	US
S1-002234	Juniper Chemicals Incorporated	Harbor Park Opp. City Library Austin CA 85351 242 Harbor Ave	USA
S1-002235	Vertex Foods Limited Liability Company	53 Apex Boulevard, Juniper Park, Austin, CA, 58190	USA
S1-002236	Cobalt Trading Private Limited	239 Juniper St, Near Metro Pillar 42, Coimbatore, 888101	India
S1-002237	Summit Consultancy Incorporated	Behind the Civic Center 45 Silverline Dr Peoria IL 64453	US
S1-002238	Summit Consultancy Incorporated	13 6Orchid Blvd, Northgate Park, Austin, CA	US
S1-002239	Ironwood Sunstone Consultancy Limited Liability Company	369 Bluepeak Rd, Lubbock	USA
S1-002240	Sunstone Logistics Limited Liability Company	302 Orchid Street Lantern Park Fresno WA	US
S1-002241	Falcon Logistics Limited	23/1 Cobalt Crs Clearwater Nagar Behind Ganesh Temple Nagpur MP 525320	IN
S1-002242	Goldleaf Chemicals Private Limited	Thistle Road, 973452, Surat	IN
S1-002243	Redwood Packaging Corporation	347 Ravenwood Rd, Onyx Park, Fresno	United States
S1-002244	Juniper Textiles Private Limited	173 Meridian St, Pune, Gujarat, 483758	IN
S1-002245	Meridian Orchid Motors Incorporated	295 Falcon Blvd, Onyx Park, Peoria, OH, 5723	US
S1-002246	Falcon Packaging Company	211 Clearwater Road, Akron, IL, 21344	United States
S1-002247	Juniper Motors Company	28 Onyx St, Sunstone Park, Tacoma, CA, 42962	USA
S1-002248	Vertex Textiles Incorporated	184 Silverline Road, Clearwater Park, Tacoma, AL	United States
S1-002249	Northgate Textiles Private Limited	Near Metro Pillar 42, 31 Lantern Crs, Jaipur, Rajasthan	India
S1-002250	Northgate Textiles Private Limited	Summit Nagar Surat Rajasthan 128454 151 Orchid Mn	IN
S1-002251	Kestrel Enterprises Limited	372 Brightpath Marg, Surat, 529175	India
S1-002252	Kestrel Enterprises Limited	155 Goldleaf Main, Goldleaf Nagar, Jaipur ,MP, 102205	IN
S1-002253	Onyx Motors Limited	343 Apex Rd, Coimbatore, MP, 828815	IN
S1-002254	Northgate Enterprises Private Limited	77 Quarry Marg, Sunstone Nagar, Pune, 836300	IN
S1-002255	Northgate Enterprises Private Limited	325 Brightpath Street, Lantern Nagar, Pune, 577465	India
S1-002256	Juniper Electricals Private Limited	117 Harbor Marg Kestrel Nagar Kochi Kerala 969100	IN
S1-002257	Maplecrest Services Corporation	27 Apex Rd, Orchid Park, Akron, 33064	USA
S1-002258	Harbor Services Private Limited	319 Bluepeak Street, Nagpur, 298685	India
S1-002259	Harbor Services Private Limited	Near SBI ATM, 232 Brightpath Mn, Nagpur, Tamil Nadu	IN
S1-002260	Kestrel Chemicals Corporation	193 Cobalt Drive, Ravenwood Park, Austin, IL	US
S1-002261	Ravenwood Goldleaf Fabrics Incorporated	157 Bluepeak Drive, Lubbock, WA, 20278	United States
S1-002262	Meridian Solutions Limited Liability Company	365 Onyx Avenue, Sunstone Park, Peoria, AL, 51696	USA
S1-002263	Sunstone Systems Limited Liability Company	Ravenwood Road, Meridian Park, Opp. City Library, Fresno, OH	US
S1-002264	Summit Harbor Packaging Company	398 Juniper Boulevard, Near Exit 14, Akron	United States
S1-002265	Summit Harbor Packaging Company	117 Ironwood Road, Behind the Civic Center, Tacoma, WA	USA
S1-002266	Thistle Textiles Company	280 Harbor Drive Mobile TX	United States
S1-002267	Thistle Textiles Company	342V ertex Rd, Meridian Park, Mobile, AL, 56724	US
S1-002268	Redwood Clearwater Solutions Company	296 Ravenwwood St, Fresno	US
S1-002269	Ironwood Maplecrest Chemicals Limited	64 Lantern Marg, Orchid Nagar, Near Metro Pillar 42, Nagpur, Kerala	IN
S1-002270	Apex Trading Company	338 Ironwood Road, Juniper Park, Fresno, TX, 83028	USA
S1-002271	Brightpath Redwood Consultancy Private Limited	352 Vertex Cross, Stonebridge Nagar, Kochi, MP, 955885	IN
S1-002272	Lantern Enterprises Company	63 Vertex Road, Ironwood Park, Fresno, TX, 96141	USA
S1-002273	Kestrel Trading Limited Liability Company	Behind the Civic Center, 151 Sunstone Avenue, Redwood Park, Mobile, 63717	United States
S1-002274	Kestrel Trading Limited Liability Company	384 Sunstone Rd, Quarry Park, Mobile, 94886	United States
S1-002275	Maplecrest Textiles Private Limited	Near Metro Pillar 42, 250 Northgate Cross, Summit Nagar, Nagpur, Rajasthan, 751299	India
S1-002276	Maplecrest Textiles Private Limited	300 Quarry Marg, Nagpur, Tamil Nadu, 568881	IN
S1-002277	Quarry Electricals Company	30 Falcon Street, Near Exitt 14, Akron, CA, 43975	US
S1-002278	Quarry Electricals Company	199 Harbor Road Ravenwood Park Opp. City Library Mobile 60797	United States
S1-002279	Kestrel Meridian Logistics Incorporated	20/17 Ironwood Boulevard Mpalecrest Park Peoria IL	United States
S1-002280	Goldleaf Consultancy Private Limited	353 Apex Main, Near Metro Pillar 42, Orchid Nagar, Kochi	IN
S1-002281	Goldleaf Electricals Private Limited	318 Quarry Mn, Behind Ganesh Temple, Goldleaf Nagar, Indore, Maharashtra, 497580	IN
S1-002282	Ravenwood Packaging Corporation	Near Exit 14, 74 Ravenwood Street, Meridian Park, Mobile, IL, 11647	US
S1-002283	Juniper Packaging Limited	377 Clearwater Street, Kochi, 727934	IN
S1-002284	Juniper Packaging Limited	240 Northgate Road, Vertex Nagar, Opp. Bus Depot, Surat, Gujarat, 150822	IN
S1-002285	Onyx Fabrics Corporation	173 Juniper Boulevard, Ironwood Park, Austin, 66699	USA
S1-002286	Redwood Logistics Company	126 Thistle Blvd, Akron, WA	USA
S1-002287	Falcon Solutions Corporation	Clearwater Park Akron 97759 394 Goldleaf Road	US
S1-002288	Cobalt Electricals Private Limited	371 Harbor Cross Surat	India
S1-002289	Ravenwood Electricals Limited	143 Summit St, Ravenwood Nagar, Coimbatore, Kerala	IN
S1-002290	Onyx Electricals Company	Behind the Civic Center, Maplecrest Street, Austin, 38212	USA
S1-002291	Bluepeak Solutions Private Limited	115 Apex Crs, Ironwood Nagar, Jaipur, Kerala, 798986	India
S1-002292	Bluepeak Solutions Private Limited	Rewood Nagar, Pune, Kestrel Marg	IN
S1-002293	Quarry Systems Private Limited	20/17 Redwood Street, Orchid Nagar, Kochi, Kerala, 534140	IN
S1-002294	Vertex Enterprises Limited Liability Company	397 Quarry Avenue, Behind the Civic Center, Peoria, AL, 56724	United States
S1-002295	Cobalt Fabrics Private Limited	240 Lantern St, Silverline Nagar, Surat, 164122	IN
S1-002296	Clearwater Packaging Limited	Near Metro Pillar 42, 353 Cobalt Rd, Thistle Nagar, Pune, 636156	India
S1-002297	Clearwater Packaging Limited	48 Cobalt Crs, BluepeakNagar, Pune, Gujarat, 153500	India
S1-002298	Juniper Packaging Private Limited	73 Vertex Crs, Brightpath Nagar, Surat, Rajasthan, 156176	IN
S1-002299	Thistle Textiles Incorporated	78 Ironwood Av eNear Exit 14 Fresno CA 81888	US
S1-002300	Ironwood Services Private Limited	Orchid Nagar, Indore, 338 Lantern Mn	India
S1-002301	Onyx Textiles Corporation	123 Clearwater Rd, Mplecrest Park, Fresno, AL, 30312	United States
S1-002302	Onyx Textiles Corporation	60 Onyx Road Onyx Park Peoria 99340	USA
S1-002303	Quarry Foods Corporation	189 Stonebridge Blvd, Meridian Park, Fresno, 41321	United States
S1-002304	Maplecrest Onyx Consultancy Company	191 Ravenwood Road, Silverline Park, Opp. City Library, Akron, TX, 40551	US
S1-002305	Maplecrest Onyx Consultancy Company	280 Quarry Street, Akron, IL, 93472	USA
S1-002306	Summit Chemicals Company	Near Exit 14, QQuarry Avenue, Northgate Park, Peoria, TX, 39022	United States
S1-002307	Juniper Fabrics Limited Liability Company	379 Thistle Street, Austin, CA, 23584	US
S1-002308	Juniper Fabrics Limited Liability Company	141 Meridian St Goldleaf Park TX 98867 Akron	United States
S1-002309	Northgate Orchid Chemicals Corporation	229 Meridian Blvd, Akron, 22575	United States
S1-002310	Northgate Orchid Chemicals Corporation	358 Clearwater Road, Sunstone Park, Tacoma, WA, 10600	United States
S1-002311	Northgate Enterprises Company	34 9Bluepeak Blvd, Cobalt Park, Peoria, 25131	United States
S1-002312	Maplecrest Solutions Company	43 Lantern Road, Ironwood Park, Behind the Civic Center, Peoria, IL, 28873	United States
S1-002313	Bluepeak Fabrics Corporation	329 Goldleaf Avenue, Near Exit 14, Lubbock, 84549	United States
S1-002314	Bluepeak Fabrics Corporation	315 Falcon Avenue Summit Park Fresno TX 96338	USA
S1-002315	Bluepeak Consultancy Private Limited	148 Vertex Street, Northgate Nagar, Indore, MP, 721963	India
S1-002316	Goldleaf Logistics Private Limited	113 Brightpath Marg Harbor Nagar Coimbatore	India
S1-002317	Apex Industries Incorporated	88 Falcon St, Goldleaf Park, Peoria, CA	USA
S1-002318	Apex Industries Incorporated	312 Apex Avenue, Vertex Park, Tacoma, 38521	United States
S1-002319	Apex Solutions Company	110 Orchid Dr Onyx ParkA ustin TX	US
S1-002320	Ravenwood Foods Private Limited	38 Thistle St, Kochi, Tamil Nadu, 637258	IN
S1-002321	Vertex Motors Private Limited	98 Sunstone Cross, Nagpur, Lantern Nagar	India
S1-002322	Quarry Onyx Industries Limited Liability Company	61 Summit Blvd, Silverline Park, Peoria	US
S1-002323	Harbor Packaging Private Limited	136 Summit Cross, Kochi, 798496	IN
S1-002324	Harbor Packaging Private Limited	21 Apex Rd, Stonebridge Nagar, Surat	IN
S1-002325	Clearwater Foods Private Limited	296 Harbor St, Northgate Nagar, Pune, Gujarat, 757556	IN
S1-002326	Ravenwood Logistics Private Limited	384 Sunstone Cross, Brightpath Nagar, Behind Ganesh Tempe, Nagpur	IN
S1-002327	Ravenwood Systems Limited	346 Harbor Street, Clearwater Nagar, Jaipur, Gujarat, 484848	IN
S1-002328	Bluepeak Foods Company	366 Bluepak St, Onyx Park, Lubbock, AL, 35420	USA
S1-002329	Ironwood Textiles Company	208 Silverline Boulevard, Cobalt Park, Austin, 80276	USA
S1-002330	Ironwood Textiles Company	341 Quarry Road, Near Exit 14, Peoria	US
S1-002331	Northgate Textiles Private Limited	35/53 Falcon Rd, Stonebridge Nagar, Kochi, Gujarat	India
S1-002332	Cobalt Electricals Limited	333 Nortgate Road, Meridian Nagar, Pune, 359867	India
S1-002333	Ravenwood Motors Private Limited	166 Apex Cross, Apex Nagar, Jaipur, Rajasthan, 813129	India
S1-002334	Falcon Motors Limited	348 Northgate Cross, Indore, Rajasthan	IN
S1-002335	Falcon Motors Limited	2/779 Orchid Cross Indore 665136	India
S1-002336	Summit Ravenwood Motors Incorporated	60 Harbor Street, Cobalt Park, Austin, WA, 38659	United States
S1-002337	Falcon Logistics Limited	325 Summi Rd, Jaipur	India
S1-002338	Orchid Systems Private Limited	48 Falcon Crs, Coimbatore, Rajasthan, 888469	IN
S1-002339	Harbor Services Limited Liability Company	212 Cobalt Blvd Opp. City Library Kestrel Park Lubbock 20933	US
S1-002340	Harbor Services Limited Liability Company	167 Stonebridge Avenue, Maplecrest Park, Akron, IL, 84756	United States
S1-002341	Sunstone Bluepeak Services Private Limited	45 Sunstone Crs, Meridian Nagar, Surat, Kerala, 409304	IN
S1-002342	Sunstone Bluepeak Services Private Limited	Bluepeak St, Pune, Kerala, 962088	IN
S1-002343	Silverline Maplecrest Trading Company	44 Lantern Boulevard, Peoria, 56928	US
S1-002344	Onyx Packaging Private Limited	Opp. Bus Depot 308 Brightpath St Apex Nagar Jaipur Rajasthan 136933	India
S1-002345	Onyx Packaging Private Limited	254 Ravenwood Marg, Cobalt Nagar, Nagpur, 312506	India
S1-002346	Lantern Packaging Limited	333 Clearwater Main, Vertex Nagar, Nagpur, Tamil Nadu, 954064	India
S1-002347	Juniper Textiles Limited	26/26 Orchid Mn, Indore,Rajasthan	IN
S1-002348	Thistle Textiles Company	107 Goldleaf Boulevard, Maplecrest Park, Tacoma, 40629	United States
S1-002349	Ironwood Electricals Limited Liability Company	317 Meridian Blvd, Clearwater Park, Fresno, IL, 56060	United States
S1-002350	Onyx Fabrics Limited Liability Company	36 Thistle Drive Kestrel Park Fresno	United States
S1-002351	Silverline Solutions Company	17/42 Clearwater St, Goldleaf Park, Akron, OH, 68870	United States
S1-002352	Quarry Enterprises Private Limited	284 Stonebridge St, Surat, Tamil Nadu	IN
S1-002353	Kestrel Enterprises Private Limited	249 Ironwood Street Onyx Nagar Jaipur 880416	India
S1-002354	Ravenwood Maplecrest Industries Private Limited	11/11 Silverline Street, Coimbatore, Gujarat	India
S1-002355	Vertex Enterprises Incorporated	165 Goldleaf Ave, Behind the Civic Center, Cobalt Park, Peoria, IL	United States
S1-002356	Summit Meridian Systems Company	Near Exit 14, 13I ronwood Avenue, Goldleaf Park, Akron, WA, 37555	US
S1-002357	Meridian Textiles Private Limited	24/40 Falcon Rd, Meridian Nagar, Nagpur, 385892	India
S1-002358	Quarry Bluepeak Trading Private Limited	Clearwater Marg, Ironwood Nagar, Nagpur, Kerala, 276731	India
S1-002359	Brightpath Trading Corporation	389 Bluepeak Avenue, Akron, TX	United States
S1-002360	Brightpath Trading Corporation	315 Summit Boulevard Kestrel Park Peoria OH 47902	United States
S1-002361	Cobalt Ironwood Enterprises Limited	Kestrel Crs, Falcon Nagar, MPP, Pune	India
S1-002362	Quarry Motors Company	397 Stonebridge Ave, Opp. City Library, Austin	United States
S1-002363	Lantern Harbor Motors Private Limited	367 Clearwater Marg, Thistle Nagar, Near Metro Pillar 42, Coimbatore, 523636	IN
S1-002364	Lantern Trading Company	314 Juniper Ave, WA, Fresno	US
S1-002365	Onyx Trading Limited Liability Company	81 Falcon Boulevard, Ravenwood Park, Mobile, OH	USA
S1-002366	Onyx Trading Limited Liability Company	Lantern Drive Maplecrest Park Lubock OH	US
S1-002367	Juniper Electricals Company	331 Cobalt Ave,Austin, AL, 77319	US
S1-002368	Maplecrest Consultancy Incorporated	121 Ironwood Dr, Silverline Park, Lubbock, OH, 13455	USA
S1-002369	Goldleaf Chemicals Limited	Apex Nagar,P une, 853646, 198 Clearwater Rd	India
S1-002370	Brightpath Systems Limited	Near Metro Pillar 42, 304 Cobalt Crs, Coimbatore, 853513	IN
S1-002371	Summit Logistics Company	Ravenwood Blvd,M obile, TX	US
S1-002372	Redwood Packaging Corporation	6/76 Ravenwood Boulevard Juniper Prak Peoria CA	USA
S1-002373	Goldleaf Services Limited	100 Kesttrel Cross, Near SBI ATM, Pune, MP, 166929	IN
S1-002374	Redwood Chemicals Private Limited	145 Kestrel St, Onyx Nagar, Japur, Kerala, 272431	India
S1-002375	Ironwood Clearwater Chemicals Private Limited	30/84 Silverline Marg Stonebridge Nagar Jaipur 760681	India
S1-002376	Goldleaf Solutions Company	127 Lantern Dr, Vertex Park, Tacoma, WA, 93150	United States
S1-002377	Goldleaf Solutions Company	30 Falcon Road, Cobalt Park, Peoria, 84221	USA
S1-002378	Vertex Systems Limited	148 Kestrel Cross Pune 392209	India
S1-002379	Ironwood Electricals Limited	250 Bluepeak Rd, Indore, MP	IN
S1-002380	Vertex Apex Logistics Private Limited	Near BI ATM, 341 Juniper Crs, Kochi, 386527	IN
S1-002381	Bluepeak Textiles Private Limited	166 Lantern Crs, Ironwood Nagar, Surat, MP, 389152	India
S1-002382	Silverline Ravenwood Foods Incorporated	19 Kestrel Avenue, Akron, AL, 722609	United States
S1-002383	Sunstone Industries Private Limited	393 Cobalt Cross, Near MMetro Pillar 42, Indore, 479178	IN
S1-002384	Meridian Trading Corporation	283 Redwood Ave Ravenwood Park Austin WA 89248	US
S1-002385	Silverline Enterprises Limited Liability Company	276 Brightpath Road, Near Exit 14, Quarry Park, Peoria, OH, 70656	United States
S1-002386	Cobalt Lantern Solutions Corporation	Ironwood Street, Fresno, 39217, WA	US
S1-002387	Onyx Textiles Incorporated	250 Stonebridge St, Mobile, IL, 13339	United States
S1-002388	Onyx Textiles Incorporated	10/2 Vertex Boulevard, Behind the Civic Center, Clearwater Park, Mobile, WA	United States
S1-002389	Falcon Packaging Incorporated	129 Sunstone Street, Ravenwood Park, Tacoma, 34911	US
S1-002390	Cobalt Kestrel Industries Corporation	329 Goldleaf Blvd, Austi,n CA, 31696	US
S1-002391	Silverline Logistics Private Limited	356 Sunstone Cross, Northgate Nagar, Jaipur, Gujarat, 644573	India
S1-002392	Maplecrest Enterprises Private Limited	34/56 Harbor St Juniper Nagar Coimbatore Tamil Nadu 462028	IN
S1-002393	Sunstone Chemicals Private Limited	Cobalt Nagar, Coimbatore, Maharashtra, 324 Vertex Rd	IN
S1-002394	Brightpath Enterprises Private Limited	330 Kestrel Street Goldleaf Nagar Kochi Tamil Nadu 195148	India
S1-002395	Quarry Chemicals Private Limited	27/60 Lantern Main, Ironwood Nagar, Indore, Rajasthan, 113821	IN
S1-002396	Cobalt Logistics Limited Liability Company	208 Stonebridge Drive, Summit Park, Akron, TX, 65081	United States
S1-002397	Onyx Trading Private Limited	49 Goldleaf Marg, Quarry Nagar, Pune	India
S1-002398	Maplecrest Systems Limited Liability Company	355 Orchid Road, Bluepeak Park, Austin, AL	United States
S1-002399	Onyx Industries Company	23 Sunstone Road, Lubbock, 41213	United States
S1-002400	Onyx Industries Company	Silverline Ave, Maplecrest Park, Akron	USA
S1-002401	Redwood Packaging Company	228 Vertexx Dr, Akron	USA
S1-002402	Sunstone Packaging Company	113 Orchid Road Lantern Park Austin CA 56553	US
S1-002403	Harbor Motors Private Limited	20/20 Onyx Rd, Summit Nagar, Nagpur, Tamil Nadu	IN
S1-002404	Lantern Enterprises Limited	Redwood Crs Coalt Nagar Coimbatore Tamil Nadu 950633	IN
S1-002405	Quarry Logistics Incorporated	224 Meridian Dr, Apex Park, Opp. City Library, Mobile, TX	United States
S1-002406	Vertex Solutions Limited Liability Company	376 Sunstone Ave, Lubbock, WA, 31090	USA
S1-002407	Harbor Foods Corporation	30 Thistle Rd, Summit Park, Fresno, AL	US
S1-002408	Orchid Textiles Incorporated	5/30 Summit Boulevard, Kestrel Park, Austin, OH, 83774	USA
S1-002409	Sunstone Trading Limited	266 Silverline Crs, Meridian Nagar, Coimbatore, Kerala	IN
S1-002410	Lantern Solutions Private Limited	283 Quarry Rd, Falcon Nagar, Pune, 677967	India
S1-002411	Quarry Textiles Private Limited	359 Lantern Marg, SunstoneN agar, Pune, 706765	IN
S1-002412	Quarry Textiles Private Limited	152 Orchid Crs, Near SBI ATM, Clearwater Nagar, Kochi, 570006	IN
S1-002413	Bluepeak Foods Private Limited	Vertex Cross, Meridian Nagar, Kochi	India
S1-002414	Bluepeak Foods Private Limited	59 Falcon Road, Surat, 6557169	India
S1-002415	Apex Textiles Private Limited	194 Clearwater Crs, Thistle Nagar, Surat, Gujarat, 582226	India
S1-002416	Thistle Packaging Company	93 Kestrel St, Austin, WA, 43776	USA
S1-002417	Silverline Cobalt Solutions Corporation	Behind the Civic Center, 52 Onyx Road, Tacoma, IL, 71925	US
S1-002418	Apex Motors Private Limited	Stonebridge Nagar, Surat, 353 Orchid Cross	India
S1-002419	Apex Motors Private Limited	239 Vertex Marg, Goldleaf Nagar, Surat, 515126	India
S1-002420	Summit Harbor Trading Limited Liability Company	227 Cobalt Drive, Quarry Park, Peoria, CA, 11223	US
S1-002421	Juniper Trading Company	123 Lantern Rd, Austin, AL, 27265	US
S1-002422	Kestrel Cobalt Consultancy Company	335 Redwood Drive, Meridian Park, Lubbock, 17235	United States
S1-002423	Meridian Systems Corporation	126 Kestrel Ave, Summit Park, Austin, 25210	USA
S1-002424	Summit Enterprises Limited	261 Brighhtpath Cross, Goldleaf Nagar, Surat, Gujarat, 662145	IN
S1-002425	Summit Enterprises Limited	135 Ironwood Street, Brightpath Nagar, Behind Ganesh Temple, Kochi, Tamil Nadu, 716074	India
S1-002426	Ironwood Enterprises Limited Liability Company	231 Meridian Rd, Behind the Civic Center, Tacoma, 72796	United States
S1-002427	Northgate Foods Incorporated	Apex Street Behind the Civic Center Mobie 93929	United States
S1-002428	Goldleaf Motors Private Limited	283 Redwood Marg, Onyx Nagar, Coimbatore, Gujarat	India
S1-002429	Goldleaf Motors Private Limited	202 Ironwood Main Clearwater Nagar Indore Maharashtra	India
S1-002430	Orchid Packaging Limited	59 Goldleaf Cross, Cobalt Nagar, Jaipur, Rajasthan, 655848	IN
S1-002431	Silverline Textiles Incorporated	Maplecrest Park, Fresno, 12043, 2/15 Redwood Road	United States
S1-002432	Northgate Packaging Private Limited	215 Maplecrest Cross, Kestrel Nagar, Coimbatore, MP, 148507	IN
S1-002433	Orchid Electricals Incorporated	Clearwater Park, Lubbock, 1/83 Silverline Boulevard	United States
S1-002434	Orchid Electricals Incorporated	288 Harbor Avenue Ironwood Park Lubbock IL	US
S1-002435	Falcon Fabrics Private Limited	38/38 Onyx Marg, Cobalt Nagar, Indore, Rajasthan	India
S1-002436	Juniper Electricals Company	205 Quarry Road, Redwood Park, Lubbock, TX, 28737	United States
S1-002437	Juniper Ravenwood Textiles Limited	34/50 Maplecrest Mn Stonebridge Nagar Pune MP	IN
S1-002438	Northgate Solutions Private Limited	Summit Marg, Kochi, Gujarat, 850596	IN
S1-002439	Redwood Consultancy Corporation	302 Falcon Blvd, Meridian Park, Mobile, 75688	United States
S1-002440	Redwood Consultancy Corporation	280 Summit St, Ravenwood Park, Lubbock, CA, 64948	United States
S1-002441	Northgate Silverline Logistics Limited Liability Company	Behind the Civic Center, 289 Sunstone Ave, Orchid Park, Akron, IL	United States
S1-002442	Thistle Chemicals Limited	167 Stonebridge Street, Summit Nagar, Nagpur, Kerala, 746108	IN
S1-002443	Thistle Chemicals Limited	265 Vertex Cross, Thistle Nagar, Kochi	India
S1-002444	Quarry Chemicals Incorporated	379 Maplecrest Road, Apex Park, Akron, OH, 32206	United States
S1-002445	Redwood Falcon Textiles Private Limited	195 Onyx Mn, Ironwood Nagar, Nagpur, 977787	India
S1-002446	Redwood Falcon Textiles Private Limited	Near Metro Pillar 42, 27/62 Goldleaf Marg, Nagpur, 529843	India
S1-002447	Harbor Fabrics Incorporated	192 Juniper Blvd, Fresno, OH, 67817, Redwood Park	United States
S1-002448	Harbor Fabrics Incorporated	216 Northgate Dr Apex Park Lubbock AL 25789	United States
S1-002449	Onyx Packaging Limited Liability Company	42 Bluepeak Drive Meridian Park Mobile CA	United States
S1-002450	Onyx Packaging Limited Liability Company	63 Orchid Dr Apex Park Mobile 73999 CA	United States
S1-002451	Vertex Juniper Industries Private Limited	Opp. Bus Depot 126 Bluepeak Marg Juniper Nagar Indore	India
S1-002452	Goldleaf Consultancy Company	Silverline Avenue, Quarry Park, Tacoma, OH	United States
S1-002453	Clearwater Consultancy Company	7 Summit Rd Bluepeak Park Peoria IL 14132	United States
S1-002454	Clearwater Consultancy Company	330 Meridian St Fresno AL	USA
S1-002455	Falcon Sunstone Motors Limited Liability Company	Apex Drive, Harbor Park, Mobile, OH	USA
S1-002456	Summit Fabrics Limited Liability Company	Summit Blvd, Behind the Civic Center, Apex Park, Mobile, CA	United States
S1-002457	Quarry Consultancy Company	270 Falcon Ave Near Exit 14 Clearwater Park Fresno CA	USA
S1-002458	Silverline Textiles Corporation	Behind the Civic Center, 168 Northgate Rd, Clearwater Park, Peoria, TX, 95518	USA
S1-002459	Silverline Textiles Corporation	290 Ravenwood St, Northgate Park, Peoria, TX	US
S1-002460	Northgate Packaging Company	Near Exit 14 89 Cobalt Dr Peoria 67791	United States
S1-002461	Onyx Industries Limited Liability Company	Behind the Civic Center, 181 Silverline Drive, Ironwood Park, Tacoma, WA, 79414	USA
S1-002462	Onyx Industries Limited Liability Company	67 Stonebridge Road Bluepeak Park Lubbbock WA 83699	USA
S1-002463	Apex Systems Company	172 Juniper Road, Onyx Park, Austin, 49730	USA
S1-002464	Onyx Foods Limited Liability Company	Goldleaf Avenue, Austin, 81359	USA
S1-002465	Kestrel Motors Private Limited	159 Northgate St Thistle Nagar Pune 183664	IN
S1-002466	Kestrel Motors Private Limited	395 Harbor St Opp. Bus Depot Bluepeak Nagar Pune 263084	India
S1-002467	Silverline Industries Private Limited	Falcon Mn, Ravenwood Nagar, Surat, Maharashtra	India
S1-002468	Silverline Industries Private Limited	338 Ironwood Crs Clearwater Nagar Surat MP 459070	India
S1-002469	Stonebridge Falcon Industries Company	44 Ironwood Blvd, Meridian Park, Peoria, OH, 29921	USA
S1-002470	Juniper Motors Limited	61 Falcon Main, Bluepeak Nagar, Pune, Rajasthan, 316419	IN
S1-002471	Lantern Solutions Private Limited	Near Metro Pillar 42, 256 Onyx Main, Ravenwood Nagar, Surat, MP	IN
S1-002472	Lantern Solutions Private Limited	185 Ironwood Crs Northgate Nagar Surat Tamil Nadu 966716	IN
S1-002473	Redwood Packaging Company	316 Falcon Road, Onyx Park, Tacoma, AL, 64031	United States
S1-002474	Sunstone Fabrics Corporation	201 Lantern Street, Summit Park, Tacoma	USA
S1-002475	Silverline Falcon Foods Incorporated	306 Stonebridge Road, Tacoma, OH, 64507, Meridian Park	USA
S1-002476	Silverline Falcon Foods Incorporated	345 Kestrel Rd Ravenwood Park Opp. City Library Tacoma CA	USA
S1-002477	Cobalt Silverline Industries Private Limited	Near Metro Pillar 42, 331 Stonebridge Cross, Onyx Nagar, Surat, 924240	India
S1-002478	Quarry Vertex Fabrics Limited	28/30 Harbor Mn, Redwood Nagar, Coimbatoree, Rajasthan, 313910	IN
S1-002479	Apex Northgate Foods Incorporated	322 Falcon St, Akron, 20223	United States
S1-002480	Meridian Services Private Limited	255 Falcon St, Summit Nagar, Nagpur, Rajasthan, 180823	IN
S1-002481	Ravenwood Bluepeak Motors Company	366 Onyx Rd, Meridian Park, Fresno, WA, 61391	United States
S1-002482	Goldleaf Ironwood Solutions Corporation	79 Onyx St, Fresno, IL	US
S1-002483	Onyx Bluepeak Chemicals Private Limited	70 Quarry Crs, Clearwater Nagar, Nagpur, Maharashtra	India
S1-002484	Brightpath Trading Private Limited	Cobalt Crs, Apex Nagar, Surat, Kerala, 107116	India
S1-002485	Thistle Trading Private Limited	25/28 Goldleaf Street, Bluepeak Nagar, Nagpur	India
S1-002486	Falcon Industries Private Limited	242 Quarry Cross, Juniper Nagar, Pune, Kerala	India
S1-002487	Falcon Industries Private Limited	27 Northgate Marg, Redwood Nagar, Indore, Gujarat, 984334	IN
S1-002488	Clearwater Systems Limited Liability Company	42 Lantern Dr, Maplecrest Park, Tacoma, 62991	United States
S1-002489	Orchid Trading Limited Liability Company	Near Exit 14, Peoria, TX, Onyx Road	United States
S1-002490	Orchid Trading Limited Liability Company	61 Thistle Drive, Silverline Park, Peoria, WA, 48365	USA
S1-002491	Northgate Harbor Chemicals Private Limited	235 Sunstone Crs Falcon Nagar Surat	India
S1-002492	Brightpath Solutions Private Limited	Behind Ganesh Temple, 348 Orchid Road, Indore	India
S1-002493	Brightpath Solutions Private Limited	60 Falcon Marg Nagpur 912833	India
S1-002494	Apex Consultancy Private Limited	323 Juniper Main, Ironwood Naar, Jaipur, Kerala, 470356	India
S1-002495	Apex Consultancy Private Limited	395 Onyx Marg Northgate Nagar Indore	IN
S1-002496	Vertex Clearwater Logistics Limited Liability Company	47 Harbor Blvd, Summit Park, Austin, CA	United States
S1-002497	Vertex Clearwater Logistics Limited Liability Company	271 Quarry St Ravenwood Park Austin IL 77713	USA
S1-002498	Juniper Solutions Private Limited	282 Stonebridge Mn, Coimbatore	India
S1-002499	Juniper Solutions Private Limited	36 Meridian Mn, Bluepeak Nagar, Kochi, Gujarat, 513259	IN
S1-002500	Thistle Industries Private Limited	Pune, MP, 373641, Bluepeak Street	India
S1-002501	Stonebridge Textiles Limited	253 Harbor Main, Harbor Nagar, Coimbatore, Rajasthan	IN
S1-002502	Ravenwood Foods Private Limited	Meridian Cross, Lantern Nagar, Jaipur, Kerala, 530419	IN
S1-002503	Ravenwood Foods Private Limited	240 Falcon Mn, Brightpath Nagar, Opp. Bus Depot, Jaipur, Kerala, 242148	IN
S1-002504	Orchid Motors Limited	Meridian Road Brightpath Naga Coimbatore Rajasthan	IN
S1-002505	Summit Services Limited Liability Company	Onyx Boulevard, Akron, WA, 24194	United States
S1-002506	Cobalt Consultancy Corporation	266 Northgate Dr, Falcon Park, Peoria, TX, 50907	United States
S1-002507	Onyx Juniper Electricals Private Limited	196 Meridian Marg Apex Nagar Surat 481509	India
S1-002508	Northgate Consultancy Incorporated	256 Sunstone St, Summit Park, Lubbock, AL, 43348	US
S1-002509	Harbor Industries Company	220 Harbor Avenue, Kestrel Park, Peoria, AL, 11193	USA
S1-002510	Onyx Consultancy Corporation	59 Harbor Blvd, Apex Park, Tacoma, 28553, IL	USA
S1-002511	Apex Electricals Incorporated	36/16 Lantern Street CobaltPark Tacoma 56538	United States
S1-002512	Apex Electricals Incorporated	8/51 Ravenwood Avenue, Onyx Park, Tacoma, 78829	USA
S1-002513	Quarry Motors Limited	177 Northgate Road Vertex Nagar Pune 554599	IN
S1-002514	Quarry Motors Limited	11 Silverline Marg, Lantern Nagar, Pune	IN
S1-002515	Maplecrest Logistics Company	Lantern Ave, Near Exit 14, Harbor Park, Tacoma, TX, 93049	United States
S1-002516	Ironwood Solutions Corporation	Near Exit 14, Goldleaf Boulevard, Mobile	USA
S1-002517	Vertex Packaging Corporation	222 Cobalt Ave, Maplecrest Park, Near Exit 14, Akron	United States
S1-002518	Vertex Packaging Corporation	127 Meridian Rd, Onyx Park, Akron,5 8357	USA
S1-002519	Lantern Fabrics Limited	159 Harbor Main, Kochi, MP, 947545	India
S1-002520	Juniper Electricals Private Limited	Near Metro Pillar 42, 315 Harbor Marg, Lantern Nagar, Kochi, Tamil Nadu, 165021	IN
S1-002521	Redwood Industries Incorporated	34 Meridian Drive, Opp. City Library, Apex Park, Akron, AL, 56469	United States
S1-002522	Redwood Industries Incorporated	Silverline Boulevard, Ironwood Park, Moblie, AL, 15821	US
S1-002523	Maplecrest Trading Private Limited	42 Harbor Crs Redwood Nagar Pune Maharashtra 455388	IN
S1-002524	Cobalt Solutions Limited	96 Juniper Crs, Onyx Nagar, Nagpur, 859656	India
S1-002525	Juniper Packaging Private Limited	29/23 Kestrel Marg, Redwood Nagar, Jaipur, Gujarat, 920724	IN
S1-002526	Kestrel Industries Company	195 Falcon St, Ironwood Park, Fresno, OH	US
S1-002527	Meridian Trading Limited	240 Sunstone St, Near Metro Pillar 42, Orchid Nagar, Coimbatore, Tamil Nadu, 867293	IN
S1-002528	Orchid Foods Company	162 Ironwood Avenue, Vertex Park, Austin, 56389	United States
S1-002529	Harbor Kestrel Industries Private Limited	Falcon Street, Ravenwood Nagar, Pune, Rajasthan, 153653	India
S1-002530	Juniper Solutions Limited Liability Company	Maplecrest Ave, Lubbock, AL, 64197	USA
S1-002531	Clearwater Chemicals Limited	Near SBI ATM, 106 Falcon St, Lantern Nagar, Kochi, 873139	IN
S1-002532	Cobalt Fabrics Company	56 Sunstone Boulevard, Ravenwood Park, Tacoma, 76594	United States
S1-002533	Onyx Motors Private Limited	91 Harbor Cross, Clearwater Nagar, Near SBI ATM, Jaipur, MP, 773961	India
S1-002534	Falcon Enterprises Private Limited	211 Clearwater Cross, Apex Nagar, Nagpur, Kerala, 269064	IN
S1-002535	Redwood Foods Private Limited	255 Brighptath Marg, Lantern Nagar, Nagpur, 831108	India
S1-002536	Falcon Logistics Corporation	397 Apex Road, Mobile, 29406	USA
S1-002537	Stonebridge Consultancy Private Limited	Near Metro Pillar 42, Goldleaf Mn, Clearwater Nagar, Pune, MP, 611115	India
S1-002538	Stonebridge Consultancy Private Limited	338 Harbor Mn, Harbor Nagar, Pune, Kerala	IN
S1-002539	Juniper Services Limited Liability Company	Bluepeak Park Fresno TX Orchid St	US
S1-002540	Meridian Redwood Solutions Limited Liability Company	3700 Lantern Rd, Lantern Park, Tacoma, AL	USA
S1-002541	Silverline Foods Corporation	Juniper Street, Brightpath Park, Mobile, 88140	USA
S1-002542	Silverline Foods Corporation	357 Kestrel Avenue, Mobile, 4504, Lantern Park	US
S1-002543	Lantern Kestrel Motors Private Limited	20 Harbor Main, Apex Nagar, Surat, Maharashtra, 823421	India
S1-002544	Cobalt Harbor Logistics Corporation	292 Quarry St, Lantern Park, Opp. City Library, Peoria, 82926	US
S1-002545	Cobalt Harbor Logistics Corporation	Opp. City Library, 151 Ravenwood Boulevard, Brightpath Park, Akron	US
S1-002546	Apex Packaging Company	262 Meridian Dr, Austin, 69784	United States
S1-002547	Goldleaf Packaging Limited	267 Clearwater St, Pune, Maharashtra	IN
S1-002548	Kestrel Enterprises Limited	Falcon Cross, Quarry Nagar, Nagpur, Kerala, 478427	IN
S1-002549	Apex Motors Company	Lubbock, 10058, 47 Onyx Dr	US
S1-002550	Bluepeak Solutions Private Limited	330 Maplecrest Crs, Vertex Nagar, Jaipur, 222448	India
S1-002551	Northgate Lantern Trading Limited	Sunstone Street, Silverline Nagar, Nagpur, Kerala, 3731776	IN
S1-002552	Vertex Systems Private Limited	17/40 Juniper Road Ironwood Nagar Indore 265798	India
S1-002553	Vertex Systems Private Limited	367 Summit Rd, Northgate Nagar, Indore, Maharashtra, 507075	IN
S1-002554	Vertex Services Private Limited	109 Cobalt Crs, Pune, Kerala	IN
S1-002555	Thistle Ravenwood Services Limited Liability Company	Near Exit 14, 133 Cobalt Road, Falcon Park, Austin, 76060	USA
S1-002556	Silverline Packaging Corporation	302 Falcon Avenue, Summit Park, Akron	US
S1-002557	Maplecrest Services Private Limited	Falcon Nagar, Pune, Rajasthan, 136 Falcon Street	India
S1-002558	Brightpath Fabrics Company	292 Harbor Ave, Behind the Civic Center, Redwood Park, Akron, 78701	US
S1-002559	Orchid Clearwater Consultancy Corporation	Opp. City Library 73 Clearwater Ave Fresno TX	USA
S1-002560	Orchid Clearwater Consultancy Corporation	10 Ravenwood Drive, Fresno, IL	USA
S1-002561	Brightpath Sunstone Industries Limited Liability Company	Juniper Avenue, Summit Park, Mobile, CA, 51735	US
S1-002562	Cobalt Summit Motors Limited Liability Company	338 Ironwood Street, Clearwater Park, Fresno, 93998	USA
S1-002563	Ravenwood Harbor Packaging Corporation	178 Onyx St, Peoria, Redwood Park	United States
S1-002564	Meridian Onyx Logistics Private Limited	37 Bluepeak Marg, Brightpath Nagar, Jaipur, 360239	India
S1-002565	Meridian Onyx Logistics Private Limited	14 Clearwater Street, Jaipur, Tamil Nadu, 141821	IN
S1-002566	Lantern Industries Incorporated	154 Brightpath Dr Orchid Park Lubbock 43323	USA
S1-002567	Sunstone Foods Limited Liability Company	5 Quarry Street, Bluepeak Park, Tacoma, 69272	USA
S1-002568	Ironwood Foods Private Limited	388 Vertex Main, Kochi, Kerala, 446021	IN
S1-002569	Juniper Electricals Private Limited	252 Northgate St Meridian Nagar Jaipur 154667	IN
S1-002570	Juniper Electricals Private Limited	3 Thistle St, Quarry Nagar, Pune, 490825	India
S1-002571	Bluepeak Motors Incorporated	318 Maplecrest Road, Thistle Park, Behind the Civic Center, Lubbock, OH	US
S1-002572	Maplecrest Redwood Trading Company	Goldleaf Blvd, Behind the Civic Center, Onyx Park ,Peoria, 76302	US
S1-002573	Maplecrest Redwood Trading Company	164 Bluepeak Rd, Clearwater Park, Akron, OH, 44237	United States
S1-002574	Redwood Meridian Packaging Incorporated	196 Silverline Avenue, Mobile, AL, 14683	USA
S1-002575	Redwood Meridian Packaging Incorporated	28 Ravenwood Dr, Falcon Park, Mobile, 16889	US
S1-002576	Kestrel Systems Incorporated	Behind the Civic Center 221 Summit Rd Apex Park Mobile 38790	USA
S1-002577	Brightpath Trading Private Limited	88 Meridian Main, Silverline Nagar, Coimbatore, 428601	India
S1-002578	Orchid Chemicals Company	20/26 Quarry Ave, Cobalt Park, Tacoma, CA	USA
S1-002579	Juniper Foods Limited Liability Company	225 Juniper Boulevard, Austin, OH	US
S1-002580	Maplecrest Systems Limited Liability Company	37/21 Thistle St, Lantern Park, Tacoma, 58335	United States
S1-002581	Maplecrest Systems Limited Liability Company	Silverline St, Austin, AL	US
S1-002582	Apex Orchid Motors Private Limited	232 Kestrel Marg, Nagpur, Kerala, 221668	IN
S1-002583	Maplecrest Chemicals Private Limited	36 Bluepeak Rd, Surat, Maharashtra, 109192	IN
S1-002584	Silverline Sunstone Foods Limited Liability Company	211 Redwood Road, Austin, IL, Ravenwood Park	USA
S1-002585	Silverline Sunstone Foods Limited Liability Company	120 Ironwood Boulevard Bluepeak Park Behind the Civic Center Austin TX 80607	USA
S1-002586	Ravenwood Foods Limited	33/30 Stonebridge Cross, Near Metro Pillar 42, Thistle Nagar, Coimbatore, 959721	India
S1-002587	Stonebridge Chemicals Company	Ironwood St, Lubbock, AL, 32384, Thistle Park	US
S1-002588	Juniper Consultancy Corporation	145 Harbor Dr, Bluepeak Park, Tacoma, 66801	United States
S1-002589	Juniper Systems Private Limited	157 Brightpath Marg, Nagpur, MP, 357842	IN
S1-002590	Vertex Fabrics Limited	60 Ironwood Main, Kochi, MP, 414956	IN
S1-002591	Vertex Trading Private Limited	20/2 Summit Street, Lantern Nagar, Surat	India
S1-002592	Sunstone Services Private Limited	Kestrel St, Juniper Nagar, Indore, 700678	India
S1-002593	Ravenwood Electricals Corporation	102 Meridian Dr Ironwood Park Lubbock 64332	USA
S1-002594	Onyx Services Limited Liability Company	311 Summit St, Peoria, IL, Ravenwood Park	USA
S1-002595	Juniper Fabrics Private Limited	102 Meridian Cross, Vertex Nagar, Kochi, Kerala, 121465	India
S1-002596	Thistle Logistics Limited Liability Company	353 Northgate Rd, Ironwood Park, Peoria, OH, 28581	US
S1-002597	Maplecrest Chemicals Private Limited	290 Lantern Mn Ironwood Nagar 551044 Nagpur	IN
S1-002598	Cobalt Electricals Incorporated	376 Stonebridge Avenue, Sunstone Park, Fresno	US
S1-002599	Ironwood Industries Company	153 Thistle Drive Lubbock CA 55746	US
S1-002600	Ironwood Industries Company	285 Kestrel Avenue, Ravenwood Park, Autsin, CA	US
S1-002601	Brightpath Redwood Trading Company	Near Exit 14 182 Kestrell Blvd Lubbock 34215 OH	USA
S1-002602	Onyx Motors Limited	376 Sunstone Main, Clearwater Nagar, Nagpur, 216648	India
S1-002603	Harbor Thistle Industries Corporation	46 Lantern Dr Ravenwood Park Austin AL 93659	United States
S1-002604	Harbor Thistle Industries Corporation	323 Thistle Street Falcon Park Lubbock OH 48558	USA
S1-002605	Brightpath Systems Corporation	Behind the Civic Center, 104 Maplecrest Avenue, Austin, IL	United States
S1-002606	Maplecrest Goldleaf Services Private Limited	1 Bluepeak Crs Bluepeak Nagar Coimbatore 664273	IN
S1-002607	Lantern Foods Incorporated	Near Exit 41, 374 Silverline Street, Cobalt Park, Peoria, 96764	United States
S1-002608	Stonebridge Vertex Enterprises Private Limited	Brightpath Road Kochi Kerala 4683335	IN
S1-002609	Lantern Ironwood Systems Corporation	62 Kestrel Avenu,e Tacoma	USA
S1-002610	Cobalt Solutions Incorporated	28 Lantern St, Bluepeak Park, Tacoma, OH, 83818	United States
S1-002611	Cobalt Solutions Incorporated	93 Kestrel Road, Tacoma, CA	United States
S1-002612	Ravenwood Foods Limited	Opp. Bus Depot 34 Bluepeak Cross Silverline Nagar Indore MP 795312	IN
S1-002613	Thistle Solutions Private Limited	Opp. Bus Depot, Ravenwood Street, Nagpur, 948946	IN
S1-002614	Ravenwood Textiles Limited Liability Company	34 Cobalt Blvd, Orchid Park, Austin, IL, 13047	USA
S1-002615	Quarry Electricals Limited Liability Company	259 Brightpath Drive, Lubbock, C,A 16917	US
S1-002616	Brightpath Logistics Incorporated	Sunstone Road, Brightpath Park, Mobile, WA	USA
S1-002617	Ironwood Chemicals Private Limited	13 Quarry Marg, Redwood Nagar, Surat, Maharashtra, 175767	India
S1-002618	Ironwood Bluepeak Textiles Incorporated	111 Vertex Dr, Orchid Park, Fresno, IL, 31542	USA
S1-002619	Harbor Services Limited	291 Cobalt Marg, Indore, Kerala, 852367	IN
S1-002620	Onyx Foods Corporation	25 Onyx Boulevard, Redwood Park, Akron, 52052	USA
S1-002621	Sunstone Orchid Foods Private Limited	357 Onyx Main, Onyx Nagar, Kochi, Gujarat, 644241	India
S1-002622	Kestrel Consultancy Company	287 Brightpath Road, Maplecrest Park, Austin, CA	US
S1-002623	Thistle Harbor Foods Private Limited	19 Vertex Marg Falcon Nagar Jaipur Tamil Nadu 551287	India
S1-002624	Brightpath Enterprises Company	44 Meridian Bouulevard, Fresno, AL, 28033	USA
S1-002625	Quarry Systems Limited	350 Ravenwood Rd Vertex Nagar Coimbatore Gujarat 619018	India
S1-002626	Meridian Electricals Limited	165 Ironwood Cross, Brightpath Nagar, Sura, MP	IN
S1-002627	Quarry Consultancy Company	12 Brightpath St, Quarry Park, Lubbock, 69160	United States
S1-002628	Quarry Consultancy Company	Near Exit 14, 157 Thistle Rd, Lubbock, IL	US
S1-002629	Harbor Harbor Industries Limited Liability Company	35/29 Juniper St, Quarry Park, Lubbock, WA	United States
S1-002630	Lantern Orchid Fabrics Company	41 Summit Dr, Vertex Park, Mobile, 26915	United States
S1-002631	Falcon Logistics Company	Opp. City Library, 382 Juniper Boulevard, Quarry Park, Tacoma, WA, 36299	USA
S1-002632	Summit Summit Services Limited	368 Ironwood Cross, Kochi, Maharashtra	IN
S1-002633	Summit Summit Services Limited	91 Meridian Main, Lantern Nagar, Kochi, Rajasthan, 756445	India
S1-002634	Bluepeak Silverline Systems Limited	46 Summit Street, Maplecrest Nagar, Surat, 864959	India
S1-002635	Thistle Trading Incorporated	26/56 Redwood Rd Mobile 98756	USA
S1-002636	Thistle Trading Incorporated	Behind the Civic Center, 185 Thistle Blvd, Mobile, OH, 92885	United States
S1-002637	Meridian Northgate Solutions Company	355 Northgate Avenue Silverline Park Peoria 60397	United States
S1-002638	Ironwood Kestrel Textiles Limited Liability Company	49 Ravenwood Street, Redwood Park, Austin, 37631	United States
S1-002639	Cobalt Harbor Consultancy Company	315 Juniper Drive, Redwood Park, Akron, IL, 28490	United States
S1-002640	Maplecrest Logistics Corporation	Northgate Drive, Austin	US
S1-002641	Orchid Solutions Incorporated	Lantern St, Cobalt Park, Austin	United States
S1-002642	Orchid Solutions Incorporated	358 Goldleaf Drive Goldleaf Park Austin	United States
S1-002643	Onyx Consultancy Limited Liability Company	367 Sunstone Boulevard, Behind the Civic Center, Kestrel Park, Mobile, 53713	United States
S1-002644	Onyx Consultancy Limited Liability Company	Maplecrest St, Onyx Park, Mobile, CA	US
S1-002645	Meridian Consultancy Private Limited	19 Sunstone Crs Clearwater Nagar Coimbatore MP 202825	India
S1-002646	Meridian Consultancy Private Limited	320 Maplecrest Street, Surat, Kerala, 470619	India
S1-002647	Cobalt Harbor Systems Incorporated	Meridian Road, Northgate Park, Austin ,28634	United States
S1-002648	Harbor Clearwater Consultancy Company	Opp. City Library, 212 Harbor Street, Sunstone Park, 51918, Tcoma	US
S1-002649	Kestrel Foods Incorporated	Kestrel Rd, Ravenwodo Park, Lubbock, TX, 29286	United States
S1-002650	Lantern Enterprises Incorporated	Bluepeak Blvd, Juniper Prak, Austin, TX, 96937	US
S1-002651	Silverline Chemicals Private Limited	133 Sunstone St, Nagpur, Gujarat	India
S1-002652	Redwood Fabrics Limited	298 Quarry Marg, Bluepeak Nagar, Pune	IN
S1-002653	Onyx Services Limited	Sunstone Rd, Clearwater Nagar, Pune	India
S1-002654	Falcon Packaging Limited	126 Hrabor Marg, Ravenwood Nagar, 303404, Coimbatore	IN
S1-002655	Orchid Trading Private Limited	137 Onyx Marg Falcon Nagar Kochi	India
S1-002656	Ironwood Services Incorporated	81 Lantern Avenue, Juniper Park, Mobile, 29866	USA
S1-002657	Orchid Trading Private Limited	Kestrel Marg, Ravenwood Nagar, Surat, Gujarat, 102244	IN
S1-002658	Quarry Chemicals Corporation	25/77 Orchid Drive Bluepeak Park Peoria	United States
S1-002659	Bluepeak Electricals Private Limited	352 Cobalt Road, Silverline Nagar, Coimbatore	India
S1-002660	Bluepeak Electricals Private Limited	140 Stonebridge Crs, Summit Nagar, Kochi, 140911	IN
S1-002661	Redwood Systems Corporation	37/13 Bluepeak Avenue, Goldleaf Park, Mobile, 56259	United States
S1-002662	Harbor Chemicals Limited	158 Onyx Street, Nagpur, Rajasthan, 442958	IN
S1-002663	Meridian Falcon Enterprises Limited	Ironwood Main, Vertex Nagar, Kochi, Kerala	India
S1-002664	Sunstone Consultancy Company	272 Juniper Road, Ravenwood Park, Peoria, CA, 86118	US
S1-002665	Falcon Enterprises Corporation	193 Redwood Drive, Akron, OH	US
S1-002666	Vertex Textiles Private Limited	73 Maplecrest Marg, Jaipur, Maharashtra, Quarry Nagar	India
S1-002667	Northgate Goldleaf Industries Company	134 Lantern Dr Onyx Park Fresno 76847	US
S1-002668	Harbor Services Private Limited	Thistle Road, Summit Nagar, Indore, Tamil Nadu	India
S1-002669	Harbor Redwood Packaging Private Limited	336 Meridian Marg, Stonebridge Nagar, Indore, 854228	India
S1-002670	Vertex Consultancy Company	Behind the Civic Center, 137 Clearwater Road, Akron, OH, 11780, Harbor Park	US
S1-002671	Meridian Brightpath Foods Limited Liability Company	90 Orchid Boulevard, Lubbock, TX, 41147	United States
S1-002672	Goldleaf Trading Corporation	371 Onyx Avenue, Ravenwood Park, Lubbock, 58341	United States
S1-002673	Apex Textiles Private Limited	55 Silverline Road Indore MP 177015	IN
S1-002674	Apex Textiles Private Limited	237 Silverline Road, Quarry Nagar, Kochi, Rajasthan, 974381	IN
S1-002675	Orchid Motors Company	233 avenwood Rd, Sunstone Park, Fresno, AL	USA
S1-002676	Falcon Maplecrest Services Limited Liability Company	138 Vertex Drive, Apex Park, Austin, IL	United States
S1-002677	Meridian Systems Private Limited	124 Silverlin Road Cobalt Nagar Kochi Kerala 407416	IN
S1-002678	Meridian Enterprises Limited	123 Falcon Main, Goldleaf Nagar, Coimbatore, Gujarat, 524178	India
S1-002679	Orchid Enterprises Incorporated	119 Sunstone Drive Ironwood Park, Peoria	United States
S1-002680	Orchid Chemicals Limited	207 Falcon Street, Silverline Nagar, Jaipur	India
S1-002681	Orchid Chemicals Limited	89 Onyx Street Jaipur Kerala	India
S1-002682	Stonebridge Motors Incorporated	234 Summit Street, Summit Park, Peoria, OH, 78811	USA
S1-002683	Ravenwood Trading Private Limited	233 Orchid Crs, Pune, MP, 179092	IN
S1-002684	Falcon Quarry Systems Incorporated	38/68 Thistle Blvd, Sunstone Park, Fresno, AL	USA
S1-002685	Falcon Quarry Systems Incorporated	238 Lantern Street, Kestrel Park, Fresno, OH, 50512	USA
S1-002686	Harbor Industries Private Limited	236 Cobalt Cross, Juniper Nagar, Jaipur, Kerala	IN
S1-002687	Silverline Fabrics Private Limited	247 Ravenwood Marg, Brightpath Nagar, Kochi, Maharashtra, 434145	IN
S1-002688	Silverline Industries Company	35/5 Redwoood Blvd Bluepeak Park Tacoma	USA
S1-002689	Silverline Industries Company	114 Ravenwood Blvd, Mobile, OH, 38882	United States
S1-002690	Falcon Enterprises Corporation	53 Stonebridge Blvd, Austin	United States
S1-002691	Sunstone Solutions Private Limited	195 Brightpath Cross, Surat, 788628	India
S1-002692	Stonebridge Foods Limited	369 Northgate Mn, Orchid Nagar, Kochi, 704966	IN
S1-002693	Maplecrest Industries Incorporated	72 Bluepeak Blvd Akron CA 59625	US
S1-002694	Summit Chemicals Private Limited	79 Maplecrest Main, Kochi, 644609	India
S1-002695	Apex Services Private Limited	Harbor Marg, Silverline Nagar, Nagpur, Kerala, 457358	IN
S1-002696	Vertex Consultancy Private Limited	266 Orchid St Near SBI ATM Brightpath Nagar Indore Gujarat 948401	India
S1-002697	Meridian Motors Incorporated	267 Kestrel Boulevard, Harbor Park, Near Exit 14, Mobile, AL, 63093	US
S1-002698	Ironwood Services Company	Goldleaf Blvd, Brightpath Park, Lubbock, CA, 25814	USA
S1-002699	Quarry Services Corporation	86 Onyx St, Cobalt Park, Fresno, OH, 15746	United States
S1-002700	Brightpath Systems Limited Liability Company	84 Apex St Juniper Park Peoria IL 92559	US
S1-002701	Ironwood Chemicals Private Limited	170 Bluepeak Crs Cobalt Nagar Jaipur Tamil Nadu 427692	India
S1-002702	Silverline Clearwater Foods Limited Liability Company	282 Ravenwood Road, Austin, 78835, Cobalt Park	United States
S1-002703	Goldleaf Solutions Incorporated	253 Thistle Rd, Akron, 98245	USA
S1-002704	Ravenwood Services Company	68 Bluepeak Ave, Mobile, TX, 41788	USA
S1-002705	Harbor Industries Incorporated	250 Brightpath Rd, Meridian Park, Fresno, CA, 21639	United States
S1-002706	Harbor Industries Incorporated	207 Vertex Road, Harbor Park, Akron, AL, 52241	United States
S1-002707	Meridian Electricals Private Limited	Meridian Marg, Kochi, 177667	India
S1-002708	Meridian Electricals Private Limited	387 Sunstone Marg, Falcon Nagar, Jaipur, 455610	IN
S1-002709	Vertex Electricals Incorporated	Silverline Drive, Quarry Park, Tacoma, 28466	US
S1-002710	Vertex Electricals Incorporated	369 Clearwater Street, Bluepeak Park, Lubbock	United States
S1-002711	Ravenwood Consultancy Limited Liability Company	Stonebridge Road, Juniper Park, Lubbock, AL	United States
S1-002712	Ravenwood Consultancy Limited Liability Company	Brightpath Road, Thistle Park, Peoria, WA	United States
S1-002713	Falcon Textiles Private Limited	385 Falcon Main, Surat	India
S1-002714	Ravenwood Ironwood Enterprises Limited	5/5 Lantern Road, Near SBI ATM, Indore, 311174	IN
S1-002715	Redwood Motors Private Limited	226 Cobalt Crs, Kochi, Rajasthan, 287653	India
S1-002716	Summit Meridian Packaging Private Limited	133 Ironwood Marg Quarry Nagar Pune 105122	IN
S1-002717	Vertex Meridian Services Corporation	Onyx Dr, Mobile, IL, 64052	US
S1-002718	Stonebridge Redwood Industries Private Limited	37 Thistle St Behind Ganesh Temple Kochi	India
S1-002719	Stonebridge Redwood Industries Private Limited	158 Stonebridge Cross, Stonebridge Nagar, Indore, Gujarat, 877991	India
S1-002720	Falcon Stonebridge Trading Limited	153 Northgate Mn, Northgate Nagar, Pune, MP, 461958	IN
S1-002721	Falcon Stonebridge Trading Limited	50 Goldleaf Mn, Pune, Maharashtra	India
S1-002722	Thistle Services Private Limited	33/35 Vertex Marg, Coimbatore, Gujarat	IN
S1-002723	Maplecrest Quarry Fabrics Limited	322 Kestrel Crs, Northgate Nagar, Behind Ganesh Temple, Indore	IN
S1-002724	Quarry Industries Limited Liability Company	242 Stonebridge Rd, Quarry Park, Mobile	US
S1-002725	Quarry Industries Limited Liability Company	25 Thistle Rd, Opp. City Library, Mobile	United States
S1-002726	Goldleaf Clearwater Systems Company	247 Bluepeak Street, Lubbock ,40208	USA
S1-002727	Thistle Industries Incorporated	372 Goldleaf Street Vertex Park Akron IL 68946	United States
S1-002728	Brightpath Vertex Foods Company	168 Northgate Avenue, Meridian Park, Peoria, TX, 38906	USA
S1-002729	Brightpath Vertex Foods Company	289 Northgate Boulevard, Near xit 14, Ravenwood Park, Peoria, 84865	USA
S1-002730	Vertex Logistics Limited Liability Company	385 Kestrel Road, Harbor Park, Fresno, 44564, AL	United States
S1-002731	Bluepeak Systems Limited	Brightpath Crs, Jaipur	IN
S1-002732	Stonebridge Packaging Limited Liability Company	Opp. City Library 314 Silverline St Lubbock WA 41661	USA
S1-002733	Summit Services Corporation	280 Goldleaf Road Maplecrest Park Fresno WA 46081	United States
S1-002734	Summit Services Corporation	388 Northgate Road, Lantern Park, Fresno, AL, 66949	USA
S1-002735	Kestrel Logistics Limited	248 Northgate Marg, Onyx Nagar, ochi, Rajasthan, 210437	India
S1-002736	Cobalt Summit Chemicals Incorporated	260 Lantern Avenue, Ravenwood Park, Opp. City Library, Akron, OH, 85879	US
S1-002737	Silverline Textiles Private Limited	192 Kestrel Street, Near Metro Pillar 42, Kestrel Nagar, Coimbatore, 724723	India
S1-002738	Vertex Services Incorporated	329 Lantern Street Juniper Park Fresno 87172	United States
S1-002739	Cobalt Foods Private Limited	390 Maplecrest Marg, Stonebridge Nagar, Indore, Maharashtra, 551549	IN
S1-002740	Lantern Motors Corporation	385 Orchid Street,T acoma, 96116	United States
S1-002741	Redwood Cobalt Electricals Limited Liability Company	Juniper Rd, Goldleaf Park, Near Exit 14, Lubbock, 59411	US
S1-002742	Kestrel Logistics Limited	250 Apex Marg, Lantern Nagar, Indore, 972863	India
S1-002743	Meridian Silverline Motors Company	83 Harbor Road, Onyx Park, Mobile	United States
S1-002744	Vertex Foods Company	Behind the Civic Center, Tacoma, TX, 66597, 47 Vertex Rd	United States
S1-002745	Vertex Solutions Private Limited	99 Brightpath Street Indore Gujarat 418937	IN
S1-002746	Vertex Solutions Private Limited	257 Verteex Crs Jaipur	IN
S1-002747	Orchid Vertex Chemicals Company	Near Exit 14, Summit Drive, Goldleaf Park, Akron	US
S1-002748	Orchid Vertex Chemicals Company	107 Redwood St, Apex Park, Akron, AL	United States
S1-002749	Ironwood Electricals Company	179 Kestrel Blvd Sunstone Park Akron	United States
S1-002750	Ironwood Electricals Company	187 Juniper Dr, Cobalt Park, Akron, LI	United States
S1-002751	Onyx Lantern Chemicals Limited	Goldleaf Crs Stonebridge Nagar Indore Rajasthan 889919	IN
S1-002752	Onyx Lantern Chemicals Limited	86 Falcon St, Near SBI ATM, Juniper Nagar, Indore, MP	IN
S1-002753	Orchid Summit Systems Corporation	361 Meridian Avenue Clearwater Park Akron 42081	United States
S1-002754	Thistle Packaging Company	47 Onyx Street, Lubbock, OH, 12310	USA
S1-002755	Cobalt Consultancy Private Limited	96 Goldleaf Rd, Nagpur, MP	India
S1-002756	Quarry Logistics Private Limited	191 Clearwater Marg, Ravenwood Nagar, Jaipur, Kerala, 199486	India
S1-002757	Quarry Logistics Private Limited	376 Lantern Mn, Jaipur, 225465	India
S1-002758	Sunstone Fabrics Company	171 Juniper Boulevard, Summit Park, Lubbock, WA, 27351	United States
S1-002759	Onyx Motors Company	117 Maplecrest Blvd, Fresno, 45801	US
S1-002760	Onyx Motors Company	98 Silverline St, Ravenwood Park, Mobile, AL, 77507	US
S1-002761	Stonebridge Brightpath Fabrics Limited	Behind Ganesh Temple, 253 Kestrel Marg, Ravenwood Nagar, Kochi	India
S1-002762	Lantern Foods Company	381 Bluepeak Blvd Ravenwood Park Fresno TX	US
S1-002763	Juniper Juniper Consultancy Private Limited	295 Meridian St Apex Nagar Surat 543086	IN
S1-002764	Juniper Juniper Consultancy Private Limited	173 Onyx Main, Cobalt Nagar, Surat, Maharashtra, 223357	India
S1-002765	Quarry Enterprises Private Limited	137 Orchid Rd Redwood Naga Pune Rajasthan	IN
S1-002766	Quarry Enterprises Private Limited	129 Falcon Marg Orchid Nagar Surat 372239	IN
S1-002767	Orchid Services Private Limited	225 Northgate Street, Summit Nagar, Pune, MP, 479761	India
S1-002768	Ironwood Quarry Trading Limited Liability Company	321 Cobalt Ave, Orchid Park, Akron, 80331	USA
S1-002769	Ironwood Quarry Trading Limited Liability Company	235 Falcon Drive Kestrel Park Mobile 27156	United States
S1-002770	Bluepeak Juniper Motors Limited	235 Onyx Street, Thistle Nagar, Jaipur, 142108	India
S1-002771	Bluepeak Juniper Motors Limited	113 Ravenwood Road, Juniper Nagar, Coimbatore, 251874	IN
S1-002772	Kestrel Bluepeak Fabrics Private Limited	22 Clearwater Road Jaipur	IN
S1-002773	Maplecrest Industries Private Limited	212 Silverline Marg, Ravenwood Nagar, Pune, Rajasthan	IN
S1-002774	Quarry Electricals Incorporated	73 Bluepeak Drive, Ravenwood Park, Lubbock, CA, 85230	United States
S1-002775	Redwood Summit Trading Limited Liability Company	321 Vertex Rd, Brightpath Park, Tacoma	United States
S1-002776	Ravenwood Services Limited	94 Maplecrest Crs Onyx Nagar Nagpur Gujarat 818596	India
S1-002777	Ravenwood Services Limited	30 Brightpath Marg, Stonebridge Nagar, Kochi, Gujarat, 790458	IN
S1-002778	Harbor Logistics Corporation	6/55 Stonebridge Street Tacoma OH 55825	USA
S1-002779	Meridian Solutions Limited	102 Maplecrest St, Quarry Nagar, Coimbatore, Tamil Nadu, 457943	India
S1-002780	Cobalt Fabrics Private Limited	248 Redwood Rd Near SBI ATM Cobalt Nagar Jaipur Gujarat 858154	India
S1-002781	Ravenwood Orchid Solutions Limited	18 Silverline Road, Northgate Nagar, Coimbatore, Gujarat, 186739	IN
S1-002782	Redwood Textiles Limited	34 Silverline Marg, Surat	IN
S1-002783	Redwood Textiles Limited	Kestrel Road Meridian Nagar Pune	IN
S1-002784	Silverline Trading Corporation	294 Onyx Drive, Peoria	USA
S1-002785	Ravenwood Consultancy Incorporated	164 Brightpath Rd Quarry Park Tacoma	USA
S1-002786	Ravenwood Consultancy Incorporated	235 Kestrel Road, Goldleaf Park, Lubbock, TX	US
S1-002787	Bluepeak Bluepeak Motors Incorporated	Near Exit 14, 175 Redwood Road, Silverline Park, Lubbock, IL	USA
S1-002788	Bluepeak Bluepeak Motors Incorporated	143 Ironwood Ave, Lantern Park, Lubbock, 49321	USA
S1-002789	Redwood Sunstone Consultancy Private Limited	395 Juniper Cross Meridian Nagar Kochi	IN
S1-002790	Maplecrest Motors Private Limited	394 Juniper Cross, Stonberidge Nagar, Coimbatore	IN
S1-002791	Maplecrest Motors Private Limited	106 Stonebridge Crs, Near SBI ATM, Meridian Nagar, Coimbatore, Gujarat	IN
S1-002792	Brightpath Solutions Incorporated	367 Bluepeak Dr, Kestrel Park, Peoria, IL, 13034	United States
S1-002793	Northgate Juniper Industries Company	388 Summit Boulevard, Fresno, CA	US
S1-002794	Lantern Goldleaf Services Limited	344 Orchid Mn, Near Metro Pillar 42, Pune, Gjarat, 867904	IN
S1-002795	Harbor Motors Limited	217 Cobalt Rd, Meridian Nagar, Pune, 507194	IN
S1-002796	Cobalt Trading Incorporated	19 Onyx Avenue, Sunstone Park, Tacoma	United States
S1-002797	Ravenwood Services Limited Liability Company	269 Clearwater Blvd, Clearwater Park, Lubbock, 35584	USA
S1-002798	Northgate Textiles Corporation	211 Redwood Blvd, Behind the Civic Center, Silverline Park, Fresno, WA, 78093	United States
S1-002799	Silverline Motors Company	33/12 Maplecrest Ave, Redwood Park, Near Exit 14, Mobile, TX	USA
S1-002800	Lantern Industries Company	218 Bluepeak Ave, Tacoma, 60867	USA
S1-002801	Brightpath Consultancy Limited	233 Falcon St Indore Tamil Nadu	IN
S1-002802	Summit Northgate Solutions Private Limited	315 Lantern Rd, Opp. Bus Depot, Kochi, 72631, Kerala	India
S1-002803	Cobalt Industries Limited Liability Company	5/28 Redwood Street Juniper Park Peoria CA 14437	United States
S1-002804	Apex Northgate Systems Company	Sunstone Ave, Tacoma, CA, 18727	United States
S1-002805	Orchid Textiles Incorporated	158 Orchid Road, Kestrel Park, Near Exit 14, Austin, IL, 22887	United States
S1-002806	Goldleaf Services Limited Liability Company	334 Lantern Road, Opp. City Library, Apex Park, Austin	USA
S1-002807	Harbor Trading Private Limited	281 Bluepeak Rd, Cobalt Ngaar, Pune, Kerala, 117762	IN
S1-002808	Meridian Motors Private Limited	22/54 Brightpath Cross, Apex Nagar, Nagpur, Maharashtra	India
S1-002809	Lantern Harbor Electricals Limited	302 Lantern Crs, Surat, Gujarat, 976561	India
S1-002810	Kestrel Meridian Consultancy Limited	45 Kestrel Marg, Coimbatore, Rajasthan, 433415	India
S1-002811	Northgate Orchid Chemicals Limited Liability Company	4 Kestrel Ave Maplecrest Park OH 41480 Tacoma	US
S1-002812	Northgate Orchid Chemicals Limited Liability Company	109 Maplecrest Blvd Harbor Park Tacoma TX	US
S1-002813	Lantern Harbor Systems Corporation	232 Sunstone Drve Redwood Park Mobile CA 96478	US
S1-002814	Clearwater Industries Incorporated	9/81 Ravenwood Avenue, Fresno, OH, 62973, Near Exit 14	United States
S1-002815	Clearwater Industries Incorporated	Fresno, O, 157 Falcon Rd	USA
S1-002816	Lantern Consultancy Limited	341 Onyx Road, Indore, 734156	India
S1-002817	Cobalt Textiles Limited	124 Clearwater Street, Behind Ganesh Temple, Thistle Nagar, Surat, Gujarat, 224463	IN
S1-002818	Bluepeak Enterprises Private Limited	317 Cobalt Cross, Behind Ganesh Temple, Kochi, 778683	India
S1-002819	Harbor Packaging Incorporated	345 Goldleaf St, Ravenwood Park, Tacoma, OH, 89556	USA
S1-002820	Harbor Packaging Incorporated	Lantern Blvd, Lantern Park, Fresno, 21527	USA
S1-002821	Silverline Enterprises Limited Liability Company	396 Brightpath Rd, Kestrel Park, Tacoma, 81758	USA
S1-002822	Silverline Enterprises Limited Liability Company	119 Falcon Drive Fresno 92130	United States
S1-002823	Clearwater Trading Private Limited	Near SBI ATM, 12/28 Bluepeak Crs, Pune, MP, 678824	IN
S1-002824	Apex Consultancy Company	395 Harbor Street, Akron, IL, 63389	United States
S1-002825	Maplecrest Packaging Limited	257 Stonebridge Cross, Coimbatore, Tamil Nadu, 280983	IN
S1-002826	Thistle Meridian Textiles Limited	Near SBI ATM, Ravenwoo dMarg, Silverline Nagar, Jaipur, 769457	IN
S1-002827	Bluepeak Motors Incorporated	Behind the Civic Center, Tacoma, WA, 392 Orchid Street	United States
S1-002828	Silverline Solutions Limited	Redwood Road, Pune, 951271	IN
S1-002829	Orchid Motors Private Limited	54 Brightpath Marg, Sunstone Nagar, Pune, Tamil Nadu	India
S1-002830	Orchid Motors Private Limited	Kestrel Stret, Pune, Maharashtra, 853683, Kestrel Nagar	India
S1-002831	Thistle Enterprises Private Limited	28/48 Quarry Crs, Kochi, Sunstone Nagar	India
S1-002832	Thistle Enterprises Private Limited	Apex Marg, Stonebridge Nagar, Kochi	India
S1-002833	Goldleaf Consultancy Incorporated	396 Northgate Ave, Behind the Civic Center, Austin, Ravenwood Park	United States
S1-002834	Goldleaf Consultancy Incorporated	301 Silverline Avenue, Clearwater Park, Austin, OH, 18847	USA
S1-002835	Vertex Trading Private Limited	216 Goldleaf Mn, Summit Nagar, Maharashtra, Coimbatore	India
S1-002836	Kestrel Motors Corporation	266 Kestrel Dr, Lantern Park, Fresno, IL, 92435	US
S1-002837	Kestrel Motors Corporation	Golleaf Ave, Fresno, AL, 46809	United States
S1-002838	Summit Textiles Incorporated	Lantern Blvd, Peoria, 89370	United States
S1-002839	Juniper Lantern Chemicals Private Limited	12/47 Northgate Marg, Goldleaf Nagar, Coimbatore	IN
S1-002840	Harbor Chemicals Limited	91 Ironwood St, Harbor Nagar, Near Metro Pillar 42, Coimbatore	IN
S1-002841	Lantern Textiles Incorporated	51 Apex Boulevadr Peoria CA	United States
S1-002842	Kestrel Packaging Limited	123 Thistle Rd Jaipur Rajasthan 953855	India
S1-002843	Redwood Maplecrest Solutions Company	109 Brightpath Blvd, Sunstone Park, Mobile, 39413	USA
S1-002844	Onyx Bluepeak Motors Private Limited	10/88 Lantern St, Harbor Nagar, Kochi, Rajasthan, 309670	India
S1-002845	Onyx Bluepeak Motors Private Limited	380 Ironwood Road, Lantern Nagar, Kochi, Tamil Nadu, 732420	India
S1-002846	Meridian Textiles Limited	83 Stonebridge Road, Nagpur, Kerala, 293410	IN
S1-002847	Cobalt Solutions Private Limited	278 Kestrel St, Opp. Bus Depot, Harbor Nagar, Surat, Maharashtra, 943918	India
S1-002848	Thistle Electricals Company	20/13 Thistle Rd, Mobile, TX, 68377, Northgate Park	USA
S1-002849	Thistle Electricals Company	18 Maplecrest Road, Opp. City Library, Brightpath Park, Mobile	USA
S1-002850	Goldleaf Orchid Solutions Private Limited	382 Kestrel St, Juniper Nagar, Coimbatore, 399727	India
S1-002851	Goldleaf Orchid Solutions Private Limited	Lantern Road, Kestrel Nagar, Behind Gannesh Temple, Pune, 167778	IN
S1-002852	Bluepeak Services Private Limited	332 Falcon Main, Silverline Nagar, Surat, 732478	India
S1-002853	Northgate Goldleaf Foods Limited	129 Kestrel Marg, Quarry Nagar, Jaipur	India
S1-002854	Bluepeak Enterprises Private Limited	129 Northgatee Street, Brightpath Nagar, Surat, MP, 506525	IN
S1-002855	Bluepeak Enterprises Private Limited	5 Redwood Cross, Surat, MP, 510052	India
S1-002856	Clearwater Packaging Private Limited	Near SBI ATM, 10/26 Summit Road, Brightpath Nagar, Jaipur, Gujarat, 836066	IN
S1-002857	Brightpath Foods Incorporated	11/61 Goldleaf Blvd, Cobalt Park, Fresno ,63195	United States
S1-002858	Goldleaf Textiles Incorporated	32 Stonebrdge Boulevard, Fresno	USA
S1-002859	Goldleaf Textiles Incorporated	Kestrel Drive, Harbor Park, Fresno, WA, 46583	United States
S1-002860	Stonebridge Fabrics Private Limited	37 Northgate St, Juniper Nagar, Indore, Gujarat, 581143	IN
S1-002861	Stonebridge Fabrics Private Limited	30/80 Ravenwood Cross, Indore, 883402	IN
S1-002862	Silverline Chemicals Limited	Juniper Marg, Coimbatore, 495032, Rajasthan	IN
S1-002863	Stonebridge Industries Incorporated	171 Ironwood Ave, Behind the Civic Cente,r Onyx Park, Peoria, IL, 32419	US
S1-002864	Sunstone Trading Incorporated	28 Apex Blvd, Bluepeak Park, Peoria, AL	US
S1-002865	Bluepeak Apex Chemicals Limited	258 Bluepeak Marg, Thistle Nagar, Near SBI ATM, Coimbatore, Tamil Nadu	India
S1-002866	Apex Textiles Private Limited	Meridian Road, Nagpur, Near Metro Pillar 42	IN
S1-002867	Apex Textiles Private Limited	122 Brightpath Street, Summit Nagar, Nagpur, Kerala, 687448	India
S1-002868	Cobalt Textiles Private Limited	102 Appex Marg, Silverline Nagar, Pune, Kerala, 232124	India
S1-002869	Cobalt Textiles Private Limited	Near SBI ATM, 297 Sunstone Marg, Brightpath Nagar,J aipur	India
S1-002870	Maplecrest Summit Fabrics Limited Liability Company	278 Quarry Blvd Summit Park Austin	US
S1-002871	Goldleaf Stonebridge Foods Private Limited	240 Sunstone Main, Meridian Nagar, Kochi ,Rajasthan, 991701	India
S1-002872	Goldleaf Stonebridge Foods Private Limited	376 Cobalt Marg Orchid Nagar Kochi Kerala	IN
S1-002873	Northgate Textiles Incorporated	167 Juniper Blvd, Mobile, 60167	USA
S1-002874	Redwood Services Limited	124 Vertex Crs, Pune, Rajaasthan, 580733	IN
S1-002875	Cobalt Motors Incorporated	9 Juniper St, Apex Park, Peoria, WA, 24009	USA
S1-002876	Silverline Goldleaf Industries Private Limited	355 Falcon Road, Behind Ganesh Temple, Harbor Nagar, Kochi	India
S1-002877	Falcon Enterprises Incorporated	397 Northgate Street, Onyx Park, LLubbock, 49242	US
S1-002878	Falcon Enterprises Incorporated	13/79 Clearwater Rd Onyx ark Akron 43147	United States
S1-002879	Juniper Stonebridge Foods Company	197 Maplecrest Ave, Austin,I L	US
S1-002880	Apex Services Private Limited	137 KestrelRd, Brightpath Nagar, Kochi, Maharashtra, 365288	IN
S1-002881	Onyx Trading Private Limited	Behind Ganesh Temple, 168 Brightpath Marg, Kochi, 876805	India
S1-002882	Maplecrest Chemicals Corporation	224 Vertex Dr, Onyx Park, Akron, 95302	US
S1-002883	Clearwater Summit Enterprises Incorporated	69 Meridian Aevnue, Opp. City Library, Summit Park, Fresno	United States
S1-002884	Apex Chemicals Private Limited	30 Kestrel Cross, Stonebridge Nagar, Kochi, Tamil Nadu, 589158	India
S1-002885	Northgate Electricals Corporation	13 Apex Blvd, Juniper Park, Lubbock, IL	United States
S1-002886	Quarry Electricals Private Limited	99 Northgate Marg, Near Metro Pillar 42, Quarry Nagar, Nagpur, 958461	IN
S1-002887	Quarry Electricals Private Limited	17/53 Summit Mn, Ravenwood Nagar, Nagpur, Rajasthan, 285159	India
S1-002888	Sunstone Vertex Electricals Incorporated	60 Sunstone Blvd, Juniper Park, Mobile, 88369	United States
S1-002889	Quarry Systems Limited	96 Clearwater Mn, Jaipur, 559438	India
S1-002890	Quarry Systems Limited	224 Clearwater Street, Clearwater Nagar, Jaipur, Kerala, 141061	India
S1-002891	Juniper Enterprises Company	78 Kestrel Boulevard, Tacoma	US
S1-002892	Clearwater Chemicals Limited	Harbor Road, Bluepeak Naga,r Jaipur, 916603	IN
S1-002893	Summit Electricals Limited Liability Company	245 Apex Dr Falcon ParkAkron OH 80886	USA
S1-002894	Summit Electricals Limited Liability Company	Summit Ave Lubbock CA	US
S1-002895	Sunstone Summit Chemicals Corporation	356 Cobalt Road, Meridian Park, Akron, 16422	United States
S1-002896	Bluepeak Electricals Corporation	147 Quarry Ave Brightpath Park CA 20238 Fresno	US
S1-002897	Bluepeak Electricals Corporation	320 Thistle Boulevard, Kestrel Park, Fresno, TX, 60462	USA
S1-002898	Orchid Northgate Services Private Limited	352 Ironwood Road, Nrthgate Nagar, Indore, Tamil Nadu, 708555	IN
S1-002899	Bluepeak Consultancy Limited	63 Cobalt Main, Apex Nagar, Kochi, Maharashtra, 959060	India
S1-002900	Cobalt Bluepeak Industries Company	1 Thistle Ave Opp. City Library Onyx Park Austin WA	USA
S1-002901	Harbor Maplecrest Foods Limited	217 Falcon Marg, Clearwater Nagar, Jaipur, MP	India
S1-002902	Ravenwood Services Private Limited	Harbor Crs, Goldleaf Nagar, Jaipur, Kerala, 153631	India
S1-002903	Apex Logistics Incorporated	164 Clearwater Drive, Bluepeak Park, Tacoma	US
S1-002904	Northgate Chemicals Private Limited	283 Harbor Rd, Goldleaf Nagar, Coimbatore, Gujarat, 820964	IN
S1-002905	Northgate Kestrel Electricals Incorporated	124 Northgate Rd, Summit Park, Austin, 36498	United States
S1-002906	Cobalt Brightpath Fabrics Private Limited	274 Summit oRad Silverline Nagar Indore Tamil Nadu 815238	IN
S1-002907	Sunstone Apex Fabrics Private Limited	121 Silverline Rd Clearwater Nagar Nagpur Tamil Nadu 887887	IN
S1-002908	Orchid Packaging Corporation	23 uniper Avenue Stonebridge Park Akron OH 18325	United States
S1-002909	Vertex Enterprises Private Limited	199 Onyx Crs Quarry Nagar Pune Tamil Nadu 330116	IN
S1-002910	Redwood Brightpath Packaging Limited	155 Quarry Road Cobalt Naagr Surat Gujarat	India
S1-002911	Redwood Brightpath Packaging Limited	338 Harbor Street, Stonebridge Nagar, Kochi, Maharashtra, 568533	IN
S1-002912	Silverline Kestrel Enterprises Private Limited	Surat, Maharashtra, 63 Cobalt Street	India
S1-002913	Stonebridge Clearwater Solutions Limited Liability Company	Near Exit 14, 397 Maplecreest Drive, Stonebridge Park, Peoria, AL	United States
S1-002914	Stonebridge Clearwater Solutions Limited Liability Company	112 Falcon Ave, WA, Akron	US
S1-002915	Meridian Motors Private Limited	100 Maplecrest Crs, Northgate Nagar, Coimbatore, Tamil Nadu, 864099	IN
S1-002916	Northgate Foods Corporation	35/44 Apex St, Onyx Park, Peoria, AL, 73459	United States
S1-002917	Goldleaf Apex Trading Incorporated	27 Harbor Drive, Northgate Park, Mobile, IL, 68004	USA
S1-002918	Orchid Fabrics Limited	291 Clearwater Marg, Ravenwood Nagar, Indore, 714121	IN
S1-002919	Clearwater Foods Private Limited	Opp. Bus Depot, 184 Lantern Crs, Surat, Tamil Nadu, 278782	India
S1-002920	Clearwater Foods Private Limited	Near SBI ATM 247 Orchid St Ironwood Nagar Nagpur	IN
S1-002921	Juniper Chemicals Company	29 Quarry St SSilverline Park Fresno IL	United States
S1-002922	Juniper Chemicals Company	115 Juniper Street, Meridian Park, Fresno	USA
S1-002923	Ravenwood Solutions Incorporated	217 Thistle Dr, Stonebridge Park, Austin, 80869	US
S1-002924	Ravenwood Solutions Incorporated	Summit Ave, Cobalt Park, Fresno, TX, 55645	USA
S1-002925	Redwood Packaging Limited	399 Clearwater Street, Goldleaf Nagar, Nagpur, Tamil Nadu, 904558	IN
S1-002926	Ironwood Consultancy Private Limited	167 Silverline Crs, Maplecrest Nagar, Surat, 587393	IN
S1-002927	Maplecrest Solutions Company	39/63 Lantern Boulevard, Maplecrest Park, Mobile, 74145	US
S1-002928	Maplecrest Solutions Company	271 Summit Avenue Onyx Park Lubbock	United States
S1-002929	Lantern Services Private Limited	59 Apex St, Onyx Nagar, Nagpur, 719285	IN
S1-002930	Falcon Consultancy Incorporated	Goldleaf Dr, Falcon Park, Akron	USA
S1-002931	Onyx Industries Private Limited	5 Stonebridge Marg, Maplecrest Nagar, Jaipur, MP, 766220	India
S1-002932	Thistle Quarry Chemicals Limited	Falcon Main, Maplecrest Nagar, Sura, MP, 411425	India
S1-002933	Cobalt Foods Limited	Near SBI ATM 194 Ironwood Rd, Goldleaf Nagar, Coimbatore, MP	India
S1-002934	Cobalt Foods Limited	333 Maplecrest Cross, Behind Ganesh Temple, Kestrel Nagar, Pune, 661802	India
S1-002935	Summit Chemicals Private Limited	352 Vertex St, Brightpath Nagar, Nagpur, Tamil Nadu	India
S1-002936	Cobalt Ironwood Solutions Private Limited	Meridian Main, Sunstone Nagar, Nagpur	India
S1-002937	Ravenwood Electricals Private Limited	262 Stonebridge Marg Bluepeak Nagar Surat 315773	IN
S1-002938	Orchid Consultancy Limited Liability Company	338 Northgate Road, Stonebridge Park, Peoria, IL	USA
S1-002939	Redwood Redwood Enterprises Private Limited	159 Orchid Road, Orchid Nagar, Jaipur, Kerala, 532132	IN
S1-002940	Lantern Summit Solutions Incorporated	Kestrel Rd, Thistle Park, Lubbock, 82599	USA
S1-002941	Stonebridge Orchid Electricals Limited Liability Company	120 Stonebridge Avenue, Vertex Park, Fresno, OH, 44788	USA
S1-002942	Northgate Electricals Incorporated	132 Thistle Blvd Austin OH 91800	USA
S1-002943	Ironwood Stonebridge Fabrics Private Limited	Harbor Marg Near SBI ATM Jaipur MP 197726	India
S1-002944	Bluepeak Textiles Corporation	331 Orchid Ave, Vertex Park, Peoria, 26341	USA
S1-002945	Harbor Textiles Limited Liability Company	32/86 Redwood Ave, Near Exit 14, Peoria, AL	USA
S1-002946	Harbor Textiles Limited Liability Company	351 Ironwood Ave, Juniper Park, Austin, OH, 15765	USA
S1-002947	Clearwater Chemicals Incorporated	27 Thistle Ave, Akron, 78539	United States
S1-002948	Harbor Services Limited Liability Company	Behind the Civic Center, 34 Thistle Boulevard, Sunstone Park, Austin, WA, 62198	USA
S1-002949	Stonebridge Brightpath Motors Limited	206 Sunstone Mn, Silverline Nagar, Indore, Rajasthan, 810696	India
S1-002950	Orchid Chemicals Company	231 Goldleaf Boulevard, Meridian Park, Fresno, AL, 36066	United States
S1-002951	Orchid Chemicals Company	279 Silverline Road, Ravenwood Park, Tacoma	United States
S1-002952	Vertex Logistics Private Limited	6 Juniper Marg, Harbor Naagar, Indore, 889286	IN
S1-002953	Onyx Falcon Textiles Limited	Maplecrest Marg, Behind Ganesh Temple, Indore, Tamil Nadu, 183054	India
S1-002954	Summit Electricals Limited Liability Company	221 Quarry Avenue, Onyx Park, Near Exit 14, Akron, 10452	US
S1-002955	Brightpath Bluepeak Logistics Private Limited	88 Silverine Rd Surat Gujarat 285222	India
S1-002956	Brightpath Bluepeak Logistics Private Limited	13/15 Orchid Cross, Ironwood Nagar, Surat, Maharashtra	India
S1-002957	Meridian Motors Private Limited	1774 Redwood St Nagpur Gujarat	IN
S1-002958	Lantern Juniper Electricals Private Limited	300 Ravenwood Street, Orchid Nagar, Jaipur	India
S1-002959	Lantern Textiles Private Limited	Meridian Marg, Ironwood Nagar, Pune, Rajasthan, 380387	India
S1-002960	Maplecrest Ravenwood Fabrics Limited	97 Cobalt Street, Ravenwood Nagar, Coimbatore, Tamil Nadu	India
S1-002961	Silverline Stonebridge Fabrics Private Limited	232 Clearwater Road, Nagpur, Maharashtra, 331513	IN
S1-002962	Meridian Brightpath Consultancy Private Limited	Vertex Street, Meridian Nagar, Kochi, Gujarat	India
S1-002963	Quarry Consultancy Limited	221 Kestrel Cross 852066 Indore	IN
S1-002964	Bluepeak Thistle Trading Corporation	240 Harbor Drive, Austin, Meridian Park	United States
S1-002965	Maplecrest Industries Corporation	392 Sunstone Boulevard, Ravenwood Park, Lubbock, AL	USA
S1-002966	Harbor Textiles Corporation	Opp. City Library, 54 Quarry Street, Apex Park, Akron	United States
S1-002967	Summit Motors Company	252 Thistle Road, Apex Park, Fresno, WA, 56022	US
S1-002968	Ravenwood Chemicals Private Limited	280 Sunstone Main Lantern Nagar PuneK erala 963254	IN
S1-002969	Onyx Solutions Private Limited	207 Silverline Crs Silverline Nagar Near Metro Pillar 42 Nagpur Gujarat	India
S1-002970	Falcon Ironwood Industries Limited Liability Company	286 Falcon Blvd, Behind the Civic Centeer, Juniper Park, Austin, AL	United States
S1-002971	Northgate Packaging Private Limited	178 Northgate Marg, Kestrel Nagar, Pune, 892526	IN
S1-002972	Orchid Onyx Enterprises Incorporated	2666 Vertex Road, Fresno, WA, 99236	United States
S1-002973	Cobalt Logistics Corporation	311 Ironwood Blvd, Ravenwood Park, Akron	United States
S1-002974	Cobalt Logistics Corporation	115 Orchid St, Thistle Park, Lubbock, AL	USA
S1-002975	Kestrel Systems Limited Liability Company	13 Ravenwood Avenue Nearr Exit 14 Clearwater Park Akron 84253	USA
S1-002976	Sunstone Stonebridge Systems Private Limited	374 Falcon Marg, Coimbatore, 286676	India
S1-002977	Ironwood Fabrics Company	239 Lantern Blvd, Quarry Park, Fresno, OH, 23826	US
S1-002978	Thistle Packaging Company	Opp. City Library, 102 Cobalt Dr, Sunstone PPark, Tacoma, TX, 86460	USA
S1-002979	Meridian Consultancy Private Limited	211 Onyx St, Indore, Rajasthan, 371879	IN
S1-002980	Meridian Fabrics Private Limited	Orchid Marg, Harbor Nagar, Near SBI ATM, Pune, 323787	IN
S1-002981	Orchid Systems Limited	54 Ironwood Road, Juniper Nagar, Coimbatore, Kerala, 503469	IN
S1-002982	Quarry Apex Solutions Company	295 Brightpath Dr, Orchid Park, Tacoma, CA, 44970	USA
S1-002983	Quarry Apex Solutions Company	297 Vertex Ave Falcon Park Tacoma AL 83466	US
S1-002984	Sunstone Systems Corporation	Lantern St Peoria IL	United States
S1-002985	Sunstone Systems Corporation	Goldleaf Ave, Juniper Park, Peoria, IL, 29181	USA
S1-002986	Sunstone Redwood Motors Limited	335 Stonebridge Cross, Ravenwood Nagar, Kochi, 454686	India
S1-002987	Orchid Industries Company	91 Stonebridge Boulevard, Harbor Park, Tacoma,T X	US
S1-002988	Redwood Logistics Private Limited	103 Bluepeak Main, Stonebridge Nagar, Surat, 387182	India
S1-002989	Redwood Logistics Private Limited	Northgate Rd, Rdwood Nagar, Surat, MP, 587927	India
S1-002990	Quarry Solutions Private Limited	273 Bluepeak Street, Coimbatore, Gujarat, 998143	IN
S1-002991	Maplecrest Systems Limited Liability Company	255 Redwood St, Mobile, AL, 46676	US
S1-002992	Summit Logistics Private Limited	101 Apex Marg, Goldleaf Nagar, Surat, 574600	India
S1-002993	Lantern Enterprises Limited	Summit Marg, Maplecrest Nagar, Pune	IN
S1-002994	Thistle Chemicals Private Limited	76 Vertex Cross, Coimbatore	IN
S1-002995	Cobalt Industries Limited	Near SBI ATM, 386 Lantern St, Indore, 174313	IN
S1-002996	Clearwater Enterprises Limited	48 Goldleaf Crs, Kestrel Nagar, Jaipur, 227786	India
S1-002997	Clearwater Enterprises Limited	Apex Crs Redwood Nagar Jaipur 450591	India
S1-002998	Juniper Electricals Private Limited	50 Clearwater Marg Stonebridge Nagar Pune Rajasthan 976299	India
S1-002999	Harbor Services Limited Liability Company	396 Falcon Rd Onyx Park ePoria CA	US
S1-003000	Sunstone Services Limited	245 Clearwater Street, Redwood Nagar, Pune, Tamil Nadu, 264098	India
S1-003001	Falcon Electricals Private Limited	88 Cobalt Street, Coimbatore, MP, 492450	IN
S1-003002	Falcon Electricals Private Limited	Near SBI ATM, 342 Apex Cross, Ironwood Nagar, Pune, Gujarat, 903354	IN
S1-003003	Meridian Industries Private Limited	389 Maplecrest Mn, Redwood Nagar, Surat, Maharashtra, 487764	India
S1-003004	Juniper Enterprises Incorporated	395 Onyx Blvd, Peoria, 20512	US
S1-003005	Silverline Services Incorporated	226 Thistle Blvd, Redwood Park, Fresno, TX	USA
S1-003006	Ironwood Consultancy Limited Liability Company	231 Northgate Street, Fresno	US
S1-003007	Ironwood Consultancy Limited Liability Company	Near Exit 14, 50 Northgate Blvd, Quarry Park, Akron, WA, 18437	USA
S1-003008	Onyx Motors Corporation	Apex Street, Fresno, TX, 91759	USA
S1-003009	Quarry Systems Company	339 Quarry Avenue, Fresno, OH, 15430	United States
S1-003010	Clearwater Industries Private Limited	140 Thistle Cross, Silverline Nagar, Pune, MP	India
S1-003011	Sunstone Quarry Trading Company	Stonebridge Rd, Redwood Park, Lubbock	USA
S1-003012	Maplecrest Foods Corporation	137 Onyx Street, Quarry Park, Austin, AL, 44536	United States
S1-003013	Maplecrest Foods Corporation	60 Clearwater Boulevard, Northgate Park, Austin, TX, 42575	USA
S1-003014	Bluepeak Motors Private Limited	Summit Crs Clearwater Nagar Jaipur Rajasthan 729379	IN
S1-003015	Bluepeak Motors Private Limited	199 Sunstnoe Mn, Clearwater Nagar, Near Metro Pillar 42, Jaipur, Rajasthan	India
S1-003016	Brightpath Chemicals Incorporated	176 Northgate Ave, Juniper Park, Lubbock, IL	USA
S1-003017	Falcon Foods Corporation	343 Brightpath Dr, Falcon Park, Austin	US
S1-003018	Kestrel Services Private Limited	29/29 Kestrel St, Surat, MP	India
S1-003019	Juniper Enterprises Company	Stonebridge Drive, Opp. City Library, Juniper Park, Tacoma, CA	US
S1-003020	Orchid Systems Limited	191 Apex St, Indore, Tamil Nadu, 921980	IN
S1-003021	Ravenwood Motors Company	Mobile, 10783, 258 Northgate Boulevard	US
S1-003022	Sunstone Systems Limited	Lantern Crs, Surat	India
S1-003023	Stonebridge Motors Incorporated	93 Ravenwood Boulevard, Goldleaf Park, Austin, WA	USA
S1-003024	Redwood Packaging Company	125 Clearwater St, Quarry Park, Akron, 39938	US
S1-003025	Redwood Packaging Company	23 Redwood Avenue, Northgate Park, Akron, AL	USA
S1-003026	Lantern Consultancy Private Limited	193 Falcon Marg, Clearwater Nagar, Indore	India
S1-003027	Apex Logistics Private Limited	132 Summit Road Stonebridge Nagar Behind Ganesh Temple Jaipur	India
S1-003028	Kestrel Services Limited	Harbor Street, Northgate Nagar, Kochi, 619976	India
S1-003029	Kestrel Services Limited	228 Clearwater St, Falcon Nagar, Kochi, MP, 717347	IN
S1-003030	Thistle Systems Company	Clearwater Street, Quarry Park, Peoria, TX, 28058	US
S1-003031	Stonebridge Systems Company	28 Harbor Blvd, Silverline Park, Mobile, CA, 90993	USA
S1-003032	Stonebridge Consultancy Incorporated	5 Meridian Blvd, Ironwood Park, Behind the Civic Center, Tacma, 50070	US
S1-003033	Stonebridge Consultancy Incorporated	Apex Boulevard, Goldleaf Park, Mobile, IL, 81646	US
S1-003034	Juniper Sunstone Trading Company	379 Summit Boulevard, Thistle Park, Fresno	US
S1-003035	Juniper Sunstone Trading Company	Brightpath Drive, Onyx Park, Fresno, 39663	US
S1-003036	Ravenwood Packaging Private Limited	Near SBI ATM, 321 Onyx Rd, Ironwood Nagar, Indore, Maharashtra, 609693	IN
S1-003037	Ravenwood Foods Company	207 Orchid Rd, Opp. City Library, Falcon Park, Tacoma, 69484	US
S1-003038	Maplecrest Consultancy Incorporated	150 Sunstone Dr, Stonebridge Park, Peoria, TX	US
S1-003039	Maplecrest Consultancy Incorporated	179 Ravenwood St, Near Exit 14, Juniper Park, Peoria, TX	US
S1-003040	Lantern Packaging Company	Maplecrest Dr, Opp. City Library, Fresno, 83229	USA
S1-003041	Silverline Stonebridge Chemicals Incorporated	251 Sunstone Avenue, LLubbock, IL, 89397	United States
S1-003042	Redwood Motors Private Limited	353 Sunstone Mn, Ravenwood Nagar, Pune, Tamil Nadu, 781095	IN
S1-003043	Clearwater Electricals Limited	242 Apex Rd, Onyx Nagar, Pune, Rajasthan	India
S1-003044	Clearwater Electricals Limited	11 Northgate Crs Juniper Nagar Pune Tamil Nadu 315707	IN
S1-003045	Vertex Textiles Incorporated	121 Sunstone Avenue, Ironwood Park, Tacoma	US
S1-003046	Vertex Textiles Private Limited	21/52 Meridian Main, Thistle Nagar, Surat, Rajasthan, 196577	India
S1-003047	Thistle Ravenwood Consultancy Corporation	Goldleaf Ave, Peoria, OH, 41200	United States
S1-003048	Silverline Chemicals Corporation	346 Redwood Rd, Goldleaf Park, Fresno, OH	US
S1-003049	Redwood Chemicals Company	165 Orchid Road Sunstone Park Fresno AL 281115	US
S1-003050	Quarry Consultancy Corporation	231 Brightpath St, Tacoma, OH, 53192	USA
S1-003051	Quarry Consultancy Corporation	315 Falcon Street Juniper Park Lubbock 70863	US
S1-003052	Thistle Services Company	291 Cleearwater Dr Northgate Park Lubbock WA 81891	USA
S1-003053	Thistle Services Company	392 Northgatee Rd, Sunstone Park, Lubbock, OH, 28455	US
S1-003054	Vertex Motors Corporation	172 Orchid Dr, Onyx Park, Akron, WA, 13521	US
S1-003055	Vertex Motors Corporation	222 Goldleaf Street, Lubbock, CA, 75229	United States
S1-003056	Thistle Sunstone Enterprises Limited	361 Sunstone Street, Near Metro Pillar 42, Coimbatore, Maharashtra, Maplecrest Nagar	India
S1-003057	Thistle Sunstone Enterprises Limited	147 Brightpath Cross, Jaipur, MP, 853419	IN
S1-003058	Brightpath Packaging Limited	Ravenwood Main Ironwood Nagar Indore Rajasthan 444970	IN
S1-003059	Stonebridge Chemicals Private Limited	65 Ravenwood St Brightpath Nagar Jaipur 278407 Rajasthan	IN
S1-003060	Stonebridge Solutions Private Limited	294 Ironwood Marg, Harbor Nagar, Pune, 848232	IN
S1-003061	Juniper Electricals Private Limited	180 Onyx Road, Kochi, 690034	IN
S1-003062	Sunstone Stonebridge Trading Corporation	197 Harbor Dr, Meridian Park, Tacoma, TX	US
S1-003063	Kestrel Chemicals Incorporated	377 Goldleaf Dr, Mobile, TX, 51182	USA
S1-003064	Summit Solutions Private Limited	319 Bluepeak Road, Redwood Nagar, Kochi, 920158	India
S1-003065	Silverline Enterprises Corporation	107 Redwood Boulevard, Ironwood Park, Peoria, WA	USA
S1-003066	Orchid Solutions Limited Liability Company	192 Northgate Avenue, Brightpath Park, Austin, 38159	US
S1-003067	Lantern Trading Private Limited	34 Summit Street Bluepeak Nagar Coimbatore MP	India
S1-003068	Redwood Clearwater Motors Limited	290 Onyx Street, Orchid Nagar, Indore, Tamil Nadu, 415723	IN
S1-003069	Harbor Consultancy Limited Liability Company	Near Exit 14, 342 Ravenwood Drive, Lubbock	United States
S1-003070	Redwood Ironwood Trading Incorporated	37 Thistle Ave, Harbor Park, Akron, AL	US
S1-003071	Northgate Trading Limited	385 Cleaarwater Road, Nagpur, 872425	IN
S1-003072	Silverline Fabrics Private Limited	113 Ironwood Main, Falcon Naagar, Kochi, Maharashtra, 771601	India
S1-003073	Orchid Packaging Private Limited	380 Meridian Cross Lantern Nagar Pune Gujarat	IN
S1-003074	Orchid Packaging Private Limited	365 Maplecrest  St Bluepeak Nagar Kochi Gujarat 914456	India
S1-003075	Meridian Chemicals Limited	328 Meridian Road, Orchid Nagar, Near Metro Pillar 42, Coimbatore, MP, 826862	IN
S1-003076	Meridian Consultancy Private Limited	Near Metro Pillar 42, 168 Goldleaf Mn, Northgate Nagar, Jaipur, Maharashtra	IN
S1-003077	Summit Packaging Private Limited	377 Goldleaf Rd, Near Metro Pillar 42, Apex Nagar, Pune, Maharashtra, 780154	IN
S1-003078	Summit Packaging Private Limited	Apex Mn, Summit Nagar, Pune, Maharashtra, 792480	India
S1-003079	Meridian Packaging Incorporated	231 Silverline Dr Northgate Park Fresno 96516	United States
S1-003080	Meridian Packaging Incorporated	302 Falcon Avenue, Maplecrest Park, Mobile, OH, 92843	USA
S1-003081	Silverline Textiles Private Limited	223 Meridian Marg, Stonebridge Nagar, Maharashtra, 635829, Coimbatore	IN
S1-003082	Apex Solutions Private Limited	118 Goldleaf Road, Thistle Nagar, Surat, 985702	IN
S1-003083	Juniper Solutions Corporation	31/76 Redwood Boulevard, Meridian Park, Peoria, 48816	US
S1-003084	Summit Bluepeak Consultancy Limited	262 Apex Main, Behind Ganesh Temple, Juniper Nagar, Jaipur, Tamil Nadu	IN
S1-003085	Juniper Fabrics Corporation	161 Maplecrest Avenue, Ironwood Park, Peoria, AL, 42959	USA
S1-003086	Apex Consultancy Limited	56 Ironwood Marg, Ravenwodo Nagar, Pune, 484470	India
S1-003087	Maplecrest Trading Private Limited	339 Ravenwood St, Coibmatore, Tamil Nadu, 804426	India
S1-003088	Maplecrest Trading Private Limited	238 Falcon Mn, Silverline Nagar, Indore, Tamil Nadu	India
S1-003089	Ravenwood Electricals Private Limited	Behind Ganesh Temple, 395 Redwood Mn, Kochi	India
S1-003090	Redwood Apex Fabrics Private Limited	130 Stonebridge Street Behind Ganesh Temple Pune Maharashtra	IN
S1-003091	Ravenwood Textiles Limited Liability Company	85 Kestrel Blvd, Peoria, AL	United States
S1-003092	Clearwater Packaging Incorporated	Near Exit 14, Juniper Boulevard, Mobile, OH, 82995	USA
S1-003093	Quarry Ironwood Motors Limited	111 Bluepeak Marg, Kestrel Nagar, Jaipur, Tamil Nadu, 750895	IN
S1-003094	Quarry Ironwood Motors Limited	Near Metro Pillar 42, 21 Goldleaf Road, Northgate Nagar, Jaipur, MP, 546680	India
S1-003095	Sunstone Trading Limited	215 Juniper Marg, Opp. Bus Depot, Sunstone Nagar, Pune, 77895	India
S1-003096	Northgate Trading Private Limited	116 Ravenwood St, Falcon Nagar, Pune, Tamil Nadu, 437958	India
S1-003097	Stonebridge Textiles Corporation	76 Bluepeak Road, Summit Park, Fresno, OH	USA
S1-003098	Stonebridge Textiles Corporation	89 Juniper Avenue Vertex Park Fresno OH 11146	United States
S1-003099	Juniper Consultancy Company	Bluepeak Street, Goldleaf Park, Peoria WA, 90663	United States
S1-003100	Juniper Consultancy Company	Near Exit 14, 148 Silverline Road, Orchid Park, Fresno, WA	United States
S1-003101	Ironwood Textiles Private Limited	392 Juniper Marg, Goldleaf Nagar, Surat, Gujarat	India
S1-003102	Ravenwood Thistle Trading Limited	45 Quarry Mn Maplecrest Nagar Kochi Rajasthan 110991	IN
S1-003103	Meridian Logistics Limited Liability Company	79 Onyx Ave, Opp. City Library, Meriddian Park, Tacoma, 14849	USA
S1-003104	Lantern Chemicals Limited	255 Orchid St, Near SBI ATM, Quarry Nagar, Jaipur, Gujarat	India
S1-003105	Stonebridge Trading Private Limited	2118 Summit Crs Jaipur MP	IN
S1-003106	Orchid Textiles Limited	347 Orchid Cross, Thistle Nagar, Pune, 399873	IN
S1-003107	Northgate Consultancy Company	2/1 Ravenwood Rd, Sunstone Park, Austin, TX, 17875	United States
S1-003108	Northgate Consultancy Company	302 Brightpath Rd, Austin, 37693	USA
S1-003109	Apex Industries Corporation	Ironwood Ave, Tacoma, IL, 91182	United States
S1-003110	Goldleaf Logistics Corporation	4 Quarry Ave Quarry Park Mobile 35176	USA
S1-003111	Bluepeak Systems Limited	244 Ironwood Marg, Ravenwood Nagar, Nagpur	India
S1-003112	Meridian Chemicals Corporation	Behind the Civic Center 18/80 Clearwater Rd Apex Park Akron IL 58345	US
S1-003113	Cobalt Enterprises Limited	242 Orchid Marg, Lantern Nagar, Indore	India
S1-003114	Lantern Chemicals Private Limited	Orchid Nagar, Surat, Rajasthan, 771042, Brightpath Marg	India
S1-003115	Lantern Chemicals Private Limited	353 Ravenwood CCross, Thistle Nagar, Surat, MP	India
S1-003116	Quarry Packaging Private Limited	193 Kestrel Crs Jaipur Kerala	India
S1-003117	Quarry Fabrics Limited	348 Bluepeak Marg, Behind Ganesh Temple, Stonebridge Nagar, Surat, 131856	IN
S1-003118	Thistle Packaging Corporation	Behind the Civic Center, 386 Siverline Ave, Juniper Park, Tacoma, AL, 89245	USA
S1-003119	Redwood Juniper Fabrics Corporation	137 Juniper Ave, Cobalt Park, Peoria, 14810	United States
S1-003120	Redwood Juniper Fabrics Corporation	252 Redwood Bulevard, Harbor Park, Peoria, TX	USA
S1-003121	Summit Sunstone Trading Private Limited	Falocn Marg, Thistle Nagar, Coimbatore, MP, 291382	IN
S1-003122	Summit Sunstone Trading Private Limited	198 Ironwood Road, Stonebridge Nagar, Indore, 499697, Maharashtra	IN
S1-003123	Ironwood Quarry Industries Incorporated	Falcon Blvd, Near Exit 14, Sunstone Park, Austin	United States
S1-003124	Ironwood Quarry Industries Incorporated	289 Ironwood St, Cobalt Park, Austin, TX	United States
S1-003125	Meridian Chemicals Company	237 Brightpath Rd Behind the Civic Center Lubbock TX 87572	United States
S1-003126	Maplecrest Northgate Systems Limited Liability Company	Ravenwood Road, Lantern Park, Austni	US
S1-003127	Summit Enterprises Corporation	Apex Drive, Austin	US
S1-003128	Harbor Juniper Consultancy Company	Lantern Street Orchid Park Mobile	US
S1-003129	Clearwater Foods Company	230 Vertex Ave, Kestrel Park, Tacoma, 80492	US
S1-003130	Onyx Industries Limited	332 Falcon Road, Nagpur	India
S1-003131	Onyx Industries Limited	Near Metro Pillar 42, 22 Lantern St, Nagpur, Tamil Nadu, 162152	India
S1-003132	Sunstone Fabrics Limited Liability Company	363 Northgate Drive, Bluepeak Park, Near Exit 14, Lubbock, WA, 99720	United States
S1-003133	Sunstone Fabrics Limited Liability Company	318 Ravenwood Drive, Lubbock	United States
S1-003134	Cobalt Trading Private Limited	10/79 Clearwater Rd Near Metro Pillar 42 Surat 165421	IN
S1-003135	Cobalt Trading Private Limited	143 Ravenwood St Ravenwood Nagar Kochi 189829	IN
S1-003136	Redwood Logistics Private Limited	332 Sunstone Street, Silverline Nagar, Indore, Kerala, 500792	India
S1-003137	Redwood Logistics Private Limited	Kestrel Marg, Silverline Nagar, Indore, Rajasthan, 339480	IN
S1-003138	Kestrel Trading Limited	Behind Ganesh Temple Goldleaf Marg Thistle Nagar Coimbatore MP 405158	India
S1-003139	Summit Motors Incorporated	266 Lantern Dr Sunstone Park Fresno IL	United States
S1-003140	Summit Motors Incorporated	Ironwood Road Stonebridge Park Behind the Civc Center Fresno 16534	United States
S1-003141	Harbor Textiles Limited	217 Northgate Crs, Apex Nagar, Indore, Rajasthan	India
S1-003142	Ravenwood Trading Private Limited	37 Stonebridge Main Redwood Nagar Kochi MP	IN
S1-003143	Onyx Logistics Limited Liability Company	Behind the Civic Center, 220 Orchid St, Mobile, CA, 34644	US
S1-003144	Onyx Logistics Limited Liability Company	Northgate St, Behind the Civic Center, Bluepeak Park, Fresno, CA	USA
S1-003145	Harbor Stonebridge Foods Company	381 Silverline Drive Apex Park Near Exit 14 Peoria 16056	US
S1-003146	Onyx Enterprises Corporation	215 Juniperr St Quarry Park Mobile OH 49273	US
S1-003147	Onyx Enterprises Corporation	373 Brightpath Rd, Mobile, WA, 29409	USA
S1-003148	Northgate Solutions Incorporated	Orchid Blvd, Juniper Park, Mobile, 13973	United States
S1-003149	Harbor Systems Company	167 Quarry Blvd, Vertex Park, Fresno, TX	USA
S1-003150	Harbor Systems Company	177 Meridian St, Peoria, AL	US
S1-003151	Juniper Electricals Private Limited	234 Harbor Marg, Thistle Nagar, Nagpur, Rajasthan, 819526	IN
S1-003152	Silverline Logistics Company	6 Clearwater Road, Fresno, 53206	USA
S1-003153	Silverline Logistics Company	159 Quarry Drive, Fresno, TX, 30428	US
S1-003154	Apex Stonebridge Industries Company	268 Summit Dr Redwood Park Fresno AL	US
S1-003155	Maplecrest Motors Private Limited	Redwood Nagar, Nagpur, Tamil Nadu, 925665, 92 Vertex Marg	IN
S1-003156	Brightpath Chemicals Company	316 Vertex Road Harbor Park Fresno 14180	US
S1-003157	Summit Solutions Corporation	33 Goldleaf Rd Summit Park Tacoma TX 58790	US
S1-003158	Meridian Systems Limited	341 Lantern Mn, Near Metro Pillar 42, Bluepeak Nagar, Pune, 522485	IN
S1-003159	Bluepeak Cobalt Fabrics Corporation	204 Cobalt Boulevard Near Exit 14 Orchid Park Peoria CA 16170	USA
S1-003160	Bluepeak Cobalt Fabrics Corporation	170 Orchid Street, Lanter Park, Akron, TX	US
S1-003161	Quarry Trading Incorporated	333 Vertex Dr, Summit Park, Akron, TX, 66100	US
S1-003162	Silverline Chemicals Private Limited	15 Sunstone Street, Juniper Nagar, 105961, Kochi	India
S1-003163	Stonebridge Motors Incorporated	396 Ironwood Dr, Thistle Parkk, Tacoma	United States
S1-003164	Quarry Northgate Electricals Limited Liability Company	114 Bluepeak Dr, Bluepeak Park, Peoria, 96948	United States
S1-003165	Brightpath Chemicals Corporation	209 Ironwood Ave, Austin, 61755	USA
S1-003166	Brightpath Chemicals Corporation	Brightpath Road, Meridian Park, Austin, WA, 12172	United States
S1-003167	Silverline Thistle Textiles Private Limited	254 Ravenwood Road, Brightpath Nagar, Near Metro Pillar 42, Jaipur	India
S1-003168	Brightpath Electricals Private Limited	274 Apex Mn, Cobalt Nagar, Indore, Maharashtra, 361180	India
S1-003169	Brightpath Electricals Private Limited	261 Northgate Marg, Sunstone Nagar, Indore, 928360	India
S1-003170	Brightpath Motors Limited	296 Maplecrest Street Lantern Nagar Coimbatore	India
S1-003171	Ironwood Sunstone Foods Private Limited	32/83 Redwood Main, Surat, 682762	India
S1-003172	Juniper Logistics Limited	105 Silverline Mn, Behind Ganesh Temple, Nagpur, 887825	India
S1-003173	Juniper Logistics Limited	193 Kestrel Street, Lantern Nagar, Nagpur, Gujarat, 536817	IN
S1-003174	Meridian Foods Limited	180 Lantern Cross, Lantern Nagar, Indore, Tamil Nadu	India
S1-003175	Lantern Consultancy Company	10/36 Ravenwood Street Vertex Park Lubbock IL 55674	US
S1-003176	Redwood Industries Corporation	14 Cobalt Street, Opp. City Library, Austin, 32918	United States
S1-003177	Summit Falcon Trading Limited Liability Company	171 Goldleaf Road, Summit Park, Mobile, 64923	USA
S1-003178	Cobalt Electricals Company	Ironwood Avenue, Juniper Park, Near Exit 14, Austin, OH	USA
S1-003179	Vertex Enterprises Private Limited	221 Quarry St Sunstone Nagar Surat 288489	IN
S1-003180	Falcon Motors Private Limited	189 Redwood Road Stonebridge Nagar Kochi	IN
S1-003181	Harbor Bluepeak Chemicals Limited	128 Clearwater Road Meridian Nagar Nagpur 430288	India
S1-003182	Bluepeak Ravenwood Industries Private Limited	319 Onyx Mn, Near Metro Pillar 42, Indore, Tamil Nadu, 339117	India
S1-003183	Falcon Trading Private Limited	Sunstone Marg, Lantern Nagar, Surat	IN
S1-003184	Bluepeak Harbor Industries Corporation	227 Summit Boulevard, Clearwater Park, Mobile, AL, 88680	United States
S1-003185	Ravenwood Industries Private Limited	365 Clearwater Marg, Silverline Nagar, Nagpur, MP, 665047	India
S1-003186	Juniper Logistics Corporation	103 Northgate St, Falcon Park, Fresno, CA, 52068	US
S1-003187	Falcon Services Incorporated	Behind the Civic Center 306 Stonebridge Drive Apex Park Tacoma 42311	United States
S1-003188	Quarry Thistle Packaging Private Limited	Stonebridge Marg, Quarry Nagar, Pune, MP	India
S1-003189	Quarry Thistle Packaging Private Limited	30/46 Maplecrest Marg, Pune, MP, Quarry Nagar	IN
S1-003190	Silverline Electricals Limited	243 Summit Crs, Jaipur	India
S1-003191	Silverline Electricals Limited	84 Summit Road Stonebridge Nagar Jaipur Maharashtra 581439	India
S1-003192	Juniper Chemicals Incorporated	357 Apex St, Thistle Park, Tacoma, OH, 68616	USA
S1-003193	Juniper Chemicals Incorporated	280 Vertex Boulevard, Meridian Park, Tacoma, 62333	United States
S1-003194	Vertex Packaging Corporation	Behind the Civic Center Kestrel Park Akron WA 68 Falcon Avenue	United States
S1-003195	Meridian Consultancy Private Limited	64 Silverline Mn, Harbor Nagar, Pune, Tamil Nadu, 176988	India
S1-003196	Silverline Vertex Electricals Private Limited	Ravenwood Nagar, Coimbatore, 393 Kestrel Marg	India
S1-003197	Redwood Consultancy Limited	78 Falcon St, Meridian Nagar, Ciombatore, Rajasthan, 228667	IN
S1-003198	Redwood Consultancy Limited	27/40 Harbor Cross, Stonebridge Nagar, Gujarat, Nagpur	India
S1-003199	Harbor Foods Private Limited	56 Ironwood Marg, Coimbatore, 387463	IN
S1-003200	Summit Textiles Corporation	13 Ravenwood Dr, Akron, 44431	US
S1-003201	Summit Textiles Corporation	150 Quarry Avenue Stonebridge Park Mobile TX 13531	United States
S1-003202	Harbor Foods Private Limited	9 Harbor Mn, Juniper Nagar, Nagpur, MP	India
S1-003203	Juniper Silverline Trading Private Limited	28/71 Brightpath Mn Redwood Nagar Kochi Maharashtra 461893	India
S1-003204	Juniper Silverline Trading Private Limited	172 Bluepeak Crs, Meridian Nagar, Kochi, Kerala, 532880	India
S1-003205	Juniper Solutions Incorporated	Redwood Road Sunstone Park LubbockWA	US
S1-003206	Juniper Solutions Incorporated	301 Goldleaf Avenue, Ironwood Park, Lubbock, 56431	USA
S1-003207	Harbor Electricals Private Limited	394 Onyx Crs Stonebridge Nagar Rajasthan 623432 Jaipur	IN
S1-003208	Sunstone Solutions Limited Liability Company	79 Cobalt Blvd, Harbor Park, Lubbock, 25828	US
S1-003209	Ravenwood Electricals Private Limited	347 Quarry Mn, Lantern Nagar, Pune, MP, 528171	IN
S1-003210	Onyx Clearwater Textiles Corporation	324 Bluepeak Road, Goldleaf Park, Akron, IL, 48149	USA
S1-003211	Thistle Sunstone Trading Limited	70 Onyx Marg, Maplecrest Nagar, Surat	India
S1-003212	Sunstone Chemicals Private Limited	130 Meridian Crs Quarry Nagar Indore 521794 Opp. Bus Depoot	India
S1-003213	Sunstone Chemicals Private Limited	Ironwood Marg, Jaipur, Rajasthan	IN
S1-003214	Kestrel Electricals Limited Liability Company	39 Harbor Avenue, Peoria	US
S1-003215	Onyx Consultancy Company	218 Northgate Ave, aHrbor Park, Akron, CA, 51447	US
S1-003216	Onyx Consultancy Company	363 Onyx Dr, Akron, OH, 11258	US
S1-003217	Harbor Motors Company	255 Harbor Avenue, WA, 83851, Mobile	USA
S1-003218	Harbor Motors Company	43 Juniper Ave, Bluepeak Park, Austin, CA	USA
S1-003219	Goldleaf Electricals Limited	260 Brightpath Crs, Falcon Nagar, Surat, 676770	IN
S1-003220	Goldleaf Electricals Limited	26 Falcon Road, Onyx Nagar, Jaipur, 991668	IN
S1-003221	Bluepeak Consultancy Private Limited	155 Stonebridge Rd, Apex Nagar, Coimbatore, 909383	IN
S1-003222	Lantern Services Private Limited	87 Brightpath Street, Kestrel Nagar, Near SBI ATM, Surat, Maharashtra, 492916	IN
S1-003223	Silverline Kestrel Services Private Limited	9/47 Ravenwood Cross, Harbor Nagar, Jaipur, Kerala, 565409	IN
S1-003224	Onyx Motors Private Limited	364 Onyx Marg Maplecrest Nagar Coimbatore 6559336	IN
S1-003225	Onyx Motors Private Limited	314 Maplecrest Main, Meridian Nagar,  Coimbatore, Gujarat	India
S1-003226	Maplecrest Logistics Private Limited	5 Thistle Road, Behind Ganesh Temple, Surat, Maharashtra	IN
S1-003227	Ironwood Enterprises Corporation	118 Apex Blvd, Cobalt Park, Mobile, TX, 19137	US
S1-003228	Ironwood Enterprises Corporation	368 Maplecrest AAve Akron OH	USA
S1-003229	Orchid Consultancy Limited	Near SBI ATM, 131 Sunstone Crs, Indore, Tamil Nadu, 428683	India
S1-003230	Juniper Logistics Private Limited	2 Meridian Cross, Meridian Nagar, Behind Ganesh Temple, Kochi	IN
S1-003231	Redwood Packaging Incorporated	334 Apex Dr, SSilverline Park, Lubbock, 50802	US
S1-003232	Ravenwood Harbor Enterprises Limited Liability Company	120 Ironwood Dr, Orchid Park, Austin	USA
S1-003233	Silverline Clearwater Chemicals Corporation	Behind the Civic Center, 12 Quarry Drive, Orchid Park, Fresno, TX, 10047	USA
S1-003234	Silverline Clearwater Chemicals Corporation	55 Apex Dr Northgate Park Fresno 99622	US
S1-003235	Redwood Systems Incorporated	17/89 Onyx St, Summit Park, Peoria, TX	USA
S1-003236	Redwood Systems Incorporated	141 Stonebridge Blvd, Lantern Park, Tacoma, CA, 44689	US
S1-003237	Orchid Ironwood Motors Private Limited	268 Summit Main, Ravenwood Nagar, Pune, Tamil Nadu, 253475	IN
S1-003238	Ravenwood Harbor Foods Private Limited	6 6Vertex Road, Indore, Gujarat, 598593	India
S1-003239	Ravenwood Solutions Private Limited	152 Juuniper Road Clearwater Nagar Indore Maharashtra	India
S1-003240	Harbor Cobalt Consultancy Limited Liability Company	149 Onyx Street, Thistle Park, Fresno, 22284	USA
S1-003241	Orchid Onyx Consultancy Private Limited	224 Goldleaf Maain, Falcon Nagar, Coimbatore, Maharashtra, 699482	India
S1-003242	Orchid Onyx Consultancy Private Limited	276 Thistle Mn Apex Nagar Nagpur Kerala 546944	IN
S1-003243	Juniper Foods Limited	8 Summit Marg, Pune, Rajasthan	India
S1-003244	Thistle Consultancy Private Limited	185 Kstrel Rd, Lantern Nagar, Nagpur	India
S1-003245	Thistle Consultancy Private Limited	283 Falcon Marg, OnyxN agar, Coimbatore, 900837	India
S1-003246	Quarry Electricals Company	224 Lantern Dr, Mobile, IL, 72813	USA
S1-003247	Quarry Electricals Company	284 Maplecrest Ave, Falcon Park, Mobile	United States
S1-003248	Vertex Foods Private Limited	Near SBI ATM, 204 Ironwood Crs, Onyx Nagar, Pune	India
S1-003249	Falcon Consultancy Limited Liability Company	45 Thistle Street Juniper Park Fresno WA 27372	United States
S1-003250	Falcon Consultancy Limited Liability Company	374 Summit Drive, Vertex Park, Fresno, AL, 56677	US
S1-003251	Orchid Electricals Private Limited	118 Quarry Main, Cobalt Nagar, Nagpur, Rajasthan	India
S1-003252	Sunstone Fabrics Incorporated	323 Bluepeak Rd, Thistle Park, Opp. City Library, Fresno, TX, 95900	US
S1-003253	Northgate Enterprises Company	90 Juniper Rd, Akron, TX, 45198	US
S1-003254	Brightpath Ironwood Logistics Limited Liability Company	Behind the Civic Center 24/46 Kestrel Drive Ironwood Park Fresno CA 95795	US
S1-003255	Clearwater Clearwater Chemicals Incorporated	221 Falcon St, Juniper Park, Lubbock, 63060	United States
S1-003256	Goldleaf Systems Company	169 Stonebridge Drive, Opp. City Library, Austin, IL, 89636	United States
S1-003257	Goldleaf Systems Company	300 Brightpath Drive, Meridian Park, Austin, WA	US
S1-003258	Vertex Foods Private Limited	378 Bluepeak Marg, Orchid Nagar, Nagpur, Maharashtra, 836825	IN
S1-003259	Sunstone Trading Private Limited	109 Ravenwood Marg, Redwoo Nagar, Pune, 985608	India
S1-003260	Ravenwood Brightpath Electricals Limited	263 Goldleaf Crosss, Behind Ganesh Temple, Pune, 738872	IN
S1-003261	Sunstone Fabrics Incorporated	247 Quarry Avenue, Akron, WA	United States
S1-003262	Sunstone Fabrics Incorporated	5/70 Harbor Ave, Northgate Park, Behind the Civic Center, Austin, 87816	US
S1-003263	Kestrel Logistics Incorporated	80 Maplecrest Blvd, Lantern Park, Lubbock, OH, 35795	USA
S1-003264	Ironwood Logistics Private Limited	64 Silverline Main, Goldleaf Nagar, Coimbatore, Rajasthan	India
S1-003265	Apex Services Limited	149 Stonebridge Main, Meridian Nagar, Nagpur	IN
S1-003266	Apex Services Limited	362 Apex Cross, Brightpath Nagar, Coimbatore	India
S1-003267	Thistle Chemicals Private Limited	11 Juniper Main, Bluepeak Nagar, Nagpur, Maharashtra, 880938	India
S1-003268	Silverline Packaging Private Limited	89 Lantern Cross Coimbatore Tamil Nadu 567847	IN
S1-003269	Maplecrest Trading Limited Liability Company	Opp. City Library, 316 Redwood Dr, Onyx Park, Tacoma	US
S1-003270	Silverline Consultancy Limited Liability Company	Opp. City Library, 389 Apex St, Peoria, 91582	US
S1-003271	Thistle Electricals Company	Behind the Civic Center Kestrel Blvd Stonebridge Park Akron AL 14727	US
S1-003272	Orchid Thistle Motors Private Limited	374 Sunstone Main, Sunstone Nagar, Pune, 198715	India
S1-003273	Meridian Ironwood Textiles Limited	3/65 Stonebridge Road, Ironwood Nagar, Coimbatore	India
S1-003274	Stonebridge Systems Private Limited	346 Juniper Cross, Goldleaf Nagar, Kochi	India
S1-003275	Apex Electricals Incorporated	39 Stonebridge Avenue, Redwood Park, Lubbock, TX, 47739	US
S1-003276	Onyx Motors Limited	Ravenwood Marg, Clearwater Nagar, Jaipur, Tamil Nadu, 667892	IN
S1-003277	Apex Fabrics Private Limited	116 Silverline Marg, Surat, Maharashtra	India
S1-003278	Sunstone Fabrics Limited	175 Cobalt Cross, Surat, 603242	IN
S1-003279	Quarry Summit Foods Corporation	12/8 Brightpath Blvd Stonebridge Park Akron	US
S1-003280	Lantern Consultancy Private Limited	227 Brightpath Marg, Harbor Nagar, Surat, 542265	IN
S1-003281	Falcon Onyx Trading Private Limited	191 Sunstone Marg Sunstone Nagar Nagpur MP 232959	IN
S1-003282	Northgate Trading Private Limited	90 Juniper Road, Opp. Bus Depot, Apex Nagar, Nagpu,r Kerala, 388003	India
S1-003283	Northgate Trading Private Limited	179 Redwood Crs, Kestrel Nagar, Nagpur, Kerala, 723798	IN
S1-003284	Thistle Consultancy Incorporated	193 Nortthgate Blvd, Mobile, 51537	USA
S1-003285	Thistle Consultancy Incorporated	324 Vertex Boulevard, Behind the Civic Center, Thistle Park, Mobile, 29726	United States
S1-003286	Northgate Solutions Limited	242 Ravenwood Rd, Lantern Nagar, Indore, MP	IN
S1-003287	Clearwater Industries Company	264 Lantern Ave, Kestrel Park, Peoria	US
S1-003288	Apex Electricals Private Limited	Meridian St Ravenwood Nagar Opp. Bus Depot Indore Rajasthan	India
S1-003289	Northgate Textiles Company	217 Onyx Street, Opp. City Library, Maplecrest Park, Tacoma, TX	USA
S1-003290	Northgate Textiles Company	160 Meridiian St, Behind the Civic Center, Tacoma, 46962	USA
S1-003291	Redwood Maplecrest Solutions Incorporated	47 Northgate Boulevard, Akron, WA	United States
S1-003292	Silverline Consultancy Limited Liability Company	98 Meridian Boulevard, Juniper Park, Akron, 11579	USA
S1-003293	Falcon Cobalt Solutions Company	128 Quarry Boulevard, Falcon Park, Fresno	US
S1-003294	Thistle Chemicals Incorporated	Goldleaf Boulevard, Peoria, AL, 43434	USA
S1-003295	Thistle Chemicals Incorporated	32 Ironwood Street, Brightpath Park, Peoria, IL	US
S1-003296	Juniper Systems Limited	61 Cobalt Marg, Coimbatore, MP, 237770, Thistle Nagar	IN
S1-003297	Ravenwood Trading Private Limited	160 Orchid Road, Redwood Nagar, Indore, Maharashtra, 230392	IN
S1-003298	Apex Foods Company	Behind the Civic Center, 152 Goldleaf Drive, Akron, CA, 34594	US
S1-003299	Apex Foods Company	26/16 Ravenwood Road, Clearwater Park, Tacoma	United States
S1-003300	Harbor Fabrics Incorporated	380 Ravenwood Rd, Maplecrest Park, 52624, Fresno	USA
S1-003301	Harbor Fabrics Incorporated	386 Clearwater Street, Ravenwood Park, Fresno	United States
S1-003302	Orchid Consultancy Company	79 Brightpath St, Thistle Park, Austin	United States
S1-003303	Silverline Bluepeak Electricals Limited	121 Juniper Marg, Redwood Nagar, Indore, 956295	IN
S1-003304	Brightpath Falcon Motors Private Limited	77 Bluepeak Street Apex Nagar Indore Kerala	India
S1-003305	Sunstone Bluepeak Packaging Private Limited	159 Summit Marg, Bluepeak Nagar, Kochi, 689242	India
S1-003306	Summit Northgate Enterprises Limited Liability Company	285 Ocrhid Avenue Northgate Park Fresno AL 74199	USA
S1-003307	Ironwood Consultancy Incorporated	32 Vertex Drive, Lubbock, AL	USA
S1-003308	Quarry Packaging Private Limited	269 Kestrel Marg Harbor Nagar Nagpur Maharashtra	India
S1-003309	Silverline Sunstone Enterprises Private Limited	132 Bluepeak Marg, Quarry Nagar, Pune, 852071, Near Metro Pillar 42	India
S1-003310	Orchid Services Limited	393 Cobalt Main Ironwood Nagar Coimbatore	IN
S1-003311	Redwood Consultancy Limited	189 Kestrel CCross Behind Ganesh Temple Meridian Nagar Jaipur	India
S1-003312	Redwood Consultancy Limited	Behind Ganesh Temple 58 Redwood Road Brightpath Nagar Coimbatore MP 641770	India
S1-003313	Goldleaf Logistics Private Limited	168 Northgate Road, Kochi, Tamil Nadu, 268032	IN
S1-003314	Goldleaf Logistics Private Limited	21/86 Bluepeak St, Meridian Nagar, Coimbatore	India
S1-003315	Stonebridge Foods Private Limited	192 Goldleaf Crs Kochi	India
S1-003316	Kestrel Vertex Systems Private Limited	49 Meridian Crs Lantern Nagar Nagpur	India
S1-003317	Lantern Fabrics Private Limited	45 Thistle Marg Orchid Nagar Nagpu rMaharashtra	India
S1-003318	Harbor Enterprises Limited	236 Apex Cross, Vertex Nagar, Pune, Rajasthan	India
S1-003319	Bluepeak Chemicals Limited	208 Falcon Street, Ironwood Nagar, Opp. Bus Depot, Jaipur, 129294	India
S1-003320	Orchid Logistics Limited Liability Company	223 Lantern Avenue, Sunstone Park, Lubbock, CA, 7823	USA
S1-003321	Orchid Logistics Limited Liability Company	Quarry Boulevard, Cobalt Park, Lubbock, 32992	USA
S1-003322	Ravenwood Kestrel Fabrics Incorporated	19 Juniper St, Lantern Park, Fresno, 69923	United States
S1-003323	Ravenwood Kestrel Fabrics Incorporated	323 Kestrel Boulevard, Redwood Park, Fresno, CA, 92309	USA
S1-003324	Cobalt Trading Private Limited	321 Brightpath St, Kestrel Nagar, Kochi, MP	India
S1-003325	Sunstone Systems Company	160 Juniper Boulevard, Ravenwood Park, Fresno	USA
S1-003326	Ravenwood Stonebridge Consultancy Corporation	Ironwood St, Behind the Civic Center, Fresno, OH, 98407	US
S1-003327	Ravenwood Stonebridge Consultancy Corporation	191 Bluepeak Blvd, Austin, OH, 15749	US
S1-003328	Ironwood Onyx Systems Private Limited	Behind Ganesh Temple, 155 Summit Mn, Nagpur, Maharashtra, 374962, Summit Nagar	India
S1-003329	Ravenwood Consultancy Private Limited	112 Stonebridge Mn Bluepeak Nagar Jaipur Rajasthan 864377	India
S1-003330	Goldleaf Electricals Private Limited	185 Cobalt Marg Brightpath Nagar Nagpur Rajasthan 706986	India
S1-003331	Goldleaf Electricals Private Limited	154 Goldleaf Road, Lantern Nagar, Nagpur, Kerala	India
S1-003332	Silverline Foods Corporation	228 Ravenwood Blvd, Vertex Park, Mobile, CA, 65730	USA
S1-003333	Lantern Foods Private Limited	399 Brightpath Marg, Silverline Nagar, Indore	India
S1-003334	Lantern Foods Private Limited	Ravenwood Mn, Silverline Nagar, Pune, Kerala, 773491	India
S1-003335	Bluepeak Foods Limited	279 Cobalt Crs Kochi Kerala	IN
S1-003336	Apex Consultancy Limited	33/51 Northgate Main, Bluepeak Nagar, Coimbatore, Gujarat, 411491	IN
S1-003337	Apex Consultancy Limited	37 Northgate St Juniper Nagar Coimbatore	India
S1-003338	Silverline Solutions Limited Liability Company	Near Exit 14 143 Apex St Peoria	USA
S1-003339	Ironwood Textiles Limited	4 Stonebridge Road, Silverline Nagar, Indore, MP, 398068	India
S1-003340	Lantern Textiles Limited	331 Juniper Road, Lantern Nagar, Behind Ganesh Temple, Coimbatore, Maharashtra, 610423	IN
S1-003341	Summit Systems Private Limited	256 Northgate Crs, Jaipur, 383570	India
S1-003342	Harbor Electricals Private Limited	1/77 Onyx Road, Pune, Tamil Nadu, 454709	India
S1-003343	Redwood Motors Private Limited	112 Juniper Mn, Surat, Gujarat, 262402	India
S1-003344	Redwood Motors Private Limited	Lantern Street, Redwood Nagar, Surat, 419293	India
S1-003345	Falcon Motors Company	200 Vertex Rd Lubbock TX 88246	US
S1-003346	Onyx Northgate Electricals Limited	274 Cobalt Main, Clearwater Nagar, Indore, 574269	India
S1-003347	Brightpath Brightpath Enterprises Private Limited	343 Northgate Street, Meridian Nagar, Pune, 433484	IN
S1-003348	Maplecrest Stonebridge Systems Company	Meridian St, Opp. City Library, Mobile, OH, 29048	United States
S1-003349	Lantern Industries Corporation	125 Goldleaf Boulevard, Orchid Pak, Mobile, WA	USA
S1-003350	Onyx Consultancy Incorporated	157 Cobalt St Brightpath Park Mobile 84021	USA
S1-003351	Harbor Chemicals Private Limited	245 Juniper Rd, Nagpur, 408458	IN
S1-003352	Harbor Chemicals Private Limited	96 Vertex Crs, Ravenwood Nagar, Nagpur	India
S1-003353	Thistle Quarry Trading Private Limited	334 Northgate Rd, Bluepeak Nagar, Nagpur, MP, 746852	IN
S1-003354	Thistle Quarry Trading Private Limited	Kestrel Mn, Sunstone Nagar, Nagpur, Kerala, 859733	India
S1-003355	Meridian Ravenwood Textiles Limited	Near Metro Pillar 42, Jaipur, Tamil Nadu, 447394, 229 Quarry Road	India
S1-003356	Meridian Textiles Company	305 Redwood Rd, Lantern Park, Tacoma	USA
S1-003357	Quarry Systems Incorporated	110 Apex St, Tacoma	United States
S1-003358	Stonebridge Trading Company	137 Ravenwood Drive, Meridian Park, Austin, TX, 32943	US
S1-003359	Falcon Enterprises Private Limited	112 Silverline St, Brightpath Nagar, Indore, Maharashtra, 967881	India
S1-003360	Orchid Foods Private Limited	207 Kestrel Mn, Near Metro Pillar 42, Jaipur, Gujarat, 861280	IN
S1-003361	Harbor Consultancy Company	220 Northgate Drive Bluepeak Park Aron TX 75183	United States
S1-003362	Ravenwood Sunstone Services Incorporated	Bluepeak Dr Tacoma TX 80793	United States
S1-003363	Sunstone Enterprises Private Limited	131 Sunstone Crs, Near Metro Pillar 42, Ravenwood Nagar, Surat, Kerala, 248882	IN
S1-003364	Clearwater Summit Systems Corporation	Kestrel St, Meridian Park, Austin, TX	US
S1-003365	Apex Apex Packaging Private Limited	7/78 Maplecrest Road, Vertex Nagar, Kochi, Kerala, 230474	IN
S1-003366	Falcon Apex Foods Limited Liability Company	15/49 Cobalt Road Quarry Park Tacoma 62192	United States
S1-003367	Goldleaf Logistics Private Limited	343 Ravenwood Rd, Brightpath Nagar, Indore, 535933	IN
S1-003368	Apex Electricals Incorporated	111 Goldleaf Street, Orchid Park, Tacoma, WA, 74463	US
S1-003369	Goldleaf Onyx Logistics Incorporated	Orchid Avenue Redwood Park Akron IL 43812	US
S1-003370	Stonebridge Orchid Electricals Private Limited	334 Apex Road, KKestrel Nagar, Pune, 957065	IN
S1-003371	Stonebridge Orchid Electricals Private Limited	377 Lantern St, Stonebridge Nagar, Pune, Kerala	India
S1-003372	Quarry Falcon Trading Company	211 Stonebridge Dr, Falcon Park,  Tacoma, IL	United States
S1-003373	Brightpath Packaging Company	Ironwood Dr, Cobalt Park, Akron WA, 71758	United States
S1-003374	Quarry Enterprises Corporation	339 Onyx Blvd, Lubbock	United States
S1-003375	Vertex Motors Limited Liability Company	74 Maplecrest Avenue, Meridian Park, Mobile, TX, 37249	USA
S1-003376	Juniper Maplecrest Textiles Incorporated	53 Cobalt Drive, Apex Park, Fresno, AL, 74665	USA
S1-003377	Northgate Consultancy Limited Liability Company	377 Orchid Avenue, Vertex Park, Akron	US
S1-003378	Goldleaf Services Limited	201 Juniper Cross Clearwater Nagar Indore Gujarat 168121	India
S1-003379	Quarry Logistics Private Limited	23 Lantern Rd, Pune Maharashtra, 656426, Orchid Nagar	IN
S1-003380	Thistle Summit Fabrics Private Limited	380 Silverline Marg, Orchid Nagar, Indore, Rajasthan, 599353	India
S1-003381	Thistle Trading Limited	122 Summit Rd, Maplecrest Nagar, Kochi, 663345	India
S1-003382	Summit Ravenwood Systems Corporation	210 Northgate Street, Opp. City Library, Mobile, 32571	United States
S1-003383	Lantern Textiles Private Limited	25/8 Maplecrest Marg, Harbor Nagar, Jaipur, Kerala, 806056	India
S1-003384	Northgate Chemicals Incorporated	84 Ironwood Drive, Ironwood Park, 21710, Mobile	United States
S1-003385	Brightpath Consultancy Private Limited	269 Falcon Main, Silverline Nagar, Indore, Tamil Nadu, 882994	India
S1-003386	Sunstone Redwood Enterprises Private Limited	373 Harbor Marg, Vertex Nagar, Pune, 156435	India
S1-003387	Vertex Industries Private Limited	3004 Summit Marg, Falcon Nagar, Jaipur, Rajasthan	IN
S1-003388	Redwood Textiles Limited Liability Company	282 Quarry Avenue Peoria 10516	United States
S1-003389	Redwood Textiles Limited Liability Company	226 Cobalt Road Lantern Park Peoria 40847	US
S1-003390	Summit Foods Private Limited	5/60 Vertex Rd, Falcon Nagar, Kochi, Tamil Nadu, 222182	India
S1-003391	Apex Textiles Private Limited	111 Redwood Marg Onyx Nagar Jaipur Gujarat 436524	IN
S1-003392	Silverline Foods Corporation	287 Goldleaf Dr, eVrtex Park, Peoria, TX, 17669	US
S1-003393	Silverline Foods Corporation	Near Exit 14, 23/84 Thistle Avenue, Ravenwood Park, Peoria, TX, 11626	US
S1-003394	Northgate Electricals Company	253 Silverline Rd, Northgate Park, Fresno, 44377	USA
S1-003395	Stonebridge Trading Private Limited	14/84 Cobalt Street, Falcon Nagar, Surat, Tamil Nadu, 405873	India
S1-003396	Ravenwood Foods Private Limited	368 Apex Rd ,Ironwood Nagar, Surat	IN
S1-003397	Silverline Goldleaf Electricals Incorporated	187 Maplecrest Boulevard, Clearwater Park, Peoria	US
S1-003398	Silverline Goldleaf Electricals Incorporated	7/16 Sunstone Rd, Stonebridge Park, Peoria, OH, 38100	US
S1-003399	Bluepeak Logistics Corporation	206 Norhtgate Drive, Lubbock, IL	US
S1-003400	Thistle Bluepeak Enterprises Private Limited	10 Stonebridge Cross, Pune, Maharashtra, 592348	India
S1-003401	Kestrel Ravenwood Trading Company	330 Summit Avenue, Akron, 75835	United States
S1-003402	Meridian Ironwood Trading Incorporated	Quarry Ave Lubbock 22770	USA
S1-003403	Silverline Industries Private Limited	319 Onyx Marg Redwood Nagar Jaipur Rajasthan 475263	IN
S1-003404	Thistle Foods Limited	Stoneridge St, Falcon Nagar, Pune, Gujarat, 684407	IN
S1-003405	Sunstone Consultancy Private Limited	Harbor Road ,Northgate Nagar, Pune, Rajasthan, 211674	IN
S1-003406	Sunstone Consultancy Private Limited	372 Ironwood St, Pune, MP	IN
S1-003407	Juniper Enterprises Incorporated	317 Silverline Drive, Mobile, 93517	United States
S1-003408	Juniper Enterprises Incorporated	323 Stonebridge Rd, Orchid Park, IL, Mobile	United States
S1-003409	Kestrel Foods Limited Liability Company	173 Maplecrest Blvd, Northgate Park, Mobile	USA
S1-003410	Stonebridge Vertex Trading Company	4/44 Juniper Dr, Akron, WA, 41353	US
S1-003411	Stonebridge Vertex Trading Company	6 Cobalt St, Austin	United States
S1-003412	Apex Logistics Limited	210 lCearwater Road, Kochi, MP, 942177	IN
S1-003413	Silverline Kestrel Textiles Company	292 Cobalt Dr Clearwater Park Peoria OH 88092	US
S1-003414	Orchid Solutions Private Limited	95 Kestrel Marg Brightpath Nagar Indore 370629	India
S1-003415	Orchid Solutions Private Limited	212 Quarry Road, Redwood Nagar, Kochi, Kerala, 170580	India
S1-003416	Maplecrest Enterprises Private Limited	32/55 Summit Mn Maplecrest Nagar Pune Gujarat 947036	India
S1-003417	Goldleaf Motors Private Limited	99 Juniper Rd Sumit Nagar Coimbatore 137713	IN
S1-003418	Cobalt Brightpath Chemicals Private Limited	160 Thistle Rd,Maplecrest Nagar, Indore, Maharashtra	IN
S1-003419	Cobalt Brightpath Chemicals Private Limited	19 Onyx St, Stonebridge Nagar, Indore, Gujarat, 805868	India
S1-003420	Clearwater Chemicals Private Limited	204 Sunstone Road Surat Tamil Nadu	India
S1-003421	Clearwater Chemicals Private Limited	150 Sunstone Main, Maplecrest Nagar, Near SBI ATM, Surat, Maharashtra, 469660	IN
S1-003422	Quarry Solutions Private Limited	Juniper Cross, Kerala, Coimbatore	India
S1-003423	Falcon Services Private Limited	140 Quarry Marg Lantern Nagar Coimbatore Kerala 456266	IN
S1-003424	Falcon Services Private Limited	Quarry St Bluepeak Nagar Behind Ganesh Temple Coimbatore MP	India
S1-003425	Ravenwood Electricals Private Limited	99 Quarry Main Jaipur Kerala 606016	India
S1-003426	Summit Vertex Motors Private Limited	42 Northgate Street, Goldleaf Nagar, Pune, Gujarat, 429879	IN
S1-003427	Harbor Industries Private Limited	368 Thistle Cross, Nagpur, MP	India
S1-003428	Harbor Industries Private Limited	196 Lantern Main, Summit Nagar, Nagpur, MP, 305920	India
S1-003429	Orchid Enterprises Company	119 Brightpath Street Kestrel Park Akron CA 29770	US
S1-003430	Orchid Enterprises Company	134 Summit Rd Quarry Park Akron IL 78597	US
S1-003431	Onyx Fabrics Incorporated	1001 Quarry Ave Lantern Park Lubbock CA	US
S1-003432	Juniper Solutions Private Limited	180 Sunstone Crs, Sunstone Nagar, Indore	IN
S1-003433	Apex Bluepeak Foods Limited Liability Company	396 Redwood Drive, Sunstone Park, Akron, CA	USA
S1-003434	Maplecrest Electricals Private Limited	100 Quarry St, Meridian Nagar, Near SBI ATM, Surat, Rajasthan	India
S1-003435	Onyx Foods Limited	Falcon Main, Surat, 246411	India
S1-003436	Orchid Foods Company	165 Redwood Blvd Near Exit 14 Clearwater Park Peoria 56124	United States
S1-003437	Orchid Foods Company	Stonebridge Drive Harbor Park Opp. City Library Austin TX 75645	US
S1-003438	Onyx Trading Private Limited	146 Lantern Crs, Brightpath Nagar, Surat	IN
S1-003439	Onyx Trading Limited Liability Company	73 Goldleaf Boulevard, Summit Park, Peoria, AL	United States
S1-003440	Thistle Systems Company	377 Summit Street, Lantern Park, Austin, 62067	USA
S1-003441	Thistle Systems Company	Near Exit 14, 205 Ironwood Rd, Goldleaf Park, Austin, 58017	USA
S1-003442	Orchid Onyx Logistics Private Limited	266 Clearwater Street, Clearwater Nagar, Kochi, Kerala	IN
S1-003443	Northgate Industries Private Limited	132 Ironwood Marg Near SBI ATM Quarry Nagar Jaipur Rajasthan	IN
S1-003444	Onyx Systems Company	156 Redwood Rd, Silverline Park, Lubbock, WA, 97439	United States
S1-003445	Falcon Textiles Private Limited	199 Stonebridge Road, Brightpath Nagar, Opp. Bus Depot, Nagpur, Rajasthan, 825184	India
S1-003446	Clearwater Clearwater Textiles Private Limited	Thistle agar, Pune, 222 Summit Crs	IN
S1-003447	Brightpath Packaging Private Limited	364 Redwood St, Near Metro Pillar 42, Stonebridge Nagar, Nagpur, 916610	India
S1-003448	Clearwater Solutions Company	165 Harbor Blvd, Juniper Park, Peoria, WA	US
S1-003449	Ravenwood Logistics Company	302 Cobalt Ave Peoria AL 70813	USA
S1-003450	Ironwood Chemicals Private Limited	17/22 Harbor Crs, Vertex Nagar, Koochi, 926066	India
S1-003451	Ironwood Chemicals Private Limited	Near Metro Pillar 42 178 Kestrel Marg Silverline Ngaar Indore Rajasthan 650817	India
S1-003452	Apex Trading Incorporated	382 Maplecrest Dr, Brightpath Park, Lubbock, IL, 57476	United States
S1-003453	Stonebridge Systems Private Limited	Opp. Bus Depot, 24 Bluepeak Main, Falcon Nagar, Surat	IN
S1-003454	Orchid Solutions Limited Liability Company	5/51 Lantern Street, Bluepeak Park, Lubbock, 74928	USA
S1-003455	Orchid Solutions Limited Liability Company	130 Juuniper Dr, Lubbock, WA	USA
S1-003456	Lantern Orchid Textiles Limited Liability Company	159 Brightpath Road, Redwood Park, Peoria, CA	United States
S1-003457	Lantern Orchid Textiles Limited Liability Company	41 Redwood Street, Onyx Park, Austin, WA, 11107	USA
S1-003458	Quarry Solutions Limited Liability Company	25/85 Meridian Boulevard, Northgate Park, Fresno, IL	US
S1-003459	Kestrel Silverline Services Private Limited	Behind Ganesh Temple, 221 Apex Mn, Northgate Nagar, Pune, Kerala, 407581	India
S1-003460	Kestrel Silverline Services Private Limited	373 Onyx Marg, Stonebridge Nagar, Pune, 310342	IN
S1-003461	Falcon Industries Incorporated	125 Ravenwood Dr, Summit Park, Fresno, OH, 54267	USA
S1-003462	Sunstone Falcon Foods Company	154 Maplecrest Blvd Kestrel Park Austin 91782	US
S1-003463	Harbor Brightpath Fabrics Limited Liability Company	72 Harbor Drive, Akron, 43359	United States
S1-003464	Summit Textiles Limited	317 Vertex St, Thistle Nagar, Indore, MP, 596489	India
S1-003465	Apex Logistics Incorporated	331 Redwood St Bluepeak Park Mobile OH 53676	US
S1-003466	Apex Logistics Incorporated	205 Sunstone Road, Orchid Park, Tacoma, IL, 64563	US
S1-003467	Redwood Electricals Private Limited	Falcon Rd, Goldleaf Nagar, Opp. Bus Depot, Coimbatore, Kerala, 630137	IN
S1-003468	Goldleaf Brightpath Industries Private Limited	102 Stonebridg eRd, Sunstone Nagar, Near SBI ATM, Kochi, Kerala, 556399	IN
S1-003469	Goldleaf Brightpath Industries Private Limited	119 Quarry Marg, Summit Nagar, Surat, Rajashtan	IN
S1-003470	Thistle Logistics Private Limited	177 Clearwater Marg, Lantern Nagar, Pune, Kerala, 154171	IN
S1-003471	Kestrel Quarry Packaging Company	7/58 Maplecrest Ave, Summit Park, Mobile, AL	United States
S1-003472	Brightpath Motors Corporation	6 Clearwater Road, Mobile, CA, 96274	United States
S1-003473	Brightpath Motors Corporation	399 Brightpath Blvd Mobile 74889	USA
S1-003474	Onyx Orchid Electricals Incorporated	8/58 Maplecrest Rd, Near Exit 14, Fresno	United States
S1-003475	Maplecrest Logistics Private Limited	295 Summit Rd, Quarry Ngar, Surat, Rajasthan	IN
S1-003476	Lantern Enterprises Incorporated	177 Falcon Street Cobalt Park Akron 24653	USA
S1-003477	Kestrel Motors Private Limited	279 Harbor Marg, Stonebridge Nagar, Pune, Gujarat	IN
S1-003478	Sunstone Systems Company	269 Apex Street Orchid Park Lubbock 78660	USA
S1-003479	Sunstone Brightpath Services Limited	345 Brightpath St Redwood Nagar Pune Rajasthan 340713	India
S1-003480	Falcon Fabrics Company	235 Maplecrest Boulevard Kestrel Park Fresno 64767	United States
S1-003481	Northgate Industries Limited	7/2 Juniper Marg, Harbor Nagar, Surat	IN
S1-003482	Northgate Cobalt Logistics Company	284 Juniper Drive, Ironwood Park, Lubbock, AL, 84160	United States
S1-003483	Lantern Motors Limited	28 Silverline Mn, Thistle Nagar, Jaipur, Kerala, 426561	India
S1-003484	Harbor Foods Limited	36/1 Northgate Rd, Apex Nagar, Coimbatore, 813332	India
S1-003485	Vertex Services Private Limited	154 Ironwood Marg Clearwater Nagar Indore 498034	IN
S1-003486	Brightpath Silverline Enterprises Corporation	131 Quarry Boulevard, Clearwater Park, Tacoma	US
S1-003487	Redwood Bluepeak Services Corporation	360 Ravenwood Avenue ,Ironwood Park, Lubbock, 69692	US
S1-003488	Sunstone Maplecrest Motors Limited	317 Brightpath Main, Thistle Nagar, Surat, 584662	India
S1-003489	Summit Fabrics Incorporated	365 Goldleaf Road, Stonebridge Park, Peoria, CA	USA
S1-003490	Redwood Electricals Corporation	374 Cobalt Boulevard Summit Park Lubbock AL 94611	USA
S1-003491	Harbor Trading Private Limited	18/42 Cobalt Mn Vertex Nagar Surat Maharashtra	India
S1-003492	Ravenwood Industries Company	256 Falcon Avenue, Brightpath Park, Fresno, OH, 89869	United States
S1-003493	Maplecrest Electricals Incorporated	175 Redwood Boulevard Harbor Park Tacoma IL	US
S1-003494	Redwood Textiles Limited Liability Company	13 Clearwater Rd, Quarry Park, Lubbock, AL, 36517	US
S1-003495	Sunstone Foods Private Limited	314 Vertex Mn Quarry Nagar Pune Gujarat 600477	India
S1-003496	Cobalt Solutions Company	321 Redwood Dr, Clearwater Park, Peoria, 99437	US
S1-003497	Cobalt Solutions Company	383 Vertex St, Redwood Park, Peoria	United States
S1-003498	Ironwood Packaging Company	Lantern Blvd, Quarry Park, Lubbock, IL, 62119	United States
S1-003499	Sunstone Sunstone Fabrics Company	Near Exit 14, 71 Lantern Dr, Juniper Park, Austin, OH, 31398	US
S1-003500	Maplecrest Fabrics Private Limited	5/28 Summit Roaad, Meridian Nagar, Nagpur, 934590	India
S1-003501	Juniper Vertex Services Private Limited	135 Silverline Street, Sunstone Nagar, Jaipur, MP, 277114	IN
S1-003502	Juniper Vertex Services Private Limited	35 Cobalt Marg, Ironwood Nagar, Surat	India
S1-003503	Onyx Services Corporation	124 Orchid Av, Peoria	USA
S1-003504	Onyx Services Corporation	214 Clearwater Boulevard, Brightpath Park, Fresno, WA	USA
S1-003505	Summit Textiles Limited	161 Onyx Rd, Pune	India
S1-003506	Clearwater Logistics Private Limited	352 Sunstone Street, Nagpur, 374368	IN
S1-003507	Clearwater Logistics Private Limited	379 Summit Street, Cobalt Nagar, Coimbatore	IN
S1-003508	Orchid Packaging Private Limited	164 Orchid Road, Quarry Nagar, Opp. Bus Depot, Jaipur, Rajasthan	India
S1-003509	Harbor Systems Private Limited	139 Ironwood Crs Opp. Bus Depot Meridian Nagar Indore 545357	India
S1-003510	Brightpath Systems Private Limited	26 Redwood Marg, agpur	IN
S1-003511	Vertex Motors Company	337 Cobalt Ave, Maplecrest Park, Tacoma, 20723	US
S1-003512	Northgate Chemicals Private Limited	18 7Sunstone Mn, Cobalt Nagar, Nagpur, 113735	India
S1-003513	Meridian Motors Limited	164 Falcon Marg, Bluepeak Nagar, Coimbatore, 366845	India
S1-003514	Meridian Motors Limited	61 Lantern Marg, Coimbatore, 769344	India
S1-003515	Quarry Enterprises Private Limited	348 Thistle Rd, Cobalt Nagar, Indore, Maharashtra, 704343	India
S1-003516	Falcon Bluepeak Fabrics Limited Liability Company	358 Orchid Street, Mobile, 92781	United States
S1-003517	Thistle Kestrel Textiles Private Limited	105 Silverline St, Quarry Nagar, Nagpur, Maharashtra	India
S1-003518	Thistle Kestrel Textiles Private Limited	Opp. Bus Depot, 80 Lantern Cross, Kochi, Gujarat, 634394	India
S1-003519	Quarry Enterprises Limited	294 Sunstone St, Indore, 838914	India
S1-003520	Meridian Textiles Incorporated	53 Kestrel St, Maplecrest Park, Lubbock, CA, 44012	United States
S1-003521	Meridian Textiles Incorporated	345 Sunstone Dr, Meridian Park, Lubbock, IL, 58332	United States
S1-003522	Quarry Solutions Corporation	375 Onyx Avenue, Thistle Park, Austin, 41348	USA
S1-003523	Quarry Solutions Corporation	27/1 Quarry Ave, uLbbock, TX	USA
S1-003524	Lantern Solutions Private Limited	211 Summit Marg, Nagpur, Tamil Nadu, 665410	India
S1-003525	Goldleaf Lantern Industries Private Limited	158 Stonebridge Marg, Kestrel Nagar, Kochi, Tamil Nadu, 590382	IN
S1-003526	Stonebridge Brightpath Fabrics Private Limited	12/9 Sunstone Rd, Goldleaf Nagar, Coimbatore, Maharashtra	India
S1-003527	Falcon Thistle Services Limited Liability Company	266 Quarry Street, Redwood Park, Opp. City Library, Fresno, WA, 16758	US
S1-003528	Juniper Thistle Textiles Private Limited	144 Ravenwood Mn Redwood Nagar Kochi Tamil Nadu	India
S1-003529	Clearwater Industries Private Limited	275 Orchid Marg, Meridian Nagar, Kochi, Gujarat, 640630	IN
S1-003530	Sunstone Consultancy Limited Liability Company	364 Bluepeak Rd, Apex Park, Tacoma, 48958	US
S1-003531	Vertex Motors Company	Mobile, CA, 63041, Onyx Drive	United States
S1-003532	Vertex Motors Company	113 Orchid Rd, Northgate Park, Opp. City Library, Mobile	US
S1-003533	Harbor Foods Limited Liability Company	13/78 Sunstone Rd, Brightpath Park, Tacoma, AL, 17182	USA
S1-003534	Redwood Brightpath Foods Corporation	195 Ravenwood Bolevard, Ironwood Park, Fresno	USA
S1-003535	Redwood Brightpath Foods Corporation	248 Ravenwood Blvd, Orchid Park, Fresno, OH, 47475	US
S1-003536	Goldleaf Orchid Trading Limited	272 Thistle Street Kochi 546041	IN
S1-003537	Cobalt Motors Limited Liability Company	207 Quarry St Brightpath Park Austin	US
S1-003538	Cobalt Motors Limited Liability Company	137 Northgate Dr ,Mobile, AL	USA
S1-003539	Kestrel Harbor Systems Corporation	171 Falcon Rd Clearwater Park Tacoma 337557	USA
S1-003540	Apex Lantern Solutions Private Limited	174 Onyx Rd, Apex Nagar, Near Metro Pillar 42, Indore, Gujarat	India
S1-003541	Maplecrest Electricals Limited Liability Company	16/42 Sunstone Avenue, Lubbock, TX	United States
S1-003542	Maplecrest Electricals Limited Liability Company	297 Maplecrest Ave, Stonebridge Park, Lubbockk, IL, 75393	US
S1-003543	Harbor Services Private Limited	Falcon Marg, Goldleaf Nagar, Surat, MP	India
S1-003544	Sunstone Systems Limited	Near Metro Pillar 42, 284 Cobalt Mn, Northgate Nagar, Surat, Gujarat	India
S1-003545	Redwood Apex Fabrics Corporation	368 Ravenwood Dr, Fresno, IL, 96262	USA
S1-003546	Summit Textiles Limited	17 Lantern Street, Apex Nagar, Indor,e Maharashtra, 554285	India
S1-003547	Summit Textiles Limited	388 Summit Mn Quarry Nagar Indore Rajasthan 791821	India
S1-003548	Ravenwood Motors Incorporated	385 Bluepeak St Austin OH 52971	USA
S1-003549	Maplecrest Foods Private Limited	Ironwood Marg, Vertex Nagar, Jaipur, Kerala	IN
S1-003550	Redwood Trading Company	7/84 Juniper Rd, Thistle Park, Austin, WA, 12905	United States
S1-003551	Clearwater Fabrics Company	36/60 Lantern Street Apex Park Austin	USA
S1-003552	Lantern Logistics Limited Liability Company	362 Kestrel Road, Juniper Park, Austin, CA, 74803	USA
S1-003553	Kestrel Textiles Limited Liability Company	294 Vertex Rd, Kestrel Park, Tacoma, OH	US
S1-003554	Kestrel Textiles Limited Liability Company	211 Redwood Ave, Near Exit 14, Thistle Park, Tacoma, 23374	US
S1-003555	Ironwood Trading Limited Liability Company	4/74 Onyx Boulevard, Meridian Park, Tacoma, OH, 97281	United States
S1-003556	Cobalt Motors Corporation	199 Apex Drive, Northgate Park, Lubbock, WA, 25870	US
S1-003557	Meridian Chemicals Limited Liability Company	233 Harbor Road, Cobalt Park, Near Exit 14, Lubbock, AL	US
S1-003558	Juniper Consultancy Company	234 Ironwood Road, Juniper Park, Mobile	United States
S1-003559	Northgate Goldleaf Chemicals Corporation	273 Onyx Street, Fresno, OH, 43539	USA
S1-003560	Northgate Goldleaf Chemicals Corporation	388 Goldleaf Drive, Behind the Civic Center, Harbor Park, Peoria, TX, 30590	United States
S1-003561	Apex Industries Private Limited	204 Falcon Marg, Redwood Nagar, Nagpur, Maharashtra	India
S1-003562	Cobalt Solutions Private Limited	161 Redwood Mn, Orchid Nagar, Nagpur, 830768	IN
S1-003563	Orchid Systems Private Limited	319 Ironwood Mn, Nagpur, Tamil Nadu, 900593	India
S1-003564	Orchid Systems Private Limited	132 Quarry Main Redwood Nagar Nagpur	IN
S1-003565	Ironwood Systems Private Limited	Quarry St, Sunstone Nagar, Nagpur, MP, 287126	India
S1-003566	Maplecrest Trading Private Limited	26 Silverline Rd, Cobalt Nagar, Kochi, MP, 958211	India
S1-003567	Maplecrest Trading Private Limited	Kestrel Rd, Goldleaf Nagar, Kochi	India
S1-003568	Northgate Enterprises Private Limited	161 Goldleaf Crs Falcon Nagar Coimbatore	IN
S1-003569	Kestrel Harbor Electricals Limited	381 Silverline Cross, Kochi, MP	India
S1-003570	Kestrel Harbor Electricals Limited	360 Brightpath Road, Goldleaf Nagar, Jaipur, 824485	IN
S1-003571	Orchid Industries Private Limited	17 Sunstone Crs Quarry Nagar Jaipur Gujarat	IN
S1-003572	Harbor Trading Private Limited	29/12 Vertex Marg, Kochii, Maharashtra	India
S1-003573	Clearwater Packaging Private Limited	379 Meridian Rd, Apex Nagar, Nagpur	India
S1-003574	Clearwater Electricals Private Limited	Near SBI ATM, 290 Meridian Rd, Silverline Nagar, Kochi, 768519	IN
S1-003575	Summit Services Company	67 Harbor Drive, Cobalt Park, Behind the Civic Center, Mobile	United States
S1-003576	Summit Services Company	98 Ironwood Road, Juniper Park, Mobile, OH, 95236	United States
S1-003577	Summit Trading Limited	396Apex St, Harbor Nagar, Kochi, Gujarat, 509083	IN
S1-003578	Brightpath Chemicals Incorporated	Northgate St Vertex Park Peoria AL	United States
S1-003579	Northgate Industries Incorporated	120 Bluepeak Road, Ironwood Park, Fresno, OH, 82854	United States
S1-003580	Northgate Industries Incorporated	14 Quarry Dr Fresno CA 43532	USA
S1-003581	Orchid Chemicals Limited	300 Sunstone Rd, Summit Nagar, Surat, 177352	IN
S1-003582	Orchid Chemicals Limited	54 Thistle Main Vertex Nagar Surat 980187	IN
S1-003583	Sunstone Fabrics Company	Vertex St, Ravenwood Park, Austin, AL	USA
S1-003584	Apex Logistics Corporation	35/9 Meridian Blvd, Maplecrest Park, Fresno, OH, 58492	United States
S1-003585	Redwood Logistics Corporation	276 Redwood Blvd, Near Exit 14, Northgate Park, Austin, CA	US
S1-003586	Kestrel Services Limited Liability Company	201 Apex Rd, Apex Park, Akron, IL, 21467	US
S1-003587	Clearwater Logistics Corporation	300 Falcon Street, Cobalt Park, Mobile	US
S1-003588	Falcon Ravenwood Packaging Private Limited	93 Kestrel St, Summit Nagar, Indore	IN
S1-003589	Redwood Packaging Limited Liability Company	Opp. City Library 121 Maplecrest Boulevard Lubbock WA 72851	United States
S1-003590	Redwood Packaging Limited Liability Company	270 Orchid Dr, Brightpath Park, Lubbock, 28694	United States
S1-003591	Quarry Trading Private Limited	286 Clearwater Street, Surat	India
S1-003592	Quarry Trading Private Limited	68 Meridian Marg, Jaipur	India
S1-003593	Bluepeak Chemicals Limited	308 Cobalt Mn, Ironwood Nagar, Kochi, Maharashtra	India
S1-003594	Bluepeak Chemicals Limited	17 Ironwood Main, Kochi, MP	IN
S1-003595	Silverline Solutions Company	337 rIonwood Rd, Opp. City Library, Meridian Park, Austin, 30680	United States
S1-003596	Northgate Motors Limited Liability Company	326 Brightpath Street, Onyx Park, Fresno	United States
S1-003597	Northgate Foods Corporation	11 Apeex Boulevard, Goldleaf Park, Lubbock, TX	United States
S1-003598	Juniper Electricals Limited Liability Company	Opp. City Library, 111 Sunstone Boulevard, Lubbock, 79125	US
S1-003599	Juniper Electricals Limited Liability Company	187 Summit Aveue, Harbor Park, Lubbock, 73646	USA
S1-003600	Orchid Harbor Packaging Company	335 Clearwater Boulevard, Summit Park, Lubbock, CA	US
S1-003601	Redwood Summit Textiles Limited	32/39 Juiper Cross, Ravenwood Nagar, Near Metro Pillar 42, Kochi, 839780	India
S1-003602	Redwood Summit Textiles Limited	Near Metro Pillar4 2, 189 Northgate Rd, Goldleaf Nagar, Kochi, 952285	India
S1-003603	Maplecrest Harbor Services Private Limited	177 Cobalt Main, Indore, Gujarat, 667265	IN
S1-003604	Maplecrest Harbor Services Private Limited	312 Clearwater Street Kestrel Nagar Surat	IN
S1-003605	Quarry Consultancy Private Limited	243 Onyx Crs, Maplecrest Nagar, Surat, MP, 245931	IN
S1-003606	Stonebridge Logistics Private Limited	376 Redwood Crs, Kestrel Nagar,  Opp. Bus Depot, Coimbatore, Kerala, 322546	IN
S1-003607	Cobalt Solutions Limited	Brightpath Nagar, Behind Ganesh Temple, Pune, Maharashtra, 676594, 390 Juniper Rd	IN
S1-003608	Cobalt Solutions Limited	168 Meridian Marg, Clearwater Nagar, Pune, 830487	IN
S1-003609	Meridian Industries Incorporated	388 Falcon Boulevard, Apex Park, Mobile	United States
S1-003610	Summit Harbor Chemicals Company	Juniper Ave, Lantern Park, Peoria	USA
S1-003611	Summit Harbor Chemicals Company	230 Quarry St Thistle Park Tacoma AL	United States
S1-003612	Onyx Chemicals Private Limited	314 Kestrel Crs, Indore, Kerala, 293280	IN
S1-003613	Redwood Meridian Motors Limited	86 Vertex Marg, Falcon Nagar, Surat, 243444	India
S1-003614	Vertex Redwood Foods Limited Liability Company	39 Maplercest St, Lubbock, OH	US
S1-003615	Vertex Redwood Foods Limited Liability Company	292 Apex Drive, Peoria, 15060	United States
S1-003616	Juniper Systems Limited Liability Company	Redwood St, Mobile, WA, 77129	US
S1-003617	Ironwood Redwood Packaging Company	294 Norhgate St Fresno 19308	USA
S1-003618	Ironwood Redwood Packaging Company	Opp. City Library, 217 Juniper Street, Ironwood Prk, Fresno, 11949	USA
S1-003619	Maplecrest Juniper Solutions Limited Liability Company	Stonebridge Boulevard Vertex Park Peoria	USA
S1-003620	Quarry Trading Limited	19 Bluepeak Marg,F alcon Nagar, Kochi, 953830	IN
S1-003621	Falcon Industries Limited	161 Ravenwood Street, Kochi, 945088	IN
S1-003622	Orchid Logistics Incorporated	34/1 Redwood Drive, Cobalt Park, Lubbock, IL	US
S1-003623	Goldleaf Cobalt Packaging Limited Liability Company	315 Northgate Avenue Juniper Park Lubbock	US
S1-003624	Orchid Systems Private Limited	229 Clearwater St, Clearwater Nagar, Surat, 213092	India
S1-003625	Brightpath Ravenwood Foods Limited Liability Company	45 Northgate Dr, Akron, TX, 65399	US
S1-003626	Summit Cobalt Electricals Corporation	184 Stonebridge Dr Onyx Park Mobile 26418 WA	US
S1-003627	Falcon Electricals Private Limited	32/1 Falon Rd, Kochi, 912880	India
S1-003628	Quarry Logistics Limited	Clearwater Street, Quarry Nagar, Near SBI ATM, Jaipur, 195007	IN
S1-003629	Quarry Consultancy Limited	222 Ravenwood Marg, Behind Ganesh Temple, Pune, Kerala,, 519161	India
S1-003630	Quarry Consultancy Limited	272 Meridian Mn, Lantern Nagar, Pune, Kerala	IN
S1-003631	Sunstone Chemicals Incorporated	162 Summit Boulevard, Sunstone Park, Austin, TX, 60130	US
S1-003632	Cobalt Enterprises Company	244 Redwood Ave, Brightpath Park, Peoria, 44313	United States
S1-003633	Meridian Industries Private Limited	392 Sunstone Street, Jaipur, Rajasthan	IN
S1-003634	Redwood Onyx Industries Limited	251 Maplecrest Cross Clearwater Nagar Indore	India
S1-003635	Goldleaf Consultancy Corporation	Peoria, TX, 92 Kestrel Boulevard	USA
S1-003636	Harbor Foods Private Limited	217 Juniper Street, Brightpath Nagar, Indore, Rajasthan	India
S1-003637	Redwood Bluepeak Enterprises Limited	67 Lantern Rd, Bluepeak Nagar, Indore, Maharashtra, 615335	India
S1-003638	Ravenwood Systems Incorporated	204 Summit Street, Opp. City Library, Akron, 54992	United States
S1-003639	Summit Services Private Limited	299 Juniper Rd, Surat, Tamil Nadu, 474167	IN
S1-003640	Clearwater Chemicals Private Limited	Clearwater Marg, Apex Nagar, Indore, 372102	India
S1-003641	Clearwater Chemicals Private Limited	326 Thistle Mn, Meridian Nagar, Near SBI ATM, Indore, Tamil Nadu	India
S1-003642	Orchid Electricals Private Limited	Orchidd Mn, Bluepeak Nagar, Surat, Rajasthan, 665750	IN
S1-003643	Orchid Electricals Private Limited	204 Falcon Street, Near SBI ATM, Thistle Nagar, Coimbatore, 961708	IN
S1-003644	Goldleaf Services Private Limited	135 Vertex Mn Stonebridge Nagar Kochi Rajasthan 545764	India
S1-003645	Goldleaf Fabrics Private Limited	Onyx Marg, Indre, MP, 814883	India
S1-003646	Kestrel Kestrel Packaging Incorporated	27/56 Onyx St Kestrel Pakr Lubbock TX	US
S1-003647	Sunstone Consultancy Corporation	283 Ironwood Ave, Ironwood Park, Austin, AL	USA
S1-003648	Cobalt Consultancy Private Limited	40 Harbor oad, Maplecrest Nagar, Kochi, MP	India
S1-003649	Northgate Electricals Private Limited	Juniper Crs, Coimbatore, Kerala, 962533	India
S1-003650	Northgate Electricals Private Limited	395 Juniper Marg Indore 323274	India
S1-003651	Meridian Harbor Trading Corporation	34 Ironwood Dr, Juniper Park, Austin, AL, 58480	USA
S1-003652	Maplecrest Textiles Private Limited	194 Onyx Street, Vertex Nagar, Pune, Kerala, 933881	IN
S1-003653	Ravenwood Motors Company	39 Bluepeak Dr, Clearwater Park, Austin, CA, 36548	USA
S1-003654	Ravenwood Motors Company	311 Orchid Boulevard Opp. City Library Onyx Park Lubbock TX	US
S1-003655	Thistle Juniper Motors Incorporated	276 Apex Rd Akron	United States
S1-003656	Ravenwood Logistics Limited Liability Company	Behind the Civic Center 266 Ironwood Road Vertex Park Mobile	US
S1-003657	Lantern Solutions Private Limited	Falcon Marg Pune	India
S1-003658	Lantern Solutions Private Limited	48 Onyx Street, Apex Nagar, Pune, Kerala	IN
S1-003659	Cobalt Foods Private Limited	59 Sunstone Crs, Onyx Nagar, Indore	IN
S1-003660	Cobalt Foods Private Limited	191 Redwood Marg, Orchid Nagar, Indore, 792167	India
S1-003661	Bluepeak Packaging Limited Liability Company	21 Ravenwood Rd, Behind the Civic Center, Tacoma ,OH, 84316	US
S1-003662	Bluepeak Packaging Limited Liability Company	240 Lantern Dr,  Stonebridge Park, Akron, OH	US
S1-003663	Harbor Systems Company	215 Ravenwood Boulevard, Stonebridge Park, Fresno, 44005	USA
S1-003664	Maplecrest Meridian Motors Private Limited	Silverline St, Maplecrest Nagar, Surat, Kerala, 299588	India
S1-003665	Sunstone Fabrics Limited	255 Quarry Main, Apex Nagar, Jaipur, MP, 354938	IN
S1-003666	Onyx Goldleaf Consultancy Private Limited	Near Metro Pillar 42, Lantern St, Ravenwood Nagar, Nagpur, Maharashtra	IN
S1-003667	Sunstone Silverline Chemicals Limited Liability Company	141 Apex Rd, Quarry Park, Tacoma, AL, 71232	United States
S1-003668	Stonebridge Cobalt Solutions Limited	43 Thistle Rd, Meridian Nagar, Pune, 396403	IN
S1-003669	Meridian Consultancy Limited	7 Redwood Road, Coimbatore, Tamil Nadu	IN
S1-003670	Brightpath Chemicals Private Limited	Opp. Bus Depot 101 Kestrel St Pune Gujarat 354483	IN
S1-003671	Ironwood Silverline Chemicals Corporation	358 Silverline Road, Akron, AL, Ironwood Park	US
S1-003672	Ironwood Silverline Chemicals Corporation	Apex Avenue, Akron, 47906	US
S1-003673	Orchid Systems Limited	76 Ironwood Crs, Redwood Nagar, Pune, 389715	India
S1-003674	Juniper Quarry Electricals Company	27 Thistle Dr, Meridian Park, Behind the Civic Center, Austin, TX	US
S1-003675	Silverline Clearwater Logistics Private Limited	29 Juniper Cross, Surat, Kerala	IN
S1-003676	Juniper Chemicals Incorporated	205 Orchid Blvd Bluepeak Park Mobile TX 82080	US
S1-003677	Redwood Harbor Packaging Private Limited	332 Onyx Road, Nagpur, Kerala	India
S1-003678	Redwood Harbor Packaging Private Limited	Near SBI ATM, Lantern Crs, Falcon Nagar, Coimbatore, 211150	India
S1-003679	Cobalt Industries Private Limited	232 Silverline Rd Maplecrest Nagar Jaipur Gujarat	India
S1-003680	Ironwood Industries Private Limited	355 Stonebridge Marg Clearwater Nagar Surat Gujarat 432511	India
S1-003681	Kestrel Solutions Limited	247 Silverline Rd, Goldleaf Nagar, Surat, Rajasthan, 306041	India
S1-003682	Vertex Solutions Limited	372 Cobalt Cross Ironwood Nagar Surat 845206	India
S1-003683	Clearwater Motors Corporation	Cobalt Boulevard, Austin, Meridia Park	USA
S1-003684	Apex Textiles Private Limited	Ravenwood Street, Onyx Nagar, Indore, Rajasthan, 408028	IN
S1-003685	Summit Chemicals Company	49 Summit Rd, Redwood Park, Behind the Civic Center, Austin, IL, 90648	USA
S1-003686	Vertex Falcon Solutions Private Limited	81 Thistle Main, Lantern Nagar, Indore, 345510	India
S1-003687	Cobalt Textiles Incorporated	Orchid Park, Lubbock, OH, 58879, 162 Maplecrest Drive	United States
S1-003688	Cobalt Textiles Incorporated	4/40 Quarry Dr, Opp. City Library, Lubbock, IL, Juniper Park	US
S1-003689	Silverline Systems Incorporated	29 Goldleaf Dr, Cobalt Park, Lubbock, CA, 38624	US
S1-003690	Goldleaf Logistics Corporation	354 Ironwood Rd, Tacoma, AL, 62256	United States
S1-003691	Ironwood Fabrics Incorporated	384 Juniper Boulevard, Clearwater Park, Mobile, IL, 33581	US
S1-003692	Ironwood Fabrics Incorporated	343 Goldleaf Drive, Mobile, 24935	United States
S1-003693	Sunstone Logistics Private Limited	372 Apex Marg Summit Nagar Pune	India
S1-003694	Sunstone Logistics Private Limited	Clearwater Nagar, Pune, Rajasthan, 333163, 318 Thistle Road	India
S1-003695	Juniper Summit Logistics Limited Liability Company	Near Exit 14, 146 Ravenwood Avenue, Brightpath Park, Lubbock, 61340	US
S1-003696	Thistle Foods Limited	199 Redwood Rd, Orchid Nagar, Kochi, 123954	IN
S1-003697	Redwood Solutions Incorporated	175 Kestrel Dr Stonebridge Park Peoria	United States
S1-003698	Redwood Solutions Incorporated	288 Orchid Dr, Redwood Park, Austin, 96666	United States
S1-003699	Vertex Cobalt Textiles Private Limited	15 Orchid Crs Stonebridge Nagar Kochi 238220	IN
S1-003700	Apex Services Incorporated	Opp. City Library, 352 Northgate Dr, Clearwater Park, Fresno, IL, 90046	USA
S1-003701	Onyx Consultancy Limited	225 Juniper Main, Ironwood Nagar, Naggpur, Gujarat, 591326	IN
S1-003702	Quarry Maplecrest Foods Private Limited	272 Orchid Main, Kochi, MP, 12817	IN
S1-003703	Silverline Trading Incorporated	245 Ironwood Avenue, Kestrel Park, Peoria, 40344	United States
S1-003704	Stonebridge Chemicals Incorporated	146 Vertex Blvd, Meridian Park, Mobile, IL, 65926	United States
S1-003705	Stonebridge Chemicals Incorporated	29 Northgate Boulevard Behind the Civic Center Vertex Park Mobile OH 28703	USA
S1-003706	Thistle Falcon Packaging Corporation	283 Onyx Drive Lantern Park Lubbock OH	USA
S1-003707	Meridian Chemicals Private Limited	261 Vertex Crs, Sunstone Nagar, Coimbatore, Rajasthan, 733299	IN
S1-003708	Meridian Chemicals Private Limited	362 Clearwater Cross, Coimbatore, Rajasthan, 183053	IN
S1-003709	Kestrel Bluepeak Foods Limited Liability Company	351 Bluepeak Street, Quarry Park, Akron, 87440	US
S1-003710	Quarry Enterprises Private Limited	36/24 Brightpath Marg, Redwood Nagar, Jiapur, Gujarat, 497435	India
S1-003711	Quarry Enterprises Private Limited	157 Maplecrest RRd, Thistle Nagar, Coimbatore, Kerala, 887654	India
S1-003712	Falcon Electricals Limited Liability Company	19/4 Stonebridge Dr, Quarry Park, Peoria	United States
S1-003713	Stonebridge Ravenwood Solutions Private Limited	338 Bluepeak Street, Coimbatore	IN
S1-003714	Cobalt Packaging Private Limited	286 Bluepeak Main, Summit Nagar, Jaipur, MP	India
S1-003715	Clearwater Solutions Incorporated	315 Apex AAve, Ironwood Park, Austin, AL, 75143	US
S1-003716	Meridian Northgate Foods Private Limited	Northgate Main, Northgate Nagar, Jaipur, Kerala, 287204	IN
S1-003717	Harbor Solutions Private Limited	Behnd Ganesh Temple, 104 Falcon Marg, Thistle Nagar, Coimbatore, Kerala, 723691	India
S1-003718	Onyx Foods Private Limited	310 Falcon Rd, Opp. Bus Depot, Kochi	India
S1-003719	Onyx Foods Private Limited	2/50 Ironwood Main Kochi Gujarat 440845	IN
S1-003720	Apex Consultancy Private Limited	224 Vertex Mn, Quarry Nagar, Kochi,7 94251	IN
S1-003721	Onyx Packaging Incorporated	59 Sunstone Street, Lantern Park, Akron, 13590	USA
S1-003722	Onyx Solutions Private Limited	2 Summit Mn Near SBI ATM Jaipur Gujarat 169530	IN
S1-003723	Lantern Services Corporation	246 Thistle Dr, Sunstone Park, Austin, IL	USA
S1-003724	Cobalt Ironwood Trading Corporation	338 Harbor Avenue, Near Exit 14, Goldleaf Park, Fresno, 87451	USA
S1-003725	Cobalt Ironwood Trading Corporation	275 Quarry Avenue, Fresno, 48296	US
S1-003726	Lantern Trading Limited Liability Company	Meridian Blvd, Clearwater Park, Akron, TX, 16171	United States
S1-003727	Lantern Trading Limited Liability Company	Goldleaf Drive, Goldleaf Park, Lubbock, 47089	United States
S1-003728	Sunstone Industries Corporation	288 Sunstone Street Lantern Park Fresno CA 73893	US
S1-003729	Lantern Fabrics Incorporated	362 Apex Blvd Redwood Park Fresno TX 15140	United States
S1-003730	Onyx Chemicals Limited	216 Sunstone Rd, Jaipur	IN
S1-003731	Ironwood Industries Company	46 Juniper Dr, Juniper Park, Lubbock, 25214	US
S1-003732	Ironwood Industries Company	338 Sunstone Boulevard, Onyx Park, Austin	US
S1-003733	Bluepeak Systems Company	221 Clearwater Street, Lubboc,k CA, 89481	US
S1-003734	Bluepeak Systems Company	113 Ravenwood Ave, Behind the Civic Center, Stonebridge Park, Austin, OH, 53636	USA
S1-003735	Summit Trading Limited Liability Company	335 Bluepeak Road, Onyx Park, Tacoma, 50713	US
S1-003736	Cobalt Enterprises Limited	25/89 Silverline Marg,, Goldleaf Nagar, Surat, MP	India
S1-003737	Meridian Systems Limited	336 Haarbor Cross, Ravenwood Nagar, Opp. Bus Depot, Nagpur, Gujarat, 678878	IN
S1-003738	Orchid Foods Private Limited	36/78 Goldleaf Crs, Kestrel Nagar, Nagpur, Gujarat	IN
S1-003739	Silverline Trading Limited	15 Apex Road, Harbor Nagar, Indore, Rajasthan, 466332	IN
S1-003740	Bluepeak Fabrics Incorporated	393 Ironwood St, Tacoma, OH, 19720	USA
S1-003741	Quarry Systems Incorporated	286 Harbor Avenue, Onyx Park, Austin, OH	United States
S1-003742	Harbor Electricals Incorporated	276 Northgate St, Peoria, AL, 96441	USA
S1-003743	Harbor Electricals Incorporated	86 Goldleaf St, Mobile, AL, 31052	USA
S1-003744	Apex Motors Corporation	367 Stonebridge Drive, Goldleaf Park, Mobile, IL	US
S1-003745	Apex Motors Corporation	197 Redwood St, Vertex Park, Mobile	United States
S1-003746	Vertex Motors Private Limited	179 Summit Street, Kestrel Nagar, Nagpur	India
S1-003747	Quarry Ironwood Consultancy Company	61 Thistle Dr, Austin, CA, 82233	US
S1-003748	Orchid Packaging Incorporated	Clearwater Road, Onyx Park, 45866, Austin	US
S1-003749	Falcon Solutions Corporation	240 Bluepeak Road, Onyx Park, Opp. City Library, Mobile, WA, 78992	United States
S1-003750	Quarry Textiles Limited Liability Company	373 Ravenwodo Ave, Summit Park, Peoria, 14326	US
S1-003751	Cobalt Electricals Private Limited	Clearwater Marg, Kestrel Nagar, Coimbatore	India
S1-003752	Cobalt Electricals Private Limited	134 Brightpath  Street, Coimbatore, 711222, Quarry Nagar	India
S1-003753	Stonebridge Systems Limited	232 Clearwater Mn Harbor Nagar Pune MP 773675	IN
S1-003754	Stonebridge Systems Limited	Cobalt Street, Kestrel Nagar, Jaipur, 266061	India
S1-003755	Northgate Trading Private Limited	331 Maplecrest Crs, Apex Nagar, Jaipur, 518052	IN
S1-003756	Vertex Vertex Chemicals Incorporated	306 Lantern Boulevard, Ironwood Park, Lubbock, 54983	United States
S1-003757	Vertex Vertex Chemicals Incorporated	Near Exit 14, 93 Orchid Dr, Summit Park, Austin, OH, 94929	USA
S1-003758	Cobalt Electricals Private Limited	1500 Falcon St, Meridian Nagar, Coimbatore, 898278	India
S1-003759	Kestrel Chemicals Company	21 Ironwood Street, Redwood Park, Lubbock, TX	USA
S1-003760	Bluepeak Clearwater Consultancy Limited Liability Company	Ravenwood Park, Mobile, 289 Clearwater Avenue	USA
S1-003761	Cobalt Goldleaf Consultancy Private Limited	343 Goldleaf St, Opp. Bus Depot, Meridian Nagar, Kochi	IN
S1-003762	Ironwood Trading Limited Liability Company	Opp. City Library, 123 Orchid Drive, Harbor Park, Peoria, OH	United States
S1-003763	Redwood Enterprises Corporation	48 Brightpath Blvd Silverline Park Austin IL 98698	US
S1-003764	Onyx Enterprises Limited	196 Maplecrest Main Surat	India
S1-003765	Harbor Onyx Textiles Incorporated	77 Cobalt Road, Vertex Park, Tacoma, IL	United States
S1-003766	Harbor Onyx Textiles Incorporated	345 Apex Blvd, Opp. City Library, Tacoma	US
S1-003767	Falcon Services Corporation	57 Goldleaf Blvd Orchid Park Peoria	USA
S1-003768	Kestrel Enterprises Incorporated	309 Stonebridge Dr, Ravenwood Park, Tacoma, 44468	United States
S1-003769	Ironwood Services Private Limited	141 Brightpath Mn, Stonebridge Nagar, Jaipur, Maharashtra	India
S1-003770	Ravenwood Packaging Limited	155 Bluepeak Road, Surat, 750182	IN
S1-003771	Ravenwood Packaging Limited	26 Harbor Marg, Sunstone Nagar, Surat, Tamil Nadu	India
S1-003772	Goldleaf Electricals Incorporated	Bluepeak Drive, Maplecrest Park, Opp. City Library, Akron	United States
S1-003773	Goldleaf Electricals Incorporated	173 Apex Avenue Cobalt Park Peoria WA 48554	United States
S1-003774	Falcon Silverline Logistics Private Limited	107 Juniper St, Quarry Nagar, Nagpur, Tamil Nadu, 427601	IN
S1-003775	Falcon Silverline Logistics Private Limited	Cobalt Mn, Stonebridge Nagar, Kochi, Gujarat, 646676	IN
S1-003776	Apex Textiles Private Limited	279 Vertex Main, Nagpur, Rajasthan, 226865	IN
S1-003777	Kestrel Orchid Fabrics Corporation	306 Harbor Road Orchid Park TX 62864 Tacoma	US
S1-003778	Maplecrest Consultancy Limited	122 Vertex Cross, Falcon Nagar, Coimbatore, Kerala	IN
S1-003779	Stonebridge Clearwater Services Company	259 Northgate St, Ironwood Park, Fresno, 54800	US
S1-003780	Ironwood Consultancy Limited	44 Silverline Crs Harbor Nagar Surat	India
S1-003781	Onyx Systems Incorporated	37 Juniper Avenue, Lubbock, CA, 49128	United States
S1-003782	Vertex Summit Electricals Private Limited	38N orthgate St, Vertex Nagar, Surat, Rajasthan, 208642	IN
S1-003783	Ironwood Kestrel Services Private Limited	Silverline St, Kochi, 877588	India
S1-003784	Ironwood Kestrel Services Private Limited	293 Orchid Road, Kochi, 287026	IN
S1-003785	Meridian Logistics Private Limited	Maplecrest Mn, Nagpur, Rajasthan	IN
S1-003786	Meridian Logistics Private Limited	Harbor Nagar, Jaipur, Tamil Nadu, 610701, 206 Lantern Cross	IN
S1-003787	Juniper Industries Incorporated	100 Bluepeak Dr Fresno	USA
S1-003788	Goldleaf Chemicals Limited Liability Company	303 Brightpath Street, Stonebridge Park, Mobile, 42375	US
S1-003789	Maplecrest Chemicals Company	Behind the Civic Center 190 Sunstone Rd Thistle Park Lubbock OH	United States
S1-003790	Stonebridge Lantern Textiles Company	280 Sunstone Avenue, Lubbock, 17653	United States
S1-003791	Harbor Sunstone Electricals Limited Liability Company	Behind the Civic Center, 367 Bluepeak Ave, Austin, AL	United States
S1-003792	Falcon Electricals Limited Liability Company	162 Harbor Ave Lubbock 48082	US
S1-003793	Maplecrest Solutions Private Limited	53 Northgate Marg, Summit Nagar, Opp. Bus Depot, Nagpur, Maharashtra	India
S1-003794	Maplecrest Solutions Private Limited	Cobalt Cross, Behind Ganesh Temple, Nagpur, Kerala	India
S1-003795	Summit Vertex Chemicals Corporation	131 Ironwood Dr, Thistle Park, Fresno, AL, 65286	USA
S1-003796	Summit Vertex Chemicals Corporation	57 Maplecrest Street, Meridian Park, Fresno, AL, 59644	US
S1-003797	Redwood Solutions Limited	53 Sunstone Mn, Orchid Nagar, Jaipur, 650208	India
S1-003798	Redwood Foods Company	237 Goldleaf St, Tacoma	US
S1-003799	Redwood Foods Company	138 Onyx Boulevard, Northgate Parrk, Tacoma, 95638	USA
S1-003800	Falcon Motors Corporation	178 QQuarry Ave, Quarry Park, Mobile, 83264	US
S1-003801	Quarry Systems Private Limited	313 Lantern Cross, Kochi, 468046	IN
S1-003802	Lantern Motors Private Limited	376 Brigtpath Cross, Orchid Nagar, Jaipur, 528054	India
S1-003803	Bluepeak Consultancy Company	Orchid Park, Austin, 130 Stonebridge Ave	US
S1-003804	Bluepeak Consultancy Company	233 Stonebirdge Avenue, Lantern Park, Austin, CA, 39824	United States
S1-003805	Onyx Motors Limited	133 Silverline Street Cobalt Nagar Indore	India
S1-003806	Onyx Motors Limited	1 Onyx Cross, Onyx Nagar, Indore, Kerala, 761037	IN
S1-003807	Vertex Chemicals Corporation	38 Stonebridge Road, Kestrel Park, Tacoma, 68917	USA
S1-003808	Lantern Stonebridge Services Limited	Opp. Bus Depot Summit Rd Vertex Nagar Indore	IN
S1-003809	Quarry Lantern Logistics Private Limited	192 Brightpath Street, Northgate Nagar, Indore, Rajasthan, 310045	IN
S1-003810	Quarry Lantern Logistics Private Limited	197 Ravenwood Marg, Near Metro Pillar 42, Ravenwood Nagar, Jaipur, Tamil Nadu	India
S1-003811	Stonebridge Motors Limited	111 Harbor Rd, Meriian Nagar, Nagpur, 204438	India
S1-003812	Stonebridge Trading Company	111 Ravenwood Rd, Peoria, AL, 71435	USA
S1-003813	Stonebridge Trading Company	70 Goldleaf Dr, Ravenwood Park, Peoria	USA
S1-003814	Stonebridge Trading Private Limited	281 Summit Road Clearwater Nagar Indore 989199	IN
S1-003815	Maplecrest Thistle Trading Private Limited	368 Harbor Cross, Clearwater Nagar, Surat, 499604	IN
S1-003816	Meridian Enterprises Limited	138 Kestrel Marg Onyx Nagar Coimbatore Gujarat	IN
S1-003817	Goldleaf Meridian Consultancy Private Limited	68 Cobalt Crs, Near SBI ATM, Quarry Nagar, Kochi, Gujarat, 691988	India
S1-003818	Meridian Services Limited Liability Company	234 Quarry Rd Fresno 64080	United States
S1-003819	Ironwood Electricals Corporation	140 Quarry Dr, Ironwood Park, Peoria, IL, 80861	US
S1-003820	Summit Packaging Company	97 Summit Boulevard, Juniper Park, Akron, 79923	USA
S1-003821	Summit Packaging Company	5 Apex Dr, Brightpath Park, Akron, CA	US
S1-003822	Ravenwood Systems Limited	Opp. Bus Depot, 336 Bluepeak Mn, Jaipur, 285149	IN
S1-003823	Vertex Foods Limited	339 Cobalt Cross, Onyx Nagar, Kochi, 766742	India
S1-003824	Falcon Fabrics Private Limited	343 Falcon Mn, Opp. Bus Depot, Maplecrest Nagar, Indore, Kerala, 302035	India
S1-003825	Meridian Solutions Limited	36/66 Vertex Marg Opp. Bus Depot Nagpur MP 797415	IN
S1-003826	Goldleaf Textiles Private Limited	389 Cobalt Main, Thistle Nagar, Kochi, Maharashtra, 532496	IN
S1-003827	Northgate Logistics Corporation	44 Thistle St, Mobile, AL, 93741, Brightpath Park	USA
S1-003828	Harbor Textiles Corporation	46 Onyx Road, Stonebridge Park, Peoria	United States
S1-003829	Vertex Goldleaf Chemicals Private Limited	Summit Road, Sunstone Nagar, Surat, 154993	IN
S1-003830	Harbor Clearwater Packaging Corporation	127 Quarry Dr, Stonebridge Park, Fresno, AL, 25695	United States
S1-003831	Ironwood Trading Private Limited	305 Thistle Main, Ironwood Nagar, Indore, Maharashtra, 486530	India
S1-003832	Orchid Consultancy Limited	Behind Ganesh Temple, 371 Vertex Mn, Nagpur, Rajasthan, 598393	India
S1-003833	Sunstone Packaging Private Limited	126 Ironwood Marg, Onyx Nagar, Surat, MP ,222967	India
S1-003834	Northgate Goldleaf Systems Company	354 Bluepeak Road Akron IL 78882	USA
S1-003835	Orchid Systems Corporation	255 Ravenwood Rd Peoria	US
S1-003836	Redwood Solutions Company	209 Stonebridge Ave Akron IL 71842	United States
S1-003837	Bluepeak Chemicals Private Limited	29/40 Stonebridge Rd, Juniper Nagar, Near SBI ATM, Nagpur, Gujarat	IN
S1-003838	Orchid Maplecrest Motors Private Limited	281 Brightpath Street, Redwood Nagar, Opp. Bus Depot, Surat, Gujarat, 495590	IN
S1-003839	Redwood Fabrics Corporation	Ravenwood Avenue Fresno CA Ironwood Park	USA
S1-003840	Redwood Chemicals Limited	278 Quarry Mn, Silverline Nagar, Nagpur, Rajasthan, 912768	India
S1-003841	Redwood Chemicals Limited	120 Orchid Marg Lantern Nagar Coimbatore MP 593136	IN
S1-003842	Brightpath Electricals Private Limited	Northgate Mn, Juniper Nagar, Indore, 747300	IN
S1-003843	Quarry Solutions Incorporated	303 oldleaf Ave, Austin, 94726, Ravenwood Park	United States
S1-003844	Apex Industries Corporation	Near Exit 14, Brightpath Boulevard, Juniper Park, Austin	USA
S1-003845	Falcon Trading Private Limited	273 Ironwood Road, Stonebridge Nagar, Coimbatore	India
S1-003846	Stonebridge Clearwater Trading Limited Liability Company	41 Northgate Blvd, Akron	USA
S1-003847	Ravenwood Foods Limited	154 Stonebridge Road, Summit Nagar, Jaipur, 234712	India
S1-003848	Ravenwood Foods Limited	12/71 Quarry Main Jaipur	India
S1-003849	Summit Motors Private Limited	20/42 Northgate Mn, Nagpur, Rajasthan	India
S1-003850	Cobalt Meridian Services Limited	51 Summit St, Harbor Nagar, Kochi, Rajasthan, 808502	IN
S1-003851	Brightpath Packaging Private Limited	7/82 Stonebridge Crs, Coimbatore, 921024	India
S1-003852	Meridian Brightpath Fabrics Corporation	180 Vertex Boulevard, Goldleaf Park, Opp. City Library, Fresno	US
S1-003853	Clearwater Consultancy Limited Liability Company	Near Exit 14 310 Maplecrest Road Lubbock IL 52950	USA
S1-003854	Stonebridge Textiles Corporation	110 Kesrel Rd, Mobile, 60842	United States
S1-003855	Meridian Ironwood Services Incorporated	Opp. City Library 39/24 Summit Road Clearwater Park Tacoma	US
S1-003856	Kestrel Foods Corporation	147 Falcon Ave Redwood Park Mobile IL	USA
S1-003857	Kestrel Foods Corporation	186 Onyx Drive, Brightpath Park, Mobile, WA, 10352	United States
S1-003858	Ironwood Fabrics Incorporated	333 Falcon Dr, Stonebridge Park, Tacoma, 40759	US
S1-003859	Ironwood Fabrics Incorporated	123 Goldleaf Road Sunstone Park Tacoma	US
S1-003860	Lantern Fabrics Corporation	Opp. City Library, 65 Thistle Avenue, Tacoma, TX, 92001	US
S1-003861	Bluepeak Electricals Incorporated	65 Thistle Drive, Orchid Park, Opp. City Library, Fresno, AL, 52566	US
S1-003862	Bluepeak Electricals Incorporated	26/39 Harbor Road, Opp. City Library, Ravenwood Park, Austin, OH	United States
S1-003863	Falcon Industries Incorporated	142 Northgate Ave, Vertex Park, Austin, AL, 34886	United States
S1-003864	Falcon Industries Incorporated	259 Cobalt Street, Austin, 79907	USA
S1-003865	Orchid Services Corporation	80 Cobalt Rd Stonebridge Paark Tacoma CA	United States
S1-003866	Orchid Services Corporation	22 Stonebridge Avenue, Onyx Park, Tacoma, TX	United States
S1-003867	Harbor Electricals Limited	153 Ironwood Street, Silverline Nagar, Nagpur, Maharashtra	India
S1-003868	Stonebridge Consultancy Incorporated	Orchid Rd, Apex Park, Lubbock	United States
S1-003869	Vertex Kestrel Packaging Limited	125 Redwood Mn, Goldleaf Nagar, Indore, 415516	India
S1-003870	Vertex Kestrel Packaging Limited	135 Silverline St, Indore, Kerala, 731625, Opp. Bus Depot	India
S1-003871	Clearwater Lantern Logistics Incorporated	Falcon Boulevad Peoria OH 37559	USA
S1-003872	Clearwater Lantern Logistics Incorporated	Bluepeak Dr Ravenwood Park Peoria OH 29758	US
S1-003873	Apex Electricals Private Limited	108 Meridian Road Opp. Bus Depot Clearwater Nagar Pune	IN
S1-003874	Lantern Motors Limited	211 Ravenwood Road, Behind Ganesh Temple, Pune, 426598	India
S1-003875	Northgate Bluepeak Services Private Limited	Goldleaf Road, Maplecrest Nagar, Pune, Gujarat, 260929	IN
S1-003876	Northgate Bluepeak Services Private Limited	Kestrel tSreet Pune	IN
S1-003877	Juniper Juniper Trading Limited Liability Company	376 Juniper Ave, Fresno, WA, 60779	USA
S1-003878	Redwood Systems Corporation	358 Orchid Drive, Stonebridge Park, Tacoma, TX	United States
S1-003879	Redwood Systems Corporation	338 Cobalt Ave, Clearwater Park, Opp. City Library, Tcoma, AL, 28178	USA
S1-003880	Cobalt Services Private Limited	206 Cobalt Street, Jaipur, Rajasthan	India
S1-003881	Ironwood Summit Consultancy Corporation	360 Quarry Boulevard Silverline Park Tacoma	US
S1-003882	Ironwood Summit Consultancy Corporation	181 Maplecrest Boulevard Meridian Park Tacoma AL 19553	United States
S1-003883	Kestrel Vertex Fabrics Private Limited	130 Orchid Rd, Brightpath Nagar, Jaipur, Maharashtra, 347107	IN
S1-003884	Orchid Meridian Logistics Private Limited	Kestrrel St, Near Metro Pillar 42, Redwood Nagar, Surat, Tamil Nadu, 428670	IN
S1-003885	Quarry Systems Company	238 Stonebridge Road, Behind the Civic Center, Clearwater Park, Peoria, CA, 26224	USA
S1-003886	Sunstone Industries Limited	76 Meridian Main Nagpur 710705	India
S1-003887	Sunstone Industries Limited	294 Northgate St Harbor Nagar Opp. Bus Depot Kochi Gujarat 930480	India
S1-003888	Meridian Systems Incorporated	Behind the Civic Center, 278 Meridian St, Austin, 15660	US
S1-003889	Maplecrest Lantern Textiles Corporation	201 Bluepeak Street Vertex Park Peoria WA	US
S1-003890	Northgate Redwood Fabrics Limited	387 Ravenwood Crs Jaipur Maharashtra 710859	IN
S1-003891	Northgate Redwood Fabrics Limited	295 Summit St, Opp. Bus Depot, Sunstone Nagar, Surat, 144286	India
S1-003892	Stonebridge Trading Limited Liability Company	24/9 Summit Ave, Goldleaf Park, Behind the Civic Center, Peoria, CA, 60281	US
S1-003893	Kestrel Foods Private Limited	Vertex Rd Kestrel Nagar Surat 240245	IN
S1-003894	Falcon Systems Company	114 Northggate Ave Akron	US
S1-003895	Falcon Systems Company	189 Vertex Blvd, Harbor Park, Peoria, AL, 13463	USA
S1-003896	Summit Chemicals Company	Stonebridge Road Austin 58958	United States
S1-003897	Summit Chemicals Company	Brightpath Road Redwood Park Peoria 61169	US
S1-003898	Sunstone Fabrics Incorporated	301 Thistle Road, Bluepeak Park, Lubbock	US
S1-003899	Ironwood Meridian Textiles Private Limited	Apex Main, Stonebridge Nagar, Pune, 158825	IN
S1-003900	Ironwood Thistle Electricals Corporation	65 Thistle Road Harbor Park Akron OH	US
S1-003901	Harbor Fabrics Incorporated	370 Falcon Boulevard, Brightpath Park, Tacoma, AL	United States
S1-003902	Maplecrest Fabrics Company	166 Orchid Avenue, Juniper Park, Lubbock, 97706	United States
S1-003903	Redwood Textiles Private Limited	84 Kestrel Mn, Brightpath Nagar, Pune, Maharashtra	India
S1-003904	Onyx Vertex Textiles Private Limited	Brightpath Nagar, Pune, Tamil Nadu, 626280, Lantern St	India
S1-003905	Onyx Vertex Textiles Private Limited	89 Vertex Marg, Redwood Nagar, Pune, MP, 306768	IN
S1-003906	Quarry Brightpath Packaging Incorporated	257 Northgate Dr, Apex Park, Austin, AL	USA
S1-003907	Northgate Electricals Limited Liability Company	15/10 Maplecrest St, Northgate Park, Lubbock, TX, 36371	US
S1-003908	Juniper Industries Private Limited	394 Sunstone Crs, Near Metro Pillar 42, Coimbatore, Gujarat, 906039	IN
S1-003909	Juniper Industries Private Limited	23 Harbor Main, Jaipur, Gujarat, 474663	India
S1-003910	Juniper Industries Private Limited	27/54 Ravenwood  St, Meridian Nagar, Jaipur, 165374	IN
S1-003911	Maplecrest Meridian Enterprises Incorporated	22/24 Thistle St, Northgate Park, Akron, TX, 84811	United States
S1-003912	Ravenwood Industries Limited	Onyx Cross, Ironwood Nagar, Jaipur, Tamil Nadu, 692550	IN
S1-003913	Cobalt Enterprises Incorporated	319 Northgate Road Maplecrest Park Lubbock IL	United States
S1-003914	Falcon Solutions Company	17/19 Quarry Street, Maplecrest Park, Tacoma, IL	USA
S1-003915	Falcon Solutions Company	214 Bluepeak Avenue Peoria OH 61505	US
S1-003916	Meridian Packaging Corporation	229 Redwood Rd, Ravenwood Park, Austin, TX, 94202	United States
S1-003917	Maplecrest Logistics Limited	155 Ravenwood Mn, Stonebridge Nagar, Jaipur, Rajasthan, 805293	India
S1-003918	Maplecrest Motors Incorporated	280 Vertex Drive Opp. City Library Fresno 10663	US
S1-003919	Ravenwood Trading Private Limited	273 Kestrel Rd, Harbor Nagar, Jaipur	IN
S1-003920	Kestrel Consultancy Private Limited	39 Falcon Marg, Ravenwood Nagar, Jaipur, 927956	India
S1-003921	Kestrel Consultancy Private Limited	345 Stonebridge Main Orchid Nagar Jaipur Tamil Nadu 450192	India
S1-003922	Vertex Services Private Limited	73 Summit Marg, Behind Ganesh Temple, Brightpath Nagar, Pune, MP, 186427	IN
S1-003923	Maplecrest Harbor Electricals Private Limited	386 Summit Rd, Jaipur, Tamil Nadu, 981264	IN
S1-003924	Vertex Foods Incorporated	386 Meridian Blvd, Mobile, AL, 39523	United States
S1-003925	Silverline Enterprises Incorporated	Harbor Boulevard, Thistle Park, Opp. City Library, Peoria, 440534	United States
S1-003926	Stonebridge Solutions Limited Liability Company	Near Exit 14, Maplecrest Park, Lubbock, OH, 80 Redwood Road	US
S1-003927	Onyx Systems Private Limited	398 Juniper Rd Harbor Nagar Kochi Gujarat	India
S1-003928	Meridian Systems Private Limited	Near SBI ATM, 376 Apex Rd, Onyx Nagar, Indore, MP	IN
S1-003929	Vertex Logistics Limited	Ravenwood agar, Surat, 657543, 239 Quarry Cross	India
S1-003930	Silverline Systems Limited	101 Ironwood Mn, Thistle  Nagar, Near SBI ATM, Nagpur, Gujarat, 396137	India
S1-003931	Onyx Chemicals Limited	26/53 Harbor Mn, Clearwater Nagar, Surat, Tamil Nadu	India
S1-003932	Northgate Industries Private Limited	244 Thistle Road, Cobalt Nagar, Indore, Tamil Nadu, 743354	IN
S1-003933	Juniper Solutions Corporation	Ravenwood Road, Ironwood Park, Mobile, 78097	US
S1-003934	Falcon Enterprises Company	194 Clearwater Blvd, Fresno, 75618	United States
S1-003935	Ironwood Consultancy Incorporated	11 Ravenwood Ave, Near Exit 14, Sunstone Park, Akron, CA, 86363	United States
S1-003936	Vertex Systems Limited Liability Company	335 Bluepeak Road Apex Park Akron WA 41473	US
S1-003937	Stonebridge Summit Enterprises Corporation	135 Falcon Drive, Stonebridge Park, Peoria, 68159	United States
S1-003938	Stonebridge Summit Enterprises Corporation	61 Vertex Street Peoria OH 40699	USA
S1-003939	Redwood Services Corporation	398 Clearwater Drive, Sunstone Park, Auustin	USA
S1-003940	Redwood Services Corporation	Lantern Street Meridian Park Tacoma IL 74092	United States
S1-003941	Apex Logistics Private Limited	23/42 Northgate Street, Vertex Nagar, Pune	India
S1-003942	Apex Logistics Private Limited	207 Apex Mn, Quarry Nagar, Pune, Gujarat	India
S1-003943	Maplecrest Vertex Industries Company	44 Bluepeak Ave, Near Exit 14, Bluepeak Park, Austin, 59364	USA
S1-003944	Quarry Foods Incorporated	Kestrel Road, Goldleaf Park, Tacoma, OH, 29510	USA
S1-003945	Quarry Foods Incorporated	136 Northgate Avenue Harbro Park Mobile 10494	USA
S1-003946	Brightpath Motors Limited Liability Company	92 Clearwater St, Quarry Park, Peoria, OH, 92189	United States
S1-003947	Stonebridge Cobalt Consultancy Limited	20 Clearwater Rd Kochi 399121	India
S1-003948	Stonebridge Cobalt Consultancy Limited	172 Cobalt Main, Goldleaf Nagar, Kochi, MP, 800833	IN
S1-003949	Harbor Packaging Limited	Summit Nagar, Jaipur, Kerala, 838071, 12/39 Orchid Street	IN
S1-003950	Ravenwood Industries Corporation	32/74 Quarry St Kestrel Park Lubbock IL	United States
S1-003951	Maplecrest Kestrel Trading Private Limited	353 Vertex Marg, Meridian Nagar, Kochi, 597494	IN
S1-003952	Summit Kestrel Solutions Incorporated	11 Apex Boulevard, Peoria	USA
S1-003953	Northgate Foods Company	175 Lantern Avenue, Harbor Park, Peoria, OH, 13858	USA
S1-003954	Northgate Vertex Textiles Company	202 Goldleaf Dr, Behind the CCivic Center, Mobile, OH, 38294	US
S1-003955	Northgate Vertex Textiles Company	Behind the Civic Center Clearwater Drive Mobile OH 45916	United States
S1-003956	Juniper Maplecrest Trading Private Limited	293 Summit Marg, Near Metro Pillar 42, Nagpur, MP, 189247	India
S1-003957	Juniper Maplecrest Trading Private Limited	338 Juniper Street, Nagpur, 762815	India
S1-003958	Sunstone Industries Company	18 Goldleaf Dr, Kestrel Park, Lubbock, 53499	United States
S1-003959	Sunstone Industries Company	234 Quarry Drive, Clearwater Park, Lubbock	United States
S1-003960	Ravenwood Systems Limited	366 Lantern Main, Harbor Nagar, Kochi, 452867	India
S1-003961	Silverline Solutions Company	263 Sunstone Blvd Near Exit 14 Austin 51429	US
S1-003962	Kestrel Electricals Limited	103 Silverline Mn, Meridian Nagar, Surat, Rajasthan, 404076	India
S1-003963	Thistle Services Limited	252 Quarry dR, Bluepeak Nagar, Indore, Rajasthan	India
S1-003964	Thistle Services Limited	Juniper Street, Vertex Nagar, Indore, 130655	IN
S1-003965	Falcon Solutions Limited	Ironwood Road Pune	India
S1-003966	Maplecrest Solutions Limited	Opp. Bus Depot, 135 Cobalt Marg, Goldlaf Nagar, Coimbatore, 791168	India
S1-003967	Orchid Logistics Limited Liability Company	Near Exit 14 126 Apex Street Lantern Park Mobile OH 98774	United States
S1-003968	Juniper Fabrics Private Limited	177 Harbor Crs, Silverline Nagar, Kochi, Tamil Nadu, 649800	IN
S1-003969	Juniper Fabrics Private Limited	Ironwood Marg, Brightpath Nagar, Kochi, 509253	India
S1-003970	Harbor Redwood Electricals Limited	Near SBI ATM, 66 Vertex St, Falcon Nagar, Kochi	IN
S1-003971	Harbor Redwood Electricals Limited	5/45 Meridian Street Clearwater Nagar Kocih 771228	India
S1-003972	Maplecrest Motors Private Limited	224 Kestrel Rd, Lantern Nagar, Indore, Kerala	India
S1-003973	Maplecrest Motors Private Limited	138 Ironwood Street, Vertex Nagar, Behind Ganesh Temple, Surat, MP, 515498	India
S1-003974	Juniper Vertex Chemicals Limited Liability Company	116 Goldleaf Rd, Redwood Park, Mobile	United States
S1-003975	Ravenwood Orchid Trading Private Limited	27/2 Harbor n, Lantern Nagar, Kochi, Maharashtra	IN
S1-003976	Harbor Redwood Industries Corporation	345 Onyx Ave, Silverline Park, AL, Mobile	United States
S1-003977	Apex Juniper Systems Private Limited	399 Onyx Rd, Near SBI ATM, Jaipur, Kerala, 257678	IN
S1-003978	Kestrel Enterprises Limited	Cobalt Nagar Kochi 488521 3 Orchid Crs	IN
S1-003979	Kestrel Enterprises Limited	99 Silverline Mn, Silverline Nagar, Nagpur	IN
S1-003980	Kestrel Trading Private Limited	292 Harbor Rd, Brightpath Nagar, Indore, Maharashtra, 904081	IN
S1-003981	Maplecrest Northgate Trading Limited	287 Falcon Street, Onyx Nagar, Jaipur, Kerala, 920028	India
S1-003982	Thistle Systems Private Limited	233 Silverline Rd, Lantern Nagar, Indore	IN
S1-003983	Thistle Systems Private Limited	84 Thistle Street, Orchid Nagar, Indore, Rajasthan, 361697	India
S1-003984	Stonebridge Packaging Limited	Kochi 366 Northgate Crs	India
S1-003985	Stonebridge Packaging Limited	52 Orchid Crs, Redwood Nagar, Kochi, Tamil Nadu	India
S1-003986	Juniper Services Company	18/3 Ravenwood Ave, Clearwater Park, Behind the Civic Center, Fresno, OH	United States
S1-003987	Thistle Kestrel Consultancy Limited Liability Company	11/52 Stonebbridge Road, Behind the Civic Center, Apex Park, Peoria, AL	US
S1-003988	Clearwater Services Incorporated	265 Ironwood Street Thistle Park Akron CA 51935	US
S1-003989	Redwood Stonebridge Trading Private Limited	45 Goldleaf Rd Falcoon Nagar Near Metro Pillar 42 Indore 387087	IN
S1-003990	Redwood Stonebridge Trading Private Limited	227 Falcon Rd, Redwood Nagar, Indore, Tamil Nadu, 311146	IN
S1-003991	Clearwater Solutions Private Limited	176 Juniper Street, Kochi, Tamil Nadu, 989115	IN
S1-003992	Harbor Thistle Solutions Incorporated	Brightpath Road Clearwater Park Akron 91872	USA
S1-003993	Cobalt Consultancy Company	237 Onyx Avenue, Harbor Park, Fresno, TX, 84352	United States
S1-003994	Ironwood Foods Limited	255 Brightpath Mn, Surat	IN
S1-003995	Silverline Systems Corporation	267 Maplecrest Dr Stonebridge Park Mobile	USA
S1-003996	Thistle Industries Incorporated	29 Sunstone Street, Ravenwood Park, Mobile, 23503	USA
S1-003997	Onyx Electricals Limited	180 Clearwater Marg, Kochi, 466265	IN
S1-003998	Ravenwood Vertex Chemicals Corporation	77 Clearwater Rd, Behindd the Civic Center, Fresno, 93185, Vertex Park	United States
S1-003999	Redwood Trading Corporation	237 Stonebridge St, Onyx Park, Tacoma, CA,30956	US
S1-004000	Quarry Harbor Chemicals Limited	124 Orchid Road, Maplecrest Nagar, Kochi, Rajasthan	IN
S1-004001	Quarry Harbor Chemicals Limited	189 Juniper Main, Meridian Nagar, Kochi, Tamil Nadu, 954606	IN
S1-004002	Maplecrest Enterprises Limited Liability Company	27/89 Meridian Road, Sunstone Park, Austin, OH, 27572	USA
S1-004003	Maplecrest Enterprises Limited Liability Company	11/75 Redwood Blvd, Fresno	USA
S1-004004	Summit Motors Private Limited	Near SBI ATM, 390 Apex Cross, Summit Nagar, Jaipur, Kerala, 306093	IN
S1-004005	Quarry Systems Private Limited	238 Bleupeak Rd, Kochi, 577222	India
S1-004006	Quarry Systems Private Limited	39 Cobalt St, Clearwater Nagar, Opp. Bus Depot, Kochi, 284164	India
S1-004007	Maplecrest Textiles Company	23 Redwood Boulevard, Austin	United States
S1-004008	Maplecrest Electricals Private Limited	Near SBI ATM 303 Bluepeak Rd Onyx Nagar Nagpur 630671	India
S1-004009	Thistle Services Incorporated	8/31 Vertex St, Akron, WA	US
S1-004010	Silverline Silverline Fabrics Limited Liability Company	388 Juniper Street, Northgate Park, Tacoma	USA
S1-004011	Harbor Thistle Services Private Limited	26/53 Redwood Marg, Near Metro Pillar 42, Apex Nagar, Kochi, Rajasthan	India
S1-004012	Lantern Industries Incorporated	Falcon St, Akron	United States
S1-004013	Maplecrest Trading Limited Liability Company	Apex Dr Meridian Park Austin TX 67315	USA
S1-004014	Maplecrest Trading Limited Liability Company	Goldleaf Rd, Brightpath Park, Austin, WA	US
S1-004015	Cobalt Chemicals Company	53 Summit Avenue, Peoria, 89370, AL	US
S1-004016	Juniper Systems Private Limited	Vertex Main Jaipur 409157	IN
S1-004017	Orchid Motors Limited Liability Company	24 Cobalt Blvd Tacoma	USA
S1-004018	Orchid Motors Limited Liability Company	168 Summit Drive, Harbor Park, Akron, 80504	United States
S1-004019	Stonebridge Chemicals Limited	Near BSI ATM, 160 Goldleaf Rd, Meridian Nagar, Coimbatore, MP	IN
S1-004020	Goldleaf Meridian Packaging Private Limited	137 Stonebridge Main, Redwood Nagar, Jaipur, Tamil Nadu, 213255	India
S1-004021	Lantern Enterprises Private Limited	308 Ravenwood St, Pune, Kerala	IN
S1-004022	Lantern Enterprises Private Limited	117 Meridian Road Cobalt Naagr Behind Ganesh Temple Pune	IN
S1-004023	Clearwater Industries Incorporated	29 Bluepeak Ave, Falcon Park, Akron, OH	US
S1-004024	Clearwater Industries Incorporated	113 Stonebridge Ave, Bluepeak Park, Mobile	United States
S1-004025	Thistle Foods Incorporated	211 Goldleaf Avenue Cobalt Park Mobile IL	United States
S1-004026	Redwood Redwood Logistics Private Limited	Clearwater St, Juniper Nagar, Kochi, Tamil Nadu, 509933	IN
S1-004027	Redwood Redwood Logistics Private Limited	1/62 Ravenwood Mn, Summit Nagar, Kochi, Rajasthan	India
S1-004028	Onyx Chemicals Company	16 Apex Drive, Apex Park, Autsin, CA, 57992	United States
S1-004029	Goldleaf Services Limited Liability Company	310Meridian St, Stonebridge Park, Tacoma, 94451	USA
S1-004030	Kestrel Textiles Limited Liability Company	33 Sunstone Rd, Near Exit 14, Peoria	United States
S1-004031	Vertex Enterprises Private Limited	95 Vertex Street, Summit Nagar, Coimbatore, Rajasthan	IN
S1-004032	Silverline Northgate Enterprises Private Limited	299 Kestrel Road Nagpur 997850	IN
S1-004033	Thistle Industries Corporation	Onyx Blvd Vertex Park Lubbock IL 99881	US
S1-004034	Summit Cobalt Fabrics Corporation	365 Thistle Street, Quarry Park, Mobile, 95510	US
S1-004035	Summit Cobalt Fabrics Corporation	167 ClearwaterB oulevard, Falcon Park, Lubbock, IL, 50296	United States
S1-004036	Cobalt Packaging Company	253 Redwood Dr, Lantern Park, Mobile, CA, 68177	US
S1-004037	Thistle Chemicals Private Limited	204 Harbor Marg Apex Nagar Indroe MP	India
S1-004038	Sunstone Falcon Fabrics Private Limited	324 Northgate Cross, Apex Nagar, Nagpur, 835629	IN
S1-004039	Juniper Redwood Industries Private Limited	Quarry Crs, Coimbatore	India
S1-004040	Orchid Ironwood Solutions Private Limited	46 Vertex Mn, Orchid Nagar, Pune	India
S1-004041	Orchid Ironwood Solutions Private Limited	173 Brightpath St, Quarry Nagar, Kochi, 993350	IN
S1-004042	Thistle Chemicals Limited Liability Company	287 Ravenwood Ave, Austin, OH, 99867	US
S1-004043	Thistle Chemicals Limited Liability Company	345 Orchid St, Goldleaf Park, Near Exit 14, Austin, TX, 46021	US
S1-004044	Apex Industries Private Limited	388 Quarry Crs, Nagpur, Kerala, 935741	India
S1-004045	Bluepeak Foods Company	129 Lantern Aenue, Opp. City Library, Silverline Park, Lubbock, IL	United States
S1-004046	Bluepeak Foods Company	294 Brightpath Avenue, Maplecrest Park, OH, Mobile	United States
S1-004047	Lantern Logistics Private Limited	Harbor Street Vertex Nagar Jaipur Gujarat	India
S1-004048	Lantern Logistics Private Limited	329 Brightpath Main, Sunstone Nagar, Jaipur, Kerala, 533907	India
S1-004049	Redwood Fabrics Limited Liability Company	153 Onyx Rd, Behind the Civic Center, Ravenwood Park, Tacoma, AL	United States
S1-004050	Kestrel Packaging Corporation	17/25 Bluepeak Blvd, Ravenwood Park, Fresno	US
S1-004051	Kestrel Packaging Corporation	240 Onyx Avenue, Fresno, 2809	USA
S1-004052	Ravenwood Solutions Private Limited	14 Summit Rd, Summit Nagar, Kochi, 450989	India
S1-004053	Summit Solutions Limited	21/88 Meridian Cross, Northgate Nagar, Opp. Bus Depot, Coimbatore, 917161	India
S1-004054	Brightpath Goldleaf Services Limited	339 Meridian Road, Indore, Maharashtra, 671501	India
S1-004055	Meridian Foods Limited	205 Maplecrest Marg Pune 284510	India
S1-004056	Ironwood Summit Chemicals Company	Apex St Cobalt Park Lubbock AL 81933	USA
S1-004057	Clearwater Logistics Limited	305 Stonebridge Mn, Brightpath Nagar, Surat, Tamil Nadu, 309115	IN
S1-004058	Brightpath Electricals Company	Thistle Blvd, Clearwater Park, Lubbock, TX	United States
S1-004059	Maplecrest Ravenwood Fabrics Private Limited	264 Juniper Rd, Cobalt Nagar, Pune, Gujarat, 557960	India
S1-004060	Maplecrest Ravenwood Fabrics Private Limited	59 Maplecrest Road, Maplecrest Nagar, Pune	IN
S1-004061	Thistle Logistics Private Limited	301 Bluepeak Street, Stonebridge Nagar, Indore, Rajasthan	IN
S1-004062	Thistle Logistics Private Limited	95 Ironwood St, Bluepeak Nagar, Indore, Tamil Nadu, 831024	India
S1-004063	Quarry Motors Private Limited	135 Apex Mn, Falcon Nagar, Indore, Kerala, 383669	IN
S1-004064	Clearwater Solutions Private Limited	394 Goldleaf Road, Indore, Rajasthan, 458878	IN
S1-004065	Clearwater Solutions Private Limited	12 Stonebridge Rd, Harbor Nagar, Coimbatore, 138673	IN
S1-004066	Juniper Chemicals Limited	Harbor Marg, Juniper Nagar, Behind Ganesh Temple, Nagpur, 631526	India
S1-004067	Juniper Chemicals Limited	237 Harbor Marg Juniper Nagar Jaipur	India
S1-004068	Maplecrest Harbor Logistics Limited	146 Maplecrest Main, Bluepeak Nagar, Pune, Gujarat, 464400	IN
S1-004069	Meridian Enterprises Limited	206 Vertex Street, Quarry Nagar, Jaipur, 797067	IN
S1-004070	Apex Sunstone Trading Private Limited	5/58 Onyx St, Nagpur	India
S1-004071	Onyx Services Private Limited	Falcon Nagar, Kochi, 507775, 67 Silverline Crs	India
S1-004072	Onyx Services Private Limited	10/25 Harbor Road, Gujarat, Kochi	India
S1-004073	Redwood Orchid Trading Private Limited	347 Brightath Marg, Ironwood Nagar, Nagpur, MP, 800216	IN
S1-004074	Northgate Maplecrest Packaging Corporation	246 Northgate St, Opp. City Library, Goldleaf Park, Akron	USA
S1-004075	Stonebridge Summit Systems Limited	230 Orchid Crs, Nagpur	India
S1-004076	Ironwood Logistics Limited	54 Ironwood Marg, Onyx Nagar, Opp. Bus Depot, Jaipur, 816366	India
S1-004077	Ironwood Logistics Limited	364 Ironwood St Clearwater Nagar Behind Ganesh Temple Jaipur Tamil Nadu 986060	India
S1-004078	Falcon Textiles Private Limited	Near SBI ATM, 228 Northgate Street, Redwood Nagar, Kochi, 793612	IN
S1-004079	Falcon Packaging Company	29 Brightpath Dr Brightpath Park Peoria OH 29729	USA
S1-004080	Goldleaf Thistle Enterprises Limited Liability Company	102 Bluepeak Rd, Bluepeak Park, Mobile	United States
S1-004081	Meridian Trading Private Limited	347 Thistle St Opp. Bus Depot Goldleaf Nagar Coimbatore Rajasthan 605275	IN
S1-004082	Quarry Juniper Chemicals Private Limited	279 Quarry Marg, Redwood Nagar, Pune, Gujarat, 738820	IN
S1-004083	Lantern Bluepeak Chemicals Private Limited	292 Summit Crs, Brightpath Nagar, Jaipur, Gujarat, 712425	IN
S1-004084	Lantern Bluepeak Chemicals Private Limited	47 Quarry Marg, Thistle Nagar, Jaipur, 111320	IN
S1-004085	Apex Foods Limited	340 Onyx Mn, Thistle Nagar, Surat, Tamil Nadu	IN
S1-004086	Juniper Logistics Limited Liability Company	Onyx St, Fresno, 13297	US
S1-004087	Brightpath Harbor Chemicals Private Limited	268 Kestrel Cross, Apex Nagar, Surat, Kerala, 7769253	India
S1-004088	Northgate Quarry Consultancy Private Limited	227 Clearwater St, Clearawter Nagar, Indore, 262574	IN
S1-004089	Meridian Fabrics Corporation	227 Thistle Drive, Peoria, 69723	United States
S1-004090	Vertex Apex Electricals Limited	226 Juniper Marg Bluepeak Nagar Nagpur Opp. Bus Depot	IN
S1-004091	Vertex Apex Electricals Limited	Harbor Marg, Summit Nagar, Near SBI ATM, Nagpur, 370033	India
S1-004092	Maplecrest Electricals Private Limited	320 Vertex Marg, Silverline Nagar, Pune, Maharashtra	India
S1-004093	Ravenwood Chemicals Limited Liability Company	Silverline Street, Sunstone Park, Lubbock, WA, 85910	USA
S1-004094	Ravenwood Chemicals Limited Liability Company	88 Silverline Rd, Orchid Park, Fresno, CA, 62275	US
S1-004095	Meridian Ravenwood Industries Limited	31/78 Kestrel Marg, Silverline Nagar, Surat, MP, 164854	IN
S1-004096	Northgate Systems Company	253 Brightpath Dr, Akron, CA	USA
S1-004097	Thistle Trading Private Limited	6 Falcon Main, Meridian Nagar Kochi, 975067	India
S1-004098	Thistle Trading Private Limited	40 Northgate Main, Coimbatore, Tamil Nadu, 360085	India
S1-004099	Harbor Textiles Private Limited	Near SBI ATM, 118 Vertex Cross, Kochi, Gujarat, 378929	IN
S1-004100	Quarry Solutions Incorporated	132 Bluepeak Road, Apex Park, Mobile, IL	USA
S1-004101	Quarry Solutions Incorporated	7 Falcon Dr, Kestrel Park, Akron ,41387	United States
S1-004102	Vertex Packaging Limited	163 Northgate Marg, Meridian Nagar, Coimbatore, 953009	India
S1-004103	Kestrel Trading Incorporated	Near Exit 14 30 Cobalt Ave Quarry Park Mobile	USA
S1-004104	Juniper Electricals Limited	226 Stonebridge Marg Ironwood Nagar Kochi 248272	India
S1-004105	Brightpath Packaging Corporation	379 Onyx Road, Akron, 16770	United States
S1-004106	Orchid Foods Limited Liability Company	66 Goldleaf Street, Akron, OH, 44659	USA
S1-004107	Lantern Industries Incorporated	241 Thistle St, Ravenwood Park, Austin, IL, 87929	USA
S1-004108	Lantern Industries Incorporated	Onyx Avenue, Meridian Park, Fresno, WA, 51801	USA
S1-004109	Kestrel Kestrel Foods Private Limited	224 Ravenwood St, Coimbatore, 765204	IN
S1-004110	Cobalt Industries Limited	386 Falcon Street Vertex Nagar Kochi Maharashtra	IN
S1-004111	Harbor Ravenwood Enterprises Private Limited	Behind Ganesh Temple, Summit Nagar, Coimbatore, Tamil Nadu, 271721, 360 Onyx Road	India
S1-004112	Quarry Trading Corporation	Kestrel Blvd Kestrel Park Mobile IL 85287	US
S1-004113	Brightpath Meridian Textiles Limited Liability Company	161 Bluepeak Boulevard, Sunstone Park, Akron, OH, 22756	USA
S1-004114	Vertex Solutions Company	35 Summit Rd, Near Exit 14, Lantern Park, Akron, AL	US
S1-004115	Silverline Systems Limited	Onyx Marg, Northgate Nagar, Near Metro Pillar 42, Pune, 318892	India
S1-004116	Silverline Systems Limited	78 Apex Main, Pune, Opp. Bus Depot	India
S1-004117	Brightpath Trading Limited	327 Brightpath Rd, Coimbatore, Kerala, 291894	India
S1-004118	Clearwater Electricals Company	92 Thistle Drive, Opp. City Library, Ravenwood Park, Peoria, IL	US
S1-004119	Summit Consultancy Limited	191 Onyx St, Silverline Nagar, Kochi, Rajasthan, 519960	India
S1-004120	Vertex Consultancy Corporation	188 Ironwood Boulevard, Ironwood Park, Peoria, OH, 11263	US
S1-004121	Northgate Chemicals Corporation	279 Kestrel St, Summit Park, Fresno, TX, 61947	United States
S1-004122	Redwood Packaging Private Limited	238 Quarry Marg, Onyx Nagar, Jaipur, 208486	IN
S1-004123	Cobalt Industries Private Limited	219 Meridian Road, Goldleaf Ngaar, Nagpur	India
S1-004124	Ravenwood Consultancy Private Limited	110 Ravenwood Mn, Clearwater Nagar, Kochi, Kerala, 903416	India
S1-004125	Ravenwood Consultancy Private Limited	Ironwood Marg, Brightpath Nagar, Kochi, 609632	India
S1-004126	Quarry Consultancy Limited Liability Company	Silverline Road, Vertex Park, Mobile, 18491	US
S1-004127	Silverline Meridian Systems Limited Liability Company	160 Ravenwood Avenue, WA, Akrron	United States
S1-004128	Silverline Meridian Systems Limited Liability Company	41 Silverline Avenue, Akron	United States
S1-004129	Orchid Logistics Limited	113 Bluepeak Road, Bluepeak Nagar, Coimbatore, Rajasthan, 672817	India
S1-004130	Stonebridge Logistics Limited Liability Company	124 Harbor Avenue, Clearwater Park, Mobile	US
S1-004131	Ironwood Foods Limited	8/3 Brightpath Marg, Indore	India
S1-004132	Ravenwood Cobalt Motors Private Limited	323 Stonebridge Crs, Jaipur	IN
S1-004133	Harbor Textiles Limited Liability Company	Opp. City Library, 49 Apex Blvd, Peoria, OH, 18112	USA
S1-004134	Harbor Textiles Limited Liability Company	230 Clearwater Rd Near Exit 14 Peoria IL 92430	USA
S1-004135	Redwood Consultancy Private Limited	187 Apex Road, Lantern Nagar, Kochi, 931017	IN
S1-004136	Summit Electricals Corporation	Kestrel Boulevard Opp. City LibraryAkron 29561	USA
S1-004137	Maplecrest Foods Limited Liability Company	390 Redwood Blvd Falcon Park Mobile IL 80084	USA
S1-004138	Ravenwood Solutions Private Limited	Behind Ganesh Temple Silverline Rd Pune 69122	India
S1-004139	Ravenwood Solutions Private Limited	67 Juniper Main Vertex Naga rSurat 443581	India
S1-004140	Harbor Motors Company	37/83 Stonebridge Avenue, Tacoma, CA, 98147	US
S1-004141	Harbor Motors Company	186 Maplecrest Street, Redwood Park, Tacoma, 71432	United States
S1-004142	Ravenwood Packaging Limited	341 Ravenwood St, Redwood Nagar, Surat	IN
S1-004143	Lantern Solutions Limited Liability Company	151 Thistle St, Akron, 90759	USA
S1-004144	Northgate Electricals Incorporated	175 Ravenwood Road, Onyx Park, Opp. City Library, Fresno, 48006	USA
S1-004145	Ironwood Logistics Limited	22/42 Stonebridge Main, Orchid Nagar, Surat, Kerala, 599839	India
S1-004146	Ironwood Logistics Limited	Cobalt Marg, Harbor Nagar, Surat, Rajasthan	India
S1-004147	Northgate Ravenwood Enterprises Incorporated	316 Maplecrest Rd, Opp. City Library, Austin, AL	United States
S1-004148	Orchid Chemicals Private Limited	Near SBI ATM, 34 Onyx St, Silverline Nagar, Surat, Rajasthan, 941522	India
S1-004149	Apex Falcon Industries Company	274 Summit Boulevard, Vertex Park, Peoria, IL, 29912	USA
S1-004150	Cobalt Services Private Limited	151 Apex Marg Clearwater Nagar Kochi 536204	India
S1-004151	Juniper Enterprises Company	Peoria, AL, 43496, 225 Lantern Avenue	USA
S1-004152	Juniper Enterprises Company	293 Onyx Dr, Peoria, 22366	United States
S1-004153	Bluepeak Brightpath Chemicals Company	252 Cobalt Blvd, Brightpath Park, Austin, 56181	USA
S1-004154	Northgate Lantern Motors Incorporated	352 Goldleaf Rd, Clearwater Park, Peoria	USA
S1-004155	Ironwood Enterprises Company	Lantern Blvd, Austin, WA	USA
S1-004156	Northgate Electricals Limited	Ironwood Street, Onyx Nagar, Coimbatore, Maharashtra, 510194	India
S1-004157	Vertex Kestrel Textiles Private Limited	271 Harbor Crs, Goldleaf Nagar, Inore	India
S1-004158	Brightpath Apex Trading Private Limited	Silverline St, Falcon Nagar, Kochi, Tamil Nadu	India
S1-004159	Cobalt Logistics Company	Juniper Dr, Near Exit 14, Fresno, TX,29403	United States
S1-004160	Thistle Fabrics Limited Liability Company	172 Kestrel Road, Goldleaf Park, Austin, CA, 87746	US
S1-004161	Cobalt Consultancy Limited	120 Silverline Marg, Northgate Nagar, Nagpur, Tamil Nadu, 674154	IN
S1-004162	Redwood Textiles Limited	168 Bluepeak Mn, Lantern Nagar, Indore, Gujarat, 197979	IN
S1-004163	Thistle Clearwater Packaging Private Limited	Falcon Cross, Falcon Nagar, Nagpur, 617230	IN
S1-004164	Vertex Ironwood Trading Private Limited	355 Sunstone Road Near Metro Pillar 42 Jaipur MP 5224430	IN
S1-004165	Sunstone Electricals Incorporated	200 Ironwood Dr, Juniper Park, Frseno, IL	USA
S1-004166	Maplecrest Consultancy Limited Liability Company	282 Vertex Avenue, Bluepeak Park, Fresno, 57385	USA
S1-004167	Falcon Consultancy Incorporated	29/44 Thistle Blvd, Brightpath Park, Lubbock, WA, 89086	USA
S1-004168	Harbor Motors Corporation	161 Clearwater Ave, Tacoma, WA, 25478	United States
S1-004169	Quarry Clearwater Foods Private Limited	Brightpath Crs, Falcon Nagar, Kerala, Kochi	India
S1-004170	Apex Foods Limited Liability Company	Stonebridge St, Juniper Park, Austin, TX, 25833	USA
S1-004171	Apex Foods Limited Liability Company	Near Exit 14, 273 Ironwood Ave, Austin, TX, 49894	USA
S1-004172	Harbor Chemicals Corporation	207 Goldleaf Boulevard, Onyx Park, Mobile, IL, 10072	US
S1-004173	Harbor Chemicals Corporation	53 Brightpath Boulevard, resno, 29831	United States
S1-004174	Quarry Trading Incorporated	242 Onyx Rd, Kestrel Park, Mobile	US
S1-004175	Quarry Trading Incorporated	389 Ravenwood Road, Vertex Park, Mobile, 14009	US
S1-004176	Sunstone Packaging Corporation	59 Redwood Dr, Falcon Park, Fresno, WA, 13458	United States
S1-004177	Clearwater Chemicals Limited	7 Juniper Main, Ravenwood Nagar, Kochi	India
S1-004178	Northgate Chemicals Private Limited	31/47 Veretx Road, Stonebridge Nagar, Rajasthan, 537021, Nagpur	IN
S1-004179	Redwood Solutions Private Limited	23/23 Juniper St, Ravenwood Nagar, Coimbatore	India
S1-004180	Goldleaf Industries Private Limited	302 Clearwater Crs Summit Nagar Surat Kerala	India
S1-004181	Ironwood Enterprises Private Limited	30 Meridian Main Northgate Nagar Surat 166528	India
S1-004182	Ironwood Enterprises Private Limited	62 Onyx St Surat	India
S1-004183	Stonebridge Textiles Corporation	Opp. City Library, 156 Brightpath Street, Peoria, 62965	USA
S1-004184	Goldleaf Fabrics Private Limited	177 Orchid Marg, Onyx Nagra, Indore, Tamil Nadu, 212206	India
S1-004185	Clearwater Enterprises Private Limited	36 Clearwater Cross, Cobalt Nagar, Opp. Bus Depot, Nagpur, 242472	IN
S1-004186	Clearwater Enterprises Private Limited	Ironwood Marg, Maplecrest Nagar, Nagpur	India
S1-004187	Northgate Harbor Enterprises Limited	106 Harbor Cross, Summit Nagar, Surat, 625489	India
S1-004188	Quarry Summit Packaging Private Limited	301 Northgate Mn, Opp. Bus Depot, Nagpur, 728821	India
S1-004189	Maplecrest Consultancy Limited	247 Juniiper Crs, Vertex Nagar, Indore, Gujarat, 419875	IN
S1-004190	Ravenwood Consultancy Limited Liability Company	Ravenwood Boulevard, Maplecrest Park, Peoria, CA	USA
S1-004191	Ravenwood Consultancy Limited Liability Company	30/50 Clearwater Road, Clearwater Park, Fresno, 41437	USA
S1-004192	Cobalt Chemicals Private Limited	3/57 Juniper Marg, Onyx Nagar, Jaipur, Rajasthan, 972837	IN
S1-004193	Summit Orchid Electricals Private Limited	157 Harbor Cross Ravnwood Nagar Near SBI ATM Indore 968168	IN
S1-004194	Orchid Thistle Foods Private Limited	370 Silverline Road, Nagpur, Gujarat, Falcon Nagar	IN
S1-004195	Quarry Systems Private Limited	232 Ravenwood Crs, Vertex  Nagar, Near Metro Pillar 42, Jaipur, Gujarat, 680641	IN
S1-004196	Bluepeak Lantern Textiles Limited	Cobalt Road Goldleaf Nagar Opp. Bus Depot Kochi	IN
S1-004197	Clearwater Services Incorporated	227 Sunstone Road, Northgate Park, Peoria, 79410	United States
S1-004198	Clearwater Industries Limited	323 Lantern Main Quarry Nagar Surat Rajasthan 906031	IN
S1-004199	Orchid Trading Limited	Meridian Rd, Summit Nagar, Indore, 252797	India
S1-004200	Orchid Trading Limited	269 Ironwood Crs, Indore, Falcon Nagar	India
S1-004201	Cobalt Foods Private Limited	Behind Ganesh Temple, 44 Northgate Street, Falcon Nagar, Kochi, Gujarat, 580548	IN
S1-004202	Thistle Motors Limited	Harbor Nagar, Jaipur, Meridian Marg	India
S1-004203	Harbor Systems Private Limited	386 Summit Cross, Lantern Nagar, Indore	IN
S1-004204	Vertex Summit Systems Corporation	Near Exit 14, 115 Cobalt Road, Austin, 97938	USA
S1-004205	Harbor Industries Corporation	376 Jnuiper Boulevard, Tacoma, AL, 20245	US
S1-004206	Bluepeak Electricals Private Limited	165 Maplecrest Main, Meridian Naar, Coimbatore	IN
S1-004207	Maplecrest Consultancy Private Limited	152 Maplecrest Street Near SBI ATM Onyx Nagar Nagpur Maharashtra 556287	IN
S1-004208	Sunstone Systems Private Limited	Opp. Bus Depot Northgate St Silverline Nagar Jaipur Tamil Nadu 439051	India
S1-004209	Maplecrest Textiles Limited	365 Falcon Road, Nagpur	India
S1-004210	Brightpath Consultancy Corporation	Goldleaf Avenue, Behind the Civic Center, Austin, CA	US
S1-004211	Harbor Textiles Limited	197 Cobalt St, Brightpath Nagar, Surat, Kerala, 204630	IN
S1-004212	Goldleaf Solutions Limited Liability Company	202 Harbor St, Lubbock, 79011	US
S1-004213	Lantern Cobalt Systems Limited	49 Falcon Crs, Sunstone Nagar, Kochi, 516461	IN
S1-004214	Orchid Onyx Systems Limited Liability Company	207 Lantern Dr, Cobalt Park, Mobile, IL	USA
S1-004215	Lantern Solutions Limited Liability Company	135 Quarry Rd, Peoria, TX	US
S1-004216	Falcon Motors Incorporated	11 Maplecrest Dr, Behind the Civic Center, Apex Park, Peoria, AL, 83183	US
S1-004217	Kestrel Services Limited	363 Harbor Street Maplecrest Nagar Kerala 419864 Indore	India
S1-004218	Summit Systems Private Limited	Near Metro Pillar 42 250 Lantern Street Ravenwood Nagar Pune Gujarat 474642	India
S1-004219	Redwood Brightpath Services Private Limited	201 Harbor Road, Ironwood Nagar, Jaipur, Kerala, 580438, Opp. Bus Depot	IN
S1-004220	Redwood Brightpath Services Private Limited	67 Juniper Marg, Ravenwood Nagar, Jaipur, Tamil Nadu, 155307	IN
S1-004221	Onyx Sunstone Textiles Limited Liability Company	23/26 Juniper Avenue, Kestrel Park, Near Exit 14, Tacoma, AL	United States
S1-004222	Bluepeak Packaging Limited Liability Company	1/69 Ravenwood Blvd, Silverline Park, Akron, IL, 91569	United States
S1-004223	Sunstone Motors Limited Liability Company	337 Clearwater Street, Redwood Park, Mobile, 51432	United States
S1-004224	Quarry Redwood Logistics Private Limited	Opp. Bus Depot, Clearwater Rd, Coimbatore, MP, 945118	IN
S1-004225	Falcon Services Company	338 Sunstone Avenue, Summit Park, Mobile, IL	USA
S1-004226	Harbor Solutions Limited Liability Company	119 Stonebridge Rd Ravenwood Park Austin 14925	USA
S1-004227	Apex Logistics Private Limited	291 Orchid Street, Summit Nagar, Coimbatore, Gujarat, 930765	IN
S1-004228	Juniper Foods Limited Liability Company	302 Silverline Ave, Orchid Park, Fresno, OH	United States
S1-004229	Maplecrest Consultancy Corporation	255 Ravenwood Drive Tacoma	US
S1-004230	Maplecrest Chemicals Corporation	386 Kestrel Ave, Ausitn	United States
S1-004231	Goldleaf Services Private Limited	281 Maplecrest Cross, Goldleaf Nagar, Nagpur	IN
S1-004232	Onyx Electricals Company	216 Harbor Dr, Juniper Park, Akron	US
S1-004233	Juniper Consultancy Company	283 Redwood Dr, Cobalt Park, Akron, WA, 90517	United States
S1-004234	Falcon Motors Corporation	305 Brightpath Street, Lubbock	US
S1-004235	Bluepeak Consultancy Company	Opp. City Library, Goldleaf Road, Tacoma, TX, 16656	US
S1-004236	Silverline Electricals Corporation	165 Brightpath Blvd, Stonebridge Park, Akron	USA
S1-004237	Silverline Electricals Corporation	Opp. City Library, 24 Northgate Ave, Akron, WA, 28056	United States
S1-004238	Lantern Textiles Limited	382 Orchid Cross, Indore, Tamil Nadu	India
S1-004239	Quarry Foods Corporation	312 Cobalt Dr, Meridian Park, Mobile, 84475	United States
S1-004240	Silverline Enterprises Company	278 Maplecrest Boulevard Opp. City Library Fresno 27267	United States
S1-004241	Silverline Enterprises Company	55 Goldleaf Boulevard, Cobalt Park, Fresno, OH, 29032	USA
S1-004242	Thistle Solutions Company	Juniper Blvd, Silverline Park, Peoria, OH, 11422	United States
S1-004243	Thistle Solutions Company	Near Exit 14, 170 Cobalt Road, Ravenwood Park, Peoria, 76737	United States
S1-004244	Goldleaf Textiles Incorporated	21 Ironwood Dr Harboor Park Mobile AL 41480	USA
S1-004245	Apex Vertex Chemicals Limited	51 Juniper Cross Stonebridge Nagar Jaipur Kerala 181537	IN
S1-004246	Kestrel Stonebridge Solutions Company	Maplecrest Avenue, Akron, TX	US
S1-004247	Orchid Stonebridge Electricals Limited Liability Company	299 Quarry Drive, Stonebridge Park, Peoria	United States
S1-004248	Ravenwood Consultancy Corporation	26 Brightpath Ave, Goldleaf Park, 61951, Mobile	US
S1-004249	Ravenwood Consultancy Corporation	258 Orchid Avenue, Lubbock, WA, 38689	United States
S1-004250	Redwood Industries Private Limited	312 Ravenwood Rd Harbor Nagar Indore	IN
S1-004251	Redwood Industries Private Limited	Goldleaf Rd, Apex Nagar, Indoer, 774226	IN
S1-004252	Stonebridge Vertex Foods Corporation	194 Bluepeak Dr, Northgate Park, Tacoma, IL	United States
S1-004253	Harbor Thistle Enterprises Limited Liability Company	51 Kestrel Boulevard, Juniper Park, Lubbock, 39609	USA
S1-004254	Harbor Enterprises Private Limited	209 Harbor St Jaipur Tamil Nadu	IN
S1-004255	Stonebridge Bluepeak Textiles Company	186 Clearwater St, Apex Park, Tacoma, CA, 88174	US
S1-004256	Stonebridge Bluepeak Textiles Company	314 Apex St Taacoma AL	United States
S1-004257	Falcon Logistics Limited Liability Company	Opp. City Library, Meridian Road, Ravenwood Park, Peoria, IL, 26431	USA
S1-004258	Thistle Logistics Limited Liability Company	296 Clearwater Ave, Akron, CA, 85705	United States
S1-004259	Meridian Enterprises Private Limited	135 Kestrel Cross, Surat, Kerala	India
S1-004260	Silverline Solutions Company	321 Falcon Boulevard, Orchid Park, Austin, CA, 91361	United States
S1-004261	Silverline Solutions Company	157 Quarry Rd, Quarry Park, Austin, WA, 63150	United States
S1-004262	Onyx Services Company	385 Meridian St, Maplecrest Park, Behind the Civic Center, Peoria, 69375	USA
S1-004263	Onyx Services Company	254 Thistle Street, Vertex Park, Peoria, TX	United States
S1-004264	Redwood Solutions Limited	215 Orchid Marg, Stonebridge Nagar, Jaipur, Tamil Nadu, 238495	IN
S1-004265	Brightpath Trading Private Limited	Behind Ganesh Temple, 183 Ironwood Cross, Maplecrest Nagar, Surat	India
S1-004266	Summit Logistics Company	97 Ravenwood Road, Fresno, AL, 52339	US
S1-004267	Meridian Consultancy Limited	5/7 Falcon Crs, Redwood Nagar, Near SBI ATM, Kochi, Maharashtra, 887188	India
S1-004268	Meridian Consultancy Limited	Goldleaf Marg Kochi MP 312813	India
S1-004269	Brightpath Onyx Consultancy Private Limited	Opp. Bus Depot 256 Brightpath Marg Meridian Nagar NNagpur 141353	IN
S1-004270	Vertex Stonebridge Foods Private Limited	397 Vertex Street, Kestrel Nagar, Coimbatore, Gujarat, 929248	India
S1-004271	Summit Summit Consultancy Incorporated	39 Northgate Boulevard, Clearwater Park, Akron, 88319	US
S1-004272	Cobalt Trading Limited Liability Company	178 Sunstone Road Stonebridge Park Fresno CA 40653	United States
S1-004273	Maplecrest Trading Limited	22/30 Vertex St, Redwood Nagar, Nagpur, 502648	India
S1-004274	Maplecrest Trading Limited	Clearwater Road, Bluepeak Nagar, Indore	India
S1-004275	Stonebridge Industries Limited	368 Vertex Marg Nagpur Tami Nadu 529119	IN
S1-004276	Onyx Goldleaf Chemicals Limited	4 Sumimt Mn, Brightpath Nagar, Surat, 959620	India
S1-004277	Goldleaf Trading Incorporated	27/16 Ravenwood Boulevard Brightpath Park Lubbock OH 24961	US
S1-004278	Cobalt Motors Private Limited	361 Lantern St, Juniper Nagar, Coimbatore, Maharashtra	India
S1-004279	Brightpath Foods Limited	4 Clearwater Main, Orchid Nagar, Coimbatore, 864616	IN
S1-004280	Ironwood Industries Company	347 Falcon Dr Onyx Park Near Exit 14 Tacoma CA	United States
S1-004281	Silverline Sunstone Industries Private Limited	Coimbatore Tamil Nadu 427100 128 Northgate Marg	IN
S1-004282	Cobalt Quarry Foods Private Limited	Near SBIA TM, 31/73 Goldleaf Main, Bluepeak Nagar, Pune, Tamil Nadu, 901314	IN
S1-004283	Orchid Motors Limited Liability Company	163 Juniper Road, Redwood Park, Peoria, OH	USA
S1-004284	Maplecrest Juniper Logistics Corporation	25/86 Quarry Road, Orchid Park, Mobile	United States
S1-004285	Onyx Textiles Private Limited	357 Clearwater St, Harbor Nagar, Surat, 374787	India
S1-004286	Onyx Textiles Private Limited	262 Quarr Main Harbor Nagar Indore MP	India
S1-004287	Quarry Fabrics Limited Liability Company	28/77 Harbor Dr, Stonebridge Park, Mobile, TX, 81665	United States
S1-004288	Goldleaf Solutions Limited	172 Juniper Rd, Kochi	IN
S1-004289	Meridian Fabrics Limited Liability Company	Goldleaf Park, Peoria, OH, 33867, 366 Redwood Ave	US
S1-004290	Kestrel Apex Trading Private Limited	Maplecrest Road, Sunstone Nagar, Jaipur, 921775	India
S1-004291	Maplecrest Redwood Solutions Company	52 Lantern Rd, Thistle Park, Fresno, 55488	USA
S1-004292	Lantern Enterprises Private Limited	Near Metro Pillar 442 347 Lantern Marg Coimbatore 651389	IN
S1-004293	Thistle Silverline Systems Company	393 Orchid Boulevard, Goldleaf Park, Fresno, OH, 35716	United States
S1-004294	Thistle Silverline Systems Company	22 Summit Avenue Falcon Park Fresno CA 47344	USA
S1-004295	Maplecrest Fabrics Limited	375 Apex Rd, Bluepeak Nagar, Kochi, Gujarat, 562743	India
S1-004296	Maplecrest Fabrics Limited	81 Apex Rd, Kochi, 711767, Northgate Nagar	India
S1-004297	Maplecrest Industries Incorporated	340 Lantern Ave, Lubbock, 330644	US
S1-004298	Northgate Textiles Corporation	334 Kestrel Dr, Tacoma, TX, 24775	US
S1-004299	Redwood Industries Company	32/28 Ironwood Boulevard, Austin, WA, 90127	USA
S1-004300	Harbor Chemicals Corporation	97 Ironwood Boulevard, Falcon Park, Tacoma, 21426	USA
S1-004301	Maplecrest Juniper Electricals Private Limited	216 Vertex St, Coimbatore, Kerala	IN
S1-004302	Maplecrest Juniper Electricals Private Limited	170 Orchid Main, Coimbaore, 861427	IN
S1-004303	Lantern Enterprises Limited Liability Company	Goldleaf Road, Onyx Park, Austin, CA, 89745	United States
S1-004304	Meridian Fabrics Limited	42 Ravenwood Marg Apex Nagar Pune Tammil Nadu 566682	IN
S1-004305	Clearwater Cobalt Fabrics Private Limited	1 Juniper Cross, Behind Ganesh Temple, Onyx Nagar, Jaipur, Gujarat	IN
S1-004306	Ironwood Harbor Enterprises Limited Liability Company	82 Goldleaf Street, Vertex Park, Akron, OH, 57202	United States
S1-004307	Vertex Clearwater Consultancy Corporation	Harbor Road, Austin, IL	United States
S1-004308	Clearwater Goldleaf Services Private Limited	380 Stonebridge Main, Indore, Rajasthan	India
S1-004309	Clearwater Goldleaf Services Private Limited	113 Harbor Cross, Opp. Bus Depot Sunstone Nagar, Coimbatore, Kerala	India
S1-004310	Onyx Industries Incorporated	78 Thistle Drive, Mobile, AL	US
S1-004311	Redwood Enterprises Incorporated	277 Summit Dr, AAkron, 64515	United States
S1-004312	Ironwood Foods Corporation	31/6 Juniper Ave, Quarry Park, Fresno, 73968, Behind the Civic Center	US
S1-004313	Clearwater Logistics Incorporated	122 Harbor Avenue, Maplecrest Park, Near Exit 14, Mobile, 57289	USA
S1-004314	Goldleaf Solutions Limited	289 Kestrel Road, Meridian Nagar, Jaipur, Rajasthan	IN
S1-004315	Goldleaf Solutions Limited	81 Harbor rCoss, Falcon Nagar, Surat, 802615	IN
S1-004316	Lantern Trading Company	3 Ironwood Street, Akron, 11390	United States
S1-004317	Lantern Trading Company	137 Thistle Drive, Orchid Park, Mobile, IL	USA
S1-004318	Meridian Foods Limited Liability Company	173 Quarry Road, Thistle Park, Fresno, 23567	USA
S1-004319	Quarry Chemicals Corporation	Behind the Civic Center, 131 Stonebridge Street, Summit Park, Akron	United States
S1-004320	Kestrel Foods Company	260 Kestrel Blvd, Lubbock, WA	United States
S1-004321	Kestrel Foods Company	5/44 Quarry Blvd, Goldleaf Park, Fresno, WA	United States
S1-004322	Meridian Northgate Consultancy Private Limited	342 Clearwater Marg Ironwood Nagar Coimbatore 307016	India
S1-004323	Meridian Northgate Consultancy Private Limited	Behind Ganesh Temple 194 Lantern Main Ironwood Nagar Coimbatore Gujarat 427727	IN
S1-004324	Ironwood Services Limited	189 Northgate Street, Surat, Kerala, Ravenwood Nagar	IN
S1-004325	Ironwood Services Limited	10 Kestrel Main, Juniper Nagar, Surat, Maharashtra, 405183	IN
S1-004326	Juniper Enterprises Private Limited	10 Summit Mn, 772468, Nagpur	India
S1-004327	Goldleaf Textiles Limited	250 Thisle Street Indore Rajasthan 882574	IN
S1-004328	Meridian Logistics Private Limited	Opp. Bus Depot, 136 Bluepeak Road, Kochi, Maharashtra, 661863	IN
S1-004329	Sunstone Logistics Limited	16 Bluepeak Marg, Thistle Nagar, Nagpur, Rajasthan, 275762	IN
S1-004330	Ironwood Motors Company	231 Apex Street, Mobile, 29621	United States
S1-004331	Thistle Consultancy Company	266 Redwood Ave Northgate Park Akron CA 16096	United States
S1-004332	Bluepeak Meridian Services Limited Liability Company	100 Cobalt Ave, Mobile, 64943	US
S1-004333	Maplecrest Foods Limited Liability Company	186 Kestrel Road Brightpath Park Tacoma	US
S1-004334	Redwood Textiles Company	19 Redwood St Opp. City Library aTcoma 82171	US
S1-004335	Quarry Fabrics Private Limited	Behind Ganesh Temple, 4/77 Kestrel Marg, Harbor Nagar, Pune, 107414	India
S1-004336	Lantern Industries Company	Cobalt St Brightpath Park Lubbock TX	US
S1-004337	Vertex Packaging Incorporated	315 Silverline Drive, Goldleaf Park, Opp. City Library, Lubbock, AL, 20507	USA
S1-004338	Vertex Services Limited Liability Company	142 Bluepeak Road Sunstone Park Akron AL 46056	USA
S1-004339	Bluepeak Orchid Packaging Limited	170 Meridian St, Opp. Bus Depot, Meridian Nagar, Pune, Tamil Nadu, 739487	IN
S1-004340	Quarry Packaging Corporation	342 Silverline Street, Lubbock, IL	US
S1-004341	Lantern Chemicals Company	158 Falcon St, Brightpath Park, Lubbock, 84335	US
S1-004342	Vertex Services Private Limited	147 Northgate Marg, Bluepeak Nagar, Kochi, 846103	IN
S1-004343	Vertex Services Private Limited	352 Summit Street, Thistle agar, Indore, MP, 956877	IN
S1-004344	Kestrel Chemicals Limited Liability Company	306 Kestrel Road Lubbock 24208	US
S1-004345	Clearwater Packaging Incorporated	146 Harbor Boulevard, Opp. City Library, Lubbock, IL, Meridian Park	United States
S1-004346	Clearwater Packaging Incorporated	325 Apex Boulevard, Maplecrest Park, Lubbock, CA	US
S1-004347	Onyx Northgate Industries Private Limited	Behind Ganesh Temple, 246 Northgate Cross, Stonebridge Nagar, Kochi, Maharashtra	IN
S1-004348	Sunstone Services Company	209 Bluuepeak Road, Thistle Park, Fresno, IL, 79074	US
S1-004349	Sunstone Services Company	127 Lantern Street Falcon Park Akron AL 81944	US
S1-004350	Apex Fabrics Private Limited	144 Summit St, Thistle Nagar, Coimbatore, Rajasthan	India
S1-004351	Vertex Packaging Corporation	Vertx St, Sunstone Park, Austin, AL, 93097	USA
S1-004352	Quarry Solutions Private Limited	330 Apex Main Redwood Nagar Opp. Bus Depot Jaipur	India
S1-004353	Silverline Systems Company	246 Maplecrest St, Northgate Park, Mobile, 43617	US
S1-004354	Harbor Electricals Private Limited	239 Maplecrest St, Harbor Nagar, Surat, 193632	IN
S1-004355	Harbor Electricals Private Limited	Meridian St, Kestrel Nagar, Nagpur, 178020	IN
S1-004356	Maplecrest Electricals Limited	281 Kestrel Main, Falcon Nagar, Jaipur, 440218	IN
S1-004357	Maplecrest Electricals Limited	Jaipur, Rajasthan, 587986, 233 Quarry Street	IN
S1-004358	Onyx Packaging Limited Liability Company	17/78 Onyx Avenue, Harbor Park, Peoria, CA, 62306	United States
S1-004359	Summit Industries Private Limited	126 Clearwater Street Quarry Nagar Jaipur Kerala	India
S1-004360	Summit Industries Private Limited	186 Goldleaf Cross, Clearwater Nagar, Jaipur, Gujarat, 761624	IN
S1-004361	Northgate Packaging Company	380 Cobalt Street, Redwood Park, Opp. City Library, Akron, WA	US
S1-004362	Kestrel Logistics Private Limited	74 Brightpath Street, Nagpur, Gujarat, 863619	India
S1-004363	Kestrel Logistics Private Limited	Clearwater Marg, Coimbatore, Meridian Nagar	India
S1-004364	Summit Maplecrest Services Limited Liability Company	93 Maplecrest Boulevard, Austin, AL	US
S1-004365	Bluepeak Clearwater Logistics Private Limited	11 Meridian Rd Brightpath Nagar Surat	IN
S1-004366	Stonebridge Packaging Company	Peoria, 91549, Maplecrest St	USA
S1-004367	Quarry Fabrics Limited	76 Onyx Cross, Coimbatore, Tamil Nadu	India
S1-004368	Apex Cobalt Electricals Limited	330 Onyx Mn, Ravenwood Nagar, 723570, Surat	IN
S1-004369	Maplecrest Electricals Incorporated	304 Maplecrest Avenue, Fresno, TX	United States
S1-004370	Bluepeak Solutions Private Limited	35 Sunstone Rd, Indore, 448378	India
S1-004371	Bluepeak Solutions Private Limited	125 Falcon Road, Onyx Nagar, Indore, 796654	India
S1-004372	Falcon Logistics Limited Liability Company	381 Northgate Avenue, Northgate Park, Lubbock, 34123	USA
S1-004373	Falcon Logistics Limited Liability Company	15 4Goldleaf Rd Apex Park Peoria TX	USA
S1-004374	Vertex Enterprises Limited	Near Metro Pillar 42, 385 Onyx Crs, Kochi, Gujarat, 815831, Onyx Nagar	India
S1-004375	Maplecrest Services Limited Liability Company	132 Northgate Road, Bluepeak Park, Peoria, CA, 35512	USA
S1-004376	Maplecrest Services Limited Liability Company	313 Apex Avenue Behind the Civic Center Juniper Park Peoria 20381	USA
S1-004377	Summit Packaging Limited	234 Meridian Road, Lantern Nagar, Surat, Kerala	IN
S1-004378	Summit Packaging Limited	298 Goldleaf Marg, Harbor Nagar, Surat, Gujarat, 110406	IN
S1-004379	Kestrel Foods Company	337 Kestrel Rd, Tacoma, OH, 99960	US
S1-004380	Juniper Foods Limited Liability Company	349 Juniper Street, Kestrel Park, Mbile, 70734	US
S1-004381	Goldleaf Logistics Limited	326 Lantern Main, Meridian Nagar, Coimbatore, MP, 742962	India
S1-004382	Apex Electricals Corporation	132 Redwood Street, Quarry Park, Akron, 36953	United States
S1-004383	Apex Electricals Corporation	249 Ironwood Road, Harbor Park, Akron, OH	United States
S1-004384	Bluepeak Fabrics Private Limited	171 Meridian Marg, Jaipur, Tamil Nadu, 313475	India
S1-004385	Thistle Consultancy Private Limited	357 Northgate Marg, Onyx Nagar, Pune	IN
S1-004386	Harbor Meridian Textiles Incorporated	241 Stonebridge Boulevard, Mobile, OH	United States
S1-004387	Falcon Industries Limited Liability Company	246 Stonebridge Dr, Thistle Park, Akron, CA, 52609	United States
S1-004388	Redwood Systems Private Limited	204 Juniper Cross Thistle Nagar Jaipur Tamil Naddu 463239	India
S1-004389	Onyx Harbor Textiles Incorporated	128 Juniper Road Orchid Park Mobile TX 52226	USA
S1-004390	Onyx Harbor Textiles Incorporated	79 Vertex Rd Silverline Park Lubbock WA	United States
S1-004391	Onyx Goldleaf Electricals Incorporated	107 Kestrel Drive Sunstone Park Near Exit 14 Lubbock 51998	USA
S1-004392	Onyx Goldleaf Electricals Incorporated	Jniper Avenue Ironwood Park Austin OH 29713	US
S1-004393	Goldleaf Industries Corporation	Sunstone Avenue, Falcon Park, Fresno, IL	US
S1-004394	Falcon Meridian Fabrics Limited Liability Company	36/31 Falcon Drive, Meridian Park, Austin, AL	United States
S1-004395	Bluepeak Packaging Limited Liability Company	Falcon Rd, Ironwood Park, Lubbock, 39675	United States
S1-004396	Juniper Services Private Limited	108 Rewdood Main Stonebridge Nagar Nagpur	IN
S1-004397	Goldleaf Packaging Private Limited	52 Falcon Cross, Pune, Kerala, 428145	India
S1-004398	Vertex Services Private Limited	352 Ironwood Crs, Surat, Gujarat, 564309	India
S1-004399	Summit Stonebridge Enterprises Limited	203 Maplecrest Rd, Silverline Nagar, Pune, 820102	IN
S1-004400	Summit Stonebridge Enterprises Limited	314 Goldleaf Rod, Thistle Nagar, Pune, MP, 521059	India
S1-004401	Ironwood Services Private Limited	93 Falcon Crooss, Apex Nagar, Kochi, Rajasthan, 314923	IN
S1-004402	Ironwood Services Private Limited	10/79 Summit Rd, Sunstone Nagar, Surat, Gujarat, 324286	India
S1-004403	Juniper Logistics Incorporated	252 Juniper Ave ,Summit Park, Tacoma	United States
S1-004404	Falcon Logistics Private Limited	Orchid Marg, Indore, 488690	IN
S1-004405	Falcon Logistics Private Limited	354 Clearwater Marg Ironwood Nagar Indore 312199	India
S1-004406	Clearwater Industries Limited Liability Company	Near Exit 14, Juniper Blvd, Tacoma, AL, 44389	US
S1-004407	Ironwood Industries Limited Liability Company	210 Northgate St Falcon Park Peoria AL	US
S1-004408	Maplecrest Fabrics Limited	335 Juniper Road, Cobalt Nagar, Jaipur, 855552	IN
S1-004409	Brightpath Kestrel Chemicals Private Limited	283 Summit Marg, Redwodo Nagar, Pune	India
S1-004410	Ravenwood Electricals Limited	248 Thistle Cross, Harbor Nagar, Surat, Gujarat, 626410	India
S1-004411	Onyx Harbor Services Incorporated	69 Apex Avenue Akron TX 26648	United States
S1-004412	Onyx Harbor Services Incorporated	229 Kestrel Avenue, Akron, WA	USA
S1-004413	Ironwood Motors Corporation	370 Onyx Blvd, Redowod Park, Lubbock, IL, 96960	US
S1-004414	Ironwood Motors Corporation	338 Stonebridge Dirve, Goldleaf Park, Behind the Civic Center, Peoria, AL	United States
S1-004415	Thistle Trading Corporation	305 Juniper Avenue, Goldleaf Park, Tacoma, CA, 93403	US
S1-004416	Thistle Trading Corporation	168 Appex Drive, Harbor Park, Tacoma	USA
S1-004417	Summit Industries Limited	177 Falcon Road, Meridian Nagar, Kochi, Kerala, 616027	India
S1-004418	Bluepeak Apex Chemicals Limited	307 Sunstone Marg, Opp. Bus Depot, Pune, MP, 813096	India
S1-004419	Sunstone Consultancy Private Limited	245 Goldleaf Crs, Stonebridge Nagar, Jaipur, Gujarat, 589611	India
S1-004420	Apex Solutions Limited	Behind Ganesh Temple, 252 Orchid Rd, Kochi	India
S1-004421	Apex Solutions Limited	23 Thistle Main, Stonebridge Nagar, Coimbatore, 782145	India
S1-004422	Northgate Enterprises Limited Liability Company	197 Kestrel Drive Akrron 39640	US
S1-004423	Northgate Services Corporation	64 Ravenwood Blvd Summit Park Peoria AL	USA
S1-004424	Brightpath Lantern Motors Incorporated	102 Clearwater Avenue, Blupeeak Park, Peoria	USA
S1-004425	Silverline Logistics Limited	142 Clearwater Cross, Brightpath Nagar, Pune, Tamil Nadu, 119253	India
S1-004426	Sunstone Packaging Private Limited	230 Silverline Road, Thistle Nagar, Pune, Maharashtra, 556200	India
S1-004427	Summit Enterprises Private Limited	354 Lantern Main Near Metro Pillar 42 Northgate Nagar Surat Kerala	IN
S1-004428	Silverline Brightpath Electricals Private Limited	294 Stonebridge Road, Kestrel Nagar, Nagpur, 819538	India
S1-004429	Silverline Brightpath Electricals Private Limited	105 Bluepeak Cross, Sunstone Nagar, Nagpur, Tamil Nadu	India
S1-004430	Cobalt Trading Private Limited	104 Kestrel Street, Meridian Nagar, Near SBI ATM, Jaipur, Kreala, 324548	India
S1-004431	Maplecrest Services Company	97 Clearwater Drive, Peoria, 94679	US
S1-004432	Maplecrest Services Company	148 Stonebridge St Quarry Park Peoria 24427	United States
S1-004433	Goldleaf Electricals Private Limited	Cobalt St Harbo Nagar Indore	India
S1-004434	Sunstone Consultancy Corporation	156 Vertex Street, Brightpath Park, Akron, 90216	US
S1-004435	Sunstone Consultancy Corporation	150 Orchid Boulevard, Redwood Park, Behind the Civic Center, Akron, AL, 49789	USA
S1-004436	Orchid Services Corporation	165 Orchid Boulevard, Peoria, 36447	USA
S1-004437	Orchid Services Corporation	29 Northgate Avenue, Mobile	USA
S1-004438	Ironwood Juniper Electricals Limited Liability Company	170 Lantern Dr, Juniper Park, Akron, TX, 67139	US
S1-004439	Ironwood Juniper Electricals Limited Liability Company	300 Thistle St, Vertex Parrk, Fresno, IL, 66509	United States
S1-004440	Cobalt Packaging Corporation	357 Juniper Blvd, Mobile, WA	USA
S1-004441	Cobalt Electricals Limited	326 Onyx Crs, Brightpath Nagar, Indore, 860561	IN
S1-004442	Ravenwood Enterprises Private Limited	32 Ironwood Mn, Brightpath Nagar, Surat	India
S1-004443	Ravenwood Enterprises Private Limited	148 Cobalt Road, Near SBI ATM, Jaipur, 523380, Mahaarashtra	India
S1-004444	Ravenwood Systems Limited Liability Company	228 Onyx Drive, Summit Park, Near Exit 14, Lubbock, IL, 89161	US
S1-004445	Redwood Packaging Limited	61 Sunstone Road, Falcon Nagar, Nagpur, 733279	India
S1-004446	Redwood Packaging Limited	182 Stonebridge Rd, Behind Ganesh Temple, Goldleaf Nagar, Nagpur, Maharashtra	India
S1-004447	Ironwood Foods Private Limited	265 Bluepeak Road Orchid Nagar Surat MP 708693	IN
S1-004448	Northgate Motors Private Limited	Juniper St, Clearwater Nagar, Surat, Tamil Nadu, 568083	IN
S1-004449	Sunstone Silverline Electricals Private Limited	357 Onyx Road, Goldleaf Nagar, Near SBI ATM, Indore, 925997	IN
S1-004450	Sunstone Silverline Electricals Private Limited	103 Thistle Marg, Brightpath Nagar, Pune, Gujarat, 609265	India
S1-004451	Thistle Logistics Private Limited	Kestrel Rd, Kochi	India
S1-004452	Cobalt Industries Company	112 Apex Road, Fresno, CA, 19291	US
S1-004453	Brightpath Services Limited Liability Company	5 Ravenwood Avenue, Northgate Park, Mobile, AL, 12915	US
S1-004454	Juniper Trading Private Limited	367 Lantern St Silverline Nagar Coimbatore Kerala 935474	India
S1-004455	Stonebridge Foods Private Limited	332 Goldleaf Cross Redwood Nagar Nagpur Kerala	India
S1-004456	Vertex Silverline Chemicals Corporation	351 Falcon Dr, Orchid Park, Akron, WA, 88798	US
S1-004457	Quarry Motors Corporation	169 Thistle Drive Onyx Park Mobiile CA 79816	United States
S1-004458	Stonebridge Consultancy Limited	204 Falcon Mn, Summit Nagar, Surat, Kerala, 813554	India
S1-004459	Kestrel Logistics Limited	90 Sunstone Mn, Harbor Nagar, Indore, 575721	IN
S1-004460	Onyx Systems Limited	159 Meridian St, Bluepeak Nagar, Pune, Maharashtra, 525736	India
S1-004461	Onyx Systems Limited	138 Vertex Rd, Falcon Nagar, Pune, Maharashtra, 689254	IN
S1-004462	Cobalt Motors Private Limited	348 Northgate Crs, Pune, Kerala, 495664	IN
S1-004463	Clearwater Trading Private Limited	Near SBI ATM, 268 Ravenwood Main, Thistle Nagar, Jaipur	IN
S1-004464	Quarry Redwood Textiles Private Limited	57 Juniper Marg, Coimbatore	India
S1-004465	Brightpath Quarry Trading Private Limited	327 Quarry Mn, Vertex Nagar, Pune, Gujarat	IN
S1-004466	Juniper Enterprises Limited	61 Onyx Marg, Apex Nagar, Coimbatore, 866401	IN
S1-004467	Juniper Enterprises Limited	46 Sunstone Main, Onyx Nagar, Pune, MP, 562095	India
S1-004468	Maplecrest Chemicals Private Limited	5/39 Goldleaf St, Vertex Nagar, Opp. Bus Depot, Surat, Kerala	IN
S1-004469	Cobalt Textiles Private Limited	202 Meridian Crs Northgate Nagar Near Metro Pillar 42 Surat	India
S1-004470	Cobalt Textiles Private Limited	Falcon Nagar, Surat, Gujarat, 855048, 307 Redwood Street	IN
S1-004471	Onyx Solutions Limited	291 Sunstone St, Vertex Nagar, Pune, Kerala	India
S1-004472	Onyx Solutions Limited	392 Stonebridge Crs Pune Gujarat 237601	India
S1-004473	Quarry Kestrel Foods Limited	331 Maplecrest Crs Near Metro Pillar 42 Cobalt Nagar Jaipur 714803	IN
S1-004474	Ravenwood Northgate Packaging Private Limited	351 Stonebridge Cross, Northgate Nagar, Surat, Maharashtra, 601832	IN
S1-004475	Vertex Consultancy Incorporated	384 Northgate Ave, Northgate Park, Lubbock, TX, 71927	US
S1-004476	Sunstone Foods Incorporated	3/77 Silverline Avenue, Brightpath Park, Austin, 83483	US
S1-004477	Sunstone Foods Incorporated	373 Apex Road, Austin	United States
S1-004478	Goldleaf Textiles Private Limited	301 Meridian Mar gPune MP 483940	India
S1-004479	Kestrel Solutions Private Limited	305 Northgate Main, Orchid Nagar, Near Metro Pillar 42, Kochi	IN
S1-004480	Apex Clearwater Systems Limited	108 Falcon Rd, Kochi, MP	IN
S1-004481	Apex Clearwater Systems Limited	123 Ironwood Crs, Ravenwood Nagar, Surat, 341832	IN
S1-004482	Goldleaf Industries Incorporated	73 Apex St, Bluepeak Park, Peoria, AL, 96624	US
S1-004483	Brightpath Chemicals Company	Behind the Civic Center 204 Onyx Ave Cobalt Park Mobile WA 91008	US
S1-004484	Goldleaf Chemicals Corporation	86 Silverline Dr, Austin, TX, 41613	US
S1-004485	Kestrel Textiles Limited	186 Apex Crs, Jaipur, Meridian Nagar	IN
S1-004486	Kestrel Industries Limited	60 Redwood Rd, Near Metro Pillar 42, Nagpur, Maharashtra, 161131	India
S1-004487	Clearwater Services Private Limited	Ravenwood Main, Pune, Gujarat, 776144	India
S1-004488	Clearwater Services Private Limited	22/52 Ravenwood Road, Cobalt Nagar, Indore, Kerala	IN
S1-004489	Harbor Enterprises Incorporated	Silverline Street, Ravenwood Park, Tacoma, IL	United States
S1-004490	Cobalt Solutions Limited Liability Company	Stonebridge Street, Peoria, IL	United States
S1-004491	Apex Ironwood Packaging Limited	Onyx Marg, Juniper Nagar, Pune, Rajasthan, 526918	India
S1-004492	Apex Ironwood Packaging Limited	360 Ravenwwood Road, Surat, Gujarat, 979221	India
S1-004493	Cobalt Trading Private Limited	13 Stonebridge Mn, Clearwater Nagar, MP, 261126, Kochi	India
S1-004494	Cobalt Trading Private Limited	Harbor Marg, Maplecrest Nagar, Surat, 656364	IN
S1-004495	Apex Enterprises Private Limited	Stonebridge Cross, Quarry Nagar, Coimbatore, 412790	IN
S1-004496	Apex Enterprises Private Limited	55 Lantern Cross, Coimbatore	India
S1-004497	Bluepeak Fabrics Private Limited	10/63 Quarry Rd, Lantern Nagar, Nagpur, 136147	India
S1-004498	Stonebridge Systems Private Limited	129 Silverline Marg, Orchid Nagar, Jaipur, 970975	IN
S1-004499	Falcon Industries Limited	295 Juniper St Clearwater Nagar Kochi Gujarat 141493	IN
S1-004500	Falcon Industries Limited	294 Ravenwood Road, Kestrel Nagar, Indore, Rajasthan, 879503	India
S1-004501	Juniper Chemicals Private Limited	288 Cobalt Street, Surat, Gujarat, 281376	IN
S1-004502	Juniper Chemicals Private Limited	161 Bluepeak Main, Opp. Bus Depot, Redwood Nagar, Indore	IN
S1-004503	Ravenwood Packaging Limited	149 Summit Crs, Vertex Nagar, Nagpur, Gujarat, 222067	IN
S1-004504	Onyx Electricals Private Limited	113 Clearwater Marg, Near SBI ATM, Northgate Nagar, Pune, 781719	IN
S1-004505	Onyx Electricals Private Limited	Sunstone Road, Pune	IN
S1-004506	Northgate Bluepeak Solutions Private Limited	135 Sunstone St, Northgate Nagar, Coimbatore, Maharashtra	IN
S1-004507	Northgate Bluepeak Solutions Private Limited	300 Ravenwood Rd, Vertex Nagar, Coimbatore, Gujarat	IN
S1-004508	Goldleaf Packaging Corporation	383 Stonebridge Rd, Near Exit 14, Peoria, Brightpath Park	United States
S1-004509	Brightpath Services Private Limited	391 Bluepeak Street, Stonebridge Nagar, Pune, 425856	India
S1-004510	Ravenwood Fabrics Limited	177 Ironwood Marg, Kestrel Nagar, Indore, Maharashtra	IN
S1-004511	Ironwood Maplecrest Consultancy Company	Summit Blvd, Juniper Park, Mobile, 66631	USA
S1-004512	Ironwood Maplecrest Consultancy Company	Near Exit 14, 148 Harbor Street, Harbor Park, Mobile, AL, 62842	US
S1-004513	Bluepeak Clearwater Textiles Private Limited	367 Quarry St Thistle Nagar Nagpur MP	IN
S1-004514	Bluepeak Clearwater Textiles Private Limited	2/69 Bluepeak Mn, Kestrel Nagar, Nagpur	IN
S1-004515	Kestrel Solutions Private Limited	269 Summit Road, Behind Ganesh Temple, Jaipur, 949640	IN
S1-004516	Kestrel Solutions Private Limited	Ravenwood Street Juniper Nagar Surat Tamil Nadu	IN
S1-004517	Brightpath Bluepeak Motors Limited Liability Company	158 Redwood Boulevard, Sunstone Park, Akron, OH, 50573	USA
S1-004518	Brightpath Bluepeak Motors Limited Liability Company	227 Cobalt Drive, Brightpath Park, Akron, WA, 22271	US
S1-004519	Summit Industries Private Limited	399 Quarry Marg, Ravenwood Nagar, Jaipur, Gujarat	India
S1-004520	Redwood Enterprises Limited	235 FalconMain Ironwood Nagar Kochi MP 246586	IN
S1-004521	Brightpath Enterprises Limited	Behind Ganesh Temple, 184 Harbor Road, Bluepeak Nagar, Nagpur, Rajasthan	IN
S1-004522	Orchid Silverline Logistics Limited Liability Company	41 Orchid Road, Sunstone Park, Tacoma, OH	US
S1-004523	Orchid Silverline Logistics Limited Liability Company	80 Northgate Street, Tacoma, TX	USA
S1-004524	Quarry Meridian Textiles Limited Liability Company	163 Lantern Ave, Kestrel Park, Behind the Civic Center, Akron, WA	United States
S1-004525	Quarry Meridian Textiles Limited Liability Company	244 Redwood Blvd, Meridian Park, Mobile, CA, 56872	United States
S1-004526	Apex Systems Company	260 Apex Street Maplecrest Park Akron TX 40330	US
S1-004527	Apex Systems Company	220 Onyx Boulevard, Near Exit 14, Austin, IL, 70914	United States
S1-004528	Meridian Chemicals Limited Liability Company	159 Harbor Road, Stonebridge Park, Peoria, IL	USA
S1-004529	Meridian Chemicals Limited Liability Company	Near Exit 14, 278 Kestrel Avenue, Lantern Park, Tacoma, 43046	United States
S1-004530	Meridian Fabrics Corporation	11/35 Harbor Avenue, Kestrel Park, Akron, 40948	USA
S1-004531	Cobalt Brightpath Industries Limited	268 Quarry Street Cobalt Nagar Opp. Bus Depot Kochi Gujarat 820179	IN
S1-004532	Cobalt Brightpath Industries Limited	391 Goldleaf Rd, Cobalt Nagar, Nagpur, Maharasthra, 620822	India
S1-004533	Ravenwood Chemicals Private Limited	48 Ironwood Street Sunstone Nagar Kochi Gujarat 535339	IN
S1-004534	Northgate Systems Private Limited	Bluepeak Marg, Jaipur	India
S1-004535	Vertex Foods Private Limited	366 Kestrel St, Silverline Nagar, Behind Ganesh Temple, Indore, Kerala, 891249	India
S1-004536	Vertex Foods Private Limited	95 Silverline Road, Opp. Bus Depot, Maplecrest Nagar, Indore, 573212	IN
S1-004537	Kestrel Services Limited Liability Company	253 Maplecrest Boulevard, Ironwood Park, Lubbocck, CA, 49899	United States
S1-004538	Goldleaf Enterprises Private Limited	88 Brightpath Marg, Meridian Nagar, Kochi	India
S1-004539	Goldleaf Enterprises Private Limited	36 Apex Rd, Kochi, Tamil Nadu, 704211	India
S1-004540	Redwood Falcon Services Limited Liability Company	Sunstone St, Lubbock	United States
S1-004541	Redwood Falcon Services Limited Liability Company	Clearwater Dr, Kestrel Park, Lubbock	USA
S1-004542	Cobalt Packaging Private Limited	354 Northgate Cross Behind Ganesh Temple Quarry Nagar Kochi	IN
S1-004543	Cobalt Packaging Private Limited	343 Lantern Rd, Kochi, Kerala	IN
S1-004544	Ravenwood Fabrics Company	125 Goldleaf Street Near Exit 14 WA 31888 Mobile	US
S1-004545	Harbor Electricals Incorporated	63 Apex Street, Opp. City Library, Lubbock, AL	United States
S1-004546	Ironwood Textiles Limited	Clearwater Mn Redwood Nagar Kochi 787808	IN
S1-004547	Thistle Foods Private Limited	Maplecrest Marg Behind Ganesh Temple Lantern Nagar Indore Maharashtra 471590	IN
S1-004548	Thistle Foods Private Limited	156 Ravenwood St, Kestrel Nagar, Indore, Kerala, 529147	India
S1-004549	Brightpath Redwood Solutions Corporation	Near Exit 14, 82 Sunstone Drive, Juniper Park, Tacoma, 49077	US
S1-004550	Clearwater Juniper Chemicals Corporation	291 Thistle Ave, Juniper Park, Peoria	US
S1-004551	Juniper Motors Private Limited	8/46 Ravenwood Mn, Goldleaf Nagar, Kochi, 841313	India
S1-004552	Juniper Motors Private Limited	2/51 Vertex Cross, Indore, 300139	India
S1-004553	Ravenwood Foods Incorporated	124 Redwood R, Redwood Park, Fresno, CA	United States
S1-004554	Cobalt Electricals Private Limited	49 Brightpath Marg, Coimbatore, 877175	India
S1-004555	Vertex Fabrics Limited Liability Company	239 Silverline Road, Bluepeak Park, Peoria, 12592	USA
S1-004556	Apex Solutions Incorporated	Apex Road, Sunstone Park, Peoria	United States
S1-004557	Northgate Consultancy Private Limited	38 Cobalt Main Vertex Nagar Kochi Tamil Nadu 743837	IN
S1-004558	Meridian Electricals Limited	128 Apex Rd, Falcon Nagar, Pune, Kerala	IN
S1-004559	Meridian Electricals Limited	11 Falcon Road, Harbor Nagar, Pune, 696547	India
S1-004560	Apex Logistics Corporation	Meridian Boulevard, Thistle Park, Peoria, AL	United States
S1-004561	Harbor Chemicals Private Limited	25/11 Silverline Street, Harbor Nagar, Indore, 891344	India
S1-004562	Ravenwood Packaging Company	Harbor Ave, Thistle Park, Austin, WA	United States
S1-004563	Kestrel Ironwood Industries Private Limited	316 Ironwood Main Quarry Nagar Indore	India
S1-004564	Clearwater Motors Incorporated	214 Harbor Road, Austin,  TX, 62488	US
S1-004565	Cobalt Enterprises Company	30  Goldleaf Ave, Summit Park, Tacoma, 17452	US
S1-004566	Harbor Clearwater Industries Limited	Lantern Cross, Coimbatore	IN
S1-004567	Harbor Clearwater Industries Limited	367 Silverline Marg, Meridian Nagar, Coimbatore, MP, 587520	IN
S1-004568	Clearwater Sunstone Solutions Private Limited	39/28 Orchid St, Jaipur, 686033	IN
S1-004569	Orchid Logistics Company	Opp. CityL ibrary 25/57 Onyx Boulevard Thistle Park Fresno	USA
S1-004570	Onyx Apex Electricals Company	269 Thistle Boulevard Falcon Park Fresno IL 81339	United States
S1-004571	Silverline Logistics Limited Liability Company	118 Silverline Ave Falcon Park Fresno	United States
S1-004572	Bluepeak Chemicals Private Limited	83 Clearwater Main, Coimbatore	IN
S1-004573	Sunstone Consultancy Limited Liability Company	340 Ironwood Road, Tacoma, IL, 54418	United States
S1-004574	Silverline Enterprises Corporation	Thistle Blvd, oMbile, OH, 17336	USA
S1-004575	Silverline Enterprises Corporation	8 Harbor Ave, Mobile, AL	USA
S1-004576	Juniper Solutions Private Limited	60 Ravenwood Main Nagpur 732611	India
S1-004577	Juniper Solutions Private Limited	Quarry Marg, Falcon Nagar, Nagpur, 256804	IN
S1-004578	Kestrel Enterprises Private Limited	Thistle Main, Pune, Maharashtra, 111316	India
S1-004579	Lantern Juniper Textiles Limited	250 Lantern Street, Near Metro Pillar 42, Meridian Nagar, Kochi, 491025	IN
S1-004580	Vertex Textiles Limited	318 Orchid Cross, Nagpur, Maharashtra, 368966	IN
S1-004581	Bluepeak Industries Limited Liability Company	187 Falcon Blvd Behind the Civic Center Kestrel Park Austin 19338	USA
S1-004582	Ironwood Kestrel Services Private Limited	90 Orchid Rd, Meridian Nagar, Pune, 516339	India
S1-004583	Cobalt Textiles Private Limited	143 Brightpath Cross, Clearwater Nagar, Surat	India
S1-004584	Apex Enterprises Limited Liability Company	1994 Orchid Drive, Austin, 94718	USA
S1-004585	Ironwood Services Private Limited	175 Meridian Main, Harbor Nagar, Indore, MP, 847970	IN
S1-004586	Ironwood Services Private Limited	Juniper St, Thistle Nagar, Near Metro Pillar 42, Indore	IN
S1-004587	Vertex Packaging Limited	240 Juniper Road, Falcon Nagar,S urat, Rajasthan, 132156	India
S1-004588	Kestrel Northgate Enterprises Limited Liability Company	228 Apex Drive, Kestrel Park, Peoria, AL, 52330	United States
S1-004589	Northgate Foods Private Limited	25/72 Falcon Main Vertex Nagar Surat Maharashtra 640519	IN
S1-004590	Thistle Fabrics Private Limited	Near SBI ATM, 168 Juniper Road, Harbor Nagar, Indore	IN
S1-004591	Thistle Fabrics Private Limited	259 Sunstone Cross Clearwater Nagar Indore Tamil Nadu 431299	India
S1-004592	Bluepeak Chemicals Limited Liability Company	287 Meridian Boulevard, Opp. City Library, Brightpath Park, Akron, 51886	USA
S1-004593	Stonebridge Services Corporation	3557 Redwood Avenue, Ravenwood Park, Mobile, TX	USA
S1-004594	Clearwater Redwood Logistics Limited	10 Falcon Rd, Coimbatore, Maharashtra, 481322, Northgate Nagar	India
S1-004595	Orchid Maplecrest Fabrics Private Limited	227 Lantern Cross, Coimbatore, Gujarat, 651525	IN
S1-004596	Orchid Maplecrest Fabrics Private Limited	230 Kestrel Cross, Opp. Bus Depot, Stonebbridge Nagar, Coimbatore	India
S1-004597	Redwood Motors Limited	228 Quarry Road, Falcon Nagar, Nagpur, Kerala, 786260	IN
S1-004598	Redwood Motors Limited	282 Cobalt Mn Falcon Nagar Nagpur 836500	India
S1-004599	Ironwood Trading Corporation	341 Summit Dr, Ravenwood Park, Austin, IL, 67880	US
S1-004600	Ironwood Trading Corporation	139 Lantern Rd Fresno OH	USA
S1-004601	Northgate Industries Private Limited	Near SBI ATM, 53 Kestrel Main, Silverline Nagar, Jaipur, Gujarat, 256251	IN
S1-004602	Northgate Electricals Limited Liability Company	313 Goldleaf Drive, Fresno	United States
S1-004603	Vertex Logistics Corporation	233 Lantern Boulevard, Stonebridge Park, Peoria, 38176	USA
S1-004604	Vertex Logistics Corporation	385 Redwood Street, Opp. City Library, Austin, CA, 70976	United States
S1-004605	Stonebridge Chemicals Limited	48 Cobalt Street, Falcon Nagar, Coimbatore, 804522	IN
S1-004606	Onyx Consultancy Limited	225 Onyx Main Behind Ganesh Temple Brightpath Nagar Pune MP 767456	IN
S1-004607	Stonebridge Foods Private Limited	36 Meridian Main, Nagpur, 183282, Goldleaf Nagar	IN
S1-004608	Redwood Packaging Company	Apex Avenue, Onyx Park, Lubbock, 99451	US
S1-004609	Summit Textiles Incorporated	311 Kestrel Avenue, Near Exit 14, Summit Park, Lubbock, CA	US
S1-004610	Thistle Trading Limited	8/50 Northgate Main, Ravenwood Nagar, Coimbatore, Maharashtra, 331792	India
S1-004611	Juniper Trading Private Limited	15/6 Quarry St Quarry Nagar Surat MP	India
S1-004612	Juniper Trading Private Limited	26/43 Summit Crs, Orchid Nagar, Surat, 851736	India
S1-004613	Maplecrest Enterprises Private Limited	36/27 Clearwater Marg, Northgate Nagar, Pune, Kerala, 903923	IN
S1-004614	Apex Vertex Services Private Limited	374 Thistle Street Pune 585040	IN
S1-004615	Harbor Ironwood Electricals Incorporated	125 Ironwood Avenue, Orchid Park, Mobile, TX, 62775	USA
S1-004616	Thistle Systems Private Limited	360 Maplecrest Marg, Meridian Nagar, Coimbatore, 117169	India
S1-004617	Thistle Systems Private Limited	Opp. Bus Depot 387 Onyx Marg Falcon Nagar Nagpur Tamil Nadu 520807	IN
S1-004618	Bluepeak Cobalt Consultancy Incorporated	Behind the Civic Center, 10 Harbor Drive, Redwood Park, Lubbock, AL, 80410	United States
S1-004619	Cobalt Textiles Private Limited	Clearwater Nagar Surat 540770 309 Coballt Rd	IN
S1-004620	Cobalt Textiles Private Limited	176 Quarry Crs, Surat, 865991	IN
S1-004621	Kestrel Textiles Private Limited	51 Cobalt Main, Sunstone Nagar, Coimbatore, 167979	IN
S1-004622	Kestrel Textiles Private Limited	Falcon Cross, Indore, Rajasthan	India
S1-004623	Bluepeak Foods Company	183 Harbor St, Falcon Park, Austin, CA, 29083	USA
S1-004624	Bluepeak Foods Company	4 Harbor Blvd, Thistle Park, Peoria, CA	United States
S1-004625	Orchid Services Private Limited	151 Ravenwood Crs, Vertex Nagar, Pune, 522858	India
S1-004626	Thistle Goldleaf Consultancy Company	Behind the Civic Center 254 Cobalt Boulevard Summit Park Lubbock 82732	United States
S1-004627	Falcon Apex Motors Company	14/57 Meridian Boulevard, Falcon Park, Opp. City Library, Austin, 70974	USA
S1-004628	Clearwater Chemicals Company	63 Clearwater Road, Summit Park, Akron, WA, 72702	USA
S1-004629	Clearwater Chemicals Company	241 Bluepeak Rd, Brightpath Park, Austin, 60557	US
S1-004630	Silverline Solutions Private Limited	299 Sunstone Crs, Apex Nagar, Pune	India
S1-004631	Quarry Enterprises Limited	39 Cobalt Cross, Maplecrest Nagar, Pune, Rajasthan, 246946	IN
S1-004632	Quarry Enterprises Limited	34 Ironwood Marg, Apex Nagar, Nagpur, 729400	IN
S1-004633	Clearwater Packaging Private Limited	20/72 Northgate Marg, Indore, Maharashtra, 579315	India
S1-004634	Silverline Services Private Limited	366 Ravenwood Mn, Nagpur, Maharashtra, 459096	India
S1-004635	Redwood Enterprises Private Limited	Vertx Nagar Surat 100 Goldleaf Mn	IN
S1-004636	Goldleaf Enterprises Private Limited	244 Kestrel Marg, Ironwood Nagar, Indore, Rajasthan	IN
S1-004637	Goldleaf Enterprises Private Limited	307 Redwood Street Cobalt Nagar Indore Rajasthan 846152	IN
S1-004638	Apex Chemicals Private Limited	236 Sunstone St, Northgate Nagar, Nagpur, Kerala	India
S1-004639	Apex Chemicals Private Limited	296 Sunstone Marg, Ironwood Nagar, Nagpur, Rajasthan	India
S1-004640	Vertex Enterprises Limited	343 Goldleaf Cross, Near SBI ATM, Sunstone Nagar, Pune, Kerala	IN
S1-004641	Redwood Systems Incorporated	239 Stonebridge Ave, Silverlien Park, Akron, OH, 78245	United States
S1-004642	Maplecrest Logistics Private Limited	28/86 Brightpath Road Summit Nagar Nagpur 686708	IN
S1-004643	Quarry Motors Corporation	109 Lantern Street, Ironwood Park, Austin, 40086	US
S1-004644	Quarry Motors Corporation	204 Ravenwood Road, Falcon Park, Fresno, 10960	USA
S1-004645	Maplecrest Industries Private Limited	139 Northgate Street, Maplecrest Nagar, Pune, MP, 269851	India
S1-004646	Falcon Packaging Company	191 Stonebridge Street Fresno AL 50756	US
S1-004647	Onyx Packaging Private Limited	285 Brightpath St, Orchid Nagar, Jaipur, MP	India
S1-004648	Ravenwood Solutions Limited	311 Cobalt Mn, Surat Gujarat, 155500	India
S1-004649	Sunstone Enterprises Corporation	355 Stonebridge Avenue, Kestrel Park, Akron, CA, 97107	United States
S1-004650	Juniper Chemicals Corporation	285 Thistle Dr, Ironwood Park, Akron, CA, 81438	US
S1-004651	Quarry Services Corporation	131 Redwood St, Harbor Park, Mobile, IL, 46741	USA
S1-004652	Quarry Services Corporation	62 Sunstone Blvd, Lantern Park, Mobile, 19998	US
S1-004653	Lantern Solutions Incorporated	361 Quarry Drive Lubbock AL 20577	US
S1-004654	Stonebridge Juniper Services Limited Liability Company	Falcon St, Kestrel Park, OH, 47708, Mobile	United States
S1-004655	Ironwood Trading Company	297 Kestrel Drive, Peoria, WA, 39138	US
S1-004656	Quarry Textiles Corporation	31/25 Goldleaf St Stonebridge Park Fresno 64578	United States
S1-004657	Brightpath Electricals Private Limited	Near Metro Pillar 42, 234 Summit Rd, Kochi, Tamil Nadu	India
S1-004658	Ravenwood Harbor Systems Private Limited	117 Harbor St, Ironwood Nagar, Pune, Gujarat, 864163	India
S1-004659	Ravenwood Harbor Systems Private Limited	358 Silverline St, Juniper Nagar, Near Metro Pilllar 42, Pune, 752903	IN
S1-004660	Silverline Fabrics Limited Liability Company	228 Clearwater Dr, Peoria, WA, 48356	US
S1-004661	Silverline Fabrics Limited Liability Company	Behind the Civic Center, 24 Silverline Boulevard, Peoria, 27563	United States
S1-004662	Meridian Enterprises Company	213 Lantern St, Goldleaf Park, Tacoma, TX, 95611	United States
S1-004663	Northgate Enterprises Private Limited	81 Bluepeak Street Kestrel Nagar Coimbatore Maharashtra 687259	India
S1-004664	Ravenwood Fabrics Private Limited	99 Redwood Main, Falcon Nagar, 631054, Indore	IN
S1-004665	Brightpath Foods Private Limited	Redwood Nagar Kochi Tamil Nadu 28/21 Sunstone Street	IN
S1-004666	Harbor Logistics Incorporated	218 Cobalt Drive, Behind the Civic Center, Lubbock	USA
S1-004667	Onyx Onyx Foods Private Limited	369 Falcon Marg, Sunstone Nagar, Coimbatore, MP	India
S1-004668	Ravenwood Industries Limited	259 Ironwoodd Crs, Coimbatore, Gujarat, 546121	IN
S1-004669	Harbor Sunstone Trading Company	233 Clearwater Street, Fresno, 32497	USA
S1-004670	Thistle Chemicals Corporation	238 Brightpath Rd, Opp. City Library, Northgate Park, Akron, AL, 73829	US
S1-004671	Juniper Maplecrest Services Private Limited	170 Ravenwood Marg, Maplecrest Nagar, Nagpur	IN
S1-004672	Ravenwood Systems Limited Liability Company	10 Northgate Road Stonebridge Park Mobile 74252	USA
S1-004673	Bluepeak Enterprises Incorporated	65 Orchid Ave, Quarry Park, Fresno, IL, 12378	US
S1-004674	Bluepeak Enterprises Incorporated	Ironwood Avenue, Akron, OH, 21090	USA
S1-004675	Silverline Trading Limited	351 Cobalt Marg, Vertex Nagar, Nagpur, Kerala, 308055	India
S1-004676	Ravenwood Electricals Limited	5/55 Juniper Rod, Stonebridge Nagar, Jaipur, Maharashtra, 164270	India
S1-004677	Clearwater Thistle Motors Private Limited	329 Lantern Cross, 165246, Kochi	IN
S1-004678	Juniper Trading Private Limited	147 Quarry Rd, Stonebridge Nagar, Indore, 443115	India
S1-004679	Sunstone Cobalt Foods Incorporated	138 Sunstone Road, Brightpath Park, Austin, CA, 95728	United States
S1-004680	Redwood Consultancy Corporation	21/61Quarry Dr, Lantern Park, Lubbock	USA
S1-004681	Redwood Industries Private Limited	250 Ironwood Street, Silverline Nagar, Coimbatore, 581350	India
S1-004682	Summit Textiles Limited	351 Bluepeak St, Brightpath Nagar, Indore, Maharashtra, 621122	IN
S1-004683	Stonebridge Services Corporation	28/36 Northgate Road, Stonebridge Park, Fresno, WA, 81753	United States
S1-004684	Kestrel Trading Private Limited	182 Stonebridge Marg Falcon Nagar Kochi Maharashtra	India
S1-004685	Apex Onyx Logistics Corporation	118 Bluepeak Avenue, Silverline Park, Lubbock, TX, 29797	United States
S1-004686	Apex Onyx Logistics Corporation	5 8Bluepeak Drive Stonebridge Park Lubbock TX 44211	US
S1-004687	Summit Sunstone Consultancy Company	Near Exit 14, 222 Brightpath Drive, Falcon Park, Austin, 85624	USA
S1-004688	Goldleaf Services Private Limited	Redwood Road, Juniper Nagar, Near Metro Pillar 42, Kochi, MP, 955965	IN
S1-004689	Goldleaf Services Private Limited	134 Ravenwood Rd, Kochi, 247113	India
S1-004690	Quarry Chemicals Private Limited	263 Bluepeak St, Orchid Nagar, Behind Ganesh Temple, Indore, Kerala, 507631	India
S1-004691	Onyx Brightpath Textiles Private Limited	Redwood Crs Brightpath Nagar Kochi MP 779214	India
S1-004692	Northgate Ravenwood Electricals Company	228 Juniper Drive, Quarry Park, Fresno, AL, 16176	United States
S1-004693	Northgate Ravenwood Electricals Company	58 Thistle Ave, Behind the ivic Center, Mobile, 15011	US
S1-004694	Maplecrest Chemicals Private Limited	312 Harbor Cross, Redwood Nagar, Surat, Gujarat	India
S1-004695	Maplecrest Motors Private Limited	351 Harbor Crs, Lantern Nagar, Jaipur, Gujarat	India
S1-004696	Maplecrest Motors Private Limited	Opp. Bus Depot, Northgate Marg, Jaipur, 905267	IN
S1-004697	Summit Fabrics Incorporated	Cobalt Road, Bluepeak Park, Peoria, WA	United States
S1-004698	Ironwood Stonebridge Services Incorporated	202 Sunstone Rd, Austin, AL, 34352	USA
S1-004699	Meridian Harbor Trading Private Limited	Near SBI ATM 271 Vertex Cross Surat 114964 Clearwater Nagar	IN
S1-004700	Harbor Trading Corporation	177 Harbor Road, Silverline Park, Tacoma, IL	USA
S1-004701	Falcon Electricals Private Limited	271 Sunstone Street, Meridian Nagar, Kochi, 370805, Tamil Nadu	India
S1-004702	Northgate Falcon Logistics Private Limited	151 Summit Street, Brightpath Nagar, Coimbatore	IN
S1-004703	Northgate Falcon Logistics Private Limited	1/49 Harbor Road, Coimbatore	IN
S1-004704	Cobalt Industries Private Limited	36 Quarry Mn, Falcon Nagar, Jaipur	IN
S1-004705	Falcon Fabrics Corporation	217 Onyx Road, Onyx Park, Austin, 86387	USA
S1-004706	Goldleaf Services Incorporated	Harbor Street, Goldleaf Park, Peoria, CA, 68478	US
S1-004707	Goldleaf Services Incorporated	189 Vertex Dr, Sunstone Park, Peoia, OH, 11432	US
S1-004708	Meridian Chemicals Private Limited	11 Thistle St, Kochi, Tamil Nadu, 375364	India
S1-004709	Goldleaf Solutions Company	16/63 Ravenwood Avenue, Tacoma, 89032, IL	USA
S1-004710	Onyx Logistics Private Limited	119 NNorthgate Cross, Jaipur	India
S1-004711	Meridian Goldleaf Logistics Private Limited	236 Meridian Mn, Kochi, Gujarat, 246742	India
S1-004712	Stonebridge Lantern Packaging Limited	36 Apex Crs, Summit Nagar, Nagpur	India
S1-004713	Sunstone Systems Private Limited	16 Bluepeak Mn, Vertex Nagar, Nagpur, Tamil Nadu	India
S1-004714	Vertex Consultancy Corporation	103 Silverline Boulevard, Opp. City Library, Harbor Park, Fresno, AL	United States
S1-004715	Lantern Packaging Private Limited	Lantern Nagar, Nagpur, 893069, 373 Clearwater Street	IN
S1-004716	Bluepeak Enterprises Limited Liability Company	93 Silverline Road Habor Park Peoria 99691	US
S1-004717	Sunstone Silverline Textiles Company	104 Onyx Road, Akron, 67911, Maplecrest Park	United States
S1-004718	Sunstone Silverline Textiles Company	132 Lantern Drive, Near Exit 14, Brightpath Park, Mobile, AL, 78370	United States
S1-004719	Meridian Enterprises Company	Onyx Street, Ironwood Park, Mobile	US
S1-004720	Meridian Enterprises Company	21 Clearwater Blvd Kestrel Park Lubbock OH	US
S1-004721	Quarry Chemicals Private Limited	Falcon Rd, Northgate Nagar, Kochi, 117838	India
S1-004722	Maplecrest Systems Limited	42 Thistle Rd, Surat, Tamil Nadu	India
S1-004723	Maplecrest Systems Limited	Near SBI ATM, 229 Harbor Street, Northgte Nagar, Jaipur, Maharashtra, 847680	IN
S1-004724	Quarry Chemicals Corporation	127 Onyx Drive, Austin, 12034	United States
S1-004725	Quarry Chemicals Corporation	Redwood rDive, Ravenwood Park, Behind the Civic Center, Mobile	US
S1-004726	Ravenwood Meridian Trading Private Limited	17/28 Meridian Street, Sunstone Nagar, Nagpur, 236592	IN
S1-004727	Maplecrest Quarry Packaging Limited	182 Quarry Marg, Jaipur, 969810	IN
S1-004728	Onyx Services Limited	Clearwater Mn, Pune, Rajasthan, 825742	IN
S1-004729	Summit Enterprises Private Limited	16 Ironwood Road Maplecrest Nagar Surat MP	IN
S1-004730	Vertex Brightpath Systems Private Limited	393 Silverline Main Quarry Nagar Nagpur	India
S1-004731	Vertex Brightpath Systems Private Limited	34/2 Quarry Street, Nagpur	IN
S1-004732	Falcon Chemicals Private Limited	10 Thistle Rd, Pune, MP, 144157	IN
S1-004733	Stonebridge Northgate Fabrics Private Limited	9/43 Clearwater Main Juniper Nagar Jaipur 440063	India
S1-004734	Sunstone Lantern Textiles Corporation	252 Harbor Rd, Quarry Park, Austin, 21163	US
S1-004735	Ironwood Consultancy Limited Liability Company	292 Falcon Bld Northgate Park Mobile WA	USA
S1-004736	Maplecrest Services Private Limited	225 Harbor Crs, Pune	IN
S1-004737	Maplecrest Services Private Limited	143 Bluuepeak Main, Orchid Nagar, Pune, Rajasthan, 755462	IN
S1-004738	Lantern Logistics Private Limited	94 Goldleaf Marg, Goldleaf Nagar, Coimbatore, Maharashtra	India
S1-004739	Maplecrest Consultancy Limited	218 Ironwood Cross, Northgate Nagar, Surat, Rajasthann, 427583	IN
S1-004740	Maplecrest Consultancy Limited	132 Clearwater Marg, Opp. Bus Depot, Cobalt Nagar, Surat, Kerala	IN
S1-004741	Summit Systems Private Limited	Silverline Nagar Surat Sunstone Cross	IN
S1-004742	Summit Systems Private Limited	148 Meridian Rd, Surat, Gujarat, 978135	IN
S1-004743	Ravenwood Services Incorporated	Sunstone Road, Norhgate Park, Fresno, CA	United States
S1-004744	Meridian Systems Limited	Maplecrest Rd, Juniper Nagar, Kochi, 734518	IN
S1-004745	Meridian Systems Limited	396 Ironwood Cross, Nagpur, Kerala, 644086	India
S1-004746	Vertex Motors Private Limited	303 Falcon St Northgate Nagar Kochi Rajasthan 209204	India
S1-004747	Silverline Systems Private Limited	58 Maplecrest Crs, Kesstrel Nagar, Surat, Maharashtra, 948533	India
S1-004748	Silverline Systems Private Limited	28/51 Summit Road, Silverline Nagar, Kochi, Gujarat, 369445	IN
S1-004749	Ravenwood Textiles Private Limited	Near SBI ATM, 92 Ravenwood Marg, Harbor Nagar, Coimbatore	India
S1-004750	Ravenwood Textiles Private Limited	Maplecrest Mn, Summit Nagar, Kochi, Tamil Nadu, 103390	India
S1-004751	Kestrel Logistics Private Limited	32/36 Northgate Cross Sunstone Nagar Jaipur Rajasthan 933124	IN
S1-004752	Cobalt Logistics Company	64 Keestrel Road, Peoria, Vertex Park	United States
S1-004753	Apex Enterprises Limited	110 Maplecrest Crs, Thistle Nagar, Coimbatore, Tamil Nadu	IN
S1-004754	Sunstone Consultancy Private Limited	36 Stonebridge Crs, Surat, Rajasthan, 216132	India
S1-004755	Sunstone Consultancy Private Limited	39/74 Maplecrest Marg, Lantern Nagar, Near SBI ATM, Surat, 465052	India
S1-004756	Orchid Logistics Incorporated	380 Brightpath Road, Stonebridge Park, Peoria, OH, 5964,0 Opp. City Library	USA
S1-004757	Silverline Meridian Textiles Corporation	32/78 Cobalt Avenue, Orchid Park, Akron, IL, 66552	US
S1-004758	Silverline Meridian Textiles Corporation	283 Harbor Boulevard, Ironwood Park, Akron, 11858	US
S1-004759	Thistle Consultancy Limited Liability Company	180 Orchid Blvd Thistle Park Tacoma AL 64355	US
S1-004760	Ravenwood Summit Logistics Company	14/28 Goldleaf Rd, Akron, TX, 97198	US
S1-004761	Silverline Kestrel Logistics Limited	103 Goldleaf Main, Lantern Nagar, Near Metro Pillar 42, Kochi, Maharashtra, 754209	India
S1-004762	Silverline Kestrel Logistics Limited	369 Harbor Crs, Goldleaf Nagar, Kochi, 303261	India
S1-004763	Apex Goldleaf Industries Limited	152 Summit Marg, Brightpath Nagar, Coimbatore, 770599	IN
S1-004764	Thistle Lantern Industries Incorporated	168 Maplecrest St Juniper Park Tacoma AL 23387	USA
S1-004765	Juniper Industries Limited Liability Company	26 Quarry Blvd, Meridian Park, Lubbock, 90759	United States
S1-004766	Harbor Brightpath Enterprises Incorporated	Falcon St, Apex Park, Tacoma, 69097	US
S1-004767	Harbor Brightpath Enterprises Incorporated	14/27 Falcon St Onyx Park Akron 50784	United States
S1-004768	Kestrel Chemicals Limited Liability Company	341 Clearwater Road, Harbor Park, Peoria, 21217	USA
S1-004769	Kestrel Chemicals Limited Liability Company	Onyx Boulevard, Fresno, WA, Brightpath Park	United States
S1-004770	Kestrel Consultancy Limited	267 Ravenwood Street, Kochi,G ujarat	India
S1-004771	Brightpath Foods Incorporated	121 Meriidan Avenue, Maplecrest Park, Akron, WA, 34852	United States
S1-004772	Quarry Packaging Limited	Near SBI ATM, 22 Quarry CCross, Jaipur	IN
S1-004773	Redwood Motors Company	132 Clearwater Dr, Harbor Park, Fresno, TX, 35216	USA
S1-004774	Goldleaf Systems Limited Liability Company	377 Apex Dr, Orchid Park, Akron	USA
S1-004775	Maplecrest Orchid Services Company	81 Maplecrest Ave, Kestrel Park, Mobile, OH, 87692	US
S1-004776	Maplecrest Fabrics Corporation	310 Cobalt Road, Austin, TX, 97901	United States
S1-004777	Maplecrest Fabrics Corporation	254 Summit Street, Onyx Park, Austin	United States
S1-004778	Falcon Electricals Incorporated	Meridian Avenue, Akron, AL, 90756, Orchid Park	USA
S1-004779	Clearwater Trading Corporation	101 Orchid Rd, Juniper Park, Lubbock, AL	United States
S1-004780	Falcon Industries Private Limited	295 Juniper Road, Apex Nagar, Nagpur, Rajasthan, 420552	India
S1-004781	Lantern Onyx Solutions Corporation	86 Vertex Avenue, Orchid Park, Peoria, 53332	USA
S1-004782	Lantern Onyx Solutions Corporation	214 Northgate Street, Northgate Park, Lubbock	USA
S1-004783	Apex Textiles Limited	Behind Ganesh Temple, 216 Harbor Road, Stonebridge Nagar, Coimbatore, 333372	IN
S1-004784	Ironwood Chemicals Private Limited	174 Falcon Mn, Redwood Nagar, Pune, 500900	India
S1-004785	Northgate Trading Limited Liability Company	259 Bluepeak Ave Behind the Civic Center Onyx Park Mobile WA 46886	USA
S1-004786	Meridian Goldleaf Logistics Limited	46 Apex Marg, Onyx Nagar, Nagpur, Gujarat, 877541	IN
S1-004787	Northgate Logistics Limited	Ironwood Road Orchid Nagar Coimbatore MP 909392	India
S1-004788	Meridian Solutions Private Limited	388 Maplecrest St, Surat, 424694	India
S1-004789	Kestrel Packaging Private Limited	373 Ravenwood Road, Northgate Nagar, Pune, Rajasthan, 915603	IN
S1-004790	Kestrel Fabrics Private Limited	347 Clearwater Cross Cobalt Nagar Behind Ganesh Temple Jaipur 902458	India
S1-004791	Lantern Industries Limited Liability Company	85 Falcon Dr, Peoria, 44482	US
S1-004792	Lantern Industries Limited Liability Company	Opp. City Library, 104 Clearwater Ave, Thistle Park, Peoria, CA	USA
S1-004793	Cobalt Packaging Incorporated	142 Redwood Drive Brightpath Park Akron 52683	USA
S1-004794	Lantern Trading Limited	347 Redwood Marg, Harbor Nagar, aJipur	IN
S1-004795	Silverline Logistics Limited	228 Silverline Cross, Bluepeak Nagar, Pune, Gujarat, 859758	IN
S1-004796	Quarry Textiles Incorporated	Vertex Park, Akron, AL, 1/36 Apex Dr	United States
S1-004797	Maplecrest Consultancy Corporation	297 Meridian Ave, Sunstone Park, Lubbock, AL, 19275	USA
S1-004798	Maplecrest Consultancy Corporation	319 Redwood Dr, Orchid Park, Lubbock, 43626, Behind the Civic Center	United States
S1-004799	Meridian Kestrel Motors Company	20 Redwood Drive, Lantern Park, Tacoma AL	United States
S1-004800	Sunstone Thistle Industries Limited	Silverline Rd, Meridian Nagar, Behind Ganesh Temple, Nagpur, 990240	IN
S1-004801	Sunstone Thistle Industries Limited	92 Onyx Marg Summit Nagar Nagppur Gujarat 604249	India
S1-004802	Lantern Electricals Corporation	301 Redwood Street, Near Exit 14, Austin, 53723	US
S1-004803	Kestrel Consultancy Corporation	7/85 Summit Blvd, Behind the Civic Center, Lubbock, WA	United States
S1-004804	Summit Logistics Private Limited	21/36 Clearwater Rd, Quarry Nagar, Coimbatore, 804486	India
S1-004805	Stonebridge Textiles Private Limited	Harbor Crs, Sunstone Nagar, 631435, Surat	IN
S1-004806	Juniper Motors Limited	36/18 Maplecrest Marg, Cobalt Nagar, Pune, MP	IN
S1-004807	Redwood Enterprises Limited Liability Company	Austin TX 51705 52 Cobalt Dr	United States
S1-004808	Lantern Solutions Limited	21/23 Onyx Crs, Kochi, Kerala, 215302	IN
S1-004809	Harbor Electricals Incorporated	244 Falcon St, Kestrel Park, Fresno, OH, 32520	US
S1-004810	Ironwood Services Corporation	Apex Blvd, Juniper Park, Tacoma	US
S1-004811	Maplecrest Electricals Private Limited	9 Apex Crs, Clearwater Nagar, Nagpur	India
S1-004812	Onyx Northgate Chemicals Limited	349 Falcon Street Jaipur 746141	IN
S1-004813	Quarry Trading Private Limited	99 Silverline Main, Near SBI ATM, Goldleaf Nagar, Indore, 539740	IN
S1-004814	Sunstone Harbor Consultancy Private Limited	165 Maplecrest Mn, Indore, MP	IN
S1-004815	Lantern Packaging Limited	24 Apex Crs Kestrel Nagar Pune	India
S1-004816	Redwood Logistics Limited	37/65 Ironwood Main, Orchid Nagar, Coimbatore	India
S1-004817	Orchid Electricals Private Limited	10 Lantern Main, Brightpath Nagar, Coimbatore, Maharashtra	IN
S1-004818	Lantern Bluepeak Services Limited Liability Company	39/69 Clearwater Street, Harbor Park, Lubbock, TX, 61612	US
S1-004819	Lantern Bluepeak Services Limited Liability Company	Thistle Dr Behind the Civic Center Tacoma	USA
S1-004820	Falcon Meridian Solutions Incorporated	368 Thistle Street, Cobalt Park, Fresno, AL, 20810	United States
S1-004821	Northgate Foods Limited	Cobalt Crs Pune MP	India
S1-004822	Stonebridge Chemicals Company	87 Orchid Blvd Ironwood Park Akron	United States
S1-004823	Harbor Apex Enterprises Limited Liability Company	Kestrel Dr, Brightpath Parkk, Behind the Civic Center, Fresno, 21167	US
S1-004824	Orchid Trading Limited Liability Company	365 Apex Road, Falcon Park, Fresno, IL, 91358	United States
S1-004825	Orchid Trading Limited Liability Company	296 Bluepeak Avenue, Juniper Park, Fresno	USA
S1-004826	Brightpath Services Company	2 Harbor Drive Maplecrest Park Mobile CA 28390	United States
S1-004827	Orchid Services Private Limited	219 Kestrel Marg, Near SBI ATM, Harbor Nagar, Nagpur, Rajasthan	IN
S1-004828	Clearwater Solutions Limited	335 Sunstone Mn, Juniper Nagar, Kochi, Kerala	India
S1-004829	Stonebridge Orchid Foods Private Limited	16 Summit Street, Meridian Nagar, Kochi, 714837	India
S1-004830	Stonebridge Orchid Foods Private Limited	348 Maplecrest Road Ironwood Nagar Kochi Maharashtra 849232	India
S1-004831	Meridian Chemicals Company	Opp. City Library, Austin, TX, 30/61 Meridian Rd	US
S1-004832	Ravenwood Foods Limited	124 Northgate Road, Sunstone Nagar, Coimbatore, MP, 492319	IN
S1-004833	Ravenwood Foods Limited	83 Kestrel Cross, Onyx Nagar, Coimbatore, 973378	India
S1-004834	Goldleaf Motors Private Limited	193 Apex Marg Silverline Nagar Jaipur	IN
S1-004835	Northgate Sunstone Electricals Limited	338 Clearwater Main, Meridian Nagar, Surat, Rajasthan	IN
S1-004836	Northgate Sunstone Electricals Limited	98 Redwood Street, Stonebridge Nagar, Kochi, MP, 956005	IN
S1-004837	Silverline Packaging Private Limited	16/9 Harbor Marg, Pune	India
S1-004838	Thistle Enterprises Corporation	209 Brightpath Ave, Ironwood Park, Tacoma, 64739	USA
S1-004839	Lantern Packaging Private Limited	2 Orchid Cros, Onyx Nagar, Pune, 964818	India
S1-004840	Lantern Packaging Private Limited	Jaipur, Kerala, 285 Clearwater St	India
S1-004841	Meridian Packaging Incorporated	379 Maplecrest Street, Brightpath Park, Lubbock, CA	USA
S1-004842	Clearwater Consultancy Company	85 Apex Blvd Maplecrest Pakr Akron CA 56996	United States
S1-004843	Clearwater Consultancy Incorporated	223 Falcon Ave, Harbor ark, Fresno, AL, 91709	United States
S1-004844	Sunstone Consultancy Corporation	200 Cobalt Ave, Onyx Park, Peoria	USA
S1-004845	Stonebridge Solutions Limited Liability Company	39/48 Ravenwood Road, Ironwood Park, IL, 40776, Tacoma	US
S1-004846	Stonebridge Solutions Limited Liability Company	Onyx Avenue Cobalt Park Lubbock IL	USA
S1-004847	Vertex Redwood Foods Limited	10 Clearwater Marg, Orchid Nagar, Indore, Gujarat, 598993	India
S1-004848	Ravenwood Systems Limited	25 Silverline Marg, Stonebridge Nagar, Nagpur, 803243	IN
S1-004849	Summit Chemicals Private Limited	118 Brightpath Cross Thistle Nagar Nagpur Tamil Nadu 983944	India
S1-004850	Summit Chemicals Private Limited	15 Kestrel St Brightpath Nagar Nagpur 877348	IN
S1-004851	Clearwater Fabrics Private Limited	Apex Mn, Ironwood Nagar, Nagpur, Maharashtra	IN
S1-004852	Onyx Industries Limited	Juniper Main, Jaipur, 733003	IN
S1-004853	Summit Chemicals Limited	370 Bluepeak Street, Opp. Bus Depot, Ravenwood Nagar, Coimbatore, Rajasthan, 267408	IN
S1-004854	Summit Chemicals Limited	1/42 Redwood Main Brightpath Nagar Coimbatore MP 622891	India
S1-004855	Meridian Packaging Limited	192 Brightpath Main, Orchid Nagar, Nagpur, MP, 879794	IN
S1-004856	Juniper Falcon Foods Incorporated	229 Redwood St, Ravenwood Park, Mobile, IL	US
S1-004857	Brightpath Falcon Textiles Company	328 Stonebridge Drive, Lantern Park, Lubbock, 68409	USA
S1-004858	Brightpath Falcon Textiles Company	30 Goldleaf Ave, Tacoma, IL, 48596	USA
S1-004859	Quarry Industries Incorporated	Onyx Avenue, Brightpath Park, Lubbock, IL, 98868	US
S1-004860	Ravenwood Consultancy Corporation	291 Cobalt Avenue, Ravenwoo dPark, Fresno, WA	US
S1-004861	Ravenwood Consultancy Corporation	27 Sunstone St Behind the Civic Center Redwood Park Fresno CA	US
S1-004862	Goldleaf Enterprises Corporation	274 Silverline St, Apex Park, Fresno, 68301	US
S1-004863	Lantern Kestrel Trading Private Limited	320 Silverline Marg, Juniper Nagar, Nagpur, Rajasthan	India
S1-004864	Onyx Textiles Company	70 Cobalt Road Behind the Civic Center Summit Park Peoria 84477	US
S1-004865	Lantern Apex Services Corporation	159 Quarry Drive, Ironwood Park, Mobile, AL	United States
S1-004866	Apex Fabrics Company	201 Falcon Rd, Cobalt Park, Tacoma, 47368	US
S1-004867	Summit Enterprises Limited	83 Verttex St Juniper Nagar Near Metro Pillar 42 Nagpur Maharashtra	India
S1-004868	Summit Enterprises Limited	34/19 Quarry Rd, Near SB IATM, Surat, 709480	IN
S1-004869	Onyx Electricals Corporation	180 Northgate Drive Clearwater Park Tacoma IL 17196	USA
S1-004870	Northgate Enterprises Private Limited	76 Thistle Road, Brightpath Nagar, Kochi, Kerala, 458174	India
S1-004871	Harbor Solutions Company	294 Meridian Dr Ironwood Park Austin 85591	US
S1-004872	Cobalt Packaging Company	283 Apex Road, Mobile, 93078	US
S1-004873	Maplecrest Enterprises Private Limited	264 Silverline Mn Summit Nagar Kochi	India
S1-004874	Kestrel Foods Limited	143 Bluepeak Cross, Redwood Nagar, Jaipur, Rajasthan	India
S1-004875	Kestrel Foods Limited	Summit Road Harbor Nagar Jaipur Maahrashtra 173689	India
S1-004876	Meridian Industries Limited	85 Quarry Marg, Opp. Bus Depot, Summit Nagar, Indore, 352267	India
S1-004877	Meridian Industries Limited	321 Orchid Marg Harbor Nagar Indore 180430	IN
S1-004878	Harbor Motors Limited	104 Orchid Road, Brightpath Nagar, Ner SBI ATM, Surat, Kerala, 215298	IN
S1-004879	Harbor Motors Limited	335 Silverline Marg, Harbor Nagar, Surat	IN
S1-004880	Summit Vertex Electricals Limited Liability Company	149 Bluepeak Dr, Orchid Park, WA, 97461, Lubbock	USA
S1-004881	Northgate Orchid Services Company	324 Lantern Rd, Lubbock, 25885	US
S1-004882	Sunstone Services Limited	369 Sunstone St Northgate Nagar Kochi Rajasthan	India
S1-004883	Brightpath Consultancy Limited Liability Company	313 Clearwater Road, Harbor Park, Tacoma, OH, 94078	US
S1-004884	Brightpath Consultancy Limited Liability Company	97 Sunstone Boulevard, Near Exit 14, Kestrel Park,  Lubbock, CA	USA
S1-004885	Silverline Systems Private Limited	252 Maplecrest Cross Goldleaf Nagar Pune Maharashtra 41314	IN
S1-004886	Silverline Systems Private Limited	28 Sunstone Marg Vertex Nagar Coimbatore Tamil Nadu 546192	India
S1-004887	Summit Industries Private Limited	202 Silverline Mn, Meridina Nagar, Indore, Kerala, 922714	India
S1-004888	Maplecrest Solutions Limited Liability Company	249 Harbor Drive, Bluepeak Park, Austin, AL, 11179	US
S1-004889	Kestrel Enterprises Corporation	Bluepeak Park, Austin, 17/72 Sunstone Blvd	USA
S1-004890	Redwood Enterprises Limited Liability Company	37/10 Goldleaf Blvd Lantern Park Tacoma CA 81629	USA
S1-004891	Bluepeak Motors Incorporated	19 Thistle Blvd, Behind the Civic Center, Cobalt Park, Tacoma, WA	US
S1-004892	Thistle Vertex Foods Limited	326 Onyx Marg Lantern Nagar Coimbatore 264909	IN
S1-004893	Cobalt Electricals Limited Liability Company	Opp. City Library 36 Orchid Avenue Tacoma CA 70177	United States
S1-004894	Silverline Meridian Consultancy Private Limited	65 Sunstone Mn, Bluepeak Nagar, Near SBI ATM, Nagpur, Tamil Nadu	India
S1-004895	Falcon Foods Incorporated	176 Ironwood St, Orchid Park, Opp. City Library, Fresno	US
S1-004896	Falcon Foods Incorporated	321 Falcon Boulevard, Meridian Park, Fresno	USA
S1-004897	Falcon Chemicals Limited Liability Company	Vertex Street, Behind the Civic Center, Lubbock, TX, 65787	US
S1-004898	Maplecrest Chemicals Limited Liability Company	4/41 Bluepeak Rd, Vertex Park, Tacoma	US
S1-004899	Orchid Packaging Limited	Opp. Bus Depot, 324 Brightpath Street, Indore, Gujarat	IN
S1-004900	Silverline Industries Limited Liability Company	Near Exit 14, 217 Thistle Dr, Maplecrest Park, Peoria, WA, 20356	US
S1-004901	Sunstone Electricals Private Limited	350 Summit Marg, Falcon Nagar, Opp. Bus Depot, Jaipur	India
S1-004902	Sunstone Electricals Private Limited	206 Onyx Mn, Jaipur, Gujarat	India
S1-004903	Thistle Trading Limited	Opp. Bus Depot, 30/14 Maplecrest Marg, Falcon Nagar, Indore, Kerala, 825212	India
S1-004904	Clearwater Enterprises Private Limited	204 Juniper Mn Cobalt Nagar Surat Tamil Nadu 203092	IN
S1-004905	Northgate Bluepeak Trading Incorporated	320 Onyx Road, Lubbock, WA	US
S1-004906	Silverline Textiles Limited	180 Goldlea Street, Vertex Nagar, Kochi	IN
S1-004907	Orchid Systems Limited	169 Kestrel Crs, Indore, Falcon Nagar	IN
S1-004908	Orchid Systems Limited	79 Redwood Marg, Lantern Nagar, Indore, Maharashtra, 173596	India
S1-004909	Falcon Goldleaf Consultancy Incorporated	234 Thistle Blvd Orchid Park Lubbock WA	USA
S1-004910	Meridian Trading Company	22 Goldleaf Road Peoria 87815	USA
S1-004911	Quarry Logistics Private Limited	Redwood Rd, Opp. Bus Depot, Pune, MP, 440568	India
S1-004912	Summit Stonebridge Solutions Private Limited	Cobalt Rd, Opp. Bus Depot, Kochi, 208728	India
S1-004913	Juniper Consultancy Private Limited	222 Harbor Marg, Kestrel Nagar, Coimbatore	IN
S1-004914	Apex Solutions Incorporated	33/42 Silverline Street, Tacoma, 30477	USA
S1-004915	Brightpath Solutions Private Limited	113 Kestrel Mn, Northgate Nagar, Kochi, 979135	India
S1-004916	Apex Chemicals Limited	349 Cobalt Crs, Summit Nagar, Surat	IN
S1-004917	Apex Chemicals Limited	Vertex Nagar, Coimbatore, Rajasthan, 319 Juniper Main	India
S1-004918	Clearwater Packaging Private Limited	19/84 Quarry Street, Indore, Gujarat, 142245	India
S1-004919	Clearwater Packaging Private Limited	30 Ironwood Marg ,Indore	India
S1-004920	Kestrel Quarry Enterprises Incorporated	220 Silverline Dr, Northgate Park, Behind the Civic Center, Mobile, 77668	US
S1-004921	Clearwater Solutions Private Limited	140 Lantern Road, Ironwood Nagar, Kochi, Maharashtra	India
S1-004922	Silverline Chemicals Incorporated	375 Ravenwood Avenue, Stonebridge Park, Peoria, OH, 71939	US
S1-004923	Ironwood Juniper Packaging Private Limited	80 Thistle Marg, Thistle Nagar, Nagpur, 137866	India
S1-004924	Harbor Brightpath Foods Incorporated	80 Goldleaf Ave, Bluepeak Park, Fresno, OH, 38405	US
S1-004925	Harbor Brightpath Foods Incorporated	187 Northgate Drive, Clearwater Park, Fresno, CA, 19474	United States
S1-004926	Cobalt Motors Limited	299 Sunstone Street, Kochi, Kerala	India
S1-004927	Ironwood Enterprises Private Limited	339 Lantern Street, Opp. Bus Depot, Thistle Nagar, Pune	India
S1-004928	Silverline Motors Limited	68 Ravenwood Mn, Kochi, 934643	IN
S1-004929	Silverline Motors Limited	313 Vertex Cross, Kochi, MP, 983522	India
S1-004930	Brightpath Motors Private Limited	27/46 Ironwood Cross, Quarry Nagar, Rajasthan, Nagpur	India
S1-004931	Silverline Electricals Company	60 Falcon Drive, Autsin, 69074	US
S1-004932	Kestrel Logistics Private Limited	320 Goldleaf Marg, Ironwood Nagar, Nagpur, 265063	IN
S1-004933	Redwood Northgate Packaging Private Limited	114 Falcon Street, Bluepeak Nagar, Kochi, 825528	India
S1-004934	Clearwater Sunstone Electricals Incorporated	Cobalt Ave, Fresno, 60432	United States
S1-004935	Kestrel Fabrics Company	Near Eit 14, 7 Redwood Rd, Austin, 63707	United States
S1-004936	Cobalt Summit Motors Corporation	319 Falcon St, Tacoma	US
S1-004937	Vertex Logistics Company	128 Falcon Avenue, Ironwood Park, Austin, WA, 21101	USA
S1-004938	Quarry Harbor Systems Private Limited	82 Bluepeak Cross, Cobalt Nagar, Jaipur, Tamil Nadu	IN
S1-004939	Stonebridge Textiles Limited Liability Company	258 Lantern Boulevard, Kestrel Park, Tacoma, AL, 33683	United States
S1-004940	Lantern Sunstone Industries Private Limited	360 Kestrel Main, Redwood Nagar, Jaipur, 995849	IN
S1-004941	Sunstone Systems Corporation	388 Juniper Sttreet, Near Exit 14, Apex Park, Fresno, OH	US
S1-004942	Onyx Textiles Private Limited	51 Vertex Marg, Summit Nagar, Pune, Gujara,t 845163	India
S1-004943	Lantern Consultancy Private Limited	64 Thistle Mn, Brightpath Nagar, Coimbatore	IN
S1-004944	Lantern Consultancy Private Limited	141 Onyx Street, Coimbatore, Rajasthan, 383779	India
S1-004945	Falcon Solutions Private Limited	269 Meridian Marg, Coimbatore, 461422	India
S1-004946	Northgate Logistics Private Limited	1 SunstoneM n, Sunstone Nagar, Kochi	India
S1-004947	Redwood Systems Company	324 Maplecrest Ave, Onyx Park, Peoria, CA, 92077	United States
S1-004948	Brightpath Motors Company	7/57 Quarry St, Maplecrest Park, AL, 82720, Lubbock	United States
S1-004949	Brightpath Motors Company	168 Cobalt Dr, Mobile	USA
S1-004950	Falcon Electricals Limited Liability Company	227 Onyx St, Tacoma	USA
S1-004951	Summit Packaging Incorporated	286 Bluepeak Road, Lubbock, CA, 28322	United States
S1-004952	Summit Packaging Incorporated	72 Northgate Avenue, Fresno, TX, 15135	US
S1-004953	Juniper Consultancy Limited	345 Quarry Marg, Bluepeak Nagar, Jaipur, Maharashtra, 424010	India
S1-004954	Meridian Bluepeak Packaging Private Limited	13/772 Falcon Marg, Sunstone Nagar, Jaipur, 286097	India
S1-004955	Thistle Brightpath Solutions Private Limited	85 Vertex Mn, Bluepeak Nagar, Indore, Tamil Nadu	IN
S1-004956	Summit Meridian Textiles Incorporated	77 Northgate Ave, Clearwater Park, Peoria, 81620	US
S1-004957	Maplecrest Packaging Incorporated	391 Summit Ave, Meridian Park, Behind the Civic Center, Peoria, WA, 65949	US
S1-004958	Falcon Orchid Trading Private Limited	116 Orchid Road Ravenwood Nagar Pune Maharashtra 608403	India
S1-004959	Falcon Textiles Limited	369 Orchid Crs, Ravenwood Nagar, Jaipur, 734892, Rajasthan	India
S1-004960	Falcon Trading Company	229 Apex Ave, Vertex Park, Fresno, 64726, WA	US
S1-004961	Falcon Trading Company	62 Apex Street, Falcon Park, Fresno, 52914	USA
S1-004962	Redwood Fabrics Incorporated	39/87 Bluepeak Dr, Behind the Civic Center, Goldleaf Park, Lubbock, WA, 26591	United States
S1-004963	Northgate Systems Limited Liability Company	11 Goldleaf St Mobile 70758	United States
S1-004964	Harbor Juniper Logistics Corporation	301 Thistle Blvd, Lantern Park, Fresno	United States
S1-004965	Harbor Juniper Logistics Corporation	1/85 Maplecrest Drive, Redwood Park, Fresno, 30444, AL	United States
S1-004966	Thistle Chemicals Company	331 Northgate St, Clearwater Park, Akron, 86394	USA
S1-004967	Meridian Chemicals Company	Clearwater Drive, Peoria, AL, 71168	United States
S1-004968	Orchid Industries Private Limited	131 Ravenwood Street, Bluepeak Nagar, Indore, Kerala, 178654	IN
S1-004969	Harbor Logistics Limited	189 Orchid Marg Coimbatore Maharashtra 741079	IN
S1-004970	Goldleaf Trading Private Limited	222 Falcon Marg Indore Tamil Nadu	India
S1-004971	Meridian Logistics Private Limited	225 Northgate Marg, Ironwood Nagar, Indore, Gujarat, 172480	IN
S1-004972	Meridian Chemicals Incorporated	14/52 Juniper Rd, Sunstone Park, Opp. City Library, Fresno, 18812	United States
S1-004973	Goldleaf Consultancy Company	248 Meridian Ave Brightpath Park Tacoma 68784	United States
S1-004974	Summit Lantern Solutions Limited Liability Company	239 Bluepeak Blvd, Ravenwood Park, IL, 39350, Mobile	United States
S1-004975	Summit Lantern Solutions Limited Liability Company	9/19 Ironwood Drive Fresno IL 51748	United States
S1-004976	Stonebridge Systems Incorporated	207 Juniper Rd, Ironwood Park, Mobile, WA, 65502	USA
S1-004977	Bluepeak Trading Limited	76 Orchid Cross Brightpath Nagar Jaipur Maharashtra 685421	IN
S1-004978	Thistle Meridian Packaging Private Limited	47 Lantern Rd, Onyx Nagar, Nagpur, Kerala, 122133	IN
S1-004979	Onyx Motors Private Limited	237 Silverlinee Marg, Maplecrest Nagar, Kochi	IN
S1-004980	Falcon Trading Incorporated	Onyx Blvd, Junipr Park, Peoria, AL	United States
S1-004981	Juniper Meridian Logistics Private Limited	238 Orchid Rd, Near Metro Pillar 42, Indore, Kerala	India
S1-004982	Apex Services Incorporated	280 Onyx Blvd, Near Exit 14, Juniper Park, Peoria, WA	United States
S1-004983	Clearwater Apex Systems Company	Opp. City Library, 197 Onyx Blvd, Quarry Park, Akron	USA
S1-004984	Thistle Systems Company	48 Redwood Road, Ironwood Park, Opp. City Library, Peoria, AL, 74597	United States
S1-004985	Onyx Quarry Solutions Limited Liability Company	Orchid Boulevard, Northgatte Park, Akron	USA
S1-004986	Ravenwood Industries Incorporated	352 Silverline Dr, Austin, 28347	United States
S1-004987	Northgate Services Corporation	220 Redwood St, Brightpath Park, Mobile, WA, 97105	United States
S1-004988	Harbor Redwood Logistics Company	276 Falcon Dr Goldleaf Park Fresno WA 75249	United States
S1-004989	Harbor Redwood Logistics Company	51 Silverline Road Fresno OH	United States
S1-004990	Lantern Harbor Services Limited	356 Kestrel Street, Pune, MP, 761860	India
S1-004991	Lantern Systems Private Limited	387 Goldleaf Mn, Kochi, Gujarat, 740718	India
S1-004992	Kestrel Consultancy Company	383 Cobalt Ave, Orchid Park, Mobile, CA, 44153	United States
S1-004993	Summit Sunstone Foods Private Limited	Northgate Nagar, Behind Ganesh Temple, Nagpur, 34 Ironwood Mn	India
S1-004994	Summit Textiles Limited	Near SBI ATM, Jaipur, 253 Ironwood Marg	IN
S1-004995	Cobalt Trading Limited	67 Kestrel Rd, Lantern Nagar, Jaipur, Kerala	IN
S1-004996	Silverline Kestrel Enterprises Incorporated	273 Harbor Road Meridian Park Fresno 24145	USA
S1-004997	Meridian Fabrics Limited	100 Apex Street Kochi 195599	IN
S1-004998	Meridian Fabrics Limited	139 Lantern Main, Stonebridge Nagar, Kochi, Kerala, 520928	IN
S1-004999	Summit Juniper Electricals Private Limited	349 Vertex Mn, Coimbatore, Gujarat	India
S1-005000	Sunstone Industries Incorporated	Silverline Dr, Near Exit 14, Silverline Park, Fresno	US
S1-005001	Maplecrest Industries Company	37 Juniper Rd, Akron, OH, 30293	US
S1-005002	Orchid Harbor Enterprises Private Limited	269 Orhcid Rd, Indore, Rajasthan, 339445	India
S1-005003	Onyx Fabrics Limited Liability Company	205 Goldleaf lvd, Lantern Park, Tacoma, 84593	United States
S1-005004	Orchid Industries Incorporated	Near Exit 14, 251 Juniper Rd, Onyx Park, Akron, WA	United States
S1-005005	Harbor Logistics Private Limited	87 Ravenwood Marg, Vertex Nagar, Kochi, 648222	India
S1-005006	Harbor Fabrics Limited	277 Sunstone Mn, Falcon Nagar, Pune, 662507	IN
S1-005007	Vertex Bluepeak Services Incorporated	250 Summt Ave Akron	USA
S1-005008	Lantern Fabrics Private Limited	Sunstone Nagar, Nagpur, Gujarat, 996487, 380 Northgate St	IN
S1-005009	Kestrel Falcon Services Incorporated	349 Ravenwood Avenue Harbor Park Near Exit 14 Tacoma IL 23626	US
S1-005010	Thistle Ravenwood Foods Corporation	28 Redwood Road, Mobile, 84549	United States
S1-005011	Orchid Industries Private Limited	148 Stonebridge Rd, Coimbatore, Tamil Nadu, Harbor Nagar	India
S1-005012	Juniper Logistics Limited	177 Meridian Road, Falcon Nagar, Near Metro Pillar 42, Surat, Rajasthan, 653814	India
S1-005013	Northgate Electricals Private Limited	143 Silverline Crs Harbor Nagar Behind Ganes hTemple MP 312111 Jaipur	IN
S1-005014	Northgate Electricals Private Limited	373 Ironwood Crs, Summit Nagar, Behind Ganesh Temple, Jaipur, MP	India
S1-005015	Apex Apex Industries Company	103 Cobalt Ave, Ravenwood Park, Akron, 71614	United States
S1-005016	Lantern Packaging Private Limited	92 Redwood Street, Thistle Nagar, Indore, 966950	IN
S1-005017	Harbor Trading Private Limited	89 Quarry Mn, Kestrel Nagar, Jaipur, Maharashtra, 119519	India
S1-005018	Lantern Foods Corporation	365 Kesrel Street, Goldleaf Park, Peoria, 33753	US
S1-005019	Kestrel Motors Limited	347 Stonebridge Rd, Indore, MP	IN
S1-005020	Ironwood Fabrics Limited	209 Thistle Crs, Indore, 622638	India
S1-005021	Maplecrest Industries Incorporated	Vertex Ave, Harbor Park, Lubbock, TX, 38313	US
S1-005022	Goldleaf Textiles Limited Liability Company	318 Ravenwood Avenue, Fresno, WA, 29898	US
S1-005023	Thistle Trading Limited	22 Apex Main Northgate Nagar Nagpur Gujarat	India
S1-005024	Bluepeak Textiles Incorporated	250 Clerwater Ave, Peoria, CA	USA
S1-005025	Lantern Cobalt Packaging Private Limited	290 Kestrel Street Brightpath Nagar Pune 140006	India
S1-005026	Bluepeak Enterprises Corporation	15/9 Maplecrest Avenue, Juniper Park, Peoria, 18045	USA
S1-005027	Bluepeak Enterprises Corporation	128 Juniper Road, Peora, IL, 63965	US
S1-005028	Lantern Services Limited	19/41 Cobalt St, Surat, Maharashtra, 515925	India
S1-005029	Lantern Services Limited	188 Maplecrest Cross, Redowod Nagar, Pune, Gujarat	India
S1-005030	Brightpath Foods Incorporated	248 Silverline Dr, Clearwater Park, Near Exit 14, Austin, OH, 61943	US
S1-005031	Thistle Enterprises Company	Near Exit 14, 14 Stonebridge Street, Fresno	US
S1-005032	Lantern Northgate Foods Incorporated	5 Silverline Street Ironwood Park Fresno	US
S1-005033	Apex Systems Incorporated	2 Kestrel Road, Quarry Park, Lubbock, OH	US
S1-005034	Northgate Fabrics Private Limited	189 Ravenwood Road, Jaipur, 492477	India
S1-005035	Summit Electricals Company	Opp. City Library, Bluepeak Park, Peoria, 60148, 266 Stonebbridge Avenue	United States
S1-005036	Brightpath Systems Corporation	264 Silverline St Fresno	USA
S1-005037	Brightpath Packaging Limited	Kestrel Rd, Apex Nagar, Surat, Rajasthan, 175833	IN
S1-005038	Goldleaf Bluepeak Logistics Incorporated	359 Clearwater St, Cobalt Prk, Mobile	US
S1-005039	Goldleaf Bluepeak Logistics Incorporated	35/10 Ravenwood Blvd, Kestrel Park, Mobile	US
S1-005040	Kestrel Enterprises Private Limited	234 Juniper Street Redwood Nagar Surat MP 609862	India
S1-005041	Falcon Services Private Limited	Kestrel Street, Orchid Nagar, Indore, Gujarat	IN
S1-005042	Orchid Motors Private Limited	33/53 Ironwood Rd, Apex Nagar, Indore, ujarat	IN
S1-005043	Onyx Chemicals Corporation	Opp. City Library, 224 Bluepeak Dr, Akron, 12658	United States
S1-005044	Quarry Trading Incorporated	68 Stonebridge Boulevard Quarry Prak Peoria	United States
S1-005045	Harbor Services Company	32/33 Meridian Drive Fresno 65582	USA
S1-005046	Lantern Motors Private Limited	Behind Ganesh Temple, 327 Falcon Mn, Bluepeak Nagar, Pune, Tamil Nadu	IN
S1-005047	Lantern Motors Private Limited	68 Lantern Rd, Meridian Nagar, Pune, Kerala, 958310	IN
S1-005048	Kestrel Maplecrest Foods Private Limited	223 Meridian Mn, Orchid Nagar, Nagpur, 756436	India
S1-005049	Lantern Trading Private Limited	92 Ironwood Marg, Stonebridge Nagar, Pune	India
S1-005050	Cobalt Solutions Private Limited	Lantern Marg, Clearwater Nagar, Indore, MP, 379914	India
S1-005051	Summit Consultancy Limited Liability Company	137 Lantern Avenue, Akron, OH	US
S1-005052	Northgate Sunstone Enterprises Corporation	206 Brightpath Dr, Ironwood Park, Mobile, WA, 15930	United States
S1-005053	Kestrel Consultancy Corporation	294 Redwood Street, Tacoma, 70034	USA
S1-005054	Harbor Cobalt Foods Limited	Opp. Bus Depot, Ironwood Road, Quarry Nagar, Surat, MP, 719455	IN
S1-005055	Harbor Cobalt Foods Limited	251 Kestrel St, Ironwood Nagar, Surat, 551573	India
S1-005056	Lantern Consultancy Limited Liability Company	137 Meridian Street, Apex Park, Austin, WA, 73378	USA
S1-005057	Summit Foods Incorporated	335 Quarr Blvd Meridian Park Fresno	USA
S1-005058	Meridian Enterprises Corporation	106 Harbor Avenue, Meridian Park, Tacoma, ALL, 30199	US
S1-005059	Summit Enterprises Limited Liability Company	Goldleaf St, Peoria, 97411	US
S1-005060	Thistle Solutions Company	220 Lantern Avenue, Lubbock, Maplecrst Park	United States
S1-005061	Onyx Lantern Chemicals Company	108 Harbor Ave, Apex Park, Austin, TX	USA
S1-005062	Onyx Lantern Chemicals Company	205 Kestrel Ave, Vertex Park, Fresno, TX	US
S1-005063	Meridian Textiles Corporation	17/4 Maplecrest Dr, Opp. City Lirbary, Fresno, IL	USA
S1-005064	Silverline Orchid Industries Incorporated	12 Summit Street, Near Exit 14, Cobalt Park, Fresno, TX, 70931	US
S1-005065	Meridian Fabrics Private Limited	306 Summit Road, Near etro Pillar 42, Brightpath Nagar, Pune, 125405	India
S1-005066	Maplecrest Goldleaf Motors Corporation	48 Harbor Street, Ravenwood Park, Tacoma, OH, 56502	USA
S1-005067	Thistle Industries Incorporated	325 Ravenwood St, Austin, OH, 23663	United States
S1-005068	Thistle Industries Incorporated	238 Sunstone Road Silverline Park Austin IL	USA
S1-005069	Ravenwood Solutions Private Limited	Northgate Main, Jaipur, Kerala	IN
S1-005070	Ironwood Foods Corporation	27 Kestrel Avenue, Harbor Park,  Akron	US
S1-005071	Orchid Services Company	29 Maplecrest Dr, Thistle Park, Mobile	USA
S1-005072	Orchid Services Company	98 Redwood Street, Redwood Park, Mobile, OH, 21065	US
S1-005073	Kestrel Consultancy Corporation	34/11 Cobalt Street, Lubbock, CA	US
S1-005074	Kestrel Consultancy Corporation	362 Falcon Dr Kestrel Park Fresno WA 36759	United States
S1-005075	Harbor Summit Motors Incorporated	371 Verttex Boulevard Quarry Park Opp. City Library Tacoma CA	USA
S1-005076	Sunstone Trading Incorporated	Harbor Dr, FalconPark, Mobile, AL	USA
S1-005077	Quarry Logistics Limited	173 Goldleaf Rd, Opp. Bus Depot, Lantern Nagar, Pune, 530107	India
S1-005078	Cobalt Logistics Private Limited	119 Cobalt Marg, Northgate Nagar, Pune, Maharashtra, 695792	IN
S1-005079	Juniper Logistics Limited Liability Company	139 Sunstone Ave, Redwood Park, Mobile	USA
S1-005080	Northgate Consultancy Private Limited	57 Northgate St, Thistle  Nagar, Kochi, 602001	IN
S1-005081	Maplecrest Foods Private Limited	Near SBI ATM, Meridian Marg, Indore, Gujarat, 480726	India
S1-005082	Summit Services Private Limited	191 Redwood Road, Stonebridge Nagar, Pune, MP	India
S1-005083	Redwood Summit Enterprises Private Limited	285 Goldleaf Rd, Kestrel Nagar, Near SBI ATM, Indore, 124223	India
S1-005084	Redwood Summit Enterprises Private Limited	103 Vertex Road, Behind Ganesh Temple, Pune, 489318	IN
S1-005085	Clearwater Motors Corporation	18 Onyx Blvd, Ravenwood Park, Tacoma, 73599, CA	US
S1-005086	Goldleaf Lantern Textiles Limited	258 Goldleaf Mn, Meridian Nagar, Opp. Bus Depot, Kochi, Kerala, 975563	IN
S1-005087	Kestrel Juniper Systems Private Limited	26 Falcon St, Sumit Nagar, Indore, 920941	India
S1-005088	Sunstone Orchid Consultancy Private Limited	237 Orchid Road Harbor Nagar Kochi Kerala	IN
S1-005089	Harbor Motors Company	273 Onyx Ave, Opp. City Library, Tacoma, IL, 41481	United States
S1-005090	Harbor Motors Company	383 Orchid Drive, Falcon Park, Peoria, 95747	US
S1-005091	Falcon Electricals Private Limited	193 Lantern Road, Thistle Nagar, Nagpur, Maharashtra	IN
S1-005092	Sunstone Electricals Corporation	34/86 Summit Avenue, Clearwater Park, Austin, 25321	USA
S1-005093	Ironwood Motors Company	79 Apex Ave, Austin, 83782	United States
S1-005094	Ironwood Motors Company	237 Lantern Avenue, Austin, WA, 48549	US
S1-005095	Apex Chemicals Corporation	142 Summit St, Goldleaf Park, Mobile, 80544	USA
S1-005096	Apex Packaging Company	387 Clearwater Boulevard, Juniper Park, Tacoma, OH, 26845	United States
S1-005097	Maplecrest Textiles Private Limited	Bluepeak arg, Pune	IN
S1-005098	Maplecrest Textiles Private Limited	306 Lantern Rd, Vertex Nagar, Jaipur, 303996	IN
S1-005099	Goldleaf Enterprises Incorporated	Orchid Boulevard, Tacoma, WA	USA
S1-005100	Cobalt Electricals Limited Liability Company	32 Quarry St Bluepeak Park Austin 34260	United States
S1-005101	Cobalt Electricals Limited Liability Company	111 Stonebridge Rd Onyx Park Lubbock IL 63809	US
S1-005102	Stonebridge Consultancy Incorporated	Behind the Civic Center 8 Kestrel Road Peoria 15769	USA
S1-005103	Bluepeak Lantern Foods Private Limited	171 Stonebridge Rd, Onyx Nagar, Surat	India
S1-005104	Bluepeak Lantern Foods Private Limited	77 Falcon Mn, Summit Nagar, Maharashtra, 577029, Napgur	IN
S1-005105	Juniper Trading Incorporated	105 Sunstone Drive, Juniper Park, Mobile, AL, 32186	US
S1-005106	Juniper Logistics Private Limited	25/21 Goldleaf Main Surat 395936	India
S1-005107	Northgate Apex Electricals Limited Liability Company	49 Brightpath Rd Fresno OH	US
S1-005108	Harbor Sunstone Consultancy Limited	373 Summit Rd, Falcon Nagar, Indore, 177065	IN
S1-005109	Harbor Sunstone Consultancy Limited	193 Northgate Rd, Bluepeak Nagar, Indore, Kerala, 689406	India
S1-005110	Stonebridge Lantern Packaging Private Limited	198 Quarry Cross Bluepeak Nagar Surat Kerala	India
S1-005111	Clearwater Chemicals Limited	55 Sunstone Crs, Bluepeak Nagar, Coimbatore, 2644882	IN
S1-005112	Thistle Trading Corporation	Clearwater Drive Tacoma	United States
S1-005113	Thistle Industries Private Limited	196 Northgate Street, Bluepeak Nagar,Surat	IN
S1-005114	Thistle Industries Private Limited	295 Onyx Rd, Surat, Kerala	IN
S1-005115	Bluepeak Cobalt Motors Limited	21/40 Cobalt Marg, Bluepeak Nagar, Kochi, Rajasthan, 699673	India
S1-005116	Ravenwood Solutions Limited	295 Brightpath Mn, Kestrel Nagar, Kochi, MP	India
S1-005117	Onyx Chemicals Private Limited	344 Stonebridge Rd, Thistle Nagar, Coimbatore, MP	India
S1-005118	Bluepeak Stonebridge Fabrics Corporation	Near Exit 14, 277 Summit Rd, Meridian Park, Peoria, 81666	US
S1-005119	Redwood Systems Private Limited	326 Redwood Cross, Falcon Nagar, Kochi	India
S1-005120	Thistle Consultancy Corporation	34 Ironwood Ave Summit Park Akron TX	United States
S1-005121	Vertex Fabrics Private Limited	136 Bluepeak Cross Clearwater Nagar Rajasthan 346172 Surat	IN
S1-005122	Juniper Solutions Corporation	33/71 Onyx Boulevard, Lubbock, 17654	USA
S1-005123	Onyx Consultancy Limited Liability Company	4/8 Stonebridge Avenue, Vertex Park, Akron, OH, 12579	United States
S1-005124	Juniper Electricals Incorporated	213 Stonebridge Ave, Orchid Park, Lubbock	USA
S1-005125	Falcon Solutions Private Limited	365 Ravenwood Rd, Bluepeak Nagar, Indore, MP, 652799	IN
S1-005126	Ravenwood Logistics Private Limited	31/74 Meridian Main, Opp. Bus Depot, Goldleaf Nagar, Nagpur, Tamil Nadu, 322392	India
S1-005127	Quarry Solutions Private Limited	Near Metro Pillar 42 Clearwater Street Orchid Nagar Pune MP 160820	India
S1-005128	Ironwood Logistics Corporation	192 Silverline St, Akron, TX, 90497	USA
S1-005129	Ironwood Logistics Corporation	17 Brightpath Blvd, Kestrel Park, Opp. City Library, Akron	USA
S1-005130	Summit Systems Corporation	Clearwater Street Sunstone Park Peoria AL	US
S1-005131	Vertex Goldleaf Chemicals Limited Liability Company	313 Cobalt Avenue, Silverline Park, Mobile, 53442	US
S1-005132	Thistle Motors Private Limited	164 Orchid Marg, Kestrel Nagar, Nagpur, 958863	IN
S1-005133	Kestrel Electricals Private Limited	44 Redwood Cross, Harbor Ngar, Pune, Rajasthan	India
S1-005134	Meridian Consultancy Private Limited	92 Vertex Rd, Jaipur, 839562	India
S1-005135	Lantern Trading Incorporated	96 Ravenwood Avenue, Vertex Park, Akron, OH, 51764	US
S1-005136	Goldleaf Enterprises Corporation	104 Kestrel Drive Fresno 11736	US
S1-005137	Silverline Northgate Chemicals Limited	32 Bluepeak Cross, Summit Nagar, Pune, Tamil Nadu, 354440	IN
S1-005138	Sunstone Summit Trading Limited	37/22 Redwood Cross, Coimbatore, Rajasthan	India
S1-005139	Thistle Systems Private Limited	Kestrel Marg, Stonebridge Nagar, Kochi, Kerala, 838462	India
S1-005140	Kestrel Ravenwood Enterprises Private Limited	358 Stonebridge Cross, Bluepeak Nagar, Jaipur	India
S1-005141	Goldleaf Maplecrest Consultancy Private Limited	200 Onyx Road Surat Kerala 89848	IN
S1-005142	Ravenwood Services Limited Liability Company	Maplecrest Blvd, Lubbock, IL, 43045	United States
S1-005143	Northgate Consultancy Private Limited	169 Apex Main, Brightpath Nagar, Nagpur, Gujarat	IN
S1-005144	Apex Motors Limited	235 Quarry Mn, Cobalt Nagar, Coimbatore, Gujarat, 336965	India
S1-005145	Orchid Services Limited	136 Redwood St, Juniper Nagar, Surat, 672852	IN
S1-005146	Orchid Services Limited	120 Brightpath Cross, Northgate Nagar, Jaipur, Tamil Nadu	IN
S1-005147	Vertex Packaging Limited Liability Company	327 Brightpath Blvd Bluepeak Park Akron IL 81626	US
S1-005148	Vertex Packaging Limited Liability Company	264 Lantern Street, Opp. City Library, Austin, 91790	United States
S1-005149	Cobalt Fabrics Limited Liability Company	242 Vertex Dr Lantern Park Lubbock 83302	United States
S1-005150	Ravenwood Textiles Private Limited	Brightpath Main, nOyx Nagar, Pune	India
S1-005151	Clearwater Packaging Private Limited	266 Juniper Road, Pune, 381250	IN
S1-005152	Harbor Summit Solutions Limited	174 Brightpath St, Silverline Nagar, Surat, 970880	India
S1-005153	Clearwater Kestrel Packaging Incorporated	276 Thistle Ave, Opp. City Library, Orchid Park, Fresno, IL, 24558	United States
S1-005154	Clearwater Systems Incorporated	Onyx Avenuee, Ironwood Park, Fresno	US
S1-005155	Meridian Packaging Incorporated	Ironwood Dr, Lubbock, 98230	US
S1-005156	Clearwater Maplecrest Electricals Private Limited	Orchid Main, Ravenwood Nagar, Jaipur, 910110	IN
S1-005157	Goldleaf Enterprises Limited	387 Orchid Main Thistle Nagar Jaipur	India
S1-005158	Meridian Electricals Company	378 Apex Avenue Brightpath Park Fresno 73474	USA
S1-005159	Orchid Services Company	Opp. City Library 212 Brightpath Street Falcon Park Tacoma 72623	US
S1-005160	Goldleaf Systems Limited	244 Redwood Rd, Maplecrest Nagar, Jaipur, 933105	IN
S1-005161	Falcon Apex Foods Company	113Ravenwood Street, Goldleaf Park, Akron, CA	US
S1-005162	Falcon Logistics Limited	326 Goldleaf St, Coimbatore	India
S1-005163	Cobalt Kestrel Foods Corporation	219 Vertex Blvd, Behid the Civic Center, Lubbock, IL	USA
S1-005164	Cobalt Kestrel Foods Corporation	309 Northgate Avenue, Summit Park, Lubbock	United States
S1-005165	Summit Foods Private Limited	Orchid St Cobalt Nagar Indore Gujarat	India
S1-005166	Silverline Clearwater Systems Private Limited	338 Stonebridge Crs, Stonebridge Nagar, Tamil Nadu, 485333, Nagpur	IN
S1-005167	Sunstone Systems Corporation	354 Ironwood St Redwood Park AL Tacoma	United States
S1-005168	Sunstone Systems Corporation	268 Juniper Blvd, Orchid Park, Lubbock	US
S1-005169	Bluepeak Packaging Incorporated	Goldleaf Dr Goldleaf Park Akron CA	USA
S1-005170	Apex Silverline Services Corporation	280 Bluepeak Avenue, Quarry Park, Tacoma, TX, 31373	United States
S1-005171	Apex Silverline Services Corporation	35 Silverline Road Clearwater Park Tacoma IL	US
S1-005172	Clearwater Chemicals Private Limited	Quarry St, Goldleaf Nagar, Kochi, Maharashrta, 949285	IN
S1-005173	Ravenwood Trading Corporation	223 Orchid Ave, Harbor Park, Mobile, OH, 37256	US
S1-005174	Harbor Solutions Incorporated	372 Apex Drive, Quarry Park, Austin, WA, 54524	United States
S1-005175	Onyx Electricals Limited Liability Company	385 Orchid Rd Fresno OH 3654	US
S1-005176	Brightpath Services Incorporated	Sunstone St Brightpath Park Fresno AL 87227	USA
S1-005177	Goldleaf Chemicals Incorporated	344 Cobalt Street, Akron, OH	USA
S1-005178	Goldleaf Chemicals Incorporated	Opp. City Library 270 Lantern Street Akron	United States
S1-005179	Maplecrest Chemicals Incorporated	144 Harbor Dr, Taacoma, 69395	United States
S1-005180	Lantern Onyx Motors Company	22/61 Goldleaf Rd, Tacoma, CA	United States
S1-005181	Lantern Onyx Motors Company	46 Stonebridge Ave, Behind the Civic Center, Tacoma, 62164	United States
S1-005182	Maplecrest Logistics Corporation	29 8Clearwater Road, Onyx Park, Mobile, 18636	US
S1-005183	Bluepeak Trading Limited Liability Company	Behind the Civic Center, 113 Summit Drive, Silverline Park, Austin, WA	USA
S1-005184	Quarry Electricals Company	7/61 Orchid Road, Behind the Civic Center, Peoria, 98945	US
S1-005185	Maplecrest Ironwood Consultancy Private Limited	136 Brightpath Road, Jaipur, Rajasthan, 712414	India
S1-005186	Maplecrest Motors Company	263 Silverline Dr Summit Park Akron TX 67514	United States
S1-005187	Vertex Foods Company	363 Maplecrest Ave, Lantern Park, Mobile, CA, 92399	USA
S1-005188	Clearwater Enterprises Incorporated	Quarry Street Juniper Park Peoria 66412	US
S1-005189	Clearwater Enterprises Incorporated	340 Harbor St, Mobile, CA, 69963	USA
S1-005190	Lantern Textiles Limited	306 Stonebridge Road, Thistle Nagar, Coimbatore, MP, 115147	India
S1-005191	Thistle Electricals Incorporated	Behind the Civic Center, 10 Northgate Boulevard, Apex Park, Austin	USA
S1-005192	Thistle Electricals Incorporated	32/32 Ironwood Road, Near Exit 14, Austin, TX	US
S1-005193	Maplecrest Goldleaf Services Limited Liability Company	301 Maplecrest Street, Near Exit 14, Lantern Park, Peoria, TX	USA
S1-005194	Maplecrest Goldleaf Services Limited Liability Company	47 Silverline Dr, Harbor Park, Peoria, CA, 31243	US
S1-005195	Redwood Electricals Limited	160 Goldleaf Marg, Cobalt Nagar, Coimbatore, 237985	IN
S1-005196	Kestrel Foods Limited	340 Redwood St, Juniper Nagar, Indore, 504365	IN
S1-005197	Orchid Consultancy Limited Liability Company	Kestrel Road, Juniper Park, Near Exit 14, Lubbock, 45997	USA
S1-005198	Thistle Bluepeak Trading Private Limited	98 Apex Cross, Clearwater Nagar, Coimbatore, Maharashttra, 680755	India
S1-005199	Clearwater Motors Corporation	235 Redwood Rd, Thistle Park, Austin	USA
S1-005200	Clearwater Apex Solutions Private Limited	86 Orchid Main, Meridian Nagar, Kochi	IN
S1-005201	Quarry Lantern Consultancy Limited	Near Metro Pillar 42, 56 Maplecrest Street, Nagpur, 959034	IN
S1-005202	Falcon Packaging Company	308 Cobalt Ave, Mobile, OH	US
S1-005203	Harbor Foods Incorporated	234 Onyx St, Vertex Park, Austin, 827117	United States
S1-005204	Northgate Packaging Private Limited	70 Maplecrest Cross, Kestrel Nagar, Jaipur, 777199, Kerala	India
S1-005205	Goldleaf Logistics Limited Liability Company	149 Falcon Boulevard, Summit Park, Fresno, AL, 59107	USA
S1-005206	Meridian Quarry Foods Limited	179 Goldleaf Rd, Kestrel Nagar, Surat, Gujarat, 528756	IN
S1-005207	Meridian Quarry Foods Limited	Facon Cross, Cobalt Nagar, Surat	India
S1-005208	Apex Vertex Solutions Limited	310 Onyx Crs, Goldleaf Nagar, Nagpur, MP	India
S1-005209	Meridian Systems Corporation	348 Northgate Avenue, Goldleaf Park, Peoria, 38222	United States
S1-005210	Meridian Trading Limited Liability Company	Behind the Civic Center, 30 Summit Avenue, Thistle Park, Fresno, CA	USA
S1-005211	Silverline Brightpath Trading Limited Liability Company	397 Onyx St, Silverline Park, Akron, CA, 63701	United States
S1-005212	Stonebridge Logistics Private Limited	364 Kestrel Cross, Cobalt Nagar, Pune, MP, 919334	India
S1-005213	Brightpath Bluepeak Motors Limited	Thistle Cross, Thistle Nagar, Coimbatore, Kerala, 380272	India
S1-005214	Onyx Foods Limited	231 Silverline Main Meridian Nagar Indore 600978	India
S1-005215	Summit Northgate Systems Corporation	123 Northgate Drive, Redwood Park, Tacoma, 23921	United States
S1-005216	Apex Foods Limited Liability Company	264 Lantern Blvd Peoria AL	United States
S1-005217	Thistle Electricals Private Limited	144 Lantern Rd, Apex Nagar, Coimbatore, Kerala, 636647	India
S1-005218	Thistle Electricals Private Limited	Ironwood Rd, Coimbatore, Rajasthan	IN
S1-005219	Vertex Ravenwood Services Private Limited	24/20 Maplecrest Road Onyx Nagar Pune Rajasthan	IN
S1-005220	Vertex Ravenwood Services Private Limited	Falcon Main, Pune, Harbor Nagar	India
S1-005221	Maplecrest Brightpath Consultancy Limited Liability Company	211 Vertex Drive Austtin IL 94734	United States
S1-005222	Bluepeak Kestrel Chemicals Private Limited	56 Apex Crs, Vertex Nagar, Jaipur, Gujarat	IN
S1-005223	Bluepeak Kestrel Chemicals Private Limited	195 Onyx Main, Northgate Nagar, Surat, 534704	India
S1-005224	Apex Electricals Limited Liability Company	353 Orchid Dr, Behind the Civic Center, Clearwater Park, Fresno, 48305	USA
S1-005225	Summit Motors Limited	207 Bluepeak Crs, Maplecrest Nagar, Nagpur	IN
S1-005226	Ravenwood Fabrics Company	52 Bluepeak Ave, Ironwood Park, Lubbock, CA, 11933	United States
S1-005227	Northgate Trading Incorporated	Behind the Civic Center, 67 Lantern Drive, Austin, Thistle Park	USA
S1-005228	Orchid Brightpath Enterprises Limited Liability Company	365 Lantern Drive, Lubbock, 45108	USA
S1-005229	Orchid Electricals Company	26/25 Vertex Aenue Juniper Park Austin AL 89407	United States
S1-005230	Sunstone Packaging Private Limited	233 Quarry Marg Gujarat Nagpur	India
S1-005231	Sunstone Packaging Private Limited	Maplecrest Crs, Goldleaf Nagar, Coimbatore, MP, 459327	India
S1-005232	Redwood Onyx Enterprises Incorporated	280 Goldleaf St, Stonebridge Park, Lubbock, 87354	USA
S1-005233	Silverline Consultancy Limited Liability Company	337 Goldleaf Ave Clearwater Park Mobile WA 78680	US
S1-005234	Redwood Trading Private Limited	156 Bluepeak Main, Maplecrest Nagar, Surat, 572445	IN
S1-005235	Cobalt Industries Private Limited	Quarry Main,  Kochi, 238663	IN
S1-005236	Orchid Consultancy Limited	384 Silverline Marg, Pune, 532586	IN
S1-005237	Ravenwood Lantern Trading Company	347 Redwood Buolevard, Redwood Park, Mobile, 64478	US
S1-005238	Summit Consultancy Limited	Clearwater Rd, Jaipur, Gujarat, 127153	India
S1-005239	Quarry Consultancy Incorporated	Behind the Civic Center, Lantern Road, Kestrel Park, Akron, 13259	United States
S1-005240	Ravenwood Textiles Corporation	24/50 Onyx Avenue, Orchid Park, Lubbock, AL, 34660	United States
S1-005241	Meridian Logistics Company	Summit Ave, Orchid Park, Peoria, OH	United States
S1-005242	Thistle Electricals Corporation	262 Brightpath Drive, Brightpath Park, Akron, TX	United States
S1-005243	Cobalt Thistle Systems Corporation	198 Apex Avenue, Behind the Civic Center,  Quarry Park, Akron, OH, 91039	US
S1-005244	Cobalt Thistle Systems Corporation	79 Harbor Street Austin WA 84994	United States
S1-005245	Falcon Logistics Limited Liability Company	355 Juniper Ave Orchid Park Akron CA 13373	United States
S1-005246	Goldleaf Trading Company	Opp. City Library, 153 Orchid Street, Goldleaf Park, Mobile	US
S1-005247	Lantern Systems Corporation	170 Ravenwood St, Behind the Civic Center, Ironwood Park, Mobile, 27906	US
S1-005248	Lantern Systems Corporation	388 Orchid Drive Clearwater Park Mobile TX 54435	United States
S1-005249	Brightpath Maplecrest Fabrics Private Limited	153 Goldleaf Main, Falcon Nagar, Behind Ganesh Temple, Indore, MP, 635920	IN
S1-005250	Redwood Solutions Incorporated	Behind the Civic Center, 237 Ravenwood Road, IL, Tacoma	United States
S1-005251	Redwood Solutions Incorporated	274 Clearwater Blvd, Lantern Park, Tacoma, 38666	USA
S1-005252	Harbor Industries Limited	57 Harbor Mn, Vertex Nagar, Surat, Rajasthan	India
S1-005253	Harbor Industries Limited	110 Falcon Crs, Orchid Nagar, Jaipur, Maharashtra, 807885	IN
S1-005254	Apex Packaging Incorporated	14 Brightpath Dr, Meridian Park, Austin, AL, 95384	US
S1-005255	Stonebridge Bluepeak Foods Private Limited	86 Northgate Main, lCearwater Nagar, Surat, Tamil Nadu, 745968	IN
S1-005256	Stonebridge Bluepeak Foods Private Limited	57 Ravenwood Marg, Maplecrest Nagar, Indore	India
S1-005257	Apex Enterprises Private Limited	Near Metro Pillar 42, 228 Thistle Mn, Kochi	IN
S1-005258	Juniper Silverline Industries Private Limited	24/20 Bluepeak Street, Brightpath Nagar, Indore, Kerala, 698262	India
S1-005259	Silverline Trading Private Limited	Near Metro Pillar 42, 39/84 Clearwater Street, Falcon Nagar, Kochi, MP, 828834	India
S1-005260	Juniper Solutions Incorporated	76 Sunstone Avenue, Harbor Park, Peoria, TX, 44415	United States
S1-005261	Clearwater Industries Limited	41 Onyx Rd, Ironwood Nagar, Nagpur, 476513	IN
S1-005262	Ironwood Textiles Private Limited	227 Meridian Marg, Kochi, MP	IN
S1-005263	Northgate Cobalt Services Limited Liability Company	Near Exit 14, 20/18 Silverline Boulevard, Kestrel Park, Austin, IL, 18432	USA
S1-005264	Bluepeak Ironwood Services Private Limited	233 Stonebridge Rd, Near Metro Pillar 42, Juniper Nagar, Nagpur, Maharashtra, 233682	India
S1-005265	Bluepeak Ironwood Services Private Limited	Northgate Cross, Silverline Nagar, Near SBI ATM, Kochi, Tamil Nadu, 793751	IN
S1-005266	Ravenwood Chemicals Private Limited	93 Brightpath Mn, Northgate Nagar, Pune	India
S1-005267	Stonebridge Consultancy Limited Liability Company	59 Bluepeak Ave, Lubbock, CA	USA
S1-005268	Stonebridge Consultancy Limited Liability Company	Redwood Drive, Onyx Park, Behind the Civic Center, Tacoma, WA, 43381	United States
S1-005269	Lantern Fabrics Private Limited	26 Cobalt Mn, Jaipur, 725553	IN
S1-005270	Ravenwood Textiles Private Limited	108 Ravenwood Marg, Nagpur, Kerala, 819358, Bluepeak Nagar	IN
S1-005271	Onyx Kestrel Industries Incorporated	157 Silverline Dr, Onyx Park, Tacoma, AL, 10555	USA
S1-005272	Onyx Kestrel Industries Incorporated	Near Exit 14 366 Onyx St Vertex Park Fresno CA 20602	US
S1-005273	Onyx Lantern Fabrics Limited Liability Company	206 Brightpath Rd, Brightpath Park, Austin, OH	United States
S1-005274	Onyx Lantern Fabrics Limited Liability Company	15/64 Ravenwood Dr, Behind th eCivic Center, Austin, CA, 59689	United States
S1-005275	Cobalt Onyx Solutions Incorporated	4/12 Harbor Ave, Quarry Park, Lubbock, OH	USA
S1-005276	Cobalt Onyx Solutions Incorporated	73 Falcon Rd, Lubbock, TX, 32190	United States
S1-005277	Bluepeak Systems Private Limited	Opp. Bus Depot, 183 Stonebridge Marg, Cobalt Nagar, Jaipur, Tamil Nadu	IN
S1-005278	Brightpath Logistics Limited Liability Company	132 Apex Ave Kestrel Park Mobile AL 22996	United States
S1-005279	Brightpath Logistics Limited Liability Company	81 Maplecrest Avenue, Lubbock, 91408	United States
S1-005280	Meridian Foods Limited Liability Company	Near Exit 14 33 Falcon Rd Tacoma 90962	US
S1-005281	Stonebridge Motors Company	5/12 Ravenwood Drive, Akron, WA, 95472	US
S1-005282	Stonebridge Motors Company	Ironwood St, Bluepeak Park, Tacoma, IL	USA
S1-005283	Juniper Goldleaf Solutions Private Limited	Behind Ganesh Temple, Meridian Nagar, Surat, Tamil Nadu, 914324, 200 Onyx Main	IN
S1-005284	Goldleaf Logistics Incorporated	11 Quarry Street, Summit Park, Akron	United States
S1-005285	Cobalt Motors Company	343 Maplecrest Drive, Onyx Park, Fresno, 97487	USA
S1-005286	Goldleaf Solutions Limited	186 Kestrel Main, Maplecrest Nagar, Kochi, Maharashtra, 217501	IN
S1-005287	Ironwood Northgate Services Limited	356 Goldleaf Rd, Quarry Nagar, Pune	IN
S1-005288	Silverline Solutions Company	253 Clearwater Blvd, Redwood Park, Akron, OH, 62870	United States
S1-005289	Silverline Solutions Company	26/64 Ravenwood Rd, Maplecrest Park, Akron, CA, 33075	USA
S1-005290	Harbor Industries Company	318 Bluepeak Dr, Maplecrest Park, Mobile, 49905	USA
S1-005291	Orchid Industries Corporation	Summit Rd, Sumit Park, Akron	United States
S1-005292	Lantern Fabrics Limited Liability Company	290 Ravenwood Ave, Near Exit 14, Mobile, AL	US
S1-005293	Stonebridge Bluepeak Fabrics Private Limited	8/67 Vertex Marg, Stonebridge Nagar, Kochi, Maharashtra, 754234	India
S1-005294	Apex Trading Limited Liability Company	129 Maplecrest Street, Apex Park, Peoria, TX, 57142	USA
S1-005295	Apex Trading Limited Liability Company	77 Onyx Blvd, Silverline Park, Akron, IL, 77599	United States
S1-005296	Harbor Systems Company	292 Brightpath Drive, Stonebridge Park, Tacoma, 32048	United States
S1-005297	Lantern Trading Corporation	72 Redwood Ave, Peoria, 78607	US
S1-005298	Kestrel Thistle Trading Company	165 Cobalt Road, Austin, IL, 32876	USA
S1-005299	Kestrel Thistle Trading Company	Bluepeak Park, Austin, 74657, Goldleaf Avenue	US
S1-005300	Ravenwood Maplecrest Trading Limited Liability Company	118 Onyx Rd Near Exit 14 Silverline Park Fresno 81707	US
S1-005301	Ravenwood Redwood Industries Private Limited	220 Quarry Crs, Lantern Nagar, Jaipur, MP	India
S1-005302	Ravenwood Redwood Industries Private Limited	16 Cobalt Crs, Indore, MP	IN
S1-005303	Silverline Harbor Fabrics Incorporated	216 Lantern Street, KestrelPark, Akron, 36829	United States
S1-005304	Goldleaf Solutions Limited	121 Onyx Main, Apex Nagar, Pune, Gujarat, 694406	IN
S1-005305	Ironwood Trading Limited	232 Sunstone St, Northgate Nagar, Pune, 809928	IN
S1-005306	Ironwood Trading Limited	77 Juniper Main, Harbor Nagar, Pune, Tamil Nadu	India
S1-005307	Clearwater Ironwood Systems Company	250 Goldleaf Ave, Bluepeak Park, Lubbock, 12354	US
S1-005308	Clearwater Ironwood Systems Company	170 Clearwater Drive, Fresno, IL	USA
S1-005309	Silverline Electricals Limited	154 Sunstone Rd, Nagpur, Kerala, 821106	India
S1-005310	Sunstone Industries Limited Liability Company	121 Brightpath Rd, Near Exit 14, Fresno, IL, 29228, Onyx Park	US
S1-005311	Bluepeak Trading Company	130 Onyx Ave, Summit Park, Mobil, 61974	USA
S1-005312	Bluepeak Trading Company	137 Onyx Drive, Meridian Park, Mobile, OH, 68641	US
S1-005313	Bluepeak Trading Limited Liability Company	Opp. City Library, 11 Clearwater Avenue, Akron, OH, 32566	USA
S1-005314	Redwood Packaging Private Limited	69 Juniper Cross, Sunstone Nagar, Indore, Rajasthan, 595077	IN
S1-005315	Vertex Logistics Limited	Harbor Crs Harbor Nagar Behind Ganesh Temple Nagpur MP	IN
S1-005316	Redwood Chemicals Incorporated	264 Ironwood St, Behind the Civic Center, Ironwood Park, Mobile	USA
S1-005317	Brightpath Chemicals Private Limited	Opp. Bus Depot, 90 Redwood St, Brightpath Nagar, Coimbatore, 957793, Gujarat	India
S1-005318	Brightpath Solutions Private Limited	31/3 Silverline Marg, Opp. Bus Depot, Ravenwood Nagar, Coimbatore, Tamil Nadu	IN
S1-005319	Ravenwood Fabrics Private Limited	8/56 Brightpath Marg, Behind Ganesh Temple, Nagpur, Kerala	IN
S1-005320	Ravenwood Fabrics Limited Liability Company	39 Ironwood Avenue Peoria TX 57938	United States
S1-005321	Ravenwood Fabrics Limited Liability Company	382 Bluepeak Ave, Harbor Park, Peoria, 45702	United States
S1-005322	Vertex Electricals Incorporated	Ironwood St eKstrel Park Fresno 24587	USA
S1-005323	Bluepeak Industries Private Limited	322 Clearwater Cross, Brightpath Nagar, Jaipur, 761177	India
S1-005324	Bluepeak Industries Private Limited	136 Falcon Marg, Meridian Nagar, Surat, Kerala, 482738	IN
S1-005325	Ravenwood Enterprises Company	158 Clearwater Boulevard Harbor Park Austin 22329	United States
S1-005326	Juniper Electricals Limited	200 Harbor Marg, Orchid Nagar, Coimbatore, Gujarat, 451073	IN
S1-005327	Stonebridge Ravenwood Solutions Limited Liability Company	367 Ironwood Ave, Clearwater Park, Tacoma, 46514	USA
S1-005328	Cobalt Fabrics Incorporated	79 QuarryAve, Juniper Park, Peoria, 98769	United States
S1-005329	Cobalt Fabrics Incorporated	Orchid Park, Austin, 39/42 Falcon Ave	US
S1-005330	Northgate Chemicals Corporation	1 Goldleaf Boulevard, Thistle Park, Austin, WA, 69758	US
S1-005331	Brightpath Silverline Chemicals Limited	27 Falcon Main, Orchid Nagar, une, Kerala	India
S1-005332	Brightpath Silverline Chemicals Limited	351 Goldleaf St Opp. Bus Depot Jaipur MP	IN
S1-005333	Goldleaf Foods Limited Liability Company	385 Orchid Boulevard, Ravenwood Park, Peoria, 85180	US
S1-005334	Goldleaf Foods Limited Liability Company	Falcon Ave Bluepeak Park Austin 98604	United States
S1-005335	Falcon Ravenwood Solutions Private Limited	184 Goldlea Marg, Near Metro Pillar 42, Redwood Nagar, Tamil Nadu, 689167, Indore	India
S1-005336	Thistle Systems Private Limited	146 Summit Marg, Brightpath Nagar, MP, Indore	India
S1-005337	Sunstone Juniper Textiles Company	319 Kestrel St Quarry Park Lubbock IL 96335	United States
S1-005338	Clearwater Motors Limited Liability Company	300 Ironwood Avenue, Juniper Park, Peoria, TX	USA
S1-005339	Orchid Quarry Fabrics Private Limited	197 Northgate St Lantern Nagar Pune MP 417148	India
S1-005340	Redwood Systems Limited	Behind Ganesh Temple, 269 Summit Marg, Onyx Nagar, Indore	India
S1-005341	Meridian Textiles Incorporated	Falcon Blvd Clearwater Park Austin 30312	USA
S1-005342	Meridian Textiles Incorporated	298 Juniper Street, Clearwater Park, Austin, CA, 22181	US
S1-005343	Harbor Consultancy Company	Opp. City Library, Austin, CA, 95282, 74 Goldleaf St	United States
S1-005344	Harbor Consultancy Company	362 Brightpath St Ravenwood Park Mobile OH 78024	USA
S1-005345	Maplecrest Fabrics Limited Liability Company	57 Ironwood St, Fresno, 14602	US
S1-005346	Quarry Textiles Corporation	160 Silverline Road Behind the Civic Center Brightpath Park Fresno 28407	United States
S1-005347	Vertex Lantern Motors Limited	231 Northgate Mn, Clearwater Nagar, Kochi, 337359	IN
S1-005348	Orchid Services Private Limited	349 Apex St Onyx Nagar MP 683454 Coimbatore	India
S1-005349	Bluepeak Logistics Private Limited	Behind Ganesh Temple, 38 Celarwater Street, Bluepeak Nagar, Kochi, 629165	IN
S1-005350	Ravenwood Fabrics Private Limited	97 Maplecrest Marg, Falcon Nagar, Indore, 182506	India
S1-005351	Vertex Packaging Incorporated	185 Cobalt Ave, Sunstone Prak, Austin, 18467	US
S1-005352	Quarry Chemicals Private Limited	5 Goldleaf Mn, Goldleaf Nagar, Kerala, Coimbatore	IN
S1-005353	Goldleaf Enterprises Corporation	Harbor Rd Behind the Civic Center Cobalt Park AAkron	United States
S1-005354	Maplecrest Fabrics Private Limited	140 Silverline Cross, Northgate Nagar, Coimbatore, Gujarat, 145813	India
S1-005355	Kestrel Trading Incorporated	298 Vertex Blvd, Stonebridge Park, Peoria, 18251	United States
S1-005356	Stonebridge Ironwood Solutions Limited	26/84 Silerline Mn, Quarry Nagar, Coimbatore, Tamil Nadu	IN
S1-005357	Apex Foods Private Limited	14/89 Orchid Road Behind Ganesh Temple Brightpath Nagar Nagpur	India
S1-005358	Kestrel Consultancy Private Limited	241 Ravenwood Mn, Nagpur, Rajasthan	IN
S1-005359	Kestrel Consultancy Private Limited	229 Quarry Cross, Maplecrest Nagar, Kochi, 497968	IN
S1-005360	Kestrel Trading Private Limited	147 Harbor Cross, Surat, 682309	India
S1-005361	Kestrel Foods Incorporated	Bluepeak Dr, Meridian Park, Tacoma, AL,  24576	United States
S1-005362	Apex Industries Private Limited	295 Summit Road, Stonebridge Nagar, Pune, Kerala, 836844	IN
S1-005363	Bluepeak Motors Incorporated	Behind the Civic Center, 181 Ironwood Avenue, Ironwood Park, 57573, Lubbock	US
S1-005364	Falcon Maplecrest Packaging Private Limited	Brightpath Street, Clearwater Nagar, Jaipur, 383897	India
S1-005365	Falcon Maplecrest Packaging Private Limited	265 Quarry Crs Vertex Nagar Jaipur MP 538414	IN
S1-005366	Harbor Cobalt Solutions Corporation	27/72 Summit Drive, Goldleaf Park, Near Exit 14, Mobile, 20662	USA
S1-005367	Harbor Cobalt Solutions Corporation	15/80 Maplecrest St Lubbock CA	US
S1-005368	Brightpath Goldleaf Systems Private Limited	255 Ironwood St, Near Metro Pillar 42, Cobalt Nagar, Kochi, Kerala, 787889	India
S1-005369	Meridian Enterprises Limited	340 Juniper Rd, Pune, 424348, Orchid Nagar	India
S1-005370	Meridian Enterprises Limited	108 Apex Marg, Apex Nagar, Nagpur, MP, 357945	India
S1-005371	Goldleaf Enterprises Limited	375 Clearwater Crs, Opp. Bus Depot, Juniper Nagar, Coimbatore, Kerala	IN
S1-005372	Goldleaf Enterprises Limited	326 Bluepeak Road, Behind Ganesh Temple, Apex Nagar, Coimbatore	IN
S1-005373	Silverline Quarry Packaging Company	Near Exit 14, 5 Thistle Avenue, Harbor Park, Lubbock, WA	US
S1-005374	Silverline Quarry Packaging Company	293 Juniper Rd, Peoria, IL, 94048	USA
S1-005375	Falcon Trading Limited Liability Company	86 Falcon Street, Ravenwood Park, Peoria, 86077	USA
S1-005376	Ravenwood Quarry Services Limited	319 Juniper Marg, Orchid Nagar, Surat, Kerala, 460979	India
S1-005377	Bluepeak Fabrics Limited	390 Goldleaf Rd, Thistle Nagar, Near Metro Pillar 42, Jaipur, Gujarat, 399225	India
S1-005378	Ravenwood Chemicals Private Limited	Oppp. Bus Depot, 214 Redwood Cross, Jaipur, Rajasthan, 228457	India
S1-005379	Ravenwood Chemicals Private Limited	21 Ironwood Rd, Kestrel Nagar, Jaipur, 187857	IN
S1-005380	Stonebridge Trading Private Limited	42 Ironwood Crs, Stonebridge Nagar, Kochi, Maharashtra	India
S1-005381	Goldleaf Enterprises Company	100 Sunstone Drive, Ravenwood Park, Opp. City Library, Tacoma, AL, 66423	US
S1-005382	Falcon Motors Limited	9/74 Cobalt Mn, Behind Ganesh Temple, Surat, Maharashtra, 306017	IN
S1-005383	Northgate Consultancy Private Limited	157 Redwood St, Falcon Nagar, Coimbatore, Tamil Nadu, 942787	IN
S1-005384	Northgate Consultancy Private Limited	289 Redwood Cross, Surat, Rajasthan	IN
S1-005385	Cobalt Solutions Private Limited	12 Brightpath Cross Brightpath Nagar Surat 521425	IN
S1-005386	Bluepeak Enterprises Private Limited	297 Clearwater Main Cobalt Nagar Coimbatore 421385 Rajasthan	India
S1-005387	Summit Lantern Chemicals Limited Liability Company	58 Kestrel Ave Mobile 52136	USA
S1-005388	Maplecrest Redwood Consultancy Incorporated	8/68 Sunstone Ave Meridian Park Fresno IL	US
S1-005389	Northgate Maplecrest Fabrics Limited	184 Meridian Marg, Apex Nagar Pune, 919296	India
S1-005390	Northgate Solutions Company	26 Thistle Dr, Goldleaf Park, Austin, AL, 20679	USA
S1-005391	Juniper Cobalt Enterprises Corporation	331 Juniper St, Opp. City Library, Lantern Park, Fresno, 16386	US
S1-005392	Stonebridge Services Incorporated	211 Meridian Boulevard, Tacoma, TX	US
S1-005393	Bluepeak Electricals Corporation	Near Exit 14, 356 Stonebridge Avenue, Quarry Park, Austin	USA
S1-005394	Juniper Industries Private Limited	4 Bluepeak Rd, Brightpath Nagar, Pune, Gujarat	India
S1-005395	Juniper Industries Private Limited	268 Ravenwood Cross, Opp. Bus Depot, Meridian Nagar, Pune	IN
S1-005396	Orchid Logistics Limited Liability Company	398 Summit Rd, Sunstone Park, Austin, 79805	United States
S1-005397	Orchid Trading Limited Liability Company	143 Goldleaf Blvd, Bluepeak Park, Mobile, CA	United States
S1-005398	Maplecrest Motors Private Limited	92 Juniper Marg, Kcohi, 781061	India
S1-005399	Maplecrest Motors Private Limited	398 Meridian Street, Summit Nagar, Kochi, Rajasthan, 596999	India
S1-005400	Harbor Trading Private Limited	305 Bluepeak Crs, Bluepeak Nagar, Pune, MP	India
S1-005401	Lantern Services Private Limited	102 Bluepeak Mn, Nagpur, 913888	IN
S1-005402	Orchid Packaging Private Limited	132 Orchid Rd, Thistle Nagar, Kochi, Gujarat, 221213	India
S1-005403	Orchid Packaging Private Limited	371 Lantern Marg, Onyx Nagar, Kochi, MP, 806267	IN
S1-005404	Orchid Systems Incorporated	385 Falcon Boulevard, Falcon Park, Akron, IL	United States
S1-005405	Cobalt Orchid Packaging Private Limited	175 Apex R, Coimbatore, Kerala, 947189	IN
S1-005406	Meridian Packaging Company	219 Cobalt Dr Lubbock CA	US
S1-005407	Meridian Packaging Company	250 Brightpath St, Juniper Park, Austin, IL, 44647	United States
S1-005408	Vertex Packaging Private Limited	101 Meridian Cross, Coimbatore, Kerala, 991767	IN
S1-005409	Apex Logistics Limited	367 Orchid Rd Surat 630990	India
S1-005410	Thistle Lantern Services Limited Liability Company	5/30 Meridian Boulevard, Onyx Park, Lubbock	US
S1-005411	Thistle Lantern Services Limited Liability Company	Behind the Civic Center, 231 Summit Street, Goldleaf Park, Akron, CA, 25513	United States
S1-005412	Stonebridge Juniper Industries Private Limited	345 Maplecrest Road, Sunstone Nagar, Surat, 799326	India
S1-005413	Onyx Services Private Limited	Sunstone Main Kochi 573592	IN
S1-005414	Juniper Vertex Logistics Corporation	26 Harbor Street, Onyx Park, Tacoma, 53809	US
S1-005415	Lantern Chemicals Incorporated	Behind the Civic Center, 58 Northgate Ave, Lubbock, 57139	US
S1-005416	Lantern Chemicals Incorporated	267 Bluepeak Road, Near Exit 14, Lubbock, CA, 74168	United States
S1-005417	Meridian Industries Limited	393 Kestrel Mn, Summit Nagar, Indore, Gujarat, 608234	India
S1-005418	Bluepeak Summit Foods Incorporated	21/39 Apex Dr, Redwood Park, Akron, CA, 60387	USA
S1-005419	Bluepeak Summit Foods Incorporated	398 Goldleaf Street, Brightpath Park, Akron, 50805	United States
S1-005420	Brightpath Enterprises Private Limited	Ravenwood Road, Vertex Nagar, Indore, 423569	IN
S1-005421	Cobalt Juniper Electricals Private Limited	185 Northate Marg Kochi	India
S1-005422	Lantern Solutions Private Limited	35/18 Summit Crs, Near Metro Pillar 42, Pune, 685640	IN
S1-005423	Brightpath Chemicals Limited	262 Maplecrest Crs, Thistle Nagar, Near SBI ATM, Coimbatore, Maharashtra, 908573	IN
S1-005424	Cobalt Trading Limited Liability Company	298 Stonebridge Boulevard, Maplecrest Park, Akron	US
S1-005425	Cobalt Trading Limited Liability Company	253 Vertex Avenue, Ironwood Park, Fresno, 27232	USA
S1-005426	Cobalt Onyx Foods Limited Liability Company	26/30 Goldleaf Street, Kestrel Park, Lubbock	United States
S1-005427	Harbor Systems Limited Liability Company	22/4 Stonebridge Rd, Juniper Park, Mobile, CA	USA
S1-005428	Clearwater Systems Private Limited	286 Brightpath Main, Maplecrest Nagar, Jaipur	India
S1-005429	Bluepeak Fabrics Incorporated	18 Onyx Avenue, Vertex Park, Fresno, TX, 57854	USA
S1-005430	Bluepeak Fabrics Incorporated	289 Apex Blvd, Falcon Park, Fresno	US
S1-005431	Onyx Electricals Limited Liability Company	Behind the Civic Center, Lantern Ave, Clearwater Park, Peoria, IL	United States
S1-005432	Ironwood Industries Incorporated	20 Kestrel Avenue, Lantern Park, Austin, 18439	United States
S1-005433	Lantern Consultancy Corporation	Brightpath Dr, Lubbock, CA, 69234	US
S1-005434	Harbor Consultancy Private Limited	333 Falcon St, Ironwood Nagar, Nagpur, Kerala, 881009	IN
S1-005435	Sunstone Northgate Solutions Private Limited	203 Northgate Street, Apex Nagar, Kochi, 287569	IN
S1-005436	Sunstone Northgate Solutions Private Limited	50 Orchid Crs Cobalt Nagar Coimbatore Tamil Nadu 120896	IN
S1-005437	Onyx Packaging Private Limited	7/43 Apex Street, Coimbatore, 634858	IN
S1-005438	Onyx Packaging Private Limited	301 Bluepeak Marg Juniper Nagar Coimbatore	IN
S1-005439	Cobalt Chemicals Corporation	385 Quarry Boluevard, Vertex Park, Lubbock	United States
S1-005440	Brightpath Industries Private Limited	288 Silverline Street, Kochi, Rajasthan, 576527	India
S1-005441	Thistle Textiles Corporation	231 Ironwood Blvd Maplecrest Park Akron CA 64828	United States
S1-005442	Redwood Goldleaf Textiles Private Limited	Silverline Cross Clearwater Nagar Surat Rajasthan 189105	IN
S1-005443	Lantern Textiles Private Limited	17/6 Maplecrest St, Falcon Nagar, Coimbatore, Gujarat, 254954	IN
S1-005444	Onyx Chemicals Private Limited	148 Apex St, Silverline Nagar, Kochi, 518317	IN
S1-005445	Lantern Logistics Limited Liability Company	318 Clerwater Dr, Mobile, IL, 54531	US
S1-005446	Northgate Fabrics Corporation	Juniper Rd, Goldleaf Prk, Akron, 20831	United States
S1-005447	Northgate Fabrics Corporation	375 Clearwater Street, Clearwater Park, CA, 21142, Akron	US
S1-005448	Sunstone Electricals Incorporated	203 Brightpath Dr Peoria TX  59030	USA
S1-005449	Onyx Foods Corporation	25//10 Harbor Blvd, Behind the Civic Center, Austin, WA, 18725	US
S1-005450	Brightpath Motors Limited	3/32 Cobalt Main, Quarry Nagar, Jaipur, Gujarat, 965903	IN
S1-005451	Brightpath Solutions Company	Vertex Road, Onyx Park, Fresno, CA, 73988	US
S1-005452	Brightpath Solutions Company	356 Ironwood Ave, Goldleaf Park, Fresno, 59016	United States
S1-005453	Ironwood Textiles Private Limited	393 Quarry Marg, Jaipur, Gujarat	IN
S1-005454	Ironwood Textiles Private Limited	Kestrel Mn, Falcon Nagar, Jaipur, Rajasthan, 91202	India
S1-005455	Redwood Foods Company	285 Clearwater Rd, Austin, Harbor Park	United States
S1-005456	Redwood Foods Company	202 Harbor Road, Lantern Park, Lubbock, AL, 14940	USA
S1-005457	Orchid Foods Private Limited	356 Summit Rd, Bluepeak Nagar, Kochi, 418521	IN
S1-005458	Falcon Packaging Private Limited	13/38 Onyx St, Surat, Gjuarat, 286319	India
S1-005459	Apex Logistics Private Limited	10/78 Meridian Marg, Bluepeak Nagar, Near SBI ATM, Coimbatore, Tamil Nadu, 425300	India
S1-005460	Silverline Fabrics Limited	30/36 Maplecrest Marg Maplecrest Nagar Indore	IN
S1-005461	Silverline Maplecrest Solutions Private Limited	203 Sunstone St, Pune, Rajasthan	IN
S1-005462	Kestrel Chemicals Private Limited	305 Brightpath Mn, Pune, Tamil Nadu, 115942	IN
S1-005463	Bluepeak Services Private Limited	178 Falcon Street Harbor Nagar Nagpur 688427	India
S1-005464	Ironwood Vertex Logistics Limited Liability Company	336 Lantern St Tacoma	USA
S1-005465	Stonebridge Enterprises Incorporated	225 Thistle Ave, Falcon Park, Fresno	US
S1-005466	Stonebridge Foods Limited Liability Company	170 Cobalt Boulevard, Kestrel Park, Peoria, TX, 30666	United States
S1-005467	Onyx Industries Limited Liability Company	323 Silverline Dr, Onyx Park, Fresno, 55457	United States
S1-005468	Clearwater Consultancy Private Limited	178 Harbor Street, Stonebridge Nagar Indore, 553448	IN
S1-005469	Thistle Industries Company	1 Lantern  Blvd, Summit Park, Lubbock, 21211	United States
S1-005470	Summit Redwood Packaging Private Limited	Opp. Bus Depot, 360 Maplecrest Marg, Coimbatore, Gujarat	India
S1-005471	Ravenwood Consultancy Private Limited	148 Apex Crs, Sunstone Nagar, Jaipur, Maharashtra, 957782	India
S1-005472	Ravenwood Consultancy Private Limited	355 Cobalt Main Kochi	India
S1-005473	Silverline Electricals Private Limited	Behind Ganesh Temple, 17 Apex Mn, Summit Nagar, Surat, 313861	India
S1-005474	Silverline Electricals Private Limited	5/57 Maplecrest Marg Maplecrest Nagar Surat Maharashtra 246970	IN
S1-005475	Summit Trading Incorporated	329 Goldleaf Avenue Maplecrest Park Austin WA 17148	USA
S1-005476	Maplecrest Maplecrest Textiles Corporation	183 Kestrel Drive Tacoma TX 64046	USA
S1-005477	Harbor Solutions Limited	319 Clearwater Road, Quarry Nagar, Coibmatore, Rajasthan	IN
S1-005478	Juniper Industries Limited	Onyx St, Maplecrest Nagar, Coimbatore, Rajasthan, 993767	India
S1-005479	Northgate Consultancy Limited	197 Falcon Rd, Ravenwood Nagar, Pune, MP, 198884	IN
S1-005480	Redwood Lantern Packaging Incorporated	Silverline Road Redwood Park Mobile CA	US
S1-005481	Redwood Lantern Packaging Incorporated	Vertex Road, Veretx Park, Peoria, TX	USA
S1-005482	Orchid Cobalt Systems Incorporated	118 Orchid St Meridian Park Peoria CA 83836	US
S1-005483	Ironwood Solutions Private Limited	220 Goldleaf Road Bluepeak Nagar Behind Ganesh Temple Surat	IN
S1-005484	Stonebridge Electricals Private Limited	Surat MP 151358 26/37 Thistle Mn	India
S1-005485	Summit Quarry Consultancy Corporation	358 Meridian Drive, Ravenwood Park, Fresno, 28326	USA
S1-005486	Summit Quarry Consultancy Corporation	74 Harbor Boulevard, Sunstone Park, Fresno, WA, 43366	USA
S1-005487	Brightpath Onyx Packaging Corporation	394 Clearwater Road, Akron, 99076, Clearwater Park	US
S1-005488	Onyx Motors Private Limited	Orchid Crs, Lantern Nagar, Coimbatore, Rajasthan	India
S1-005489	Ravenwood Services Private Limited	98 Maplecrest Main, Bluepeak Nagar, Coimbatore, Gujarat, 762664	India
S1-005490	Ravenwood Services Private Limited	316 Sunstone St Onyx Nagar Coimbatore 110854	IN
S1-005491	Brightpath Consultancy Limited Liability Company	5 Northgate Boulevard, Sunstone Park, Mobile, AL, 88791	US
S1-005492	Vertex Fabrics Incorporated	Quarry Road, Apex Park, Peoria, OH, 91731	USA
S1-005493	Silverline Consultancy Corporation	Stonebridge Park Fresno 101 Apex Dr	US
S1-005494	Maplecrest Fabrics Private Limited	Lantern Crs, Near Metro Pillar 42, Kestrel Nagar, Surat, 902415, Rajasthan	IN
S1-005495	Ravenwood Summit Foods Limited	83 Orchid Road, Thistle Nagar, Kochi, MP, 153277	IN
S1-005496	Summit Falcon Textiles Limited Liability Company	192 Kestrel Ave, Tacoma	US
S1-005497	Lantern Textiles Limited Liability Company	Near Exit 14, 231 Goldleaf Blvd,  Lubbock, CA	United States
S1-005498	Ironwood Enterprises Private Limited	219 Summit Road, Harbor Nagar, Nagpur, Gujarat, 117243	India
S1-005499	Clearwater Packaging Corporation	72 Ironwood Ave, Harbor Park, Peoria	United States
S1-005500	Clearwater Packaging Corporation	Kestrel Dr, Peoria, 41985	United States
S1-005501	Stonebridge Vertex Systems Limited	14 Redwood Rd, Bluepeak Nagar, Surat	India
S1-005502	Silverline Motors Corporation	299 Clarwater St, Brightpath Park, Fresno	US
S1-005503	Kestrel Stonebridge Packaging Private Limited	10/68 Northgate Crs, Jaipur, Kerala, 999985	IN
S1-005504	Clearwater Clearwater Packaging Limited	166 Apex Rd, Thistle Nagar, Nagpur, MP, 488756	India
S1-005505	Clearwater Clearwater Packaging Limited	Near SBI ATM, 47 Redwood Cross, Thistle Nagar, Indore, 250133	IN
S1-005506	Stonebridge Clearwater Electricals Private Limited	Summit Main Stonebridge Nagar Kochi 465296	India
S1-005507	Apex Logistics Company	Thistle Avenue, Falcon Park, Taccoma, AL, 55862	US
S1-005508	Goldleaf Brightpath Services Private Limited	339 Onyx Margg, Ironwood Nagar, Coimbatore, 907394	India
S1-005509	Ravenwood Textiles Private Limited	24 Bluepeak Mn, Quarry Nagar, Surat	India
S1-005510	Falcon Packaging Corporation	76 Silverline St, Orchid Park, Peoria, WA, 56918	USA
S1-005511	Falcon Packaging Corporation	349 Juniper Blvd, Northgate Park, CA, Peoia	United States
S1-005512	Maplecrest Chemicals Limited	Kestrel St, Opp. Bus Depot, Thistle Nagar, Indore	India
S1-005513	Maplecrest Chemicals Limited	147 Thistle Main, Ironwood Nagar, Near Metro Pillar 42, Indore, MP, 314566	India
S1-005514	Harbor Fabrics Corporation	257 Apex Avenue, Akron, 77929, AL	USA
S1-005515	Silverline Consultancy Corporation	204 Northgate Blvd Mobile 91660	USA
S1-005516	Silverline Consultancy Corporation	50 Apex Dr, Meridian Park, Austin, 76870	United States
S1-005517	Ironwood Systems Corporation	319 Lantern St, Redwood Park, Mobile, AL, 0698	USA
S1-005518	Stonebridge Services Corporation	231 Silverline Drive Tacoma 91660	USA
S1-005519	Juniper Enterprises Corporation	210 Northgate Street, Lubbock, CA, 65566	USA
S1-005520	Juniper Enterprises Corporation	Ironwood Blvd Orchid Park Akron 98240	USA
S1-005521	Onyx Summit Electricals Limited Liability Company	305 Juniper Street, Goldleaf Park, Lubbock, IL, 12575	USA
S1-005522	Clearwater Cobalt Services Incorporated	32 Goldleaf Avenue Austin	USA
S1-005523	Ravenwood Systems Company	64 Cobalt Dr, Ironwood Park, Astin, IL	United States
S1-005524	Ravenwood Systems Company	154 Maplecrest Ave, Juniper Park, Fresno	United States
S1-005525	Maplecrest Juniper Fabrics Limited	30/46 Summit Mn, Northgate Nagar, Nagpur, 879676	IN
S1-005526	Summit Foods Private Limited	89 Northgate Main, Silverline Nagar, Surat, 495176	India
S1-005527	Orchid Consultancy Corporation	Near Exit 14, Peoria, 135 Sunstone Boulevard	US
S1-005528	Brightpath Trading Corporation	70 Apex Street, Vertex Park, Lubbock	US
S1-005529	Brightpath Trading Corporation	389 Apex St, Goldleaf Park, Lubbock, 66430	USA
S1-005530	Sunstone Solutions Corporation	283 Northgate Road, Onyx Park, Opp. City Library, Tacoma, TX, 62772	US
S1-005531	Ironwood Industries Private Limited	247 Kestrel Main Lantern Nagar Surat 779041	IN
S1-005532	Silverline Motors Company	307 Silverline Avenue, Meridian Park, Tacoma, 87838	US
S1-005533	Silverline Motors Company	309 Apex Dr, Cobalt Park, Fresno, AL, 53296	US
S1-005534	Brightpath Redwood Services Corporation	258 Quarry Dr, Ironwood Park, Fresno, AL	US
S1-005535	Brightpath Redwood Services Corporation	Onyx Rd Tacoma TX 5987	US
S1-005536	Maplecrest Trading Private Limited	125 Onyx St, Coimbatore, Kerala, 403882	India
S1-005537	Maplecrest Trading Private Limited	151 Redwood Street, Silverline Nagar, Pune, MP, 859635	IN
S1-005538	Lantern Chemicals Company	196 Apex Road, Sunstone Park, Tacoma, TX, 17701	US
S1-005539	Summit Electricals Limited	9/22 Falcon Crs, Kochi, 412229	India
S1-005540	Brightpath Onyx Textiles Corporation	388 Harbor Boulevard, Opp. City Library, Redwood Park, Tacoma	US
S1-005541	Onyx Systems Private Limited	33 Falcon Main, Apex Nagar, Nagpur, Rajasthan	IN
S1-005542	Onyx Systems Private Limited	73 Apex Mn, Orchid Nagar, Nagpur, Gujarat, 189812	IN
S1-005543	Ironwood Industries Limited Liability Company	Lubbock, 305 Summit Blvd	United States
S1-005544	Kestrel Packaging Corporation	Northgate Dr, Austin, 90942	United States
S1-005545	Maplecrest Enterprises Private Limited	346 Stonebridge Marg, Ironwood Nagar, Indore, 312523	India
S1-005546	Falcon Packaging Company	105 Brightpath Ave,  Fresno, 67989	USA
S1-005547	Falcon Packaging Company	310 Meridian Street Lantern Park Fresno WA 89114	US
S1-005548	Harbor Enterprises Limited Liability Company	Silverline St, Cobalt Park, Peoria	USA
S1-005549	Thistle Chemicals Private Limited	Bluepeak Main, Thistle Nagar,  Nagpur, MP, 858492	India
S1-005550	Maplecrest Lantern Trading Limited Liability Company	262 Juniper Boulevard, Meridian Park, Mobile, WA	US
S1-005551	Clearwater Industries Corporation	13 Lantern Road, Opp. City Library, Lantern Park, Peoria, CA, 41494	US
S1-005552	Harbor Consultancy Private Limited	382 Kestrel Street, Near SBI ATM, Kestrel Nagar, Pune, Tamil Nadu, 545207	IN
S1-005553	Falcon Silverline Packaging Private Limited	133 Falcon Marg, Coimbatore, Rajasthan, 194961, Behind Ganesh Temple	India
S1-005554	Ravenwood Foods Private Limited	391 Onyx Mn Ironwood Nagar Coimbatoree 479506	India
S1-005555	Ravenwood Foods Private Limited	83 Maplecrest Main, Harbor Nagar,Coimbatore, Maharashtra, 448064	India
S1-005556	Ironwood Consultancy Limited Liability Company	362 Northgate Street, Mobile, OH, 93634	United States
S1-005557	Lantern Fabrics Limited	355 Bluepeak Main, Near SBI ATM, Jaipur, Gujarat	IN
S1-005558	Lantern Fabrics Limited	360 Apex Crs, Juniper Nagar, Jaipur, 947448	India
S1-005559	Maplecrest Consultancy Private Limited	5/77 Sunstone Marg, Near SBI ATM, learwater Nagar, Coimbatore	India
S1-005560	Maplecrest Consultancy Private Limited	102 Meridian Marg, Brightpath Nagar, Jaipur	India
S1-005561	Ironwood Ravenwood Enterprises Limited Liability Company	303 Apex Road, Tacoma	United States
S1-005562	Kestrel Consultancy Incorporated	313 Lantern St, Northgate Park, Lubbock, CA, 37175	USA
S1-005563	Ironwood Logistics Private Limited	19 Kestrel Cross, Silverline Nagar, Surat, MP, 317314	IN
S1-005564	Ironwood Logistics Private Limited	238 Redwood Rd, Inndore, Rajasthan	India
S1-005565	Ironwood Bluepeak Consultancy Private Limited	Lantern Crs, Goldleaf Nagar, Indore, Tamil Nadu	IN
S1-005566	Ironwood Apex Trading Private Limited	89 Redwood Rd Silverline Nagar Nagpur	India
S1-005567	Orchid Systems Private Limited	371 oCbalt Mn, Nagpur, 260707	IN
S1-005568	Redwood Enterprises Private Limited	85 Meridian Marg Clearwater Nagar Near Metro Pillar 42 Indore 456526	India
S1-005569	Kestrel Chemicals Private Limited	Behind Ganesh Temple 362 Stonebridge Cross Indore	India
S1-005570	Redwood Industries Limited	Harbor Nagar, Coimbatore, Kerala, 183 Redwood Street	India
S1-005571	Stonebridge Enterprises Limited	44 Onyx Marg, Kestrel Nagar,Surat, Gujarat	India
S1-005572	Stonebridge Enterprises Limited	8/68 Brightpath Main, Silverline Nagar, Surat, Kerala	IN
S1-005573	Stonebridge Logistics Private Limited	218 Harbor Crs, Ravenwood Nagar, Surat, 918561	India
S1-005574	Falcon Consultancy Company	80 Redwood Road, Mobile, IL, 79695	US
S1-005575	Redwood Packaging Corporation	292 Juniper Dr, Quarry Park, Lubbock, TX, 70182	US
S1-005576	Lantern Redwood Consultancy Limited Liability Company	76 Clearwater Rd, Summit Park, Peoria, IL, 87985	USA
S1-005577	Lantern Redwood Consultancy Limited Liability Company	33 Quarry Road, Northgate Park, Akron, TX, 18946	US
S1-005578	Summit Chemicals Private Limited	127 Meridian Street, Indore, Lantern Nagar	IN
S1-005579	Cobalt Onyx Industries Corporation	40 Thistle Boulevard, Behind the Civic Center, Maplecrest Park, Lubbock	USA
S1-005580	Quarry Logistics Private Limited	235 Harbor Road, Vertex aNgar, Kochi, 859887	IN
S1-005581	Ravenwood Falcon Foods Corporation	399 Kestrel Street, Fresno, WA, 66656	US
S1-005582	Ravenwood Falcon Foods Corporation	387 Redwood Ave, Redwood Park, Fresno, WA, 99695	US
S1-005583	Ironwood Textiles Company	356 Kestrel Boulevard, Sunstone Park, Tacoma, CA, 61297	US
S1-005584	Quarry Chemicals Incorporated	24/69 Ravenwood Avenue, Sunstone Park, Austin, WA, 50809	United States
S1-005585	Quarry Chemicals Incorporated	337 Silverline Street, Onyx Park, Austin, AL, 32128	US
S1-005586	Sunstone Motors Private Limited	345 Orchid Mn, Near SBI ATM, Thistle Nagar, Pune, Kerala, 997597	India
S1-005587	Cobalt Consultancy Private Limited	363 Orchid Crs, Coimbatore, Rajasthan	IN
S1-005588	Orchid Services Private Limited	365 Kestrel Marg, Clearwater Nagar, Surat, Tamil Nadu, 504344	IN
S1-005589	Clearwater Consultancy Private Limited	151 Apex St, Orchid Nagar, Surat, 480054	IN
S1-005590	Clearwater Consultancy Private Limited	236 Redwood St Indore MP 239502	IN
S1-005591	Redwood Enterprises Limited	242 Sunstone Marg, Redwood Nagar, Pune, Rajasthan	IN
S1-005592	Redwood Enterprises Limited	357 Meridian Mn, Juniper Nagar, Opp. Bus Depot, Nagpur, Tamil Nadu	India
S1-005593	Juniper Systems Limited	103 Apex Cross, Indore, MP	IN
S1-005594	Vertex Electricals Corporation	338 Silverline Boulevard, Onyx Park, Akron, 74049	US
S1-005595	Quarry Motors Private Limited	350 Ironwood Main, Jaipur, 969149	IN
S1-005596	Summit Consultancy Private Limited	32/41 Cobalt Main, Brightpath Nagar, Pune, Maharashtra, 239212	India
S1-005597	Orchid Logistics Limited	83 Thistle Rd, Onyx Nagar, Indoer	IN
S1-005598	Harbor Packaging Company	20 Northgate Boulevard, Mobile, TX, 77816	USA
S1-005599	Harbor Packaging Company	72 Stonebridge Street, Akron, WA, 73554	United States
S1-005600	Silverline Textiles Limited	303 Kestrel Road Indore Rajasthan 307694	India
S1-005601	Bluepeak Foods Private Limited	80 Stonebrige Road, Northgate Nagar, Surat, Rajasthan	India
S1-005602	Bluepeak Foods Private Limited	Vertex Crs, Maplecrest Nagar, Behind Ganesh Temple, Jaipur, Kerala, 895069	India
S1-005603	Clearwater Northgate Fabrics Incorporated	315 Cobalt Ave, Austin	United States
S1-005604	Summit Ravenwood Industries Corporation	219 Falcon Avenue, Ravenwood Park, Opp. City Library, Austin, 74828	US
S1-005605	Redwood Enterprises Company	151 Silverline Drive, Bluepeak Park, Peoria, AL, 82418	United States
S1-005606	Silverline Kestrel Services Private Limited	187 Onyx St Surat Maharashtra 523009 Meridian Nagar	IN
S1-005607	Stonebridge Motors Corporation	373 Vertex Drive, Ironwood Park, Behind the Civic Center, Austin	USA
S1-005608	Meridian Quarry Chemicals Incorporated	332 Kestrel Dr Brightpath Park Akron 56168	US
S1-005609	Northgate Foods Private Limited	29 Falcon Street, Surat, 445633	India
S1-005610	Northgate Foods Private Limited	216 Brightpath Rd, Orchid Nagar, Surat, Maharashtra, 565854	India
S1-005611	Harbor Logistics Company	Behind the Civic eCnter, 100 Clearwater Rd, Tacoma	USA
S1-005612	Quarry Enterprises Incorporated	32/41 OOrchid Blvd, Summit Park, Lubbock, CA	United States
S1-005613	Cobalt Onyx Systems Limited	128 Clearwater Street, Kochi, Maharashtra	IN
S1-005614	Maplecrest Industries Incorporated	4/70 Cobalt Drive, Ravenwood Park, Opp. City Library, Tacoma, 19046	USA
S1-005615	Maplecrest Industries Incorporated	103 Juniper St RRavenwood Park Fresno 93602	United States
S1-005616	Silverline Systems Private Limited	208 Onyx Mn Thistle Nagar Pune Tamil Nadu 900691	India
S1-005617	Apex Redwood Electricals Limited	335 Stonebridge Cross, Goldleaf Nagar, Nagpur, Maharashtra	IN
S1-005618	Ravenwood Logistics Incorporated	Behind the Civic Center, 117 Onyx Blvd, Onyx Park, Lubbock, 59384	US
S1-005619	Thistle Enterprises Private Limited	167 Thistle Mn Behind Ganesh Temple Brightpath Nagar Nagpur 598695	IN
S1-005620	Apex Meridian Electricals Private Limited	12 Bluepeak Cross Silverline Nagar Kochi MP 755894	India
S1-005621	Stonebridge Packaging Corporation	11 Clearwater Boulevard, Peoria, OH, Thistle Park	United States
S1-005622	Brightpath Falcon Textiles Incorporated	149 Cobalt St Goldleaf Park Lubbock 34401	USA
S1-005623	Vertex Packaging Incorporated	55 Sunstone Drive, Onyx Park, Peoria	US
S1-005624	Summit Redwood Solutions Limited	243 Silverline Marg, Behind Ganesh Temple, Coimbatore, Gujarat	IN
S1-005625	Summit Redwood Solutions Limited	206 Lantern Marg, Vertex Nagar, Coimbatore, MP, 777005	IN
S1-005626	Quarry Juniper Electricals Limited	24/72 Summit Marg Maplecrest Nagar Coimbatore Maharashtra 734511	India
S1-005627	Summit Onyx Logistics Private Limited	Apex Marg, Northgate Nagar, Coimbatore, Kerala	IN
S1-005628	Stonebridge Packaging Incorporated	36/77 Juniper St, Harbor Park, AL, 94590, Akron	US
S1-005629	Summit Apex Systems Limited Liability Company	Maplecrest Rd, Quarry Park, Peoria	USA
S1-005630	Summit Apex Systems Limited Liability Company	Mobile, CA, 25868, 2 Bluepeak Rd	USA
S1-005631	Northgate Textiles Limited Liability Company	278 Cobalt Blvd, Ravenwood Park, Lubbock, WA	USA
S1-005632	Kestrel Textiles Company	280 Northgate Blvd Fresno AL 87440	United States
S1-005633	Kestrel Textiles Company	Near Exit 14, 141 Maplecrest Drive, Kestrel Park, Fresno, CA	US
S1-005634	Maplecrest Trading Limited	346 Clearwater Road, Surat	IN
S1-005635	Maplecrest Trading Limited	126 Redwood Cross, Near Metro Pillar 42, Jaipur, Tamil Nadu	India
S1-005636	Cobalt Enterprises Company	163 Quarry Boulevard, Fresno, 70600	US
S1-005637	Cobalt Enterprises Company	360 Goldleaf St, Meridian Park, Near Exit 14, Fresno, CA	United States
S1-005638	Silverline Northgate Solutions Limited Liability Company	29/16 Thistle Rd, Clearwater Park, Akron, CA	USA
S1-005639	Cobalt Quarry Systems Private Limited	Harbor Mn, Nagpur, Maharashtra,468956	India
S1-005640	Orchid Electricals Limited Liability Company	41 Apex Road, Clearwater Park, Tacoma, 68684, AL	US
S1-005641	Orchid Electricals Limited Liability Company	Behind the Civic Center, 106 Goldleaf Drive, Tacoma, AL	USA
S1-005642	Juniper Onyx Chemicals Private Limited	37 Ironwood Crs, Harbor Nagar, Jaipur, Gujarat, 155125	India
S1-005643	Meridian Harbor Packaging Corporation	356 Stonebridge St, Lantern PPark, Tacoma, IL, 86419	US
S1-005644	Clearwater Motors Private Limited	128 Onyx St, Onyx Nagar, Pune, MP	IN
S1-005645	Cobalt Trading Limited Liability Company	Harbor Rd, Orchid Park, Frresno, TX, 40866	United States
S1-005646	Cobalt Trading Limited Liability Company	272 Falcon Ave, Falcon Park, Fresno, TX, 88950	USA
S1-005647	Thistle Enterprises Company	357 Redwood Dr, Tacoma, CA, 98305	United States
S1-005648	Thistle Enterprises Company	3/53 Juniper Dr, Maplecrest Park, Tacoma, 44722	US
S1-005649	Clearwater Ironwood Solutions Private Limited	85 Northgate Marg, Coimbatore, Maharashtra, 823817	IN
S1-005650	Orchid Fabrics Company	170 Redwood Drive, Opp. City Library, Clearwater Park, Fresno, OH	USA
S1-005651	Juniper Systems Incorporated	Onyx Boulevard, Kestrel Park, Mobile, 12170	USA
S1-005652	Lantern Silverline Foods Corporation	Bluepeak Ave, Lubbock, OH, 47265	US
S1-005653	Lantern Silverline Foods Corporation	67 Juniper St, Meridian Park, Austin, 66426	USA
S1-005654	Brightpath Packaging Private Limited	200 Vertex Main, Goldleaf Nagar, Kochi, Kerala, 345528	India
S1-005655	Northgate Foods Incorporated	276 Quarry Avenue, Meridian Park, Lubbock, TX, 47851	USA
S1-005656	Northgate Foods Incorporated	48 Clearwater Street, Maplecrest Park, Lubbock, AL	US
S1-005657	Quarry Logistics Limited Liability Company	306 Quarry St, Bluepeak Park, Akron, 45418	United States
S1-005658	Quarry Logistics Limited Liability Company	248 Cobalt Ave, Apex Park, Akron, CA, 57795	United States
S1-005659	Ravenwood Motors Limited	41 Orchid Street, Vertex Nagar, Indore, 434131	India
S1-005660	Sunstone Electricals Limited Liability Company	358 Brightpath Boulevard Cobalt Park Peoria 96983	USA
S1-005661	Sunstone Electricals Limited Liability Company	Lantern Rd, Harbor Park, Peoria, WA, 80899	USA
S1-005662	Ironwood Textiles Private Limited	101 Northgate Crs, Orchid Nagar, Surat, MP	India
S1-005663	Redwood Foods Private Limited	17/79 Onyx Marg, Indore, Maharashtra, 620866	India
S1-005664	Stonebridge Logistics Private Limited	295 Meridian Cross Ironwood Nagar Pune 983277	IN
S1-005665	Kestrel Motors Company	351 Sunstone Street, Kestrel Park, Tacoma, 57901	United States
S1-005666	Kestrel Motors Company	251 Falcon Drive, Falcon Park, Peoria, 34393	United States
S1-005667	Onyx Packaging Corporation	214 Silverline Dr, Quarry Park, Mobile	USA
S1-005668	Goldleaf Industries Private Limited	340 Cobalt Street, Lantern Nagar, Coimbatore, Rajasthan	India
S1-005669	Onyx Logistics Private Limited	25/61 Harbor Crs, Ironwood Nagar, Surat	IN
S1-005670	Onyx Logistics Private Limited	8 Apex Street, Harbor Nagar, Surat, Rajasthan, 972798	India
S1-005671	Apex Services Limited Liability Company	26 Maplecrest Blvd, Goldleaf Park, Peoria, WA, 79312	United States
S1-005672	Meridian Ravenwood Systems Private Limited	356 Cobalt Street, Ironwood Nagar, Surat, 258857	India
S1-005673	Brightpath Motors Limited Liability Company	127 Vertex Rd, Ravenwood Park, Lubbock	US
S1-005674	Onyx Harbor Industries Private Limited	119 Kestrel Rd Quarry Nagra Pune 871070	IN
S1-005675	Northgate Textiles Corporation	156 Brrightpath Rd, Orchid Park, Akron, CA	US
S1-005676	Northgate Textiles Corporation	13/71 Ravenwood Street, Redwood Park, Mobile, WA	United States
S1-005677	Vertex Goldleaf Packaging Limited Liability Company	150 Harbor Street Apex Park Behind the Civic Center Mobile	US
S1-005678	Onyx Enterprises Corporation	360 Lantern Rd, Maplecrest Park, Peoria	US
S1-005679	Maplecrest Quarry Logistics Private Limited	158 Summit Cross Orchid Nagar Coimbatore Maharashtra	IN
S1-005680	Maplecrest Apex Systems Company	138 aLntern Blvd, Apex Park, Peoria, CA, 87439	United States
S1-005681	Maplecrest Apex Systems Company	216 Orchid Blvd Redwood Park Tacoma TX 10011	United States
S1-005682	Northgate Consultancy Incorporated	12/57 Vertex Rd Falcon Park Fresno 17893	USA
S1-005683	Orchid Systems Limited Liability Company	Goldleaf Park Lubbock 150 Ravenwood Drive	USA
S1-005684	Orchid Systems Limited Liability Company	287 Meridian St, Apex Park, Lubbock, AL, 69748	United States
S1-005685	Harbor Foods Private Limited	313 Brightpath Mn, Opp. Bus Depot, Nagpur, Gujarat, 583326	IN
S1-005686	Goldleaf Industries Limited	17 Lantern Main, Surat, Tamil Nadu, 105384	India
S1-005687	Sunstone Services Private Limited	149 Onyx Road, Norhtgate Nagar, Pune, Rajasthan	IN
S1-005688	Sunstone Services Private Limited	279 Lantern Crs, Kestrel Nagar, Pune, 469767	India
S1-005689	Sunstone Electricals Corporation	25/8 Ravenwood Dr, Behind the Civic Center, Vertex Park, Peoria, 71624	USA
S1-005690	Northgate Solutions Private Limited	Sunstone Street, Ravenwood Nagar, Coimbatore	IN
S1-005691	Juniper Fabrics Private Limited	330 Bluepeak Crs Indore Tamil Nadu	India
S1-005692	Juniper Fabrics Private Limited	95 Cobalt Marg Ravenwood Nagar Indore Gujarat	IN
S1-005693	Bluepeak Fabrics Company	177 Kestrel Rd, Redwood Park, Akron	United States
S1-005694	Summit Services Private Limited	Bluepeak Rd Sunstone Nagar Pune Rajasthan 351024	IN
S1-005695	Silverline Textiles Incorporated	341 Apex Rd Tacoma Quarry Park	US
S1-005696	Ironwood Foods Limited Liability Company	230 Sunstone Dr, Kestrel Park, Peoria, OH, 40508	USA
S1-005697	Goldleaf Bluepeak Fabrics Private Limited	325 Orchid Road 87249 Jaipur	India
S1-005698	Falcon Trading Limited Liability Company	Opp. City Library, 12 Northgate Road, Akron, 92512	United States
S1-005699	Harbor Trading Limited	109 Meridian Crs, Mridian Nagar, Nagpur	India
S1-005700	Clearwater Solutions Limited Liability Company	317 Ravenwood Street, Onyx Park, Near Exit 14, Tacoma, WA, 65887	US
S1-005701	Meridian Industries Corporation	10/44 Thistle Blvd, Near Exit 14, Vertex Park, Fresno, WA	USA
S1-005702	Ironwood Motors Limited	73 Falcon Main, Nagpur	India
S1-005703	Brightpath Fabrics Private Limited	157 Apex Marg, Quarry Nagar, Indore, MP, 343582	IN
S1-005704	Onyx Clearwater Enterprises Private Limited	12/11 Northgate St, Apex Nagar, Indore, Tamil Nadu, 230825	India
S1-005705	Onyx Kestrel Solutions Private Limited	279 Ravenwood Road, Indore, 826786	India
S1-005706	Onyx Kestrel Solutions Private Limited	89 Stonebridge St, Indore, 667875	IN
S1-005707	Brightpath Enterprises Corporation	365 Summit Avenue, Austin, CA, 83265	United States
S1-005708	Meridian Solutions Private Limited	304 Sunstone Rd Juniper Nagar Opp. Bus Depot Indore MP	India
S1-005709	Summit Vertex Packaging Company	270 Apex Dr, Silverline Park, Peoria, WA	US
S1-005710	Bluepeak Electricals Private Limited	Behind anesh Temple, 105 Bluepeak Rd, Pune, Maharashtra, 533210	India
S1-005711	Clearwater Kestrel Logistics Private Limited	Meridian Marg Orchid Nagar Indore Kerala 747896	IN
S1-005712	Northgate Services Limited Liability Company	17/44 Bluepeak Avenue, Near Exit 14, Austin	United States
S1-005713	Redwood Trading Private Limited	Near SBI ATM, Jaipur, Gujarat, 990628, 122 Vertex St	India
S1-005714	Thistle Motors Private Limited	383 Falcon St, Pune, Tamil Nadu, 908205	India
S1-005715	Quarry Motors Corporation	131 Ironwood Boulevard, Clearwater Park, Mobile, AL	USA
S1-005716	Ravenwood Apex Packaging Limited Liability Company	106 Clearwater Rd, Mobile, WA, Thistle Park	USA
S1-005717	Vertex Electricals Limited Liability Company	71 Juniper Ave, Apex Park, Tacoma, WA, 10525	United States
S1-005718	Vertex Electricals Limited Liability Company	101 Summit Street, Behind the Civic Center, Tacoma, 70894	US
S1-005719	Silverline Fabrics Private Limited	134 Stonebridge Marg, Brightpath Nagar, Kochi, MP, 602706	IN
S1-005720	Silverline Fabrics Private Limited	Ironwood Road, avenwood Nagar, Surat	India
S1-005721	Sunstone Juniper Services Incorporated	276 Onyx Blvd Stonebridge Park Akron	United States
S1-005722	Cobalt Fabrics Incorporated	323 Lantren Road Ravenwood Park Akron IL	USA
S1-005723	Maplecrest Industries Private Limited	382 Northgate Crs, Juniper Nagar, Coimbatore, 635178	India
S1-005724	Lantern Services Private Limited	24 Onyx Cross, Thistle Nagar, Jaipur, Maharashtra, 954970	IN
S1-005725	Northgate Foods Private Limited	Clearwater Main, Onyx Nagar, Surat, Tamil Nadu, 729316	IN
S1-005726	Northgate Foods Private Limited	Opp. Bus Depot, 35 Cobalt Rd, Summit Nagar, Surat, MP	India
S1-005727	Ironwood Consultancy Incorporated	Kestrel Ave, Silverline Park, Fresno, TX, Behind the Civic Center	USA
S1-005728	Redwood Harbor Textiles Corporation	120 Sunstone Street, Falcon Park, PPeoria, TX, 13242	United States
S1-005729	Apex Logistics Limited	13/86 Clearwater Street, Northgate Nagar, Coimbatore, 812198	IN
S1-005730	Apex Logistics Limited	25/13 Quarry St, Silverline Nagar, Coimbatore, Gujarat	IN
S1-005731	Apex Bluepeak Foods Incorporated	398 Ironwood Rd, Sunstone Park, Fresno, AL	United States
S1-005732	Apex Bluepeak Foods Incorporated	251 Falcon Road, Mobile, 42650, Summit Park	USA
S1-005733	Onyx Sunstone Enterprises Private Limited	359 Onyx Cross, Redwood Nagar, Near Metro Pillar 42, Indore, Tamil Nadu	IN
S1-005734	Cobalt Enterprises Company	143 Stonebridge Blvd, Akronn, AL, 70067	USA
S1-005735	Brightpath Orchid Enterprises Incorporated	355 Bluepeak Avenue, Redwood Park, Peoria, 48556	United States
S1-005736	Brightpath Orchid Enterprises Incorporated	164 Falcon Rd Apex Park Peoria CA 19753	US
S1-005737	Summit Textiles Corporation	354 Ketrel Street, Clearwater Park, Austin, TX, 85392	US
S1-005738	Juniper Textiles Incorporated	362 Kestrel Road Mobile IL 31205	United States
S1-005739	Orchid Onyx Systems Private Limited	103 Onyx Marg, Juniper Nagar, Kochi, 776843	India
S1-005740	Brightpath Electricals Incorporated	326 Maplecrest Boulevard, Vertex Park, Fresno, CA, 20736	United States
S1-005741	Brightpath Electricals Incorporated	290 Onyx Boulevard, Goldleaf Park, Fresno, IL, 30322	US
S1-005742	Sunstone Chemicals Limited	148 Maplecrest Marg Onyx Nagar Indore Kerala 588376	IN
S1-005743	Redwood Solutions Limited	155 Northgate Main, Ravenwood Nagar, Indore, Gujarat	IN
S1-005744	Thistle Industries Incorporated	Onyx Rd Sunstone Park Mobile OH 39283	US
S1-005745	Thistle Industries Incorporated	86 Harbor Rd, Opp. City Library, Falcon Park, Austin, AL, 39915	US
S1-005746	Silverline Packaging Limited Liability Company	203 Maplecrest Avenue, Sunstone Park, Mobile, WA, 84895	USA
S1-005747	Orchid Electricals Company	76 Quarry Drive, Silverline Park, Lubbock	US
S1-005748	Apex Foods Private Limited	346 Silverline Marg, Goldleaf Nagar, Jaipur	India
S1-005749	Kestrel Solutions Incorporated	140 Apex Blvd, Clearwater Park, Akron	US
S1-005750	Clearwater Services Private Limited	24 Clearwater Marg, Apex Nagar, Surat, 515633	IN
S1-005751	Apex Motors Corporation	167 Ironwood Rd, Fresno, 57591	USA
S1-005752	Clearwater Trading Private Limited	322 Stonebridge Mn, Surat, 482641	IN
S1-005753	Stonebridge Silverline Electricals Limited Liability Company	180 Summit Street, Vertex Park, Mobile, TX, 39850	United States
S1-005754	Stonebridge Textiles Company	209 Summit St Tacoma WA 73022	USA
S1-005755	Harbor Packaging Company	Behind the Civic Center, 70 Vertex Ave, Mobile, TX, 55951	USA
S1-005756	Brightpath Consultancy Private Limited	Near SBI ATM, 31/40 Lantern Marg, Cobalt Nagar, Nagpur, Tamil Nadu	India
S1-005757	Clearwater Bluepeak Trading Private Limited	292 Summit Marg, Pune, Tamil Nadu	India
S1-005758	Clearwater Bluepeak Trading Private Limited	294 Onyx Marg, Sunstoone Nagar, Surat, Tamil Nadu, 750997	IN
S1-005759	Kestrel Logistics Company	248 Orchid Ave Apex Park Mobile TX	United States
S1-005760	Kestrel Logistics Company	307 Apex Rd, Apex Park, Austin, TX	US
S1-005761	Redwood Fabrics Private Limited	Behind Ganesh Temple, 190 Orchid Marg, Cobalt Nagar, Pune, Rajasthan, 291920	India
S1-005762	Orchid Industries Limited	130 Ravenwood St Ironwood Nagar Nagpur MP 713035	IN
S1-005763	Juniper Trading Limited Liability Company	208 Falcon Blvd, Austin	US
S1-005764	Lantern Textiles Private Limited	41 Clearwater Marg, Thistle Nagar, Jaipur, Kerla, 700576	IN
S1-005765	Ravenwood Harbor Consultancy Private Limited	Near Metro Pillar 42, 375 Brightpath Road, Meridian Nagar, Coimbatore, Maharashtra	India
S1-005766	Ravenwood Fabrics Limited	Near Metro Pillar 42, 26/8 Bluepeak Mai,n Bluepeak Nagar, Nagpur, Gujarat	IN
S1-005767	Ravenwood Fabrics Limited	182 Northgate Crs Nagpur Gujarat 396721	IN
S1-005768	Orchid Redwood Fabrics Private Limited	5/6 Thistle Rd, Onyx Nagar, Gujarat, 145971, Coimbatore	IN
S1-005769	Orchid Redwood Fabrics Private Limited	177 Ironwood St Cobalt Nagar Coimbatore 924790	IN
S1-005770	Summit Motors Limited Liability Company	107 Summit Blvd Brightpath Park Autsin OH 14696	USA
S1-005771	Harbor Textiles Private Limited	Behind Ganesh Temple Maplecrest Main Clearwater Nagar Indore	IN
S1-005772	Stonebridge Chemicals Private Limited	216 Onyx Mn, Sunsstone Nagar, Near Metro Pillar 42, Surat	IN
S1-005773	Clearwater Solutions Private Limited	Sliverline Mn, Summit Nagar, Surat, Rajasthan, 385631	IN
S1-005774	Maplecrest Systems Limited	100 Silverline Main, Falcon Nagar, Surat, Gujarat	India
S1-005775	Lantern Clearwater Industries Company	372 Lantern Blvd, Sunstone Park, Tacoma	USA
S1-005776	Onyx Foods Company	231 Falcon Boulevard, Apex Park, Austin, 17541	United States
S1-005777	Onyx Foods Company	Opp. City Library, 222 Goldleaf Blvd, Mobile	USA
S1-005778	Kestrel Chemicals Private Limited	251 Harbor Marg, Falcon Nagar, Jaipur, 509619	India
S1-005779	Ironwood Bluepeak Chemicals Private Limited	13/52 Northgate Crs, Kochi, Rajasthan, 990966	IN
S1-005780	Redwood Industries Incorporated	1 Ravenwood St, Silverline Park, Opp. City Library, Peoria, TX	United States
S1-005781	Clearwater Foods Company	136 Juniper Boulevard, Akron, IL	US
S1-005782	Clearwater Foods Company	248 Maplecrest St, Cobalt Park, Akron, IL, 92840	USA
S1-005783	Northgate Quarry Foods Private Limited	19 Silverline Cross Jaipur 496671	India
S1-005784	Vertex Consultancy Private Limited	Juniper Cross Maplecrest Nagar Behind Ganesh emple Kochi Maharashtra 300644	IN
S1-005785	Ravenwood Motors Limited	Bluepeak Road, Sunstone Nagar, Indore, 914645	IN
S1-005786	Sunstone Foods Incorporated	293 Meridian Road Meridian Park Akron TX 65952	United States
S1-005787	Sunstone Foods Incorporated	39 Meridian Blvd, Behind the Civic Center, Kestrel Park, Akron, AL	United States
S1-005788	Stonebridge Logistics Incorporated	Kestrel Road, Near Exit 14, Ironwood Park, Peoria, 48621	United States
S1-005789	Thistle Logistics Company	361 Harbor Street, Lubbock, IL	US
S1-005790	Summit Textiles Company	Bluepeak rDive, Peoria, IL, 76649	USA
S1-005791	Summit Textiles Company	299 Clearwater Blvd, Quarry Park, Peoria,24376	USA
S1-005792	Silverline Solutions Corporation	166 Vertex Road, Peoria, OH	US
S1-005793	Goldleaf Fabrics Corporation	285 Cobalt Ave, Stonebridge Park, Fresno, CA, 78755	US
S1-005794	Goldleaf Fabrics Corporation	49 Lantern Blvd, Opp. City Library, Thistle Park, Fresno, OH	USA
S1-005795	Kestrel Packaging Limited Liability Company	264 Meridian Ave, Ironwood Park, Opp. City Library, Tacoma, OH, 44327	US
S1-005796	Harbor Solutions Corporation	323 Maplecrest Road, Sunstone Park, Akron, CA, 75326	United States
S1-005797	Ravenwood Electricals Limited	355 Meridian Cross, Falcon Nagar, Kochi, Gujarat	IN
S1-005798	Harbor Consultancy Company	Opp. City Library, 8 Quarry Dr, Harbor Park, Austin, OH, 73482	United States
S1-005799	Ironwood Foods Corporation	Harbor Avenue, Apex Park, Peoria, WA, 49862	US
S1-005800	Stonebridge Solutions Company	Clearwater Park, Austin, 99863, 240 Meridian Rd	USA
S1-005801	Stonebridge Solutions Company	29 Stonebridge Street, Austin, 53633	United States
S1-005802	Bluepeak Chemicals Limited Liability Company	Behind the Civic Center, 276 Juniper Road, Kestrel Park, Austin, CA	US
S1-005803	Bluepeak Motors Limited Liability Company	383 Thistle Rd, Falcon Park, Peoria, WA, 14747	USA
S1-005804	Ironwood Services Corporation	279 Bluepeak Blvd, Apex Park, Mobile, 58248	USA
S1-005805	Ironwood Services Corporation	275 Clearwater St, Mobile, 48288, Summit Park	USA
S1-005806	Sunstone Cobalt Enterprises Private Limited	Behind Ganesh Temple 25/73 Lantern Marg Surat Maharashtra 839246	India
S1-005807	Sunstone Cobalt Enterprises Private Limited	365 Kestrel Crs, Bluepeak Nagar, Coimbatore, Tamil Nadu, 923571	IN
S1-005808	Northgate Trading Private Limited	Quarry St, Coimbatore, 437497	IN
S1-005809	Redwood Textiles Incorporated	238 Ironwood Rd Clearwater Park Lubbock 71684	USA
S1-005810	Vertex Services Company	Opp. City Library 263 Quarry Street Tacoma AL	US
S1-005811	Ironwood Industries Corporation	Redwood Ave, Ravenwood Park, Lubbock, WA, 10060	United States
S1-005812	Ironwood Industries Corporation	275 Silverline Street, Lubbock, 33545	US
S1-005813	Cobalt Textiles Company	Quarry Road, Maplecrest Park, Akron, CA	United States
S1-005814	Harbor Textiles Corporation	140 Juniper Dr Akron	USA
S1-005815	Redwood Orchid Electricals Private Limited	232 Meridian Marg Onyx Nagar Nagpur 412471	India
S1-005816	Harbor Packaging Company	311 Clearwater Dr, Lantern Park, Tacoma, OH	United States
S1-005817	Harbor Packaging Company	192 Stonebridge Drive, Stonebridge Park, Tacoma, OH, 93992	United States
S1-005818	Northgate Consultancy Corporation	223 Meridian St Ravenwood Park Near Exit 14 Mobile AL 51537	United States
S1-005819	Northgate Consultancy Corporation	199 Sunstone Street Goldleaf Park Akron WA	United States
S1-005820	Apex Motors Company	262Kestrel Boulevard Maplecrest Park Tacoma TX 15192	USA
S1-005821	Ravenwood Ravenwood Trading Limited	308 Ironwood Marg, Maplecrest Nagar, Coimbatore, 299134	IN
S1-005822	Stonebridge Trading Limited	264 Bluepeak Street, Silverline Nagar, Indore, Rajasthan, 901927	India
S1-005823	Stonebridge Trading Limited	248 Thistle Mn, Lantern Nagar, Indore, 368472	India
S1-005824	Quarry Brightpath Systems Limited Liability Company	285 Ironwood Rd, Onyx aPrk, Peoria	US
S1-005825	Ironwood Logistics Limited	301 Goldleaf Road, Quarry Nagar, Coimbatore, Kerala, 899934	IN
S1-005826	Kestrel Chemicals Private Limited	71 Stonebridge Road, Onyx Nagar, Surat, Rajasthan, 121339	India
S1-005827	Juniper Orchid Industries Incorporated	163 Vertex Street Near Exit 14 Mobile WA 55877	USA
S1-005828	Juniper Orchid Industries Incorporated	146 Vertex Avenue, Lubbock, 74834	US
S1-005829	Goldleaf Ironwood Fabrics Private Limited	266 Apex St, Surat, Maharashtra	IN
S1-005830	Brightpath Enterprises Private Limited	18 Lantern Crs, Sunstone Nagar, Pune, M, 660327	India
S1-005831	Onyx Services Company	274 Onyx St, Akron, WA, 39343	United States
S1-005832	Juniper Logistics Private Limited	Behind Ganesh Temple, 72 Vertex Marg, Onyx Nagar, Coimbatore, Rajasthan, 495513	IN
S1-005833	Juniper Logistics Private Limited	393 Vertex Marg, Meridian Nagar, Coimbatore	IN
S1-005834	Summit Systems Company	108 Onyx Avenue, Cobalt Park, Austin, CA, 63634	United States
S1-005835	Summit Bluepeak Solutions Private Limited	16/55 Lantern Main, Orchid Nagar, Kochi, 297810	IN
S1-005836	Thistle Ravenwood Systems Incorporated	53 Onyx Blvd, Fresn,o CA	USA
S1-005837	Thistle Systems Limited	365 Summit Mn, Brightpath Nagar, Indore, MP,3 94532	India
S1-005838	Sunstone Northgate Services Corporation	226 Thistle Boulevard, Orchid Park, Austin, OH, 79614	US
S1-005839	Sunstone Northgate Services Corporation	7 Ravenwood Srteet, Quarry Park, Austin	USA
S1-005840	Bluepeak Textiles Limited Liability Company	276 Kestrel St Sunstone Park Mobile 19546	USA
S1-005841	Bluepeak Textiles Limited Liability Company	94 Northgate Bllvd, Austin, 21416	USA
S1-005842	Ironwood Chemicals Corporation	33 Clearwater Blvd, Behind the Civic Center, Lantern Park, Peoria, AL	USA
S1-005843	Vertex Juniper Foods Limited	Sunstone Main, Silverline Nagar, Surat	India
S1-005844	Vertex Juniper Foods Limited	361 Vertex Rd, Coimbatore, 572964	India
S1-005845	Ravenwood Consultancy Private Limited	Falcon Rd, Coimbatore, Kerala	India
S1-005846	Ironwood Consultancy Limited	22 Falcon Marg, Goldleaf Nagar, Indore, Gujarat, 269636	IN
S1-005847	Ironwood Consultancy Limited	216 Goldleaf Main Northgate Nagar Coimbatore	India
S1-005848	Clearwater Logistics Company	180 Redwood Blvd, Meridian Park, Austin, AL, 74998	USA
S1-005849	Quarry Chemicals Limited Liability Company	12/33 Kestrel Rd, Opp. City Library, Redwood Park, Peoria, AL	US
S1-005850	Harbor Trading Private Limited	210 Ravenwood Road, Northgate Nagar, Kochi, 767199	IN
S1-005851	Kestrel Enterprises Private Limited	196 Vertex St, Kochi, Maharashtra, 801261	India
S1-005852	Northgate Systems Company	26 Maplecrest St Tacoma, TX	United States
S1-005853	Northgate Systems Company	70 Harbor Ave, Silverline Park, Akron, WA	US
S1-005854	Brightpath Motors Corporation	Lantern St, Maplecrest Park, Fresno, AL	US
S1-005855	Maplecrest Goldleaf Foods Limited	262 Ironwood Cross, Meridian Nagar, Kochi, Tamil Nadu	IN
S1-005856	Clearwater Summit Services Company	240 Juniper rD Ironwood Park Fresno 68012	US
S1-005857	Meridian Electricals Private Limited	158 Goldleaf Road, Harbor Nagar, Nagpur, 446196	IN
S1-005858	Onyx Apex Electricals Incorporated	54 Clearwater Drive, Peoria, OH, 37326	United States
S1-005859	Lantern Motors Corporation	148 Ravenwood Dr, Clearwater Park, Tacoma, IL	US
S1-005860	Lantern Motors Corporation	30 Harbor St Lubbock WA 59327	US
S1-005861	Apex Foods Corporation	136 Northgate Dr, Stnoebridge Park, Lubbock, CA, 99127	US
S1-005862	Ironwood Motors Limited Liability Company	162 Northgate Street, Meridian Park, Austin, 75879	United States
S1-005863	Brightpath Trading Limited	Coimbatore, MP, 756472, 322 Stonebridge Mn	India
S1-005864	Goldleaf Brightpath Electricals Limited Liability Company	36 Cobalt Boulevard, Fresno, 64496	United States
S1-005865	Summit Enterprises Private Limited	17 Summit Street, Indore, Northgate Nagar	IN
S1-005866	Juniper Services Private Limited	Clearwater St, Meridian Nagar, Surat, Rajatshan, 428790	India
S1-005867	Harbor Logistics Incorporated	240 Harbor Boulevard, Summit Park, Behind the Civic Center, Mobile, OH	United States
S1-005868	Maplecrest Kestrel Motors Limited	257 Goldleaf Road, Cobalt Nagar, Indore, Rajasthan	India
S1-005869	Silverline Motors Incorporated	351 Ravenwood St Tacoma	US
S1-005870	Silverline Motors Incorporated	62 Stonebridge Road, Cobalt Park, Akron, AL	US
S1-005871	Orchid Fabrics Private Limited	Near Metro PPillar 42, 3 Ravenwood Mn, Clearwater Nagar, Jaipur, Maharashtra, 198108	India
S1-005872	Orchid Fabrics Private Limited	314 Lantern Cross, Sunstone Nagar,Pune, Kerala, 908152	India
S1-005873	Orchid Harbor Chemicals Incorporated	Ravenwood Park, Mobile, IL, 77833, 338 Northgate Aev	USA
S1-005874	Meridian Trading Limited Liability Company	57 Clearwater Ave, Quarry Park, Akron, WA, 18168	USA
S1-005875	Lantern Trading Limited	8/87 Meridian Cross Silverline Nagar Jaipur Gujarat 409472	India
S1-005876	Ravenwood Textiles Incorporated	12/50 Juniper Ave, Falcon Par,k Peoria, 41966	USA
S1-005877	Ravenwood Textiles Incorporated	33 Redwoood Boulevard, Northgate Park, TX, 41009, Peoria	USA
S1-005878	Sunstone Fabrics Incorporated	195 Goldleaf Road Bluepeak Park Tacoma	United States
S1-005879	Northgate Industries Limited	20 Stonebridge Mn Lantern Nagar Indore Kerala 996383	IN
S1-005880	Redwood Consultancy Corporation	Near Exit 14, 350 Brightpath Dr, Peoria, Northgate Park	US
S1-005881	Apex Textiles Incorporated	38/32 Stonebridge St Kestrel Park Akron WA 50581	USA
S1-005882	Falcon Systems Private Limited	361 Cobalt Mn, Apex Nagar, Coimbatore, 972471	IN
S1-005883	Falcon Systems Private Limited	310 Harbor Mn, Orchid Nagar, Tamil Nadu, Kochi	India
S1-005884	Northgate Electricals Private Limited	78 Lantern Road, Meridian Nagar, Indore, Tamil Nadu, 356345	India
S1-005885	Northgate Electricals Private Limited	198 Redwood Rd, Quarry Nagar, Jaipur, Gujarat, 411400	India
S1-005886	Bluepeak Logistics Limited Liability Company	344 Goldleaf Street, Goldleaf Park, Opp. City Library, Austin	United States
S1-005887	Lantern Trading Company	389 Lantern Ave, Stonebridge Prak, Peoria, OH, 40757	United States
S1-005888	Apex Fabrics Limited Liability Company	339 Northgate Street, Lubbock, WA, 58019	US
S1-005889	Apex Fabrics Limited Liability Company	Behind the Civic Center, 36/65 Ironwood Blvd, Redwood Park, Lubbock	USA
S1-005890	Silverline Electricals Private Limited	33/71 Sunstone Road, Kestrel Nagar, Pune	India
S1-005891	Silverline Electricals Private Limited	Behind Ganesh Temple 8 Silverline Rd Pune Kerala	India
S1-005892	Ironwood Clearwater Systems Limited Liability Company	88 Cobalt Dr, Smmit Park, Mobile, 50379	United States
S1-005893	Stonebridge Textiles Incorporated	304 Meridian Ave Meridian Park Tacoma	USA
S1-005894	Harbor Trading Company	178 Summit Drive Maplecrest Park AL 48859 kron	US
S1-005895	Cobalt Trading Corporation	81 Silverline Ave Summit Park Mobile IL	United States
S1-005896	Brightpath Packaging Private Limited	81 Sunstone Crs, Meridian Nagar, Near Metro Pillar 42, Nagpur, Rajasthan	IN
S1-005897	Cobalt Onyx Logistics Private Limited	135 Onyx Marg, Ravenwood Nagar, Jaipur, Kerala, 805041	India
S1-005898	Silverline Textiles Corporation	275 Kestrel Ave, Kestrel Park, Fresno, 50055	US
S1-005899	Silverline Textiles Corporation	168 Meridian Boulevard, Opp. City Library, Fresno, TX	US
S1-005900	Stonebridge Onyx Textiles Private Limited	40 Cobalt Cross, Nagpur, 722588	India
S1-005901	Stonebridge Onyx Textiles Private Limited	4/53 Summit Cross, Nagpur, Gujarat, 320063	IN
S1-005902	Stonebridge Industries Incorporated	326 Falcon Road Bluepeak Park Akron IL 5026	USA
S1-005903	Stonebridge Industries Incorporated	55 Summit Ave, Quarry Park, Akron, AL, 44188	United States
S1-005904	Kestrel Enterprises Limited Liability Company	106 Stonebridge Avenue, Peoria, WA, 36814	USA
S1-005905	Stonebridge Foods Limited Liability Company	Opp. City Library, Stonebridge Avenue, Ravenwood Park, Akron, 73736	United States
S1-005906	Meridian Cobalt Electricals Limited	Juniper Rd, Summit Nagar, Indore, 735981, Tamil Nadu	India
S1-005907	Summit Industries Private Limited	9/32 Thistle Rd, Kochi, Gujarat, 780726	India
S1-005908	Summit Industries Private Limited	101 Apex St Northgate Nagar Kochi Rajasthan 939414	IN
S1-005909	Northgate Vertex Electricals Limited Liability Company	26 Redwood Blvd, Fresno, 92203	USA
S1-005910	Northgate Vertex Electricals Limited Liability Company	255 Thistle Ave, Maplecrest Park, Fresno, 22498	US
S1-005911	Apex Textiles Incorporated	250 Vertex Drive Redwood Park, Lubbock, WA	USA
S1-005912	Orchid Industries Corporation	113 Goldleaf Road, Thistle Park, Lubbock, 85116	USA
S1-005913	Brightpath Textiles Limited Liability Company	270 Apex Road, Ironwood Park, Mobile, 99564	USA
S1-005914	Brightpath Textiles Limited Liability Company	33/60 Ironwood Boulevard, Mobil, 88218	USA
S1-005915	Kestrel Consultancy Corporation	153 Meridian Ave, Lantern Park, Akron, TX	United States
S1-005916	Ironwood Maplecrest Enterprises Limited	324 Ravenwood St, Onyx Nagar, Surat 192685	India
S1-005917	Ironwood Maplecrest Enterprises Limited	330 Vertex Street, Near Metro Pillar 42, Bluepeak Nagar, Jaipur, Gujarat	India
S1-005918	Silverline Lantern Motors Limited Liability Company	Redwood St, Apex Park, Tacoma, 16781	USA
S1-005919	Northgate Services Private Limited	Near SBI ATM, 2/12 Orchid Main, Lantern Nagar, Pune, 632909	IN
S1-005920	Sunstone Solutions Corporation	108 Kestrel Ave Vertex Park Tacoma	US
S1-005921	Silverline Stonebridge Systems Incorporated	134 Falcon Blvd Tacoma OH	United States
S1-005922	Stonebridge Goldleaf Industries Incorporated	310 Stonebridge Rd, Fresno, IL, 72398	USA
S1-005923	Quarry Enterprises Private Limited	383 Bluepeak Main Harbor Nagar Pune Maharashtra	IN
S1-005924	Quarry Enterprises Private Limited	178 Falcon Main, Redwood Nagar, Pune, Kerala, 120179	India
S1-005925	Clearwater Consultancy Company	149 Summit Drive, Ironwood Park, Lubbock, IL, 64694	US
S1-005926	Clearwater Consultancy Company	Brightpath Boulevard, Onyx Park, Lubbock, CA, 77353	United States
S1-005927	Kestrel Textiles Company	318 Onyx Rd, Mobile, TX, 36412	US
S1-005928	Kestrel Textiles Company	315  Cobalt Avenue, Near Exit 14, Meridian Park, Mobile, 59620	United States
S1-005929	Onyx Harbor Industries Company	Northgate Rd, Silverline Park, Austin, 26661	United States
S1-005930	Quarry Foods Company	78 Orchid St, JuniperPark, Tacoma, IL	United States
S1-005931	Sunstone Fabrics Private Limited	165 Onyx Marg Bluepeak Nagar Jaaipur Rajasthan 127880	India
S1-005932	Sunstone Fabrics Private Limited	152 Lantern Street Apex Nagar Jaipur Maharashtra	IN
S1-005933	Goldleaf Bluepeak Chemicals Limited Liability Company	120 Lantern Boulevard, Mobile, Maplecrest Park	US
S1-005934	Meridian Falcon Motors Company	375 Northgate Boulevard, Silverlie Park, Mobile, WA	USA
S1-005935	Meridian Falcon Motors Company	207 Orchid Avee, Ironwood Park, Mobile	USA
S1-005936	Summit Meridian Textiles Corporation	199 Sunstone Road, Mobile, IL, 67768	US
S1-005937	Redwood Harbor Systems Limited Liability Company	149 Sunstone Avenue Redwood Park Lubbock 75203	United States
S1-005938	Redwood Harbor Systems Limited Liability Company	216 Apex Avenue, Summit Park, Mobile, 43174	United States
S1-005939	Vertex Services Incorporated	123 Ironwood Ave, Ravenwood Park, Akron, TX	USA
S1-005940	Vertex Services Incorporated	211 Apex treet, Orchid Park, Fresno, AL	USA
S1-005941	Onyx Trading Private Limited	Meridian Nagar Coimbatore 120192 361 Lantern Street	India
S1-005942	Clearwater Falcon Logistics Company	11 Falcon Dr, Kestrel Park ,Lubbock	USA
S1-005943	Clearwater Falcon Logistics Company	375 Orchid Dr Kestrel Park Fresno OH	USA
S1-005944	Thistle Trading Corporation	184 Ravenwood Ave, Lantern Park, Peoria, IL	US
S1-005945	Ironwood Chemicals Limited	18 Ironwood Main, Goldleaf Nagar, Nagpur, Rajasthan, 891645	India
S1-005946	Ironwood Chemicals Limited	172 Maplecreest Marg, Ironwood Nagar, Pune	India
S1-005947	Onyx Cobalt Services Corporation	8 Thistle Dr, Ironwood Park, Peoria, WA, 28056	United States
S1-005948	Maplecrest Logistics Private Limited	17 Ravenwood Rd Brightpath Nagar Indore Kerala 872397	India
S1-005949	Clearwater Solutions Private Limited	113 Cobalt Street Pune MP 381858	India
S1-005950	Clearwater Solutions Private Limited	Behind Ganesh Temple, 199 Onyx Crs, Falcon Nagar, Jaipur, Maharashtra, 412257	IN
S1-005951	Orchid Onyx Trading Private Limited	382 Brightpath Main, Thistle Nagar, Nagpur	India
S1-005952	Summit Packaging Private Limited	61 Summit St, Northgate Nagar, Indore,  855691	IN
S1-005953	Summit Packaging Private Limited	Maplecrest Marg, Lantern Nagar, Indore, Rajasthan	IN
S1-005954	Apex Clearwater Packaging Corporation	185 Lantern Road, Summit Park, Tacoma	United States
S1-005955	Thistle Motors Limited	304 Northgate Marg, Juniper Nagar, 819379, Nagpur	India
S1-005956	Sunstone Solutions Incorporated	16 Kestrel Ave, Sunstone Park, Akron, AL	United States
S1-005957	Sunstone Solutions Incorporated	221 Silverline Ave, Falcon Park, Fresno, 50680	US
S1-005958	Brightpath Fabrics Limited	Opp. Bus Depot, 330 Thistle Road, Goldleaf Nagar, Indore	IN
S1-005959	Brightpath Fabrics Limited	335 Harbor Main, Pune, Gujarat, Maplecrest Nagar	India
S1-005960	Goldleaf Consultancy Limited	89 Stonebridge St Meridian Nagar Pune	IN
S1-005961	Goldleaf Apex Foods Limited Liability Company	229 Brightpath Boulevard, Maplecrest Park, Fresno, WA, 90870	US
S1-005962	Sunstone Consultancy Limited	103 Apex Rd, Bluepeak Nagar, Nagpur, Tamil Nadu	IN
S1-005963	Sunstone Consultancy Limited Liability Company	234 Meridian Boulevard Sunstone Park Akron TX	US
S1-005964	Sunstone Consultancy Limited Liability Company	30 Goldleaf Rd, Onyx Park, Akron, CA	USA
S1-005965	Redwood Onyx Services Company	Redwood Boulevard Stonebridge Park Behind the Civic Center Lubbock TX 19135	USA
S1-005966	Summit Systems Private Limited	46 Ravenwood Rd, Goldleaf Nagar, Indore, 380852	India
S1-005967	Summit Systems Private Limited	387 Harbor Marg, Cobalt Nagar, Behind Ganesh Temple, Indore, Rajasthan	IN
S1-005968	Meridian Logistics Private Limited	279 Orchid Rd, Ravenwood Nagar, Coimbatore	IN
S1-005969	Meridian Industries Limited	214 Maplecrest Marg, Near Metro Pillar 42, Indore, Tamil Nadu, 702552	IN
S1-005970	Northgate Foods Incorporated	94 Orchid Drive, Apex Park, Tacoma, OH, 30229	United States
S1-005971	Onyx Consultancy Limited	260 Meridian Street, Surat, Rajasthan	IN
S1-005972	Falcon Bluepeak Electricals Private Limited	397 Summit Rd, Near Metro Pillar 42, Ironwood Nagar, Pune, 222171	India
S1-005973	Meridian Electricals Limited Liability Company	160 Goldleaf St, Lubbock, 20158	USA
S1-005974	Redwood Trading Corporation	369 Redwood Blvd, Sunstone Park, TX, 85984, Fresno	US
S1-005975	Ironwood Foods Private Limited	195 Ironwood Street, Sunstone Nagar, Surat, Kerala, 719687	India
S1-005976	Ravenwood Lantern Enterprises Private Limited	342 Sunstone Marg Clearwater Nagar Jaipur	India
S1-005977	Ravenwood Lantern Enterprises Private Limited	4/35 Redwood Marg, Northgate Nagar, Jaipur	India
S1-005978	Sunstone Motors Limited	161 Stonebridgee Street Indore Gujarat 179907	IN
S1-005979	Onyx Orchid Systems Private Limited	294 Silverline Road, Ironwood Nagar, Suat, Maharashtra	IN
S1-005980	Redwood Kestrel Motors Private Limited	139 Onyx Crs, Redwood Nagar, Coimbatore, MP	India
S1-005981	Orchid Packaging Limited	44 Ironwood Street, Falcon Nagar, 726027, Kochi	IN
S1-005982	Meridian Services Company	369 Clearwater Road, Akron, TX, 58174	United States
S1-005983	Falcon Cobalt Trading Limited Liability Company	177 Ironwood Dr, Kestrel Park, Fresno, AL 60427	USA
S1-005984	Ironwood Services Corporation	381 Silverline Drive Falcon Park Mobile AL 67290	US
S1-005985	Thistle Kestrel Foods Incorporated	Maplecrest Rd Kestrel Park Behind the Civic Center Peoria 11909	United States
S1-005986	Summit Systems Company	8 Thistle Rd, Meridian Park, Lubbock, AL, 43424	US
S1-005987	Cobalt Textiles Private Limited	253 Harbor St Jaipur MP	IN
S1-005988	Meridian Fabrics Private Limited	36/69 Clearwater Marg, Brightpath Nagar, Pune, Tamil Nadu, 651207	India
S1-005989	Apex Industries Corporation	37 Cobalt St, Brightpath Park, Opp. City Library, Fresno, TX, 92511	USA
S1-005990	Harbor Logistics Company	191 Orchid Ave, Mobile, TX, 87749	US
S1-005991	Ravenwood Services Private Limited	154 Stonebridge Marg, Near Metro Pillar 42, Onyx Nagar, Jaipur, 474429	India
S1-005992	Bluepeak Foods Limited	26/6 Lantern Marg Near Metro Pillar 42 Cobalt Nagar Pune MP 336372	IN
S1-005993	Stonebridge Electricals Corporation	388 Lantern Dr, Harbor Park Peoria, 38783	United States
S1-005994	Clearwater Motors Company	Clearwater St, Brightpath Park, Lubbock	United States
S1-005995	Clearwater Motors Company	132 Bluepeak Dr, Bluepeak Park, Austin, 38113	US
S1-005996	Quarry Packaging Company	360 Falcon Ave, Sunstone Park, Austin, IL	US
S1-005997	Quarry Packaging Company	242 Thistle Rd, Summit Park, Near Exit 14, Austin, 43310	US
S1-005998	Sunstone Textiles Incorporated	267 Clearwater Avenue, Peoria, CA	US
S1-005999	Cobalt Electricals Private Limited	150 Vertex Marg, Falcon Nagar, Surat, MP, 490227	IN
S1-006000	Thistle Electricals Private Limited	10/86 Brightpath Main, Quarry Nagar, Jaipur, Kerala, 481289	IN
S1-006001	Ravenwood Trading Private Limited	Summit Rd, Behind Ganesh Temple, Nagpur, Maharashtra, 404453	IN
S1-006002	Kestrel Electricals Private Limited	334 Maplecrest Cross, Clearwater Nagar, Surat, 110547	IN
S1-006003	Ravenwood Services Private Limited	Stonebridge Rd, Bluepeak Nagar, Nagpur, Kerala, 524144	IN
S1-006004	Kestrel Solutions Limited	364 Onyx Marg, Surat, Maharashtra, 272842, Harbor Nagar	India
S1-006005	Vertex Services Incorporated	Onyx Ave, Orchid Park, Peoria, TX	USA
S1-006006	Vertex Trading Corporation	348 Sunstone Boulevard Goldleaf Park Akron CA 91091	United States
S1-006007	Vertex Trading Corporation	228 Ironwood Drive, Kestrel Park, Tacoma, CA, 15533	US
S1-006008	Thistle Onyx Textiles Limited Liability Company	Goldleaf Blvd, Ironwood Park, Fresno, AL, 11949	USA
S1-006009	Thistle Onyx Textiles Limited Liability Company	216 Vertex Avenue, Fresno, 61111	United States
S1-006010	Kestrel Textiles Company	Juniper Road, Meridian Park, Tacoma, WA, 36195	USA
S1-006011	Silverline Solutions Private Limited	100 Clearwater Road Stonebridge Nagar Near Metro Pillar 42 Pune 140304	IN
S1-006012	Ironwood Motors Private Limited	30 Ironwood Marg Meridian Nagar Indore MP	India
S1-006013	Silverline Vertex Enterprises Private Limited	Thistle Road, Thistle Nagar, Coimbatore, Tamil Nadu, 547382	IN
S1-006014	Silverline Vertex Enterprises Private Limited	Behind Ganesh Temple, 190 Kestrel Mn, Coimbatore, 478752	IN
S1-006015	Silverline Northgate Enterprises Incorporated	209 Falcon Drive Vertex Park Peoria16358	US
S1-006016	Silverline Northgate Enterprises Incorporated	378 Stonebridge Avenue, Meridian Park, Fresno, 15954	USA
S1-006017	Vertex Chemicals Corporation	8/50 Thistle Avenue, Clearwater Park, Fresno, CA	United States
S1-006018	Vertex Chemicals Corporation	145 Juniper Road, Fresno, TX	USA
S1-006019	Harbor Textiles Private Limited	299 Sunstone Road, Birghtpath Nagar, Nagpur	India
S1-006020	Harbor Textiles Private Limited	187 Vertex Street, Cobalt Nagar, Nagpur, Tamil Nadu	IN
S1-006021	Juniper Chemicals Private Limited	Northgate Nagar, Surat, MP, 887393, 248 Stonebridge St	IN
S1-006022	Juniper Ravenwood Services Limited	240 Thistle Rd, Lantern Nagar, Surat, 597947	IN
S1-006023	Redwood Solutions Limited Liability Company	215 Kestrel Avenue, Vertex Park, Lubbock, IL, 88036	United States
S1-006024	Redwood Solutions Limited Liability Company	156 Ravenwood Street Onyx Park Lubbck OH 19233	USA
S1-006025	Goldleaf Solutions Corporation	188 Maplecrest Road, Silverline Park, Fresno, IL, 42776	US
S1-006026	Goldleaf Solutions Corporation	Opp. City Library, 46 Raenwood Blvd, Ironwood Park, Austin, TX, 19814	United States
S1-006027	Northgate Foods Limited Liability Company	187 Cobalt St, Redwood Park, Akron, IL, 15100	USA
S1-006028	Harbor Enterprises Limited	38/39 Clearwater Road, Goldleaf Nagar, Indore, MP	IN
S1-006029	Apex Logistics Private Limited	174 Onyx Crs, Near Metro Pillar 42, Vertex Nagar, Nagpur, Kerala, 291412	IN
S1-006030	Goldleaf Packaging Private Limited	Summit St, Bluepeak Nagar, Indore	IN
S1-006031	Juniper Industries Limited	160 Brightpath Main, Cobalt Nagar, Kochi, Tamil Nadu, 799665	IN
S1-006032	Sunstone Chemicals Limited Liability Company	207 Thistle Road, Peoria, W,A 73130	United States
S1-006033	Sunstone Chemicals Limited Liability Company	85 Harbor Boulevard, Orchid Park, Lubbock, OH, 57152	US
S1-006034	Ravenwood Enterprises Incorporated	348S tonebridge St, Stonebridge Park, Tacoma, TX, 93834	USA
S1-006035	Ravenwood Enterprises Incorporated	Opp. City Library, Quarry Avenue, Orchid Park, Austin, AL	US
S1-006036	Stonebridge Enterprises Limited	169 Silverline St, Ironwood Nagar, Nagpur, Kerala, 296847	India
S1-006037	Stonebridge Enterprises Limited	Opp. Bus Depot, Ironwood Marg, Sunstone Nagar, Pune, Tamil Nadu, 735937	India
S1-006038	Brightpath Textiles Incorporated	220 Harbor Boulevard, Tacoma, WA, 71265	United States
S1-006039	Ironwood Fabrics Company	188 Quarry Boulevard, Austin, TX, 73417	United States
S1-006040	Summit Apex Solutions Corporation	69 Onyx Street, Quarry Park, Lubbock, OH, 90848	US
S1-006041	Vertex Consultancy Corporation	Stonebridge Park, Austin, 76 Ravenwood St	USA
S1-006042	Ironwood Systems Limited Liability Company	Lantern Blvd Lantern Park Austin 72930	United States
S1-006043	Lantern Consultancy Company	120 Thistle Rd, Goldleaf Park, Akron, 42401	United States
S1-006044	Sunstone Ravenwood Systems Private Limited	389 Brightpath Main, Juniper Nagar, 196332, Kochi	India
S1-006045	Harbor Thistle Enterprises Private Limited	72 Maplecrest Road, Brightpath Nagar, Jaipur, Rajasthan, 244218	IN
S1-006046	Thistle Enterprises Company	1 Juniper Ave, Opp. City Library, Kestrel Park, Lubbock, OH	USA
S1-006047	Stonebridge Chemicals Company	179 Orchid St, Silverline Park, Tacoma, 75053	USA
S1-006048	Stonebridge Chemicals Company	345 Lantern Drive Akron 65046	United States
S1-006049	Quarry Fabrics Private Limited	351 Brightpath Cross Ravenwood Nagar Indore 423954	IN
S1-006050	Apex Trading Incorporated	233 Silverline Drive, Quarry Park, Luubbock, AL	US
S1-006051	Sunstone Solutions Private Limited	Redwood Nagar, Jaipur, Gujarat, 523887, 188 Thistle Road	IN
S1-006052	Sunstone Brightpath Fabrics Private Limited	Near SBI ATM Cobalt Crs Juniper Nagar Pune 410784	IN
S1-006053	Sunstone Brightpath Fabrics Private Limited	Near SBI ATM 107 Summit Marg Pune 452475	IN
S1-006054	Sunstone Textiles Private Limited	78 Sunstone Rd Kestrel Nagar Surat Tamil Nadu 840388	India
S1-006055	Sunstone Textiles Private Limited	46 Orchid Main, Behind Ganesh Temple, Orchid Nagar, Surat Kerala, 954468	India
S1-006056	Sunstone Services Private Limited	289 Northgate Marg Pune Tamil Nadu 534408	India
S1-006057	Northgate Electricals Private Limited	69 Thistle Marg, Brightpath Nagar, Jaipur	India
S1-006058	Cobalt Services Private Limited	82 Quarry St, Brightpath Nagar, Surat	India
S1-006059	Ravenwood Enterprises Limited	39/32 Thistle Rd, Brightpath Naagr, Nagpur	IN
S1-006060	Ravenwood Enterprises Limited	31/64 Lantern Street, Sunstone Nagar, Pune, 896337	India
S1-006061	Maplecrest Summit Services Private Limited	187 Ironwood Rd, Ironwood Nagar, Surat, 560502	India
S1-006062	Bluepeak Textiles Corporation	175 Maplecrest Ave, Brightpath Park, Lubbock, OH, 53266	USA
S1-006063	Kestrel Apex Solutions Incorporated	365 Onyx Avenue, Akrron, TX, 82382	United States
S1-006064	Clearwater Enterprises Incorporated	103 Cobalt Blvd, Orchid Park, Akron, TX	US
S1-006065	Bluepeak Solutions Incorporated	230 Stonebridge Avenue, Ironwood Park, Akron	United States
S1-006066	Vertex Fabrics Private Limited	355 Ravenwood Marg Redwood Nagar Surat Gujarat 627395	India
S1-006067	Meridian Silverline Consultancy Corporation	296 Orchid Boulevard, Opp. City Library, Mobile, WA, 82921	United States
S1-006068	Quarry Electricals Incorporated	Behind the Civic Center, 231 Apex Blvd, Vertex Park, Lubbock, 37802	United States
S1-006069	Cobalt Stonebridge Consultancy Company	291 Harbor Road, Falcon Park, Lubbock, OH	US
S1-006070	Silverline Textiles Private Limited	186 Harbor Main, Falcon Nagar, Pune, 845244	India
S1-006071	Meridian Enterprises Limited	Vertex Road, MaplecrestNagar, Nagpur, Gujarat, 292874	IN
S1-006072	Meridian Enterprises Limited	340 Orchid Street, Kochi, 800165	India
S1-006073	Cobalt Stonebridge Foods Company	267 Juniper Drive, Bluepeak Park, Opp. City Library, Peoria, CA	United States
S1-006074	Maplecrest Ironwood Services Incorporated	201 Silverline St, Austin, IL, 11084	USA
S1-006075	Maplecrest Services Corporation	32/84 Redwood Street, Austin, WA, 49183	US
S1-006076	Silverline Summit Systems Limited	105 Onyx Cross Summit Nagar Nagpur Gujarat	India
S1-006077	Ironwood Systems Limited	66 Harbor Rd, Redwood Nagar, Indore, Maharashtra, 168450	IN
S1-006078	Juniper Consultancy Corporation	194 Veretx Boulevard, Lantern Park, Peoria, 20184	USA
S1-006079	Juniper Foods Private Limited	307 Harbor Street, Vertex Nagar, Surat, Maharashtra, 840604	IN
S1-006080	Stonebridge Cobalt Consultancy Limited Liability Company	231 Goldleaf Blvd, Opp. City Library, Falcon Park, Mobile, CA	US
S1-006081	Stonebridge Cobalt Consultancy Limited Liability Company	16/47 Orchid Street, Falcon Park, Peoria, AL, 79203	USA
S1-006082	Onyx Industries Incorporated	210 Orchid Drive, Tacoma, AL	USA
S1-006083	Onyx Packaging Limited	103 Summit Main Brightpath Nagar Indore	India
S1-006084	Meridian Electricals Private Limited	28 Juniper Cross, Onyx Nagar, Kochi, 669354	IN
S1-006085	Onyx Services Incorporated	32/74 Stonebridge Boulevard, Apex Park, Peoria, WA, 76660	US
S1-006086	Juniper Ironwood Enterprises Company	Behind the Civic Center, 28 Falcon Boulevard, Fresno, OH, 38278	United States
S1-006087	Falcon Electricals Limited	Thistle Nagar, Nagpur, 760756, 233 Onyx Street	IN
S1-006088	Falcon Electricals Limited	20/36 Kestrel Street, Jaipur, Tamil Nadu	India
S1-006089	Summit Ravenwood Foods Limited Liability Company	116 Stonebridge Rd, Orchid Park, Lubbock, OH, 30983	United States
S1-006090	Summit Ravenwood Foods Limited Liability Company	94 Clearwater Rd, Goldleaf Park, Lubbock, WA	USA
S1-006091	Ironwood Packaging Private Limited	Near SBI ATM, 12 Juniper Marg, Maplecrest Nagar, Tamil Nadu, 650493, Kochi	India
S1-006092	Meridian Chemicals Limited Liability Company	102 Goldleaf Road, Ravenwood ark, Akron, TX, 72785	US
S1-006093	Apex Chemicals Incorporated	270 Vertex Ave, Maplecrest Park, Akron	United States
S1-006094	Quarry Solutions Limited Liability Company	Behind the Civic Center, 295 Redwood St, Maplecrest Park, Akron, IL, 36198	United States
S1-006095	Ironwood Systems Incorporated	11 Onyx Avenue, Akron, AL, Quarry Park	United States
S1-006096	Silverline Chemicals Incorporated	204 Thistle Dr, Meridian Park, Lubbock, 37053	United States
S1-006097	Meridian Consultancy Limited Liability Company	381 Cobalt St, Stonebridge Park, Near Ext 14, Peoria, WA, 23713	United States
S1-006098	Clearwater Enterprises Limited Liability Company	Lantern Park, Peoria, 23 Meridian Rd	US
S1-006099	Falcon Fabrics Limited	227 Ironwood Main, Silverline Nagar, Kochi, 582244	IN
S1-006100	Northgate Textiles Limited	377 Bluepeak Rd, Quarryy Nagar, Coimbatore, Maharashtra, 756585	India
S1-006101	Kestrel Fabrics Private Limited	4 Juniper St Apex Nagar Pune MP	India
S1-006102	Harbor Northgate Foods Private Limited	Ironwood Mn, Orchid Nagar, Coimbatore	IN
S1-006103	Harbor Northgate Foods Private Limited	130 Redwood St Quarry Nagar Coimbatore	IN
S1-006104	Falcon Logistics Private Limited	216 Maplecrest Cross, Orchid Nagar, Surat, 431781	IN
S1-006105	Falcon Logistics Private Limited	387 Thistle Rd Falcon Nagar Coimbatore MP 664791	IN
S1-006106	Sunstone Services Private Limited	Near SBI ATM, 19/51 Redwood Crs, Onyx Nagar, Pune, MP	India
S1-006107	Thistle Motors Limited	28 Orchid Main, Lantern Nagar, Near SBI ATM, Indore	India
S1-006108	Thistle Motors Limited	Thistlee Marg, Pune	IN
S1-006109	Harbor Harbor Enterprises Limited Liability Company	109 Meridian St, Vertex Park, Lubbock, OH, 37854	United States
S1-006110	Orchid Motors Private Limited	389 Lantern Rd, Coimbatore	India
S1-006111	Orchid Motors Private Limited	Vertex Street, Cobalt Nagar, Coimbatore	IN
S1-006112	Maplecrest Textiles Private Limited	368 Kestrel Mn, Summit Nagar, Coimbatore, Maharashtra, 743640	IN
S1-006113	Onyx Electricals Incorporated	54 Onyx Road, Stonebridge Park, Lubbock, CA	United States
S1-006114	Lantern Enterprises Incorporated	397 Lantern Street, Ravenwood Park, Tacoma, 42092	United States
S1-006115	Stonebridge Kestrel Electricals Private Limited	Orchid Mn, Ravenwood Nagar, Coimbatore, Maharashtra, 519385	IN
S1-006116	Thistle Trading Private Limited	20/30 Falcon Mn, Near Metro Pillar 42, Redwood Nagar, Nagpur, Kerala	IN
S1-006117	Maplecrest Ravenwood Logistics Private Limited	32/29 Kestrel Marg Redwood Nagar Indore Tamil Nadu 557834	IN
S1-006118	Falcon Solutions Limited Liability Company	Behind the Civic Center, 349 Silverline Dr, Tacoma	US
S1-006119	Orchid Foods Private Limited	152 Stonebridge Marg, Lantern Nagar, MP, Coimbatore	IN
S1-006120	Stonebridge Industries Limited Liability Company	12 Stonebridge Blvd, Goldleaf Park, Akron, 30349	USA
S1-006121	Stonebridge Industries Limited Liability Company	27/53 Ironwood Dr Falcon Park Tacoma TX	US
S1-006122	Clearwater Foods Private Limited	Brightpath St, Sunstone Nagar, Nagpur, Kerala	IN
S1-006123	Clearwater Foods Private Limited	242 Goldleaf Marg, Redwood Nagar, Indore	IN
S1-006124	Falcon Enterprises Limited	394 Summit Cross, Silverline Nagar, Surat, Kerala	IN
S1-006125	Thistle Consultancy Corporation	360 Summit Drive, Tacoma, CA, 46160	US
S1-006126	Thistle Consultancy Corporation	34 Orchi dStreet, Peoria, OH	US
S1-006127	Clearwater Trading Incorporated	31/8 Onyx Blvd Apex Park Mobile CA 67879	United States
S1-006128	Bluepeak Enterprises Incorporated	Behind the Civic Center 106 Juniper Street Silverline Park Mobile AL 56814	US
S1-006129	Ravenwood Services Limited Liability Company	216 Orchid Road, Kestrel Park, Tacoma, OH, 21513	United States
S1-006130	Goldleaf Silverline Motors Limited Liability Company	Onyx Blvd, Northgate Park, Akron, CA, 54502	US
S1-006131	Quarry Maplecrest Services Company	Behind the Civic Center, 205 Lantern Blvd, Austin, OH, 45822	United States
S1-006132	Sunstone Consultancy Limited Liability Company	31 Goldleaf Dr Cobalt PPark Opp. City Library Mobile IL 64884	United States
S1-006133	Meridian Fabrics Private Limited	319 Maplecrest Street, Thistle Nagar, Jaipur, 292163	IN
S1-006134	Goldleaf Electricals Private Limited	183 Vertex Crs, Apex Nagar, Indore	India
S1-006135	Apex Onyx Industries Private Limited	258 Silverline Mn, Clearwater Nagar, Coimbatore, MP	IN
S1-006136	Thistle Meridian Solutions Limited	Bluepeak Rd, Cobalt Nagar, Jaipur, Rajasthan	IN
S1-006137	Thistle Meridian Solutions Limited	304 Silverline Street, Cobalt Nagar, Jaipur, Opp. Bus Depot	IN
S1-006138	Apex Solutions Limited	247 Falcon Mn, Juniper Nagar, Indore, Maharashtra	India
S1-006139	Apex Solutions Limited	343 Falcon Street, Thistle Nagar, Opp. Bus Depot, Indore, 510825	IN
S1-006140	Bluepeak Enterprises Limited Liability Company	168 Silverline Blvd, 16953, Mobile	US
S1-006141	Quarry Chemicals Limited Liability Company	36 Sunstone Blvd, Silverline Park, Fresno, 26293	USA
S1-006142	Ravenwood Consultancy Incorporated	154 Onyx Road, Northgate Park, Fresno	United States
S1-006143	Onyx Consultancy Corporation	268 Northgate Drive, Cobalt Park, Lubbock, CA, 35243	US
S1-006144	Redwood Silverline Logistics Corporation	5 Onyx Blvd Harbor Park Fresno	United States
S1-006145	Onyx Trading Incorporated	216 Cobalt Boulevard, Fresno, TX, 92913	United States
S1-006146	Ravenwood Quarry Fabrics Private Limited	Redwood Rd, Near SBI ATM, Clearwater Nagar, 649258, Nagpur	India
S1-006147	Ravenwood Quarry Fabrics Private Limited	214 Northgate Street, Kochi, Maharashtra, 880968	India
S1-006148	Cobalt Falcon Fabrics Private Limited	314 Silverline Crs, Vertex Nagar Kochi, Gujarat	India
S1-006149	Juniper Fabrics Limited	24 Juniper Rd, Cobalt Nagar, Pune, Rajasthan, 475466	India
S1-006150	Redwood Clearwater Fabrics Corporation	51 Maplecrest Boulevard, Ravenwood Park, Austin, 94670	US
S1-006151	Kestrel Consultancy Limited Liability Company	399 Goldleaf Road Goldleaf Park Akron 70143	USA
S1-006152	Orchid Meridian Textiles Company	6/82 Harbor Boulevard Ironwood Park Tacoma WA 85880	US
S1-006153	Silverline Harbor Foods Incorporated	Behind the Civic Center 17 Northgate Ave OH 51071 Akron	USA
S1-006154	Onyx Fabrics Limited	138 Sunstone Street, Stonebridge Nagar, Surat, Rajasthan, 514019	IN
S1-006155	Goldleaf Electricals Private Limited	375 Ravenwood Rd, Coimbatore	IN
S1-006156	Falcon Orchid Systems Limited Liability Company	389 Quarry Drive, Apex Park, Fresno, 16813	USA
S1-006157	Redwood Silverline Consultancy Private Limited	8 Ironwood Road, Northgate Nagar, Coimbatore, 147865	India
S1-006158	Falcon Logistics Company	183 Meridian Street Tacoma WA 61400 Summit Park	USA
S1-006159	Ironwood Ravenwood Motors Limited Liability Company	328 Juniper Rd, Lubbock, 72561	United States
S1-006160	Ironwood Ravenwood Motors Limited Liability Company	64 Apex Ave, Brightpath Park, Peoria, IL, 53974	United States
S1-006161	Stonebridge Textiles Corporation	Near Exit 14, 45 Kestrel Blvd, Bluepeak Park, Tacoma, 59229	US
S1-006162	Stonebridge Enterprises Private Limited	Near Metro Pillar 42, 369 Onyx Main, Sunstone Nagar, Surat, 276044	IN
S1-006163	Stonebridge Enterprises Private Limited	196 Thistle Marg, Ironwood Nagar, Jaipur, 456058	IN
S1-006164	Redwood Goldleaf Services Private Limited	235 Vertex Rd, Nagpur, Tamil Nadu	IN
S1-006165	Summit Fabrics Private Limited	Opp. Bus Depot, 280 Brightpath Crs, Meridian Nagar, Coimbatore	IN
S1-006166	Silverline Industries Limited Liability Company	Near Exit 14, Harbor Street, Austin, TX, 34846	USA
S1-006167	Brightpath Falcon Packaging Corporation	135 Vertex St, Near Exit 14, Maplecrest Park, Austin, CA, 98245	United States
S1-006168	Maplecrest Onyx Logistics Company	Stonebridge St Silverline Park Akron 79108	US
S1-006169	Bluepeak Services Corporation	340 Summit Dr, Meridian Park, Mobile, 10991	US
S1-006170	Goldleaf Motors Company	Cobalt Rd, Peoria, IL, 29095	US
S1-006171	Northgate Meridian Foods Private Limited	344 Bluepeak St, Sunstone Nagar, Pune	India
S1-006172	Harbor Logistics Private Limited	Bluepeak Nagar, Nagpur, Kerala, 780515, Quarry Mn	India
S1-006173	Harbor Logistics Private Limited	303 Harbor Crs Ravenwood Nagar Nagpur 880401	India
S1-006174	Juniper Brightpath Motors Corporation	11 Northgate Street, Stonebridge Park, Lubbock, 97137	USA
S1-006175	Ravenwood Systems Private Limited	6/72 Redwood Cross, Pune, Gujarat, 374068	IN
S1-006176	Lantern Ironwood Electricals Incorporated	21 Ironwood Dr Apex Park Peoria CA 52052	USA
S1-006177	Ravenwood Trading Company	Meridian Avenu,e Peoria, OH, 76690	United States
S1-006178	Apex Enterprises Private Limited	176 Northgate Marg, Apex Nagar, Coimbatore	IN
S1-006179	Apex Enterprises Private Limited	217 Stonebridge Marg, Redwood Nagar, Coimbatore, Maharashtra, 319881	India
S1-006180	Lantern Textiles Corporation	46 Cobalt Street, Bluepeak Park, Behind the Civic Center, Lubbock, AL, 50365	USA
S1-006181	Brightpath Systems Company	11 Falcon Street, Lantern Park, Lubbock, TX	United States
S1-006182	Goldleaf Systems Private Limited	371 Quarry Marg, Harbor Nagar, Jaipur, MP	IN
S1-006183	Maplecrest Kestrel Industries Limited	12/71 Stonebridge Road, Apex Nagar, Jaipur, Maharashtra, 591487	India
S1-006184	Harbor Foods Limited Liability Company	151 Vertex Blvd Summit Park Mobile	US
S1-006185	Clearwater Redwood Textiles Limited	51 Onyx Rd Ravenwood Nagar Surat Gujarat	IN
S1-006186	Clearwater Redwood Textiles Limited	7 Northgate St Northgate Nagar Kochi	IN
S1-006187	Lantern Ravenwood Systems Private Limited	79 Falcon Main, Nagpur	India
S1-006188	Meridian Vertex Industries Corporation	Harbor Drive, Silverline Park, Akron, WA, 25970	USA
S1-006189	Falcon Enterprises Limited	Juniper Strete, Goldleaf Nagar, Behind Ganesh Temple, Kochi, Kerala	India
S1-006190	Sunstone Chemicals Private Limited	271 Falcon Marg Thistle Nagar Kochi Gujarat 870326	IN
S1-006191	Meridian Consultancy Private Limited	Summit Rd, Apex Nagar, Pune	IN
S1-006192	Juniper Solutions Corporation	354 Cobalt St, Opp. City Library, Fresno, CA	US
S1-006193	Lantern Packaging Private Limited	Harbor St, Near Metro Pillar 42, Ravenwood Nagar, Nagpur, MP, 650897	India
S1-006194	Sunstone Kestrel Logistics Private Limited	Falcon Street, Nagpur, Maharashtra, 129499	IN
S1-006195	Sunstone Kestrel Logistics Private Limited	363 Orchid Marg Thistle Nagar Nagpur Tamil Nadu	India
S1-006196	Vertex Clearwater Industries Private Limited	58 Bluepeak Main, Onyx Nagar, Coimbatore, Tamil Nadu, 905916	IN
S1-006197	Vertex Clearwater Industries Private Limited	Near SBI ATM, 133 Lantern Marg, Jaipur, Rajasthan	India
S1-006198	Brightpath Foods Private Limited	Clearwater St, Summit Nagar ,Jaipur	IN
S1-006199	Brightpath Foods Private Limited	Near Metro Pillar 42, 107 Apex Cross, Bluepeak Nagar, Jaipur, 228303	IN
S1-006200	Harbor Northgate Industries Private Limited	269 Stonebridge Crs, Quarry Nagar, Indore, 933333	IN
S1-006201	Harbor Northgate Industries Private Limited	148 Onyx Crs, Coimbatore, Tamil Nadu, 600465	IN
S1-006202	Summit Foods Limited	Near Metro Pillar 42, Goldleaf Road, Sunstone Nagar, Pune, 326230	India
S1-006203	Thistle Solutions Limited Liability Company	292 Harbor Street, Silverline Park, Austin, OH, 39594	USA
S1-006204	Onyx Ravenwood Fabrics Corporation	80 Harbor Dr Lubbock	US
S1-006205	Vertex Foods Limited	242 Goldleaf Road, Indore, MP	IN
S1-006206	Quarry Sunstone Trading Corporation	29/35 Juniper Avenue Sunstone Park Fresno	United States
S1-006207	Thistle Textiles Limited	250 Quarry Marg, Apex Nagar, Nagpur, Kerala, 954011	India
S1-006208	Silverline Trading Incorporated	314 Harbor Road, Mobile, TX	United States
S1-006209	Silverline Trading Incorporated	390 Clearwater Drive, Ravenwood Park, Tacoma, 32439	USA
S1-006210	Bluepeak Packaging Private Limited	Behind Ganesh Temple, 46 Maplecrest St, Thistle Nagar, Jaipur, Tamil Nadu	IN
S1-006211	Harbor Electricals Company	165 Maplecrest Ave Ironwood Park Austin 38833	US
S1-006212	Harbor Electricals Company	72 Falcon Boulevard, Stonebrige Park, Austin, WA, 40592	US
S1-006213	Northgate Foods Private Limited	14 Ironwood Crs, Maplecrest Nagar, Indore, Gujarat	IN
S1-006214	Kestrel Consultancy Company	158 Harbor Dr, Peoria, WA, 90139	United States
S1-006215	Apex Textiles Incorporated	30 Stonebridge Boulevard Apex Park Tacoma	USA
S1-006216	Vertex Redwood Electricals Limited	1/31 Onyx Main, Near Metro Pillar 42, Ironwood Nagar, Surat, Kerala, 540078	India
S1-006217	Ironwood Chemicals Private Limited	130 Vertex Road, Ravenwood Nagar, Coimbatore, 417701	India
S1-006218	Clearwater Lantern Logistics Incorporated	53 Ravenwood Avenue, Northgate Park, Fresno, TX, 36696	USA
S1-006219	Falcon Packaging Private Limited	295 Maplecrest Cross, Clearwater Nagar, Opp. Bus Depot, Jaipur, 229194	India
S1-006220	Ravenwood Consultancy Corporation	6 Falcon Blvd, Apex Park, Peoria, WA, 30981	USA
S1-006221	Sunstone Electricals Corporation	Lantern Park, Near Exit 14, Mobile, 54 Orchid Ave	US
S1-006222	Vertex Services Private Limited	73 Kestrel Marg, Apex Nagar, Surat, 948828	India
S1-006223	Vertex Services Private Limited	Summit Marg Juniper Nagar Opp. Bus Depot Surat Rajasthan 347375	IN
S1-006224	Summit Foods Limited Liability Company	110 Maplecrest Street, Vertex Park, Akron, 50993	United States
S1-006225	Stonebridge Logistics Limited Liability Company	169 Sunstone Raod, Peoria, IL	USA
S1-006226	Brightpath Packaging Corporation	Austin, 25/76 Stonebridge Street	US
S1-006227	Lantern Chemicals Company	96 Cobalt Boulevard, Ironwood Park, Mobile, WA, 96296	USA
S1-006228	Ravenwood Logistics Private Limited	150Harbor Marg, Goldleaf Nagar, Indore, 455254	India
S1-006229	Harbor Apex Chemicals Private Limited	5 Harbor Mn, Vertex Nagar, Behind Ganesh Temple, Surat, Rajasthan, 149509	IN
S1-006230	Brightpath Chemicals Limited Liability Company	353 Silverline St, Ironwood Park, Peoria	United States
S1-006231	Clearwater Kestrel Solutions Private Limited	10/67 Falcon St, Summit Nagar, Near Metro Pillar 42, Surat, Taamil Nadu	IN
S1-006232	Silverline Packaging Private Limited	255 Redwood Road, Kestrel Nagar, Kochi	IN
S1-006233	Cobalt Apex Motors Private Limited	389 Lantern Street, Onyx Nagar, Kochi, Kerala	India
S1-006234	Harbor Silverline Textiles Private Limited	Near SBI ATM, 105 Goldleaf Main, Quarry Nagar, Jaipur, Kerala, 254079	India
S1-006235	Vertex Textiles Limited	134 Onyx Crs, Clearwater Nagar, Opp. Bus Depot, Indore	India
S1-006236	Bluepeak Systems Private Limited	Behind Ganesh Temple, 135 Goldleaf Rd, Juniper Nagar,Jaipur	India
S1-006237	Juniper Foods Company	127 Cobalt Blvd, Goldleaf Park, Mobile, OH	United States
S1-006238	Juniper Foods Company	Maplecrest Road, Behind the Civic Center, Juniper Park, Peoria, 78118	USA
S1-006239	Clearwater Sunstone Trading Corporation	18 Orchid Rd, Ironwood Park, Mobile, WA	USA
S1-006240	Vertex Logistics Company	Onyx Road, Cobalt Park, Austin OH, 27785	United States
S1-006241	Ironwood Fabrics Company	231 Onyx Street, Lubbock, 13050	USA
S1-006242	Silverline Industries Private Limited	Ironwood Cross, Quarry Nagar, Opp. Bus Depot, Jaipur, 546197	IN
S1-006243	Silverline Industries Private Limited	Cobalt Main Orchid Nagar Kochi MP	India
S1-006244	Harbor Services Limited	Quarry Road, Brightpath Nagar, Coimbatore, Tamil Nadu	IN
S1-006245	Sunstone Foods Company	145 Goldleaf Dr, Cobalt Park, Austin, OH	USA
S1-006246	Sunstone Foods Company	357 Bluepeak Dr Maplecrest Park Austin	United States
S1-006247	Harbor Chemicals Limited Liability Company	207 Meridian Blvd, Lubbock, WA, 25830	US
S1-006248	Vertex Textiles Corporation	30/44 Thistle Avenue, Kestrel Park, Akron, 12762	United States
S1-006249	Vertex Textiles Corporation	133 Meridian Street, Akron, TX, 96833	United States
S1-006250	Northgate Foods Private Limited	356 Meridian Marg, Juniper Nagar, Pune	IN
S1-006251	Northgate Foods Private Limited	296 Quarry Main Pune Rajasthan	IN
S1-006252	Redwood Logistics Incorporated	46 Bluepeak Bld, Quarry Park, Austin, CA, 39902	US
S1-006253	Maplecrest Systems Incorporated	355 Stonebridge Rd, Mreidian Park, Tacoma, 84633	US
S1-006254	Maplecrest Systems Incorporated	283 Onyx Dr, Apex Park, Austin	USA
S1-006255	Thistle Systems Limited Liability Company	267 Redwood Rd Ravenwood Park Peoria TX 21856	USA
S1-006256	Clearwater Motors Private Limited	57 Stonebridge Marg, Kestrel Nagar, Surat, 804325	IN
S1-006257	Harbor Textiles Incorporated	29/52 Cobalt Drive Austin CA 52976	United States
S1-006258	Ironwood Harbor Textiles Limited	232 Falcon Rd, Stonebridge Nagar, Kochi, Kerala, 634835	India
S1-006259	Brightpath Stonebridge Logistics Private Limited	185 Silverline Crs, Northgate Nagar, Nagpur, MP	IN
S1-006260	Northgate Apex Textiles Private Limited	249 Ironwood Road, Summit Nagar, Kochi, Kerala, 567793	India
S1-006261	Onyx Ironwood Logistics Limited	Harbor Rd, Stonebridge Nagar, Coimbatore, 704111	IN
S1-006262	Juniper Solutions Private Limited	121 Verte St, Nagpur, Kerala	India
S1-006263	Onyx Apex Fabrics Company	271 Falcon Ave, Maplecrest Park, Austin, OH, 41791	United States
S1-006264	Quarry Packaging Limited Liability Company	240 Stonebridge Road, Onyx Park, Akron, 32683	United States
S1-006265	Sunstone Electricals Incorporated	321 Silverline Road, Thistle Park, Tacoma, AL, 16754	United States
S1-006266	Sunstone Electricals Incorporated	249 Maplecrest Ave Kestrel Park Akron OH 96950	US
S1-006267	Juniper Cobalt Textiles Private Limited	339 Redwood Rd, Surat, MP	IN
S1-006268	Juniper Cobalt Textiles Private Limited	348 Apex Rd, Meridian Nagar, Surat, 499820	IN
S1-006269	Northgate Trading Private Limited	266 Sunstone Mn, Ironwood Nagar, Jaipur, Rajasthan, 696397	IN
S1-006270	Ravenwood Motors Private Limited	103 Meridian R dJaipur 812530	India
S1-006271	Brightpath Services Company	149 Sunstone Dr, Akron, TX, 72287	United States
S1-006272	Brightpath Services Company	186 Harbor Street, Opp. City Library, Lantern Park, Akron, AL, 26082	US
S1-006273	Clearwater Fabrics Company	71 Quarr yRd Falcon Park Lubbock 28395	USA
S1-006274	Stonebridge Foods Limited Liability Company	42 Maplecrest Avenue Meridian Park Akron 38984	United States
S1-006275	Stonebridge Foods Limited Liability Company	179 Sunstone Avenue, Northgate Park, Akron, IL, 40836	United States
S1-006276	Juniper Systems Private Limited	162 Bluepeak Crs, Bluepeak Nagar, Indore, MP, 193973	India
S1-006277	Juniper Systems Private Limited	138 Thistle Marg, Lantern Nagar, Indore, Maharashtra, 850697	IN
S1-006278	Clearwater Trading Private Limited	32 Brightpath Main, Vertex Nagar, Coimbatore, Kerala, 866260	IN
S1-006279	Clearwater Trading Private Limited	93 Goldleaf Road, Goldleaf Nagar, Indore, Tamil Nadu, 645992	IN
S1-006280	Sunstone Fabrics Private Limited	Opp. Bus Depot, 23/84 Orchid Crs, Onyx Nagar, Pune, 678464	India
S1-006281	Ravenwood Packaging Company	Opp. City Library, 119 Northgate Drive, Mobile, OH, 23267	USA
S1-006282	Apex Foods Private Limited	266 Thistle Street, Thistle Nagar, Pune, 571659	India
S1-006283	Maplecrest Industries Private Limited	103 Silverline Cross Falcon Nagar 422962 Kochi	IN
S1-006284	Silverline Electricals Company	Falcon Boulevard, Stonebridge Park, Mobile, 30427	United States
S1-006285	Stonebridge Textiles Private Limited	71 Juniper Main, Kestrel Nagar, Indore, Behind Gaesh Temple	India
S1-006286	Stonebridge Textiles Private Limited	171 Cobalt Rd Maplecrest Nagar Indore 119559	India
S1-006287	Goldleaf Foods Limited Liability Company	Lantern Boulevard, Redwood Park, Tacoma, OH	United States
S1-006288	Goldleaf Foods Limited Liability Company	392 Apex Road, Opp. City Library, Stonebridge Park, Tacoma, AL	USA
S1-006289	Vertex Ironwood Trading Corporation	72 Quarry Avenue, Brightpath Park, Austin	US
S1-006290	Cobalt Systems Limited Liability Company	Meridian Park Tacoma 72150 279 Stonebridge Drive	USA
S1-006291	Kestrel Fabrics Corporation	Harbor Drive, Redwood Park, Mobile	USA
S1-006292	Kestrel Fabrics Corporation	155 Ravenwood St, Cobalt Park, Fresno, TX, 18590	USA
S1-006293	Meridian Packaging Private Limited	109 Maplecrest Road, Near SBI ATM, Northgate Nagar, Jaipur, 760415	IN
S1-006294	Kestrel Harbor Systems Limited	367 Northgat eRoad, Summit Nagar, Jaipur, Rajasthan	India
S1-006295	Kestrel Harbor Systems Limited	331 Clearwater Marg Behind Ganesh Temple Thistle Nagar Jaipur Rajasthan 940251	India
S1-006296	Meridian Apex Systems Private Limited	226 Goldleaf Marg, Apex Nagar, Nagpur, 638100	IN
S1-006297	Stonebridge Chemicals Company	Maplecrest Avenue Near Exit  14 Akron	USA
S1-006298	Stonebridge Chemicals Company	250 Summit Road, Kestrel Park, Lubbock, CA, 40335	US
S1-006299	Thistle Enterprises Incorporated	43 Kestrel St, Bluepeak Park, Near Exit 14, Fresno, OH, 78966	US
S1-006300	Brightpath Motors Incorporated	282 Quarry Street, Vertex Park, Lubbock, 73947	US
S1-006301	Brightpath Motors Incorporated	24/86 Juniper Blvd Lubbock 58052	United States
S1-006302	Stonebridge Logistics Limited Liability Company	37/82 Brightpath St Opp. City Library Bluepeak Park Lubbock 52646	USA
S1-006303	Stonebridge Logistics Limited Liability Company	186 Ravenwood Boulevard, Tacoma	USA
S1-006304	Stonebridge Textiles Private Limited	Behind Ganesh Temple, 36 Silverline Crs, Summit Nagar, Nagpur, Rajasthan	India
S1-006305	Quarry Packaging Incorporated	Thistle Blvd, Behind the Civic Center, Austin, OH, 97456	US
S1-006306	Quarry Packaging Incorporated	69 Bluepeak Blvd, Goldleaf Park, Austin, 13071	USA
S1-006307	Apex Electricals Limited Liability Company	278 Ravenwood Ave, Mobile, 32472	United States
S1-006308	Redwood Vertex Logistics Private Limited	331 Brightpath Mn, Harbor Nagar, Coimbatore, 610913	IN
S1-006309	Redwood Vertex Logistics Private Limited	198 Quarry Crs, Surat	IN
S1-006310	Lantern Fabrics Limited	151 Thistle St Summit Nagar Coimbatore 731305	India
S1-006311	Lantern Fabrics Limited	323 Brightpath Cross, Stonebridge Nagar, Coimbatore, 111828	IN
S1-006312	Lantern Orchid Logistics Company	16 Sunstone Drive Juniper Park Tacoma CA	USA
S1-006313	Maplecrest Solutions Private Limited	73 Maplecrest Road, Goldleaf Nagar, Indore, MP	IN
S1-006314	Maplecrest Solutions Private Limited	242 Brightpath Crs, Juniper Nagar, Pune, Gujarat	IN
S1-006315	Juniper Foods Private Limited	145 Harbor Street, Opp. Bus Depot, Meridian Nagar, Jaipur, 562833	IN
S1-006316	Northgate Brightpath Solutions Limited	312 Stonebridge Marg Apex Nagar Indore	India
S1-006317	Summit Foods Incorporated	43 Ravenwoodd Avenue Lubbock TX	USA
S1-006318	Orchid Services Company	1/7 Maplecrest Ave, Apex Park, Lubbock, AL	USA
S1-006319	Vertex Goldleaf Solutions Limited	Opp. Bus Depot, 192 Onyx Road, Coimbatore, Tamil Nadu, 954107	India
S1-006320	Vertex Goldleaf Solutions Limited	148 Cobalt St Sunstone Nagar Coimbatore 372898	India
S1-006321	Quarry Motors Limited	97 Ravenwood Mn, Jaipur, Gujarat	IN
S1-006322	Quarry Motors Limited	57 Lantern Stret, Juniper Nagar, Jaipur, Tamil Nadu, 709114	IN
S1-006323	Thistle Northgate Textiles Company	274 Bluepeak Street, Clearwater Park, Akron, WA, 80353	USA
S1-006324	Thistle Northgate Textiles Company	229 Stonebridge Ave, Celarwater Park, Akron, 73569	United States
S1-006325	Kestrel Textiles Incorporated	10/33 Harbor Blvd, Stonebridge Park, Peoria, AL	USA
S1-006326	Clearwater Trading Private Limited	172 Onyx St, Sunstone Nagar, Jaipur, 445677	India
S1-006327	Redwood Industries Incorporated	373 Kestrel Avenue, Harbor Park, Fresno, CA, 91183	United States
S1-006328	Kestrel Industries Private Limited	Thistle St, Coimbatore, 961180, Maharashtra	IN
S1-006329	Kestrel Industries Private Limited	53 Brightpath Rd, Bluepeak Nagar, Jaipur, Kearla, 670113	India
S1-006330	Thistle Logistics Private Limited	246 Onyx Rd, Surat, 661124	India
S1-006331	Thistle Logistics Private Limited	333 Redwood Street, Vertex Nagar, Nagpur, Kerala, 484762	India
S1-006332	Meridian Onyx Services Company	Behind the Civic Center, 38/64 Onyx Boulevard, Akron, 33878	US
S1-006333	Cobalt Harbor Consultancy Limited	293 Ravenwood Cross, Jaipur, 655448	IN
S1-006334	Stonebridge Trading Corporation	Apex Street, Goldleaf Park, Austin, CA, 64937	USA
S1-006335	Orchid Electricals Private Limited	325 Bluepeak Main, Ironwood Ngaar, Surat	IN
S1-006336	Orchid Electricals Private Limited	14 Kestrel Mn, Northgate Nagar, Indore	IN
S1-006337	Falcon Services Private Limited	197 Goldleaf Road Redwood Nagar Indore Tamil Nadu 197771	India
S1-006338	Kestrel Foods Private Limited	385 Ironwood Cross, Meridian Nagar, Coimbatore, 350956	IN
S1-006339	Bluepeak Silverline Solutions Corporation	204 Quarry Road, Thistle Park, Mobile, AL, 33955	USA
S1-006340	Bluepeak Silverline Solutions Corporation	319 Onyx Boulevard, Mobile, 77651	United States
S1-006341	Cobalt Quarry Packaging Company	179 Kestrel St, Apex Park, Lubbock, CA	United States
S1-006342	Summit Sunstone Chemicals Limited	203 Quarry RoadHarbor Nagar Kochi 456821	IN
S1-006343	Bluepeak Services Limited Liability Company	168 Cobalt Avenue, Cobalt Park, Lubbock, 34574	US
S1-006344	Ravenwood Solutions Private Limited	130 Onx Crs, Pune	IN
S1-006345	Lantern Trading Private Limited	Silverline Marg, Apx Nagar, Indore, Tamil Nadu	India
S1-006346	Maplecrest Consultancy Private Limited	104 Juniper Mn, Clearwater Nagar, Kochi	IN
S1-006347	Thistle Solutions Private Limited	247 Kestrel Road, Surat, Gujarat	IN
S1-006348	Thistle Solutions Private Limited	10/9 Goldleaf Crs, Thistle Nagar, Pune, 759390	India
S1-006349	Bluepeak Textiles Private Limited	18 Falcon Marg, Summit Nagar, Surat, 108748	IN
S1-006350	Bluepeak Textiles Private Limited	287 Stonebridge Marg, Orchid Nagar, Jaipur, 733270	India
S1-006351	Quarry Enterprises Company	155 Northgate Boulevard, Juniper Park, Austin, 82667	US
S1-006352	Harbor Stonebridge Foods Incorporated	20/18 Bluepeak Avenue, Falcon Park, Austin, 32606	US
S1-006353	Northgate Services Private Limited	388 Apex Mn, Thistle Nagar, Pune	India
S1-006354	Bluepeak Trading Private Limited	284 Ravenwood Marg, Indore, 387076	IN
S1-006355	Thistle Logistics Limited	186 Brightpath Street Northgate Nagar Nagpur Kerala 447020	IN
S1-006356	Harbor Goldleaf Logistics Corporation	203 Juniper Road, Redwood Park, Mobile, OH, 21229	USA
S1-006357	Falcon Enterprises Corporation	98 Harbor Drive, Harbor Park, Fresno, CA, 33920	United States
S1-006358	Orchid Packaging Corporation	56 Maplecrest Street, Peoria	United States
S1-006359	Northgate Packaging Limited Liability Company	113 Juniper Dr Harbor Park Peoria IL 63966	United States
S1-006360	Lantern Fabrics Company	Bluepeak Park, Peoria, AL, 52840, 42 Goldleaf Boulevard	United States
S1-006361	Sunstone Services Company	41 Harbor Drive, Silverline Park, Austn, 27271	USA
S1-006362	Ironwood Foods Limited	Northgate Nagar, Surat, 27/79 Redwood Street	India
S1-006363	Ironwood Services Private Limited	320 Brightpath Main, 882041, Nagpur	India
S1-006364	Juniper Foods Corporation	70 Ironwood Ave, Apex Park, Peoria, 37546	USA
S1-006365	Summit Chemicals Incorporated	Near Exit 14, 112 Redwood Avenue, Akron	United States
S1-006366	Cobalt Logistics Private Limited	327 Harbor Marg Falcon Nagar Jaipur Gujarat	India
S1-006367	Cobalt Consultancy Limited Liability Company	233 Quarry St, Quarry Park, Tacoma, TX, 28587	United States
S1-006368	Cobalt Consultancy Limited Liability Company	25 Silverline Bouulevard, Tacoma	USA
S1-006369	Ravenwood Apex Electricals Limited Liability Company	166 Sunstone Dr, Quarry Park, Mobile, 25163	USA
S1-006370	Vertex Northgate Foods Limited Liability Company	8/8 Clearwater Drive Orchid Park 59855 Lubbock	United States
S1-006371	Vertex Northgate Foods Limited Liability Company	Opp. City Library, 336 Thistle Ave, Quarry Park, Akron, WA, 25045	USA
S1-006372	Summit Services Corporation	134 Northgate Rd, Stonebridge Park, Behind the Civic Center, Peoria, WA, 55054	US
S1-006373	Sunstone Fabrics Private Limited	16/55 Redwood Marg, Surat, Tamil Nadu	IN
S1-006374	Sunstone Bluepeak Motors Limited Liability Company	229 Lantern Blvd, Opp. City Library, Northgate Park, Tacoma, WA, 97998	United States
S1-006375	Sunstone Bluepeak Motors Limited Liability Company	202 Orchid St Apex Park Akron OH 16354	United States
S1-006376	Lantern Enterprises Private Limited	256 Ironwood Marg, Ravenwood Nagar, Coimbatore, Rajasthan, 453834	IN
S1-006377	Onyx Trading Private Limited	31/38 Brightpath St, Coimbatore, 707174, Quarry Nagar	IN
S1-006378	Juniper Motors Corporation	238 Northgate Road, Falcon Park, Akron, AL, 64168	United States
S1-006379	Maplecrest Electricals Limited	Vertex Marg, Nagpur, 470698	IN
S1-006380	Ironwood Trading Limited Liability Company	219 Harbor Dr, Onyx Park, Lubbock, CA, 41126	United States
S1-006381	Ironwood Trading Limited Liability Company	339 Onyx St Juniper Park Lubbock TX 40460	United States
S1-006382	Falcon Industries Private Limited	Behind Ganesh Temple, 361 Lantern Crs, Cobalt Nagar, Nagpur, MP	IN
S1-006383	Summit Quarry Logistics Private Limited	Harbor Nagar, Indore, Tamil Nadu, 190482, 241 Falcon Cross	India
S1-006384	Falcon Brightpath Consultancy Limited Liability Company	273 Juniper Boulevard, Behind the Civic Center, Bluepeak Park, Austin, AL, 38100	USA
S1-006385	Falcon Brightpath Consultancy Limited Liability Company	335 Cobalt Boluevard, Akron, 55507	USA
S1-006386	Juniper Sunstone Packaging Limited	Brighttpath Crs, Bluepeak Nagar, Surat, Rajasthan, 883755	India
S1-006387	Thistle Northgate Logistics Limited	Behind Ganesh Temple, 140 Redwood Street, Pune	IN
S1-006388	Thistle Northgate Logistics Limited	303 Northgate Marg, Silverline Nagar, Pune, Rajasthan	IN
S1-006389	Lantern Cobalt Textiles Company	Fresno 359 Juniper Rd	USA
S1-006390	Maplecrest Solutions Limited	22 Juniper Marg, Kesterl Nagar, Nagpur, Gujarat, 742705	India
S1-006391	Juniper Electricals Incorporated	Near Exit 14, 24 Lantern Blvd, Meridian Park, Mobile, CA, 54853	USA
S1-006392	Orchid Lantern Solutions Limited	130 Lantern Marg, Orchid Nagar, Surat, Maharashtra, 379621	India
S1-006393	Orchid Lantern Solutions Limited	385 Apex Road, Kestrel Nagar, Pune, 650952	India
S1-006394	Goldleaf Electricals Private Limited	93 Goldleaf Crs, Summit Nagar, Kochi, Tamil Nadu	IN
S1-006395	Ravenwood Textiles Limited	277 Cobalt Marg, Opp. Bus Depot, Indore, Gujarat, 118076, Goldleaf Nagar	IN
S1-006396	Lantern Services Private Limited	223 Apex Street, Opp. Bus Depot, Sunstone Nagar, Jaipur, Gujarat, 368269	IN
S1-006397	Goldleaf Enterprises Private Limited	121 Clearwater Rd Clearwater Nagar Nagpur Rajasthan	IN
S1-006398	Juniper Solutions Limited	80 Ravenwood Street, Ravenwood Nagar, Pune, MP, 395751	India
S1-006399	Thistle Solutions Limited	243 Brightpath Mn, Silverline Nagar, Kochi, Kerala, 464241	IN
S1-006400	Goldleaf Fabrics Company	285 Ravenwood Rd, Meridian Park, Austin, 24442	USA
S1-006401	Goldleaf Fabrics Company	130 Onyx Drive, Onyx Park, Austin, CA, 35189	USA
S1-006402	Bluepeak Systems Private Limited	Opp. Bus Depot, 225 Sunstone Marg, Ravenwood Nagar, Jaipur, Tamil Nadu, 958295	IN
S1-006403	Falcon Electricals Private Limited	314 Thistle Road, Pune	IN
S1-006404	Maplecrest Industries Corporation	35 Falcon Ave, Northgate Park, Mobile	USA
S1-006405	Lantern Bluepeak Foods Incorporated	7 Lantern Boulevard, Vertex Park, Mobile, 11976	US
S1-006406	Lantern Bluepeak Foods Incorporated	164 Summit Drive, Maplecrest Park, Akron, OH	United States
S1-006407	Maplecrest Clearwater Trading Company	238 Apex Drive, Meridian Park, Fresno	United States
S1-006408	Orchid Chemicals Corporation	388 Orchid Avenue, Redwood Park, Austin	United States
S1-006409	Meridian Systems Corporation	7 Onyx Drive, Akron, 31869	United States
S1-006410	Meridian Systems Corporation	156 Orchid Boulevard, Stonebridge Park, Akron	US
S1-006411	Apex Solutions Private Limited	36 Ravenwood St, Goldleaf Nagar, Coimbatore, Rajasthan, 810373	IN
S1-006412	Ravenwood Industries Private Limited	113 Falcon Street Nagpur Kerala 788753	IN
S1-006413	Quarry Services Incorporated	26 2Thistle Ave, Meridian Park, Fresno, WA	USA
S1-006414	Orchid Logistics Corporation	250 Harbor St, Falcon Park, Lubbock,40767	US
S1-006415	Redwood Services Incorporated	73 Summit Road, Tacoma	US
S1-006416	Redwood Services Incorporated	36/40 Bluepeak Drive, Tacoma, 48860	United States
S1-006417	Summit Cobalt Solutions Incorporated	358 Silverline Drive, Vertex Park, Lubbock, 84428	United States
S1-006418	Northgate Ironwood Consultancy Limited	Behind Ganesh Temple, 46 Meridian Street, Thistle Nagar, Pune, 4822225	India
S1-006419	Northgate Ironwood Consultancy Limited	Near SBI ATM, 17 Vertex Mn, Summit Nagar, Nagpur, Gujarat, 708043	India
S1-006420	Ironwood Enterprises Private Limited	11/48 Apex Mn, Coimbtaore, 454928	India
S1-006421	Ironwood Enterprises Private Limited	149 Goldleaf Marg, Behind Ganesh Temple, Onyx Nagar, Coimbatore, 288377	IN
S1-006422	Ravenwood Sunstone Foods Limited Liability Company	254 Brightpath Roaad Silverline Park Fresno AL	US
S1-006423	Harbor Textiles Company	106 Orchid Avenue Cobalt Park Mobile	United States
S1-006424	Clearwater Logistics Corporation	57 Summit Dr, Peoria, 59051	United States
S1-006425	Onyx Enterprises Limited	397 Clearwater Road Quarry Nagar Pune 453739	IN
S1-006426	Northgate Systems Company	17/5 Redwood Blvd, Ironwood Park, Akron, 66258	United States
S1-006427	Northgate Systems Company	65 Northgate St, Akron, TX, 43384	USA
S1-006428	Sunstone Electricals Limited	Near SBI ATM, 199 Maplecrest Marg, Clearwater Nagar, Jaipur, MP	India
S1-006429	Clearwater Cobalt Electricals Company	392 Falcon Ave, Stonebridgge Park, Fresno, 91264	US
S1-006430	Clearwater Cobalt Electricals Company	Falcon Ave, Fresno, WA, 72791	USA
S1-006431	Summit Chemicals Limited	Near SBI ATM, 175 Bluepeak Street, Thistle Nagar, Surat, Maharashtra, 631180	India
S1-006432	Quarry Solutions Limited	390 Summit Rd rOchid Nagar Opp. Bus Depot Surat 797744	India
S1-006433	Quarry Solutions Limited	Opp. Bus Depot, 337 Maplecrest Marg, Coimbatore, Rajasthan, 720613	IN
S1-006434	Goldleaf Foods Incorporated	74 Brightpath Drive Quarry Park Akron OH 35241	USA
S1-006435	Goldleaf Foods Incorporated	43 Kestrel Blvd, Orchid Park, Opp. City Library, Akron, WA, 25613	USA
S1-006436	Lantern Falcon Foods Incorporated	Northgate Park, Tacoma, OH, 17 Bluepeak Drive	USA
S1-006437	Juniper Motors Limited Liability Company	111 Cobalt Dr, Harbor Park, Austin, WA, 21058	USA
S1-006438	Juniper Motors Limited Liability Company	Behind the Civic Center, 336 Cobalt Dr, Austin, 13997	USA
S1-006439	Juniper Foods Limited	2222 Apex Cross, Cobalt Nagar, Coimbatore, 836730	India
S1-006440	Cobalt Logistics Limited	Meridian Nagar, Pune, Kerala, 853755, 1 Onyx Road	India
S1-006441	Cobalt Logistics Limited	323 Quarry Mn, Behind Ganesh Temple, Ravewood Nagar, Pune, 479061	India
S1-006442	Quarry Consultancy Private Limited	129 Clearwater Mn, Kestrel Nagar, Jaipur, Gujarat, 802778	IN
S1-006443	Quarry Consultancy Private Limited	127 Quarry Cross, Cobalt Nagar, Jaipur, MP, 569957	IN
S1-006444	Meridian Motors Limited Liability Company	24/25 Cobalt Street, Northgate Park, Behind the Civic Center, TX, Fresno	United States
S1-006445	Goldleaf Consultancy Corporation	137 Brightpath Blvd, Lantern Park, TX, 23394, Peoria	United States
S1-006446	Goldleaf Consultancy Corporation	38/35 Silverline Ave, Northgate Park, Peoria, WA, 77729	US
S1-006447	Summit Industries Corporation	218 Apex Street, Northgate Park, Tacoma	USA
S1-006448	Ironwood Consultancy Private Limited	295 Ravenwood St, Summit Nagar, Coimbatore, 967943	IN
S1-006449	Sunstone Logistics Private Limited	Opp. Bus Depot, 24 Harbor Cross, Coimbatore, Tamil Nadu, 337126	IN
S1-006450	Northgate Lantern Foods Private Limited	386 Bluepeak Marg, Kochi, Gujarat	IN
S1-006451	Redwood Fabrics Private Limited	Near Metro Pillar 42 42 Harbor Rd Sunstone Nagar Surat Maharashtra 379762	India
S1-006452	Stonebridge Kestrel Solutions Corporation	20/84 Silverline Drive, Sunstone Park, Mobile, 29053	United States
S1-006453	Sunstone Juniper Packaging Incorporated	21/80 Ironwood Drive Clearwater Park Tacoma IL 87232	USA
S1-006454	Sunstone Juniper Packaging Incorporated	122 Stonebridge Rd, Thistle Park, Tacoma, 72559	USA
S1-006455	Brightpath Quarry Chemicals Corporation	23 Redwood Dr, Mobile, WA, 53488	United States
S1-006456	Ravenwood Services Private Limited	376 Clearwater Marg, Onyx Nagar, Surat, Maharashtra, 557070	IN
S1-006457	Ravenwood Services Private Limited	35/14 Ravenwood Marg, Jaipur	IN
S1-006458	Maplecrest Electricals Private Limited	Falcon Crs, Thistle Nagar, Jaipur, MP, 577111	IN
S1-006459	Brightpath Apex Industries Limited	228 Stonebridge Mn, Behind Ganesh Temple, Coimbatore, Gujarat, 323469	IN
S1-006460	Brightpath Apex Industries Limited	198 Summit Marg, Coimbatore, Tamil Nadu, 390749	IN
S1-006461	Goldleaf Chemicals Incorporated	236 Clearwater Road, Mobile, OH, 16866	United States
S1-006462	Goldleaf Chemicals Incorporated	105 Cobalt Rd, Silverline Park, Mobile, WA, 73497	USA
S1-006463	Harbor Chemicals Incorporated	20/71 Goldleaf Boulevard Peoria TX	US
S1-006464	Stonebridge Solutions Private Limited	Sunstone Nagar, Kochi, Kerala, 175791, 85 Clearwater Marg	India
S1-006465	Stonebridge Solutions Private Limited	18/12 Summit Marg, Goldleaf Nagar, Indore, 445309	India
S1-006466	Bluepeak Trading Limited Liability Company	208 Onyx Drive Akron 35659	USA
S1-006467	Maplecrest Services Incorporated	150 Vertex St, Kestrel Park, Peoria, CA, 11436	United States
S1-006468	Summit Packaging Private Limited	22/28 Ironwood Street Maplecrest Nagar Kochi Maharrashtra 406646	IN
S1-006469	Apex Enterprises Incorporated	Opp. City Library, 38/28 Orchid Avenue, Ironwood Park, Peoria, 84902	US
S1-006470	Sunstone Enterprises Corporation	274 Ravenwood Blvd, Harbor Park, Behind the Civic Center, Tacoma, CA	USA
S1-006471	Thistle Logistics Private Limited	187 Maplecrest Rd, Ravenwood Nagar, Pune, Rajasthan, 584567	IN
S1-006472	Thistle Logistics Private Limited	227 Goldleaf Marg, Maplecrest Nagar, Pune, Rajasthan, 529842	India
S1-006473	Silverline Fabrics Company	162 Redwood Avenue, Meridian Park, Akron	United States
S1-006474	Silverline Systems Private Limited	72 Silverline Marg, Apex Nagar, Coimbatore, 721815	IN
S1-006475	Silverline Systems Private Limited	166 Lantern Marg, Redwood Nagar, Coimbatore, MP	IN
S1-006476	Cobalt Chemicals Private Limited	50 Juniper Street  Pune Kerala	India
S1-006477	Summit Packaging Limited	352 Maplecrest Crs Silverline Nagar Kochi Rajasthan 814876	IN
S1-006478	Silverline Motors Incorporated	160 Sunstone Drive Thistle Park Austin 86043	United States
S1-006479	Northgate Foods Private Limited	35/41 Juniper Main Ironwood Nagar Pune Gujarat 807576	India
S1-006480	Thistle Fabrics Limited	358 Apex Marg, Apex Nagar, Coimbatore, MP, 559250	India
S1-006481	Vertex Services Limited Liability Company	343 Juniper Drive, Harbor Park, Peoria, OH	US
S1-006482	Ironwood Motors Limited	3559 Summit St, Jaipur, 835751	India
S1-006483	Meridian Ravenwood Systems Limited Liability Company	Tacoma, CA, 110 Meridian St	US
S1-006484	Bluepeak Textiles Corporation	Summit St 42236 Austin	United States
S1-006485	Falcon Trading Private Limited	216 Kestrel Marg, Stonebridge Nagar, Surat	India
S1-006486	Falcon Chemicals Corporation	6 Redwood Rd, Brightpath Park, Peoria, TX, 21332	United States
S1-006487	Harbor Thistle Trading Company	330 Summit Boulevard, Apex Park, Fresno, AL, 35119	USA
S1-006488	Falcon Industries Limited Liability Company	Opp. City Library 240 Ravenwood Road Fresno OH	USA
S1-006489	Harbor Summit Foods Private Limited	98 Ironwood St, Cobalt Nagar, Kochi, Maharashtra, 141128	India
S1-006490	Harbor Summit Foods Private Limited	286 Silverline St Falon Nagar Kochi Kerala 310298	India
S1-006491	Orchid Consultancy Corporation	172 Silverline Street, Silverline Park, Fresno, 52080	US
S1-006492	Harbor Silverline Fabrics Limited	31 Falcon Rd, Jaipur, 298606	IN
S1-006493	Northgate Kestrel Fabrics Private Limited	72 Ironwood Marg Meridian Nagar Coimbatore	India
S1-006494	Onyx Chemicals Limited	102 Onyx St Orchid Nagar Nagpur 421475	IN
S1-006495	Brightpath Quarry Enterprises Private Limited	73 Sunstone Crs, Opp. Bus Depot, Nagpur, MP, 147735	India
S1-006496	Lantern Systems Corporation	34/75 Silverline Road, Cobalt Park, Lubbock, IL	USA
S1-006497	Ravenwood Enterprises Private Limited	Summit Main Kochi MP	India
S1-006498	Ironwood Summit Solutions Limited Liability Company	239 Thistle Street, Sunstone Park, Peoria	United States
S1-006499	Ravenwood Services Incorporated	282 Harbor Street, Goldleaf Park, Peoria, AL, 37062	US
S1-006500	Brightpath Trading Corporation	132 Silverline Street, Mobile	USA
S1-006501	Silverline Fabrics Incorporated	Siverline Avenue Akron TX 73822	United States
S1-006502	Silverline Enterprises Private Limited	259 Brightpath Rd, Thistle Nagar, Near SBI ATM, Kochi	IN
S1-006503	Maplecrest Juniper Solutions Private Limited	Behind Ganesh Temple, 58 Harbor Street, Meridian Nagar, Coimbatore, Maharashtra, 180606	IN
S1-006504	Quarry Juniper Systems Limited	134 Kestrel Cross Lantern Nagar Kochi Gujarat	India
S1-006505	Quarry Solutions Company	348 Clearwater Avenue, Quarry Park, Tacoma, 25227	USA
S1-006506	Quarry Solutions Company	297 Orchid Dr Brightpath Park Mobile WA	US
S1-006507	Thistle Consultancy Incorporated	183 Harbor Drive, Summit Park, Behind the Civic Center, Mobile	USA
S1-006508	Harbor Solutions Limited Liability Company	Behind the Civic Center, 245 Ravenwood St, Juniper Park, Akron	US
S1-006509	Harbor Solutions Limited Liability Company	140 Thistle Road, Akron, 47690	US
S1-006510	Cobalt Vertex Chemicals Private Limited	Northgate Street Thistle Nagar Kochi Gujarat 769169	India
S1-006511	Cobalt Vertex Chemicals Private Limited	46 Goldleaf Marg, Brightpath Nagar, Indore, 532111	India
S1-006512	Sunstone Solutions Private Limited	79 Cobalt Marg, Redwood Nagar, Kochi, Rajasthan, 331365	India
S1-006513	Kestrel Consultancy Limited	12/3 Apex Street, Sunstone Nagar, Kochi, MP, 189606	IN
S1-006514	Onyx Foods Incorporated	282 Maplecrest Ave, Goldleeaf Park, Akron, CA, 84614	US
S1-006515	Cobalt Packaging Limited	Behind Ganesh Temple 334 Meridian Marg Surat Rajasthan	IN
S1-006516	Meridian Vertex Logistics Company	146 Ravenwood Avenue, Akron, TX, 54377	USA
S1-006517	Bluepeak Industries Limited Liability Company	25 MMeridian Road, Mobile, CA, 61920	USA
S1-006518	Ravenwood Solutions Private Limited	24 Goldleaf Marg, Quarry Nagar,Jaipur	IN
S1-006519	Falcon Vertex Chemicals Private Limited	67 Brightpath Main Meridian Nagar Nagpur MP 668508	India
S1-006520	Meridian Packaging Limited	Juniper Crs, Ironwood Nagar, Indore, 609915	India
S1-006521	Summit Services Private Limited	361 Redwood Marg, Goldleaf Nagar, PPune, Rajasthan	IN
S1-006522	Summit Services Private Limited	152 Northgate Crs, Redwood Nagar, Kochi, MP	India
S1-006523	Quarry Goldleaf Enterprises Company	329 Clearwater Boulevard, Harbor Park, Lubbock, 85863	US
S1-006524	Harbor Packaging Incorporated	Near Exit 14, 384 Falcoon Blvd, Mobile, CA, 74791	USA
S1-006525	Sunstone Electricals Company	16/32 Harbor Drive, Quarry Park, Near Exit 14, Austin, OH, 50663	US
S1-006526	Redwood Chemicals Private Limited	Onyx Main, Jaipur, Tamil Nadu, 570180, Apex Nagar	IN
S1-006527	Orchid Chemicals Incorporated	38 Sunstone Street, Kestrel Park, Tacoma, 82558	US
S1-006528	Lantern Systems Private Limited	13 Goldleaf Marg Northgate Naggar Jaipur Maharashtra 577205	IN
S1-006529	Sunstone Logistics Private Limited	61 Juniper Marg, Juniper Nagar, Indore, 245467	IN
S1-006530	Goldleaf Services Limited Liability Company	27 Quarry Drive, Quarry Park, Fresno, TX, 11833	US
S1-006531	Falcon Sunstone Services Private Limited	Opp. Bus Depot, 391 Apex Road, Maplecrest Nagar, Coimbatore, Kerala, 813905	India
S1-006532	Cobalt Maplecrest Textiles Corporation	295 Harbor St, Brightpath Park, Austin, WA, 73457	United States
S1-006533	Cobalt Maplecrest Textiles Corporation	92 Goldleaf Dr, Austin, WA, Falcon Park	US
S1-006534	Brightpath Logistics Corporation	173 LanternRoad, Behind the Civic Center, Fresno, OH, 96586	USA
S1-006535	Silverline Fabrics Company	333 Stonebridge Drive, Falcon Park, Tacoma, WA, 80226	United States
S1-006536	Ravenwood Motors Company	Onyx Drive Onyx Park Lubbock AL 37820	United States
S1-006537	Ravenwood Motors Company	281 Lantern Ave Orchid Park Lubbock IL 73748	USA
S1-006538	Ironwood Systems Incorporated	238 Sunstone Rd, Orchid Park, Akron, TX	United States
S1-006539	Maplecrest Logistics Private Limited	345 Brightpath Rd Sunstone Nagar Pune Tamil Nadu	India
S1-006540	Falcon Logistics Private Limited	70 Kestrel Rd, Maplecrest Nagar, Nagpur, 127397	IN
S1-006541	Northgate Chemicals Incorporated	29/32 Vertex Road, Apex Park, Opp. City Library, Lubbock	United States
S1-006542	Brightpath Electricals Private Limited	127 Quarry Marg Kestrel Nagar Jaipur	IN
S1-006543	Brightpath Electricals Private Limited	37 Onyx Marg, Kestrel Nagar, Surat, Tamil Ndu, 945648	IN
S1-006544	Clearwater Industries Limited	74 Goldleaf Street Kochi Maharashtra 855118	IN
S1-006545	Lantern Motors Private Limited	Falcon St, Juniper Nagar, Near Metro Pillar 42, Indore, Gujarat, 233680	India
S1-006546	Falcon Textiles Private Limited	52 Orchid Marg, Maplecrest Nagar, Near SBI ATM, Coimbatore, Maharashtra, 950871	IN
S1-006547	Goldleaf Fabrics Private Limited	304 Juniper Marg, Stonebridge Nagar, 607367, Jaipur	India
S1-006548	Orchid Logistics Private Limited	76 Harbor St, Ochid Nagar, Nagpur, Rajasthan	IN
S1-006549	Harbor Kestrel Systems Limited Liability Company	92 Onyx Avenue, Harbor Park, Lubbock	US
S1-006550	Stonebridge Services Private Limited	69 Maplecrest Marg, Lantern Nagar, Kochi, 249558	India
S1-006551	Summit Maplecrest Foods Limited Liability Company	Juniper Road, Onyx Park, Tacoma, OH, 54350	US
S1-006552	Summit Maplecrest Foods Limited Liability Company	Behind the Civic Center, 385 Kesrtel Rd, Goldleaf Park, Akron, TX, 68200	US
S1-006553	Goldleaf Systems Limited	163 Vertex Street, Sunstone Nagar, Near SBI ATM, Nagpur, 728181	India
S1-006554	Goldleaf Systems Limited	354 Sunstone Cross, Stonebridge Nagar, Pune, 686365	India
S1-006555	Thistle Clearwater Electricals Company	Opp. City Library, Summit Boulevard, Falcon Park, Fresno, TX, 46124	USA
S1-006556	Northgate Textiles Incorporated	213 Falcon Boulevard, Bluepeak Park, Akron, WA	United States
S1-006557	Onyx Motors Limited Liability Company	Behind the Civic Center 153 Brightpath Blvd Onyx Park Tacoma CA	United States
S1-006558	Orchid Falcon Textiles Limited Liability Company	Apex Boulevard, Apex Park, Peoria	United States
S1-006559	Orchid Falcon Textiles Limited Liability Company	139 Ravenwood Rd, Summit Park, Tacoma	US
S1-006560	Sunstone Industries Limited Liability Company	343 Ironwood Road, Brightpath Park, Tacoma, 88261	US
S1-006561	Meridian Textiles Private Limited	225 Bluepeak St, Quarry Nagar, Nagpur, Maharashtra, 541414	India
S1-006562	Meridian Textiles Private Limited	90 Vertex Marg, Nagpur, 715316	IN
S1-006563	Goldleaf Packaging Incorporated	113 Silverline Avenue, Mobile, OH, 97402	USA
S1-006564	Bluepeak Solutions Private Limited	178 Falcon Marg, Vertex Nagar, Indore, Tamil Nadu, 622222	India
S1-006565	Bluepeak Solutions Private Limited	Near SBI ATM, 295 Sunstone Rd, Thistle Nagar, Jaipur, Maharashtra	India
S1-006566	Harbor Services Private Limited	153 Bluepeak Mn, Indore, Maharashtra, 178170	IN
S1-006567	Harbor Services Private Limited	196 Maplecrest Rd Clearwater Nagar Surat Tamil Nadu 428974	IN
S1-006568	Brightpath Foods Limited	165 Quarry Marg, Falcon Nagar, Jaipur, MP, 744413	India
S1-006569	Silverline Maplecrest Solutions Incorporated	Vertex Road, Onyx Park, Akron, CA, 12952	USA
S1-006570	Lantern Apex Electricals Limited	Bluepeak Street Goldleaf Nagar Kochi Kerala 218783	IN
S1-006571	Lantern Apex Electricals Limited	315 Junier Cross, Kochi, 436058	IN
S1-006572	Redwood Electricals Company	137 Lantern Drive Orchid Park Fresno CA 25934	USA
S1-006573	Vertex Motors Limited	152 Redwood St, Harbor Nagar, Coimbatore, Gujarat	India
S1-006574	Stonebridge Logistics Company	71 Falcon St, Redwood Park, Mobile, CA, 78032	US
S1-006575	Vertex Fabrics Private Limited	295 Lantern Cross Sunstone Nagar Near SBI ATM Pune 930534	India
S1-006576	Vertex Fabrics Private Limited	Redwood Nagar, Pune, Kerala, 7/68 Bluepeak Marg	IN
S1-006577	Lantern Trading Limited	38 Cobalt Mn, Ironwood Nagar Near SBI ATM, Surat, Maharashtra	India
S1-006578	Lantern Trading Limited	356 Onyx Mai, Sunstone Nagar, Coimbatore, 155167	IN
S1-006579	Juniper Falcon Systems Incorporated	100 Kestrel Road, Lantern Park, Tacoma, IL, 80737	US
S1-006580	Cobalt Logistics Corporation	Behind the Civic Center, 159 Kestrel Dr, Austin, CA, 89983	United States
S1-006581	Cobalt Logistics Corporation	Quarry Blvd, Apex Park, Lubbock, CA	US
S1-006582	Redwood Industries Private Limited	261 Northgate St, Jaipur, Sunstone Nagar	IN
S1-006583	Vertex Cobalt Trading Private Limited	124 Apex Marg, Kochi, 902221	India
S1-006584	Sunstone Juniper Logistics Private Limited	Near Metro Pillar 42, 301 Juniper Cross, Northgate Nagar, Kochi, Rajasthan, 214386	India
S1-006585	Goldleaf Textiles Limited	11 Onyx Main Jaipur Kerala 781652	India
S1-006586	Onyx Fabrics Private Limited	317 Goldleaf St, Lantern Nagar, Pune, Kerala, 113390	India
S1-006587	Orchid Orchid Solutions Limited	65 Stonebridge Road, Opp. Bus Depot, Coimbatore	India
S1-006588	Sunstone Foods Incorporated	163 Clearwater Drive, Redwod Park, Akron, AL, 85763	US
S1-006589	Thistle Chemicals Private Limited	214 Kestrel Marg, Behind Ganesh Temple, Lantern Nagar, Pune, 515640	IN
S1-006590	Thistle Chemicals Private Limited	353 Onyx Crs, Pune, 974194	IN
S1-006591	Silverline Industries Private Limited	Opp. Bus Depot, 127 Maplecrest Rd, Indore, Tamil Nadu	IN
S1-006592	Sunstone Textiles Company	Near Exit 14, 44 Thistle Blvd, Ironwood Park, Austin, CA	US
S1-006593	Silverline Motors Private Limited	280 Bluepeak St, Apex Nagar, Suraat	India
S1-006594	Summit Fabrics Private Limited	10 Vertex Rd, Bluepeak Nagar, Jaipur, Tamil Nadu	India
S1-006595	Maplecrest Packaging Private Limited	102 Lantern Cross, Indore,T amil Nadu	IN
S1-006596	Thistle Chemicals Private Limited	109 Kestrel Mn, Pune, 751934, Orchid Nagar	IN
S1-006597	Maplecrest Bluepeak Trading Company	286 Harbor Avenue Akron OH	USA
S1-006598	Sunstone Packaging Limited	172 Juniper Mn, Quarry Nagar, Jaipur, 299890	IN
S1-006599	Cobalt Industries Limited	154 Maplecrest Main Stonebridge Nagar Jaipur	India
S1-006600	Thistle Packaging Limited	Sunstone Street, Pune, MP	IN
S1-006601	Sunstone Chemicals Company	258 Juniper Dr, Thistle Park, Austin	USA
S1-006602	Falcon Chemicals Company	Onyx Street Cobalt Park Lubbock WA 72354	United States
S1-006603	Falcon Chemicals Company	112 Apex Blvd, Lubbock, TX, 30529	United States
S1-006604	Summit Systems Incorporated	50 Orchid Blvd, Bluepeak Park, Opp. City Library, Fresno, TX, 93293	USA
S1-006605	Thistle Services Corporation	230 Silverline St, Northgate Park, Peoria, 46332	US
S1-006606	Goldleaf Summit Enterprises Company	Bluepeak St, Brightpath Park, Austin, 12562	United States
S1-006607	Onyx Chemicals Corporation	385 Kestrel Avenue, Peoria, OH, 32198	US
S1-006608	Sunstone Summit Packaging Private Limited	355 Lantern Street, Northgate Nagar, Coimbatoore, 523196	IN
S1-006609	Silverline Logistics Private Limited	40 Onyx Road, Kestrel Nagar, Surat, 711526	India
S1-006610	Apex Foods Private Limited	12 Thistle Crs, Noorthgate Nagar, Nagpur, 346167	IN
S1-006611	Northgate Ravenwood Industries Corporation	Opp. City Library, 194 Meridian Avenue, Harbor Park, Peoria, TX, 75536	USA
S1-006612	Brightpath Industries Private Limited	3 Maplecrest Crs, Near SBI ATM, Quarry Nagar, Pune, MP	India
S1-006613	Lantern Thistle Solutions Private Limited	240 Goldleaf Street, Jaipur, MP, 251449	India
S1-006614	Orchid Enterprises Limited Liability Company	Behind the Civic Center, 63 Northgate Drive, Vertex Park, Mobile, WA	United States
S1-006615	Orchid Enterprises Limited Liability Company	35/83 Goldleaf Dr, Mobile, OH, 98402	US
S1-006616	Ravenwood Falcon Packaging Limited Liability Company	339 Quarry Rd Summit Park Peoria AL	USA
S1-006617	Lantern Foods Company	Near Exit 14, 297 Redwood Blvd, Austin, IL, 16273	United States
S1-006618	Harbor Enterprises Private Limited	Clearwater Mn, Apex Nagar, Kochi, Kerala	IN
S1-006619	Ravenwood Motors Incorporated	123 Harbor Road, Vertex Park, Austin, IL	United States
S1-006620	Onyx Consultancy Corporation	Maplecrest Boulevard, Austin, AL, 47927	USA
S1-006621	Silverline Consultancy Limited Liability Company	183 Falcon St, Thistle Park, Near Exit 14, Austin	US
S1-006622	Lantern Consultancy Private Limited	8/68 Orchid Marg, Redwood Nagar, Pune, Maharashtra, 488297	IN
S1-006623	Lantern Consultancy Private Limited	200 Ravenwood Marg, Coimbatore, Gujarat, 240934	India
S1-006624	Quarry Industries Private Limited	390 Silverline St, Juniper Nagar, Surat, 834190	India
S1-006625	Brightpath Packaging Company	Juniper St Goldleaf Park Austin OH 51846	United States
S1-006626	Maplecrest Chemicals Private Limited	Bluepeak Road, Coimbatore, Tamil Nadu, 345321	India
S1-006627	Maplecrest Chemicals Private Limited	228 Onyx Marg, Redwood Nagar, Pune, Kerala, 136813	India
S1-006628	Northgate Enterprises Company	267 Cobalt Rd, Lubbock, AL	USA
S1-006629	Stonebridge Enterprises Private Limited	135 Summit Main, Northgate Nagar, Indore	IN
S1-006630	Cobalt Fabrics Limited Liability Company	340 Meridian Road, Lubbock, AL, 77875	US
S1-006631	Ravenwood Fabrics Limited	372 Harbor Crs, Surat, 836145	IN
S1-006632	Silverline Systems Private Limited	328 Ironwood Main, Opp. Bus Depot, Lantern Nagar, Coimbatore, Rajasthan, 55773	IN
S1-006633	Summit Packaging Limited	33/84 Stonebridge Marg, Behind Ganesh Temple, Apex Nagar, Pune, Rajasthan, 881010	India
S1-006634	Sunstone Services Limited Liability Company	308 Maplecrest Avenue, Bluepeak Park, LLubbock, OH	USA
S1-006635	Lantern Foods Incorporated	46 Kestrel Avenue, Ravenwood Park, Fresno, TX, 77690	USA
S1-006636	Brightpath Stonebridge Electricals Private Limited	312 Lantern Road, Redwood Nagar, Opp. Bus Depot, Kochi, MP, 477196	India
S1-006637	Maplecrest Trading Private Limited	341 Goldleaf Street, Jaipur, Gujarat	India
S1-006638	Vertex Packaging Private Limited	5 Ironwood Marg, Lantern Nagar, Coimbatore	India
S1-006639	Lantern Electricals Incorporated	272 Onyx Road, Brightpath Park, Fresno, CA, 79969	US
S1-006640	Redwood Trading Private Limited	393 Redwood Rd, Meridian Nagar, Coimbatore, 851899	India
S1-006641	Redwood Trading Private Limited	Meridian Nagar, Coimbatore, Gujarat, 999658, 270 Meridian Crs	IN
S1-006642	Goldleaf Consultancy Corporation	371 Harbor Boulevard, Juniper Park, AL, Tacoma	United States
S1-006643	Sunstone Summit Industries Private Limited	295 Stonebridge Main, Lantern Nagar, Coimbatore, Tamil Nadu, 169635	India
S1-006644	Stonebridge Fabrics Corporation	105 Vertex Rd, Onyx Park, Fresno, OH, 84018	United States
S1-006645	Stonebridge Fabrics Corporation	Opp. City Library, 392 Harbor Boulevard, Bluepeak Park, Fresno, IL, 75426	United States
S1-006646	Vertex Cobalt Solutions Corporation	Behind the Civic Center, 258 Stonebridge St, 71496, Akron	USA
S1-006647	Quarry Cobalt Motors Incorporated	197 Northgate Rd, Fresno, AL, 46336	United States
S1-006648	Lantern Solutions Limited	8 Onyx Mn, Coimbatore, Kerala, 497933	India
S1-006649	Lantern Solutions Limited	214 Vertex Street, Ironwood Nagar, Kochi, Kerala	India
S1-006650	Juniper Solutions Limited Liability Company	Near Exit 14, Kestrel Blvd, Onyx Park, Lubbock, IL, 64228	US
S1-006651	Quarry Textiles Corporation	126 Clearwater Dr, Lantern Park, Austin, WA, 10958	USA
S1-006652	Quarry Textiles Corporation	215 Vertex Drive, Stonebridge Park, Austin, CA	US
S1-006653	Ravenwood Logistics Corporation	212 Sunstone Rd, Mobile, CA, 22774	USA
S1-006654	Harbor Solutions Company	306 Juniper Ave, Northgate Park, Mobile, WA	USA
S1-006655	Apex Logistics Limited	38 Redwood Marg, Pune	IN
S1-006656	Ravenwood Textiles Private Limited	Behind Ganesh Temple, Cobalt Nagar, Indore, 706867, 20/16 Ravenwood Marg	IN
S1-006657	Ravenwood Textiles Private Limited	14 Redwood Street, Silverline Nagar, Maharashtra, 116992, Indore	IN
S1-006658	Juniper Chemicals Corporation	304 Stonebridge Boulevard, Orchid Park, Lubbock, OH, 66592	US
S1-006659	Juniper Chemicals Corporation	Near Exit 14, 99 Brightpath Boulevard, Falcon Park, Lubbock	US
S1-006660	Apex Trading Private Limited	Clearwater Marg, Kochi, Gujarat, 781391	India
S1-006661	Cobalt Cobalt Enterprises Limited Liability Company	309 Summit Street, Orchid Park, Mobile, 28155	USA
S1-006662	Thistle Trading Company	46 Brightpath Dr, Vertex Park, Behind the Civic Center, Fresno, CA	US
S1-006663	Meridian Trading Company	134 Maplecrest Dr, Behind the Civic Center, Austin, WA	United States
S1-006664	Falcon Silverline Fabrics Limited	145 Vertex Road, Sunstone Nagar, Puen, MP, 200324	IN
S1-006665	Stonebridge Trading Private Limited	311 Cobalt St, Behind Ganesh Temple, Clearwater Nagar, Coimbatore, 762714	IN
S1-006666	Apex Textiles Corporation	35 Redwood Avenue Falcon Park Austin OH 43621	United States
S1-006667	Apex Textiles Corporation	17/31 Sunstone Avenue, Thistle Park, Behind the Civic Center, Austin, WA, 74928	United States
S1-006668	Quarry Motors Company	142 Lantern Road, Northgate Park, Austin, 66372	USA
S1-006669	Kestrel Trading Private Limited	Maplecrest Crs, Harbor Nagar, Kochi, Maharashtra, 329280	India
S1-006670	Stonebridge Textiles Limited	Opp. Bus Depot, 37/7 Northgate Mn, Orchid Nagar, Nagpur, Gujarat	IN
S1-006671	Vertex Trading Limited	172 Meridian Crs, Harbor Nagar, Indore, Maharashtra, 502496	India
S1-006672	Thistle Services Private Limited	2 Falcon Marg, Jaipur, Maharashtra, 585065	IN
S1-006673	Apex Systems Private Limited	76 Lantern St, Harbor Nagar, Indore	IN
S1-006674	Redwood Juniper Chemicals Corporation	114 Vertex Avenue, Lubbock, AL, 31206	USA
S1-006675	Bluepeak Packaging Private Limited	143 Lantern Crs Jaipur Gujarat 808516	India
S1-006676	Onyx Brightpath Fabrics Limited	100 Apex Mn, Onyx Nagar, Pune, MP, 194614	India
S1-006677	Vertex Brightpath Trading Corporation	246 Onyx Street, Quarry Park, Fresno, IL, 14264	US
S1-006678	Vertex Brightpath Trading Corporation	Silverline Boulevard, Kestrel Park, Fresno, OH, 29148	United States
S1-006679	Harbor Packaging Company	120 Redwood Drive, Tacoma, OH	US
S1-006680	Harbor Packaging Company	Meridian Boulevard, Opp. City Library, Lubbock, IL, 89917	United States
S1-006681	Juniper Systems Company	Clearwater Dr, Maplecrest Park, Lubbock, IL, 54842	US
S1-006682	Juniper Systems Company	312 Apex Street, Lubbock, 19409	United States
S1-006683	Ironwood Logistics Limited Liability Company	100 Kestrel Blvd, Lantern Park, Austin, OH	USA
S1-006684	Ironwood Logistics Limited Liability Company	83 Redwood Avenue Blueppeak Park Near Exit 14 Austin 89661	USA
S1-006685	Goldleaf Logistics Private Limited	223 Redwood Mn Pune	India
S1-006686	Goldleaf Logistics Private Limited	249 Cobalt Road, Vertex Nagar, Nagpur, Rajasthan, 544301	India
S1-006687	Kestrel Enterprises Corporation	94 Clearwater Dr, Akron, OH, 23161	United States
S1-006688	Kestrel Enterprises Corporation	178 Ravenwood Roaad Maplecrest Park Akron CA	US
S1-006689	Stonebridge Logistics Limited Liability Company	38 Ironwood Rd Harbor Park Mobile AL 21327	USA
S1-006690	Stonebridge Logistics Limited Liability Company	130 Juniper Street, Fresno	US
S1-006691	Orchid Motors Private Limited	Near SBI ATM 200 Ironwood Road Silverline Nagar Nagpur 499241	IN
S1-006692	Bluepeak Packaging Private Limited	Stonebridge Street, Coimbatore, 397910, Thistle Nagar	IN
S1-006693	Falcon Trading Limited	69 Clearwater St, Northgate Nagar, Jaipur,, 638502	India
S1-006694	Falcon Trading Limited	234 Quarry Street, Meridian Nagar, Surat	IN
S1-006695	Goldleaf Chemicals Limited Liability Company	326 Onyx St Harbor Park Mobile OH 72247	United States
S1-006696	Lantern Services Company	269 Silverline Street Ironwood Park Austin WA 93279	United States
S1-006697	Ironwood Systems Corporation	132 Thistle Dr, Harbor Park, Akron, 91065	USA
S1-006698	Ironwood Systems Corporation	Stonebridge Drive, Falcon Park, Fresno, 62331	United States
S1-006699	Orchid Systems Private Limited	136 Cobalt Rd, Quarry Nagar, Nagpur, Maharashtra	India
S1-006700	Orchid Systems Private Limited	190 Thistle Main, Ironwood Nagar, Nagpur, Rajasthan	India
S1-006701	Bluepeak Electricals Private Limited	108 Brightpath Mn, Juniper Nagar, Kerala, 15887,6 Kochi	IN
S1-006702	Juniper Logistics Limited Liability Company	204 Apex St, Stonebridge Park, Lubbock, WA, 67672	USA
S1-006703	Silverline Industries Limited Liability Company	57 Quarry Dr Summit Park Lubbock WA 90261	US
S1-006704	Silverline Industries Limited Liability Company	40 Redwood St, Silverline Park, Austin, OH, 98370	United States
S1-006705	Lantern Solutions Private Limited	154 Bluepeak Cross, Behind Ganesh Temple, Stonebridge Nagar, Nagpur	India
S1-006706	Ravenwood Services Private Limited	95 Sunstone Crs, Apex Nagar, Nagpur, Gujarat	IN
S1-006707	Thistle Textiles Limited	102 Onyx Marg, Redwood Nagar, NearM etro Pillar 42, Indore, 426586	IN
S1-006708	Cobalt Packaging Limited Liability Company	Opp. City Library, 227 Onyx Drive, Austin	US
S1-006709	Cobalt Packaging Limited Liability Company	Austin, CA, 87404, 323 Cobalt Blvd	USA
S1-006710	Lantern Logistics Company	233 Brightpath St, Onyx Park, Tacoma, 64082	United States
S1-006711	Ironwood Solutions Private Limited	235 Stonebridge Marg Northgate Nagar Jaipur Rajaasthan 904504	India
S1-006712	Stonebridge Enterprises Private Limited	293 Cobalt Cross, Falcon Nagar, Coimbatore, Gujarat	IN
S1-006713	Kestrel Systems Limited Liability Company	308 Ravenwood Avenue, Lantern Park, Near Exit 14, Lubbock OH	USA
S1-006714	Orchid Trading Limited Liability Company	Near Exit 14, Ravenwood Boulevard, Meridian Park, Tacoma, TTX	US
S1-006715	Orchid Trading Limited Liability Company	194 Lantern Ave, Lantern Park, Fresno, 87205	United States
S1-006716	Bluepeak Electricals Private Limited	Near SBI ATM, 216 Orchid Crs, Meridian Nagar, Indore, MP, 455929	IN
S1-006717	Bluepeak Electricals Private Limited	296 Summit Mn, Lantern Nagar, Indore, 575892	IN
S1-006718	Kestrel Maplecrest Consultancy Limited Liability Company	16/23 Harbor Boulevard, Thistle Park, Akron, WA	USA
S1-006719	Kestrel Maplecrest Consultancy Limited Liability Company	Near Exit 14, 258 Cobalt Ave, Mobile	United States
S1-006720	Thistle Chemicals Limited	Maplecrest Nagar, Indore, Rajasthan, 654103, 6/17 Onyx Road	India
S1-006721	Thistle Chemicals Limited	Near Metro Pillar 42, 353 Falcon Rd, Inodre, Rajasthan	IN
S1-006722	Falcon Onyx Motors Limited Liability Company	Lantern Blvd, Ironwood Park, Fresno, OH, 69552	USA
S1-006723	Ravenwood Chemicals Private Limited	266 Goldleaf St, Silverline Nagar, Jaipur, Kerala, 6315524	India
S1-006724	Vertex Trading Private Limited	7 Orchid Cross, Kestrel Nagar, MP, 822571, Coimbatore	India
S1-006725	Vertex Trading Private Limited	197 Falcon Crs, Clearwater Nagar, Coimbatore	IN
S1-006726	Orchid Fabrics Private Limited	Near SBI ATM 174 Harbor Marg Bluepeak Nagar Indore 527418	IN
S1-006727	Brightpath Harbor Chemicals Company	19/82 Kestrel St, Behind the Civic Center, Akron, IL	US
S1-006728	Sunstone Apex Industries Incorporated	70 Meridian Avenue, Akron	USA
S1-006729	Orchid Kestrel Enterprises Limited Liability Company	88 Cobalt Blvd, Apex Park, Fresno, CA	US
S1-006730	Quarry Electricals Corporation	339 Thistle Boulevard, Harbor Park, Tacoma, 33311	United States
S1-006731	Falcon Services Private Limited	171 Stonebridge Crs Near SBI ATM Coimbatore 438233	India
S1-006732	Bluepeak Textiles Incorporated	200 Brightpath Rd Meridian Park Lubbock CA	US
S1-006733	Quarry Ironwood Fabrics Company	74 Apex Road, Clearwater Park, Mobile, CA, 34696	US
S1-006734	Quarry Ironwood Fabrics Company	36 Apex Boulevard, Lantern Park, Mobile, 18088	US
S1-006735	Ravenwood Consultancy Incorporated	154 Summit Drive, Quarry Park, Tacoma, CA, 52196	USA
S1-006736	Ravenwood Consultancy Incorporated	Austin, OH, 10/78 Quarry Boulevard	USA
S1-006737	Meridian Bluepeak Consultancy Private Limited	65 Kestrel Mn Maplecrest Nagar KKochi MP	IN
S1-006738	Stonebridge Foods Corporation	357 Lantern Rd, Tacoma, IL, 33088	United States
S1-006739	Stonebridge Foods Corporation	230 Thistle Street Tacoma TX 30758	United States
S1-006740	Goldleaf Logistics Limited	373 Redwood Main Ravenwood Nagar Coimbatore 999659 Rajasthan	IN
S1-006741	Ironwood Textiles Private Limited	70 Goldleaf Road Juniper Nagar Coimbatore Gujarat 595029	IN
S1-006742	Ironwood Textiles Private Limited	107 Sunstone Main, Onyx Nagar, Coimbatore, 412338	India
S1-006743	Maplecrest Packaging Corporation	374 Vertex Boulevard Lubbock, OH	United States
S1-006744	Maplecrest Packaging Corporation	47 Quarry Road Falcon Park Lubbock TX 43288	USA
S1-006745	Summit Motors Private Limited	Opp. Bus Depot, 361 Cobalt Mn, ClearwaterN agar, Surat, Gujarat	India
S1-006746	Sunstone Textiles Private Limited	224 Apex Road, Stonebridge Nagar, Surat, Maharashtra	IN
S1-006747	Apex Systems Private Limited	15 Meridian Cross, Thistle Nagar, Kochi, Tamil Nadu, 987045	India
S1-006748	Cobalt Fabrics Incorporated	226 Northgate Drive Bluepeak Park Peoria CA	US
S1-006749	Cobalt Fabrics Incorporated	358 Vertex Boulevard, Vertex Park, Tacomma, 54656	USA
S1-006750	Meridian Consultancy Private Limited	87 Clearwater Marg Maplecrest Nagar Coimbatore 126620	IN
S1-006751	Brightpath Cobalt Fabrics Corporation	155Goldleaf Rd, Akron, 50926, Silverline Park	USA
S1-006752	Ravenwood Enterprises Incorporated	395 Redwood St, Ravenwood Park, Lubbock, WA, 44897	USA
S1-006753	Harbor Chemicals Incorporated	345 Harbor Rd, Orchid Park, Austin, CA	United States
S1-006754	Kestrel Services Private Limited	340 Thistle St, Meridian Nagar, Nagpur, 108279	IN
S1-006755	Summit Services Limited Liability Company	275 Harbor Dr, Maplecrest Park, Mobile, TX, 15314	United States
S1-006756	Summit Services Limited Liability Company	43 Stonebridge Street, Redwood  Park, Fresno, 57414	US
S1-006757	Quarry Maplecrest Industries Limited	287 Quarry Marg Lantern Nagar Near SBI ATM Indore Kerala 797725	India
S1-006758	Juniper Harbor Chemicals Private Limited	38 Lantern Marg, Neear Metro Pillar 42, Jaipur, MP, 198219	India
S1-006759	Falcon Enterprises Company	39/51 Juniper Dr, Summit Park, 82391, Fresno	US
S1-006760	Clearwater Solutions Private Limited	70 Juniper Cross, Meridian Nagar, Jaipur	India
S1-006761	Quarry Systems Incorporated	354 Lantern Blvd Goldleaf Park Akron WA 70074	United States
S1-006762	Juniper Electricals Private Limited	166 Lantern Cross, Jaipur	India
S1-006763	Clearwater Foods Limited	252 Apex Mn, Jaipur, Meridian Nagar	IN
S1-006764	Clearwater Foods Limited	350 Kestrel Marg, Behind Ganesh Temple, Stonebridge Nagar, Indore, Maharashtra	India
S1-006765	Sunstone Chemicals Company	Silverlin Dr, Onyx Park, Austin, 52563	United States
S1-006766	Stonebridge Fabrics Limited Liability Company	2 Summit Ave, Orchid Park, Fresno, TX, 22324	USA
S1-006767	Redwood Electricals Private Limited	164 Cobalt Crs, Quarry Nagar, Jaipur, Maharashtra, 841911	IN
S1-006768	Ravenwood Ravenwood Electricals Private Limited	Brightpath Nagar Nagpur 414069 253 Orchid Mn	IN
S1-006769	Thistle Systems Private Limited	217 Cobalt Marg Clearwater Naagar Coimbatore Tamil Nadu	IN
S1-006770	Thistle Systems Private Limited	266 Onyx St, Onyx Ngaar, Jaipur	IN
S1-006771	Juniper Sunstone Services Corporation	390 Onyx Road Sunstone Park Lubbock OH	United States
S1-006772	Thistle Onyx Solutions Private Limited	Near Metro Pillar 42, 315 Cobalt Mn, Kestrel Nagar, Kochi, Rajasthan, 627021	India
S1-006773	Redwood Electricals Private Limited	Near Metro Pillar 42, Redwood Nagar, Kochi, Maharashtra, 780595, 38/77 Kestrel Road	IN
S1-006774	Stonebridge Textiles Limited	18/55 Meridian Cross, Jaipur, Tamil Nadu, 134661	IN
S1-006775	Stonebridge Textiles Limited	Behind Ganesh Temple, 204 Apex St, Vertex Nagar, Kochi, MP	India
S1-006776	Lantern Electricals Private Limited	123 Thistle St, Kestrel Nagar, Near SBI ATM, Coimbatore, Tamil Nadu, 861920	India
S1-006777	Northgate Foods Limited	12/51 Lantern Marg, Sunstone Nagar, Surat, 281481	India
S1-006778	Quarry Motors Limited	250 Meridian Cross, Coimbatore, Maharashtra	India
S1-006779	Quarry Motors Limited	28/20 Meridian Street, Stonebridge Nagar, Coimbatore, Rajasthhan	IN
S1-006780	Ravenwood Solutions Corporation	Near Exit 14, 111 Stonebridge Road, Peoria, IL	US
S1-006781	Ravenwood Solutions Corporation	4 Harbor Street, Apex Park, Akron	United States
S1-006782	Clearwater Motors Private Limited	133 Ironood Main, Nagpur, Gujarat, 636709	India
S1-006783	Bluepeak Consultancy Private Limited	188 Maplecrest Rd, Silverline Nagar, Pune	India
S1-006784	Bluepeak Consultancy Private Limited	Silverline Crs Stonebridge Nagar Kochi 367606	IN
S1-006785	Kestrel Chemicals Corporation	24 Lantern Ave, Akron	USA
S1-006786	Maplecrest Thistle Textiles Private Limited	26 Meridian Road Goldleaf Nagar Surat Maharashtra	IN
S1-006787	Maplecrest Foods Incorporated	295 Redwood St,, Summit Park, TX, 34682, Mobile	United States
S1-006788	Maplecrest Foods Incorporated	30/27 Ironwood Road Mobile WA	United States
S1-006789	Kestrel Textiles Limited Liability Company	343 Summit Boulevard, Apex Park, Tacoma, IL	USA
S1-006790	Lantern Goldleaf Solutions Limited	382 Orchid Street Opp. Bus Depot Jaipur 660738	IN
S1-006791	Lantern Goldleaf Solutions Limited	Harbor Marg, Maplecrest Nagar, Jaipur, Rajasthan, 311481	India
S1-006792	Clearwater Chemicals Company	24 Clearwater Drive, Northgate Park, Tacoma, 81331	US
S1-006793	Ironwood Stonebridge Packaging Private Limited	Sunstone Mn, Meridian Nagar, Surat	IN
S1-006794	Redwood Cobalt Foods Incorporated	367 Ironwood Street, Maplecrest Park, Mobile, IL, 12519	US
S1-006795	Summit Motors Incorporated	5/43 Meridian Blvd, Stonebridge Park, Akron, WA, 64491	USA
S1-006796	Cobalt Enterprises Corporation	147 Falcon St, Near Exit 14, Apex Park, Lubbock, OH	US
S1-006797	Cobalt Enterprises Corporation	Vertex Rd, Summit Park, Lubbock, CA, 66141	USA
S1-006798	Goldleaf Ravenwood Industries Company	10/30 Summit Street, Maplecrest Park,Mobile	United States
S1-006799	Northgate Silverline Services Company	253 Vertex St, Clearwater Park, Fresno, WA, 83882	USA
S1-006800	Brightpath Sunstone Electricals Corporation	203 Brightpath Road Irnwood Park Mobile	US
S1-006801	Ravenwood Silverline Textiles Corporation	349 Vertex Ave, Lubbock, 57698	US
S1-006802	Kestrel Motors Limited	159 Quarry Cross, Summit Nagar, Surat, 311518	IN
S1-006803	Brightpath Packaging Private Limited	353 Maplecrest Crs Coimbatore Kerala 546046	IN
S1-006804	Brightpath Packaging Private Limited	140 Meridian Street, Thistle Nagar, Nagpur, MP	India
S1-006805	Silverline Onyx Consultancy Company	353 Harbor Drive, Apex Park, Austin, 64678	USA
S1-006806	Sunstone Fabrics Private Limited	Redwood Marg Harbor Nagar Indore Gujarat 581121	IN
S1-006807	Bluepeak Trading Private Limited	40 Meridian Road, Summit Nagar, Coimbatore	India
S1-006808	Bluepeak Trading Private Limited	22/26 Quarry Road, 813143, Coimbatore	India
S1-006809	Vertex Systems Private Limited	290 Maplecrest Rd Kochi Gujarat 603576	India
S1-006810	Vertex Systems Private Limited	Brightpath Cross, Goldleaf Nagar, Kochi, Tamil Nadu, 959012	IN
S1-006811	Falcon Textiles Private Limited	189 Quarry Crs, Apex Nagar, Kochi	IN
S1-006812	Northgate Trading Private Limited	Brightpath Marg, Maplecrest Nagar, Jaipur, 407701	IN
S1-006813	Summit Systems Limited	58 Lantern Crs, Near SBI ATM, Juniper Nagar, Jaipur, 630793	IN
S1-006814	Summit Systems Limited	Behind Ganesh Temple, 55 Sunstone Street, Jaipur, 711549	India
S1-006815	Vertex Packaging Limited	22 Juniper St, Meridian Nagar, Coimbatore, Kerala, 6925531	IN
S1-006816	Vertex Packaging Limited	81 Ravenwood Marg, Jaipur	India
S1-006817	Stonebridge Motors Incorporated	37/73 Cobalt Street Vertex Park Fresno OH 75306	USA
S1-006818	Stonebridge Motors Incorporated	321 Quarry Road, Fresno, TX, 46660, Sunstone Park	USA
S1-006819	Vertex Enterprises Company	312 Falcon Blvd, Stonebridge Park, Fresno, 76777	US
S1-006820	Juniper Enterprises Corporation	48 Falcon St, Akron	US
S1-006821	Juniper Enterprises Corporation	382 Juniper Street, Harbor Park, Akron, AL, 90322	USA
S1-006822	Goldleaf Redwood Services Limited	Kestrel Main, Kochi, Maharashtra, 580141	IN
S1-006823	Goldleaf Redwood Services Limited	55 Bluepeak St, Orchid Nagar, Kochi, Gujarat	IN
S1-006824	Brightpath Electricals Private Limited	76 Meridian Road, Kestrel Nagar, Nagpur, 225526	India
S1-006825	Bluepeak Juniper Logistics Corporation	162 QuarryD r, Clearwater Park, Lubbock, WA	USA
S1-006826	Summit Consultancy Incorporated	33 Summit Boulevard, Orchid Park, Mobile, AL	USA
S1-006827	Lantern Foods Limited	151 Northgate Street, Jaipur, Gujarat	IN
S1-006828	Kestrel Silverline Trading Limited	21 Clearwater Mar, Clearwater Nagar, Coimbatore, Kerala, 696283	IN
S1-006829	Harbor Redwood Packaging Incorporated	247 Ravenwood St, Meridian Park, Austin, IL, 28416	United States
S1-006830	Bluepeak Industries Incorporated	158 Brightpath Boulevard, Lantern Park ,Mobile	United States
S1-006831	Brightpath Solutions Incorporated	Orchid Rd, Celarwater Park, Tacoma, OH, 54691	US
S1-006832	Harbor Solutions Private Limited	7 Harbor Marg, Indore, Rajasthan, 437925	IN
S1-006833	Silverline Textiles Limited	35/38 Silverline Road, Clearwater Nagar, Jaipur, Tamil Nadu, 489751	India
S1-006834	Thistle Enterprises Company	290 Apex St, Goldleaf Park,Peoria, 78059	USA
S1-006835	Thistle Enterprises Company	15/25 Ravenwood Blvd, Quarry Park, Peoriaa, IL	USA
S1-006836	Silverline Foods Company	147 Falcon St, Peoria, CA	USA
S1-006837	Falcon Solutions Private Limited	371 Juniper Mn, Brightpath Nagar, Surat, Kerala, 676993	India
S1-006838	Bluepeak Logistics Private Limited	175 Orchid Rd, Goldleaf Nagar, Indore, Maharashtra, 364603	IN
S1-006839	Kestrel Chemicals Company	162 Summit Ave, Near Exit 14, Summit Park, Lubbock, OH	USA
S1-006840	Redwood Fabrics Limited	Opp. Bus Depot, 30 Juniper Main, Brightpath Nagar, Surat, MP, 699671	IN
S1-006841	Redwood Fabrics Limited	331 Kestrel Marg, Pune	IN
S1-006842	Apex Services Incorporated	292 Ravenwood Dr, Quarry Park, Tacom, 20509	US
S1-006843	Northgate Enterprises Private Limited	Lantern Road Stonebridge Nagar Nagpur Maharashtra	IN
S1-006844	Sunstone Textiles Corporation	8/40 Vertex St, Northgate Park, Peoria, WA	United States
S1-006845	Sunstone Textiles Corporation	191 Orchid Ave, Peoria, CA, 78180	United States
S1-006846	Bluepeak Fabrics Limited	149 Orchid Cross, Vertex Nagar, Kochi, Rajasthan	India
S1-006847	Brightpath Bluepeak Fabrics Limited	Behind Ganesh Temple, 347 Lantern Rd, Ravenwood Nagar, Indore, 265808	IN
S1-006848	Redwood Foods Limited	369 Quarry Main Kestrel Nagar Surat 284603	India
S1-006849	Redwood Foods Limited	370 Maplecrest St, Surat, Kerala, 482831	India
S1-006850	Bluepeak Falcon Packaging Private Limited	Ironwood Nagar Jaipur Maharashtra 952853 115 Redwood Marg	IN
S1-006851	Falcon Vertex Electricals Incorporated	389 Summit St, Lubbock, Ironwood Park	USA
S1-006852	Onyx Cobalt Enterprises Company	347 Goldleaf St, Harbor Park, Peoria, 80985	US
S1-006853	Onyx Cobalt Enterprises Company	Opp. City Library, Goldleaf Ave, Summit Park, Fresno, OH, 96827	US
S1-006854	Cobalt Fabrics Private Limited	145 Bluepeak Crs, Lantern Nagar, Coimbatore, MP	IN
S1-006855	Vertex Stonebridge Textiles Limited Liability Company	56 Redwood Dr, Mobile, OH	United States
S1-006856	Bluepeak Industries Limited	395 Kestrel Cross Apex Nagar Pune Gujarat 853474	India
S1-006857	Sunstone Logistics Company	202 Goldleaf Road, Clearwater Park, Lubbock, IL, 83272	United States
S1-006858	Northgate Industries Private Limited	45 Quarry Mn, Indore, 164478	India
S1-006859	Ironwood Chemicals Private Limited	Near SBI ATM, 82 Lantern Marg, Harbor Nagar, Jaiupr, Kerala, 828478	India
S1-006860	Ironwood Chemicals Private Limited	248 Stonebridge Marg, Silverline Nagar, Kochi, Gujarat, 668196	India
S1-006861	Kestrel Electricals Limited	243 Northgate Main, Kestrel Nagar, Pune, Tamil Nadu, 396233	IN
S1-006862	Kestrel Electricals Limited	201 Lantern Cross, Sunstone Nagar, Indore, 228758	IN
S1-006863	Apex Consultancy Limited	201 Quarry Marg, Near SBI ATM, Thistle Nagar, Coimbatore, Tamil Nadu, 172766	India
S1-006864	Apex Consultancy Limited	389 Silverline Rd Summit Nagar Pune Gujarat 830068	IN
S1-006865	Brightpath Logistics Company	182 Sunstone Blvd, Ironwood Park, Akron, IL, 54057	United States
S1-006866	Kestrel Services Corporation	249 Kestrel Bolevard, Summit Park, Peoria, 87316	US
S1-006867	Vertex Solutions Limited	58 Silverline Crs, Silverline Nagar, Surat, Rajasthan	India
S1-006868	Vertex Solutions Limited	106 Falcon St, Coimbatore,T amil Nadu, 473703	India
S1-006869	Summit Logistics Private Limited	Near Metro Pillar 42 210 Vertex  Marg Meridian Nagar Nagpur 565214	IN
S1-006870	Quarry Fabrics Limited Liability Company	53 Silverline Drive Summit Park Austin CA 45731	USA
S1-006871	Quarry Fabrics Limited Liability Company	6/75 Meridian Avenue, Summit Park, Austin, 40184	United States
S1-006872	Clearwater Fabrics Limited	264 Sunstone St, Kestrel Nagar, Indore	India
S1-006873	Clearwater Fabrics Limited	228 Redwood Cross, Brightpath Nagar, Coimbatore, Gujarat, 509796	IN
S1-006874	Quarry Services Limited	Bluepeak Nagar, Kochi, 739868, 94 Cobalt Road	India
S1-006875	Quarry Services Limited	146 Bluepeak Crs Bluepeak Nagar Indore P	IN
S1-006876	Orchid Consultancy Private Limited	Thsitle Mn, Cobalt Nagar, Nagpur, Maharashtra, 871552	India
S1-006877	Ironwood Sunstone Industries Limited	151 Goldleaf Main Bluepeak Nagar Surat 952253	India
S1-006878	Quarry Vertex Foods Limited Liability Company	Cobal tDr, Akron, WA	USA
S1-006879	Thistle Bluepeak Foods Incorporated	33 Meridian Dr, Redwood Park, Fresno, IL, 84744	United States
S1-006880	Cobalt Systems Company	18/71 Meridian St, Harbor Park, Lubbock, 60797	USA
S1-006881	Summit Foods Limited Liability Company	248 Falcon St, Akron, 25394	United States
S1-006882	Summit Foods Limited Liability Company	Sunstone Avenue Brightpath Park Akron TX 14462	United States
S1-006883	Ironwood Trading Limited	351 Maplecrest Mn Indore	India
S1-006884	Thistle Industries Corporation	202 Goldleaf Dr, Peoria, 74949	United States
S1-006885	Brightpath Clearwater Fabrics Corporation	Behind the Civic Center, 308 Vertex St, Northgate Park, Lubbock, WA, 83422	US
S1-006886	Meridian Motors Company	230 Onyx Blvd, Lubbock, TX	US
S1-006887	Meridian Motors Company	363 Maplecrest Ave, Mobile, IL	US
S1-006888	Cobalt Chemicals Incorporated	128 Goldleaf Dr, Stonebridge Park, Fresno, CA, 59221	USA
S1-006889	Cobalt Chemicals Incorporated	286 Juniper Blvd, Thistle Park, Fresno, AL, 59841	USA
S1-006890	Cobalt Foods Private Limited	Near Metro Pillar 42, 26 Goldleaf Marg, Northgate Nagar, Indore, Maharashtra, 603457	India
S1-006891	Sunstone Fabrics Corporation	226 Vertex Boulevard, Ravenwood Park, Fresno, IL	USA
S1-006892	Thistle Motors Limited Liability Company	254 Bluepeak Road Clearwater Park Austin 49672	United States
S1-006893	Vertex Onyx Solutions Company	164 Silverline Blvd Goldleaf Park Mobile AL 94742	USA
S1-006894	Vertex Onyx Solutions Company	332 Goldleaf St, Summit Park, Mobile, 86229	United States
S1-006895	Vertex Industries Corporation	Ravenwood St, Fresno, CA, 80760, Orchid Park	US
S1-006896	Sunstone Goldleaf Packaging Limited	277 Onyx Marg, Harbor Nagar, Kochi, Rajasthan	IN
S1-006897	Sunstone Goldleaf Packaging Limited	Juniper Marg, Orchid Nagar, Kochi, 488494	IN
S1-006898	Northgate Industries Private Limited	86 Clearwater Cross Clearwater Nagar Surat Rajasthan	India
S1-006899	Clearwater Redwood Motors Corporation	Juniper St, Lantern Park, Tacom, 68189	USA
S1-006900	Lantern Solutions Company	167 Thistle Street, Falcon Park, Near Exit 14, Mobile, 17842	USA
S1-006901	Ravenwood Industries Incorporated	258 Falcon Road Orchid Park Near Exit 14 Akron	US
S1-006902	Meridian Solutions Corporation	Harbor Dr, Meridian Park, Behind the Civic Center, Mobile, TX, 38240	United States
S1-006903	Quarry Ironwood Solutions Limited	79 Summit Road, Ironwood Nagar, Pune, 601033	India
S1-006904	Lantern Logistics Private Limited	236 Northgate Street, Cobalt Nagar, Coimbatore, Maharashtra, 174171	IN
S1-006905	Lantern Logistics Private Limited	113 Bluepeak Crs, Clearwater Nagar, Coimbatore, Tamil Nadu	IN
S1-006906	Ironwood Fabrics Company	189 Ravenwood Avenue Opp. City Library Mobile 57425	United States
S1-006907	Apex Harbor Motors Private Limited	332 Redwood Rd, Surat, Behind Ganesh Temple	IN
S1-006908	Juniper Sunstone Industries Limited Liability Company	127 Stonebridge Avenue Juniper Park Lubbock 23532	US
S1-006909	Maplecrest Cobalt Foods Incorporated	57 Quarry Rd, Mobile, IL, 75996	United States
S1-006910	Maplecrest Kestrel Solutions Incorporated	6 Thistle Rd, Falcon Park, Austin, WA, 86745	US
S1-006911	Northgate Clearwater Chemicals Limited Liability Company	328 Clearwater Road, pex Park, Peoria, 28830	United States
S1-006912	Summit Logistics Limited	240 Vertex Rd, Sunstone Nagar, Surat, Maharashtra	IN
S1-006913	Summit Logistics Limited	Near SBI ATM, 134 Falcon Marg, Silverline Nagar, Surat	India
S1-006914	Goldleaf Trading Limited	178 Maplecrest Crs, Bluepeak Nagar, Pune, 198915	India
S1-006915	Stonebridge Enterprises Private Limited	398 Juniper Main, Summit Nagar, Nagpur, Maharashtra	IN
S1-006916	Stonebridge Harbor Trading Private Limited	126 Redwood Marg, Harbor Nagar, Coimbatore, Gujarat, 848168	India
S1-006917	Redwood Services Limited	164 Apex Crs Indore Tamil Nadu 977356	India
S1-006918	Juniper Chemicals Incorporated	184 Silverline Blvd, Cobalt Park, Near Exit 14, Mobile, WA, 26569	US
S1-006919	Juniper Chemicals Incorporated	198 Juniper Street, Quarry Park, Mobile, WA	US
S1-006920	Stonebridge Solutions Limited Liability Company	392 Kestrel Boulevard, TThistle Park, Peoria, 67536	United States
S1-006921	Stonebridge Solutions Limited Liability Company	31  Vertex Avenue, Thistle Park, Austin, OH, 62750	USA
S1-006922	Onyx Apex Consultancy Limited Liability Company	91 Quarry Boulevard Apex Park Akron WA	US
S1-006923	Onyx Apex Consultancy Limited Liability Company	299 Kestrel Boulevard, Tacoma, Clearwater Park	United States
S1-006924	Ravenwood Ironwood Logistics Private Limited	139 Apex Street, Indore, Rajasthan, 520339	IN
S1-006925	Summit Sunstone Motors Limited Liability Company	352 Brightpath Drive Near Exit 14 Sunstone Park Lubbock CA	United States
S1-006926	Sunstone Quarry Motors Incorporated	Orchid Road, Sunstone Park, Mobile	US
S1-006927	Quarry Industries Limited	321 Bluepeak Road, Summit Nagar, Near SBI ATM, Kochi	IN
S1-006928	Goldleaf Solutions Incorporated	Meridian Road Onx Park Fresno IL 31695	US
S1-006929	Quarry Fabrics Incorporated	159 Kestrel Boulevard, Behind the Civic Center, Stonebridge Park, Austin, TX, 83142	United States
S1-006930	Quarry Fabrics Incorporated	373 Kestrel St, Vertex Park, Mobile, 75408	US
S1-006931	Juniper Consultancy Private Limited	33/65 Orchid Street, Kestrel Nagar, Indore	IN
S1-006932	Juniper Consultancy Private Limited	Goldleaf Road Orchid Nagar Indore Rajasthan 426958	India
S1-006933	Goldleaf Enterprises Private Limited	223 Silverline Crs, Near SBI ATM, Jaipur, Maharashtra	IN
S1-006934	Thistle Foods Limited Liability Company	Ravenwood Road, Opp. City Library, Goldleaf Park, Peoria, OH, 11216	USA
S1-006935	Thistle Foods Limited Liability Company	Lantern Rd, Near Exit 14, Peoria, 93581	United States
S1-006936	Juniper Logistics Company	147 Bluepeak Ave, Harbor Park, Peoria, CA, 18265	United States
S1-006937	Juniper Logistics Company	86 Sunstone St Kestrel Park Akron 40652	United States
S1-006938	Vertex Services Limited	386 Orchid St, Apex Nagar, Nagpur, Maharashtra, 787228	India
S1-006939	Maplecrest Motors Company	12/27 Cobalt Dr, Meridian Park, Peoria, CA, Near Exit 14	United States
S1-006940	Northgate Motors Limited Liability Company	50 Quarry Rd Mobile 85010	USA
S1-006941	Onyx Solutions Corporation	76 Northgate St, Harbor Park, Mobile, OH, 87729	US
S1-006942	Orchid Enterprises Private Limited	189 Redwood Crs, Cobalt Nagar, Surat, 405432	India
S1-006943	Ironwood Solutions Company	37/81 Falcon Dr, Falcon Park, Fresno	US
S1-006944	Vertex Foods Company	192 Maplecrest St, Bluepeak Park, Austin, IL, 97651	USA
S1-006945	Orchid Electricals Private Limited	314 Ironwood Road, Northgate Nagar, 401599, Indore	IN
S1-006946	Orchid Electricals Private Limited	97 Onyx Crs, Falcon Nagar, Coimbatore	IN
S1-006947	Falcon Services Private Limited	66 Falcon Rd, Behind Ganesh Temple, Redwood Nagar, Indore, MP, 948874	India
S1-006948	Orchid Cobalt Enterprises Private Limited	17 Kestrel Rd, Quarry Nagar, Kochi	India
S1-006949	Meridian Ravenwood Packaging Corporation	374 Silverline Road, Thistle Park, Tacoma, 51788	United States
S1-006950	Thistle Fabrics Corporation	53 Thistle Road Redwood Park Tacoam WA	United States
S1-006951	Vertex Logistics Company	233 Sunstone Ave Brightpath Park Austin OH	USA
S1-006952	Orchid Consultancy Incorporated	Behind the Civic Center 34/18 Clearwater Blvd Cobalt Park Akron	United States
S1-006953	Thistle Systems Limited Liability Company	294 Silverline Avenue Mobile WA 88996	United States
S1-006954	Orchid Industries Limited Liability Company	Stonebridge Rd Cobalt Park Peoria 48710	United States
S1-006955	Ravenwood Motors Private Limited	Near SBI ATM, 279 Maplecrest Marg, Apex Nagar, Jaipur, 607628	IN
S1-006956	Quarry Vertex Services Private Limited	71 Silverline Crs, Nagpur, MP	India
S1-006957	Quarry Vertex Services Private Limited	168 Vertex Marg, Pune, Kerala	India
S1-006958	Ironwood Motors Private Limited	Kochi, 155630, 266 Bluepeak Mn	IN
S1-006959	Ironwood Motors Private Limited	291 Cobalt Rd, Apex Nagar, Kochi	IN
S1-006960	Redwood Packaging Company	385 Bluepeak Ave Harbor Park Austin AL 58939	United States
S1-006961	Vertex Silverline Electricals Private Limited	142 Redwood Crs, Nagpur, MP	IN
S1-006962	Vertex Silverline Electricals Private Limited	23/86 Summit Crs Goldleaf Nagar Pune Tamil Nadu 637772	IN
S1-006963	Harbor Juniper Foods Incorporated	307 Summit Boulevard, Orchid Park, Peoria, WA	US
S1-006964	Northgate Consultancy Limited Liability Company	21/9 Ironwood St, Ravenwood Park, Austin, 96944	USA
S1-006965	Meridian Goldleaf Systems Limited	16/36 Kestrel Cross Brightpath Ngar Nagpur Tamil Nadu 312177	India
S1-006966	Stonebridge Solutions Incorporated	Summit Blvd Kestrel Park Fresno 77492	USA
S1-006967	Maplecrest Chemicals Private Limited	367 Summit Rd, Coibatore, Tamil Nadu	IN
S1-006968	Maplecrest Chemicals Private Limited	232 Onyx Main, Coimbatore, 766195	IN
S1-006969	Thistle Packaging Limited	126 Summit Road, Coimbatore, 207796	India
S1-006970	Brightpath Foods Company	25 Stonebridge Boulevard, Near Exit 14, Quarry Park, Akron, OH	USA
S1-006971	Brightpath Textiles Private Limited	323 Onyx Crs Ironwood Nagar Nagpur Gujarta 658088	India
S1-006972	Thistle Electricals Incorporated	Behind the Civic Center, 99 Onyx Blvd, Lubbock, OH, Kestrel Park	United States
S1-006973	Thistle Electricals Incorporated	363 Vertex Bulevard Juniper Park Lubbock WA	US
S1-006974	Bluepeak Maplecrest Foods Company	37/37 Falcon Avenue, Juniper Park, Lubbock, AL	USA
S1-006975	Apex Thistle Logistics Incorporated	Quarry Ave, Jniper Park, Fresno, 16255	US
S1-006976	Apex Thistle Logistics Incorporated	Opp. City Library, 122 Ravenwood Blvd, Silverline Park, Austin	USA
S1-006977	Maplecrest Electricals Limited Liability Company	169 Sunstone Dr, Tacoma, 77602, Near Exit 14	US
S1-006978	Maplecrest Electricals Limited Liability Company	363 Goldleaf Blvd Falcon Park Mobile	USA
S1-006979	Ravenwood Brightpath Textiles Limited	175 Thistle Rd, Surat, 849437	India
S1-006980	Bluepeak Solutions Private Limited	308 Northgate Main, Lantern Nagar, Nagpur, 315893	India
S1-006981	Ironwood Goldleaf Consultancy Incorporated	Behind the Civic Center, Goldleaf Ave, Ravenwood Park, Austin, AL, 45630	USA
S1-006982	Ironwood Goldleaf Consultancy Incorporated	277 Maplecrest Boulevard, Onyx Park, Austin, 98879	United States
S1-006983	Sunstone Enterprises Limited Liability Company	285 Silverline Boulevard, Austin, 84163	United States
S1-006984	Apex Electricals Limited Liability Company	59 Clearwater Blvd, Apex Park, Tacoma	USA
S1-006985	Vertex Motors Limited Liability Company	196 Quarry Street, Peoria, CA, 58521	US
S1-006986	Thistle Goldleaf Textiles Corporation	257 Brightpath Road, Stonebridge Park, Tacoma	United States
S1-006987	Thistle Goldleaf Textiles Corporation	184 Stonebridge St, Brightpath Park, Fresno, 91041	United States
S1-006988	Quarry Motors Limited	224 Bluepaek Marg, Harbor Nagar, Nagpur, Rajasthan	India
S1-006989	Thistle Trading Limited	322 Northgate Main Kestrel Nagar Surat Rajasthan 700999	India
S1-006990	Thistle Trading Limited	16/78 Kestrel Road, Maplecrest Nagar, Coimbatore, Tamil Nadu, 130442	IN
S1-006991	Ravenwood Packaging Private Limited	306 Bluepeak Street, Jaipur, Tamil Nadu	IN
S1-006992	Bluepeak Quarry Enterprises Limited Liability Company	Silverline Street, Summit Park, Austin	United States
S1-006993	Stonebridge Chemicals Limited	252 Thistle Crs, Ravenwood Nagar, Pune, Tamil Nadu, 718136	India
S1-006994	Stonebridge Chemicals Limited	233 Thistle Main ,Lantern Nagar, Nagpur, 800045	India
S1-006995	Bluepeak Industries Private Limited	361 Goldleaf Street, Redwood Nagar, Jaipur, MP	IN
S1-006996	Cobalt Ironwood Systems Limited Liability Company	322 Goldleaf St, Harbor Park, Fresno, OH	United States
S1-006997	Apex Systems Incorporated	Summit Street, Meridian Park, Fresno	United States
S1-006998	Falcon Apex Electricals Corporation	223 Orchid Rd, Clearwater Park, Lubbock, 77407	US
S1-006999	Lantern Logistics Limited	10/57 Clearwater Marg Falcon Nagar Kochi Kerala 721906	IN
S1-007000	Lantern Logistics Limited	37 Quarry Rd, Cobalt Nagar, Kochi, Kerala, 763122	India
S1-007001	Clearwater Consultancy Private Limited	57 Sunstone Rd, Quarry Nagar, Nagpur, 430341, Behind Ganesh Temple	India
S1-007002	Ironwood Motors Private Limited	232 Goldleaf Marg, Brightpath Nagar, Maharashtra, 698904, Indore	IN
S1-007003	Silverline Sunstone Fabrics Limited	119 Maplecrest Main, Silverline Nagar, Jaipur, Tamil Nadu	India
S1-007004	Orchid Fabrics Incorporated	46Apex Avenue Austin CA 12894	United States
S1-007005	Ironwood Chemicals Private Limited	205 Stonebridge Marg, Maplecrest Nagar, Coimbatore, MP, 225225	IN
S1-007006	Ironwood Solutions Private Limited	346 Brightpath Marg, Cobalt Nagar, Nagpur, Rajasthan	India
S1-007007	Apex Chemicals Limited	Near SBI ATM, 254 Juniper Crs, Falcon Nagar, Pune, Gujarat, 178616	IN
S1-007008	Sunstone Fabrics Limited Liability Company	256 Maplecrest Drive, Kestrel Park, Fresno, AL, 54364	United States
S1-007009	Silverline Consultancy Company	14 Ironwood Street, Redwood Park, Peoria, 43950	US
S1-007010	Harbor Electricals Corporation	143 Quarry Ave, Juniper Park, Akron, TX, 96716	United States
S1-007011	Falcon Services Company	27/30 Summit Blvd, Stonebridge Park, Peoria, OH	US
S1-007012	Juniper Northgate Fabrics Private Limited	190 Kestrel Main Summit Nagar Pune Gujarat 860678	IN
S1-007013	Juniper Northgate Fabrics Private Limited	23 Quarry Road, Juniper Nagar, Pune	India
S1-007014	Orchid Chemicals Private Limited	68 Kestrel Marg, Bluepeak Nagar, Coimbatore, 700292	India
S1-007015	Cobalt Foods Private Limited	25/48 Ravenwood St, Brightpath Nagar, Kochi, Kerala	IN
S1-007016	Harbor Industries Incorporated	190 Summit Ave, Harbor Park, Austin, AL, 21494	US
S1-007017	Juniper Apex Consultancy Limited Liability Company	226 Orchid St, Meridian Park, Fresno, 75057	US
S1-007018	Juniper Apex Consultancy Limited Liability Company	5/69 Falcon Road, Juniper Park, Peoria, OH	US
S1-007019	Sunstone Kestrel Logistics Incorporated	Juniper Blvd, Ravenwood Park, Akron, WA, 72975	USA
S1-007020	Lantern Services Private Limited	Sunstone Nagar, Pune, Rajasthan, 22 Silverline Cross	India
S1-007021	Lantern Services Private Limited	13/47 Quarry Road Quarry Nagar Pune Tamil Nadu 509075	India
S1-007022	Onyx Fabrics Company	158 Silverline Rd Maplecrest Park Tacoma 77830	US
S1-007023	Northgate Packaging Private Limited	187 Summit Marg, Ironwood Nagar, Indore, Maharashtra, 956821	India
S1-007024	Northgate Packaging Private Limited	Behind Ganesh Temple, Onyx Street, Northgate Nagar, Nagpur, MP	India
S1-007025	Kestrel Electricals Incorporated	Behind the Civic Center 307 Ironwood Boulevard Silverline Park Peoria 44974	USA
S1-007026	Kestrel Electricals Incorporated	94 Stonebridge Street Sunstone Park Fresno	United States
S1-007027	Onyx Fabrics Private Limited	Near Metro Pillar 42, 243 Thistle Marg, Orchid Nagar, Surat, Gujarat, 403840	India
S1-007028	Goldleaf Motors Incorporated	38 Kestrel Dr, Austin, 83143, Apex Park	United States
S1-007029	Bluepeak Fabrics Corporation	375 Redwood Road, Peoria, CA	United States
S1-007030	Goldleaf Enterprises Limited	92 Orchid Cross, Onyx Nagar, Kochi, 295401	IN
S1-007031	Orchid Textiles Limited Liability Company	3 Juniper Drive, Lubbock, 87305	US
S1-007032	Orchid Textiles Limited Liability Company	358 Harbor Boulevard, Austin, 80397	United States
S1-007033	Lantern Motors Private Limited	25/51 Lantern St Lantern Nagar Nagpur 273861	IN
S1-007034	Lantern Motors Private Limited	Onyx Marg, Harbor Nagar, Coimbatore, 891657	IN
S1-007035	Ironwood Chemicals Company	16/59 Stonebridge Road Meridian Park Mobile 61358	US
S1-007036	Ironwood Chemicals Company	17/73 Maplecrest Boulevard, Lubbock, AL, 48455	United States
S1-007037	Juniper Fabrics Private Limited	188 Silverline Marg, Summit Nagar, Jaipur, 981372	India
S1-007038	Juniper Fabrics Private Limited	5 Onyx Cross, Nagpur, 740144	India
S1-007039	Orchid Solutions Limited	89 Bluepeak Mn, Lantern Nagar, Near SBI ATM, Jaipur, 476367	India
S1-007040	Northgate Bluepeak Solutions Limited	392 Clearwater Main, Cobalt Nagar, Pune, Gujarat, 734454	IN
S1-007041	Orchid Chemicals Limited	Orchid Marg, Clearwater Nagar, Coimbatore, Rajasthan	India
S1-007042	Falcon Industries Private Limited	211 Lantern Main Ravenwood Nagar Behind Ganesh Temple Indore Gujarat 297636	IN
S1-007043	Thistle Packaging Limited	35 Lantern Cross, Brightpath Nagar, Pune, Kerala, 296242	IN
S1-007044	Sunstone Industries Corporation	285 Kestrel Blvd Orchid Park Fresno TX 43133	United States
S1-007045	Kestrel Textiles Corporation	110 Juniper Street, Cobbalt Park, Mobile	United States
S1-007046	Sunstone Solutions Limited Liability Company	Orchid St, Behind the Civic Center, Akron, WA, 59864	USA
S1-007047	Apex Kestrel Chemicals Incorporated	275 Maplecrest Boulevard, Bluepeak Park, Akron, WA	US
S1-007048	Summit Harbor Foods Corporation	104 Cobalt Avenue, Kestrel Park, Tacoma, A, 59283	US
S1-007049	Thistle Industries Limited Liability Company	Near Exit 14, 298 Silverline St, Austin, 80603	United States
S1-007050	Thistle Industries Limited Liability Company	69 Vertex Street, Apex Park, Lubbock, AL, 25719	USA
S1-007051	Cobalt Industries Limited Liability Company	Silverline Rd, Orchid Park, Fresno	United States
S1-007052	Summit Industries Corporation	129 Redwood Boulevard, Meridian Park, Mobile	US
S1-007053	Summit Industries Corporation	Lantern Dr, Sumimt Park, Mobile, IL	US
S1-007054	Bluepeak Onyx Fabrics Company	146 Northgate Ave, Peoria, 83800	United States
S1-007055	Quarry Northgate Solutions Company	Near Exit 14, 187 Onyx Drive, Austin, WA	United States
S1-007056	Onyx Quarry Electricals Private Limited	102 Apex Mn, Vertex Nagar, Pune, Kerala, 599226	IN
S1-007057	Quarry Systems Limited Liability Company	260 Onyx  Road, Peoria, Apex Park	United States
S1-007058	Quarry Systems Limited Liability Company	328 Silverline Drive, Meridian Park, Peoria, OH, 36278	US
S1-007059	Lantern Stonebridge Electricals Private Limited	Pune, MP, 364 Lantern Cross	IN
S1-007060	Quarry Electricals Incorporated	306 Lantern Blvd, Quarry Park, WA, Akron	US
S1-007061	Quarry Electricals Incorporated	343 Falcon Aveneu, Akron, CA, 43190	US
S1-007062	Ravenwood Solutions Private Limited	138 Lantern Crs, Cobalt Nagar, Pune, 334499	IN
S1-007063	Sunstone Logistics Corporation	37/35 Harbor Boulevard, Summit Park, Fresno, 62972	US
S1-007064	Goldleaf Motors Private Limited	134 Harbor Mn, Ironwood Nagar, Kochi, Gujarat	India
S1-007065	Summit Textiles Limited Liability Company	30 Meridian Blvd, Quarry Park, Tacoma, TX, 76624	USA
S1-007066	Ironwood Foods Limited	136 Brightpath Cross, Harbor Nagar, Indore	India
S1-007067	Orchid Solutions Company	240Stonebridge Ave, Vertex Park, Fresno, OH	USA
S1-007068	Lantern Maplecrest Consultancy Incorporated	25/63 Falcon Dr, Quarry Park, Lubbock, IL, 80265	US
S1-007069	Lantern Apex Solutions Company	397 Brightpath Avenue Behind the Civic Center Stonebridge Park Austin	US
S1-007070	Lantern Apex Solutions Company	922 Clearwater Avenue, Silverline Park, Mobile, CA	United States
S1-007071	Harbor Chemicals Private Limited	90 Ironwood Rd Lantern Nagar Jaipur Kerala 930170	IN
S1-007072	Redwood Juniper Industries Private Limited	320 Kestrel Road, Apex Nagar, Kochi, Gujarat	India
S1-007073	Apex Electricals Incorporated	350 Rvaenwood Street, Clearwater Park, Akron, 69561	USA
S1-007074	Vertex Sunstone Packaging Company	53 Orchid Rd Redwood Park Opp. City Library Fresno WA 80973	US
S1-007075	Juniper Fabrics Limited Liability Company	122 Kestrel St, Silverline Park, Fresno, TX, 38149	USA
S1-007076	Brightpath Packaging Limited Liability Company	Harbor Road, Juniepr Park, Peoria, WA, 13438	United States
S1-007077	Falcon Services Private Limited	132 Redwood St Clearwater Nagar Indore	IN
S1-007078	Stonebridge Systems Company	Cobalt Park, Akron, AL, 27936, Meridian Rd	US
S1-007079	Juniper Electricals Company	156 Thistle Drive, Lubbock, WA, 22743	USA
S1-007080	Vertex Consultancy Private Limited	34 Goldleaf Crs Summit Nagar Indore 901400	India
S1-007081	Goldleaf Motors Company	305 Cobalt St Akron WA 59256	United States
S1-007082	Summit Enterprises Incorporated	139 Northgate Boulevard, Lubbock, WA, 31440	United States
S1-007083	Summit Enterprises Incorporated	25 Cobalt Boulevard, Lubbock	USA
S1-007084	Kestrel Maplecrest Electricals Private Limited	Maplecrest Marg, Vertex Nagar, Indore, Maharashtra, 643669	India
S1-007085	Falcon Chemicals Private Limited	267 Ironwood Rd Falcon Nagar Surat Rajasthan 888396	India
S1-007086	Vertex Packaging Incorporated	Onyx Avenue, Peoria, WA, 40840	USA
S1-007087	Vertex Packaging Incorporated	12/89 Quarry Ave Opp. City Library Apex Park Peoria AL 99992	USA
S1-007088	Ravenwood Juniper Industries Company	188 Kestrel Blvd, Brightpath Park, Austin, TX, 51168	United States
S1-007089	Onyx Services Company	Summit Blvd, Ironwood Park, Tacoma, IL, 15980	United States
S1-007090	Juniper Meridian Textiles Limited Liability Company	229 Thistle St, Clearwater Park, Tacoma, 52344	United States
S1-007091	Stonebridge Ironwood Foods Limited Liability Company	18/88 Meridian Avenue, Vertex Park, Akron, 34537	USA
S1-007092	Stonebridge Ironwood Foods Limited Liability Company	156 Meridian St, Falcon Park, Akron, OH, 98637	USA
S1-007093	Brightpath Electricals Limited	163 Stonebridge Rd Ironwood Nagar Nagpur 315137	IN
S1-007094	Brightpath Electricals Limited	43 Vertex Street, Kestrel Nagar, Nagpur, Kerala, 813874	IN
S1-007095	Summit Vertex Trading Limited Liability Company	323 Ironwoodd Blvd, Peoria, WA	United States
S1-007096	Onyx Consultancy Private Limited	291 Juniper Rd, Meridian Nagar, Suratt, Gujarat, 171387	IN
S1-007097	Ravenwood Clearwater Enterprises Company	344 Redwood Blvd, Opp. City Library, Harbor Park, Lubbock	US
S1-007098	Ravenwood Clearwater Enterprises Company	Near Exit 14, 217 Redwood Blvd, Clearwater Park, Lubbock, AL	US
S1-007099	Cobalt Solutions Corporation	Falcon Boulevard, Quarry Park, Asutin	US
S1-007100	Redwood Trading Private Limited	99 Thistle St, Stonebridge Nagar, Jaipur, Tamil Nadu, 354122	India
S1-007101	Onyx Systems Corporation	Near Exit 14, 63 Northgate Avenue, Akron, TX, 77950	USA
S1-007102	Onyx Systems Corporation	203 Meridian St, Meridian Park, Akron, 53868	United States
S1-007103	Summit Electricals Incorporated	142 Stonebridge Road, Peoria, 668413	United States
S1-007104	Quarry Services Private Limited	357 Brightpath Main, Jaipur, Tamil Nadu	IN
S1-007105	Stonebridge Textiles Company	Behind the Civic Center, 111 Lantern St, Redwood Park, Peoria, AL, 22075	United States
S1-007106	Ironwood Redwood Textiles Private Limited	304 Cobalt Crs, Nagpur, MP, 809366	India
S1-007107	Sunstone Packaging Company	209 Juniper Ave, Summit Park, Fresno, 73224	United States
S1-007108	Silverline Chemicals Private Limited	254 Vertex Marg, Cobalt Nagar, Nagpur, Rajasthan	India
S1-007109	Brightpath Northgate Foods Incorporated	271 Meridian Dr, Tacoma, WA, 46413	US
S1-007110	Quarry Foods Private Limited	132 Apex Crs, Kochi, 816787	IN
S1-007111	Cobalt Logistics Limited Liability Company	344 Silverline Street, Opp. City Library, Fresno	United States
S1-007112	Apex Enterprises Private Limited	107 Kestrel Road, Sunstone Nagar, Indore, Gujarat	IN
S1-007113	Silverline Logistics Private Limited	324 Thistle Marg, Sunstone Nagar, Jaipur, Maharashtra	IN
S1-007114	Vertex Systems Private Limited	Quarry Street, Orchid Nagar, Jaipur	IN
S1-007115	Kestrel Packaging Incorporated	383 Lantern Dr Maplecrest Park Peoria	US
S1-007116	Juniper Systems Limited	283 Silverline Cross, Apexx Nagar, Jaipur, Rajasthan, 579683	India
S1-007117	Harbor Chemicals Limited	1 Cobalt Mn, Cobalt Nagar, Indore	IN
S1-007118	Lantern Motors Incorporated	27 Silverline Ave, Clearwater Park, Akron, OH, 26796	USA
S1-007119	Lantern Stonebridge Enterprises Limited	351 Meridian Rd, Coimbatore, MP, 310988	India
S1-007120	Lantern Stonebridge Enterprises Limited	Near SBI ATM, 55 Verte Mn, Surat, Maharashtra, 181693	IN
S1-007121	Vertex Juniper Consultancy Incorporated	15/36 Orchid St Orchid Park Tacoma 37020	US
S1-007122	Bluepeak Consultancy Private Limited	Near Metro Pillar 42, 130 Harbor Mn, Bluepeak Nagar, Indore, 427433	India
S1-007123	Brightpath Packaging Incorporated	Austin, 97097, 83 Stonebridge Blvd	United States
S1-007124	Cobalt Motors Private Limited	Ravenwood Street Nagpur 373871	IN
S1-007125	Juniper Fabrics Limited Liability Company	219 Clearwater Road, Behind the Civic Center, Orchid Park, Peoria, OH	United States
S1-007126	Juniper Fabrics Limited Liability Company	154 Brightpath Blvd, Near Exit 14, Bluepeak Park, Lubbock, TX, 366486	USA
S1-007127	Quarry Logistics Private Limited	39 Brightpath Street, Indore, Rajasthan	India
S1-007128	Quarry Logistics Private Limited	43 Lantern Main Surat 642547	India
S1-007129	Stonebridge Electricals Private Limited	310 Lantern Rd, Ravenwood Nagar, Kochi, 512193	IN
S1-007130	Ravenwood Fabrics Incorporated	299 Cobalt Ave, Thistle Park, Opp. City Library, Austin, 38164	US
S1-007131	Ravenwood Fabrics Incorporated	54 Lantern Boulevard, Ironwood Park, Opp. City Library, Mobile, TX	United States
S1-007132	Falcon Systems Incorporated	Orchid Blvd, Clearwater Park, Tacoma, TX, 39333	United States
S1-007133	Juniper Enterprises Private Limited	Redwoo dCrs, Bluepeak Nagar, Kochi	IN
S1-007134	Juniper Enterprises Private Limited	155 Stonebridge Road, Kochi, Maharashtra, 672963	IN
S1-007135	Quarry Motors Corporation	Behind the Civic Center, 28 Falcon Ave, Goldleaf Park, Austin	United States
S1-007136	Meridian Foods Incorporated	Onyx Street, Opp. City Library, Ravenwood Park, Austin, CA, 87124	United States
S1-007137	Apex Falcon Enterprises Corporation	174 Ravenwood Drive, Clearwater Park, Austin, CA, 35676	US
S1-007138	Orchid Electricals Company	111 Orchid Rd, Austin	US
S1-007139	Juniper Textiles Private Limited	19 Summit Marg, Coimbatore, Maharashtra	IN
S1-007140	Silverline Chemicals Private Limited	286 Juniper Rd Sunstone Nagar 584329 Kochi	IN
S1-007141	Sunstone Orchid Logistics Limited	379 Fallcon Marg, Jaipur, 269525	India
S1-007142	Maplecrest Consultancy Incorporated	123 Redwood Avenue Juniper Park Akron CA	US
S1-007143	Ironwood Trading Corporation	82 Silverline Driev Silverline Park Lubbock OH 28440	US
S1-007144	Ironwood Trading Corporation	70 Sunstone Boulevard, Brightpath Park, Lubbock, 36264	United States
S1-007145	Ironwood Trading Limited	Ravenwood Cross Redwood Nagar aipur	IN
S1-007146	Stonebridge Stonebridge Packaging Limited	59 Redwood Rd Stonebridge Nagar Surat Gujarat 320164	IN
S1-007147	Harbor Trading Private Limited	Near SBI ATM 9/78 Clearwater Marg Falcon Nagar Pune Gujarat 667805	India
S1-007148	Quarry Services Private Limited	35/37 Maplecrest Crs, Silverline Nagar, Nagpru, Gujarat	India
S1-007149	Quarry Services Private Limited	375 Bluepeak Main, Nagpur, Tamil Nadu, 544536	India
S1-007150	Falcon Trading Company	219 Apex Boulevard Maplecrest Park Austin AL 32603	USA
S1-007151	Falcon Trading Company	386 Silverline Rd, Ravenwood Park, Tacoma, 99890	United States
S1-007152	Summit Systems Private Limited	251 Bluepeak St, Silverline Nagar, Kochi	India
S1-007153	Kestrel Silverline Packaging Limited Liability Company	288 Bluepeak St, Apex Park, Tacoma, OH, 25263	USA
S1-007154	Bluepeak Services Corporation	140 Sunstone St, Clearwater Park, Austin, 37424	USA
S1-007155	Bluepeak Services Corporation	136 Bluepeak Street, Opp. City Library, Harbor Park, Austin	US
S1-007156	Ravenwood Goldleaf Solutions Company	289 Northgate Road, Near Exit 14, Akron, Vertex Park	US
S1-007157	Summit Electricals Corporation	12 Thistle Dr Northgate Park 25471 Peoria	United States
S1-007158	Kestrel Juniper Services Private Limited	265 Bluepeak Rd, Ravenwood Nagar, Surat, Gujarat, 156982	India
S1-007159	Cobalt Industries Private Limited	Harbor Marg Ravenwood Nagar Behind Ganesh Temple Indore Rajasthan 857113	IN
S1-007160	Meridian Industries Incorporated	55 Falcon Avenue, Thistle Park, Akron	United States
S1-007161	Ravenwood Solutions Incorporated	250 Kestrel Avenue, Northgate Park, Tacoma, TX	US
S1-007162	Onyx Textiles Corporation	23/78 Onyx Blvd, Ironwood Park, Mobile, IL, 58249	USA
S1-007163	Thistle Enterprises Company	371 Juniper Ave, Austin, OH, 80625	United States
S1-007164	Ironwood Consultancy Limited	29/2 Kestrel Main, SSilverline Nagar, Surat	India
S1-007165	Northgate Chemicals Incorporated	188 Juniper St, Sunstone Park, Lubbock, WA	USA
S1-007166	Vertex Services Limited Liability Company	251 Brightpath Road Tacoma IL	United States
S1-007167	Kestrel Solutions Limited Liability Company	Onnyx Boulevard, Tacoma, AL	United States
S1-007168	Kestrel Solutions Limited Liability Company	267 Lantern Blvd, Harbor Park, Mobile, IL, 46125	US
S1-007169	Cobalt Chemicals Limited	346 Sunstone Road Pune	IN
S1-007170	Ravenwood Motors Private Limited	129 Bluepeak Rd, Clearwater Nagar, Jaipur, 606414	IN
S1-007171	Clearwater Summit Chemicals Company	Opp. City Library, 263 Ironwood Boulevard, Northgate Park, Lubbock, CA	United States
S1-007172	Harbor Orchid Foods Private Limited	70 Apex Marg, Ravenwood Nagar, Kochi, Rajasthan, 669587	India
S1-007173	Ironwood Solutions Company	Behind the Civic Center, 140 Falcon Road, Onyx Park, Mobile, TX, 77362	USA
S1-007174	Ironwood Solutions Company	329 Ravenwood St, Sunstone Park, Akron, 38732	US
S1-007175	Ravenwood Solutions Corporation	68 Thistle Drive, Harbor Park, Peoria, 82615	US
S1-007176	Summit Textiles Private Limited	Lantren Mn, Orchid Nagar, Near SBI ATM, Nagpur	India
S1-007177	Stonebridge Chemicals Incorporated	Peoria, IL, 50999, 262 Vertex Dr	United States
S1-007178	Silverline Chemicals Private Limited	188 Lanterrn Mn, Vertex Nagar, Jaipur, 656074	IN
S1-007179	Silverline Chemicals Private Limited	398 Ravenwood Marg, Apex Nagar, Jaipur, Maharashtra, 702315	India
S1-007180	Redwood Services Limited Liability Company	23/66 Apex Avenue, Behind the Civic Center, Redwood Park, Fresno, WA	USA
S1-007181	Redwood Services Limited Liability Company	351 Bluepeak Dr, Kestrel Park, Fresno, 49841	USA
S1-007182	Cobalt Solutions Company	67 Lantern St, Meridian Park, Tacoma, IL, 34571	United States
S1-007183	Juniper Solutions Corporation	32 Clearwater Street, Tacoma, 11867	United States
S1-007184	Brightpath Packaging Private Limited	Ravenwood Nagar, Coimbatore, 96 Cobalt Mn	India
S1-007185	Sunstone Apex Electricals Private Limited	9/55 Meridian Cross Juniper Nagar Opp. Bus Depot Jaipur 372508	India
S1-007186	Sunstone Apex Electricals Private Limited	83 Northgate Road, Stonebridge Nagar, Near Metro Pillar 42, Kochi, Kerala, 419732	IN
S1-007187	Harbor Consultancy Incorporated	333 Northgate Rd Silverline Park Mobile IL	United States
S1-007188	Kestrel Apex Solutions Corporation	Cobalt Street, Meridian Park, Peoria, 12019, OH	US
S1-007189	Brightpath Packaging Limited	Juniper Marg, Apex Nagar, Nagpur, Rajasthan, 156358	India
S1-007190	Thistle Trading Company	37 Cobalt Avenue, Vertex Park, Fresno, TX, 22613	USA
S1-007191	Cobalt Fabrics Private Limited	258 Falcon Cross Surat Rajasthan 681398	IN
S1-007192	Cobalt Fabrics Private Limited	216 Stonebridge Rd, Bluepeak Nagar, Pune, 840577	India
S1-007193	Kestrel Solutions Private Limited	229 Vertex Rd, Ironwood Nagar, Surat, Tamil Nadu	India
S1-007194	Redwood Onyx Foods Company	37/39 Bluepeak Rd Juniper Park Mobile	US
S1-007195	Silverline Electricals Limited Liability Company	336 Apex Street, Lantern Park, Austin, 45664	United States
S1-007196	Stonebridge Systems Private Limited	70 Stonebridge Main, Apex Nagar, Nagpur	IN
S1-007197	Cobalt Vertex Foods Corporation	11 Apex Dr, Tacoma, AL, 26444	USA
S1-007198	Ravenwood Redwood Logistics Private Limited	258 Maplecrest Road, Northgate Nagar, Kochi, Kerala, 540411	India
S1-007199	Brightpath Industries Private Limited	126 Onyx Marg Coimbatore 581740 Guujarat	India
S1-007200	Maplecrest Chemicals Private Limited	389 Northgate Rd, Coimbatore, 676657	IN
S1-007201	Thistle Logistics Private Limited	159 Cobalt Road, Meridian Nagar, Opp. Bus Depot, Indore, Tamil Nadu, 871808	IN
S1-007202	Brightpath Trading Corporation	Apex Street,, Vertex Park, Fresno, CA	US
S1-007203	Northgate Chemicals Limited	268 Stonebridge Street, Meridian Nagar, Nagpur, Kerala, 842907	India
S1-007204	Maplecrest Harbor Enterprises Limited	Vertex Marg, Pune, Tamil Nadu, 925731	IN
S1-007205	Goldleaf Silverline Foods Company	38 Kestrel Blvd, Silverline Park, Akron, AL	US
S1-007206	Goldleaf Silverline Foods Company	56 Quarry Street, Opp. City Library, Akron, CA, 17660	United States
S1-007207	Stonebridge Services Private Limited	Opp. Bus Depot 11/37 Falcon Rd Kochi Gujarat 415572	India
S1-007208	Thistle Foods Limited	57 Stonebridge Main, Silverline Nagar, Coimbatore, MP, 327153	IN
S1-007209	Stonebridge Meridian Motors Private Limited	Sunstone Mn, Meridian Nagar, Pune, Maharashtra	IN
S1-007210	Bluepeak Ravenwood Textiles Private Limited	Maplecrest Marg, Quary Nagar, Surat	IN
S1-007211	Kestrel Silverline Foods Limited	367 Silverline Crs, Vertex Nagar, Nagpur, 190552	India
S1-007212	Ironwood Consultancy Incorporated	Maplecrest Road, Thistle Park, Fresno, TX, 88595	USA
S1-007213	Ironwood Consultancy Incorporated	24/83 Ironwood Road, Falcon Park, Fresno, TX, 37462	USA
S1-007214	Bluepeak Onyx Logistics Private Limited	14/49 Vertex Rd, Falcon Nagar, Indore, 423733	IN
S1-007215	Apex Logistics Private Limited	176 Falcon Street Juniper Nagar aJipur	India
S1-007216	Lantern Vertex Packaging Limited Liability Company	131 Redwood Boulevard Kestrel Park Lubbock 18843	United States
S1-007217	Kestrel Clearwater Services Corporation	Redwood Ave, Ironwood Park, Near Exit 14, Peoria, 15688	United States
S1-007218	Apex Trading Limited	283 Meridian Crs, Ravenwood Nagar, Pune, Kerala, 907460	India
S1-007219	Ravenwood Foods Company	176 Redwood Ave, Thistle Park, Austin, OH, 25599	USA
S1-007220	Stonebridge Motors Private Limited	320 Bluepeak Main, Meridian Nagar, Pune, MP, 317355	India
S1-007221	Ironwood Stonebridge Enterprises Corporation	89 Falcon Boulevard, Falcon Park, Akron, CA	United States
S1-007222	Ironwood Stonebridge Enterprises Corporation	86 Quarry Road, Quarry Park, Akron	United States
S1-007223	Redwood Redwood Textiles Private Limited	153 Quarry St, Harbor Nagar, Pune, 689094	India
S1-007224	Redwood Redwood Textiles Private Limited	216 Redwood Road, Stonebridge Nagar, Coimbatore, Rajasthan, 714911	IN
S1-007225	Falcon Trading Private Limited	139 Onyx St, Coimbatore, Gujarat,546381	IN
S1-007226	Falcon Consultancy Company	Mobile, AL, 304 Vertex Rd	USA
S1-007227	Ironwood Thistle Enterprises Company	Cobalt Rd, Sunstone Park, Peoria, 35713	United States
S1-007228	Sunstone Enterprises Company	25 Goldleaf Blvd, Lantern Park, Akron, TX	US
S1-007229	Ravenwood Bluepeak Trading Company	272 Lantern Ave, Quarry Park, Peoria, AL, 75176	USA
S1-007230	Silverline Chemicals Private Limited	Juniper Rd, Indore	India
S1-007231	Northgate Northgate Systems Private Limited	120 Redwood Mn, Kestrel Nagar, Kochi, 479240	India
S1-007232	Silverline Summit Motors Incorporated	20/11 Bluepeak Boulevard Falcon Park Lubbock WA	United States
S1-007233	Cobalt Electricals Private Limited	361 Ravenwood Mn, Ironwood Nagar, Kochi, Kerala, 949728	India
S1-007234	Maplecrest Solutions Private Limited	225 Redwod St, Jaipur, Kerala, 296143	India
S1-007235	Ironwood Maplecrest Textiles Incorporated	80 Ravenwood Street, Ironwood Park, Fresno, CA	USA
S1-007236	Northgate Sunstone Packaging Private Limited	Opp. Bus Depot, 177 Ravenwood Crs, Orchid Nagar, Pune, Gujarat, 35745	IN
S1-007237	Falcon Fabrics Company	316 Maplecrest Blvd, Juniper Park, Fresno	USA
S1-007238	Orchid Textiles Private Limited	330 Redwood Mn, Ironwood Nagar, Surat,, Kerala	IN
S1-007239	Meridian Orchid Chemicals Company	Ravnwood Road, Ironwood Park, Akron	US
S1-007240	Orchid Fabrics Limited	207 Lantern Street Harbor Nagar Jaipur Tamil Nadu 979886	IN
S1-007241	Sunstone Foods Private Limited	33/39 Brightpath Mn, Thistle Nagar, Nagpur, MP, 346736	IN
S1-007242	Sunstone Foods Private Limited	374 Onyx Marg, Nagpur, Maharashtra	IN
S1-007243	Apex Enterprises Private Limited	Onyx St, Onyx Nagar, Pune, 372659	IN
S1-007244	Sunstone Consultancy Incorporated	Kestrel St, Meridian Park, Mobile, 53525	US
S1-007245	Sunstone Consultancy Incorporated	26/31 Juniper Ave, Redwood Park, Mobile, AL, 15015	USA
S1-007246	Bluepeak Motors Incorporated	Quarry Blvd, Opp. City Library, Orchid Park, Peoria, OH	United States
S1-007247	Goldleaf Services Private Limited	Behind Ganesh Temple, 110 Orchid Mn, Silverline Nagar, Jaipur, Gujarat, 418845	India
S1-007248	Goldleaf Services Private Limited	286 Clearwater Crs, Kochi, Kerala	India
S1-007249	Falcon Sunstone Services Limited Liability Company	37/16 Sillverline St, Redwood Park, Austin	USA
S1-007250	Juniper Industries Company	33/97 Redwood Road Brightpath Park Peoria AL 75757	US
S1-007251	Onyx Consultancy Corporation	54 Bluepeak Blvd, Ravenwood Park, Fresno, 98540	United States
S1-007252	Orchid Textiles Company	190 Ironwood Ave Apex Park Peoria IL 55981	United States
S1-007253	Harbor Trading Private Limited	85 Sunstone St, Bluepeak Nagar, Coimbatore, Tamil Nadu, 655184	India
S1-007254	Harbor Trading Private Limited	390 Ironwood Main, Apex Nagar, Coimbatore, MP	India
S1-007255	Sunstone Enterprises Limited Liability Company	136 Sunstone Boulevard, Sunstone Park, Peoria	USA
S1-007256	Brightpath Trading Company	293 Falcon St Onyx Park Lubbock 49592	USA
S1-007257	Silverline Packaging Limited	343 Silverline Mnn, Pune	IN
S1-007258	Silverline Packaging Limited	305 Summit Marg, Meridian Nagar, Behind Ganesh Temple, Pune, Kerala, 953279	IN
S1-007259	Orchid Vertex Logistics Incorporated	38 Cobalt Boulevard Thistle Park Tacoma 99076	United States
S1-007260	Ravenwood Chemicals Private Limited	141 Lantern Marg, Northgate Nagar, Jaipur, Kerala, 372871	IN
S1-007261	Quarry Ironwood Logistics Incorporated	Goldleaf St, Apex Park, Mobile, OH, 45843	US
S1-007262	Summit Electricals Incorporated	16/81 Meridian Drive, Brightpath Park, Austin	USA
S1-007263	Orchid Quarry Foods Incorporated	351 Lantern Blvd, Clearwater Park, Lubbock, 45233	US
S1-007264	Goldleaf Onyx Solutions Incorporated	263 Thistle Road, Austin, AL, 72873	USA
S1-007265	Kestrel Brightpath Consultancy Private Limited	371 Lantern Marg, Sunstone Nagar, Jaipur, Rajasthan	India
S1-007266	Kestrel Brightpath Consultancy Private Limited	366 Northgate Marg, Summit Nagar, Jaipur	India
S1-007267	Redwood Fabrics Corporation	218 Harbor Road, Bluepeak Park, Fresno, AL, 54635	US
S1-007268	Onyx Electricals Private Limited	Orchid Marg, Vertex Nagar, Pune, Rajasthan	India
S1-007269	Thistle Industries Private Limited	380 Northgate Rd, Quarry Nagar, Coimbatore, Kerala, 586046	India
S1-007270	Redwood Textiles Corporation	30/49 Onyx Drive,C learwater Park, Austin, 29519	US
S1-007271	Orchid Textiles Corporation	335 Apex Blvd Thistle Park Opp. City Library Akron TX 48220	US
S1-007272	Bluepeak Chemicals Corporation	168 Juniperr Rd, Mobile, IL	USA
S1-007273	Bluepeak Chemicals Corporation	346 Redwood Dr, Maplecrest Park, Lubbock, WA, 38235, Behind the Civic Center	US
S1-007274	Goldleaf Stonebridge Consultancy Private Limited	Sunstone Cross, Behind Ganesh Temple, Brightpath Nagar, Indore, Gujarat, 474050	IN
S1-007275	Silverline Motors Company	Onyx Boulevard, Northgate Park, Behind the Civic Center, Mobile, TX, 87482	US
S1-007276	Juniper Chemicals Incorporated	Silverline Street Orchid Park Fresno WA	United States
S1-007277	Harbor Industries Corporation	393 Ravenwood Road, Orchid Park, 55368, Austin	US
S1-007278	Sunstone Foods Corporation	321 Bluepeak Blvd, Opp. City Library, Tacoma	United States
S1-007279	Sunstone Industries Incorporated	Orchid St, Tacoma, IL	USA
S1-007280	Maplecrest Services Private Limited	379 Kestrel RoadN agpur Tamil Nadu 116414	India
S1-007281	Maplecrest Services Private Limited	Behind Ganesh Temple, 257 Apex St, Nagpur, Taml Nadu, 570167	India
S1-007282	Stonebridge Logistics Corporation	8 Juniper Blvd, Clearwater Park, Fresno, WA, 53106	US
S1-007283	Stonebridge Logistics Corporation	62 Thistle Dr, Apex Park, Fresno, AL, 85628	United States
S1-007284	Goldleaf Packaging Private Limited	102 Harbor Rd, Cobalt Nagar, Jaipur, Kerala, 877630	IN
S1-007285	Goldleaf Packaging Private Limited	28 Stonebridge Street Northgate Nagar Jaipur Maharashtra	India
S1-007286	Maplecrest Onyx Electricals Private Limited	127 Silverline Road, Meridian Nagar, Kochi, Rajasthan	India
S1-007287	Maplecrest Onyx Electricals Private Limited	17/77 Ironwood Marg, Lantern Nagar, Nagpur, Tamil Nadu, 7777469	India
S1-007288	Thistle Services Limited Liability Company	4/12 Northgate Blvd Fresno 30524	USA
S1-007289	Northgate Fabrics Corporation	Thistle Dr, aHrbor Park, Fresno, IL	United States
S1-007290	Falcon Electricals Limited	Falcon Crs Vertex Nagar Nagpur 266344	India
S1-007291	Clearwater Ironwood Trading Private Limited	137 Ironwood Marg, Maplecrest Nagar, Jaipur, Gujarat, 876727	India
S1-007292	Meridian Solutions Private Limited	35/64 Redwood Rd, Goldleaf Nagar, Coimbatore, MP	IN
S1-007293	Meridian Solutions Private Limited	98 Juniper Mn Meeridian Nagar Coimbatore 973785	IN
S1-007294	Stonebridge Industries Limited	380 Ironwood Crs Opp. Bus Depot Thistle Nagar Surat 987821	India
S1-007295	Stonebridge Industries Limited	Thistle Main, Surat, Tamil Nadu, 121189	India
S1-007296	Ironwood Services Private Limited	363 Maplecrest Road Indore Maharashtra 226844	India
S1-007297	Stonebridge Systems Limited	248 Goldleaf Marg Silverline Nagar Kochi MP 795701	IN
S1-007298	Stonebridge Systems Limited	111 Harbor Main, Sunstone Nagar, Kochi, MP, 201206	IN
S1-007299	Northgate Trading Company	357 Falcon Rd, IL, Fresno	USA
S1-007300	Northgate Trading Company	Near Exit 14, 92 Lantern St, Stonebridge Park, Peoria, 22831	USA
S1-007301	Thistle Foods Limited	134 Bluepeak Street Apex Nagar Nagpur Gujarat 301100	IN
S1-007302	Northgate Chemicals Limited Liability Company	115 Lantern Blvd, Bleupeak Park, Mobile, IL	United States
S1-007303	Northgate Chemicals Limited Liability Company	Near Exit 14, 13 Falcon Blvd, Brightpath Park, Austin, IL, 19403	USA
S1-007304	Harbor Industries Limited	186 Ironwood Main Quarry Nagar Kochi 803970	India
S1-007305	Summit Systems Private Limited	240 Onx Street, Lantern Nagar, Behind Ganesh Temple, Jaipur, Maharashtra, 965801	India
S1-007306	Summit Systems Private Limited	Behind Ganesh Temple, 37/61 Cobalt Cross, Jaipur	IN
S1-007307	Cobalt Industries Limited Liability Company	Near Exit 14, 348 Apex Road, Lubbock, TX, 47387	United States
S1-007308	Cobalt Industries Limited Liability Company	118 Stonebridge St, Goldleaf Park, Lubbock, 93777	USA
S1-007309	Clearwater Foods Incorporated	154 Cobalt Boulevard Meridian Park Tacoma 45676	USA
S1-007310	Kestrel Trading Corporation	Ravenwood Avenue Stonebridge Park Tacoma AL 80356	USA
S1-007311	Thistle Fabrics Private Limited	179 Redwood Marg, Summit Nagar, Surat, 333127	IN
S1-007312	Thistle Fabrics Private Limited	5 Thistle Crs Goldleaf Nagar Behind Ganesh Temple Surat	IN
S1-007313	Maplecrest Orchid Motors Limited Liability Company	37/88 Falcon Street, Austin, 59128	US
S1-007314	Maplecrest Orchid Motors Limited Liability Company	Opp. City Library 6/52 Stonebridge Rd Brightpath Park Austin AL	USA
S1-007315	Summit Fabrics Incorporated	299 Northgate Boulevard, Stonebridge Park, Peoria, CA, 32646	United States
S1-007316	Summit Fabrics Incorporated	386 Northgate Street, Apex Park, Peoria, CA, 45654	United States
S1-007317	Northgate Services Limited Liability Company	60 Apex Drive, Northgate Park, Austin, 48289	US
S1-007318	Thistle Chemicals Limited	Vertex Rd, Jaipur	IN
S1-007319	Lantern Trading Company	33/10 Quarry Boulevard, Harbor Park, Fresno, 97002	United States
S1-007320	Brightpath Services Private Limited	Near Metro Pillar 42, 361 Kestrel Road, Surat	IN
S1-007321	Redwood Chemicals Limited Liability Company	269 Sunstone Dr, Behind the Civic Center, Meridian Park, Akron, 75563	US
S1-007322	Goldleaf Motors Private Limited	Bluepeak Crs, Kochi, 905672	IN
S1-007323	Thistle Systems Private Limited	313 Ravenwood Crs, Near SBI ATM, Onyx Nagar, Indore, Maharashtra, 137893	IN
S1-007324	Ravenwood Brightpath Trading Limited	96 Redwood Rd, Surat, Tamil Nadu	India
S1-007325	Harbor Solutions Incorporated	199 Northgate Avenue, Akron	United States
S1-007326	Ironwood Foods Limited	125 Vertex Cross, Kestrel Nagar, Surat, Kerala, 453941	India
S1-007327	Ironwood Foods Limited	245 Falcon Main Behind Ganesh Temple Surat Gujarat	India
S1-007328	Bluepeak Packaging Private Limited	Summit Nagar, Surat, Rajasthan, 715264, 20 0Kestrel Road	IN
S1-007329	Juniper Foods Private Limited	31/36 Ironwood Street, Meridian Nagar, Coimbatore, 344897	IN
S1-007330	Northgate Trading Incorporated	12 Ravenwood St, Near Exit 14, Juniper Park, Akron	US
S1-007331	Northgate Trading Incorporated	184 Kestrel Ave Meridian Park Akron	USA
S1-007332	Quarry Industries Limited	67 Stonebridge Street, Near Metro Pillar 42, Jaipur, 568643	IN
S1-007333	Quarry Industries Limited	Behind Ganesh Temple, 87 Quarry Marg, Nagpur, 848329	IN
S1-007334	Quarry Ravenwood Foods Incorporated	171 Harbor Rd, Kestrel Park, Fresno, 68514	US
S1-007335	Quarry Ravenwood Foods Incorporated	46 Ravenwood Blvd Tacoma 26769	USA
S1-007336	Meridian Falcon Textiles Corporation	225 Vertex Blvd, Stonebridge Park, Mobile, TX	USA
S1-007337	Ironwood Silverline Systems Private Limited	221 Thistle Road, Meridian Nagar, Nagpur, Rajasthan	India
S1-007338	Ironwood Silverline Systems Private Limited	335 Orchid Marg, Kestrel Nagar, Nagpur, 692338	IN
S1-007339	Apex Solutions Incorporated	Meridian St, Ravenwood Park, Mobile, 48022, IL	US
S1-007340	Clearwater Solutions Private Limited	31/17 Silverline Crs, Jaipur, 534553	India
S1-007341	Goldleaf Enterprises Private Limited	207 Orchid Main, Maplecrest Nagarr, Nagpur	IN
S1-007342	Goldleaf Enterprises Private Limited	135 Bluepeak Street Summit Nagar Nagpur 951393	India
S1-007343	Vertex Thistle Packaging Incorporated	Near Exit 14, 332 Onyx Dr, Falcon Park, Tacoma	US
S1-007344	Onyx Systems Limited	218 Falcon Marg, Kochi, Maharashtra, 425191	IN
S1-007345	Goldleaf Stonebridge Industries Corporation	219 Brightpath St, Austin, WA, 40767	USA
S1-007346	Cobalt Consultancy Private Limited	Apex Nagar, Opp. Bus Depot, Indore, Gujarat, 448949, 341 Northgate St	IN
S1-007347	Stonebridge Northgate Industries Corporation	270 Redwood Ave Goldleaf Park Tacoma 91942	United States
S1-007348	Ravenwood Thistle Motors Corporation	Northagte Dr, Bluepeak Park, Peoria, IL	US
S1-007349	Ravenwood Thistle Motors Corporation	12/80 Ravenwood Boulevard, Lubbock, WA, 22544	United States
S1-007350	Brightpath Enterprises Limited	115 Apex Road, Coimbatore, 672650, Quarry Nagar	IN
S1-007351	Clearwater Foods Company	380 Ironwood Road, Falcon Park, Tacoma, 95880	USA
S1-007352	Goldleaf Chemicals Private Limited	36/18 Lanetrn Street, Ravenwood Nagar, Nagpur, Gujarat, 374211	IN
S1-007353	Meridian Packaging Incorporated	363 Brightpath Blvd Meridian Park Tacoma WA 68463	US
S1-007354	Vertex Redwood Trading Company	301 Northgate Boulevard, Lubbock, TX, 51431, Near Exit 14	US
S1-007355	Ravenwood Consultancy Company	288 Stonebridge Rd, Harbor Park, Peoria	US
S1-007356	Falcon Foods Limited	13 Quarry Street, Cobalt Nagar, Pune	India
S1-007357	Falcon Foods Limited	Onyx Cross, Falcon Nagar, Pune	India
S1-007358	Ironwood Trading Private Limited	219 Sunstone St Vertex Nagar Pune 79149	IN
S1-007359	Ironwood Trading Private Limited	Redwood St, Coimbatore	IN
S1-007360	Ravenwood Systems Company	380 Sunstone Boulevard Apex Park Peoria IL 95369	United States
S1-007361	Ravenwood Systems Company	Onyx St, Redwood Park, Opp. City Library, Peoria, WA, 12287	USA
S1-007362	Silverline Solutions Limited Liability Company	353 Quarry St, Clearwater Park, Tacoma, 42410, Behind the Civic Center	USA
S1-007363	Harbor Foods Private Limited	48 Clearwater Mn, Goldleaf Nagar, Kochi	IN
S1-007364	Bluepeak Services Limited	305 Thistle St, Vertex Nagar, Kochi, 764581	IN
S1-007365	Maplecrest Services Limited Liability Company	171 Kestrel Boulevard, Onyx Park, Lubbock, OH, 21495	US
S1-007366	Onyx Chemicals Limited Liability Company	137 Kestrel Avenue, Juniper Park, Austin	USA
S1-007367	Goldleaf Industries Company	Orchid Avenue, Ironwood Park, Tacoma, OH	US
S1-007368	Meridian Electricals Private Limited	53 Lantern Marg, Meridian Nagar, Indore, Tamil Nadu, 7288307	IN
S1-007369	Goldleaf Textiles Limited	36 Stonebridge Marg, Lantern Nagar, Near SBI ATM, Pune, Rajasthan, 345692	IN
S1-007370	Goldleaf Textiles Limited	Redwood Marg Apex Nagar Surat Gujarat 121908	IN
S1-007371	Onyx Textiles Private Limited	213 Kestrel Rd Redwood Nagar Jaipur 496386	IN
S1-007372	Brightpath Logistics Company	Northgate Drive, Northgate Park, Austin, CA, 3139	US
S1-007373	Redwood Consultancy Corporation	187 Thistle Avenue, Bluepeak Park, Mobile, TX, 11264	USA
S1-007374	Redwood Consultancy Corporation	Harbor Drive Cobalt Park Akron CA	USA
S1-007375	Onyx Logistics Corporation	Behind the Civic Center, 231 Vertex Blvd, Onyx Park, Peoria, TX, 26717	United States
S1-007376	Redwood Industries Private Limited	2/45 Bluepeak R,d Ravenwood Nagar, Jaipur, Rajasthan, 670779	India
S1-007377	Redwood Industries Private Limited	213 Harbor Marg, Vertex Nagar, Surat,1 16508	India
S1-007378	Kestrel Maplecrest Electricals Private Limited	4 Harbor Crs, Cobalt Nagar, Coimbatore, Maharashtra	IN
S1-007379	Kestrel Maplecrest Electricals Private Limited	318 Onyx St, Maplecrest Nagar, Coimbatore, Rajasthan, 760054	IN
S1-007380	Harbor Meridian Packaging Incorporated	Opp. City Library, 303 Juinper St, Harbor Park, Tacoma, CA, 41619	US
S1-007381	Meridian Industries Private Limited	144 Ravenwood Crs, Summit Nagar, Jaipur, Tamil Nadu	IN
S1-007382	Vertex Kestrel Foods Private Limited	Ironwood Crs, Sunstone Nagar, Jaipur, Rajasthan	India
S1-007383	Clearwater Foods Private Limited	86 Coblt Rd, Jaipur, Rajasthan	India
S1-007384	Vertex Electricals Private Limited	Near SBI ATM 338 Meridian Road Falcon Nagar Kochi	IN
S1-007385	Onyx Solutions Corporation	273 Vertex Boulevard, Silverline Park, Fresno, 32159	US
S1-007386	Northgate Textiles Private Limited	136 Sunstone Marg, Goldleaf Nagar, Kochi, Maharashtra, 541175	IN
S1-007387	Ironwood Goldleaf Chemicals Corporation	44 Lantern Blvd, Opp. City Library, Austin, WA, 46330, Cobalt Park	United States
S1-007388	Ironwood Goldleaf Chemicals Corporation	Northgate Park, Austin, OH, 196 Falcon Street	USA
S1-007389	Sunstone Packaging Limited	115 Orchid Rd, Kochi, 800703	IN
S1-007390	Thistle Northgate Textiles Corporation	103 Northgate Dr, Thistle Park, Peoria, 89887	United States
S1-007391	Thistle Northgate Textiles Corporation	375 Vertex Blvd Stonebridge Park Peoria 60357	US
S1-007392	Summit Electricals Company	267 Thistle Dr Northgate Park Lubbock OH 69313	US
S1-007393	Ironwood Foods Incorporated	252 Maplecrest Ave, Vertex Park, Austin, CA, 30163	USA
S1-007394	Ironwood Foods Incorporated	285 Clearwater Blvd, Mobile,T X, 58510	USA
S1-007395	Ironwood Summit Services Private Limited	Near SBI ATM 170 Maplecrest Mn Brightpath Nagar Kochi 903931	IN
S1-007396	Clearwater Onyx Consultancy Private Limited	277 Falcon Marg Stonebridge Nagar Jipur 146031	IN
S1-007397	Clearwater Services Private Limited	Nagpur, 837610, Silverline Main	IN
S1-007398	Goldleaf Northgate Enterprises Corporation	199 Harbor Drive, Northgate Park, Near Exit 14, Mobile, CA, 91570	USA
S1-007399	Onyx Logistics Incorporated	299 Juniper Ave, Orchid Park, Mobile	US
S1-007400	Cobalt Foods Corporation	366 Orchid Drive, Quarry Park, Fresno, 63882	US
S1-007401	Thistle Services Private Limited	229 Meridian Marg, Vertex Nagar, Pune, Kerala	India
S1-007402	Thistle Services Private Limited	105 Orchid Marg, Orchid Nagar, Kochi, Maharashtra	India
S1-007403	Bluepeak Motors Corporation	105 Harbor Road, Bluepeak Park, Mobile, OH, Opp. City Library	USA
S1-007404	Bluepeak Motors Corporation	334 Thistle Drive, Ravenwood Park, Near Exit 14, Mobile, WA, 11646	USA
S1-007405	Cobalt Trading Limited Liability Company	151 Summit Road, Stonebridge Park, Tacoma, WA, 90129	US
S1-007406	Maplecrest Services Limited Liability Company	384 Ravenwood St Tacoma	United States
S1-007407	Lantern Logistics Limited Liability Company	238 Maplecrest Drive, Silverline Park, Tacoma	USA
S1-007408	Quarry Lantern Fabrics Company	80 Thistle Road, Mobile, 45780	US
S1-007409	Falcon Fabrics Limited	399 Harbor Marg Silverline Nagar Pune 700661	IN
S1-007410	Thistle Foods Private Limited	Meridian St Kestrel Nagar Coimbatre 658714	India
S1-007411	Ravenwood Industries Private Limited	188 Cobalt Mn, Lantern Nagar, Jaipur, Tamil Nadu, 558017	India
S1-007412	Ravenwood Industries Private Limited	154 Lantern Marg, Behind Ganesh Temple Indore, Rajasthan, 133040	India
S1-007413	Ravenwood Trading Limited	340 Brightpath St Summit Nagar Kochi Kerala 896868	India
S1-007414	Ravenwood Trading Limited	7 Apex Marg Clearwater Nagar Kochi Maharashtra	IN
S1-007415	Meridian Trading Incorporated	131 Stonebridge Ave, Cobalt Park, Lubbock, WA, 26097	United States
S1-007416	Silverline Enterprises Limited	Falcon Marg, Ravenwood Nagar, Coimbatore	India
S1-007417	Silverline Enterprises Limited	159 Harbor Mn, Coimbatore	India
S1-007418	Northgate Trading Limited	Goldleaf Rd, Cobalt Nagar, Pune, Tamil Nadu	India
S1-007419	Meridian Motors Incorporated	173 Maplecrest Street, Harbor Park, Behind the CivicC enter, Akron, 55511	USA
S1-007420	Stonebridge Logistics Corporation	Brightpath Park, Austin, 307 Redwood Drive	US
S1-007421	Kestrel Consultancy Limited Liability Company	94 Clearwater Avenue Falcon Park Tacoma TX 28977	USA
S1-007422	Quarry Electricals Company	257 Goldleaf Rd, Austin, WA, 85982	US
S1-007423	Clearwater Trading Company	Onyx Park Mobile WA 74399 132 Cobalt Street	US
S1-007424	Harbor Fabrics Limited	280 Summit St, Sunstone Nagar, Pune, 172050	India
S1-007425	Silverline Chemicals Incorporated	Bluepeak Rd, Maplcerest Park, Fresno, CA, 53862	USA
S1-007426	Summit Northgate Services Limited	84 Bluepeak Road Kochi MP 766531	India
S1-007427	Meridian Clearwater Enterprises Private Limited	316 Stonebridge Street, Sunstone Nagar, Nagpur, Gujarat, 662937	India
S1-007428	Ironwood Systems Private Limited	9/23 Ravenwood St, Vertex Nagar, Surat, 392731	IN
S1-007429	Ironwood Systems Private Limited	64 Apex Rd, Summit Nagar, Surat, Maharashtra, 898210	India
S1-007430	Thistle Bluepeak Motors Corporation	225 Brightpath St, Falcon Park, Peoria, 83140	US
S1-007431	Maplecrest Systems Private Limited	159 Kestrel Main, Indore, MP, 662486	IN
S1-007432	Maplecrest Systems Private Limited	272 Ravenwood Mn, Indore, Gujarat, 110227	IN
S1-007433	Bluepeak Ironwood Services Private Limited	96 Goldleaf Mn Behind Ganesh Temple Maplecrest Nagar Kochi Kerala 182782	IN
S1-007434	Brightpath Apex Fabrics Limited	320 Vertex Rd, Near Metro Pillar 42, Northgate Nagar, Coimbatore, Gujarat	India
S1-007435	Sunstone Lantern Foods Private Limited	46 Onyx Cross, Quarry Nagar, Coimbatore, Gujarat, 505248	India
S1-007436	Orchid Harbor Textiles Company	76 Juniper Street, Stonebridge Park, 21744, Lubbock	USA
S1-007437	Sunstone Packaging Private Limited	72 Lantern Main, Behind Ganesh Temple, Pune, MP, 867072	IN
S1-007438	Sunstone Packaging Private Limited	Stonebridge Rd, OnyxNagar, Pune, Gujarat, 371784	IN
S1-007439	Redwood Quarry Motors Limited	Behind Ganesh Temple, 234 Harbor St, Nagpur, MP, 991744	India
S1-007440	Bluepeak Motors Company	101 Northgate Rd, Austin	US
S1-007441	Ironwood Solutions Limited Liability Company	277 Apex Blvd, Northgate Park, Behind the Civic Center, Fresno, TX, 74443	United States
S1-007442	Juniper Enterprises Limited	344 Goldleaf Main, Kestrel Nagar, Nagpur	IN
S1-007443	Juniper Enterprises Limited	63 Quarry Road Summit Nagar Nagpur Rajasthan	IN
S1-007444	Maplecrest Fabrics Limited	17 Juniper Mn, Kestrel Nagar, Surat, 574172	IN
S1-007445	Onyx Trading Company	178 Orchid Avenue Redwood Park Tacoma	US
S1-007446	Kestrel Services Private Limited	220 Orchid Crs, Onyx Nagar, Indore, Rajasthan, 936377	IN
S1-007447	Redwood Logistics Corporation	118 Clearwater Street, Juniper Park, Austin, WA, 89910	US
S1-007448	Harbor Textiles Private Limited	Goldleaf Nagar, Surat, Gujarat, 593050, 273 Cobalt Marg	IN
S1-007449	Harbor Textiles Private Limited	178 Stonebridge St, Kestrel Nagar, Surat	IN
S1-007450	Quarry Enterprises Limited	120 Thistle Road, Surat, Maharashtra, 881649	IN
S1-007451	Sunstone Enterprises Corporation	349 Brightpath Avenue Kestrel Park Akron WA 78361	US
S1-007452	Vertex Packaging Incorporated	328 Onyx Avenue, Falcon Park, Tacoma, IL, 81534	US
S1-007453	Sunstone Solutions Incorporated	262 Ravenwood Ave, Maplecrest Park, Akron, OH, 85075	US
S1-007454	Ironwood Textiles Private Limited	339 Juniper Crooss, Apex Nagar, Surat, 767306	IN
S1-007455	Ironwood Textiles Private Limited	61 Maplecrest St Surat MP 880398	IN
S1-007456	Northgate Systems Limited	220 Ravenwood Crs Quarry Nagar Pune Kerala	India
S1-007457	Northgate Ironwood Motors Private Limited	106 Brightpath Mn Near SBI ATM Juniper Nagar Kochi 625997	IN
S1-007458	Sunstone Industries Incorporated	314 Silverline Ave, Behind the Civic Cennter, Thistle Park, Akron, CA, 78087	United States
S1-007459	Bluepeak Fabrics Limited Liability Company	3 Stonebridge Boulevard, Redwood Park, Austin, WA, 42099	United States
S1-007460	Bluepeak Fabrics Limited Liability Company	266 Kestrel Dr, Silverline Park, Austin, TX	USA
S1-007461	Northgate Northgate Consultancy Limited	189 Quarry Rd, Vertex Nagar, Indore	IN
S1-007462	Silverline Textiles Company	164 Maplecrest Ave, Maplecrest Park, Lubbock, IL, 85917	United States
S1-007463	Brightpath Trading Private Limited	121 Sunstone Cross, Coimbatore, Gujarat, 443951	India
S1-007464	Vertex Industries Private Limited	72 Orchid St Maplecrest Nagar Surat Gujarat 502430	India
S1-007465	Ravenwood Motors Private Limited	315 Brightpath Road, Coimbatore, 538789	IN
S1-007466	Onyx Foods Limited Liability Company	361 Falcon St Onyx Park Austin OH 57316	USA
S1-007467	Onyx Foods Limited Liability Company	24/41 Juniper Rd, Austin, 62334	United States
S1-007468	Lantern Consultancy Company	89 Clearwater Avenue, Falcon Park, Akron, CA, 96619	USA
S1-007469	Cobalt Textiles Private Limited	96 Harbor Main, Opp. Bus Depot, Juniper Nagar, Jaipur, MP	India
S1-007470	Vertex Consultancy Private Limited	212 Lantern Mn Thistle Nagar Nagpur 285371 Rajasthan	India
S1-007471	Vertex Consultancy Private Limited	382 Maplecrest St, Lantern Nagar, Kochi	IN
S1-007472	Northgate Industries Company	336 Redwood Avenue Mobile WA 34787	USA
S1-007473	Northgate Thistle Services Company	362 Ironwood Street, Near Exit 14, Stonebridge Park, Lubbock, 50510	USA
S1-007474	Northgate Thistle Services Company	387 Godleaf Blvd, Lantern Park, Behind the Civic Center, Lubbock	US
S1-007475	Thistle Systems Private Limited	382 Falcon Cross, Brightpath Nagar, Kochi, Gujarat	IN
S1-007476	Quarry Foods Incorporated	399 Harbor Boulevard, Kestrel Park, Peoria, OH, 68743	US
S1-007477	Orchid Services Private Limited	165 Vertex Cross, Jaipur, MP, 571452	IN
S1-007478	Vertex Clearwater Services Limited Liability Company	120 Orchid Avenue, Austin ,IL	USA
S1-007479	Stonebridge Industries Private Limited	Near SBI ATM, 85 Silverline Cross, Summit Nagar, Pune, 216344	India
S1-007480	Meridian Sunstone Industries Incorporated	216 Sunstone Drive, Thistle Park, Fresno, WA	US
S1-007481	Silverline Goldleaf Packaging Company	95 Northgate Road Behind the Civic Center Orchid Park Fresno IL	US
S1-007482	Silverline Goldleaf Packaging Company	12/43 Brightpathh Drive, Summit Park, Lubbock, AL, 17815	USA
S1-007483	Goldleaf Solutions Corporation	382 Vertex Avenue Opp. City Library Lubbock 26527	USA
S1-007484	Onyx Trading Limited	Brightpath Cross, Falcon Nagar, Kochi, 425585	India
S1-007485	Sunstone Industries Company	267 Stonebridge Avenue ,Ironwood Park, Tacoma, TX, 71195	US
S1-007486	Sunstone Industries Company	90 Maplecrest Avenue, Apex Park, Tacoma, OH, 72273	USA
S1-007487	Summit Trading Corporation	Harbor Dr, Tacoma, OH, 19428	United States
S1-007488	Meridian Chemicals Limited	146 Thistle Marg, Juniper Nagar, Kochi	IN
S1-007489	Meridian Chemicals Limited	108 Harbor Marg, Ravenwood Nagar, Kochi, Rajasthan, 682712	India
S1-007490	Juniper Falcon Textiles Corporation	Behind the Civic Center, 135 Goldleaf St, Mobile, 44071	USA
S1-007491	Juniper Falcon Textiles Corporation	25 Brightpath Blvd Austin 81004 Bluepeak Park	United States
S1-007492	Maplecrest Services Company	100 Thistle Rd, Austin	USA
S1-007493	Brightpath Logistics Company	70 Redwood Blvd Austin	US
S1-007494	Ravenwood Silverline Industries Incorporated	248 Cobalt Rd, Opp. City Library, Fresno	United States
S1-007495	Ravenwood Silverline Industries Incorporated	291 Goldleaf Boulevard, Fresno, IL,30887	US
S1-007496	Harbor Solutions Private Limited	Stonebridge St, Near Metro Pillar42, Pune, Maharashtra, 306914	IN
S1-007497	Thistle Bluepeak Chemicals Limited	Orchid Street, Ravenwood Nagar, Coimbatore, 809857	India
S1-007498	Ravenwood Textiles Private Limited	321 Falcon Main, Northgate Nagar, Coimbatore, Rajasthan, 8550002	IN
S1-007499	Vertex Textiles Private Limited	35 Harbor Crs, Indore ,MP	India
S1-007500	Stonebridge Electricals Company	103 Summit Drive, Akron, AL, 32797	United States
S1-007501	Maplecrest Trading Limited	317 Silverline Marg, Onyx Nagar, Coimbatore, MP, 205163	IN
S1-007502	Vertex Consultancy Private Limited	383 Falcon Marg Brightpath Nagar Coimbatore 236324	IN
S1-007503	Vertex Consultancy Private Limited	197 Cobalt Marg, Thistle Nagar, Near Metro Pillar 42, Coimbatore, Tamil Nadu, 433092	IN
S1-007504	Clearwater Foods Company	37/44 Apex Boulevard, Orchid Park, Fresno	USA
S1-007505	Kestrel Consultancy Limited	21/35 Juniper Cross, Maplecrest Nagar, Pune, Rajasthan	India
S1-007506	Falcon Sunstone Fabrics Company	256 Onyx Drive, Ironwood Park, Peoria, WA, 31036	US
S1-007507	Bluepeak Enterprises Limited	44 Brightpath Mn, Nagpur	India
S1-007508	Cobalt Electricals Limited Liability Company	8 Meridian St, Tacoma, Orchid Park	USA
S1-007509	Falcon Textiles Limited Liability Company	94 Goldleaf St, Bluepeak Park, Tacoma, WA, 56380	United States
S1-007510	Silverline Services Private Limited	Behind Ganesh Temple, 43 Summit Marg, Jaipur, Maharashtra	India
S1-007511	Goldleaf Motors Private Limited	Harbor Nagar Nagpur Kerala 500573 Onx Cross	India
S1-007512	Silverline Sunstone Foods Private Limited	25/86 Lantern Rd, Sunstone Nagar, Pune, Tamil Nadu, 776288	IN
S1-007513	Silverline Sunstone Foods Private Limited	208 Summit Marg, Juniper Nagar, Pune, Tamil Nadu	IN
S1-007514	Apex Fabrics Limited	232 Summit Mar Onyx Nagar Pune	India
S1-007515	Apex Fabrics Limited	185 Apex Main Nagpur 136170	India
S1-007516	Summit Motors Private Limited	302 Bluepaek Marg, Pune, Maharashtra, 202560	IN
S1-007517	Juniper Logistics Limited	86 Bluepeak Mn, Sunstone Nagar, Surat, Kerala, 816181	IN
S1-007518	Lantern Stonebridge Systems Private Limited	40 Thistle Road, Nagpur, Tamil Nadu, 270642	India
S1-007519	Kestrel Trading Company	227 Maplecrest St Thistle Park Tacoma AL	United States
S1-007520	Kestrel Trading Company	Near Exit 14, 327 Lantern Ave, Harbor Park, Tacoma, 16965	US
S1-007521	Quarry Stonebridge Packaging Limited Liability Company	186 Summit Street, Behind the Civic Center, Bluepeak Park, Lubbock, OH, 79273	United States
S1-007522	Onyx Fabrics Corporation	169 Onyx Ave, Juniper Park, Akron, 20356	USA
S1-007523	Thistle Solutions Corporation	Lanern Dr, Fresno	US
S1-007524	Ravenwood Textiles Limited Liability Company	265 Summit Dr Quarry Park Tacoma AL 81379	United States
S1-007525	Quarry Textiles Company	Harbor Park, Tacoma, IL, 45645, 86 Quarry St	United States
S1-007526	Quarry Textiles Company	Opp. City Library, Goldleaf Road, Kestrel Park, Austin, 86516	US
S1-007527	Cobalt Motors Private Limited	Near Metro Pillar 42 7/89 Goldleaf Marg Vertex Nagar Jaipur 579279	India
S1-007528	Harbor Industries Corporation	16 Redwood Blvd, Juniper Park, Mobile, WA, 96772	United States
S1-007529	Harbor Industries Corporation	209 Apex St, Onyx Park, Lubbock, 29174	USA
S1-007530	Vertex Enterprises Company	223 Thistle Dr Onyx Park Mobile AL 59261	USA
S1-007531	Northgate Thistle Logistics Company	343 Orchid Rd Thistle Park Peoria IL 84775	United States
S1-007532	Onyx Silverline Textiles Limited Liability Company	21 Northgate Dr, Lantern Park, Austin, 84186	United States
S1-007533	Onyx Silverline Textiles Limited Liability Company	369 Harbor Drive, Ironwood Park, Austin, AL, 82803	US
S1-007534	Quarry Motors Incorporated	213 Quarry Drive, Falcon Park, Peoria	US
S1-007535	Sunstone Trading Company	217 Vertex Ave, Bluepeak Park, Peoria, CA, 93264	United States
S1-007536	Maplecrest Services Company	14/5 aLntern Ave Lubbock OH 22311	United States
S1-007537	Maplecrest Services Company	392 Orchid Drive, Stonebridge Park, Peoria, AL	US
S1-007538	Harbor Ravenwood Services Private Limited	258 Cobalt Street, Northgate Nagar, Jaipur	India
S1-007539	Lantern Solutions Limited	5/35 Ironwood St, Kochi, Gujarat, 447314	IN
S1-007540	Lantern Solutions Limited	6/65 Quarry St, Kochi	India
S1-007541	Sunstone Motors Corporation	108 Northgate Road, Behind the Civic Center, Ironwood Park, Mobile, AL, 37154	US
S1-007542	Ravenwood Enterprises Incorporated	Ironwood Blvd Kestrel Park Mobile AL 42857	US
S1-007543	Juniper Quarry Textiles Private Limited	257 Stonebridge Main, Lantern Nagar, Pune, 137682	India
S1-007544	Juniper Foods Private Limited	240 Stonebridge Mn Northgate Nagar Jaipur Kerala 768363	IN
S1-007545	Apex Motors Private Limited	Stonebridge Nagar, Near Metro Pillar 42, Pune, Gujarat, 639600, 378 Summit St	India
S1-007546	Summit Apex Chemicals Company	302 Quarry Road Brightpath Park Lubbock TX 92238	United States
S1-007547	Summit Apex Chemicals Company	Near Exit 14 55 Apex Ave Clearwater Park Lubbock CA 31336	United States
S1-007548	Sunstone Textiles Limited Liability Company	Near Exit 14, 21/36 Stonebridge Rd, Brightpath Park, resno, TX	US
S1-007549	Sunstone Textiles Limited Liability Company	Brightpath Boulevard Clearwater Park Lubbock IL 89454	US
S1-007550	Vertex Trading Private Limited	90 Northgate Crs, Nagpur, Mahaashtra, 475808	India
S1-007551	Kestrel Chemicals Private Limited	396 Goldleaf Marg Jaipur 854048	India
S1-007552	Redwood Onyx Packaging Limited Liability Company	236 Clearwater Dr, Sunstone Park, Akron, TX, 44358	USA
S1-007553	Redwood Onyx Packaging Limited Liability Company	314 Redwood Road, Near Exit 14, Fresno, AL, 22913	United States
S1-007554	Sunstone Motors Company	29/76 Lantern Blvd, Summit Park, Fresno, AL, 53242	USA
S1-007555	Falcon Enterprises Limited Liability Company	357 Kestrel Blvd, Stonebridge Park, Austin, 38183	United States
S1-007556	Juniper Packaging Limited Liability Company	145 Summit Dr, Harbor Park, Lubbock, WA, 96458	USA
S1-007557	Clearwater Foods Corporation	200 Cobalt St, Silverline Park, Near Exit 14, Fresno, 17029	USA
S1-007558	Clearwater Thistle Chemicals Private Limited	Orchid Street, Summit Nagar, Kochi, MP	India
S1-007559	Vertex Solutions Corporation	93 Redwood Ave, Austin, AL, 37635	United States
S1-007560	Cobalt Electricals Incorporated	9/62 Ironwood St, Harbor Park, Tacoma, 32416	United States
S1-007561	Thistle Chemicals Corporation	124 Thistle Boulevard, Stonebridge Park, Opp. City Library, Peoria, 93114	United States
S1-007562	Goldleaf Systems Limited	Stonebridge Crs, Quarry Nagar, Indore, 374817	IN
S1-007563	Maplecrest Solutions Limited	152 Meridian Crs, Meridian Nagar, Surat, 833467	India
S1-007564	Maplecrest Solutions Limited	218 Brightpath Street, Coimbatore, 144500	IN
S1-007565	Kestrel Logistics Private Limited	310 Bluepeak Marg, Coimbatore, Rajasthan, 226536	IN
S1-007566	Vertex Packaging Limited	33 Juniper Cross Cobalt Nagar Nagpur 30689	India
S1-007567	Ravenwood Textiles Private Limited	390 Falcon Rd, Northgate Nagar, Jaipur, 833505	India
S1-007568	Lantern Consultancy Corporation	344 Redwood Dr, Juniper Park, Tacoma, WA, 71601	USA
S1-007569	Harbor Packaging Incorporated	86 Falcon St, Clearwater Park, Mobile, IL, 901660	US
S1-007570	Harbor Packaging Incorporated	108 Meridian Blvd, Stonebridge Park, Akron, 39576	US
S1-007571	Brightpath Foods Private Limited	110 Northgate Crs, Kochi, Rajasthan, 483953	IN
S1-007572	Brightpath Foods Private Limited	322 Vertex Marg Maplecrest Nagar Kochi MP 487126	India
S1-007573	Summit Enterprises Limited	130 Onyx Marg, Pune, 116892, Near SB IATM	IN
S1-007574	Ravenwood Stonebridge Services Private Limited	36/52 Summit Cross, Kochi, Maharashtra, 618956	India
S1-007575	Redwood Trading Private Limited	285 Apex Cross Falcon Nagar Kochi	India
S1-007576	Goldleaf Solutions Incorporated	Vertex Boulevard Meridian Park Mobile WA 57743	US
S1-007577	Stonebridge Electricals Incorporated	354 Onyx Avenue, Falcon Park, Fresno, 65634	US
S1-007578	Falcon Enterprises Private Limited	201 Vertex Crs, Vertex Nagar, Nagpur, MP, 831755	IN
S1-007579	Cobalt Chemicals Private Limited	170 Lantern Cross, Redwood Nagar, Coimbatore, 415328	India
S1-007580	Kestrel Trading Limited	136 Ravenwood Street, Pune, Maharashtra, 452172, Thistle Nagar	IN
S1-007581	Meridian Motors Limited Liability Company	24/56 Redwood Avenue, Peoria, AL, 62144	US
S1-007582	Meridian Motors Limited Liability Company	339 Sunstone Avenue Opp. City Library Vertex Park Peoria	United States
S1-007583	Brightpath Fabrics Private Limited	97 Ravenwood Mn, Opp. Bus Depot, Ironwood Nagar, Nagpur, Tamil Nadu, 607893	IN
S1-007584	Silverline Lantern Solutions Private Limited	90 Northgate Marg, Near Metro Pillar 42, Indore, MP, 682123	IN
S1-007585	Falcon Packaging Private Limited	289 Bluepeak St Indore	India
S1-007586	Orchid Industries Limited	199 Harbor Road, Pune, Kerala, 529337	IN
S1-007587	Kestrel Silverline Motors Private Limited	324 Falcon St, Indore, Tamil Nadu, 810881	India
S1-007588	Juniper Trading Corporation	370 Onyx Dr, Ironwood PPark, Fresno, TX, 32318	US
S1-007589	Meridian Enterprises Corporation	35 Ironwood St, Apex Park, Akron, IL, 19010	United States
S1-007590	Sunstone Textiles Company	43 Kestrel Road, Near Exit 14, Quarry Park, Austin, OH, 88246	US
S1-007591	Bluepeak Maplecrest Trading Incorporated	Near Exit 14, 279 Thistle Drive, Tacoma, WA, 93277	USA
S1-007592	Bluepeak Maplecrest Trading Incorporated	108 Northgate Street, Ravenwood Park, Tacoma, TX	US
S1-007593	Brightpath Falcon Enterprises Private Limited	297 Meridian Cross, Opp. Bus Depot, Goldleaf Nagar, Kochi	IN
S1-007594	Ravenwood Logistics Company	Harbor Boulevard Akron 74740	US
S1-007595	Orchid Clearwater Foods Company	220 Redwood Blvd, Ironwood Park, Tacoma, 57490	USA
S1-007596	Orchid Clearwater Foods Company	216 Quarry Blvd, Quarry Park, Peoria, AL, 67937	USA
S1-007597	Maplecrest Onyx Systems Limited	Near Metro Pillar 42 358 Redwood Marg Ravenwood Nagr Coimbatore Gujarat	India
S1-007598	Maplecrest Onyx Systems Limited	Near SBI ATM, 387 Lantern Rd, Indore, 668348	IN
S1-007599	Northgate Electricals Incorporated	89 Onyx Rd, Peoria, 51320	USA
S1-007600	Northgate Electricals Incorporated	25/1 Apex Roadd Vertex Park Peoria TX 46767	US
S1-007601	Bluepeak Services Private Limited	354 Summit Rd Maplecrest Nagar Jaipur Gujarat	IN
S1-007602	Bluepeak Services Private Limited	21 Cobalt Marg, Vertex Nagar, Jaipur, 755914	IN
S1-007603	Kestrel Services Private Limited	Sunstone Rd, Onyx Nagar, Opp. Bus Depot, Nagpur, 104143	India
S1-007604	Kestrel Services Private Limited	111 Ravenwood R,d Surat, Kerala, 338044	India
S1-007605	Kestrel Electricals Private Limited	34/81 Bluepeak Main, Kestrel Nagar, Jaipur, MP, 926808	India
S1-007606	Maplecrest Electricals Private Limited	329 Meridian Road, Meridian Nagar, Indore, Rajasthan	IN
S1-007607	Northgate Packaging Private Limited	Apex Marg, Stonebridge Nagar, Surat, Maharashtra	IN
S1-007608	Lantern Fabrics Incorporated	2/54 Lantern Street, Tacoma, CA	US
S1-007609	Lantern Fabrics Incorporated	Opp. City Library 185 Thistle Rd Quarry Park Fresno IL 72771	United States
S1-007610	Bluepeak Northgate Systems Corporation	213 Stonebridge Rd, Bluepeak Park, Lubbock, TX, 70420	United States
S1-007611	Apex Enterprises Limited Liability Company	360 Ravenwood Road, Apex Park, Akron, WA, 59759	USA
S1-007612	Quarry Silverline Motors Private Limited	64 Cobalt Crs, Pune, Kerala, 932258	IN
S1-007613	Kestrel Textiles Private Limited	107 Harbor Rd Ravenwood Nagar Surat TamilNadu 171815	India
S1-007614	Kestrel Textiles Private Limited	Falcon Nagar, Nagpur, 728933, 383 Redwood St	IN
S1-007615	Onyx Fabrics Company	249 Northgate Dr, Quarry Park, Tacoma	US
S1-007616	Bluepeak Services Limited	20 Summit Street, Kestrel Nagar, Surat, Gujarat	IN
S1-007617	Northgate Foods Private Limited	21/19 Goldleaf Marg, Silverline Nagar, Coimatore, 565818	IN
S1-007618	Sunstone Foods Incorporated	33/22 Northgate Dr, Brightpath Park, Lubbock, 93239	USA
S1-007619	Bluepeak Meridian Motors Corporation	52 Silverline Road Quarry Park Tacoma WA	USA
S1-007620	Kestrel Enterprises Limited	91 Bluepeak Street, Jaipur, 477350	IN
S1-007621	Onyx Enterprises Private Limited	30/32 Silverline St Harbor Nagar Near SBI ATM Indore Tamil Nadu 624878	India
S1-007622	Ravenwood Chemicals Private Limited	6 Meridian Marg Kochi 792716	IN
S1-007623	Northgate Packaging Private Limited	113 Redwood Marg, Ravenwood Nagar, Jaipur, 126947	India
S1-007624	Cobalt Consultancy Private Limited	254 Ravenwood Main, Coimbatore, Tamil Nadu	IN
S1-007625	Lantern Systems Private Limited	173 Lantern Road Summit Nagar Kochi	IN
S1-007626	Lantern Systems Private Limited	209 Northgate Rd, Kochi	India
S1-007627	Apex Electricals Corporation	252 Meridian Dr, Taocma	US
S1-007628	Sunstone Lantern Enterprises Private Limited	Near SBI ATM, Harbor Mn, Jaipur, MP, 344410	India
S1-007629	Sunstone Lantern Enterprises Private Limited	231 Vertex Rd, Summit Nagar, Jaipur, Gujarat	India
S1-007630	Kestrel Logistics Corporation	367 Orchid Dr, Tacoma, 88981	United States
S1-007631	Kestrel Logistics Corporation	31/15 Goldleaf Road, Harbor Park, Opp. City Library, Tacoma, 74084	United States
S1-007632	Brightpath Silverline Industries Company	164 Maplecrest Blvd, Tacoma, AL, 59304	US
S1-007633	Cobalt Industries Limited Liability Company	243 Ironwood Avenue, Lubbock	US
S1-007634	Stonebridge Consultancy Corporation	10 Bluepeak Boulevard, Kestrel Park, Austin, 69413	US
S1-007635	Stonebridge Consultancy Corporation	208 Ravenwood Rd, Ironwood Park, Akron, 41408	US
S1-007636	Redwood Systems Limited	347 Ravenwood Main, Kestrel Nagar, Coimbatore	India
S1-007637	Redwood Systems Limited	Northgate Marg, Harbor Nagar, Coimbatore, Kerala, 897972	IN
S1-007638	Meridian Meridian Logistics Limited	252 Apex Mn, Apex Nagar, Surat, MP	India
S1-007639	Summit Fabrics Incorporated	20/68 Ironwood Boulevard Vertex Park Peori 75569	USA
S1-007640	Silverline Trading Private Limited	21 Bluepeak Rd, Harbor Nagar, Surat, Gujarat	India
S1-007641	Summit Textiles Private Limited	Goldleaf Marg Surat Gujarat 775856 Clearwater Nagar	IN
S1-007642	Ravenwood Summit Logistics Private Limited	Indore, ThistleM arg	IN
S1-007643	Vertex Quarry Solutions Incorporated	Falcon Drive, Fresno, WA, 71630	US
S1-007644	Ironwood Textiles Corporation	Behind the Civic Center 228 Bluepeak Blvd Cobalt Park Tacoma	United States
S1-007645	Quarry Services Private Limited	12/3 Cobalt Main Ravenwood Nagar Kochi Gujarat 789592	IN
S1-007646	Quarry Services Private Limited	398 Summit Marg, Pune, Gujarat	IN
S1-007647	Meridian Consultancy Private Limited	Behind Ganesh Temple, 62 Sunstone St, Thistle Nagar, Coimbatore, 585624	India
S1-007648	Falcon Lantern Electricals Private Limited	15 Bluepeak Marg, Thistle Nagar, Pune	IN
S1-007649	Maplecrest Meridian Foods Company	128 Onyx Road Vertex Park Peoria AL	US
S1-007650	Vertex Logistics Company	Opp. City Library, 382 Clearwater Drive, Quarry Park, Akron, 70647	US
S1-007651	Ravenwood Trading Company	17/14 Kestrel Boulevard Meridian Park Peoria	US
S1-007652	Onyx Textiles Private Limited	Cobalt Marg Onyx Nagar Near Metro Pillar 42 Kochi 572256	IN
S1-007653	Harbor Packaging Incorporated	13/65 Meridian Ave, Maplecrest Park, Fresno, AL	USA
S1-007654	Summit Consultancy Incorporated	Silverline Park Akron IL 371 Apex St	USA
S1-007655	Summit Consultancy Incorporated	59 Apex St, Sunstone Park, Mobile, OH, 54555	USA
S1-007656	Onyx Packaging Company	Quarry Blvd Silverline Park Akron 22647	US
S1-007657	Harbor Electricals Limited Liability Company	Behind the Civic Center 172 Juniper St Meridian Park Mobile WA	USA
S1-007658	Cobalt Motors Limited Liability Company	Silverline Boulevard, Lantern Park, Peoria, 56693	US
S1-007659	Orchid Systems Corporation	143 Quarry Road, Juniper Park, Fresno, 89498	USA
S1-007660	Kestrel Services Private Limited	311 Apex Mn, Apex Nagar, Surat, 908255	India
S1-007661	Stonebridge Summit Chemicals Private Limited	118 Apex Mrg, Thistle Nagar, Surat, MP	India
S1-007662	Maplecrest Motors Limited Liability Company	Silverline Blvd Kestrel Park Peoria IL 62408	USA
S1-007663	Maplecrest Motors Limited Liability Company	37/77 Ravenwood Dr, Fresno, TX	United States
S1-007664	Redwood Chemicals Corporation	Opp. City Library 23/72 Juniper Avenue Silverline Park Peoria CA 27115	US
S1-007665	Juniper Harbor Fabrics Limited	55 Vertex Marg Clearwater Nagar Pune 925808	IN
S1-007666	Bluepeak Quarry Solutions Corporation	27 Meridian Boulevard Tacoma 7030	United States
S1-007667	Bluepeak Quarry Solutions Corporation	349 Bluepeak Boulevard, Brightpath Park, Tacoma, IL, 99302	USA
S1-007668	Lantern Consultancy Private Limited	153 Ironwood Main, Northgate Nagar, Surat, 167736	IN
S1-007669	Lantern Consultancy Private Limited	Ravenwod Mn, Brightpath Nagar, Surat	India
S1-007670	Ravenwood Onyx Fabrics Private Limited	91 Apex Marg Juniper Nagar Jaipur Kerala	IN
S1-007671	Summit Chemicals Private Limited	12/86 Stonebridge Rd Coimbatore Gujarat	IN
S1-007672	Orchid Packaging Private Limited	284 Harbor Main, Cobalt Nagar, Pune, 310029	IN
S1-007673	Ravenwood Solutions Private Limited	Near Metro Pillar 42, Harbor Nagar, Coimbatore, Maharashtra, Harbor Marg	India
S1-007674	Redwood Enterprises Private Limited	Juniper Nagar, Kochi, 595132, 388 Sunsttone St	IN
S1-007675	Redwood Enterprises Private Limited	Ironwood Mn, Stonebridge Nagar, Kochi, Gujarat, 990482	IN
S1-007676	Kestrel Logistics Corporation	64 Stonebridge Road, Sunstone Park, Austin, 90269	United States
S1-007677	Kestrel Logistics Corporation	246 Ironwood Avenue, Lubbock, OH, 25288	US
S1-007678	Harbor Systems Company	112 Falcon Boulevard, Silverline Park, Fresno, 76258	US
S1-007679	Meridian Services Limited	1022 Goldleaf Marg Near SBI ATM Brightpath Nagar Nagpur 974894	India
S1-007680	Silverline Systems Limited Liability Company	22 Vertex Street, Quarry Park, Peoria, WA	USA
S1-007681	Falcon Motors Private Limited	55 Vertex Marg, Northgate Nagar, Nagpur, Gujarat, 359853	IN
S1-007682	Stonebridge Chemicals Corporation	Sunstone Boulevard, Onyx Park, Peoria, 70883	US
S1-007683	Stonebridge Quarry Motors Limited Liability Company	211 Ravenwood Street, Lantern Park, Fresno, CA, 11362	USA
S1-007684	Kestrel Solutions Private Limited	257 Stonebridge Rd, Goldleaf Nagar, Jaipur, 565440	IN
S1-007685	Kestrel Solutions Private Limited	262 Kestrel Road, Kestrel Nagar, Pune, Gujarat, 241464	IN
S1-007686	Vertex Motors Limited	97 Silverline Rd, Summit Nagar, Kochi, Tamil Nadu	India
S1-007687	Cobalt Systems Limited Liability Company	226 Harbor Drive, Meridian Park, Near Exit 14, Mobile, IL, 65030	USA
S1-007688	Cobalt Systems Limited Liability Company	Near Exit 14, 52 Ravenwood Avenue, Apex Park, Mobile, AL	US
S1-007689	Lantern Stonebridge Foods Company	Behind the Civic Center, 95 Cobalt Avenue, Austin, OH, 42697	USA
S1-007690	Lantern Stonebridge Foods Company	288 Apex Avenue, Near Exit 14, Coblt Park, Austin, IL	USA
S1-007691	Thistle Packaging Limited Liability Company	21 Lantern Boulevard, Thistle Park, Peoria, WA, 91773	US
S1-007692	Sunstone Fabrics Corporation	2 Lantern Blvd, Orchid Park, Fresno, CA, 36848	US
S1-007693	Silverline Ironwood Fabrics Limited	276 Vertex Cross, Northgate Nagar, Jaipur	IN
S1-007694	Onyx Textiles Company	309 Vertex Boulevard Sunstone Park Opp. City Library Mobile IL 43033	USA
S1-007695	Redwood Electricals Company	31/30 Cobalt Dr Akron TX 32165	United States
S1-007696	Orchid Motors Limited	Near SBI ATM, 27 Meridian Road, Maplecrest Nagar, Indore	India
S1-007697	Ravenwood Textiles Corporation	311 Cobalt Rd, Redwood Park, Peoria	USA
S1-007698	Ravenwood Textiles Corporation	253 Clearwater Street, Clearwater Park, Akron, IL	US
S1-007699	Ironwood Consultancy Private Limited	Behind Ganesh Temple, Maplecrest Street, Silverline Nagar, Kochi	India
S1-007700	Cobalt Cobalt Textiles Corporation	Opp. City Library, 303 Silverline Drive, Ravenwood Park, Fresno, OH, 46518	US
S1-007701	Goldleaf Services Private Limited	333 Northgate Rd, Jaipur, Keraa, 163516	IN
S1-007702	Thistle Motors Private Limited	377 Quarry St, Coimbatore ,231320	IN
S1-007703	Juniper Ironwood Packaging Corporation	Ravenwood Road Redwood Park Peoria IL	United States
S1-007704	Juniper Ironwood Packaging Corporation	313 Maplecrest Rd, Harbor Parkk, Peoria, OH	USA
S1-007705	Orchid Packaging Private Limited	Juniper Mn, Harbor Nagar, Opp. Bus Depot, Surat, 329075	IN
S1-007706	Apex Systems Incorporated	26/22 Silverline Avenue, Tacoma, TX	United States
S1-007707	Apex Systems Incorporated	228 Summit Ave, Cobalt Park, Lubbock, CA, 45971	US
S1-007708	Thistle Enterprises Limited	16 Kestrel Crs, Stonebridge Nagar, Surat, Gujarat	IN
S1-007709	Thistle Enterprises Limited	12 Thistle Crs Vertex Nagar Surat Tamil Nadu 868702	India
S1-007710	Bluepeak Meridian Enterprises Limited	379 Thistle Street, Brightpath Nagar, Kochi, MP, 151532	IN
S1-007711	Falcon Motors Private Limited	97 Stonebridge St, Pune, 347702, Apex Nagar	India
S1-007712	Falcon Goldleaf Electricals Incorporated	Near Exit 14, 245 Lantern Rd, Quarry Park, Peoria, IL, 62483	US
S1-007713	Redwood Fabrics Incorporated	7 Ravenwood St, Thistle Park, Behind the Civic Center, Mobile, W,A 97627	United States
S1-007714	Northgate Logistics Incorporated	Goldleaf Boulevard, Peoria, 33938	US
S1-007715	Northgate Logistics Incorporated	89 Vertex Blvd, Bluepeak Park, Lubbock, TX	United States
S1-007716	Harbor Industries Private Limited	Near SBI ATM Stonebridge Rd Meridian Nagar Jaipur Maharashtra	IN
S1-007717	Cobalt Packaging Limited	Near SBI ATM, 36/58 Maplecrest Cross, Silverline Nagar, Coimbatore, 518647	India
S1-007718	Redwood Consultancy Corporation	184 Clearwatre Street, Bluepeak Park, Fresno, IL, 35521	USA
S1-007719	Redwood Consultancy Corporation	205 Thistle Street Near Exit 14 Mobile TX	USA
S1-007720	Clearwater Services Company	21/53 Stonebridge Rd, Peoria, CA, 36925	USA
S1-007721	Clearwater Services Company	38/84 Meridian Street Thistle Park Peoria CA 25890	United States
S1-007722	Summit Industries Limited Liability Company	248 Redwood Dr, Mboile	USA
S1-007723	Goldleaf Kestrel Services Corporation	336 eKstrel Drive, Ironwood Park, Near Exit 14, Akron, OH, 59671	United States
S1-007724	Ironwood Electricals Limited Liability Company	146 Kestrel Road, Harbor Park, Tacoma, AL	United States
S1-007725	Meridian Ravenwood Systems Limited	327 Onyx Marg Pune Kerala	IN
S1-007726	Cobalt Vertex Textiles Limited Liability Company	Maplecrest Rd, Kestrel Park, Mobile, TX, 61081	US
S1-007727	Bluepeak Bluepeak Packaging Limited	154 Cobalt Main, Quarry Nagar, Indore, Kerala, 393885	IN
S1-007728	Quarry Falcon Motors Corporation	295 Summit Street, Behind the Civic Center, Goldleaf Park, Fresno	USA
S1-007729	Redwood Ironwood Services Company	Behind the Civic Center, 353 Orchid Ave, Akron, 99300	USA
S1-007730	Redwood Ironwood Services Company	Near Exit 14, 14 Ironwood Blvd, Fresno, OH	US
S1-007731	Silverline Packaging Private Limited	53 Redwood Road, Kochi, Maharashtra, 275509	India
S1-007732	Orchid Electricals Private Limited	120 Sunstone Street, Vertex Nagar, Kochi, Rajasthan, 682193	India
S1-007733	Sunstone Foods Private Limited	285 Clearwater Cross Quarry Nagar Coimbatore Tamil Nadu 622963	India
S1-007734	Orchid Fabrics Incorporated	Thistle Dr, Fresno, AL	United States
S1-007735	Brightpath Electricals Private Limited	Sunstone Rd Cobalt Nagar Idore Maharashtra	India
S1-007736	Brightpath Electricals Private Limited	149 Summit Rd, Opp. Bus Depot, Indore, 105538	IN
S1-007737	Stonebridge Services Limited	214 Silverline Crs, AApex Nagar, Jaipur, Tamil Nadu, 799184	India
S1-007738	Stonebridge Sunstone Systems Incorporated	12/60 Thistle Ave, Lubbock, OH	USA
S1-007739	Stonebridge Sunstone Systems Incorporated	34/37 Northgate Ave, Onyx Park, Austin, IL, 89715	United States
S1-007740	Cobalt Industries Limited Liability Company	256 Maplecrest St, Redwood Park, Tacoma, CA	USA
S1-007741	Quarry Consultancy Limited	25/25 Sunstone Marg, Nagpur	India
S1-007742	Orchid Sunstone Electricals Corporation	317 Falcon St, Lubbock, 18419	United States
S1-007743	Orchid Sunstone Electricals Corporation	Goldleaf Rd, Bluepeak Park, Peoria, 54249	USA
S1-007744	Apex Fabrics Corporation	29/78 Bluepeak Blvd, Near Exit 14, Peoria, CA,, 65689	USA
S1-007745	Apex Northgate Logistics Limited	10/54 Sunstone Main, Sunstone Nagar, Pune, Kerala, 646963	IN
S1-007746	Silverline Services Limited	Summit St, Sunstone Nagar, Near Metro Pillar 42, Pune, Rajasthan	IN
S1-007747	Juniper Solutions Private Limited	323 Ironwood Rd, Meridian Nagar, Jaipur, Rajasthan, 441522	IN
S1-007748	Vertex Enterprises Corporation	322 Goldleaf Boulvard, Quarry Park, Tacoma, 74719	United States
S1-007749	Vertex Enterprises Corporation	392 Merdiian Boulevard, Meridian Park, Akron, 56439	United States
S1-007750	Onyx Sunstone Consultancy Corporation	223 Ony xDr, Akron, 56835	USA
S1-007751	Clearwater Industries Corporation	116 Ironwood St, Lubbock, TX	USA
S1-007752	Harbor Juniper Consultancy Private Limited	25/67 Summit Cross, Stonebridge Nagar, Indore, Tamil Nadu, 685195	India
S1-007753	Ravenwood Fabrics Limited	143 Ravenwood St, Northgate Nagar, Pune, Tamil Nadu, 283088	IN
S1-007754	Lantern Consultancy Incorporated	385 Summit Road, Behind the Civic Center, Thistle Park, Mobile, IL, 40435	USA
S1-007755	Vertex Trading Limited Liability Company	43 Meridian Ave Ravenwood Park Peoria TX	United States
S1-007756	Cobalt Foods Corporation	Cobalt Dr, Maplecrest Park, Austin ,63947	USA
S1-007757	Kestrel Sunstone Industries Limited Liability Company	69 Quarry Dr, Goldleaf Park, Peoria, CA	United States
S1-007758	Lantern Services Corporation	345 Ironwood Ave, Ravenwood Park, Mobile, 34031	USA
S1-007759	Redwood Motors Limited Liability Company	12 Harbor Road, Maplecrest Park, Tacoma, 51458	US
S1-007760	Maplecrest Onyx Motors Private Limited	36 Lantern Rd Quarry Nagar Jaipur Rajasthan 271512	IN
S1-007761	Cobalt Services Private Limited	9 Falcon Cross, Meridian Nagar, Pune, Maharashtra, 178563	IN
S1-007762	Summit Enterprises Corporation	Cobalt St, Orchid Park, Mobile, WA, 21645	US
S1-007763	Summit Consultancy Private Limited	12 Juniper Mn, Ravenwood Nagar, Jaipur, 727459	IN
S1-007764	Summit Consultancy Private Limited	332 Brightpath Crs, Opp. Bus Depot, Ironwood Nagar, Indore, 612078	IN
S1-007765	Kestrel Kestrel Industries Company	308 Harbor Dr, Stonebridge Park, Tacoma, 19831	United States
S1-007766	Redwood Enterprises Limited Liability Company	148 Vertex Avenue, Kestrel Park, Lubbock	USA
S1-007767	Thistle Enterprises Private Limited	37/32 Bluepeak Mn, Onyx Nagar, Indore, Rajasthan, 565092	IN
S1-007768	Stonebridge Onyx Trading Incorporated	170 Onyx Dr Falcon Park Fresno	United States
S1-007769	Quarry Thistle Logistics Corporation	91 Sunstone Avenue, Apex Park, Mobile	United States
S1-007770	Bluepeak Enterprises Incorporated	30/26 Harbor Street, Peoria, WA, 50717	United States
S1-007771	Sunstone Chemicals Incorporated	125 Thistle Blvd Stonebridge Park, Fresno, 75823	US
S1-007772	Clearwater Trading Limited Liability Company	52 Falcon Boulevard, Goldleaf Park, Akron, IL	USA
S1-007773	Redwood Chemicals Private Limited	240 Thistle Marg, Thistle Nagar, Jaipur, Kerala, 985563	India
S1-007774	Onyx Foods Limited Liability Company	151 Brightpath St, Ravenwood Park, Opp. City Library, Austin, 32309	US
S1-007775	Silverline Thistle Chemicals Corporation	Tacoma, 91225, 118 Summit Street	United States
S1-007776	Apex Systems Private Limited	112 Stonebridge Mn, Brightpath Nagar, Pune, Rajasthan	IN
S1-007777	Silverline Consultancy Incorporated	Opp. City Library, 339 Quarry Drive, ustin, 42637	United States
S1-007778	Silverline Consultancy Incorporated	377 Brightpath Street, Lubbock, TX, 68660	US
S1-007779	Stonebridge Textiles Limited	3177 Ironwood Road Jaipur 265658	IN
S1-007780	Kestrel Trading Corporation	368 Lantern St, Juniper Park, Mobile, CA, 25756	USA
S1-007781	Ironwood Lantern Consultancy Corporation	273 Lantern Blvd, Fresno, TX, 75418	US
S1-007782	Ravenwood Chemicals Limited Liability Company	272 Goldleaf Blvd, Tacoma, AL	United States
S1-007783	Cobalt Electricals Private Limited	251 Lantern Street, Quarry Nagar, Jaipur, 2231144	IN
S1-007784	Vertex Electricals Incorporated	170 Vertex Dr, Stonebridge Park, Austin, 52477	USA
S1-007785	Vertex Electricals Incorporated	72 Orchid Blvd, Stonebridge Park, Akron, TX, 41944	United States
S1-007786	Silverline Consultancy Limited	Vertex Crs, Jaipur, Gujarat	India
S1-007787	Harbor Services Incorporated	221 Sonebridge Dr, Northgate Park, Austin, WA	US
S1-007788	Meridian Textiles Limited Liability Company	214 Brightpath Avenue, Bluepeak Park, Austin, OH, 596228	US
S1-007789	Goldleaf Consultancy Private Limited	Silverline Marg Harbor Nagar Kochi 955801	IN
S1-007790	Lantern Consultancy Private Limited	55 Vertex Marg, Koch, Kerala, 180336	India
S1-007791	Lantern Consultancy Private Limited	Brightpath Marg Thistle Nagar Kochi Tamil Nadu 638896	IN
S1-007792	Northgate Trading Private Limited	250 Ravenwood Crs, Orchid Nagar, Indore, Rajasthan	India
S1-007793	Juniper Kestrel Industries Company	Ironwood Dr, Clearwater Park, Fresno, IL	United States
S1-007794	Cobalt Services Company	94 Onyx Dr, Harbor Park, Mobile	US
S1-007795	Clearwater Bluepeak Electricals Limited	227 Kestrel Marg, Vertex Nagar, Nagpur, Maharashtra, 337645	IN
S1-007796	Vertex Motors Private Limited	Goldleaf Road, Cobalt Nagar, Surat, Tamil Nadu, 684364	IN
S1-007797	Ironwood Apex Electricals Company	226 Thistle Dr, Akron	US
S1-007798	Cobalt Enterprises Private Limited	69 Northgate Main, Ironwood Nagar, Kochi, Gujarat, 941654	India
S1-007799	Falcon Fabrics Limited	Near SBI ATM, Meridian Cross, Silverline Nagar, Kochi, Tamil Nadu, 905305	India
S1-007800	Orchid Thistle Systems Limited Liability Company	Vertex St, Harbor Park, Austin, CA, 2426	US
S1-007801	Orchid Thistle Systems Limited Liability Company	30 Brightpath Road, Vertex Park, Austin, CA	USA
S1-007802	Ironwood Foods Private Limited	4/64 Harbor Marg, Quarry Nagar, Indore, 588972	IN
S1-007803	Ironwood Foods Private Limited	396 Cobalt Road, Near SBI ATM, Rdewood Nagar, Pune	IN
S1-007804	Meridian Solutions Incorporated	336 Cobalt Blvd, Falcon Park, Mobile, AL, 20742	US
S1-007805	Sunstone Electricals Limited	366 Maplecrest Cross, Opp. Bus Depot, Onyx Nagar, Coimbatore, Maharashtra, 317812	IN
S1-007806	Sunstone Electricals Limited	45 Lantern Street, Northgate Nagar, Coimbatore, 576031	India
S1-007807	Kestrel Systems Incorporated	202 Juniper Avenue, Opp. City Library, Lantern Park, Mobile, WA	United States
S1-007808	Maplecrest Textiles Company	278 Harbor Ave, Redwood Park, Austin, 98728	US
S1-007809	Apex Trading Incorporated	40 Brightpath Street, Goldleaf Park, Lubbock, W,A 51430	United States
S1-007810	Onyx Electricals Private Limited	121 Silverline Road, Near Metro Pillar 42, Surat, Maharashtra	India
S1-007811	Maplecrest Fabrics Corporation	361 Sunstone Avenue Silverline Park Austin 72117	USA
S1-007812	Maplecrest Fabrics Corporation	20/69 Falcon St, Summit Park, Akron, CA	United States
S1-007813	Orchid Consultancy Limited Liability Company	220 Cobalt Dr Ironwood Park Tacoma IL	United States
S1-007814	Juniper Systems Private Limited	356 Reddwood Street, Ironwood Nagar, Kochi, MP, 675283	India
S1-007815	Silverline Bluepeak Services Incorporated	104 Bluepeak Ave, Ravenwood Park, Lubbock, AC, 27850	USA
S1-007816	Harbor Systems Corporation	11/25 Summit Rd, Tacoma, 72638	US
S1-007817	Harbor Systems Corporation	211  Quarry Ave, Meridian Park, Opp. City Library, Tacoma, OH, 31711	USA
S1-007818	Cobalt Trading Limited Liability Company	Behind the Civic Center, 243 Clearwater Rd, Lantern Park, Peoria, TX, 17533	US
S1-007819	Kestrel Sunstone Solutions Private Limited	373 Onyx Mn, Ony xNagar, Kochi, MP, 100447	IN
S1-007820	Clearwater Packaging Private Limited	252 Onyx Rd, Ironwood Nagar, Nagpur, Maharashtra, 538429	IN
S1-007821	Orchid Systems Limited	Summit Nagar, Pune, 892727, 55 Redwood Marg	India
S1-007822	Orchid Systems Limited	180 Goldleaf Mn, Brightpath Nagar, Pune, 951098	IN
S1-007823	Onyx Systems Limited Liability Company	85 Meridian Boulevard Silverline Park Behind the Civic Center Tacoma	US
S1-007824	Onyx Systems Limited Liability Company	281 Cobalt Drive Fresno OH 86484	USA
S1-007825	Orchid Logistics Company	Austin, OH, 111 Apex Dr	United States
S1-007826	Stonebridge Fabrics Private Limited	Oppp. Bus Depot, Pune, Rajasthan, 346521, Harbor Marg	India
S1-007827	Harbor Motors Company	30 Ironwood Blvd, Vertex Park, Mobile, 3211	United States
S1-007828	Harbor Motors Company	Sunstone St, Harbor Park, Lubbock	United States
S1-007829	Bluepeak Textiles Limited	396 Quarry Marg, Pune, Kerala, 696017, Thistle Nagar	India
S1-007830	Brightpath Packaging Incorporated	15 Thistle Boulevard, Lantern Park, Akron, OH, 43681	US
S1-007831	Brightpath Packaging Incorporated	171 Harbor Blvd, Akron, CA, 46887	United States
S1-007832	Stonebridge Logistics Limited Liability Company	20 Stonebridge Rd, Apex Park, Peoria, AL, 21575	United States
S1-007833	Stonebridge Logistics Limited Liability Company	Thistle Park Lubbock OH 76496 99 Onyx St	USA
S1-007834	Onyx Motors Private Limited	253 Apex Marg, Maplecrest Nagar, Pune	India
S1-007835	Juniper Systems Limited	282 Brightpath St, Summit Nagar, Indore, Gujarat	IN
S1-007836	Quarry Lantern Consultancy Limited Liability Company	218 Sunstone Road, Ironwood Park, Austin, TX, 68732	United States
S1-007837	Juniper Northgate Textiles Limited	130 Ravenwood Cross Goldleaf Nagar Pune Rajasthan 130441	IN
S1-007838	Stonebridge Packaging Private Limited	Opp. Bus Depot, 253 Goldleaf Street, Quarry Nagar, Surat, 918120	IN
S1-007839	Cobalt Enterprises Corporation	19/7 Kestrel Ave Onyx Park Fresno CA 14445	US
S1-007840	Cobalt Enterprises Corporation	187 Falcon Street, Juniper Park, Near Exit 14, Fressno, TX, 48287	US
S1-007841	Stonebridge Motors Private Limited	12/89 Cobbalt Main, Kochi, Maharashtra, 956231	IN
S1-007842	Ironwood Consultancy Private Limited	172 Apex Street, Ironwood Nagar, Jaipur, Tamil Nadu	IN
S1-007843	Northgate Bluepeak Chemicals Private Limited	373 Apex Marg, Surat, 746705, Stonebridge Nagar	India
S1-007844	Northgate Bluepeak Chemicals Private Limited	249 Stonebridge Rd, Vertex Nagar, Jaipur, Rajasthan, 389168	India
S1-007845	Onyx Clearwater Services Corporation	127 Northgate Boulevard, Kestrel Park, Behind the Civic Center, Tacoma	US
S1-007846	Summit Systems Incorporated	140 Orchid Blvd, Akron, IL, 95058	United States
S1-007847	Sunstone Logistics Limited	338 Harbor Road, Ironwood Nagar, Kochi, 888800	India
S1-007848	Clearwater Quarry Solutions Private Limited	192 Cobalt Marg, Summit Nagar, Nagpur, Tamil Nadu	IN
S1-007849	Summit Fabrics Private Limited	255 Sunstone Mn, Harbor Nagar, Nagpur, Kerala, 519400	IN
S1-007850	Quarry Chemicals Corporation	335 Juniper Boulevard Kestrel Park Akron CA 26063	US
S1-007851	Summit Foods Incorporated	398 Falcon Ave, Orchid Park, Peoria, OH, 27445	United States
S1-007852	Summit Bluepeak Packaging Company	379 Harbor Dr Cobalt Park TX Austin	USA
S1-007853	Redwood Sunstone Electricals Private Limited	326 Stonebridge Crs, Redwood Nagar, Pune, Kerala, 517686	India
S1-007854	Orchid Ironwood Chemicals Private Limited	164 Northgate Mn Kestrel Nagar Kochi Maharashtra	IN
S1-007855	Quarry Quarry Textiles Private Limited	321 Brightpath St, Near Metro Pillar 42, Kochi, 572211	India
S1-007856	Quarry Quarry Textiles Private Limited	230 Falcon Crs, Kestrel Nagar, Kochi, Tamil Nadu, 183169	IN
S1-007857	Sunstone Fabrics Limited	307 Falccon St, Kochi	IN
S1-007858	Meridian Consultancy Limited Liability Company	277 Sunstone Drive, Behind the Civic Center, Meridian Park, Peoria	United States
S1-007859	Meridian Consultancy Limited Liability Company	41 Summit St, Apex Park, Akron, 15660	United States
S1-007860	Clearwater Electricals Limited Liability Company	7 Northgate Rd, Silverline Park, Peoria, 32552	United States
S1-007861	Clearwater Industries Company	72 Kestrel Blvd, Falcon Park, Fresno	USA
S1-007862	Thistle Vertex Chemicals Company	Near Exit 14, 378 Lantern Rd, Silverline Park, Peoria, OH, 11985	United States
S1-007863	Thistle Vertex Chemicals Company	37/65 Ironwood Avenue, Thistle Park, Peoria, OH, 54131	United States
S1-007864	Maplecrest Fabrics Private Limited	275 Brightpath Street, Jaipur, Maharashtra, 985875	India
S1-007865	Ravenwood Vertex Trading Limited	15/38 Apex Main, Vertex Nagar, Indore, Maharashtra, 417529	India
S1-007866	Ironwood Enterprises Limited	99 Onyx Rd, Meridian Nagar, Near SBI ATM, Surat, Kerala, 742903	IN
S1-007867	Ironwood Enterprises Limited	254 Stonebridge Road, Maplecrest Nagar, Surat, Gujarat, 414589	India
S1-007868	Northgate Chemicals Private Limited	23/48 Sunstone Street, Apex Nagar, Coimbatore, 645275	IN
S1-007869	Bluepeak Summit Industries Private Limited	42 Silverline St, Kochi	IN
S1-007870	Bluepeak Summit Industries Private Limited	154  Onyx Road, Brightpath Nagar, Kochi	IN
S1-007871	Ironwood Packaging Incorporated	47 Brightpath Drive, Bluepeak Park, Austin, 94913	United States
S1-007872	Meridian Sunstone Electricals Private Limited	347 Onyx Main, Orchid Nagar, Kochi, 422304	IN
S1-007873	Clearwater Lantern Systems Private Limited	371 Falcon Crs, Harbor Nagar, Jaipur, 840155	India
S1-007874	Northgate Stonebridge Chemicals Private Limited	295 Lantern Crs Opp. Bus Depot Falcon Nagar Coimbatore Tamil Nadu	India
S1-007875	Ironwood Cobalt Enterprises Private Limited	201 Goldleaf Main, Goldleaf Nagar, Jaipur	IN
S1-007876	Clearwater Services Company	357 Maplecrest Rd, Ravenwood Park, Austin, 51686	USA
S1-007877	Silverline Redwood Textiles Incorporated	359 Brightpath Rd Thistle Park Mobile AL 74594	USA
S1-007878	Stonebridge Trading Private Limited	240 Juniper Rd, Vertex Nagar, Indore	India
S1-007879	Meridian Textiles Company	12 Ironwood Ave, Onyx Park, Mobile, 81944	USA
S1-007880	Northgate Trading Private Limited	312 Juniper Mn, Opp. Bus Depot, Bluepeak Nagar, Kochi, Kerala	IN
S1-007881	Sunstone Packaging Limited	216 Goldleaf Cross, Meridian Nagar, Pune, Rajasthan, 206475	India
S1-007882	Thistle Solutions Limited Liability Company	279 Northgate Rd, Bluepeak Park, Lubbock, 16109	United States
S1-007883	Thistle Solutions Limited Liability Company	106 Cobalt Boulevard, Austin, CA, 66830	US
S1-007884	Cobalt Consultancy Limited	77 Kestrel Rd Cobalt Nagar Coimbatore Kerala	IN
S1-007885	Goldleaf Industries Limited Liability Company	237 Vertex Dr, Onyx Park, Lubbock, CA	United States
S1-007886	Kestrel Clearwater Packaging Limited	38 Maplecrest Cross, Behind Ganesh Temple, Ironwood Nagar, Indore	IN
S1-007887	Maplecrest Chemicals Private Limited	Stonebridge Marg, Lantern Nagar, Kochi, MP, 787264	IN
S1-007888	Maplecrest Chemicals Private Limited	359 Quarry Roa, Kochi, Kerala	India
S1-007889	Silverline Logistics Company	Apex St, Clearwater Park, Akron, AL, 88456	USA
S1-007890	Ravenwood Logistics Private Limited	99 ilverline Marg, Kestrel Nagar, Indore, 484518	IN
S1-007891	Quarry Fabrics Limited	393 Quarry Crs, Brigthpath Nagar, Kochi, Gujarat, 151785	India
S1-007892	Quarry Fabrics Limited	289 Bluepeak Road, Redwood Nagar, Kochi, 530838	IN
S1-007893	Apex Solutions Limited	18/25 Silverline Crs, Juniper Nagar, Indore, 736936	India
S1-007894	Redwood Fabrics Corporation	244 Thistle Dr, Brightpath Park, Mobile, WA	US
S1-007895	Orchid Meridian Textiles Company	316 Juniper Road, Harbor Park, Lubbock, 51377	United States
S1-007896	Bluepeak Packaging Corporation	270 Redwood Ave, Ravenwood Park, Akron, WA, 29529	USA
S1-007897	Goldleaf Kestrel Trading Private Limited	279 Meridian Road, Northgate Nagar, Coimbatore, 346264	India
S1-007898	Bluepeak Stonebridge Packaging Company	Ironwood Avenue, Stonebridge Park, Fresno, TX, 12975	US
S1-007899	Sunstone Goldleaf Systems Company	339 Bluepeak Boulevard, Thistle Park, Behind the Civic Center, Peoria, WA, 44931	USA
S1-007900	Maplecrest Stonebridge Consultancy Limited	345 Ironwood St, Maplecrest Nagar, Pune, Kerala, 603188	IN
S1-007901	Bluepeak Chemicals Corporation	Opp. City Library, 22/2 Goldleaf Rd, Peoria, CA, 68422	US
S1-007902	Kestrel Solutions Corporation	6/36 Lantern Rd Clearwater Park Akron CA 98721	United States
S1-007903	Sunstone Chemicals Corporation	206 Orcid Dr, Peoria, IL	United States
S1-007904	Sunstone Chemicals Corporation	4 Falcon St, Ravenwood Park, Peoria, AL	United States
S1-007905	Ravenwood Falcon Fabrics Limited	223 Thistle Marg, Ravenwood Nagar, Nagpur, Rajasthan, 701434	IN
S1-007906	Summit Chemicals Private Limited	133 Goldleaf Crs, Brightpath Nagar, Pune, MP, 975003	IN
S1-007907	Summit Chemicals Private Limited	290 Silverline Marg, Ravenwood Nagar, Pune, Tamil Nadu	India
S1-007908	Redwood Electricals Limited Liability Company	Summit Street, Fresno, 58670	USA
S1-007909	Sunstone Maplecrest Consultancy Limited Liability Company	69 Onyx Street, Lantern Park, Mobile, OH	USA
S1-007910	Sunstone Maplecrest Consultancy Limited Liability Company	300 Cobalt St Quarry Park Fresno IL 27250	US
S1-007911	Quarry Falcon Enterprises Limited Liability Company	295 Ironwood Blvd, Ravenwood Park, Austin, WA, 11349	US
S1-007912	Quarry Falcon Enterprises Limited Liability Company	Behind the Civic Center, 83 Orchid Boulevard, Akron, CA, 36005	US
S1-007913	Vertex Systems Company	191 Meridian St, Behind the Civic Center, Thistle Park, Akron, CA, 41346	United States
S1-007914	Orchid Solutions Private Limited	37 Falcon Crs, Lantern Nagar, Nagpur, Rajasthan, 827311	IN
S1-007915	Stonebridge Chemicals Corporation	113 Meridian Road, Peoria, CA, 27315	United States
S1-007916	Clearwater Industries Incorporated	237 Northgate Rd, Opp. City Library, Meridian Park, Fresno, 49216	United States
S1-007917	Lantern Meridian Logistics Private Limited	58 Clearwaer St, Summit Nagar, Pune	IN
S1-007918	Onyx Northgate Industries Limited	372 Silverline Main, Onyx Nagar, Indore	IN
S1-007919	Maplecrest Orchid Motors Limited	Near Metro Pillar 42, 224 Ravenwood Road, Quarry Nagar, Indore, Kerala, 881412	IN
S1-007920	Thistle Motors Private Limited	213 Silverline Marg, Jaipur, Maharashtra, 439252	India
S1-007921	Goldleaf Packaging Incorporated	Bluepeak Blvd Austin TX 29487	US
S1-007922	Onyx Silverline Systems Limited Liability Company	362 Orchid St, Fresno	United States
S1-007923	Bluepeak Motors Private Limited	324 Brightpath St, Orchid Nagar, Jaipur, Kerala	IN
S1-007924	Onyx Chemicals Limited	20/60 Vertex Main, Meridian Nagar, Nagpur, Kerala	IN
S1-007925	Redwood Solutions Limited	Falcon Cross, Ravenwood Nagar, Surat, Gujarat, 884596	IN
S1-007926	Redwood Solutions Limited	253 Orchid Cross, Maplecrest Nagar, Surat, 5672999, Opp. Bus Depot	India
S1-007927	Clearwater Textiles Company	331 Kestrel Ave, Thistle Park, Mobile, 93179	USA
S1-007928	Clearwater Textiles Company	386 Meridian Rd, Mobile, IL	United States
S1-007929	Maplecrest Services Limited Liability Company	5 Orchid Blvd, Fresno, AL	US
S1-007930	Ironwood Meridian Packaging Incorporated	261 Ravenwood Blvd, Vertex Park, Peoria, IL, 28947	USA
S1-007931	Ironwood Meridian Packaging Incorporated	33/43 Kestrel Road, Kestrel Park, Peoria, TX, 49447	United States
S1-007932	Ironwood Electricals Private Limited	197 Meridian Road, Sunstone Nagar, Jaipur, MP, 541491	IN
S1-007933	Ironwood Electricals Private Limited	Redwood Road, Surat, MP, 508201	India
S1-007934	Onyx Electricals Corporation	64 Vertex Avenue, Summit Park, Peoria, CA, 38530	US
S1-007935	Goldleaf Services Company	398 Redwood Drive, Opp. City Library, Lubbock	US
S1-007936	Falcon Foods Corporation	248 Ravenwood Avenue, Tacoma, AL	US
S1-007937	Northgate Meridian Solutions Limited	153 Maplecrest Marg, Brightpath NNagar, Jaipur	IN
S1-007938	Northgate Meridian Solutions Limited	Opp. Bus Depot, 275 Goldleaf Road, Ironwood Nagar, Jaipur, Gujarat	IN
S1-007939	Thistle Packaging Private Limited	Summit Nagar, Indore, 379 Ravenwood Mn	IN
S1-007940	Brightpath Fabrics Private Limited	235 Onyx Rd, Kestrel Nagar, Jaipur, Maharashtra, 775291	India
S1-007941	Bluepeak Foods Company	17 Falcon Rd, Austin, AL, 66678	USA
S1-007942	Bluepeak Foods Company	346 Orchid Rd, Thistle Park, Austin, IL	United States
S1-007943	Bluepeak Services Company	349 Ironwood Boulevard Maplecrest Park Mobile	USA
S1-007944	Cobalt Motors Company	188 Quarry Rd, Stonebridge Park, Lubbock, 84956	USA
S1-007945	Cobalt Motors Company	9 5Lantern Drive, Northgate Park, Lubbock, WA, 44567	United States
S1-007946	Harbor Services Corporation	177 Thistle St, Apex Park, Akron, 11280	US
S1-007947	Harbor Services Corporation	384 Falcon Street, Claerwater Park, Opp. City Library, Lubbock	USA
S1-007948	Meridian Packaging Limited Liability Company	335 Onyx Road, Near Exit 14, Austin	US
S1-007949	Vertex Silverline Systems Corporation	155 Harbor Ave, Thistle Park, Mobile, TX, 40069	USA
S1-007950	Clearwater Enterprises Corporation	77 Clearwater Drive, Fresno	United States
S1-007951	Vertex Apex Industries Limited Liability Company	65 Ironwood Boulevard, Quarry Par,k Fresno, TX, 86364	USA
S1-007952	Kestrel Consultancy Incorporated	311 Northgate Street, Brightpath Park, Austin, OH, 95984	USA
S1-007953	Apex Services Incorporated	335 Ironwood St, Quarry Park, Austin, 50505	USA
S1-007954	Stonebridge Goldleaf Fabrics Limited Liability Company	183 Quarry Blvd Ironwood Park Peoria IL	US
S1-007955	Redwood Silverline Trading Limited Liability Company	350 Apex Boulevard Bluepeak Park Mobile	US
S1-007956	Ironwood Packaging Private Limited	146 Maplecrest Crs, Kochi, 357819	India
S1-007957	Lantern Packaging Limited Liability Company	397 Sunstone Ave, Mobile, CA, 35463	United States
S1-007958	Stonebridge Northgate Motors Limited Liability Company	335 Onyx Dr, Harbor Park, Behind the Civic Center, Fresno	United States
S1-007959	Goldleaf Foods Private Limited	298 Juniper Cross, Nagpur, Rajsathan, 379674	IN
S1-007960	Ravenwood Ravenwood Enterprises Company	178 Orchid Drive, Thistle Park, Akron, WA	USA
S1-007961	Ironwood Ravenwood Consultancy Limited	345 Falcon Mn, Kestrel Nagar, Coimbatore, Kerala	India
S1-007962	Meridian Motors Private Limited	200 Sunstone Cross Meridian Nagra Pune	India
S1-007963	Harbor Maplecrest Chemicals Limited Liability Company	Goldleaf Street Behind the Civic Center Akron AL 75204	US
S1-007964	Harbor Maplecrest Chemicals Limited Liability Company	168 Goldleaf  Road, Thistle Park, Mobile, 91954	United States
S1-007965	Lantern Solutions Limited Liability Company	345 Vertex Blvd, Meridian Park, Tacoma, IL, 23497	US
S1-007966	Orchid Industries Private Limited	82 Juniper Marg, Jaipurr, 456624	India
S1-007967	Orchid Industries Private Limited	303 Juniper Marg, Kestrel Nagar, Nagpur, 184324	India
S1-007968	Stonebridge Orchid Fabrics Company	130 Sunstone Avenue, Lantern Park, Mobile, IL, 21382	United States
S1-007969	Lantern Trading Limited	335 Cobalt Street, Summit Nagar, Near Metro Pillar 42, Kochi, Kerala	IN
S1-007970	Apex Packaging Private Limited	144 Apex Mn, Harbor Nagar, Jaipur, Kerala	IN
S1-007971	Stonebridge Sunstone Consultancy Private Limited	Opp. Bus Depot, 250 Silverline Main, Orchid Nagar, Surat, Maharashtra	IN
S1-007972	Silverline Northgate Trading Limited	Sunstone Street, Quarry Nagar, Coimbatore, Maharashtra, 516224	IN
S1-007973	Falcon Electricals Limited Liability Company	46 Meridian Boulevard, Clearwater Park, Austin, TX	US
S1-007974	Vertex Chemicals Company	109 Cobalt Blvd, Bluepeak Park, Akron, OH, 53807	United States
S1-007975	Vertex Chemicals Company	Cobalt Dr, Brightpath Park, Akron, OH	United States
S1-007976	Northgate Solutions Limited Liability Company	4 Clearwater Road, Falcon Park, Akron, TX	United States
S1-007977	Sunstone Services Private Limited	Behind Ganesh Temple, 209 Brightpath Rd, Brightpath Nagar, Pune, Tamil Nadu	IN
S1-007978	Summit Logistics Private Limited	86 Goldleaf Crs, Sunstone Nagar, Nagpur, 966763	India
S1-007979	Clearwater Textiles Limited	35/11 Falcon Mn, Cobalt Nagar, Surat, Gujarat, 894044	IN
S1-007980	Clearwater Textiles Limited	Silverline Marg, Harbor Nagar, Behind Ganesh Temple, Surat	India
S1-007981	Falcon Northgate Logistics Limited Liability Company	294 Onyx Street, Onyx Park, Peoria, OH, 28318	USA
S1-007982	Kestrel Electricals Company	Opp. City Library, 194 Brightpath Street, Summit Park, Akron, TX, 86820	USA
S1-007983	Bluepeak Electricals Private Limited	112 Lantern Mrg, Orchid Nagar, Indore, Tamil Nadu, 746658	India
S1-007984	Bluepeak Electricals Private Limited	89 Falcon Marg, Indore, MP	IN
S1-007985	Maplecrest Textiles Limited	386 Maplecrest Cross, Vertex Nagar, Indore, Maharashtra, 349091	IN
S1-007986	Orchid Silverline Motors Private Limited	153 Falcon Road, Orchid Nagar, Behind Ganesh Temple, Indore, Tamil Nadu	India
S1-007987	Kestrel Textiles Incorporated	129 Vertex Blvd, Peoria, IL ,19189	USA
S1-007988	Maplecrest Enterprises Corporation	177 Vertex Rd, Mobile, 37460	US
S1-007989	Maplecrest Enterprises Corporation	47 Quarry Road Maplecrest Park Austin	US
S1-007990	Lantern Textiles Limited	87 Orchid Crs, Stonebridge Nagar, Indore, Gujarat, 697797	IN
S1-007991	Lantern Textiles Limited	Redwood Nagar, Opp. Bus Depot, Indore, Tamil Nadu, 800459, 46 Summit Road	India
S1-007992	Clearwater Quarry Solutions Incorporated	396 Summit Boulevard, Falcon Park, Akron, OH, 28034	USA
S1-007993	Summit Industries Private Limited	Behind Ganesh Temple, 307 Goldleaf Rd, Brightpath Nagar, Nagpur, Gujarat	IN
S1-007994	Kestrel Enterprises Limited	33 Ironwood St, Brightpath Nagar, Near SBI ATM, Coimbatore, MP, 874102	India
S1-007995	Thistle Apex Motors Private Limited	352 Lantern Road, Near Metro Pillar 42, Ravenwood Nagar, Jaipur	IN
S1-007996	Bluepeak Industries Limited	12 Stonebridge Main, Falcon Nagar, Pune, Tamil Nadu	India
S1-007997	Lantern Maplecrest Enterprises Private Limited	184 Sunstone Marg, Kestrel Nagar, Nagpur, Tamil Nadu, 503913	IN
S1-007998	Lantern Maplecrest Enterprises Private Limited	142 Summit Mn, Near Metro Pillar 42, Apex Nagar, Nagpur, Tamil Nadu, 815526	IN
S1-007999	Summit Northgate Electricals Private Limited	Northgate Marg, Goldleaf Nagar, Kerala, Surat	IN
